Kinase,GeneName,Model,Actual,Predicted
O00418,EEF2K,RandomForest,-6.19963579416328,-0.9975737956382676
O00418,EEF2K,RandomForest,-4.67319342880613,-0.09519968070437654
O00418,EEF2K,RandomForest,0.4434476496050184,0.2978528138842741
O00418,EEF2K,RandomForest,-0.2631477261514258,0.09936514075602412
O00418,EEF2K,RandomForest,-0.3258917436061675,0.496344034863753
O00418,EEF2K,RandomForest,-1.80203960063057,0.25416567006033935
O00418,EEF2K,RandomForest,-1.00978959835606,-0.1076077758062363
O00418,EEF2K,RandomForest,3.4029872498158085,1.7848372873350675
O00418,EEF2K,RandomForest,4.664047947659815,2.3641378461490548
O00418,EEF2K,RandomForest,-0.2159688152856211,2.0778240212721037
O00418,EEF2K,RandomForest,-0.7639064914855568,0.006956957433034473
O00418,EEF2K,RandomForest,0.634543955493236,0.03387029316259388
O00418,EEF2K,RandomForest,7.4535110153187025,2.9596975133167525
O00418,EEF2K,RandomForest,-0.3959779576605783,-0.1958387858316941
O00418,EEF2K,RandomForest,-1.7923513505238442,-1.1350317182510974
O00418,EEF2K,RandomForest,3.216911861754783,1.118513472523887
O00418,EEF2K,RandomForest,3.804864427303851,2.9017551855285557
O00418,EEF2K,RandomForest,-0.6189354230702951,-0.3432676271479066
O00418,EEF2K,RandomForest,-0.6609772009548968,2.2080679570413575
O00418,EEF2K,XGBoost,-6.19963579416328,-1.4324836730957031
O00418,EEF2K,XGBoost,-4.67319342880613,-0.27246609330177307
O00418,EEF2K,XGBoost,0.4434476496050184,0.41146358847618103
O00418,EEF2K,XGBoost,-0.2631477261514258,0.28580906987190247
O00418,EEF2K,XGBoost,-0.3258917436061675,1.4894359111785889
O00418,EEF2K,XGBoost,-1.80203960063057,1.0269052982330322
O00418,EEF2K,XGBoost,-1.00978959835606,-0.5353638529777527
O00418,EEF2K,XGBoost,3.4029872498158085,0.5992329716682434
O00418,EEF2K,XGBoost,4.664047947659815,1.5820447206497192
O00418,EEF2K,XGBoost,-0.2159688152856211,2.597412109375
O00418,EEF2K,XGBoost,-0.7639064914855568,0.1874285489320755
O00418,EEF2K,XGBoost,0.634543955493236,-0.2622467279434204
O00418,EEF2K,XGBoost,7.4535110153187025,4.4489850997924805
O00418,EEF2K,XGBoost,-0.3959779576605783,-0.11737144738435745
O00418,EEF2K,XGBoost,-1.7923513505238442,-1.2214012145996094
O00418,EEF2K,XGBoost,3.216911861754783,1.2391486167907715
O00418,EEF2K,XGBoost,3.804864427303851,3.87546706199646
O00418,EEF2K,XGBoost,-0.6189354230702951,-0.12349162250757217
O00418,EEF2K,XGBoost,-0.6609772009548968,2.00091552734375
O00418,EEF2K,PLS,-6.19963579416328,-0.07615811557034957
O00418,EEF2K,PLS,-4.67319342880613,0.5643736136987845
O00418,EEF2K,PLS,0.4434476496050184,0.48275138639969595
O00418,EEF2K,PLS,-0.2631477261514258,-0.7182202762748328
O00418,EEF2K,PLS,-0.3258917436061675,0.21221926259860474
O00418,EEF2K,PLS,-1.80203960063057,0.998695421308826
O00418,EEF2K,PLS,-1.00978959835606,0.10752500416565974
O00418,EEF2K,PLS,3.4029872498158085,0.9641407391119393
O00418,EEF2K,PLS,4.664047947659815,1.286892153968588
O00418,EEF2K,PLS,-0.2159688152856211,1.4922605882371682
O00418,EEF2K,PLS,-0.7639064914855568,0.6131974542672582
O00418,EEF2K,PLS,0.634543955493236,0.6986275192867744
O00418,EEF2K,PLS,7.4535110153187025,1.367695736432219
O00418,EEF2K,PLS,-0.3959779576605783,0.48535320795686354
O00418,EEF2K,PLS,-1.7923513505238442,0.25614177188583986
O00418,EEF2K,PLS,3.216911861754783,0.8533619113758109
O00418,EEF2K,PLS,3.804864427303851,1.2234077052500403
O00418,EEF2K,PLS,-0.6189354230702951,-0.11616296448593888
O00418,EEF2K,PLS,-0.6609772009548968,-0.4163259147458367
O00418,EEF2K,SVR,-6.19963579416328,-0.003525419657750606
O00418,EEF2K,SVR,-4.67319342880613,0.4665093853508642
O00418,EEF2K,SVR,0.4434476496050184,0.4940507675854871
O00418,EEF2K,SVR,-0.2631477261514258,-0.3565048819058198
O00418,EEF2K,SVR,-0.3258917436061675,0.2207261894602227
O00418,EEF2K,SVR,-1.80203960063057,0.8238092679500826
O00418,EEF2K,SVR,-1.00978959835606,-0.07783821470408131
O00418,EEF2K,SVR,3.4029872498158085,0.8205108188358803
O00418,EEF2K,SVR,4.664047947659815,1.0529827147751298
O00418,EEF2K,SVR,-0.2159688152856211,1.1562646887843198
O00418,EEF2K,SVR,-0.7639064914855568,0.5438867722406668
O00418,EEF2K,SVR,0.634543955493236,0.6555226667989487
O00418,EEF2K,SVR,7.4535110153187025,1.1157239643358967
O00418,EEF2K,SVR,-0.3959779576605783,0.43053443440076516
O00418,EEF2K,SVR,-1.7923513505238442,0.22051791281137523
O00418,EEF2K,SVR,3.216911861754783,0.7215940557264395
O00418,EEF2K,SVR,3.804864427303851,1.0013430821410212
O00418,EEF2K,SVR,-0.6189354230702951,0.009496899940995063
O00418,EEF2K,SVR,-0.6609772009548968,-0.26227814609664096
O00418,EEF2K,Lasso,-6.19963579416328,0.1070353664364253
O00418,EEF2K,Lasso,-4.67319342880613,0.5734639091700983
O00418,EEF2K,Lasso,0.4434476496050184,0.5374729619831581
O00418,EEF2K,Lasso,-0.2631477261514258,-0.3302756482548346
O00418,EEF2K,Lasso,-0.3258917436061675,0.3340838381048107
O00418,EEF2K,Lasso,-1.80203960063057,0.8736284572642157
O00418,EEF2K,Lasso,-1.00978959835606,0.10645324354058439
O00418,EEF2K,Lasso,3.4029872498158085,0.9122336717421187
O00418,EEF2K,Lasso,4.664047947659815,1.1291436838141404
O00418,EEF2K,Lasso,-0.2159688152856211,1.236536295642691
O00418,EEF2K,Lasso,-0.7639064914855568,0.6512127363136067
O00418,EEF2K,Lasso,0.634543955493236,0.7786870053435292
O00418,EEF2K,Lasso,7.4535110153187025,1.1989596368358906
O00418,EEF2K,Lasso,-0.3959779576605783,0.5724883436164021
O00418,EEF2K,Lasso,-1.7923513505238442,0.2798657273738808
O00418,EEF2K,Lasso,3.216911861754783,0.838560498102952
O00418,EEF2K,Lasso,3.804864427303851,1.0962429873703217
O00418,EEF2K,Lasso,-0.6189354230702951,0.19043717345581274
O00418,EEF2K,Lasso,-0.6609772009548968,-0.29169334763378696
O00418,EEF2K,ElasticNet,-6.19963579416328,0.04113662673715468
O00418,EEF2K,ElasticNet,-4.67319342880613,0.5586844248668199
O00418,EEF2K,ElasticNet,0.4434476496050184,0.5142423692426298
O00418,EEF2K,ElasticNet,-0.2631477261514258,-0.46177855902881304
O00418,EEF2K,ElasticNet,-0.3258917436061675,0.2868575788387676
O00418,EEF2K,ElasticNet,-1.80203960063057,0.9138955116467116
O00418,EEF2K,ElasticNet,-1.00978959835606,0.08798505658356981
O00418,EEF2K,ElasticNet,3.4029872498158085,0.925463800554956
O00418,EEF2K,ElasticNet,4.664047947659815,1.1778613053288431
O00418,EEF2K,ElasticNet,-0.2159688152856211,1.3251233089912229
O00418,EEF2K,ElasticNet,-0.7639064914855568,0.6260858615107936
O00418,EEF2K,ElasticNet,0.634543955493236,0.7289733463533703
O00418,EEF2K,ElasticNet,7.4535110153187025,1.2520419578396094
O00418,EEF2K,ElasticNet,-0.3959779576605783,0.5249051682540747
O00418,EEF2K,ElasticNet,-1.7923513505238442,0.27466065352300256
O00418,EEF2K,ElasticNet,3.216911861754783,0.8347918741581954
O00418,EEF2K,ElasticNet,3.804864427303851,1.1327913259121174
O00418,EEF2K,ElasticNet,-0.6189354230702951,0.06470862755592927
O00418,EEF2K,ElasticNet,-0.6609772009548968,-0.3014505675455432
O00418,EEF2K,GradientBoosting,-6.19963579416328,-1.2593142454521409
O00418,EEF2K,GradientBoosting,-4.67319342880613,-0.5720435760144471
O00418,EEF2K,GradientBoosting,0.4434476496050184,0.397823187093251
O00418,EEF2K,GradientBoosting,-0.2631477261514258,0.10718747831055708
O00418,EEF2K,GradientBoosting,-0.3258917436061675,1.0682412432681707
O00418,EEF2K,GradientBoosting,-1.80203960063057,0.11382019772273766
O00418,EEF2K,GradientBoosting,-1.00978959835606,0.002900311650527099
O00418,EEF2K,GradientBoosting,3.4029872498158085,1.4000433856079084
O00418,EEF2K,GradientBoosting,4.664047947659815,3.6423829655796007
O00418,EEF2K,GradientBoosting,-0.2159688152856211,1.9299821574294929
O00418,EEF2K,GradientBoosting,-0.7639064914855568,0.3259674819586406
O00418,EEF2K,GradientBoosting,0.634543955493236,-1.1257110821055174
O00418,EEF2K,GradientBoosting,7.4535110153187025,3.001853501428689
O00418,EEF2K,GradientBoosting,-0.3959779576605783,0.3170397320538619
O00418,EEF2K,GradientBoosting,-1.7923513505238442,-0.9266144204675169
O00418,EEF2K,GradientBoosting,3.216911861754783,1.3992289979464725
O00418,EEF2K,GradientBoosting,3.804864427303851,3.0287613269736218
O00418,EEF2K,GradientBoosting,-0.6189354230702951,0.1564080785161858
O00418,EEF2K,GradientBoosting,-0.6609772009548968,1.5440568159459034
O00418,EEF2K,MLP,-6.19963579416328,-0.12842108384117956
O00418,EEF2K,MLP,-4.67319342880613,0.24878006652533946
O00418,EEF2K,MLP,0.4434476496050184,0.4189239809370757
O00418,EEF2K,MLP,-0.2631477261514258,0.15486511786817736
O00418,EEF2K,MLP,-0.3258917436061675,0.4066182680142587
O00418,EEF2K,MLP,-1.80203960063057,0.4860730325078243
O00418,EEF2K,MLP,-1.00978959835606,0.3076437755371074
O00418,EEF2K,MLP,3.4029872498158085,2.202170613503728
O00418,EEF2K,MLP,4.664047947659815,2.113829754888488
O00418,EEF2K,MLP,-0.2159688152856211,3.2278261358345195
O00418,EEF2K,MLP,-0.7639064914855568,0.12241654104584809
O00418,EEF2K,MLP,0.634543955493236,-0.3542311417544945
O00418,EEF2K,MLP,7.4535110153187025,2.9120285884541093
O00418,EEF2K,MLP,-0.3959779576605783,-0.1328478813457583
O00418,EEF2K,MLP,-1.7923513505238442,-0.38783087170668173
O00418,EEF2K,MLP,3.216911861754783,1.8130929193213667
O00418,EEF2K,MLP,3.804864427303851,2.4362239204984903
O00418,EEF2K,MLP,-0.6189354230702951,-0.4324955335258298
O00418,EEF2K,MLP,-0.6609772009548968,1.0532986623317773
O14578,CIT,RandomForest,0.4411129549122385,0.46003643967948343
O14578,CIT,RandomForest,-0.8078551195149356,-0.25717087720264314
O14578,CIT,RandomForest,1.2462702805238215,0.37534572199110827
O14578,CIT,RandomForest,-0.2564773359753008,-0.06710193756028594
O14578,CIT,RandomForest,0.7638119755850151,0.22012468734111085
O14578,CIT,RandomForest,-0.3935530432577364,0.13536041403700047
O14578,CIT,RandomForest,-0.7659266265809068,-0.17340359322951046
O14578,CIT,RandomForest,-0.4696489773997189,-0.22807950135053126
O14578,CIT,RandomForest,-0.906813541718485,0.14880226641343
O14578,CIT,RandomForest,0.8777279811180628,-0.038797353917177285
O14578,CIT,RandomForest,0.1388931365860055,0.5161678560079906
O14578,CIT,RandomForest,1.4525872938014237,0.6868497080253101
O14578,CIT,RandomForest,-0.1868852934678272,0.47369029316173406
O14578,CIT,RandomForest,0.164651370778059,0.14516342720759406
O14578,CIT,RandomForest,-1.2335278582707578,0.21518937253234813
O14578,CIT,RandomForest,-1.1595511107563832,-0.39136331058283397
O14578,CIT,RandomForest,-1.0670073247655512,0.0034154816768214983
O14578,CIT,RandomForest,-0.2265128412978275,0.11166656295763014
O14578,CIT,RandomForest,0.7783580861296043,0.2054823752246131
O14578,CIT,XGBoost,0.4411129549122385,0.5589362382888794
O14578,CIT,XGBoost,-0.8078551195149356,-0.05941404402256012
O14578,CIT,XGBoost,1.2462702805238215,0.1285668909549713
O14578,CIT,XGBoost,-0.2564773359753008,-0.38730213046073914
O14578,CIT,XGBoost,0.7638119755850151,0.2670309543609619
O14578,CIT,XGBoost,-0.3935530432577364,-0.11218240112066269
O14578,CIT,XGBoost,-0.7659266265809068,-0.43489980697631836
O14578,CIT,XGBoost,-0.4696489773997189,-0.46972519159317017
O14578,CIT,XGBoost,-0.906813541718485,-0.2686481177806854
O14578,CIT,XGBoost,0.8777279811180628,0.14052021503448486
O14578,CIT,XGBoost,0.1388931365860055,0.5176612734794617
O14578,CIT,XGBoost,1.4525872938014237,0.8906405568122864
O14578,CIT,XGBoost,-0.1868852934678272,1.1186293363571167
O14578,CIT,XGBoost,0.164651370778059,0.009345872327685356
O14578,CIT,XGBoost,-1.2335278582707578,-0.041358496993780136
O14578,CIT,XGBoost,-1.1595511107563832,-1.0455902814865112
O14578,CIT,XGBoost,-1.0670073247655512,-0.6095357537269592
O14578,CIT,XGBoost,-0.2265128412978275,-0.010836574248969555
O14578,CIT,XGBoost,0.7783580861296043,0.24288751184940338
O14578,CIT,PLS,0.4411129549122385,0.023360437160088787
O14578,CIT,PLS,-0.8078551195149356,0.08748419266517682
O14578,CIT,PLS,1.2462702805238215,0.8141667226755618
O14578,CIT,PLS,-0.2564773359753008,0.27727750512488014
O14578,CIT,PLS,0.7638119755850151,0.2781277572036699
O14578,CIT,PLS,-0.3935530432577364,0.2006196968338786
O14578,CIT,PLS,-0.7659266265809068,0.0797252773822988
O14578,CIT,PLS,-0.4696489773997189,-0.5199360937025379
O14578,CIT,PLS,-0.906813541718485,0.06522645107166683
O14578,CIT,PLS,0.8777279811180628,-0.14652365682523377
O14578,CIT,PLS,0.1388931365860055,0.11450636084170575
O14578,CIT,PLS,1.4525872938014237,0.6574204896894956
O14578,CIT,PLS,-0.1868852934678272,0.2393057877344765
O14578,CIT,PLS,0.164651370778059,0.3948660977541537
O14578,CIT,PLS,-1.2335278582707578,0.284488387151994
O14578,CIT,PLS,-1.1595511107563832,0.042422725166086084
O14578,CIT,PLS,-1.0670073247655512,0.3242249297328913
O14578,CIT,PLS,-0.2265128412978275,0.28725078037576735
O14578,CIT,PLS,0.7783580861296043,0.40397817425995497
O14578,CIT,SVR,0.4411129549122385,0.059407153376543925
O14578,CIT,SVR,-0.8078551195149356,0.14241138215307567
O14578,CIT,SVR,1.2462702805238215,0.7505445881880234
O14578,CIT,SVR,-0.2564773359753008,0.22259789051555276
O14578,CIT,SVR,0.7638119755850151,0.35432834590672435
O14578,CIT,SVR,-0.3935530432577364,0.1914979057235523
O14578,CIT,SVR,-0.7659266265809068,0.19659685484612097
O14578,CIT,SVR,-0.4696489773997189,-0.17834383123539735
O14578,CIT,SVR,-0.906813541718485,0.282984636723262
O14578,CIT,SVR,0.8777279811180628,0.012438965592827395
O14578,CIT,SVR,0.1388931365860055,0.13076793083082247
O14578,CIT,SVR,1.4525872938014237,0.7016776291135391
O14578,CIT,SVR,-0.1868852934678272,0.2427437015236182
O14578,CIT,SVR,0.164651370778059,0.30106971367000934
O14578,CIT,SVR,-1.2335278582707578,0.29534614923509706
O14578,CIT,SVR,-1.1595511107563832,0.22311875202673812
O14578,CIT,SVR,-1.0670073247655512,0.39232534618941706
O14578,CIT,SVR,-0.2265128412978275,0.3691250295261992
O14578,CIT,SVR,0.7783580861296043,0.2741784726490143
O14578,CIT,Lasso,0.4411129549122385,0.16861501023590325
O14578,CIT,Lasso,-0.8078551195149356,0.18864150394526932
O14578,CIT,Lasso,1.2462702805238215,0.23120594176188686
O14578,CIT,Lasso,-0.2564773359753008,0.17973236094522252
O14578,CIT,Lasso,0.7638119755850151,0.1898584372795934
O14578,CIT,Lasso,-0.3935530432577364,0.18373626426423212
O14578,CIT,Lasso,-0.7659266265809068,0.1865890435479182
O14578,CIT,Lasso,-0.4696489773997189,0.1593579586147746
O14578,CIT,Lasso,-0.906813541718485,0.19405363490976735
O14578,CIT,Lasso,0.8777279811180628,0.18521435664410985
O14578,CIT,Lasso,0.1388931365860055,0.17694180241477925
O14578,CIT,Lasso,1.4525872938014237,0.2171977903497717
O14578,CIT,Lasso,-0.1868852934678272,0.19047806517108914
O14578,CIT,Lasso,0.164651370778059,0.19185499921362179
O14578,CIT,Lasso,-1.2335278582707578,0.18346078038961552
O14578,CIT,Lasso,-1.1595511107563832,0.18911833401037556
O14578,CIT,Lasso,-1.0670073247655512,0.20090896789537038
O14578,CIT,Lasso,-0.2265128412978275,0.15795447190749354
O14578,CIT,Lasso,0.7783580861296043,0.17077024829129003
O14578,CIT,ElasticNet,0.4411129549122385,0.1050346102066596
O14578,CIT,ElasticNet,-0.8078551195149356,0.1806194404183879
O14578,CIT,ElasticNet,1.2462702805238215,0.4293094003726883
O14578,CIT,ElasticNet,-0.2564773359753008,0.20586197201876108
O14578,CIT,ElasticNet,0.7638119755850151,0.2304620472602272
O14578,CIT,ElasticNet,-0.3935530432577364,0.2135682949607043
O14578,CIT,ElasticNet,-0.7659266265809068,0.13346823887658996
O14578,CIT,ElasticNet,-0.4696489773997189,-0.11566261591647303
O14578,CIT,ElasticNet,-0.906813541718485,0.11906407742444791
O14578,CIT,ElasticNet,0.8777279811180628,0.05982896933100537
O14578,CIT,ElasticNet,0.1388931365860055,0.16064988415274264
O14578,CIT,ElasticNet,1.4525872938014237,0.3450667395085736
O14578,CIT,ElasticNet,-0.1868852934678272,0.20849069620313243
O14578,CIT,ElasticNet,0.164651370778059,0.27613336814710115
O14578,CIT,ElasticNet,-1.2335278582707578,0.22515680868201216
O14578,CIT,ElasticNet,-1.1595511107563832,0.11942979656201202
O14578,CIT,ElasticNet,-1.0670073247655512,0.22727428101941338
O14578,CIT,ElasticNet,-0.2265128412978275,0.09646804485810087
O14578,CIT,ElasticNet,0.7783580861296043,0.22909223218635044
O14578,CIT,GradientBoosting,0.4411129549122385,0.5127011600668941
O14578,CIT,GradientBoosting,-0.8078551195149356,-0.6060806215711654
O14578,CIT,GradientBoosting,1.2462702805238215,0.43439034709265595
O14578,CIT,GradientBoosting,-0.2564773359753008,-0.31540689060071164
O14578,CIT,GradientBoosting,0.7638119755850151,0.14202528127138975
O14578,CIT,GradientBoosting,-0.3935530432577364,0.06718426701266351
O14578,CIT,GradientBoosting,-0.7659266265809068,-0.31732103390307387
O14578,CIT,GradientBoosting,-0.4696489773997189,-0.10402270388612772
O14578,CIT,GradientBoosting,-0.906813541718485,0.07964712802869961
O14578,CIT,GradientBoosting,0.8777279811180628,0.1458362892521681
O14578,CIT,GradientBoosting,0.1388931365860055,0.7130237274568453
O14578,CIT,GradientBoosting,1.4525872938014237,1.049883751297334
O14578,CIT,GradientBoosting,-0.1868852934678272,0.6428825107240297
O14578,CIT,GradientBoosting,0.164651370778059,0.27815544577013934
O14578,CIT,GradientBoosting,-1.2335278582707578,0.03130506494403943
O14578,CIT,GradientBoosting,-1.1595511107563832,-0.8811827280341166
O14578,CIT,GradientBoosting,-1.0670073247655512,-0.3412665049185954
O14578,CIT,GradientBoosting,-0.2265128412978275,-0.04615428628058097
O14578,CIT,GradientBoosting,0.7783580861296043,-0.035805339313503486
O14578,CIT,MLP,0.4411129549122385,-0.11766280712274602
O14578,CIT,MLP,-0.8078551195149356,0.009419754652849721
O14578,CIT,MLP,1.2462702805238215,0.650266596773464
O14578,CIT,MLP,-0.2564773359753008,-0.18134902180376145
O14578,CIT,MLP,0.7638119755850151,0.650266596773464
O14578,CIT,MLP,-0.3935530432577364,0.650266596773464
O14578,CIT,MLP,-0.7659266265809068,-0.043972940476371014
O14578,CIT,MLP,-0.4696489773997189,-2.0441581720895767
O14578,CIT,MLP,-0.906813541718485,-0.36290704255997164
O14578,CIT,MLP,0.8777279811180628,-0.4011657447945909
O14578,CIT,MLP,0.1388931365860055,0.3648526946822404
O14578,CIT,MLP,1.4525872938014237,0.8683221343497967
O14578,CIT,MLP,-0.1868852934678272,0.5070873280113167
O14578,CIT,MLP,0.164651370778059,0.9011874865149525
O14578,CIT,MLP,-1.2335278582707578,0.7625764546536516
O14578,CIT,MLP,-1.1595511107563832,-0.394028361339801
O14578,CIT,MLP,-1.0670073247655512,0.5094216168118084
O14578,CIT,MLP,-0.2265128412978275,-0.021771193890154805
O14578,CIT,MLP,0.7783580861296043,0.631302254109261
O15075,DCLK1,RandomForest,0.7110961373601978,0.41008066605157883
O15075,DCLK1,RandomForest,-0.5557025623054956,-0.5696132467958546
O15075,DCLK1,RandomForest,2.965152272006618,2.4683857272994
O15075,DCLK1,RandomForest,3.983460540041732,3.0322391212759148
O15075,DCLK1,RandomForest,-2.1494791257853665,-0.7501381524979728
O15075,DCLK1,RandomForest,0.0139888779903414,-0.5382202337776839
O15075,DCLK1,RandomForest,2.8984885883750424,-0.3035618504334654
O15075,DCLK1,RandomForest,0.7235106737927355,0.7042637228039008
O15075,DCLK1,RandomForest,0.340748215837731,0.4258577954125213
O15075,DCLK1,RandomForest,3.048289168290905,2.9400994368472446
O15075,DCLK1,RandomForest,0.8760453005434601,-0.40670222867683625
O15075,DCLK1,RandomForest,1.6198514070223593,0.8171071847718955
O15075,DCLK1,RandomForest,1.0259260462459805,-0.6271215533849169
O15075,DCLK1,RandomForest,-0.473148021859241,-0.44865324727382855
O15075,DCLK1,RandomForest,0.9749329908146692,0.5938759242482714
O15075,DCLK1,RandomForest,0.8520035634533556,0.47760782270827207
O15075,DCLK1,RandomForest,1.2082251971352955,0.12549186809467908
O15075,DCLK1,RandomForest,0.4902966406681397,-0.2570464410587943
O15075,DCLK1,RandomForest,1.79818316542094,1.0023699258481542
O15075,DCLK1,XGBoost,0.7110961373601978,0.5823851823806763
O15075,DCLK1,XGBoost,-0.5557025623054956,-0.6835143566131592
O15075,DCLK1,XGBoost,2.965152272006618,2.690028190612793
O15075,DCLK1,XGBoost,3.983460540041732,2.373586654663086
O15075,DCLK1,XGBoost,-2.1494791257853665,-1.0254888534545898
O15075,DCLK1,XGBoost,0.0139888779903414,-0.5504311919212341
O15075,DCLK1,XGBoost,2.8984885883750424,0.22763590514659882
O15075,DCLK1,XGBoost,0.7235106737927355,1.331059455871582
O15075,DCLK1,XGBoost,0.340748215837731,0.6659393310546875
O15075,DCLK1,XGBoost,3.048289168290905,2.159576892852783
O15075,DCLK1,XGBoost,0.8760453005434601,-1.5350245237350464
O15075,DCLK1,XGBoost,1.6198514070223593,2.9694013595581055
O15075,DCLK1,XGBoost,1.0259260462459805,-1.6062818765640259
O15075,DCLK1,XGBoost,-0.473148021859241,-0.9374557733535767
O15075,DCLK1,XGBoost,0.9749329908146692,0.5871662497520447
O15075,DCLK1,XGBoost,0.8520035634533556,0.8742948174476624
O15075,DCLK1,XGBoost,1.2082251971352955,0.07006581127643585
O15075,DCLK1,XGBoost,0.4902966406681397,-0.04177003353834152
O15075,DCLK1,XGBoost,1.79818316542094,2.2661662101745605
O15075,DCLK1,PLS,0.7110961373601978,0.8427365066769067
O15075,DCLK1,PLS,-0.5557025623054956,-0.5769290008837653
O15075,DCLK1,PLS,2.965152272006618,1.8074211476140147
O15075,DCLK1,PLS,3.983460540041732,1.3900965431604118
O15075,DCLK1,PLS,-2.1494791257853665,-0.2638804251388416
O15075,DCLK1,PLS,0.0139888779903414,-0.33006974224839003
O15075,DCLK1,PLS,2.8984885883750424,-0.12505250319131667
O15075,DCLK1,PLS,0.7235106737927355,0.5841271596863045
O15075,DCLK1,PLS,0.340748215837731,0.726178638852302
O15075,DCLK1,PLS,3.048289168290905,1.9277973051604242
O15075,DCLK1,PLS,0.8760453005434601,-0.77664328530726
O15075,DCLK1,PLS,1.6198514070223593,1.9343961242826766
O15075,DCLK1,PLS,1.0259260462459805,0.4263362356122295
O15075,DCLK1,PLS,-0.473148021859241,-0.5603441235352107
O15075,DCLK1,PLS,0.9749329908146692,0.03050407915434661
O15075,DCLK1,PLS,0.8520035634533556,0.8053825960123504
O15075,DCLK1,PLS,1.2082251971352955,-0.6526188904063075
O15075,DCLK1,PLS,0.4902966406681397,0.15101476074343495
O15075,DCLK1,PLS,1.79818316542094,1.036017471832323
O15075,DCLK1,SVR,0.7110961373601978,0.646474632119725
O15075,DCLK1,SVR,-0.5557025623054956,-0.9365364831105274
O15075,DCLK1,SVR,2.965152272006618,1.8982708013759098
O15075,DCLK1,SVR,3.983460540041732,1.2338441114124132
O15075,DCLK1,SVR,-2.1494791257853665,0.2612437630886313
O15075,DCLK1,SVR,0.0139888779903414,-0.4153918681854373
O15075,DCLK1,SVR,2.8984885883750424,-0.6361505281871058
O15075,DCLK1,SVR,0.7235106737927355,0.7132928002822658
O15075,DCLK1,SVR,0.340748215837731,0.7842843007541322
O15075,DCLK1,SVR,3.048289168290905,1.4360844483525386
O15075,DCLK1,SVR,0.8760453005434601,-0.5306804788606234
O15075,DCLK1,SVR,1.6198514070223593,1.6915127802657692
O15075,DCLK1,SVR,1.0259260462459805,0.46988523806636895
O15075,DCLK1,SVR,-0.473148021859241,-0.8488453800016833
O15075,DCLK1,SVR,0.9749329908146692,0.31571561269840265
O15075,DCLK1,SVR,0.8520035634533556,0.7547972857549219
O15075,DCLK1,SVR,1.2082251971352955,-0.5677542390152925
O15075,DCLK1,SVR,0.4902966406681397,-0.4036451380351549
O15075,DCLK1,SVR,1.79818316542094,1.2686682424180054
O15075,DCLK1,Lasso,0.7110961373601978,0.7094751447656114
O15075,DCLK1,Lasso,-0.5557025623054956,-0.6138598626040572
O15075,DCLK1,Lasso,2.965152272006618,1.839666782765888
O15075,DCLK1,Lasso,3.983460540041732,1.3924590966538937
O15075,DCLK1,Lasso,-2.1494791257853665,0.04255380383092089
O15075,DCLK1,Lasso,0.0139888779903414,-0.47216730189097045
O15075,DCLK1,Lasso,2.8984885883750424,-0.0870155978491518
O15075,DCLK1,Lasso,0.7235106737927355,0.5122176109290965
O15075,DCLK1,Lasso,0.340748215837731,0.8976797666666514
O15075,DCLK1,Lasso,3.048289168290905,1.7033017258895
O15075,DCLK1,Lasso,0.8760453005434601,-0.45579526436942164
O15075,DCLK1,Lasso,1.6198514070223593,1.4166691470871342
O15075,DCLK1,Lasso,1.0259260462459805,0.41207666585547353
O15075,DCLK1,Lasso,-0.473148021859241,-0.7123248295678242
O15075,DCLK1,Lasso,0.9749329908146692,0.5766865820149052
O15075,DCLK1,Lasso,0.8520035634533556,0.7275903457880692
O15075,DCLK1,Lasso,1.2082251971352955,-0.04732723474988132
O15075,DCLK1,Lasso,0.4902966406681397,0.11268934959311211
O15075,DCLK1,Lasso,1.79818316542094,1.0870795367385693
O15075,DCLK1,ElasticNet,0.7110961373601978,0.6973261712578227
O15075,DCLK1,ElasticNet,-0.5557025623054956,-0.466465757737451
O15075,DCLK1,ElasticNet,2.965152272006618,1.716844815399169
O15075,DCLK1,ElasticNet,3.983460540041732,1.3453867827466697
O15075,DCLK1,ElasticNet,-2.1494791257853665,-0.1719313123182178
O15075,DCLK1,ElasticNet,0.0139888779903414,-0.34320129131919963
O15075,DCLK1,ElasticNet,2.8984885883750424,0.10374068918633589
O15075,DCLK1,ElasticNet,0.7235106737927355,0.536831703513986
O15075,DCLK1,ElasticNet,0.340748215837731,0.9281308321361286
O15075,DCLK1,ElasticNet,3.048289168290905,1.8602716636300536
O15075,DCLK1,ElasticNet,0.8760453005434601,-0.5464292509580594
O15075,DCLK1,ElasticNet,1.6198514070223593,1.565978530932012
O15075,DCLK1,ElasticNet,1.0259260462459805,0.3594968310346017
O15075,DCLK1,ElasticNet,-0.473148021859241,-0.4936719884449011
O15075,DCLK1,ElasticNet,0.9749329908146692,0.4537127897886138
O15075,DCLK1,ElasticNet,0.8520035634533556,0.8000165368262471
O15075,DCLK1,ElasticNet,1.2082251971352955,-0.2196385160361659
O15075,DCLK1,ElasticNet,0.4902966406681397,0.21142647781186102
O15075,DCLK1,ElasticNet,1.79818316542094,0.968990120587585
O15075,DCLK1,GradientBoosting,0.7110961373601978,0.6396905779695264
O15075,DCLK1,GradientBoosting,-0.5557025623054956,-0.9274157928147079
O15075,DCLK1,GradientBoosting,2.965152272006618,2.160855906586938
O15075,DCLK1,GradientBoosting,3.983460540041732,2.253327282008008
O15075,DCLK1,GradientBoosting,-2.1494791257853665,-1.8964876403712427
O15075,DCLK1,GradientBoosting,0.0139888779903414,-0.3881948873884684
O15075,DCLK1,GradientBoosting,2.8984885883750424,-0.533181166617738
O15075,DCLK1,GradientBoosting,0.7235106737927355,0.5684613265771329
O15075,DCLK1,GradientBoosting,0.340748215837731,0.1953602948061432
O15075,DCLK1,GradientBoosting,3.048289168290905,2.1185188784281435
O15075,DCLK1,GradientBoosting,0.8760453005434601,-0.8754722542413901
O15075,DCLK1,GradientBoosting,1.6198514070223593,1.3979507241548426
O15075,DCLK1,GradientBoosting,1.0259260462459805,-1.2096076630597792
O15075,DCLK1,GradientBoosting,-0.473148021859241,-0.36619446059199867
O15075,DCLK1,GradientBoosting,0.9749329908146692,0.826326389503485
O15075,DCLK1,GradientBoosting,0.8520035634533556,0.7371391893878212
O15075,DCLK1,GradientBoosting,1.2082251971352955,-0.22520834916257654
O15075,DCLK1,GradientBoosting,0.4902966406681397,-0.4228515275357273
O15075,DCLK1,GradientBoosting,1.79818316542094,1.6084175826002296
O15075,DCLK1,MLP,0.7110961373601978,-1.0037885051980862
O15075,DCLK1,MLP,-0.5557025623054956,1.5305289380321976
O15075,DCLK1,MLP,2.965152272006618,-0.19605381565840263
O15075,DCLK1,MLP,3.983460540041732,1.861182193048747
O15075,DCLK1,MLP,-2.1494791257853665,-1.9959000773094648
O15075,DCLK1,MLP,0.0139888779903414,1.0463318047451406
O15075,DCLK1,MLP,2.8984885883750424,0.9939731861398591
O15075,DCLK1,MLP,0.7235106737927355,0.19368915593476
O15075,DCLK1,MLP,0.340748215837731,-0.8558527821022541
O15075,DCLK1,MLP,3.048289168290905,1.8840940331054508
O15075,DCLK1,MLP,0.8760453005434601,1.1789566258414113
O15075,DCLK1,MLP,1.6198514070223593,1.7138682158879153
O15075,DCLK1,MLP,1.0259260462459805,1.3090477466176016
O15075,DCLK1,MLP,-0.473148021859241,0.4567845954686769
O15075,DCLK1,MLP,0.9749329908146692,1.249154461732036
O15075,DCLK1,MLP,0.8520035634533556,-0.19486316456745367
O15075,DCLK1,MLP,1.2082251971352955,1.694986720845518
O15075,DCLK1,MLP,0.4902966406681397,-3.02743389067352
O15075,DCLK1,MLP,1.79818316542094,-0.9310080925455302
O43318,MAP3K7,RandomForest,0.5035503642451963,0.24209107510389644
O43318,MAP3K7,RandomForest,0.2859122972419977,0.520099666414622
O43318,MAP3K7,RandomForest,-0.2918742803259142,0.2926635265410848
O43318,MAP3K7,RandomForest,0.1730308727265184,0.0161349879599107
O43318,MAP3K7,RandomForest,1.592595237866966,0.1388425250564946
O43318,MAP3K7,RandomForest,-0.8447005320545907,0.23657383625199926
O43318,MAP3K7,RandomForest,1.0145515601752113,0.5010450750651801
O43318,MAP3K7,RandomForest,0.264886733680533,0.7959848681720978
O43318,MAP3K7,RandomForest,-0.3651907372045144,0.0669498336897953
O43318,MAP3K7,RandomForest,0.875310683066443,-0.4485231854584915
O43318,MAP3K7,RandomForest,0.2102502073957336,0.22906757725325
O43318,MAP3K7,RandomForest,0.0194230180480433,0.24772011029238503
O43318,MAP3K7,RandomForest,-0.9213734425800364,0.5746031496477876
O43318,MAP3K7,RandomForest,-0.0490636119746861,0.7841976801835966
O43318,MAP3K7,RandomForest,-0.4133451057752103,0.3223906517696457
O43318,MAP3K7,RandomForest,-0.4311014976374701,-0.26386507151511096
O43318,MAP3K7,RandomForest,-0.0406240538859753,0.3473774491537721
O43318,MAP3K7,RandomForest,0.2380458873028074,0.050477131827442845
O43318,MAP3K7,RandomForest,1.8882191835632,-0.1852873746807999
O43318,MAP3K7,XGBoost,0.5035503642451963,-0.05010996386408806
O43318,MAP3K7,XGBoost,0.2859122972419977,0.6805975437164307
O43318,MAP3K7,XGBoost,-0.2918742803259142,-0.015321273356676102
O43318,MAP3K7,XGBoost,0.1730308727265184,-0.29236745834350586
O43318,MAP3K7,XGBoost,1.592595237866966,-0.11561790853738785
O43318,MAP3K7,XGBoost,-0.8447005320545907,0.18461638689041138
O43318,MAP3K7,XGBoost,1.0145515601752113,0.26917675137519836
O43318,MAP3K7,XGBoost,0.264886733680533,0.6279667615890503
O43318,MAP3K7,XGBoost,-0.3651907372045144,-0.06480540335178375
O43318,MAP3K7,XGBoost,0.875310683066443,-1.1097326278686523
O43318,MAP3K7,XGBoost,0.2102502073957336,0.1213599294424057
O43318,MAP3K7,XGBoost,0.0194230180480433,0.08803272992372513
O43318,MAP3K7,XGBoost,-0.9213734425800364,0.28002285957336426
O43318,MAP3K7,XGBoost,-0.0490636119746861,1.286476731300354
O43318,MAP3K7,XGBoost,-0.4133451057752103,0.5357614755630493
O43318,MAP3K7,XGBoost,-0.4311014976374701,0.17830988764762878
O43318,MAP3K7,XGBoost,-0.0406240538859753,-0.10446510463953018
O43318,MAP3K7,XGBoost,0.2380458873028074,-0.2801728844642639
O43318,MAP3K7,XGBoost,1.8882191835632,-0.7113242149353027
O43318,MAP3K7,PLS,0.5035503642451963,0.4275374409646782
O43318,MAP3K7,PLS,0.2859122972419977,0.47410246908016046
O43318,MAP3K7,PLS,-0.2918742803259142,0.38616000659921385
O43318,MAP3K7,PLS,0.1730308727265184,0.20414268033609928
O43318,MAP3K7,PLS,1.592595237866966,0.309286033897669
O43318,MAP3K7,PLS,-0.8447005320545907,0.4005714559944703
O43318,MAP3K7,PLS,1.0145515601752113,0.6330253670450008
O43318,MAP3K7,PLS,0.264886733680533,0.3113835964015701
O43318,MAP3K7,PLS,-0.3651907372045144,0.17356136951213136
O43318,MAP3K7,PLS,0.875310683066443,0.1837943380846685
O43318,MAP3K7,PLS,0.2102502073957336,0.24159726484922356
O43318,MAP3K7,PLS,0.0194230180480433,0.18812511572900045
O43318,MAP3K7,PLS,-0.9213734425800364,0.3419771817508996
O43318,MAP3K7,PLS,-0.0490636119746861,0.26415465089595985
O43318,MAP3K7,PLS,-0.4133451057752103,0.5635356732591752
O43318,MAP3K7,PLS,-0.4311014976374701,0.31046528642655263
O43318,MAP3K7,PLS,-0.0406240538859753,0.2826052285227204
O43318,MAP3K7,PLS,0.2380458873028074,0.4257945774175208
O43318,MAP3K7,PLS,1.8882191835632,0.14332247518012375
O43318,MAP3K7,SVR,0.5035503642451963,0.32117348717380295
O43318,MAP3K7,SVR,0.2859122972419977,0.40714068999019165
O43318,MAP3K7,SVR,-0.2918742803259142,0.2867076587537198
O43318,MAP3K7,SVR,0.1730308727265184,0.15770800703125454
O43318,MAP3K7,SVR,1.592595237866966,0.34394637909027165
O43318,MAP3K7,SVR,-0.8447005320545907,0.38385946933394466
O43318,MAP3K7,SVR,1.0145515601752113,0.5296085469285563
O43318,MAP3K7,SVR,0.264886733680533,0.2598143724617411
O43318,MAP3K7,SVR,-0.3651907372045144,0.1638975154336887
O43318,MAP3K7,SVR,0.875310683066443,0.24510960429887169
O43318,MAP3K7,SVR,0.2102502073957336,0.18124164291860645
O43318,MAP3K7,SVR,0.0194230180480433,0.34408516674051076
O43318,MAP3K7,SVR,-0.9213734425800364,0.32336702014690966
O43318,MAP3K7,SVR,-0.0490636119746861,0.4146166585103242
O43318,MAP3K7,SVR,-0.4133451057752103,0.4777936566861238
O43318,MAP3K7,SVR,-0.4311014976374701,0.2261234112564488
O43318,MAP3K7,SVR,-0.0406240538859753,0.2777426659813459
O43318,MAP3K7,SVR,0.2380458873028074,0.290069853151288
O43318,MAP3K7,SVR,1.8882191835632,0.14067127299881121
O43318,MAP3K7,Lasso,0.5035503642451963,0.40343106899015607
O43318,MAP3K7,Lasso,0.2859122972419977,0.37364557299629675
O43318,MAP3K7,Lasso,-0.2918742803259142,0.33570836859133174
O43318,MAP3K7,Lasso,0.1730308727265184,0.33740111519795585
O43318,MAP3K7,Lasso,1.592595237866966,0.30751637719718267
O43318,MAP3K7,Lasso,-0.8447005320545907,0.3598469801628668
O43318,MAP3K7,Lasso,1.0145515601752113,0.45879821399230203
O43318,MAP3K7,Lasso,0.264886733680533,0.3738038725019514
O43318,MAP3K7,Lasso,-0.3651907372045144,0.30704659500857745
O43318,MAP3K7,Lasso,0.875310683066443,0.32162588275983817
O43318,MAP3K7,Lasso,0.2102502073957336,0.33146802895266203
O43318,MAP3K7,Lasso,0.0194230180480433,0.2561629966534753
O43318,MAP3K7,Lasso,-0.9213734425800364,0.36760261443856507
O43318,MAP3K7,Lasso,-0.0490636119746861,0.2956336617048994
O43318,MAP3K7,Lasso,-0.4133451057752103,0.4041982219981704
O43318,MAP3K7,Lasso,-0.4311014976374701,0.3890384828139551
O43318,MAP3K7,Lasso,-0.0406240538859753,0.36769205353490564
O43318,MAP3K7,Lasso,0.2380458873028074,0.428387174619763
O43318,MAP3K7,Lasso,1.8882191835632,0.3387968228813698
O43318,MAP3K7,ElasticNet,0.5035503642451963,0.4127726340858583
O43318,MAP3K7,ElasticNet,0.2859122972419977,0.37217193193929055
O43318,MAP3K7,ElasticNet,-0.2918742803259142,0.3019382183821429
O43318,MAP3K7,ElasticNet,0.1730308727265184,0.31096144685116656
O43318,MAP3K7,ElasticNet,1.592595237866966,0.2780916563369967
O43318,MAP3K7,ElasticNet,-0.8447005320545907,0.3557484061913647
O43318,MAP3K7,ElasticNet,1.0145515601752113,0.5027569668686687
O43318,MAP3K7,ElasticNet,0.264886733680533,0.37122791189216875
O43318,MAP3K7,ElasticNet,-0.3651907372045144,0.26544304540164715
O43318,MAP3K7,ElasticNet,0.875310683066443,0.30344448278067593
O43318,MAP3K7,ElasticNet,0.2102502073957336,0.2981579549207081
O43318,MAP3K7,ElasticNet,0.0194230180480433,0.21083502550012437
O43318,MAP3K7,ElasticNet,-0.9213734425800364,0.36853214333808965
O43318,MAP3K7,ElasticNet,-0.0490636119746861,0.2769756314310521
O43318,MAP3K7,ElasticNet,-0.4133451057752103,0.4178215904690987
O43318,MAP3K7,ElasticNet,-0.4311014976374701,0.38941877778420647
O43318,MAP3K7,ElasticNet,-0.0406240538859753,0.36903110691467605
O43318,MAP3K7,ElasticNet,0.2380458873028074,0.4488722761340552
O43318,MAP3K7,ElasticNet,1.8882191835632,0.3199818685850738
O43318,MAP3K7,GradientBoosting,0.5035503642451963,0.16936283655379472
O43318,MAP3K7,GradientBoosting,0.2859122972419977,0.5263639026880527
O43318,MAP3K7,GradientBoosting,-0.2918742803259142,0.29470652522550556
O43318,MAP3K7,GradientBoosting,0.1730308727265184,-0.10818071517522473
O43318,MAP3K7,GradientBoosting,1.592595237866966,-0.19944532765027817
O43318,MAP3K7,GradientBoosting,-0.8447005320545907,0.38112818603436377
O43318,MAP3K7,GradientBoosting,1.0145515601752113,0.6067506089612416
O43318,MAP3K7,GradientBoosting,0.264886733680533,0.7025426507965591
O43318,MAP3K7,GradientBoosting,-0.3651907372045144,0.006275913323351871
O43318,MAP3K7,GradientBoosting,0.875310683066443,-0.752479578455426
O43318,MAP3K7,GradientBoosting,0.2102502073957336,0.27673272788629305
O43318,MAP3K7,GradientBoosting,0.0194230180480433,0.31379606030204804
O43318,MAP3K7,GradientBoosting,-0.9213734425800364,0.46902431802001854
O43318,MAP3K7,GradientBoosting,-0.0490636119746861,1.278706221738098
O43318,MAP3K7,GradientBoosting,-0.4133451057752103,0.18295563636053053
O43318,MAP3K7,GradientBoosting,-0.4311014976374701,-0.6631350970495012
O43318,MAP3K7,GradientBoosting,-0.0406240538859753,0.11582297739372525
O43318,MAP3K7,GradientBoosting,0.2380458873028074,-0.09244601664694867
O43318,MAP3K7,GradientBoosting,1.8882191835632,-0.2216453448235329
O43318,MAP3K7,MLP,0.5035503642451963,0.14028639841827045
O43318,MAP3K7,MLP,0.2859122972419977,0.5722221119982922
O43318,MAP3K7,MLP,-0.2918742803259142,0.8797260279548613
O43318,MAP3K7,MLP,0.1730308727265184,0.04705759048153385
O43318,MAP3K7,MLP,1.592595237866966,0.3915417451459004
O43318,MAP3K7,MLP,-0.8447005320545907,0.11244491717514438
O43318,MAP3K7,MLP,1.0145515601752113,1.3812529039997625
O43318,MAP3K7,MLP,0.264886733680533,0.08831895494941139
O43318,MAP3K7,MLP,-0.3651907372045144,0.0829628845556632
O43318,MAP3K7,MLP,0.875310683066443,-0.11811152352752165
O43318,MAP3K7,MLP,0.2102502073957336,0.14402356406764616
O43318,MAP3K7,MLP,0.0194230180480433,0.05813419403081127
O43318,MAP3K7,MLP,-0.9213734425800364,-0.01315784623600913
O43318,MAP3K7,MLP,-0.0490636119746861,0.020671471974681582
O43318,MAP3K7,MLP,-0.4133451057752103,0.4482400964108297
O43318,MAP3K7,MLP,-0.4311014976374701,0.21797823071797706
O43318,MAP3K7,MLP,-0.0406240538859753,0.0059347200938694444
O43318,MAP3K7,MLP,0.2380458873028074,0.17994226289985393
O43318,MAP3K7,MLP,1.8882191835632,-0.019287938376217423
O43353,RIPK2,RandomForest,-3.020856231254827,-1.7019052277927538
O43353,RIPK2,RandomForest,-0.7313288474407771,-0.48107395864015584
O43353,RIPK2,RandomForest,-0.2040215945881669,-0.5607457974624819
O43353,RIPK2,RandomForest,-0.4862737321904004,-0.1747196235867006
O43353,RIPK2,RandomForest,-1.1413704355915697,-0.7823796971806323
O43353,RIPK2,RandomForest,-0.5799674764517486,-0.45141614117005074
O43353,RIPK2,RandomForest,0.5864583603958975,0.7865517358368809
O43353,RIPK2,RandomForest,-3.592333708349853,-1.7226310114773522
O43353,RIPK2,RandomForest,-0.1091775107456802,-0.45958386937483886
O43353,RIPK2,RandomForest,1.0741334183182751,0.8566039155593846
O43353,RIPK2,RandomForest,-0.412929371767785,-0.5153392673107381
O43353,RIPK2,RandomForest,-0.2722896725902916,-0.6092010144170683
O43353,RIPK2,RandomForest,-1.042469701159456,-0.5365015690097857
O43353,RIPK2,RandomForest,-0.3802594519370491,-0.40782544148735184
O43353,RIPK2,RandomForest,0.0098023403728949,-0.28980311003771375
O43353,RIPK2,RandomForest,-0.5083069102997168,-0.07893284532441736
O43353,RIPK2,RandomForest,-4.011873914980153,-1.7166180778983091
O43353,RIPK2,RandomForest,-1.552312541292894,-0.2785177675285708
O43353,RIPK2,RandomForest,-0.3408790621030171,-0.10801958652386964
O43353,RIPK2,XGBoost,-3.020856231254827,-1.6527633666992188
O43353,RIPK2,XGBoost,-0.7313288474407771,-0.19936822354793549
O43353,RIPK2,XGBoost,-0.2040215945881669,-0.5816916227340698
O43353,RIPK2,XGBoost,-0.4862737321904004,-0.20236925780773163
O43353,RIPK2,XGBoost,-1.1413704355915697,-0.9292508959770203
O43353,RIPK2,XGBoost,-0.5799674764517486,-0.43078112602233887
O43353,RIPK2,XGBoost,0.5864583603958975,0.912100076675415
O43353,RIPK2,XGBoost,-3.592333708349853,-1.6826261281967163
O43353,RIPK2,XGBoost,-0.1091775107456802,-0.19936822354793549
O43353,RIPK2,XGBoost,1.0741334183182751,0.9320517182350159
O43353,RIPK2,XGBoost,-0.412929371767785,-0.5383862257003784
O43353,RIPK2,XGBoost,-0.2722896725902916,-0.5816916227340698
O43353,RIPK2,XGBoost,-1.042469701159456,-0.4168485701084137
O43353,RIPK2,XGBoost,-0.3802594519370491,-0.34925684332847595
O43353,RIPK2,XGBoost,0.0098023403728949,-0.814173698425293
O43353,RIPK2,XGBoost,-0.5083069102997168,-0.05651019141077995
O43353,RIPK2,XGBoost,-4.011873914980153,-1.6940159797668457
O43353,RIPK2,XGBoost,-1.552312541292894,-0.15487948060035706
O43353,RIPK2,XGBoost,-0.3408790621030171,0.09102798998355865
O43353,RIPK2,PLS,-3.020856231254827,-3.0045467429951946
O43353,RIPK2,PLS,-0.7313288474407771,-0.7149676535154892
O43353,RIPK2,PLS,-0.2040215945881669,-0.45763672940483846
O43353,RIPK2,PLS,-0.4862737321904004,-0.5017784694043645
O43353,RIPK2,PLS,-1.1413704355915697,-0.8520064362541389
O43353,RIPK2,PLS,-0.5799674764517486,-0.31222257175123425
O43353,RIPK2,PLS,0.5864583603958975,0.9257905758882959
O43353,RIPK2,PLS,-3.592333708349853,-2.7806371489261905
O43353,RIPK2,PLS,-0.1091775107456802,-0.6002205946059034
O43353,RIPK2,PLS,1.0741334183182751,1.0611286314224242
O43353,RIPK2,PLS,-0.412929371767785,-0.4685607361168928
O43353,RIPK2,PLS,-0.2722896725902916,-0.5789820918508912
O43353,RIPK2,PLS,-1.042469701159456,-0.45045510038992803
O43353,RIPK2,PLS,-0.3802594519370491,-0.504830585504247
O43353,RIPK2,PLS,0.0098023403728949,-0.37127009429111946
O43353,RIPK2,PLS,-0.5083069102997168,-0.32160417500614336
O43353,RIPK2,PLS,-4.011873914980153,-4.8032960135940055
O43353,RIPK2,PLS,-1.552312541292894,-0.08970391855321252
O43353,RIPK2,PLS,-0.3408790621030171,-0.08601969449458746
O43353,RIPK2,SVR,-3.020856231254827,-3.2918932681252464
O43353,RIPK2,SVR,-0.7313288474407771,-0.9047208421451599
O43353,RIPK2,SVR,-0.2040215945881669,-0.48333940395918507
O43353,RIPK2,SVR,-0.4862737321904004,-0.5268099625696459
O43353,RIPK2,SVR,-1.1413704355915697,-0.9536107507275068
O43353,RIPK2,SVR,-0.5799674764517486,-0.38172910980603464
O43353,RIPK2,SVR,0.5864583603958975,1.0774399980362754
O43353,RIPK2,SVR,-3.592333708349853,-2.9635671564115316
O43353,RIPK2,SVR,-0.1091775107456802,-0.7289372538328284
O43353,RIPK2,SVR,1.0741334183182751,1.1255293959318644
O43353,RIPK2,SVR,-0.412929371767785,-0.5685962397319947
O43353,RIPK2,SVR,-0.2722896725902916,-0.6582684559667759
O43353,RIPK2,SVR,-1.042469701159456,-0.5431376205408611
O43353,RIPK2,SVR,-0.3802594519370491,-0.5818083893518907
O43353,RIPK2,SVR,0.0098023403728949,-0.4142823670154513
O43353,RIPK2,SVR,-0.5083069102997168,-0.4051287258165245
O43353,RIPK2,SVR,-4.011873914980153,-5.27015548962627
O43353,RIPK2,SVR,-1.552312541292894,-0.08756910946140195
O43353,RIPK2,SVR,-0.3408790621030171,-0.0750070936892725
O43353,RIPK2,Lasso,-3.020856231254827,-2.2784613410477355
O43353,RIPK2,Lasso,-0.7313288474407771,-0.4267214310401147
O43353,RIPK2,Lasso,-0.2040215945881669,-0.4975666324988084
O43353,RIPK2,Lasso,-0.4862737321904004,-0.4571202800721779
O43353,RIPK2,Lasso,-1.1413704355915697,-0.6958259957559484
O43353,RIPK2,Lasso,-0.5799674764517486,-0.35371189822034466
O43353,RIPK2,Lasso,0.5864583603958975,0.42393049567504815
O43353,RIPK2,Lasso,-3.592333708349853,-2.303985756296051
O43353,RIPK2,Lasso,-0.1091775107456802,-0.42576915720147024
O43353,RIPK2,Lasso,1.0741334183182751,0.740944630065853
O43353,RIPK2,Lasso,-0.412929371767785,-0.38240021217303294
O43353,RIPK2,Lasso,-0.2722896725902916,-0.5131048904198606
O43353,RIPK2,Lasso,-1.042469701159456,-0.39785760797597175
O43353,RIPK2,Lasso,-0.3802594519370491,-0.4090928410306418
O43353,RIPK2,Lasso,0.0098023403728949,-0.3707023472790809
O43353,RIPK2,Lasso,-0.5083069102997168,-0.3586675705386554
O43353,RIPK2,Lasso,-4.011873914980153,-3.556395384819405
O43353,RIPK2,Lasso,-1.552312541292894,-0.3094484262083844
O43353,RIPK2,Lasso,-0.3408790621030171,-0.2862781428380283
O43353,RIPK2,ElasticNet,-3.020856231254827,-2.3970271589520844
O43353,RIPK2,ElasticNet,-0.7313288474407771,-0.506677532735762
O43353,RIPK2,ElasticNet,-0.2040215945881669,-0.5219079106240141
O43353,RIPK2,ElasticNet,-0.4862737321904004,-0.482939148708239
O43353,RIPK2,ElasticNet,-1.1413704355915697,-0.730341324491909
O43353,RIPK2,ElasticNet,-0.5799674764517486,-0.3338704306069533
O43353,RIPK2,ElasticNet,0.5864583603958975,0.5070270519901385
O43353,RIPK2,ElasticNet,-3.592333708349853,-2.320420103988255
O43353,RIPK2,ElasticNet,-0.1091775107456802,-0.4771940065006008
O43353,RIPK2,ElasticNet,1.0741334183182751,0.7474211926303052
O43353,RIPK2,ElasticNet,-0.412929371767785,-0.3993766234233306
O43353,RIPK2,ElasticNet,-0.2722896725902916,-0.5686045227133302
O43353,RIPK2,ElasticNet,-1.042469701159456,-0.413112390570075
O43353,RIPK2,ElasticNet,-0.3802594519370491,-0.4341314412691523
O43353,RIPK2,ElasticNet,0.0098023403728949,-0.3610970497036893
O43353,RIPK2,ElasticNet,-0.5083069102997168,-0.3079802638831248
O43353,RIPK2,ElasticNet,-4.011873914980153,-3.7488803090724314
O43353,RIPK2,ElasticNet,-1.552312541292894,-0.23320194273841433
O43353,RIPK2,ElasticNet,-0.3408790621030171,-0.2045600541079975
O43353,RIPK2,GradientBoosting,-3.020856231254827,-1.791181376547067
O43353,RIPK2,GradientBoosting,-0.7313288474407771,-0.4501796550756886
O43353,RIPK2,GradientBoosting,-0.2040215945881669,-0.5679348386524442
O43353,RIPK2,GradientBoosting,-0.4862737321904004,-0.06934679733109307
O43353,RIPK2,GradientBoosting,-1.1413704355915697,-0.47563313791709055
O43353,RIPK2,GradientBoosting,-0.5799674764517486,-0.45091267171768684
O43353,RIPK2,GradientBoosting,0.5864583603958975,0.6386635177453126
O43353,RIPK2,GradientBoosting,-3.592333708349853,-1.5344198362455868
O43353,RIPK2,GradientBoosting,-0.1091775107456802,-0.40265506314411076
O43353,RIPK2,GradientBoosting,1.0741334183182751,0.7378971715098673
O43353,RIPK2,GradientBoosting,-0.412929371767785,-0.6439828688948318
O43353,RIPK2,GradientBoosting,-0.2722896725902916,-0.5674684198982617
O43353,RIPK2,GradientBoosting,-1.042469701159456,-0.5153152213495512
O43353,RIPK2,GradientBoosting,-0.3802594519370491,-0.36037639658331133
O43353,RIPK2,GradientBoosting,0.0098023403728949,-0.2709748299780022
O43353,RIPK2,GradientBoosting,-0.5083069102997168,-0.2518432566477362
O43353,RIPK2,GradientBoosting,-4.011873914980153,-1.6832943013671566
O43353,RIPK2,GradientBoosting,-1.552312541292894,-0.07965272374127301
O43353,RIPK2,GradientBoosting,-0.3408790621030171,-0.038177436074234065
O43353,RIPK2,MLP,-3.020856231254827,-2.7836576725139683
O43353,RIPK2,MLP,-0.7313288474407771,-0.7344184381429534
O43353,RIPK2,MLP,-0.2040215945881669,-0.4432714765805207
O43353,RIPK2,MLP,-0.4862737321904004,-0.5156904137921856
O43353,RIPK2,MLP,-1.1413704355915697,-0.8316195338594284
O43353,RIPK2,MLP,-0.5799674764517486,-0.33237073073975604
O43353,RIPK2,MLP,0.5864583603958975,-0.3081804342293063
O43353,RIPK2,MLP,-3.592333708349853,-2.5278681468555524
O43353,RIPK2,MLP,-0.1091775107456802,-0.5899195294006205
O43353,RIPK2,MLP,1.0741334183182751,0.14982341469725613
O43353,RIPK2,MLP,-0.412929371767785,-0.41566508710672867
O43353,RIPK2,MLP,-0.2722896725902916,-0.4432714765805207
O43353,RIPK2,MLP,-1.042469701159456,-0.3572451864234413
O43353,RIPK2,MLP,-0.3802594519370491,-0.502917438438982
O43353,RIPK2,MLP,0.0098023403728949,-0.32588784419442063
O43353,RIPK2,MLP,-0.5083069102997168,-0.17100361248911394
O43353,RIPK2,MLP,-4.011873914980153,-4.5093904957605675
O43353,RIPK2,MLP,-1.552312541292894,-0.4432714765805207
O43353,RIPK2,MLP,-0.3408790621030171,-0.017530005443347874
O43683,BUB1,RandomForest,0.1563380774618428,-0.627075203304982
O43683,BUB1,RandomForest,-1.7229949758342398,-1.2085528233190284
O43683,BUB1,RandomForest,-1.80165152059408,-0.09309082885918275
O43683,BUB1,RandomForest,-1.1646669061793815,-0.5391717865150998
O43683,BUB1,RandomForest,-0.8954690997136501,-0.5169683190426483
O43683,BUB1,RandomForest,-1.940018857472953,-1.0054267090478566
O43683,BUB1,RandomForest,-0.0231078340390916,-0.6228124801324061
O43683,BUB1,RandomForest,-0.0977838590252046,0.7837063793549258
O43683,BUB1,RandomForest,-0.150288644597227,-0.632965932731756
O43683,BUB1,RandomForest,-1.0633758005937677,-0.6929972446544234
O43683,BUB1,RandomForest,-0.303268512265062,-0.32493491753514775
O43683,BUB1,RandomForest,0.3555534966161414,-0.2691835868247166
O43683,BUB1,RandomForest,-0.1699047742459786,-0.4526929336264702
O43683,BUB1,RandomForest,-0.531670985907842,-1.3970356577203376
O43683,BUB1,RandomForest,0.1066724665573935,0.5702142036569274
O43683,BUB1,RandomForest,-1.5877279291400577,0.25733512084015286
O43683,BUB1,RandomForest,0.6129436024991302,-0.7878819239984333
O43683,BUB1,RandomForest,0.2817446417952148,0.8826016748367493
O43683,BUB1,RandomForest,-0.1955904586002568,-0.807400257792181
O43683,BUB1,XGBoost,0.1563380774618428,-0.5358119010925293
O43683,BUB1,XGBoost,-1.7229949758342398,-0.45169585943222046
O43683,BUB1,XGBoost,-1.80165152059408,-0.07327381521463394
O43683,BUB1,XGBoost,-1.1646669061793815,-0.3197038471698761
O43683,BUB1,XGBoost,-0.8954690997136501,-0.38388633728027344
O43683,BUB1,XGBoost,-1.940018857472953,-1.2913280725479126
O43683,BUB1,XGBoost,-0.0231078340390916,-0.8190929889678955
O43683,BUB1,XGBoost,-0.0977838590252046,1.3172255754470825
O43683,BUB1,XGBoost,-0.150288644597227,-1.560046672821045
O43683,BUB1,XGBoost,-1.0633758005937677,-1.6224076747894287
O43683,BUB1,XGBoost,-0.303268512265062,-0.5653772354125977
O43683,BUB1,XGBoost,0.3555534966161414,-0.653372049331665
O43683,BUB1,XGBoost,-0.1699047742459786,-0.4321533143520355
O43683,BUB1,XGBoost,-0.531670985907842,-1.4185802936553955
O43683,BUB1,XGBoost,0.1066724665573935,1.141168236732483
O43683,BUB1,XGBoost,-1.5877279291400577,-0.11224418133497238
O43683,BUB1,XGBoost,0.6129436024991302,-1.5614955425262451
O43683,BUB1,XGBoost,0.2817446417952148,1.0707796812057495
O43683,BUB1,XGBoost,-0.1955904586002568,0.004084472078830004
O43683,BUB1,PLS,0.1563380774618428,-0.3180373015005926
O43683,BUB1,PLS,-1.7229949758342398,-0.4647046018507445
O43683,BUB1,PLS,-1.80165152059408,-1.0457858593163576
O43683,BUB1,PLS,-1.1646669061793815,-0.5856170027790653
O43683,BUB1,PLS,-0.8954690997136501,-0.47330466669570675
O43683,BUB1,PLS,-1.940018857472953,-0.874273837049987
O43683,BUB1,PLS,-0.0231078340390916,-0.6556100750152063
O43683,BUB1,PLS,-0.0977838590252046,0.9486939093592736
O43683,BUB1,PLS,-0.150288644597227,-1.471069668069016
O43683,BUB1,PLS,-1.0633758005937677,-1.4247972822153572
O43683,BUB1,PLS,-0.303268512265062,-1.0236989095033198
O43683,BUB1,PLS,0.3555534966161414,-0.6403635696848217
O43683,BUB1,PLS,-0.1699047742459786,-0.9187559146127386
O43683,BUB1,PLS,-0.531670985907842,-0.6167952322989606
O43683,BUB1,PLS,0.1066724665573935,1.2216090269690696
O43683,BUB1,PLS,-1.5877279291400577,0.298212316570892
O43683,BUB1,PLS,0.6129436024991302,-1.3538469485146605
O43683,BUB1,PLS,0.2817446417952148,0.5332863981570849
O43683,BUB1,PLS,-0.1955904586002568,-0.6931053564249621
O43683,BUB1,SVR,0.1563380774618428,-0.2387757313662136
O43683,BUB1,SVR,-1.7229949758342398,-0.26762097114802874
O43683,BUB1,SVR,-1.80165152059408,-1.2722349226531118
O43683,BUB1,SVR,-1.1646669061793815,-0.3272204744363514
O43683,BUB1,SVR,-0.8954690997136501,-0.4723882361270524
O43683,BUB1,SVR,-1.940018857472953,-0.87041142999453
O43683,BUB1,SVR,-0.0231078340390916,-0.42221481888931245
O43683,BUB1,SVR,-0.0977838590252046,1.0773496436226355
O43683,BUB1,SVR,-0.150288644597227,-1.2511486837777126
O43683,BUB1,SVR,-1.0633758005937677,-1.2710869766545076
O43683,BUB1,SVR,-0.303268512265062,-0.6478654497644203
O43683,BUB1,SVR,0.3555534966161414,-0.6235214408880612
O43683,BUB1,SVR,-0.1699047742459786,-0.6956823874849402
O43683,BUB1,SVR,-0.531670985907842,-0.48877226454736283
O43683,BUB1,SVR,0.1066724665573935,1.7040891971508736
O43683,BUB1,SVR,-1.5877279291400577,0.43174358546678016
O43683,BUB1,SVR,0.6129436024991302,-1.208369792737713
O43683,BUB1,SVR,0.2817446417952148,0.8180814678633628
O43683,BUB1,SVR,-0.1955904586002568,-0.43253192121865736
O43683,BUB1,Lasso,0.1563380774618428,-0.3465634419527496
O43683,BUB1,Lasso,-1.7229949758342398,-0.5326375892173583
O43683,BUB1,Lasso,-1.80165152059408,-0.5302787212819879
O43683,BUB1,Lasso,-1.1646669061793815,-0.47768528658269427
O43683,BUB1,Lasso,-0.8954690997136501,-0.4365554504122949
O43683,BUB1,Lasso,-1.940018857472953,-0.791565387893068
O43683,BUB1,Lasso,-0.0231078340390916,-0.5437966215524195
O43683,BUB1,Lasso,-0.0977838590252046,0.5107079305262667
O43683,BUB1,Lasso,-0.150288644597227,-1.0916125460811654
O43683,BUB1,Lasso,-1.0633758005937677,-1.00930814517608
O43683,BUB1,Lasso,-0.303268512265062,-0.8853131805683727
O43683,BUB1,Lasso,0.3555534966161414,-0.38448170460392583
O43683,BUB1,Lasso,-0.1699047742459786,-0.7830006003454721
O43683,BUB1,Lasso,-0.531670985907842,-0.6076143319074526
O43683,BUB1,Lasso,0.1066724665573935,0.5885604360174561
O43683,BUB1,Lasso,-1.5877279291400577,0.1331868134406668
O43683,BUB1,Lasso,0.6129436024991302,-1.0626248325477645
O43683,BUB1,Lasso,0.2817446417952148,0.08827771943831186
O43683,BUB1,Lasso,-0.1955904586002568,-0.5401740648352407
O43683,BUB1,ElasticNet,0.1563380774618428,-0.3384355829664239
O43683,BUB1,ElasticNet,-1.7229949758342398,-0.5054745826525019
O43683,BUB1,ElasticNet,-1.80165152059408,-0.7272411055934214
O43683,BUB1,ElasticNet,-1.1646669061793815,-0.524121914936139
O43683,BUB1,ElasticNet,-0.8954690997136501,-0.4544635859052791
O43683,BUB1,ElasticNet,-1.940018857472953,-0.8124428767688694
O43683,BUB1,ElasticNet,-0.0231078340390916,-0.5927597906585914
O43683,BUB1,ElasticNet,-0.0977838590252046,0.6520411459633009
O43683,BUB1,ElasticNet,-0.150288644597227,-1.230517098392488
O43683,BUB1,ElasticNet,-1.0633758005937677,-1.1598517422135723
O43683,BUB1,ElasticNet,-0.303268512265062,-0.9338505347267081
O43683,BUB1,ElasticNet,0.3555534966161414,-0.476029806039207
O43683,BUB1,ElasticNet,-0.1699047742459786,-0.8302060347560838
O43683,BUB1,ElasticNet,-0.531670985907842,-0.604378918864472
O43683,BUB1,ElasticNet,0.1066724665573935,0.8034646755010351
O43683,BUB1,ElasticNet,-1.5877279291400577,0.1767644923137776
O43683,BUB1,ElasticNet,0.6129436024991302,-1.167461212619197
O43683,BUB1,ElasticNet,0.2817446417952148,0.2604213668849377
O43683,BUB1,ElasticNet,-0.1955904586002568,-0.5905078660754508
O43683,BUB1,GradientBoosting,0.1563380774618428,-0.5126534865702642
O43683,BUB1,GradientBoosting,-1.7229949758342398,-0.9348030256325474
O43683,BUB1,GradientBoosting,-1.80165152059408,-0.19539178868525506
O43683,BUB1,GradientBoosting,-1.1646669061793815,-0.303173334584348
O43683,BUB1,GradientBoosting,-0.8954690997136501,-0.6883376245978919
O43683,BUB1,GradientBoosting,-1.940018857472953,-1.1963442148964925
O43683,BUB1,GradientBoosting,-0.0231078340390916,-0.6276806909518201
O43683,BUB1,GradientBoosting,-0.0977838590252046,0.9062954848591883
O43683,BUB1,GradientBoosting,-0.150288644597227,-1.0173543497988142
O43683,BUB1,GradientBoosting,-1.0633758005937677,-0.9407231817319426
O43683,BUB1,GradientBoosting,-0.303268512265062,-0.4806018152397656
O43683,BUB1,GradientBoosting,0.3555534966161414,-0.17983473094268948
O43683,BUB1,GradientBoosting,-0.1699047742459786,-0.2455599083437112
O43683,BUB1,GradientBoosting,-0.531670985907842,-1.8184687283344585
O43683,BUB1,GradientBoosting,0.1066724665573935,0.7772364361911821
O43683,BUB1,GradientBoosting,-1.5877279291400577,-0.22306497839693185
O43683,BUB1,GradientBoosting,0.6129436024991302,-1.099335059563772
O43683,BUB1,GradientBoosting,0.2817446417952148,1.0555706968957588
O43683,BUB1,GradientBoosting,-0.1955904586002568,-0.5864071931232597
O43683,BUB1,MLP,0.1563380774618428,-0.5879697551634376
O43683,BUB1,MLP,-1.7229949758342398,-0.5872060538571987
O43683,BUB1,MLP,-1.80165152059408,-0.5898818608692414
O43683,BUB1,MLP,-1.1646669061793815,-0.5885991287060073
O43683,BUB1,MLP,-0.8954690997136501,-0.5870257876369355
O43683,BUB1,MLP,-1.940018857472953,-0.5883353527058118
O43683,BUB1,MLP,-0.0231078340390916,-0.5876494913775898
O43683,BUB1,MLP,-0.0977838590252046,0.8676311241350279
O43683,BUB1,MLP,-0.150288644597227,-0.9169911214025832
O43683,BUB1,MLP,-1.0633758005937677,-1.0892767299035535
O43683,BUB1,MLP,-0.303268512265062,-0.8673949307213086
O43683,BUB1,MLP,0.3555534966161414,-1.1010427605894306
O43683,BUB1,MLP,-0.1699047742459786,-0.7152710316306323
O43683,BUB1,MLP,-0.531670985907842,-0.6283460932980517
O43683,BUB1,MLP,0.1066724665573935,1.412946414477897
O43683,BUB1,MLP,-1.5877279291400577,-0.017062412228896262
O43683,BUB1,MLP,0.6129436024991302,-0.6693606449741876
O43683,BUB1,MLP,0.2817446417952148,1.1539327889634987
O43683,BUB1,MLP,-0.1955904586002568,-1.3032562694320926
O60885,BRD4,RandomForest,0.1601166850098794,-0.1246512369694067
O60885,BRD4,RandomForest,-2.028688472283924,-1.0572681742002643
O60885,BRD4,RandomForest,0.0643048275381813,-0.09596403250562062
O60885,BRD4,RandomForest,-0.3226609448901357,-0.07207187157459184
O60885,BRD4,RandomForest,-0.1513317909088643,-0.37444625075621457
O60885,BRD4,RandomForest,-1.649386052710737,-0.32777007792684176
O60885,BRD4,RandomForest,-0.7904006494757888,-0.7728679811254565
O60885,BRD4,RandomForest,0.1242166953584042,0.03204832262131145
O60885,BRD4,RandomForest,0.4109219267486075,-0.8178313510633007
O60885,BRD4,RandomForest,0.2527706206922282,0.0020045770522984403
O60885,BRD4,RandomForest,0.0564413551313648,0.14895140635129442
O60885,BRD4,RandomForest,-0.3640755129267775,0.20384715252916982
O60885,BRD4,RandomForest,0.0405560350012907,0.05451255797309566
O60885,BRD4,RandomForest,-1.7276234018681909,-1.5624540947521897
O60885,BRD4,RandomForest,-0.1748393752404481,0.10998771860114777
O60885,BRD4,RandomForest,0.3061275938886907,-0.048292576521752395
O60885,BRD4,RandomForest,0.4109532671468716,-0.17599785790876787
O60885,BRD4,RandomForest,-0.3305381173189722,-0.5328794404042949
O60885,BRD4,RandomForest,0.1450495183549342,-0.11020159149076561
O60885,BRD4,XGBoost,0.1601166850098794,-0.18337590992450714
O60885,BRD4,XGBoost,-2.028688472283924,-1.5728870630264282
O60885,BRD4,XGBoost,0.0643048275381813,0.5060527324676514
O60885,BRD4,XGBoost,-0.3226609448901357,-0.5772585272789001
O60885,BRD4,XGBoost,-0.1513317909088643,-0.1138804480433464
O60885,BRD4,XGBoost,-1.649386052710737,-0.8120205998420715
O60885,BRD4,XGBoost,-0.7904006494757888,-0.23416471481323242
O60885,BRD4,XGBoost,0.1242166953584042,-0.09866921603679657
O60885,BRD4,XGBoost,0.4109219267486075,-0.23416471481323242
O60885,BRD4,XGBoost,0.2527706206922282,-0.06753016263246536
O60885,BRD4,XGBoost,0.0564413551313648,0.3596760928630829
O60885,BRD4,XGBoost,-0.3640755129267775,-0.30345121026039124
O60885,BRD4,XGBoost,0.0405560350012907,0.5695358514785767
O60885,BRD4,XGBoost,-1.7276234018681909,-0.5709407925605774
O60885,BRD4,XGBoost,-0.1748393752404481,0.408406138420105
O60885,BRD4,XGBoost,0.3061275938886907,-0.08650145679712296
O60885,BRD4,XGBoost,0.4109532671468716,-1.0935829877853394
O60885,BRD4,XGBoost,-0.3305381173189722,-0.27380654215812683
O60885,BRD4,XGBoost,0.1450495183549342,-0.15140867233276367
O60885,BRD4,PLS,0.1601166850098794,0.22546814030612944
O60885,BRD4,PLS,-2.028688472283924,-0.5499987146164205
O60885,BRD4,PLS,0.0643048275381813,-0.22430529158326126
O60885,BRD4,PLS,-0.3226609448901357,-0.08381404870544856
O60885,BRD4,PLS,-0.1513317909088643,-0.18235661283406923
O60885,BRD4,PLS,-1.649386052710737,-0.35826282710819696
O60885,BRD4,PLS,-0.7904006494757888,-0.5650666934172135
O60885,BRD4,PLS,0.1242166953584042,-0.12577825030991724
O60885,BRD4,PLS,0.4109219267486075,-0.6736832823571426
O60885,BRD4,PLS,0.2527706206922282,-0.2707165491307582
O60885,BRD4,PLS,0.0564413551313648,0.015204830002309877
O60885,BRD4,PLS,-0.3640755129267775,2.1397553207985753e-05
O60885,BRD4,PLS,0.0405560350012907,0.05343728650096524
O60885,BRD4,PLS,-1.7276234018681909,-0.4955395940329328
O60885,BRD4,PLS,-0.1748393752404481,-0.22173353134578552
O60885,BRD4,PLS,0.3061275938886907,-0.012506789058604056
O60885,BRD4,PLS,0.4109532671468716,-0.5089876929210959
O60885,BRD4,PLS,-0.3305381173189722,-0.8488046977005105
O60885,BRD4,PLS,0.1450495183549342,-0.26901294883892796
O60885,BRD4,SVR,0.1601166850098794,-0.09172549651848926
O60885,BRD4,SVR,-2.028688472283924,-0.12287783244668403
O60885,BRD4,SVR,0.0643048275381813,-0.10153614752255634
O60885,BRD4,SVR,-0.3226609448901357,0.010826428128921886
O60885,BRD4,SVR,-0.1513317909088643,-0.058421516395072634
O60885,BRD4,SVR,-1.649386052710737,-0.08070474392134085
O60885,BRD4,SVR,-0.7904006494757888,-0.21049442693778986
O60885,BRD4,SVR,0.1242166953584042,0.02447621132632362
O60885,BRD4,SVR,0.4109219267486075,-0.2733817652502363
O60885,BRD4,SVR,0.2527706206922282,-0.05900748916543473
O60885,BRD4,SVR,0.0564413551313648,0.21860062707805783
O60885,BRD4,SVR,-0.3640755129267775,0.03432072866038273
O60885,BRD4,SVR,0.0405560350012907,0.15783738846638629
O60885,BRD4,SVR,-1.7276234018681909,-0.1400101361651046
O60885,BRD4,SVR,-0.1748393752404481,-0.27761905831495215
O60885,BRD4,SVR,0.3061275938886907,0.09383513593083305
O60885,BRD4,SVR,0.4109532671468716,-0.2009977597391256
O60885,BRD4,SVR,-0.3305381173189722,-0.6417857534223949
O60885,BRD4,SVR,0.1450495183549342,-0.1073192962517041
O60885,BRD4,Lasso,0.1601166850098794,-0.022664815660757592
O60885,BRD4,Lasso,-2.028688472283924,-0.3217119533748241
O60885,BRD4,Lasso,0.0643048275381813,-0.3141779034675787
O60885,BRD4,Lasso,-0.3226609448901357,-0.24552999720520677
O60885,BRD4,Lasso,-0.1513317909088643,-0.27918212019507666
O60885,BRD4,Lasso,-1.649386052710737,-0.3052737660288548
O60885,BRD4,Lasso,-0.7904006494757888,-0.38955708279195284
O60885,BRD4,Lasso,0.1242166953584042,-0.14943734962322747
O60885,BRD4,Lasso,0.4109219267486075,-0.4947244844003539
O60885,BRD4,Lasso,0.2527706206922282,-0.2519984411728209
O60885,BRD4,Lasso,0.0564413551313648,-0.07433548452104458
O60885,BRD4,Lasso,-0.3640755129267775,-0.18724625470497738
O60885,BRD4,Lasso,0.0405560350012907,-0.1129941038270672
O60885,BRD4,Lasso,-1.7276234018681909,-0.4383502457286538
O60885,BRD4,Lasso,-0.1748393752404481,-0.006964660026270497
O60885,BRD4,Lasso,0.3061275938886907,-0.03196772455798638
O60885,BRD4,Lasso,0.4109532671468716,-0.41475153740448917
O60885,BRD4,Lasso,-0.3305381173189722,-0.08782129498155733
O60885,BRD4,Lasso,0.1450495183549342,-0.14615436950113622
O60885,BRD4,ElasticNet,0.1601166850098794,0.020534052386634832
O60885,BRD4,ElasticNet,-2.028688472283924,-0.36669187357657995
O60885,BRD4,ElasticNet,0.0643048275381813,-0.29509939877625996
O60885,BRD4,ElasticNet,-0.3226609448901357,-0.19130592647928207
O60885,BRD4,ElasticNet,-0.1513317909088643,-0.251993202767313
O60885,BRD4,ElasticNet,-1.649386052710737,-0.30227454023292366
O60885,BRD4,ElasticNet,-0.7904006494757888,-0.44793198965685405
O60885,BRD4,ElasticNet,0.1242166953584042,-0.1455647031575852
O60885,BRD4,ElasticNet,0.4109219267486075,-0.5904427336404398
O60885,BRD4,ElasticNet,0.2527706206922282,-0.24335099644242408
O60885,BRD4,ElasticNet,0.0564413551313648,-0.026028111063076925
O60885,BRD4,ElasticNet,-0.3640755129267775,-0.15083764074855693
O60885,BRD4,ElasticNet,0.0405560350012907,-0.050874267109480786
O60885,BRD4,ElasticNet,-1.7276234018681909,-0.4388365119689559
O60885,BRD4,ElasticNet,-0.1748393752404481,-0.11478456961867559
O60885,BRD4,ElasticNet,0.3061275938886907,-0.02011169056559467
O60885,BRD4,ElasticNet,0.4109532671468716,-0.47405217157797297
O60885,BRD4,ElasticNet,-0.3305381173189722,-0.4317584105560459
O60885,BRD4,ElasticNet,0.1450495183549342,-0.17782526484668756
O60885,BRD4,GradientBoosting,0.1601166850098794,-0.17669404754457138
O60885,BRD4,GradientBoosting,-2.028688472283924,-1.650167716909605
O60885,BRD4,GradientBoosting,0.0643048275381813,0.12596948965932003
O60885,BRD4,GradientBoosting,-0.3226609448901357,-0.3056602526740121
O60885,BRD4,GradientBoosting,-0.1513317909088643,-0.18607358486685857
O60885,BRD4,GradientBoosting,-1.649386052710737,-0.9150787061761427
O60885,BRD4,GradientBoosting,-0.7904006494757888,-0.1835803420552268
O60885,BRD4,GradientBoosting,0.1242166953584042,-0.1409545900516062
O60885,BRD4,GradientBoosting,0.4109219267486075,-0.42090957184046196
O60885,BRD4,GradientBoosting,0.2527706206922282,-0.1868735180427887
O60885,BRD4,GradientBoosting,0.0564413551313648,0.17461621207646008
O60885,BRD4,GradientBoosting,-0.3640755129267775,0.17694908643659718
O60885,BRD4,GradientBoosting,0.0405560350012907,-0.10880337322757908
O60885,BRD4,GradientBoosting,-1.7276234018681909,-1.724359250394985
O60885,BRD4,GradientBoosting,-0.1748393752404481,0.22872407485229743
O60885,BRD4,GradientBoosting,0.3061275938886907,-0.2324448740000927
O60885,BRD4,GradientBoosting,0.4109532671468716,-0.41129778076373835
O60885,BRD4,GradientBoosting,-0.3305381173189722,-0.6586819443846347
O60885,BRD4,GradientBoosting,0.1450495183549342,-0.18220853220634142
O60885,BRD4,MLP,0.1601166850098794,0.13799860318246804
O60885,BRD4,MLP,-2.028688472283924,-0.8787377382506067
O60885,BRD4,MLP,0.0643048275381813,-0.22699419784793795
O60885,BRD4,MLP,-0.3226609448901357,-0.051308086979811485
O60885,BRD4,MLP,-0.1513317909088643,-0.35938150355391785
O60885,BRD4,MLP,-1.649386052710737,-0.3274970997959097
O60885,BRD4,MLP,-0.7904006494757888,-1.235052842457096
O60885,BRD4,MLP,0.1242166953584042,0.4897050603495374
O60885,BRD4,MLP,0.4109219267486075,-0.8902501314270019
O60885,BRD4,MLP,0.2527706206922282,-0.3577334004511601
O60885,BRD4,MLP,0.0564413551313648,0.4897050603495374
O60885,BRD4,MLP,-0.3640755129267775,0.6154537122457029
O60885,BRD4,MLP,0.0405560350012907,0.1316196079303324
O60885,BRD4,MLP,-1.7276234018681909,-0.6359421185486813
O60885,BRD4,MLP,-0.1748393752404481,0.6872751942999633
O60885,BRD4,MLP,0.3061275938886907,0.4897050603495374
O60885,BRD4,MLP,0.4109532671468716,-0.42912290184550184
O60885,BRD4,MLP,-0.3305381173189722,-0.9280660757107009
O60885,BRD4,MLP,0.1450495183549342,0.4161926414320291
O75385,ULK1,RandomForest,0.7050436345170281,0.586703542461483
O75385,ULK1,RandomForest,0.417568663148411,0.2961407893734591
O75385,ULK1,RandomForest,-0.4109137139246506,0.10101631083232629
O75385,ULK1,RandomForest,-0.2991556631719786,0.10138396411261727
O75385,ULK1,RandomForest,-0.440603820390226,-0.2716979440813681
O75385,ULK1,RandomForest,0.9783003136059012,0.1586756725573762
O75385,ULK1,RandomForest,-0.6919004609767858,0.06457316974181128
O75385,ULK1,RandomForest,0.6813465981147758,-0.05614300186085737
O75385,ULK1,RandomForest,-0.2631747449954479,0.22325292650394352
O75385,ULK1,RandomForest,0.360209374687193,-0.03112648696642065
O75385,ULK1,RandomForest,0.1225827079721013,0.48811954218879466
O75385,ULK1,RandomForest,0.0473592834031739,0.16101462589157067
O75385,ULK1,RandomForest,-1.242244259858738,-0.16469921549783184
O75385,ULK1,RandomForest,-0.075830991604488,0.423467158533015
O75385,ULK1,RandomForest,1.07770137590565,0.47474906706006903
O75385,ULK1,RandomForest,0.3883869211239066,0.007373536633940771
O75385,ULK1,RandomForest,-0.26498722375155,-0.0367331177451826
O75385,ULK1,RandomForest,0.6153419613762489,0.2065400891128971
O75385,ULK1,RandomForest,-0.4311151132386316,0.04436998337535634
O75385,ULK1,XGBoost,0.7050436345170281,0.8160995841026306
O75385,ULK1,XGBoost,0.417568663148411,0.8460153937339783
O75385,ULK1,XGBoost,-0.4109137139246506,0.3660595417022705
O75385,ULK1,XGBoost,-0.2991556631719786,0.3170667290687561
O75385,ULK1,XGBoost,-0.440603820390226,-0.530150294303894
O75385,ULK1,XGBoost,0.9783003136059012,0.4704042077064514
O75385,ULK1,XGBoost,-0.6919004609767858,0.29696837067604065
O75385,ULK1,XGBoost,0.6813465981147758,-0.06009519845247269
O75385,ULK1,XGBoost,-0.2631747449954479,0.4508831799030304
O75385,ULK1,XGBoost,0.360209374687193,-0.6628042459487915
O75385,ULK1,XGBoost,0.1225827079721013,0.8247912526130676
O75385,ULK1,XGBoost,0.0473592834031739,0.23044997453689575
O75385,ULK1,XGBoost,-1.242244259858738,-0.2511952817440033
O75385,ULK1,XGBoost,-0.075830991604488,0.5546445250511169
O75385,ULK1,XGBoost,1.07770137590565,1.0727227926254272
O75385,ULK1,XGBoost,0.3883869211239066,0.4196835458278656
O75385,ULK1,XGBoost,-0.26498722375155,-0.23652297258377075
O75385,ULK1,XGBoost,0.6153419613762489,0.052960701286792755
O75385,ULK1,XGBoost,-0.4311151132386316,-0.06928203999996185
O75385,ULK1,PLS,0.7050436345170281,0.34890460898889764
O75385,ULK1,PLS,0.417568663148411,0.5478684099962761
O75385,ULK1,PLS,-0.4109137139246506,0.2465133226533171
O75385,ULK1,PLS,-0.2991556631719786,0.22291680877645947
O75385,ULK1,PLS,-0.440603820390226,-0.13444669294716965
O75385,ULK1,PLS,0.9783003136059012,0.13724345718242711
O75385,ULK1,PLS,-0.6919004609767858,0.1240266232069585
O75385,ULK1,PLS,0.6813465981147758,0.1328153056981482
O75385,ULK1,PLS,-0.2631747449954479,0.12508507564891652
O75385,ULK1,PLS,0.360209374687193,0.3531594947187964
O75385,ULK1,PLS,0.1225827079721013,0.2564149171515562
O75385,ULK1,PLS,0.0473592834031739,0.1529953297218286
O75385,ULK1,PLS,-1.242244259858738,0.12590235360505073
O75385,ULK1,PLS,-0.075830991604488,0.3677433236007217
O75385,ULK1,PLS,1.07770137590565,0.4203387044262904
O75385,ULK1,PLS,0.3883869211239066,-0.0013303722202605284
O75385,ULK1,PLS,-0.26498722375155,0.06928725304639571
O75385,ULK1,PLS,0.6153419613762489,0.903628322880079
O75385,ULK1,PLS,-0.4311151132386316,-0.06428972434532843
O75385,ULK1,SVR,0.7050436345170281,0.25095045374847175
O75385,ULK1,SVR,0.417568663148411,0.7263869721254108
O75385,ULK1,SVR,-0.4109137139246506,0.39545547625466043
O75385,ULK1,SVR,-0.2991556631719786,0.5920258252056823
O75385,ULK1,SVR,-0.440603820390226,-0.0475363255880053
O75385,ULK1,SVR,0.9783003136059012,0.4630385268323531
O75385,ULK1,SVR,-0.6919004609767858,0.33877234852596255
O75385,ULK1,SVR,0.6813465981147758,0.14196520431139364
O75385,ULK1,SVR,-0.2631747449954479,0.1432097182718059
O75385,ULK1,SVR,0.360209374687193,0.7923859312924275
O75385,ULK1,SVR,0.1225827079721013,0.2913694497342227
O75385,ULK1,SVR,0.0473592834031739,0.28595237973032955
O75385,ULK1,SVR,-1.242244259858738,0.20617639378247016
O75385,ULK1,SVR,-0.075830991604488,0.5512044337609925
O75385,ULK1,SVR,1.07770137590565,0.4849635739570703
O75385,ULK1,SVR,0.3883869211239066,-0.053251881629822806
O75385,ULK1,SVR,-0.26498722375155,0.09495648127004269
O75385,ULK1,SVR,0.6153419613762489,0.7847400825492927
O75385,ULK1,SVR,-0.4311151132386316,0.10309612273765767
O75385,ULK1,Lasso,0.7050436345170281,0.24816083464370048
O75385,ULK1,Lasso,0.417568663148411,0.37797788406125543
O75385,ULK1,Lasso,-0.4109137139246506,0.18877590501012673
O75385,ULK1,Lasso,-0.2991556631719786,0.13548699498100705
O75385,ULK1,Lasso,-0.440603820390226,0.049602097768671
O75385,ULK1,Lasso,0.9783003136059012,0.16625069692293581
O75385,ULK1,Lasso,-0.6919004609767858,0.09671734551422125
O75385,ULK1,Lasso,0.6813465981147758,0.17319784717214493
O75385,ULK1,Lasso,-0.2631747449954479,0.21191529254666158
O75385,ULK1,Lasso,0.360209374687193,0.12444108707316616
O75385,ULK1,Lasso,0.1225827079721013,0.3000836511875311
O75385,ULK1,Lasso,0.0473592834031739,0.10587731096363018
O75385,ULK1,Lasso,-1.242244259858738,0.14710771052032684
O75385,ULK1,Lasso,-0.075830991604488,0.25023539615631446
O75385,ULK1,Lasso,1.07770137590565,0.3692314614591652
O75385,ULK1,Lasso,0.3883869211239066,0.12342140263881946
O75385,ULK1,Lasso,-0.26498722375155,0.1651427556581228
O75385,ULK1,Lasso,0.6153419613762489,0.2817681993873167
O75385,ULK1,Lasso,-0.4311151132386316,0.12774440912630491
O75385,ULK1,ElasticNet,0.7050436345170281,0.27574184304714666
O75385,ULK1,ElasticNet,0.417568663148411,0.4375991729683402
O75385,ULK1,ElasticNet,-0.4109137139246506,0.22813239502134652
O75385,ULK1,ElasticNet,-0.2991556631719786,0.13244945303252476
O75385,ULK1,ElasticNet,-0.440603820390226,-0.019966205833059525
O75385,ULK1,ElasticNet,0.9783003136059012,0.15900391131791558
O75385,ULK1,ElasticNet,-0.6919004609767858,0.056196077130888145
O75385,ULK1,ElasticNet,0.6813465981147758,0.19751560297835577
O75385,ULK1,ElasticNet,-0.2631747449954479,0.18761808256614212
O75385,ULK1,ElasticNet,0.360209374687193,0.10833802208150488
O75385,ULK1,ElasticNet,0.1225827079721013,0.32749629380849254
O75385,ULK1,ElasticNet,0.0473592834031739,0.12929163531942284
O75385,ULK1,ElasticNet,-1.242244259858738,0.1419846368591444
O75385,ULK1,ElasticNet,-0.075830991604488,0.30152250295933825
O75385,ULK1,ElasticNet,1.07770137590565,0.44044978094698906
O75385,ULK1,ElasticNet,0.3883869211239066,0.11067533626511372
O75385,ULK1,ElasticNet,-0.26498722375155,0.11851680729504135
O75385,ULK1,ElasticNet,0.6153419613762489,0.388652504409113
O75385,ULK1,ElasticNet,-0.4311151132386316,0.05648303016740533
O75385,ULK1,GradientBoosting,0.7050436345170281,1.1891966656167217
O75385,ULK1,GradientBoosting,0.417568663148411,0.35902189218079217
O75385,ULK1,GradientBoosting,-0.4109137139246506,0.13039079200181744
O75385,ULK1,GradientBoosting,-0.2991556631719786,0.37513496392375173
O75385,ULK1,GradientBoosting,-0.440603820390226,-0.5828047386132336
O75385,ULK1,GradientBoosting,0.9783003136059012,0.591459500138873
O75385,ULK1,GradientBoosting,-0.6919004609767858,0.03275833162273923
O75385,ULK1,GradientBoosting,0.6813465981147758,-0.22964063141361238
O75385,ULK1,GradientBoosting,-0.2631747449954479,0.45429029162052015
O75385,ULK1,GradientBoosting,0.360209374687193,-0.3554884809135052
O75385,ULK1,GradientBoosting,0.1225827079721013,0.7110542119541057
O75385,ULK1,GradientBoosting,0.0473592834031739,0.03831032038275726
O75385,ULK1,GradientBoosting,-1.242244259858738,-0.2022169727694463
O75385,ULK1,GradientBoosting,-0.075830991604488,0.4155738450339801
O75385,ULK1,GradientBoosting,1.07770137590565,0.9363725318115231
O75385,ULK1,GradientBoosting,0.3883869211239066,0.6609264167022671
O75385,ULK1,GradientBoosting,-0.26498722375155,-0.09953100383208269
O75385,ULK1,GradientBoosting,0.6153419613762489,-0.3135618349887019
O75385,ULK1,GradientBoosting,-0.4311151132386316,-0.3288013864820106
O75385,ULK1,MLP,0.7050436345170281,0.3924737749395034
O75385,ULK1,MLP,0.417568663148411,0.06582672086178379
O75385,ULK1,MLP,-0.4109137139246506,-0.30836495763701743
O75385,ULK1,MLP,-0.2991556631719786,0.3839645083222214
O75385,ULK1,MLP,-0.440603820390226,0.46640235903558713
O75385,ULK1,MLP,0.9783003136059012,0.31124310846104697
O75385,ULK1,MLP,-0.6919004609767858,0.432055623652012
O75385,ULK1,MLP,0.6813465981147758,-0.11699276284219698
O75385,ULK1,MLP,-0.2631747449954479,0.17385805640413987
O75385,ULK1,MLP,0.360209374687193,0.03312378143805558
O75385,ULK1,MLP,0.1225827079721013,-0.02844727284557333
O75385,ULK1,MLP,0.0473592834031739,0.07424363957127181
O75385,ULK1,MLP,-1.242244259858738,-0.04026499916807094
O75385,ULK1,MLP,-0.075830991604488,0.08132477109910216
O75385,ULK1,MLP,1.07770137590565,0.613130098776714
O75385,ULK1,MLP,0.3883869211239066,0.14009058261567545
O75385,ULK1,MLP,-0.26498722375155,0.11283652258475564
O75385,ULK1,MLP,0.6153419613762489,0.10149063171011391
O75385,ULK1,MLP,-0.4311151132386316,-0.31558753951493423
O75676,RPS6KA4,RandomForest,-0.2728540322386683,-0.4411853382905511
O75676,RPS6KA4,RandomForest,0.3012320093944458,0.42157500740084963
O75676,RPS6KA4,RandomForest,-0.0093811194333891,-0.20674394847147276
O75676,RPS6KA4,RandomForest,0.8619128371770585,0.2651708060083541
O75676,RPS6KA4,RandomForest,0.1018384126914008,-1.218671952154271
O75676,RPS6KA4,RandomForest,1.5391121684038351,-1.6362022454955953
O75676,RPS6KA4,RandomForest,1.0126211804741618,0.1927486845005467
O75676,RPS6KA4,RandomForest,-0.9949065341464928,-1.2205008536746713
O75676,RPS6KA4,RandomForest,-1.2964490474251424,-0.6335510681914887
O75676,RPS6KA4,RandomForest,-0.8448100714472869,-0.14469161110972917
O75676,RPS6KA4,RandomForest,0.7995011620913968,-1.352621819148824
O75676,RPS6KA4,RandomForest,1.8299457232992025,-0.08200865846081179
O75676,RPS6KA4,RandomForest,-0.3272336375132318,-1.203764293078971
O75676,RPS6KA4,RandomForest,0.3579134878778895,0.2978783707664688
O75676,RPS6KA4,RandomForest,-0.3106486609940593,0.2577389639602612
O75676,RPS6KA4,RandomForest,0.152274579207349,-1.153020500020266
O75676,RPS6KA4,RandomForest,-1.7116153816704769,-0.8759217063775522
O75676,RPS6KA4,RandomForest,0.6324604801816277,-0.9220533632346517
O75676,RPS6KA4,RandomForest,0.6534459252279633,0.2167003105324669
O75676,RPS6KA4,XGBoost,-0.2728540322386683,0.2755800783634186
O75676,RPS6KA4,XGBoost,0.3012320093944458,0.8341847658157349
O75676,RPS6KA4,XGBoost,-0.0093811194333891,0.2370806485414505
O75676,RPS6KA4,XGBoost,0.8619128371770585,0.5430775284767151
O75676,RPS6KA4,XGBoost,0.1018384126914008,-2.330327033996582
O75676,RPS6KA4,XGBoost,1.5391121684038351,-2.0078389644622803
O75676,RPS6KA4,XGBoost,1.0126211804741618,0.2629321217536926
O75676,RPS6KA4,XGBoost,-0.9949065341464928,-0.039464760571718216
O75676,RPS6KA4,XGBoost,-1.2964490474251424,-0.9727762937545776
O75676,RPS6KA4,XGBoost,-0.8448100714472869,-1.3108971118927002
O75676,RPS6KA4,XGBoost,0.7995011620913968,-2.6551127433776855
O75676,RPS6KA4,XGBoost,1.8299457232992025,-1.2014316320419312
O75676,RPS6KA4,XGBoost,-0.3272336375132318,-0.3443492650985718
O75676,RPS6KA4,XGBoost,0.3579134878778895,0.5452297329902649
O75676,RPS6KA4,XGBoost,-0.3106486609940593,0.4818384647369385
O75676,RPS6KA4,XGBoost,0.152274579207349,-1.988281488418579
O75676,RPS6KA4,XGBoost,-1.7116153816704769,0.1741180270910263
O75676,RPS6KA4,XGBoost,0.6324604801816277,-1.0172333717346191
O75676,RPS6KA4,XGBoost,0.6534459252279633,0.5479587316513062
O75676,RPS6KA4,PLS,-0.2728540322386683,-0.854079020096837
O75676,RPS6KA4,PLS,0.3012320093944458,-0.3856307342371096
O75676,RPS6KA4,PLS,-0.0093811194333891,-0.35019330060390347
O75676,RPS6KA4,PLS,0.8619128371770585,0.7978499082177425
O75676,RPS6KA4,PLS,0.1018384126914008,-0.7170447154892314
O75676,RPS6KA4,PLS,1.5391121684038351,-0.6102709595525022
O75676,RPS6KA4,PLS,1.0126211804741618,0.9794224914974731
O75676,RPS6KA4,PLS,-0.9949065341464928,-1.1460170640731904
O75676,RPS6KA4,PLS,-1.2964490474251424,-0.5883231999637819
O75676,RPS6KA4,PLS,-0.8448100714472869,-0.013283485283029445
O75676,RPS6KA4,PLS,0.7995011620913968,-0.6960734623879097
O75676,RPS6KA4,PLS,1.8299457232992025,-0.08502782435839817
O75676,RPS6KA4,PLS,-0.3272336375132318,-0.6585154694610669
O75676,RPS6KA4,PLS,0.3579134878778895,-0.20037700690870663
O75676,RPS6KA4,PLS,-0.3106486609940593,0.19789589713694533
O75676,RPS6KA4,PLS,0.152274579207349,-0.7306617071996147
O75676,RPS6KA4,PLS,-1.7116153816704769,-0.8751309985629824
O75676,RPS6KA4,PLS,0.6324604801816277,-0.6275993738746604
O75676,RPS6KA4,PLS,0.6534459252279633,0.0688195470096592
O75676,RPS6KA4,SVR,-0.2728540322386683,-0.2507058061164671
O75676,RPS6KA4,SVR,0.3012320093944458,0.05602072649109545
O75676,RPS6KA4,SVR,-0.0093811194333891,0.17346830250299972
O75676,RPS6KA4,SVR,0.8619128371770585,0.49732473975125346
O75676,RPS6KA4,SVR,0.1018384126914008,0.006442949199531131
O75676,RPS6KA4,SVR,1.5391121684038351,-0.050639960691656785
O75676,RPS6KA4,SVR,1.0126211804741618,0.646258407755461
O75676,RPS6KA4,SVR,-0.9949065341464928,-0.14602987447948768
O75676,RPS6KA4,SVR,-1.2964490474251424,-0.17944331250043266
O75676,RPS6KA4,SVR,-0.8448100714472869,0.007133925332083554
O75676,RPS6KA4,SVR,0.7995011620913968,0.05356659879004998
O75676,RPS6KA4,SVR,1.8299457232992025,0.09737286529782628
O75676,RPS6KA4,SVR,-0.3272336375132318,0.1329720122907716
O75676,RPS6KA4,SVR,0.3579134878778895,0.045123837084813254
O75676,RPS6KA4,SVR,-0.3106486609940593,0.17867632884783813
O75676,RPS6KA4,SVR,0.152274579207349,-0.15871247770417918
O75676,RPS6KA4,SVR,-1.7116153816704769,-0.4611903245144262
O75676,RPS6KA4,SVR,0.6324604801816277,0.15032410752813297
O75676,RPS6KA4,SVR,0.6534459252279633,0.1705939594924306
O75676,RPS6KA4,Lasso,-0.2728540322386683,-0.6286190469343376
O75676,RPS6KA4,Lasso,0.3012320093944458,-0.3257213754290034
O75676,RPS6KA4,Lasso,-0.0093811194333891,-0.1488520168927443
O75676,RPS6KA4,Lasso,0.8619128371770585,0.3711883940257302
O75676,RPS6KA4,Lasso,0.1018384126914008,-0.4539656389739147
O75676,RPS6KA4,Lasso,1.5391121684038351,-0.4490197998573432
O75676,RPS6KA4,Lasso,1.0126211804741618,0.46893304705303734
O75676,RPS6KA4,Lasso,-0.9949065341464928,-0.6275605752950719
O75676,RPS6KA4,Lasso,-1.2964490474251424,-0.44426856116852076
O75676,RPS6KA4,Lasso,-0.8448100714472869,-0.169171898068117
O75676,RPS6KA4,Lasso,0.7995011620913968,-0.40086675290921087
O75676,RPS6KA4,Lasso,1.8299457232992025,-0.16319639302259487
O75676,RPS6KA4,Lasso,-0.3272336375132318,-0.331210279303392
O75676,RPS6KA4,Lasso,0.3579134878778895,-0.26453790122883314
O75676,RPS6KA4,Lasso,-0.3106486609940593,-0.011708477358655961
O75676,RPS6KA4,Lasso,0.152274579207349,-0.501765126388579
O75676,RPS6KA4,Lasso,-1.7116153816704769,-0.6576031729720603
O75676,RPS6KA4,Lasso,0.6324604801816277,-0.3100407989341646
O75676,RPS6KA4,Lasso,0.6534459252279633,-0.08670802969751279
O75676,RPS6KA4,ElasticNet,-0.2728540322386683,-0.6851131684043685
O75676,RPS6KA4,ElasticNet,0.3012320093944458,-0.3266023125497256
O75676,RPS6KA4,ElasticNet,-0.0093811194333891,-0.1858226381553611
O75676,RPS6KA4,ElasticNet,0.8619128371770585,0.4466308007613722
O75676,RPS6KA4,ElasticNet,0.1018384126914008,-0.4893443895599201
O75676,RPS6KA4,ElasticNet,1.5391121684038351,-0.4935712943983363
O75676,RPS6KA4,ElasticNet,1.0126211804741618,0.5991068450419683
O75676,RPS6KA4,ElasticNet,-0.9949065341464928,-0.7454246882340079
O75676,RPS6KA4,ElasticNet,-1.2964490474251424,-0.512730995122642
O75676,RPS6KA4,ElasticNet,-0.8448100714472869,-0.17318842969314746
O75676,RPS6KA4,ElasticNet,0.7995011620913968,-0.42491372916732967
O75676,RPS6KA4,ElasticNet,1.8299457232992025,-0.17460318921105228
O75676,RPS6KA4,ElasticNet,-0.3272336375132318,-0.3763781394556147
O75676,RPS6KA4,ElasticNet,0.3579134878778895,-0.24778376357226392
O75676,RPS6KA4,ElasticNet,-0.3106486609940593,0.006185353559305745
O75676,RPS6KA4,ElasticNet,0.152274579207349,-0.5738835578693591
O75676,RPS6KA4,ElasticNet,-1.7116153816704769,-0.7747215709771472
O75676,RPS6KA4,ElasticNet,0.6324604801816277,-0.3135937229488238
O75676,RPS6KA4,ElasticNet,0.6534459252279633,-0.05461425667630754
O75676,RPS6KA4,GradientBoosting,-0.2728540322386683,-0.3632953213526665
O75676,RPS6KA4,GradientBoosting,0.3012320093944458,0.4199589701727361
O75676,RPS6KA4,GradientBoosting,-0.0093811194333891,-0.5332278744033526
O75676,RPS6KA4,GradientBoosting,0.8619128371770585,0.17500108985869284
O75676,RPS6KA4,GradientBoosting,0.1018384126914008,-2.78997027034767
O75676,RPS6KA4,GradientBoosting,1.5391121684038351,-2.5168237120989794
O75676,RPS6KA4,GradientBoosting,1.0126211804741618,0.153759488761389
O75676,RPS6KA4,GradientBoosting,-0.9949065341464928,-0.6181158401389631
O75676,RPS6KA4,GradientBoosting,-1.2964490474251424,-0.20781100547833173
O75676,RPS6KA4,GradientBoosting,-0.8448100714472869,-0.5551811744779541
O75676,RPS6KA4,GradientBoosting,0.7995011620913968,-2.1259728783618974
O75676,RPS6KA4,GradientBoosting,1.8299457232992025,-0.4657264989479536
O75676,RPS6KA4,GradientBoosting,-0.3272336375132318,-1.0860408208823948
O75676,RPS6KA4,GradientBoosting,0.3579134878778895,0.441249701088978
O75676,RPS6KA4,GradientBoosting,-0.3106486609940593,0.3079881937039744
O75676,RPS6KA4,GradientBoosting,0.152274579207349,-2.5035764288234406
O75676,RPS6KA4,GradientBoosting,-1.7116153816704769,-0.02395331053183422
O75676,RPS6KA4,GradientBoosting,0.6324604801816277,-0.7703112895809271
O75676,RPS6KA4,GradientBoosting,0.6534459252279633,0.34568051204493677
O75676,RPS6KA4,MLP,-0.2728540322386683,-1.1257926678783314
O75676,RPS6KA4,MLP,0.3012320093944458,-0.36150521170400396
O75676,RPS6KA4,MLP,-0.0093811194333891,-0.29090223697902207
O75676,RPS6KA4,MLP,0.8619128371770585,-0.37244652098155745
O75676,RPS6KA4,MLP,0.1018384126914008,-0.7161833133571339
O75676,RPS6KA4,MLP,1.5391121684038351,-0.7131062710148981
O75676,RPS6KA4,MLP,1.0126211804741618,0.2506509254362067
O75676,RPS6KA4,MLP,-0.9949065341464928,-0.9632116419339357
O75676,RPS6KA4,MLP,-1.2964490474251424,-0.3729176195522064
O75676,RPS6KA4,MLP,-0.8448100714472869,-0.26228696136987695
O75676,RPS6KA4,MLP,0.7995011620913968,-0.6772332450298935
O75676,RPS6KA4,MLP,1.8299457232992025,-0.3514750514138099
O75676,RPS6KA4,MLP,-0.3272336375132318,-0.6477862118595565
O75676,RPS6KA4,MLP,0.3579134878778895,-0.13629322117517895
O75676,RPS6KA4,MLP,-0.3106486609940593,-0.30748759935384284
O75676,RPS6KA4,MLP,0.152274579207349,-0.7696235554880302
O75676,RPS6KA4,MLP,-1.7116153816704769,-0.6796124501187204
O75676,RPS6KA4,MLP,0.6324604801816277,-0.46055354688590666
O75676,RPS6KA4,MLP,0.6534459252279633,0.13294007305836397
O76039,CDKL5,RandomForest,0.3928518382035812,-0.814639863163761
O76039,CDKL5,RandomForest,0.1024874178426995,-0.46425118784236846
O76039,CDKL5,RandomForest,0.3386390699243007,0.9135650619220658
O76039,CDKL5,RandomForest,0.833742757797465,0.9241618212353088
O76039,CDKL5,RandomForest,1.5358779710768868,1.082385186395
O76039,CDKL5,RandomForest,0.1374477526335377,-0.16922964844276955
O76039,CDKL5,RandomForest,0.8356774666562217,-0.18996801927462353
O76039,CDKL5,RandomForest,-1.5296028567534876,-0.3973573202051317
O76039,CDKL5,RandomForest,-1.4377662885921476,-0.6884722747746082
O76039,CDKL5,RandomForest,0.5169198710330293,-0.46782019879099307
O76039,CDKL5,RandomForest,-0.5116575092055117,-0.7910079158808324
O76039,CDKL5,RandomForest,0.4959728932405339,-0.07828962813168394
O76039,CDKL5,RandomForest,-0.5131665931414627,-0.31130953359890634
O76039,CDKL5,RandomForest,0.5160793989556955,-0.49941446381271987
O76039,CDKL5,RandomForest,-0.1694940457715284,-0.6959965250243016
O76039,CDKL5,RandomForest,-1.0585907780049852,-0.7695515717914148
O76039,CDKL5,RandomForest,-0.9547017944864694,-0.768819619508782
O76039,CDKL5,RandomForest,-0.7983045842330989,-0.27451808529151406
O76039,CDKL5,RandomForest,-0.1303053676318437,-0.699238279390037
O76039,CDKL5,XGBoost,0.3928518382035812,-0.6083933711051941
O76039,CDKL5,XGBoost,0.1024874178426995,-1.1853151321411133
O76039,CDKL5,XGBoost,0.3386390699243007,1.7947735786437988
O76039,CDKL5,XGBoost,0.833742757797465,1.7947735786437988
O76039,CDKL5,XGBoost,1.5358779710768868,1.5836364030838013
O76039,CDKL5,XGBoost,0.1374477526335377,0.09210161119699478
O76039,CDKL5,XGBoost,0.8356774666562217,-0.44636666774749756
O76039,CDKL5,XGBoost,-1.5296028567534876,-0.8048439025878906
O76039,CDKL5,XGBoost,-1.4377662885921476,-1.2309989929199219
O76039,CDKL5,XGBoost,0.5169198710330293,-1.54811692237854
O76039,CDKL5,XGBoost,-0.5116575092055117,-0.16615259647369385
O76039,CDKL5,XGBoost,0.4959728932405339,0.25284913182258606
O76039,CDKL5,XGBoost,-0.5131665931414627,-0.023966841399669647
O76039,CDKL5,XGBoost,0.5160793989556955,-0.7990015745162964
O76039,CDKL5,XGBoost,-0.1694940457715284,-0.3421073257923126
O76039,CDKL5,XGBoost,-1.0585907780049852,-0.7185865044593811
O76039,CDKL5,XGBoost,-0.9547017944864694,-1.212367296218872
O76039,CDKL5,XGBoost,-0.7983045842330989,-0.526050329208374
O76039,CDKL5,XGBoost,-0.1303053676318437,-0.11605650186538696
O76039,CDKL5,PLS,0.3928518382035812,-0.6570802506729457
O76039,CDKL5,PLS,0.1024874178426995,-0.3034633867780213
O76039,CDKL5,PLS,0.3386390699243007,0.2592209285084358
O76039,CDKL5,PLS,0.833742757797465,0.2859370005230231
O76039,CDKL5,PLS,1.5358779710768868,0.42254749293270677
O76039,CDKL5,PLS,0.1374477526335377,-0.2623996364775398
O76039,CDKL5,PLS,0.8356774666562217,-0.08211077036222039
O76039,CDKL5,PLS,-1.5296028567534876,0.10255786248578092
O76039,CDKL5,PLS,-1.4377662885921476,-0.40574202331559844
O76039,CDKL5,PLS,0.5169198710330293,-0.09083270645404647
O76039,CDKL5,PLS,-0.5116575092055117,-0.12928652653332423
O76039,CDKL5,PLS,0.4959728932405339,-0.4818879517064788
O76039,CDKL5,PLS,-0.5131665931414627,-0.09961380304665676
O76039,CDKL5,PLS,0.5160793989556955,-1.0897250738045692
O76039,CDKL5,PLS,-0.1694940457715284,0.131960188955014
O76039,CDKL5,PLS,-1.0585907780049852,-0.37524357398264274
O76039,CDKL5,PLS,-0.9547017944864694,-0.2784589963853532
O76039,CDKL5,PLS,-0.7983045842330989,-0.3036680187916426
O76039,CDKL5,PLS,-0.1303053676318437,-0.07925427268368378
O76039,CDKL5,SVR,0.3928518382035812,0.21445461916688724
O76039,CDKL5,SVR,0.1024874178426995,-0.1340890630032956
O76039,CDKL5,SVR,0.3386390699243007,0.42982052761094214
O76039,CDKL5,SVR,0.833742757797465,0.41166280007138556
O76039,CDKL5,SVR,1.5358779710768868,0.6223191508022893
O76039,CDKL5,SVR,0.1374477526335377,0.03950389803881517
O76039,CDKL5,SVR,0.8356774666562217,-0.3694805805530438
O76039,CDKL5,SVR,-1.5296028567534876,0.2993127291756005
O76039,CDKL5,SVR,-1.4377662885921476,-0.03826370036465308
O76039,CDKL5,SVR,0.5169198710330293,-0.1680718436320533
O76039,CDKL5,SVR,-0.5116575092055117,0.009572624400265028
O76039,CDKL5,SVR,0.4959728932405339,-0.556894012225377
O76039,CDKL5,SVR,-0.5131665931414627,0.055691684584162196
O76039,CDKL5,SVR,0.5160793989556955,-1.2875179350680148
O76039,CDKL5,SVR,-0.1694940457715284,0.5366572445219793
O76039,CDKL5,SVR,-1.0585907780049852,0.09734852547708468
O76039,CDKL5,SVR,-0.9547017944864694,0.05973772945970486
O76039,CDKL5,SVR,-0.7983045842330989,-0.7908009366087442
O76039,CDKL5,SVR,-0.1303053676318437,0.06240110209757417
O76039,CDKL5,Lasso,0.3928518382035812,-0.4968169470085626
O76039,CDKL5,Lasso,0.1024874178426995,-0.24642600604365156
O76039,CDKL5,Lasso,0.3386390699243007,-0.007125126682799743
O76039,CDKL5,Lasso,0.833742757797465,0.012802782901070453
O76039,CDKL5,Lasso,1.5358779710768868,0.023785566080681886
O76039,CDKL5,Lasso,0.1374477526335377,-0.25324520353652624
O76039,CDKL5,Lasso,0.8356774666562217,-0.05443769417209947
O76039,CDKL5,Lasso,-1.5296028567534876,-0.08817981641711091
O76039,CDKL5,Lasso,-1.4377662885921476,-0.2926489333800596
O76039,CDKL5,Lasso,0.5169198710330293,-0.07988992044134736
O76039,CDKL5,Lasso,-0.5116575092055117,-0.15050859571344358
O76039,CDKL5,Lasso,0.4959728932405339,-0.2364929354235502
O76039,CDKL5,Lasso,-0.5131665931414627,-0.15480698365648082
O76039,CDKL5,Lasso,0.5160793989556955,-0.45587535396821416
O76039,CDKL5,Lasso,-0.1694940457715284,-0.09808047746871074
O76039,CDKL5,Lasso,-1.0585907780049852,-0.3023218878477872
O76039,CDKL5,Lasso,-0.9547017944864694,-0.25017954412426796
O76039,CDKL5,Lasso,-0.7983045842330989,-0.07847105430731834
O76039,CDKL5,Lasso,-0.1303053676318437,-0.14033176368131503
O76039,CDKL5,ElasticNet,0.3928518382035812,-0.5556562611258862
O76039,CDKL5,ElasticNet,0.1024874178426995,-0.2672771076377949
O76039,CDKL5,ElasticNet,0.3386390699243007,0.10586385432318762
O76039,CDKL5,ElasticNet,0.833742757797465,0.12801856772954295
O76039,CDKL5,ElasticNet,1.5358779710768868,0.19621006824986248
O76039,CDKL5,ElasticNet,0.1374477526335377,-0.2526858267243811
O76039,CDKL5,ElasticNet,0.8356774666562217,-0.07044086575178068
O76039,CDKL5,ElasticNet,-1.5296028567534876,-0.00493165204444615
O76039,CDKL5,ElasticNet,-1.4377662885921476,-0.33864793540147387
O76039,CDKL5,ElasticNet,0.5169198710330293,-0.08860391464045313
O76039,CDKL5,ElasticNet,-0.5116575092055117,-0.14142582375037835
O76039,CDKL5,ElasticNet,0.4959728932405339,-0.34352686804041427
O76039,CDKL5,ElasticNet,-0.5131665931414627,-0.1296749590180007
O76039,CDKL5,ElasticNet,0.5160793989556955,-0.7273123883966867
O76039,CDKL5,ElasticNet,-0.1694940457715284,0.0019107456864870809
O76039,CDKL5,ElasticNet,-1.0585907780049852,-0.32999569547853513
O76039,CDKL5,ElasticNet,-0.9547017944864694,-0.2592313858368651
O76039,CDKL5,ElasticNet,-0.7983045842330989,-0.18295646095267076
O76039,CDKL5,ElasticNet,-0.1303053676318437,-0.11335494056772231
O76039,CDKL5,GradientBoosting,0.3928518382035812,-0.5133653851102652
O76039,CDKL5,GradientBoosting,0.1024874178426995,-0.6819994504569449
O76039,CDKL5,GradientBoosting,0.3386390699243007,1.4655129164845646
O76039,CDKL5,GradientBoosting,0.833742757797465,1.4161391823101983
O76039,CDKL5,GradientBoosting,1.5358779710768868,1.97657235883572
O76039,CDKL5,GradientBoosting,0.1374477526335377,0.14640739697470403
O76039,CDKL5,GradientBoosting,0.8356774666562217,-0.33951605202214663
O76039,CDKL5,GradientBoosting,-1.5296028567534876,-0.442234958677313
O76039,CDKL5,GradientBoosting,-1.4377662885921476,-0.7766271560693121
O76039,CDKL5,GradientBoosting,0.5169198710330293,-0.2199761898372617
O76039,CDKL5,GradientBoosting,-0.5116575092055117,-1.2267687219233303
O76039,CDKL5,GradientBoosting,0.4959728932405339,0.03253030700249983
O76039,CDKL5,GradientBoosting,-0.5131665931414627,0.3170206140537884
O76039,CDKL5,GradientBoosting,0.5160793989556955,-0.7024889814852108
O76039,CDKL5,GradientBoosting,-0.1694940457715284,-1.0681121938572269
O76039,CDKL5,GradientBoosting,-1.0585907780049852,-0.2813284105452969
O76039,CDKL5,GradientBoosting,-0.9547017944864694,-0.6825895264243114
O76039,CDKL5,GradientBoosting,-0.7983045842330989,-0.17369340474186903
O76039,CDKL5,GradientBoosting,-0.1303053676318437,-1.0110065217492727
O76039,CDKL5,MLP,0.3928518382035812,-0.08517985039407404
O76039,CDKL5,MLP,0.1024874178426995,-0.13380411397095007
O76039,CDKL5,MLP,0.3386390699243007,-0.17620600065504222
O76039,CDKL5,MLP,0.833742757797465,-0.17620600065504222
O76039,CDKL5,MLP,1.5358779710768868,-0.17620600065504222
O76039,CDKL5,MLP,0.1374477526335377,-0.14170007779802424
O76039,CDKL5,MLP,0.8356774666562217,-0.17620600065504222
O76039,CDKL5,MLP,-1.5296028567534876,-0.17620600065504222
O76039,CDKL5,MLP,-1.4377662885921476,-0.16768022386328613
O76039,CDKL5,MLP,0.5169198710330293,-0.17620600065504222
O76039,CDKL5,MLP,-0.5116575092055117,-0.17620600065504222
O76039,CDKL5,MLP,0.4959728932405339,-0.3777406901794746
O76039,CDKL5,MLP,-0.5131665931414627,-0.17620600065504222
O76039,CDKL5,MLP,0.5160793989556955,-1.0575773503345345
O76039,CDKL5,MLP,-0.1694940457715284,-0.17620600065504222
O76039,CDKL5,MLP,-1.0585907780049852,-0.16701550609156723
O76039,CDKL5,MLP,-0.9547017944864694,-0.16825383181578416
O76039,CDKL5,MLP,-0.7983045842330989,-0.35420062001330194
O76039,CDKL5,MLP,-0.1303053676318437,-0.17620600065504222
O94804,STK10,RandomForest,-0.4391999360396594,0.38789231991245443
O94804,STK10,RandomForest,1.4657632145768422,0.08118778286306247
O94804,STK10,RandomForest,0.2764447422816003,0.08059943117689737
O94804,STK10,RandomForest,-1.0013753741983455,0.03777567967146039
O94804,STK10,RandomForest,-0.3496543655556848,0.32099350452266523
O94804,STK10,RandomForest,2.3060680021781987,0.5133395529684887
O94804,STK10,RandomForest,-0.361012791250292,0.6719557731668004
O94804,STK10,RandomForest,0.4830508618605038,-0.3044512901419276
O94804,STK10,RandomForest,1.0062080983186144,-0.3181470947324108
O94804,STK10,RandomForest,-1.0428553197754358,0.13797913818980265
O94804,STK10,RandomForest,1.212039182145208,-0.07185664172349994
O94804,STK10,RandomForest,-0.8210316780173593,-0.35160487110580246
O94804,STK10,RandomForest,2.502307753674625,0.42647255299634956
O94804,STK10,RandomForest,1.576758842004803,0.5024588040869201
O94804,STK10,RandomForest,0.1728917963798907,-0.05992648236823817
O94804,STK10,RandomForest,1.1181873869822834,-0.48867474971700303
O94804,STK10,RandomForest,1.8132065372231296,0.08021623581796308
O94804,STK10,RandomForest,-1.3508461508187175,0.48732006470601774
O94804,STK10,RandomForest,1.6329591834409092,0.24438777086538818
O94804,STK10,XGBoost,-0.4391999360396594,0.9805784821510315
O94804,STK10,XGBoost,1.4657632145768422,-0.2706528604030609
O94804,STK10,XGBoost,0.2764447422816003,0.018044518306851387
O94804,STK10,XGBoost,-1.0013753741983455,0.5938368439674377
O94804,STK10,XGBoost,-0.3496543655556848,0.18333059549331665
O94804,STK10,XGBoost,2.3060680021781987,0.38267070055007935
O94804,STK10,XGBoost,-0.361012791250292,0.48528873920440674
O94804,STK10,XGBoost,0.4830508618605038,-0.2526688277721405
O94804,STK10,XGBoost,1.0062080983186144,-0.3787376582622528
O94804,STK10,XGBoost,-1.0428553197754358,0.5934940576553345
O94804,STK10,XGBoost,1.212039182145208,-0.41724342107772827
O94804,STK10,XGBoost,-0.8210316780173593,-0.3122501075267792
O94804,STK10,XGBoost,2.502307753674625,0.16841422021389008
O94804,STK10,XGBoost,1.576758842004803,0.7577832937240601
O94804,STK10,XGBoost,0.1728917963798907,0.27384597063064575
O94804,STK10,XGBoost,1.1181873869822834,0.3741978704929352
O94804,STK10,XGBoost,1.8132065372231296,0.4261171817779541
O94804,STK10,XGBoost,-1.3508461508187175,0.6065064072608948
O94804,STK10,XGBoost,1.6329591834409092,0.3607306480407715
O94804,STK10,PLS,-0.4391999360396594,0.3989279705437777
O94804,STK10,PLS,1.4657632145768422,-0.17844133461923445
O94804,STK10,PLS,0.2764447422816003,-0.2135273802635514
O94804,STK10,PLS,-1.0013753741983455,-0.07559508360555943
O94804,STK10,PLS,-0.3496543655556848,0.6570803964733284
O94804,STK10,PLS,2.3060680021781987,0.42180608771676165
O94804,STK10,PLS,-0.361012791250292,0.210578378184815
O94804,STK10,PLS,0.4830508618605038,-0.7440689090758061
O94804,STK10,PLS,1.0062080983186144,-0.6098268123336366
O94804,STK10,PLS,-1.0428553197754358,-0.083545304943915
O94804,STK10,PLS,1.212039182145208,-0.3144746148874235
O94804,STK10,PLS,-0.8210316780173593,-0.7935064605661277
O94804,STK10,PLS,2.502307753674625,0.5202112729141992
O94804,STK10,PLS,1.576758842004803,0.4309815522470694
O94804,STK10,PLS,0.1728917963798907,-0.38768914896667156
O94804,STK10,PLS,1.1181873869822834,-0.6441872484223653
O94804,STK10,PLS,1.8132065372231296,0.007027516375663609
O94804,STK10,PLS,-1.3508461508187175,0.30307967093094496
O94804,STK10,PLS,1.6329591834409092,0.307036873231856
O94804,STK10,SVR,-0.4391999360396594,0.41294385995493044
O94804,STK10,SVR,1.4657632145768422,-0.3527097897172178
O94804,STK10,SVR,0.2764447422816003,0.4390734113295818
O94804,STK10,SVR,-1.0013753741983455,-0.4028438777579427
O94804,STK10,SVR,-0.3496543655556848,0.4156658244105451
O94804,STK10,SVR,2.3060680021781987,0.4101936790258194
O94804,STK10,SVR,-0.361012791250292,0.43483923878303243
O94804,STK10,SVR,0.4830508618605038,-0.27941011283812567
O94804,STK10,SVR,1.0062080983186144,-0.9026776231513856
O94804,STK10,SVR,-1.0428553197754358,-0.39693700087634753
O94804,STK10,SVR,1.212039182145208,-0.6025848894901669
O94804,STK10,SVR,-0.8210316780173593,-1.193366722418635
O94804,STK10,SVR,2.502307753674625,0.4675890526606681
O94804,STK10,SVR,1.576758842004803,0.5580739061655191
O94804,STK10,SVR,0.1728917963798907,0.6192260362033528
O94804,STK10,SVR,1.1181873869822834,0.1503112826113708
O94804,STK10,SVR,1.8132065372231296,0.04820109284014637
O94804,STK10,SVR,-1.3508461508187175,-0.0735881726558281
O94804,STK10,SVR,1.6329591834409092,0.3253905769355213
O94804,STK10,Lasso,-0.4391999360396594,0.2181980383580026
O94804,STK10,Lasso,1.4657632145768422,0.11747869919100586
O94804,STK10,Lasso,0.2764447422816003,-0.1094215236897282
O94804,STK10,Lasso,-1.0013753741983455,0.09763996830700664
O94804,STK10,Lasso,-0.3496543655556848,0.5296465340514441
O94804,STK10,Lasso,2.3060680021781987,0.3727622822174197
O94804,STK10,Lasso,-0.361012791250292,0.15726931111505793
O94804,STK10,Lasso,0.4830508618605038,-0.4008158852881668
O94804,STK10,Lasso,1.0062080983186144,-0.29091480800301334
O94804,STK10,Lasso,-1.0428553197754358,0.0481544728215537
O94804,STK10,Lasso,1.212039182145208,-0.1247631250913691
O94804,STK10,Lasso,-0.8210316780173593,-0.22865614333763207
O94804,STK10,Lasso,2.502307753674625,0.2670404952845531
O94804,STK10,Lasso,1.576758842004803,0.2578886782364388
O94804,STK10,Lasso,0.1728917963798907,0.026895682311571953
O94804,STK10,Lasso,1.1181873869822834,-0.3580010021135678
O94804,STK10,Lasso,1.8132065372231296,-0.057758518927787175
O94804,STK10,Lasso,-1.3508461508187175,0.4376905312442326
O94804,STK10,Lasso,1.6329591834409092,0.29342433470465706
O94804,STK10,ElasticNet,-0.4391999360396594,0.26841841883046236
O94804,STK10,ElasticNet,1.4657632145768422,0.023614964979128683
O94804,STK10,ElasticNet,0.2764447422816003,-0.19633128296496924
O94804,STK10,ElasticNet,-1.0013753741983455,0.039823952514687046
O94804,STK10,ElasticNet,-0.3496543655556848,0.521472654607067
O94804,STK10,ElasticNet,2.3060680021781987,0.427375762290673
O94804,STK10,ElasticNet,-0.361012791250292,0.1919519962316863
O94804,STK10,ElasticNet,0.4830508618605038,-0.5325632612585217
O94804,STK10,ElasticNet,1.0062080983186144,-0.4426531055628826
O94804,STK10,ElasticNet,-1.0428553197754358,0.020766711821859997
O94804,STK10,ElasticNet,1.212039182145208,-0.219160858804578
O94804,STK10,ElasticNet,-0.8210316780173593,-0.4638140351034781
O94804,STK10,ElasticNet,2.502307753674625,0.3563435797054514
O94804,STK10,ElasticNet,1.576758842004803,0.329748395019564
O94804,STK10,ElasticNet,0.1728917963798907,-0.15837246314289172
O94804,STK10,ElasticNet,1.1181873869822834,-0.5091919777111492
O94804,STK10,ElasticNet,1.8132065372231296,-0.06527519964390488
O94804,STK10,ElasticNet,-1.3508461508187175,0.37873724112772555
O94804,STK10,ElasticNet,1.6329591834409092,0.35186405188140535
O94804,STK10,GradientBoosting,-0.4391999360396594,0.18447999799564202
O94804,STK10,GradientBoosting,1.4657632145768422,0.3474562594960887
O94804,STK10,GradientBoosting,0.2764447422816003,0.18464523857977216
O94804,STK10,GradientBoosting,-1.0013753741983455,-0.15939006997229543
O94804,STK10,GradientBoosting,-0.3496543655556848,0.4807017624158506
O94804,STK10,GradientBoosting,2.3060680021781987,0.40777182785541105
O94804,STK10,GradientBoosting,-0.361012791250292,0.7395446397694404
O94804,STK10,GradientBoosting,0.4830508618605038,0.20303680787866574
O94804,STK10,GradientBoosting,1.0062080983186144,-0.2126891740063645
O94804,STK10,GradientBoosting,-1.0428553197754358,0.35904275681532855
O94804,STK10,GradientBoosting,1.212039182145208,0.07006061733144663
O94804,STK10,GradientBoosting,-0.8210316780173593,-0.3318774757873406
O94804,STK10,GradientBoosting,2.502307753674625,0.871756693242497
O94804,STK10,GradientBoosting,1.576758842004803,0.9296949925797154
O94804,STK10,GradientBoosting,0.1728917963798907,-0.08579637267888975
O94804,STK10,GradientBoosting,1.1181873869822834,-0.1684620299523814
O94804,STK10,GradientBoosting,1.8132065372231296,0.0908637713207314
O94804,STK10,GradientBoosting,-1.3508461508187175,0.4610852865140092
O94804,STK10,GradientBoosting,1.6329591834409092,0.6248178221267868
O94804,STK10,MLP,-0.4391999360396594,0.09467541907922628
O94804,STK10,MLP,1.4657632145768422,-0.6763261135867515
O94804,STK10,MLP,0.2764447422816003,-0.43226369475583
O94804,STK10,MLP,-1.0013753741983455,0.34008067090371447
O94804,STK10,MLP,-0.3496543655556848,-2.3196226487462397
O94804,STK10,MLP,2.3060680021781987,0.7723543686084615
O94804,STK10,MLP,-0.361012791250292,0.6163232899504418
O94804,STK10,MLP,0.4830508618605038,0.21660533493308315
O94804,STK10,MLP,1.0062080983186144,-0.06723304641832284
O94804,STK10,MLP,-1.0428553197754358,-1.0738861245090054
O94804,STK10,MLP,1.212039182145208,-0.9717636850973239
O94804,STK10,MLP,-0.8210316780173593,-2.058889441044944
O94804,STK10,MLP,2.502307753674625,0.41024934850720385
O94804,STK10,MLP,1.576758842004803,1.3021927445548205
O94804,STK10,MLP,0.1728917963798907,-0.8490540235460624
O94804,STK10,MLP,1.1181873869822834,0.6692080588531639
O94804,STK10,MLP,1.8132065372231296,1.076995333081353
O94804,STK10,MLP,-1.3508461508187175,-1.3069371901685298
O94804,STK10,MLP,1.6329591834409092,2.5301236722112046
O94806,PRKD3,RandomForest,-0.8672171223133357,-0.39302779110788405
O94806,PRKD3,RandomForest,-2.162542037137689,-0.03735923745864181
O94806,PRKD3,RandomForest,-0.199655343913399,0.019158761069471793
O94806,PRKD3,RandomForest,-0.5743189656109033,0.21103077918197133
O94806,PRKD3,RandomForest,-0.8174005705364256,-0.19607337315946477
O94806,PRKD3,RandomForest,-1.2306240876058578,-0.9505565200658295
O94806,PRKD3,RandomForest,-0.9036965403577244,0.049131205991883406
O94806,PRKD3,RandomForest,0.8958501336753042,-0.4804059675348533
O94806,PRKD3,RandomForest,0.5389894448591113,0.10221172203395701
O94806,PRKD3,RandomForest,-1.3100265666433248,-1.0088799047102806
O94806,PRKD3,RandomForest,1.4421298553707411,0.10083124311060528
O94806,PRKD3,RandomForest,0.2022662790294381,0.30012549895830587
O94806,PRKD3,RandomForest,-0.8467032727490524,-0.14773673174989438
O94806,PRKD3,RandomForest,-1.2589021307477493,-0.3090860016684327
O94806,PRKD3,RandomForest,-1.1356405271324743,-0.9849900734026575
O94806,PRKD3,RandomForest,0.5266078033782082,0.4100799939808723
O94806,PRKD3,RandomForest,0.1913339551824791,-0.05691485075476943
O94806,PRKD3,RandomForest,-1.1290968682309848,-1.2415114712261865
O94806,PRKD3,RandomForest,1.0951051773692972,-0.16409670008806632
O94806,PRKD3,XGBoost,-0.8672171223133357,-0.4647204279899597
O94806,PRKD3,XGBoost,-2.162542037137689,0.3654170036315918
O94806,PRKD3,XGBoost,-0.199655343913399,0.6768187880516052
O94806,PRKD3,XGBoost,-0.5743189656109033,0.3798808753490448
O94806,PRKD3,XGBoost,-0.8174005705364256,-0.10373879224061966
O94806,PRKD3,XGBoost,-1.2306240876058578,-0.7540099620819092
O94806,PRKD3,XGBoost,-0.9036965403577244,0.5058413147926331
O94806,PRKD3,XGBoost,0.8958501336753042,-0.9223684668540955
O94806,PRKD3,XGBoost,0.5389894448591113,0.1078648716211319
O94806,PRKD3,XGBoost,-1.3100265666433248,-0.7182369828224182
O94806,PRKD3,XGBoost,1.4421298553707411,-0.057517025619745255
O94806,PRKD3,XGBoost,0.2022662790294381,0.23926234245300293
O94806,PRKD3,XGBoost,-0.8467032727490524,0.1471031904220581
O94806,PRKD3,XGBoost,-1.2589021307477493,-0.04323736950755119
O94806,PRKD3,XGBoost,-1.1356405271324743,-1.0384700298309326
O94806,PRKD3,XGBoost,0.5266078033782082,0.6935940980911255
O94806,PRKD3,XGBoost,0.1913339551824791,0.02760264277458191
O94806,PRKD3,XGBoost,-1.1290968682309848,-1.7105499505996704
O94806,PRKD3,XGBoost,1.0951051773692972,-0.0721966028213501
O94806,PRKD3,PLS,-0.8672171223133357,-0.720491177097063
O94806,PRKD3,PLS,-2.162542037137689,-0.32108718517790524
O94806,PRKD3,PLS,-0.199655343913399,-0.9701665457810345
O94806,PRKD3,PLS,-0.5743189656109033,-0.5188866718884289
O94806,PRKD3,PLS,-0.8174005705364256,-0.881846483918106
O94806,PRKD3,PLS,-1.2306240876058578,-1.1080971304785598
O94806,PRKD3,PLS,-0.9036965403577244,-0.5174644636517454
O94806,PRKD3,PLS,0.8958501336753042,-0.06369969515979323
O94806,PRKD3,PLS,0.5389894448591113,0.6322219040386422
O94806,PRKD3,PLS,-1.3100265666433248,-0.8738483617470529
O94806,PRKD3,PLS,1.4421298553707411,0.39042212112106245
O94806,PRKD3,PLS,0.2022662790294381,-0.03662866752539484
O94806,PRKD3,PLS,-0.8467032727490524,-0.5813012619487151
O94806,PRKD3,PLS,-1.2589021307477493,-1.219441129141878
O94806,PRKD3,PLS,-1.1356405271324743,-1.2642146016757132
O94806,PRKD3,PLS,0.5266078033782082,0.03063613198899484
O94806,PRKD3,PLS,0.1913339551824791,0.03884463212905076
O94806,PRKD3,PLS,-1.1290968682309848,-1.442682984991591
O94806,PRKD3,PLS,1.0951051773692972,1.0165430687990415
O94806,PRKD3,SVR,-0.8672171223133357,-0.6407455890535593
O94806,PRKD3,SVR,-2.162542037137689,-0.22675041066877588
O94806,PRKD3,SVR,-0.199655343913399,-0.8844558980587262
O94806,PRKD3,SVR,-0.5743189656109033,-0.3748296282393847
O94806,PRKD3,SVR,-0.8174005705364256,-0.6298541155308658
O94806,PRKD3,SVR,-1.2306240876058578,-0.8913374253787139
O94806,PRKD3,SVR,-0.9036965403577244,-0.44105768759970354
O94806,PRKD3,SVR,0.8958501336753042,-0.33925216916877854
O94806,PRKD3,SVR,0.5389894448591113,0.6198409206708179
O94806,PRKD3,SVR,-1.3100265666433248,-0.6590639935980868
O94806,PRKD3,SVR,1.4421298553707411,0.3316866401975759
O94806,PRKD3,SVR,0.2022662790294381,0.022241482036067795
O94806,PRKD3,SVR,-0.8467032727490524,-0.46983288047136373
O94806,PRKD3,SVR,-1.2589021307477493,-0.8365717524765784
O94806,PRKD3,SVR,-1.1356405271324743,-1.2814126814104938
O94806,PRKD3,SVR,0.5266078033782082,0.09067836936258244
O94806,PRKD3,SVR,0.1913339551824791,0.1325512814423072
O94806,PRKD3,SVR,-1.1290968682309848,-1.6112516579142628
O94806,PRKD3,SVR,1.0951051773692972,0.8983813841168625
O94806,PRKD3,Lasso,-0.8672171223133357,-0.7426502518109203
O94806,PRKD3,Lasso,-2.162542037137689,-0.38361752677135863
O94806,PRKD3,Lasso,-0.199655343913399,-0.8815003140297676
O94806,PRKD3,Lasso,-0.5743189656109033,-0.6203430900019531
O94806,PRKD3,Lasso,-0.8174005705364256,-0.6271906530355172
O94806,PRKD3,Lasso,-1.2306240876058578,-1.1101903552106593
O94806,PRKD3,Lasso,-0.9036965403577244,-0.558398518256068
O94806,PRKD3,Lasso,0.8958501336753042,-0.27316233293051634
O94806,PRKD3,Lasso,0.5389894448591113,0.1713636029557688
O94806,PRKD3,Lasso,-1.3100265666433248,-0.8868509853609319
O94806,PRKD3,Lasso,1.4421298553707411,0.05649531612291747
O94806,PRKD3,Lasso,0.2022662790294381,-0.3276116958187688
O94806,PRKD3,Lasso,-0.8467032727490524,-0.5105788389408589
O94806,PRKD3,Lasso,-1.2589021307477493,-0.7751046574630367
O94806,PRKD3,Lasso,-1.1356405271324743,-1.2825104952538724
O94806,PRKD3,Lasso,0.5266078033782082,-0.33644647152636586
O94806,PRKD3,Lasso,0.1913339551824791,-0.1751364492886922
O94806,PRKD3,Lasso,-1.1290968682309848,-1.3173476450506971
O94806,PRKD3,Lasso,1.0951051773692972,0.762569827194276
O94806,PRKD3,ElasticNet,-0.8672171223133357,-0.7306514683059246
O94806,PRKD3,ElasticNet,-2.162542037137689,-0.3682046440253565
O94806,PRKD3,ElasticNet,-0.199655343913399,-0.9157288817746874
O94806,PRKD3,ElasticNet,-0.5743189656109033,-0.5777228683421674
O94806,PRKD3,ElasticNet,-0.8174005705364256,-0.7586662097733738
O94806,PRKD3,ElasticNet,-1.2306240876058578,-1.0965265846206342
O94806,PRKD3,ElasticNet,-0.9036965403577244,-0.5465432599344736
O94806,PRKD3,ElasticNet,0.8958501336753042,-0.1831074301484642
O94806,PRKD3,ElasticNet,0.5389894448591113,0.3466812108477657
O94806,PRKD3,ElasticNet,-1.3100265666433248,-0.8773457591325349
O94806,PRKD3,ElasticNet,1.4421298553707411,0.17751414412422784
O94806,PRKD3,ElasticNet,0.2022662790294381,-0.21094360974256893
O94806,PRKD3,ElasticNet,-0.8467032727490524,-0.5528375518003054
O94806,PRKD3,ElasticNet,-1.2589021307477493,-0.9792095238997536
O94806,PRKD3,ElasticNet,-1.1356405271324743,-1.2475283379477435
O94806,PRKD3,ElasticNet,0.5266078033782082,-0.1836411202164725
O94806,PRKD3,ElasticNet,0.1913339551824791,-0.10163727196677674
O94806,PRKD3,ElasticNet,-1.1290968682309848,-1.350855052510946
O94806,PRKD3,ElasticNet,1.0951051773692972,0.819631912999941
O94806,PRKD3,GradientBoosting,-0.8672171223133357,-0.37098440728552795
O94806,PRKD3,GradientBoosting,-2.162542037137689,0.04189939796647222
O94806,PRKD3,GradientBoosting,-0.199655343913399,-0.007455760711770337
O94806,PRKD3,GradientBoosting,-0.5743189656109033,0.41871508058862206
O94806,PRKD3,GradientBoosting,-0.8174005705364256,-0.10944589286819191
O94806,PRKD3,GradientBoosting,-1.2306240876058578,-0.7024430175098513
O94806,PRKD3,GradientBoosting,-0.9036965403577244,-0.2625258005444629
O94806,PRKD3,GradientBoosting,0.8958501336753042,-0.8367298606082276
O94806,PRKD3,GradientBoosting,0.5389894448591113,0.43758020708868917
O94806,PRKD3,GradientBoosting,-1.3100265666433248,-0.23191296110341486
O94806,PRKD3,GradientBoosting,1.4421298553707411,0.014361238949616936
O94806,PRKD3,GradientBoosting,0.2022662790294381,0.5106121351884748
O94806,PRKD3,GradientBoosting,-0.8467032727490524,-0.11497021751546103
O94806,PRKD3,GradientBoosting,-1.2589021307477493,-0.3145122538692671
O94806,PRKD3,GradientBoosting,-1.1356405271324743,-1.43762169697826
O94806,PRKD3,GradientBoosting,0.5266078033782082,0.5613055262948514
O94806,PRKD3,GradientBoosting,0.1913339551824791,0.2881573925740594
O94806,PRKD3,GradientBoosting,-1.1290968682309848,-1.7205221445463412
O94806,PRKD3,GradientBoosting,1.0951051773692972,0.5138398304289508
O94806,PRKD3,MLP,-0.8672171223133357,-0.32217288606385636
O94806,PRKD3,MLP,-2.162542037137689,-0.32217288606385636
O94806,PRKD3,MLP,-0.199655343913399,-0.5282104615323666
O94806,PRKD3,MLP,-0.5743189656109033,-0.32217288606385636
O94806,PRKD3,MLP,-0.8174005705364256,-0.7853418194693345
O94806,PRKD3,MLP,-1.2306240876058578,-1.187709850177158
O94806,PRKD3,MLP,-0.9036965403577244,-0.32217288606385636
O94806,PRKD3,MLP,0.8958501336753042,-0.32217288606385636
O94806,PRKD3,MLP,0.5389894448591113,-0.32217288606385636
O94806,PRKD3,MLP,-1.3100265666433248,-0.7713389747866048
O94806,PRKD3,MLP,1.4421298553707411,-0.32217288606385636
O94806,PRKD3,MLP,0.2022662790294381,-0.32217288606385636
O94806,PRKD3,MLP,-0.8467032727490524,-0.32217288606385636
O94806,PRKD3,MLP,-1.2589021307477493,-0.41502559523502897
O94806,PRKD3,MLP,-1.1356405271324743,-1.2778061537049452
O94806,PRKD3,MLP,0.5266078033782082,-0.32217288606385636
O94806,PRKD3,MLP,0.1913339551824791,-0.32217288606385636
O94806,PRKD3,MLP,-1.1290968682309848,-2.2311290586820327
O94806,PRKD3,MLP,1.0951051773692972,-0.32217288606385636
O94921,CDK14,RandomForest,-1.0817008728297508,0.43178194076854587
O94921,CDK14,RandomForest,0.1741788555198426,0.22752659905586053
O94921,CDK14,RandomForest,-0.043164607070111,0.31946950894378284
O94921,CDK14,RandomForest,0.3391453955624883,0.6389664452203678
O94921,CDK14,RandomForest,0.1463619169318905,0.6530464393218282
O94921,CDK14,RandomForest,-0.6270360732867257,0.581254595540445
O94921,CDK14,RandomForest,-0.8830080294120356,0.47465598902518985
O94921,CDK14,RandomForest,-0.1537843491427975,0.33445055024871484
O94921,CDK14,RandomForest,-0.2098407250005578,0.2747053191271773
O94921,CDK14,RandomForest,0.3379213369111774,0.5903279048632392
O94921,CDK14,RandomForest,1.1384095684228346,0.1765941449630357
O94921,CDK14,RandomForest,0.6082415854652384,0.6044023144025723
O94921,CDK14,RandomForest,1.2948344699753298,0.26257965303924347
O94921,CDK14,RandomForest,0.5238613867637781,0.5236979049021052
O94921,CDK14,RandomForest,0.3441262333437238,0.11951075592076173
O94921,CDK14,RandomForest,0.2480799839145677,-0.10235361080536826
O94921,CDK14,RandomForest,0.4154608539986808,0.5854894627301124
O94921,CDK14,RandomForest,0.3773678201088661,0.28250735305473085
O94921,CDK14,RandomForest,0.3429290243454332,0.67948394506402
O94921,CDK14,XGBoost,-1.0817008728297508,0.37048256397247314
O94921,CDK14,XGBoost,0.1741788555198426,0.5372896194458008
O94921,CDK14,XGBoost,-0.043164607070111,0.03853432834148407
O94921,CDK14,XGBoost,0.3391453955624883,0.8000403046607971
O94921,CDK14,XGBoost,0.1463619169318905,0.3782288730144501
O94921,CDK14,XGBoost,-0.6270360732867257,0.5998629927635193
O94921,CDK14,XGBoost,-0.8830080294120356,0.6394053101539612
O94921,CDK14,XGBoost,-0.1537843491427975,0.21632595360279083
O94921,CDK14,XGBoost,-0.2098407250005578,0.5519331097602844
O94921,CDK14,XGBoost,0.3379213369111774,0.5408720970153809
O94921,CDK14,XGBoost,1.1384095684228346,0.05896216630935669
O94921,CDK14,XGBoost,0.6082415854652384,0.6273636221885681
O94921,CDK14,XGBoost,1.2948344699753298,-0.05698956176638603
O94921,CDK14,XGBoost,0.5238613867637781,0.24722826480865479
O94921,CDK14,XGBoost,0.3441262333437238,0.4613542854785919
O94921,CDK14,XGBoost,0.2480799839145677,0.20456454157829285
O94921,CDK14,XGBoost,0.4154608539986808,0.7731301784515381
O94921,CDK14,XGBoost,0.3773678201088661,0.9677196741104126
O94921,CDK14,XGBoost,0.3429290243454332,0.9316580891609192
O94921,CDK14,PLS,-1.0817008728297508,0.2509916247305257
O94921,CDK14,PLS,0.1741788555198426,0.39391587863919364
O94921,CDK14,PLS,-0.043164607070111,0.7851060072189875
O94921,CDK14,PLS,0.3391453955624883,0.6604347995754462
O94921,CDK14,PLS,0.1463619169318905,0.39481502382023537
O94921,CDK14,PLS,-0.6270360732867257,0.3808751030697531
O94921,CDK14,PLS,-0.8830080294120356,0.6160081655157887
O94921,CDK14,PLS,-0.1537843491427975,0.3102305332368934
O94921,CDK14,PLS,-0.2098407250005578,0.15266676450518327
O94921,CDK14,PLS,0.3379213369111774,0.6698626945535019
O94921,CDK14,PLS,1.1384095684228346,0.34901054229204515
O94921,CDK14,PLS,0.6082415854652384,0.6656141244180347
O94921,CDK14,PLS,1.2948344699753298,0.16196858139882558
O94921,CDK14,PLS,0.5238613867637781,0.2022156388773281
O94921,CDK14,PLS,0.3441262333437238,0.25873637629375407
O94921,CDK14,PLS,0.2480799839145677,0.3583701109730989
O94921,CDK14,PLS,0.4154608539986808,0.1643237200870118
O94921,CDK14,PLS,0.3773678201088661,0.4517689481299433
O94921,CDK14,PLS,0.3429290243454332,0.537332045993902
O94921,CDK14,SVR,-1.0817008728297508,0.1833294158732981
O94921,CDK14,SVR,0.1741788555198426,0.4483493020000755
O94921,CDK14,SVR,-0.043164607070111,0.74935765226219
O94921,CDK14,SVR,0.3391453955624883,0.8738365674117611
O94921,CDK14,SVR,0.1463619169318905,0.5271445264816953
O94921,CDK14,SVR,-0.6270360732867257,0.45253186276598034
O94921,CDK14,SVR,-0.8830080294120356,0.7417451147667325
O94921,CDK14,SVR,-0.1537843491427975,0.3297448751890838
O94921,CDK14,SVR,-0.2098407250005578,0.10926952369038079
O94921,CDK14,SVR,0.3379213369111774,0.8329927763743467
O94921,CDK14,SVR,1.1384095684228346,0.355072447030344
O94921,CDK14,SVR,0.6082415854652384,0.6319474315004251
O94921,CDK14,SVR,1.2948344699753298,0.11744005153876513
O94921,CDK14,SVR,0.5238613867637781,0.2197478208341893
O94921,CDK14,SVR,0.3441262333437238,0.21406850835237423
O94921,CDK14,SVR,0.2480799839145677,0.4742128140388929
O94921,CDK14,SVR,0.4154608539986808,0.1594481639472486
O94921,CDK14,SVR,0.3773678201088661,0.5015137011535201
O94921,CDK14,SVR,0.3429290243454332,0.6223057814677856
O94921,CDK14,Lasso,-1.0817008728297508,0.3821436238098199
O94921,CDK14,Lasso,0.1741788555198426,0.36922965166011823
O94921,CDK14,Lasso,-0.043164607070111,0.5060510781750748
O94921,CDK14,Lasso,0.3391453955624883,0.37443370250009306
O94921,CDK14,Lasso,0.1463619169318905,0.3376672666854641
O94921,CDK14,Lasso,-0.6270360732867257,0.3644618966132359
O94921,CDK14,Lasso,-0.8830080294120356,0.388136880160841
O94921,CDK14,Lasso,-0.1537843491427975,0.35764947300944844
O94921,CDK14,Lasso,-0.2098407250005578,0.34161168966665356
O94921,CDK14,Lasso,0.3379213369111774,0.39642665331102417
O94921,CDK14,Lasso,1.1384095684228346,0.36624450047486906
O94921,CDK14,Lasso,0.6082415854652384,0.46276078445619206
O94921,CDK14,Lasso,1.2948344699753298,0.35372374982230254
O94921,CDK14,Lasso,0.5238613867637781,0.3279888079230117
O94921,CDK14,Lasso,0.3441262333437238,0.37073351283392786
O94921,CDK14,Lasso,0.2480799839145677,0.35544211949123483
O94921,CDK14,Lasso,0.4154608539986808,0.33549921207707684
O94921,CDK14,Lasso,0.3773678201088661,0.39520626540128617
O94921,CDK14,Lasso,0.3429290243454332,0.38909405554761495
O94921,CDK14,ElasticNet,-1.0817008728297508,0.3886739925542475
O94921,CDK14,ElasticNet,0.1741788555198426,0.36952417415421246
O94921,CDK14,ElasticNet,-0.043164607070111,0.6633549030939832
O94921,CDK14,ElasticNet,0.3391453955624883,0.38911191967642944
O94921,CDK14,ElasticNet,0.1463619169318905,0.3053820837861955
O94921,CDK14,ElasticNet,-0.6270360732867257,0.35583303794375754
O94921,CDK14,ElasticNet,-0.8830080294120356,0.42232233911208866
O94921,CDK14,ElasticNet,-0.1537843491427975,0.3406336712362684
O94921,CDK14,ElasticNet,-0.2098407250005578,0.30366317741983345
O94921,CDK14,ElasticNet,0.3379213369111774,0.4383253104134252
O94921,CDK14,ElasticNet,1.1384095684228346,0.3630345322607399
O94921,CDK14,ElasticNet,0.6082415854652384,0.5712892470833828
O94921,CDK14,ElasticNet,1.2948344699753298,0.32548906240013464
O94921,CDK14,ElasticNet,0.5238613867637781,0.2784225046520686
O94921,CDK14,ElasticNet,0.3441262333437238,0.3737819984820226
O94921,CDK14,ElasticNet,0.2480799839145677,0.3275310317148723
O94921,CDK14,ElasticNet,0.4154608539986808,0.28939988520263477
O94921,CDK14,ElasticNet,0.3773678201088661,0.417425929420422
O94921,CDK14,ElasticNet,0.3429290243454332,0.41271791760072973
O94921,CDK14,GradientBoosting,-1.0817008728297508,0.5433208206584871
O94921,CDK14,GradientBoosting,0.1741788555198426,0.16889328972506282
O94921,CDK14,GradientBoosting,-0.043164607070111,0.3957601294524768
O94921,CDK14,GradientBoosting,0.3391453955624883,0.764021364094971
O94921,CDK14,GradientBoosting,0.1463619169318905,0.6375794837128904
O94921,CDK14,GradientBoosting,-0.6270360732867257,0.6099981905409427
O94921,CDK14,GradientBoosting,-0.8830080294120356,0.4191111795400237
O94921,CDK14,GradientBoosting,-0.1537843491427975,0.5349523592386461
O94921,CDK14,GradientBoosting,-0.2098407250005578,0.5011223236099333
O94921,CDK14,GradientBoosting,0.3379213369111774,0.6344365024264123
O94921,CDK14,GradientBoosting,1.1384095684228346,0.10176326404331697
O94921,CDK14,GradientBoosting,0.6082415854652384,0.9398191319394532
O94921,CDK14,GradientBoosting,1.2948344699753298,0.19136214764215706
O94921,CDK14,GradientBoosting,0.5238613867637781,0.6822528023853803
O94921,CDK14,GradientBoosting,0.3441262333437238,0.1356023528617266
O94921,CDK14,GradientBoosting,0.2480799839145677,-0.5429046124717595
O94921,CDK14,GradientBoosting,0.4154608539986808,1.068527328541434
O94921,CDK14,GradientBoosting,0.3773678201088661,0.6659932635241734
O94921,CDK14,GradientBoosting,0.3429290243454332,0.6087918680808613
O94921,CDK14,MLP,-1.0817008728297508,0.1346996656120552
O94921,CDK14,MLP,0.1741788555198426,-0.04699729200427166
O94921,CDK14,MLP,-0.043164607070111,0.9704146648777581
O94921,CDK14,MLP,0.3391453955624883,0.7301780704722249
O94921,CDK14,MLP,0.1463619169318905,0.011679793405760641
O94921,CDK14,MLP,-0.6270360732867257,-0.00687214129301994
O94921,CDK14,MLP,-0.8830080294120356,0.5967716190390444
O94921,CDK14,MLP,-0.1537843491427975,0.18950192359528756
O94921,CDK14,MLP,-0.2098407250005578,0.3056012299682302
O94921,CDK14,MLP,0.3379213369111774,0.9119225262382495
O94921,CDK14,MLP,1.1384095684228346,0.1326635440929374
O94921,CDK14,MLP,0.6082415854652384,0.6148078760754103
O94921,CDK14,MLP,1.2948344699753298,0.24818728923745986
O94921,CDK14,MLP,0.5238613867637781,0.27201045862274126
O94921,CDK14,MLP,0.3441262333437238,0.21934760988433516
O94921,CDK14,MLP,0.2480799839145677,0.17798740502823324
O94921,CDK14,MLP,0.4154608539986808,0.2708800346915646
O94921,CDK14,MLP,0.3773678201088661,0.23778174772789024
O94921,CDK14,MLP,0.3429290243454332,0.5388725299921397
O95819,MAP4K4,RandomForest,0.7249984869879351,0.5302614217550893
O95819,MAP4K4,RandomForest,0.2251583036139511,0.4914231510765137
O95819,MAP4K4,RandomForest,0.6565429870946587,0.46599285154746023
O95819,MAP4K4,RandomForest,-0.301296706764512,0.6507206531590322
O95819,MAP4K4,RandomForest,-0.2035162662745061,0.13129526498634386
O95819,MAP4K4,RandomForest,0.8395009533119334,0.5393442709061743
O95819,MAP4K4,RandomForest,0.4141752182420378,-0.059959343515540366
O95819,MAP4K4,RandomForest,0.6143669430159128,0.29793759548432924
O95819,MAP4K4,RandomForest,-1.027167659162614,0.5329704297408413
O95819,MAP4K4,RandomForest,-0.5239730557676545,0.7171456194446229
O95819,MAP4K4,RandomForest,0.3543188711314216,0.1900553829929388
O95819,MAP4K4,RandomForest,-0.5263104976946591,-0.26518253474789794
O95819,MAP4K4,RandomForest,2.626078657019138,0.2805428871046086
O95819,MAP4K4,RandomForest,0.305621084624865,0.7997050609369869
O95819,MAP4K4,RandomForest,-0.8763739367753115,0.3310977044016422
O95819,MAP4K4,RandomForest,1.035008691308499,0.17052282085967427
O95819,MAP4K4,RandomForest,0.8470082264927207,0.608647435341409
O95819,MAP4K4,RandomForest,-1.4871534378005988,-0.7944944284643757
O95819,MAP4K4,RandomForest,1.3280694931340928,0.5826394980844956
O95819,MAP4K4,XGBoost,0.7249984869879351,0.8636725544929504
O95819,MAP4K4,XGBoost,0.2251583036139511,0.16880489885807037
O95819,MAP4K4,XGBoost,0.6565429870946587,0.41583800315856934
O95819,MAP4K4,XGBoost,-0.301296706764512,1.2529689073562622
O95819,MAP4K4,XGBoost,-0.2035162662745061,-0.05814310908317566
O95819,MAP4K4,XGBoost,0.8395009533119334,0.38206180930137634
O95819,MAP4K4,XGBoost,0.4141752182420378,0.9293136596679688
O95819,MAP4K4,XGBoost,0.6143669430159128,0.3166736662387848
O95819,MAP4K4,XGBoost,-1.027167659162614,0.6852958798408508
O95819,MAP4K4,XGBoost,-0.5239730557676545,1.0456815958023071
O95819,MAP4K4,XGBoost,0.3543188711314216,0.018941760063171387
O95819,MAP4K4,XGBoost,-0.5263104976946591,-0.46309763193130493
O95819,MAP4K4,XGBoost,2.626078657019138,0.06227392703294754
O95819,MAP4K4,XGBoost,0.305621084624865,1.3673944473266602
O95819,MAP4K4,XGBoost,-0.8763739367753115,0.9980486631393433
O95819,MAP4K4,XGBoost,1.035008691308499,0.3668731451034546
O95819,MAP4K4,XGBoost,0.8470082264927207,0.6948497891426086
O95819,MAP4K4,XGBoost,-1.4871534378005988,-1.3526309728622437
O95819,MAP4K4,XGBoost,1.3280694931340928,0.863471508026123
O95819,MAP4K4,PLS,0.7249984869879351,-0.1750658538763637
O95819,MAP4K4,PLS,0.2251583036139511,0.6230680136830979
O95819,MAP4K4,PLS,0.6565429870946587,1.0231062070642079
O95819,MAP4K4,PLS,-0.301296706764512,0.6863619865961327
O95819,MAP4K4,PLS,-0.2035162662745061,-0.49455527979015795
O95819,MAP4K4,PLS,0.8395009533119334,0.45503101519841815
O95819,MAP4K4,PLS,0.4141752182420378,-0.650899108760578
O95819,MAP4K4,PLS,0.6143669430159128,0.17146939945066628
O95819,MAP4K4,PLS,-1.027167659162614,0.09074629917049747
O95819,MAP4K4,PLS,-0.5239730557676545,0.6331657099726431
O95819,MAP4K4,PLS,0.3543188711314216,-0.2028086689188659
O95819,MAP4K4,PLS,-0.5263104976946591,-0.37332625117363744
O95819,MAP4K4,PLS,2.626078657019138,0.6305794644708813
O95819,MAP4K4,PLS,0.305621084624865,1.7190489415479933
O95819,MAP4K4,PLS,-0.8763739367753115,0.3011211595939266
O95819,MAP4K4,PLS,1.035008691308499,0.7058295586646506
O95819,MAP4K4,PLS,0.8470082264927207,0.551894158862102
O95819,MAP4K4,PLS,-1.4871534378005988,-0.5133317813636891
O95819,MAP4K4,PLS,1.3280694931340928,0.11380740465132735
O95819,MAP4K4,SVR,0.7249984869879351,0.1391484272070619
O95819,MAP4K4,SVR,0.2251583036139511,0.5164644546183635
O95819,MAP4K4,SVR,0.6565429870946587,0.45333740312274007
O95819,MAP4K4,SVR,-0.301296706764512,0.7600080460120529
O95819,MAP4K4,SVR,-0.2035162662745061,0.06805372383636821
O95819,MAP4K4,SVR,0.8395009533119334,0.5540517784725286
O95819,MAP4K4,SVR,0.4141752182420378,0.01017711853336778
O95819,MAP4K4,SVR,0.6143669430159128,0.24187373914982013
O95819,MAP4K4,SVR,-1.027167659162614,0.274377887554737
O95819,MAP4K4,SVR,-0.5239730557676545,0.887315536073876
O95819,MAP4K4,SVR,0.3543188711314216,0.032042341680385555
O95819,MAP4K4,SVR,-0.5263104976946591,-0.18051305708859544
O95819,MAP4K4,SVR,2.626078657019138,0.5314677201824481
O95819,MAP4K4,SVR,0.305621084624865,1.3155079688492224
O95819,MAP4K4,SVR,-0.8763739367753115,0.3343963349831528
O95819,MAP4K4,SVR,1.035008691308499,0.6763536344515275
O95819,MAP4K4,SVR,0.8470082264927207,0.39458672374573955
O95819,MAP4K4,SVR,-1.4871534378005988,0.5079045405518087
O95819,MAP4K4,SVR,1.3280694931340928,0.261978938287884
O95819,MAP4K4,Lasso,0.7249984869879351,-0.003249101444957825
O95819,MAP4K4,Lasso,0.2251583036139511,0.43586838315605264
O95819,MAP4K4,Lasso,0.6565429870946587,0.6967172778946866
O95819,MAP4K4,Lasso,-0.301296706764512,0.4543189534465538
O95819,MAP4K4,Lasso,-0.2035162662745061,-0.2173436415417781
O95819,MAP4K4,Lasso,0.8395009533119334,0.41407731447613283
O95819,MAP4K4,Lasso,0.4141752182420378,-0.4359290125190638
O95819,MAP4K4,Lasso,0.6143669430159128,0.16692822938259183
O95819,MAP4K4,Lasso,-1.027167659162614,0.13635667211468516
O95819,MAP4K4,Lasso,-0.5239730557676545,0.46762826204007313
O95819,MAP4K4,Lasso,0.3543188711314216,0.12480045613814252
O95819,MAP4K4,Lasso,-0.5263104976946591,-0.048075022784273835
O95819,MAP4K4,Lasso,2.626078657019138,0.4763102476687998
O95819,MAP4K4,Lasso,0.305621084624865,1.1760319057050395
O95819,MAP4K4,Lasso,-0.8763739367753115,0.14626967707503502
O95819,MAP4K4,Lasso,1.035008691308499,0.6907635284436072
O95819,MAP4K4,Lasso,0.8470082264927207,0.4057496163307718
O95819,MAP4K4,Lasso,-1.4871534378005988,0.05287112751981565
O95819,MAP4K4,Lasso,1.3280694931340928,0.1026826540779674
O95819,MAP4K4,ElasticNet,0.7249984869879351,-0.08762671324551269
O95819,MAP4K4,ElasticNet,0.2251583036139511,0.456833177583829
O95819,MAP4K4,ElasticNet,0.6565429870946587,0.8218617563524013
O95819,MAP4K4,ElasticNet,-0.301296706764512,0.5488652986829696
O95819,MAP4K4,ElasticNet,-0.2035162662745061,-0.31960827354486965
O95819,MAP4K4,ElasticNet,0.8395009533119334,0.395322353668172
O95819,MAP4K4,ElasticNet,0.4141752182420378,-0.4828517912504098
O95819,MAP4K4,ElasticNet,0.6143669430159128,0.17957266227357627
O95819,MAP4K4,ElasticNet,-1.027167659162614,0.15742806331842632
O95819,MAP4K4,ElasticNet,-0.5239730557676545,0.5674429663586025
O95819,MAP4K4,ElasticNet,0.3543188711314216,0.014088477139303779
O95819,MAP4K4,ElasticNet,-0.5263104976946591,-0.18432375884596347
O95819,MAP4K4,ElasticNet,2.626078657019138,0.4938916488099875
O95819,MAP4K4,ElasticNet,0.305621084624865,1.361222749192538
O95819,MAP4K4,ElasticNet,-0.8763739367753115,0.14076661492076287
O95819,MAP4K4,ElasticNet,1.035008691308499,0.7106472868654365
O95819,MAP4K4,ElasticNet,0.8470082264927207,0.44166143346945896
O95819,MAP4K4,ElasticNet,-1.4871534378005988,-0.11985995268362831
O95819,MAP4K4,ElasticNet,1.3280694931340928,0.08416438667568668
O95819,MAP4K4,GradientBoosting,0.7249984869879351,0.4785766286694018
O95819,MAP4K4,GradientBoosting,0.2251583036139511,0.5664462023299188
O95819,MAP4K4,GradientBoosting,0.6565429870946587,0.3391514200698397
O95819,MAP4K4,GradientBoosting,-0.301296706764512,0.9378722316609321
O95819,MAP4K4,GradientBoosting,-0.2035162662745061,-0.022944154715794925
O95819,MAP4K4,GradientBoosting,0.8395009533119334,0.4018921894118902
O95819,MAP4K4,GradientBoosting,0.4141752182420378,-0.1687196020617599
O95819,MAP4K4,GradientBoosting,0.6143669430159128,0.3122329539124796
O95819,MAP4K4,GradientBoosting,-1.027167659162614,0.6173571423427114
O95819,MAP4K4,GradientBoosting,-0.5239730557676545,0.9240278879438171
O95819,MAP4K4,GradientBoosting,0.3543188711314216,0.3432373335601532
O95819,MAP4K4,GradientBoosting,-0.5263104976946591,-0.5059052771187479
O95819,MAP4K4,GradientBoosting,2.626078657019138,0.13798324838699763
O95819,MAP4K4,GradientBoosting,0.305621084624865,0.8908103032551768
O95819,MAP4K4,GradientBoosting,-0.8763739367753115,0.7869187260159508
O95819,MAP4K4,GradientBoosting,1.035008691308499,0.10358227324846608
O95819,MAP4K4,GradientBoosting,0.8470082264927207,0.684297072078171
O95819,MAP4K4,GradientBoosting,-1.4871534378005988,-0.8950944867063892
O95819,MAP4K4,GradientBoosting,1.3280694931340928,1.1234436883306669
O95819,MAP4K4,MLP,0.7249984869879351,0.3199596454889537
O95819,MAP4K4,MLP,0.2251583036139511,0.17240875359781105
O95819,MAP4K4,MLP,0.6565429870946587,-0.6459277105224515
O95819,MAP4K4,MLP,-0.301296706764512,0.8754302159165568
O95819,MAP4K4,MLP,-0.2035162662745061,-0.11539184334487351
O95819,MAP4K4,MLP,0.8395009533119334,0.03024723661670925
O95819,MAP4K4,MLP,0.4141752182420378,-0.5458611027254834
O95819,MAP4K4,MLP,0.6143669430159128,0.11331712292877394
O95819,MAP4K4,MLP,-1.027167659162614,0.1437351682362023
O95819,MAP4K4,MLP,-0.5239730557676545,0.9092720589813892
O95819,MAP4K4,MLP,0.3543188711314216,0.1687407848728576
O95819,MAP4K4,MLP,-0.5263104976946591,-0.5983626853001462
O95819,MAP4K4,MLP,2.626078657019138,0.2592528867809297
O95819,MAP4K4,MLP,0.305621084624865,0.5499676875221547
O95819,MAP4K4,MLP,-0.8763739367753115,0.3523130545186543
O95819,MAP4K4,MLP,1.035008691308499,1.0609514518225898
O95819,MAP4K4,MLP,0.8470082264927207,0.7285205783591326
O95819,MAP4K4,MLP,-1.4871534378005988,-2.67187296249965
O95819,MAP4K4,MLP,1.3280694931340928,0.006435345909368784
O95835,LATS1,RandomForest,-0.1829602948941749,-0.19794041168449886
O95835,LATS1,RandomForest,0.1846209396306353,0.3497073420080736
O95835,LATS1,RandomForest,-0.6309589213068189,0.09032181501257068
O95835,LATS1,RandomForest,2.223619691675723,0.2621309033671329
O95835,LATS1,RandomForest,0.1362792772001128,-0.12301202007457789
O95835,LATS1,RandomForest,0.190401802464899,0.014778035622296902
O95835,LATS1,RandomForest,0.8344846989193797,0.44130545858978887
O95835,LATS1,RandomForest,-0.0590115139011907,-0.1074828437328483
O95835,LATS1,RandomForest,-2.229337956880429,-0.3829735254756462
O95835,LATS1,RandomForest,1.6985585051817698,0.3383221954894099
O95835,LATS1,RandomForest,-0.8605736827454314,0.1207594566795375
O95835,LATS1,RandomForest,0.1945080314562676,0.4734857696788435
O95835,LATS1,RandomForest,-0.687872105998341,-0.003590055003808929
O95835,LATS1,RandomForest,1.2768209612005037,0.25678224974361563
O95835,LATS1,RandomForest,-1.4046088120979805,-0.2949102585957129
O95835,LATS1,RandomForest,-0.2349199645549747,-0.04337382733892464
O95835,LATS1,RandomForest,-0.465958667444292,0.3122824478379924
O95835,LATS1,RandomForest,-0.0520804593496059,0.17087937979198597
O95835,LATS1,RandomForest,0.1791704214465097,0.40037582905153246
O95835,LATS1,XGBoost,-0.1829602948941749,-0.13763229548931122
O95835,LATS1,XGBoost,0.1846209396306353,0.20163065195083618
O95835,LATS1,XGBoost,-0.6309589213068189,0.27666765451431274
O95835,LATS1,XGBoost,2.223619691675723,-0.41660937666893005
O95835,LATS1,XGBoost,0.1362792772001128,-0.539111316204071
O95835,LATS1,XGBoost,0.190401802464899,0.034330036491155624
O95835,LATS1,XGBoost,0.8344846989193797,1.0483605861663818
O95835,LATS1,XGBoost,-0.0590115139011907,0.267787367105484
O95835,LATS1,XGBoost,-2.229337956880429,-0.044586580246686935
O95835,LATS1,XGBoost,1.6985585051817698,0.9389850497245789
O95835,LATS1,XGBoost,-0.8605736827454314,0.958264946937561
O95835,LATS1,XGBoost,0.1945080314562676,0.473619669675827
O95835,LATS1,XGBoost,-0.687872105998341,-0.14672759175300598
O95835,LATS1,XGBoost,1.2768209612005037,0.427548348903656
O95835,LATS1,XGBoost,-1.4046088120979805,-0.4455435574054718
O95835,LATS1,XGBoost,-0.2349199645549747,0.355880469083786
O95835,LATS1,XGBoost,-0.465958667444292,0.04264473170042038
O95835,LATS1,XGBoost,-0.0520804593496059,0.04205930978059769
O95835,LATS1,XGBoost,0.1791704214465097,-0.4919028878211975
O95835,LATS1,PLS,-0.1829602948941749,-0.13177881732494898
O95835,LATS1,PLS,0.1846209396306353,0.2378600689934471
O95835,LATS1,PLS,-0.6309589213068189,0.3891363055160318
O95835,LATS1,PLS,2.223619691675723,0.3086270189085371
O95835,LATS1,PLS,0.1362792772001128,-0.1586872576744645
O95835,LATS1,PLS,0.190401802464899,0.014410289315705715
O95835,LATS1,PLS,0.8344846989193797,0.10679059150184372
O95835,LATS1,PLS,-0.0590115139011907,-0.23196188117656175
O95835,LATS1,PLS,-2.229337956880429,-0.25018077016884827
O95835,LATS1,PLS,1.6985585051817698,0.45513761579639805
O95835,LATS1,PLS,-0.8605736827454314,0.09979997544099586
O95835,LATS1,PLS,0.1945080314562676,0.57040082570665
O95835,LATS1,PLS,-0.687872105998341,0.07592671905880385
O95835,LATS1,PLS,1.2768209612005037,0.32829034313834293
O95835,LATS1,PLS,-1.4046088120979805,-0.30522283946235773
O95835,LATS1,PLS,-0.2349199645549747,-0.10351419164868916
O95835,LATS1,PLS,-0.465958667444292,-0.03659765705102396
O95835,LATS1,PLS,-0.0520804593496059,0.2289724301206679
O95835,LATS1,PLS,0.1791704214465097,-0.054844547287968316
O95835,LATS1,SVR,-0.1829602948941749,-0.29251752431175454
O95835,LATS1,SVR,0.1846209396306353,0.3954397892625968
O95835,LATS1,SVR,-0.6309589213068189,0.10363130198466386
O95835,LATS1,SVR,2.223619691675723,0.29610808866818283
O95835,LATS1,SVR,0.1362792772001128,-0.10020848046840125
O95835,LATS1,SVR,0.190401802464899,0.06536423241313194
O95835,LATS1,SVR,0.8344846989193797,0.008185314032264406
O95835,LATS1,SVR,-0.0590115139011907,-0.5211865563977646
O95835,LATS1,SVR,-2.229337956880429,-0.16847479304620627
O95835,LATS1,SVR,1.6985585051817698,0.5217270738618699
O95835,LATS1,SVR,-0.8605736827454314,-0.1537441696370095
O95835,LATS1,SVR,0.1945080314562676,0.3986985239105193
O95835,LATS1,SVR,-0.687872105998341,0.041890429445286446
O95835,LATS1,SVR,1.2768209612005037,0.2540228781561419
O95835,LATS1,SVR,-1.4046088120979805,-0.5711435472573524
O95835,LATS1,SVR,-0.2349199645549747,-0.12187069599185119
O95835,LATS1,SVR,-0.465958667444292,0.053924581749856364
O95835,LATS1,SVR,-0.0520804593496059,-0.00342335495301916
O95835,LATS1,SVR,0.1791704214465097,-0.534360061702739
O95835,LATS1,Lasso,-0.1829602948941749,0.00945286499729607
O95835,LATS1,Lasso,0.1846209396306353,0.06691276220584812
O95835,LATS1,Lasso,-0.6309589213068189,0.3052349148349217
O95835,LATS1,Lasso,2.223619691675723,0.20087910128835157
O95835,LATS1,Lasso,0.1362792772001128,-0.15593087853917628
O95835,LATS1,Lasso,0.190401802464899,0.06604915945520042
O95835,LATS1,Lasso,0.8344846989193797,0.12617581151085272
O95835,LATS1,Lasso,-0.0590115139011907,0.008602067152889782
O95835,LATS1,Lasso,-2.229337956880429,-0.17749759076033814
O95835,LATS1,Lasso,1.6985585051817698,0.15561027896493657
O95835,LATS1,Lasso,-0.8605736827454314,0.13889335016721996
O95835,LATS1,Lasso,0.1945080314562676,0.433776590625761
O95835,LATS1,Lasso,-0.687872105998341,0.017444347279103326
O95835,LATS1,Lasso,1.2768209612005037,0.18073355269020203
O95835,LATS1,Lasso,-1.4046088120979805,-0.031802864840020914
O95835,LATS1,Lasso,-0.2349199645549747,-0.04126025198014943
O95835,LATS1,Lasso,-0.465958667444292,-0.0668584319137683
O95835,LATS1,Lasso,-0.0520804593496059,0.20548648697787059
O95835,LATS1,Lasso,0.1791704214465097,0.08124760313530366
O95835,LATS1,ElasticNet,-0.1829602948941749,-0.05383257095598734
O95835,LATS1,ElasticNet,0.1846209396306353,0.14806252764701475
O95835,LATS1,ElasticNet,-0.6309589213068189,0.3351180517533686
O95835,LATS1,ElasticNet,2.223619691675723,0.23138469518739366
O95835,LATS1,ElasticNet,0.1362792772001128,-0.1597264014703519
O95835,LATS1,ElasticNet,0.190401802464899,0.04847879921933529
O95835,LATS1,ElasticNet,0.8344846989193797,0.10128383594404079
O95835,LATS1,ElasticNet,-0.0590115139011907,-0.10271636804805842
O95835,LATS1,ElasticNet,-2.229337956880429,-0.20255214584062273
O95835,LATS1,ElasticNet,1.6985585051817698,0.28077909927356826
O95835,LATS1,ElasticNet,-0.8605736827454314,0.11670695610304402
O95835,LATS1,ElasticNet,0.1945080314562676,0.497138986171203
O95835,LATS1,ElasticNet,-0.687872105998341,0.047609646233556804
O95835,LATS1,ElasticNet,1.2768209612005037,0.24534646255480888
O95835,LATS1,ElasticNet,-1.4046088120979805,-0.15206621666559084
O95835,LATS1,ElasticNet,-0.2349199645549747,-0.06799822444931906
O95835,LATS1,ElasticNet,-0.465958667444292,-0.04066120066368534
O95835,LATS1,ElasticNet,-0.0520804593496059,0.21073294347582075
O95835,LATS1,ElasticNet,0.1791704214465097,0.009581553554045434
O95835,LATS1,GradientBoosting,-0.1829602948941749,-0.15042147003042855
O95835,LATS1,GradientBoosting,0.1846209396306353,0.3357170308518008
O95835,LATS1,GradientBoosting,-0.6309589213068189,-0.06562886347703627
O95835,LATS1,GradientBoosting,2.223619691675723,0.020422291488337678
O95835,LATS1,GradientBoosting,0.1362792772001128,0.07466267256174348
O95835,LATS1,GradientBoosting,0.190401802464899,0.20982757292955634
O95835,LATS1,GradientBoosting,0.8344846989193797,0.6350882212830881
O95835,LATS1,GradientBoosting,-0.0590115139011907,0.22009152294741288
O95835,LATS1,GradientBoosting,-2.229337956880429,-0.2941544386722725
O95835,LATS1,GradientBoosting,1.6985585051817698,0.42092895582452294
O95835,LATS1,GradientBoosting,-0.8605736827454314,0.27829090835054876
O95835,LATS1,GradientBoosting,0.1945080314562676,0.5196687735483376
O95835,LATS1,GradientBoosting,-0.687872105998341,-0.23913903649774929
O95835,LATS1,GradientBoosting,1.2768209612005037,0.0028311506090451834
O95835,LATS1,GradientBoosting,-1.4046088120979805,-0.42980470856680475
O95835,LATS1,GradientBoosting,-0.2349199645549747,-0.034490338893593715
O95835,LATS1,GradientBoosting,-0.465958667444292,0.23819989835717267
O95835,LATS1,GradientBoosting,-0.0520804593496059,0.16860682810182528
O95835,LATS1,GradientBoosting,0.1791704214465097,-0.5507192506735403
O95835,LATS1,MLP,-0.1829602948941749,-0.3907965096099083
O95835,LATS1,MLP,0.1846209396306353,0.2306976907472259
O95835,LATS1,MLP,-0.6309589213068189,0.5994147351586588
O95835,LATS1,MLP,2.223619691675723,0.50128818483901
O95835,LATS1,MLP,0.1362792772001128,-0.7644372514633525
O95835,LATS1,MLP,0.190401802464899,0.4240567462912347
O95835,LATS1,MLP,0.8344846989193797,0.3036978596341486
O95835,LATS1,MLP,-0.0590115139011907,0.4466608809036644
O95835,LATS1,MLP,-2.229337956880429,-0.7950496830981421
O95835,LATS1,MLP,1.6985585051817698,-0.48474336511445937
O95835,LATS1,MLP,-0.8605736827454314,0.5994147351586588
O95835,LATS1,MLP,0.1945080314562676,0.5994147351586588
O95835,LATS1,MLP,-0.687872105998341,0.14576245521886239
O95835,LATS1,MLP,1.2768209612005037,-0.9221925873248934
O95835,LATS1,MLP,-1.4046088120979805,0.05384805832621298
O95835,LATS1,MLP,-0.2349199645549747,0.004490501065384955
O95835,LATS1,MLP,-0.465958667444292,-0.44385401432126625
O95835,LATS1,MLP,-0.0520804593496059,0.6235753726906663
O95835,LATS1,MLP,0.1791704214465097,-0.22581109046511105
O96013,PAK4,RandomForest,0.2403831764020895,0.3405736516993342
O96013,PAK4,RandomForest,-1.4251952956849097,0.14267087180523894
O96013,PAK4,RandomForest,-0.3637626831332404,-0.9646044387683251
O96013,PAK4,RandomForest,0.8283571100969758,0.7048764280863625
O96013,PAK4,RandomForest,1.553904884522321,0.722035828473366
O96013,PAK4,RandomForest,-1.1292022004325806,-0.0834578167343796
O96013,PAK4,RandomForest,1.765618304464307,0.3119577927135866
O96013,PAK4,RandomForest,-1.1705827468813628,-1.2841164852490399
O96013,PAK4,RandomForest,-2.122411902973839,-2.020362116536394
O96013,PAK4,RandomForest,1.8475447441228148,0.057255843755567366
O96013,PAK4,RandomForest,-0.580258797630696,-0.717026864770464
O96013,PAK4,RandomForest,0.2044978401986305,0.24724787530029643
O96013,PAK4,RandomForest,-0.1256273339024708,-0.2643542631502956
O96013,PAK4,RandomForest,-2.448397210103495,0.04664774953678306
O96013,PAK4,RandomForest,1.1857706870906348,0.45973088930376915
O96013,PAK4,RandomForest,-0.4473267934983204,-0.9325689693768049
O96013,PAK4,RandomForest,-3.726635321623696,-1.5836564664201682
O96013,PAK4,RandomForest,-0.3336142225058557,-0.4834613844651882
O96013,PAK4,RandomForest,-1.28189637473578,-1.1886764530106557
O96013,PAK4,XGBoost,0.2403831764020895,0.2537042796611786
O96013,PAK4,XGBoost,-1.4251952956849097,0.153114914894104
O96013,PAK4,XGBoost,-0.3637626831332404,-1.5301004648208618
O96013,PAK4,XGBoost,0.8283571100969758,0.6999737620353699
O96013,PAK4,XGBoost,1.553904884522321,0.8770166635513306
O96013,PAK4,XGBoost,-1.1292022004325806,0.23279909789562225
O96013,PAK4,XGBoost,1.765618304464307,0.3773941099643707
O96013,PAK4,XGBoost,-1.1705827468813628,-1.5086394548416138
O96013,PAK4,XGBoost,-2.122411902973839,-3.038752794265747
O96013,PAK4,XGBoost,1.8475447441228148,0.2559806704521179
O96013,PAK4,XGBoost,-0.580258797630696,-1.337630033493042
O96013,PAK4,XGBoost,0.2044978401986305,1.222572922706604
O96013,PAK4,XGBoost,-0.1256273339024708,0.255366712808609
O96013,PAK4,XGBoost,-2.448397210103495,0.28567060828208923
O96013,PAK4,XGBoost,1.1857706870906348,1.7193589210510254
O96013,PAK4,XGBoost,-0.4473267934983204,-1.4532616138458252
O96013,PAK4,XGBoost,-3.726635321623696,-2.0443508625030518
O96013,PAK4,XGBoost,-0.3336142225058557,-1.3411482572555542
O96013,PAK4,XGBoost,-1.28189637473578,-1.5595208406448364
O96013,PAK4,PLS,0.2403831764020895,0.5409504796091527
O96013,PAK4,PLS,-1.4251952956849097,-0.35888215248978406
O96013,PAK4,PLS,-0.3637626831332404,-1.0525062331614499
O96013,PAK4,PLS,0.8283571100969758,0.5270606600492942
O96013,PAK4,PLS,1.553904884522321,0.7216466534694188
O96013,PAK4,PLS,-1.1292022004325806,-0.10968607247078269
O96013,PAK4,PLS,1.765618304464307,0.9032188802773253
O96013,PAK4,PLS,-1.1705827468813628,-1.3752337432975443
O96013,PAK4,PLS,-2.122411902973839,-3.4725684106111157
O96013,PAK4,PLS,1.8475447441228148,0.4202766889318655
O96013,PAK4,PLS,-0.580258797630696,-0.5330932747149298
O96013,PAK4,PLS,0.2044978401986305,-0.030712221567326115
O96013,PAK4,PLS,-0.1256273339024708,-0.2113707381258899
O96013,PAK4,PLS,-2.448397210103495,-1.6996034789250265
O96013,PAK4,PLS,1.1857706870906348,0.9286297057890014
O96013,PAK4,PLS,-0.4473267934983204,-0.7665547410146165
O96013,PAK4,PLS,-3.726635321623696,-1.8008377562487121
O96013,PAK4,PLS,-0.3336142225058557,-0.5392317002427471
O96013,PAK4,PLS,-1.28189637473578,-1.3034454549551147
O96013,PAK4,SVR,0.2403831764020895,0.3673604850794386
O96013,PAK4,SVR,-1.4251952956849097,-0.6288925218905628
O96013,PAK4,SVR,-0.3637626831332404,-0.6918342590087319
O96013,PAK4,SVR,0.8283571100969758,0.41010886863601553
O96013,PAK4,SVR,1.553904884522321,0.7702693244419838
O96013,PAK4,SVR,-1.1292022004325806,-0.37720895766294
O96013,PAK4,SVR,1.765618304464307,1.032362112282939
O96013,PAK4,SVR,-1.1705827468813628,-1.2710655016640455
O96013,PAK4,SVR,-2.122411902973839,-3.016567413082982
O96013,PAK4,SVR,1.8475447441228148,-0.20486275672463788
O96013,PAK4,SVR,-0.580258797630696,-0.6788311288810545
O96013,PAK4,SVR,0.2044978401986305,-0.31594016363869243
O96013,PAK4,SVR,-0.1256273339024708,-0.14376656118668912
O96013,PAK4,SVR,-2.448397210103495,-0.9279590408414213
O96013,PAK4,SVR,1.1857706870906348,0.8793593457506939
O96013,PAK4,SVR,-0.4473267934983204,-0.9797631221734804
O96013,PAK4,SVR,-3.726635321623696,-1.553727464969287
O96013,PAK4,SVR,-0.3336142225058557,-0.7440172264886624
O96013,PAK4,SVR,-1.28189637473578,-1.3895557074444307
O96013,PAK4,Lasso,0.2403831764020895,0.48461466645850493
O96013,PAK4,Lasso,-1.4251952956849097,-0.23264524321047514
O96013,PAK4,Lasso,-0.3637626831332404,-1.0429044246701136
O96013,PAK4,Lasso,0.8283571100969758,0.3624069362553286
O96013,PAK4,Lasso,1.553904884522321,0.5677550708739014
O96013,PAK4,Lasso,-1.1292022004325806,-0.07189794220855383
O96013,PAK4,Lasso,1.765618304464307,0.5466679260189561
O96013,PAK4,Lasso,-1.1705827468813628,-1.197398982673245
O96013,PAK4,Lasso,-2.122411902973839,-3.0867978306904797
O96013,PAK4,Lasso,1.8475447441228148,0.4948815745545265
O96013,PAK4,Lasso,-0.580258797630696,-0.48192489642763864
O96013,PAK4,Lasso,0.2044978401986305,-0.13504301610211383
O96013,PAK4,Lasso,-0.1256273339024708,-0.20797547225060337
O96013,PAK4,Lasso,-2.448397210103495,-1.4161503748124458
O96013,PAK4,Lasso,1.1857706870906348,0.8059638820965744
O96013,PAK4,Lasso,-0.4473267934983204,-0.7146887206922308
O96013,PAK4,Lasso,-3.726635321623696,-1.5971256469702413
O96013,PAK4,Lasso,-0.3336142225058557,-0.5452182417307434
O96013,PAK4,Lasso,-1.28189637473578,-1.173966704343427
O96013,PAK4,ElasticNet,0.2403831764020895,0.4974349262928243
O96013,PAK4,ElasticNet,-1.4251952956849097,-0.27314977442869115
O96013,PAK4,ElasticNet,-0.3637626831332404,-1.0677729465522474
O96013,PAK4,ElasticNet,0.8283571100969758,0.4771629842576555
O96013,PAK4,ElasticNet,1.553904884522321,0.5941185661606498
O96013,PAK4,ElasticNet,-1.1292022004325806,-0.12088944943208846
O96013,PAK4,ElasticNet,1.765618304464307,0.7498465006509902
O96013,PAK4,ElasticNet,-1.1705827468813628,-1.228620343175569
O96013,PAK4,ElasticNet,-2.122411902973839,-3.1368542455275095
O96013,PAK4,ElasticNet,1.8475447441228148,0.3934329990247772
O96013,PAK4,ElasticNet,-0.580258797630696,-0.4683770643332169
O96013,PAK4,ElasticNet,0.2044978401986305,-0.1343618490849005
O96013,PAK4,ElasticNet,-0.1256273339024708,-0.23574542734887183
O96013,PAK4,ElasticNet,-2.448397210103495,-1.4932897859114649
O96013,PAK4,ElasticNet,1.1857706870906348,0.7774774461544347
O96013,PAK4,ElasticNet,-0.4473267934983204,-0.6528752323263781
O96013,PAK4,ElasticNet,-3.726635321623696,-1.6406872698184172
O96013,PAK4,ElasticNet,-0.3336142225058557,-0.5151059014293746
O96013,PAK4,ElasticNet,-1.28189637473578,-1.2169751538442088
O96013,PAK4,GradientBoosting,0.2403831764020895,-0.327696768386478
O96013,PAK4,GradientBoosting,-1.4251952956849097,0.1813118810889254
O96013,PAK4,GradientBoosting,-0.3637626831332404,-1.277586542721442
O96013,PAK4,GradientBoosting,0.8283571100969758,0.5975654413885069
O96013,PAK4,GradientBoosting,1.553904884522321,0.7041273939337527
O96013,PAK4,GradientBoosting,-1.1292022004325806,-0.42046865789282556
O96013,PAK4,GradientBoosting,1.765618304464307,0.35145760990928887
O96013,PAK4,GradientBoosting,-1.1705827468813628,-1.5167555465920388
O96013,PAK4,GradientBoosting,-2.122411902973839,-2.9931823531757056
O96013,PAK4,GradientBoosting,1.8475447441228148,-0.13320451341243497
O96013,PAK4,GradientBoosting,-0.580258797630696,-1.186627637151782
O96013,PAK4,GradientBoosting,0.2044978401986305,0.22178151785668462
O96013,PAK4,GradientBoosting,-0.1256273339024708,-0.47898425024966934
O96013,PAK4,GradientBoosting,-2.448397210103495,0.1574880957286956
O96013,PAK4,GradientBoosting,1.1857706870906348,0.25359341649552286
O96013,PAK4,GradientBoosting,-0.4473267934983204,-1.1273926677333264
O96013,PAK4,GradientBoosting,-3.726635321623696,-2.3976555219769717
O96013,PAK4,GradientBoosting,-0.3336142225058557,-1.075747526386656
O96013,PAK4,GradientBoosting,-1.28189637473578,-0.9019460965643402
O96013,PAK4,MLP,0.2403831764020895,0.21784609194100002
O96013,PAK4,MLP,-1.4251952956849097,-0.5464684502386491
O96013,PAK4,MLP,-0.3637626831332404,-1.0555962321827097
O96013,PAK4,MLP,0.8283571100969758,0.28275697237538183
O96013,PAK4,MLP,1.553904884522321,1.0793316034320843
O96013,PAK4,MLP,-1.1292022004325806,-0.019520362158557528
O96013,PAK4,MLP,1.765618304464307,0.4668053378854202
O96013,PAK4,MLP,-1.1705827468813628,-1.198388752541894
O96013,PAK4,MLP,-2.122411902973839,-3.1208669334530508
O96013,PAK4,MLP,1.8475447441228148,0.6720949329354772
O96013,PAK4,MLP,-0.580258797630696,-0.3556508487189173
O96013,PAK4,MLP,0.2044978401986305,-0.5999065354105678
O96013,PAK4,MLP,-0.1256273339024708,-0.30190910616382577
O96013,PAK4,MLP,-2.448397210103495,-1.211919781017026
O96013,PAK4,MLP,1.1857706870906348,-0.12633669296494038
O96013,PAK4,MLP,-0.4473267934983204,-0.35863939163148423
O96013,PAK4,MLP,-3.726635321623696,-1.8118627109655496
O96013,PAK4,MLP,-0.3336142225058557,-0.2245711354267737
O96013,PAK4,MLP,-1.28189637473578,-1.4230544299359662
P00519,ABL1,RandomForest,1.2291908987702886,0.6844367655000275
P00519,ABL1,RandomForest,-1.1643803705388942,0.6412326676504669
P00519,ABL1,RandomForest,0.5505828397331949,-0.13220027394877779
P00519,ABL1,RandomForest,0.7731783273696979,-0.2276878823835711
P00519,ABL1,RandomForest,-0.9293877102914696,-0.6100559926572827
P00519,ABL1,RandomForest,-1.0564617914380796,0.2439442121939174
P00519,ABL1,RandomForest,0.040810177879272,0.2180538452916755
P00519,ABL1,RandomForest,-0.1426526863378476,-0.530078982267446
P00519,ABL1,RandomForest,-1.7881985022604383,0.5044445305775028
P00519,ABL1,RandomForest,0.3068382074740827,-0.1703763176792917
P00519,ABL1,RandomForest,0.1237685259924915,-0.8740213372663226
P00519,ABL1,RandomForest,0.7199748917951146,0.5605139956983176
P00519,ABL1,RandomForest,0.4023808128448137,-0.7630280300773725
P00519,ABL1,RandomForest,-0.7411786018648803,0.0783790565399275
P00519,ABL1,RandomForest,0.0728743263764001,-0.06196501118014766
P00519,ABL1,RandomForest,-0.2663460330510429,-0.607697257668429
P00519,ABL1,RandomForest,0.4538523778092556,-0.49109548156972815
P00519,ABL1,RandomForest,1.8797119916545348,0.5175384953281923
P00519,ABL1,RandomForest,0.3471323610729631,-0.5628782936112294
P00519,ABL1,XGBoost,1.2291908987702886,0.5112735033035278
P00519,ABL1,XGBoost,-1.1643803705388942,1.0040162801742554
P00519,ABL1,XGBoost,0.5505828397331949,-0.02994086965918541
P00519,ABL1,XGBoost,0.7731783273696979,-0.6816807985305786
P00519,ABL1,XGBoost,-0.9293877102914696,-0.6205673813819885
P00519,ABL1,XGBoost,-1.0564617914380796,-0.17998476326465607
P00519,ABL1,XGBoost,0.040810177879272,-0.05446812883019447
P00519,ABL1,XGBoost,-0.1426526863378476,-1.0742998123168945
P00519,ABL1,XGBoost,-1.7881985022604383,0.60427325963974
P00519,ABL1,XGBoost,0.3068382074740827,-0.5549312233924866
P00519,ABL1,XGBoost,0.1237685259924915,-1.2093571424484253
P00519,ABL1,XGBoost,0.7199748917951146,0.7599608302116394
P00519,ABL1,XGBoost,0.4023808128448137,-0.43348225951194763
P00519,ABL1,XGBoost,-0.7411786018648803,-0.39029446244239807
P00519,ABL1,XGBoost,0.0728743263764001,-0.10156262665987015
P00519,ABL1,XGBoost,-0.2663460330510429,-1.1893627643585205
P00519,ABL1,XGBoost,0.4538523778092556,-0.7259618043899536
P00519,ABL1,XGBoost,1.8797119916545348,0.45021823048591614
P00519,ABL1,XGBoost,0.3471323610729631,-0.7251785397529602
P00519,ABL1,PLS,1.2291908987702886,0.7179873569307749
P00519,ABL1,PLS,-1.1643803705388942,-0.12389963390387634
P00519,ABL1,PLS,0.5505828397331949,-0.10613784257797376
P00519,ABL1,PLS,0.7731783273696979,0.01228987380192712
P00519,ABL1,PLS,-0.9293877102914696,-0.16070658366340165
P00519,ABL1,PLS,-1.0564617914380796,0.014165486053936553
P00519,ABL1,PLS,0.040810177879272,0.09601897046595227
P00519,ABL1,PLS,-0.1426526863378476,-0.15372990341239579
P00519,ABL1,PLS,-1.7881985022604383,-0.25897508503026495
P00519,ABL1,PLS,0.3068382074740827,-0.08177500877601653
P00519,ABL1,PLS,0.1237685259924915,-0.07289871665268703
P00519,ABL1,PLS,0.7199748917951146,0.11134429242335024
P00519,ABL1,PLS,0.4023808128448137,-0.18396523714912114
P00519,ABL1,PLS,-0.7411786018648803,-0.10041746428705173
P00519,ABL1,PLS,0.0728743263764001,0.7072755121496139
P00519,ABL1,PLS,-0.2663460330510429,-0.09881131320791875
P00519,ABL1,PLS,0.4538523778092556,-0.2295244410587868
P00519,ABL1,PLS,1.8797119916545348,0.09863710637617201
P00519,ABL1,PLS,0.3471323610729631,-0.18221270372333584
P00519,ABL1,SVR,1.2291908987702886,0.0777378930919154
P00519,ABL1,SVR,-1.1643803705388942,-0.19761654717899224
P00519,ABL1,SVR,0.5505828397331949,-0.1811178808966248
P00519,ABL1,SVR,0.7731783273696979,-0.12928276329526564
P00519,ABL1,SVR,-0.9293877102914696,-0.18246674835903418
P00519,ABL1,SVR,-1.0564617914380796,-0.08752870435064213
P00519,ABL1,SVR,0.040810177879272,-0.17229906465604652
P00519,ABL1,SVR,-0.1426526863378476,-0.3076103173257433
P00519,ABL1,SVR,-1.7881985022604383,-0.28693476202813106
P00519,ABL1,SVR,0.3068382074740827,-0.18559315454480055
P00519,ABL1,SVR,0.1237685259924915,-0.2064562027719443
P00519,ABL1,SVR,0.7199748917951146,0.2607873183898143
P00519,ABL1,SVR,0.4023808128448137,-0.20122890811171576
P00519,ABL1,SVR,-0.7411786018648803,-0.067467155737406
P00519,ABL1,SVR,0.0728743263764001,0.23489735059269704
P00519,ABL1,SVR,-0.2663460330510429,-0.33241683009167367
P00519,ABL1,SVR,0.4538523778092556,-0.24522922659570526
P00519,ABL1,SVR,1.8797119916545348,-0.15557583472396294
P00519,ABL1,SVR,0.3471323610729631,-0.16778292557073474
P00519,ABL1,Lasso,1.2291908987702886,0.4688494505009252
P00519,ABL1,Lasso,-1.1643803705388942,-0.05387331933002467
P00519,ABL1,Lasso,0.5505828397331949,-0.0409024031740362
P00519,ABL1,Lasso,0.7731783273696979,0.016817696594130224
P00519,ABL1,Lasso,-0.9293877102914696,-0.08281893699611648
P00519,ABL1,Lasso,-1.0564617914380796,0.0073644629520140245
P00519,ABL1,Lasso,0.040810177879272,0.10510877282238427
P00519,ABL1,Lasso,-0.1426526863378476,-0.0244687081733364
P00519,ABL1,Lasso,-1.7881985022604383,-0.11352005021728981
P00519,ABL1,Lasso,0.3068382074740827,-0.02084511437148872
P00519,ABL1,Lasso,0.1237685259924915,-0.0026541096118716263
P00519,ABL1,Lasso,0.7199748917951146,-0.053471957586285916
P00519,ABL1,Lasso,0.4023808128448137,-0.08807756097682257
P00519,ABL1,Lasso,-0.7411786018648803,-0.08528317612913311
P00519,ABL1,Lasso,0.0728743263764001,0.39722687700098275
P00519,ABL1,Lasso,-0.2663460330510429,0.025830730286285575
P00519,ABL1,Lasso,0.4538523778092556,-0.10616561860257542
P00519,ABL1,Lasso,1.8797119916545348,0.0918198174204041
P00519,ABL1,Lasso,0.3471323610729631,-0.10764123219563256
P00519,ABL1,ElasticNet,1.2291908987702886,0.5679732254387242
P00519,ABL1,ElasticNet,-1.1643803705388942,-0.08631826987235847
P00519,ABL1,ElasticNet,0.5505828397331949,-0.06680200785928936
P00519,ABL1,ElasticNet,0.7731783273696979,0.009297223058592267
P00519,ABL1,ElasticNet,-0.9293877102914696,-0.11430830623193586
P00519,ABL1,ElasticNet,-1.0564617914380796,0.009921927087080496
P00519,ABL1,ElasticNet,0.040810177879272,0.09866282306947734
P00519,ABL1,ElasticNet,-0.1426526863378476,-0.07965843635797237
P00519,ABL1,ElasticNet,-1.7881985022604383,-0.17452884323446727
P00519,ABL1,ElasticNet,0.3068382074740827,-0.04544817930287157
P00519,ABL1,ElasticNet,0.1237685259924915,-0.029813811188924347
P00519,ABL1,ElasticNet,0.7199748917951146,0.02925002138564416
P00519,ABL1,ElasticNet,0.4023808128448137,-0.12420942182438531
P00519,ABL1,ElasticNet,-0.7411786018648803,-0.0886846937342141
P00519,ABL1,ElasticNet,0.0728743263764001,0.5267524892302271
P00519,ABL1,ElasticNet,-0.2663460330510429,-0.029600788631974625
P00519,ABL1,ElasticNet,0.4538523778092556,-0.1556363673007211
P00519,ABL1,ElasticNet,1.8797119916545348,0.08673258530040413
P00519,ABL1,ElasticNet,0.3471323610729631,-0.13885694694680942
P00519,ABL1,GradientBoosting,1.2291908987702886,0.8710051017569898
P00519,ABL1,GradientBoosting,-1.1643803705388942,1.032290510100521
P00519,ABL1,GradientBoosting,0.5505828397331949,-0.48928502731552176
P00519,ABL1,GradientBoosting,0.7731783273696979,-0.8265719797206991
P00519,ABL1,GradientBoosting,-0.9293877102914696,-0.7553401643774695
P00519,ABL1,GradientBoosting,-1.0564617914380796,0.2445642987024201
P00519,ABL1,GradientBoosting,0.040810177879272,0.6028118060495639
P00519,ABL1,GradientBoosting,-0.1426526863378476,-1.4650977050511576
P00519,ABL1,GradientBoosting,-1.7881985022604383,0.7505454140367466
P00519,ABL1,GradientBoosting,0.3068382074740827,-0.06270146509402492
P00519,ABL1,GradientBoosting,0.1237685259924915,-1.3237718793579367
P00519,ABL1,GradientBoosting,0.7199748917951146,0.9568203505234675
P00519,ABL1,GradientBoosting,0.4023808128448137,-1.5465760006750968
P00519,ABL1,GradientBoosting,-0.7411786018648803,-0.036352811742191904
P00519,ABL1,GradientBoosting,0.0728743263764001,-0.2932655892369484
P00519,ABL1,GradientBoosting,-0.2663460330510429,-1.5152578643982
P00519,ABL1,GradientBoosting,0.4538523778092556,-0.9743474644345061
P00519,ABL1,GradientBoosting,1.8797119916545348,0.6714054553692247
P00519,ABL1,GradientBoosting,0.3471323610729631,-0.8597010088079133
P00519,ABL1,MLP,1.2291908987702886,0.130492006106352
P00519,ABL1,MLP,-1.1643803705388942,-0.10200113633360067
P00519,ABL1,MLP,0.5505828397331949,-0.10200113633360067
P00519,ABL1,MLP,0.7731783273696979,0.10962187609033994
P00519,ABL1,MLP,-0.9293877102914696,-0.10200113633360067
P00519,ABL1,MLP,-1.0564617914380796,-0.052508983939819384
P00519,ABL1,MLP,0.040810177879272,-0.10200113633360067
P00519,ABL1,MLP,-0.1426526863378476,-0.10200113633360067
P00519,ABL1,MLP,-1.7881985022604383,-0.10200113633360067
P00519,ABL1,MLP,0.3068382074740827,-0.10200113633360067
P00519,ABL1,MLP,0.1237685259924915,-0.10200113633360067
P00519,ABL1,MLP,0.7199748917951146,-0.05512734923400528
P00519,ABL1,MLP,0.4023808128448137,-0.10200113633360067
P00519,ABL1,MLP,-0.7411786018648803,-0.05430207424410349
P00519,ABL1,MLP,0.0728743263764001,0.22084130696639878
P00519,ABL1,MLP,-0.2663460330510429,-0.10200113633360067
P00519,ABL1,MLP,0.4538523778092556,-0.10200113633360067
P00519,ABL1,MLP,1.8797119916545348,0.06402000652488654
P00519,ABL1,MLP,0.3471323610729631,-0.10200113633360067
P04049,RAF1,RandomForest,0.3172777340627867,0.10916758328871183
P04049,RAF1,RandomForest,-0.5535569418740198,0.7171428192624109
P04049,RAF1,RandomForest,0.4040865038756408,-0.0748303719728729
P04049,RAF1,RandomForest,-0.2766065366899625,0.20192837663403945
P04049,RAF1,RandomForest,0.4405123710621403,0.4725848864738278
P04049,RAF1,RandomForest,0.0932610990925477,0.6320069788028377
P04049,RAF1,RandomForest,0.7560515901799273,1.248127969000363
P04049,RAF1,RandomForest,0.5514616086848891,0.19101605286109674
P04049,RAF1,RandomForest,1.2954365866468989,-0.14333434374424714
P04049,RAF1,RandomForest,-0.8555181516366394,0.6481330807150921
P04049,RAF1,RandomForest,1.086503970552139,0.3719145293849194
P04049,RAF1,RandomForest,2.854456930670905,0.20852282753324963
P04049,RAF1,RandomForest,0.7774700869943951,0.2948295823543357
P04049,RAF1,RandomForest,-3.420415279280188,1.0187244732779026
P04049,RAF1,RandomForest,0.5352967877853053,-2.1446135039116125
P04049,RAF1,RandomForest,1.7019249024337244,0.3737157945267271
P04049,RAF1,RandomForest,0.7130285571260662,0.44129850392212994
P04049,RAF1,RandomForest,0.7456019354484889,0.6343596216289827
P04049,RAF1,RandomForest,0.55934438384811,0.5990922562351835
P04049,RAF1,XGBoost,0.3172777340627867,-0.2784731984138489
P04049,RAF1,XGBoost,-0.5535569418740198,-0.2763972282409668
P04049,RAF1,XGBoost,0.4040865038756408,-1.6507489681243896
P04049,RAF1,XGBoost,-0.2766065366899625,0.21850670874118805
P04049,RAF1,XGBoost,0.4405123710621403,0.4396962821483612
P04049,RAF1,XGBoost,0.0932610990925477,-0.09787186980247498
P04049,RAF1,XGBoost,0.7560515901799273,1.4012389183044434
P04049,RAF1,XGBoost,0.5514616086848891,0.035505928099155426
P04049,RAF1,XGBoost,1.2954365866468989,-0.07684837281703949
P04049,RAF1,XGBoost,-0.8555181516366394,0.29231542348861694
P04049,RAF1,XGBoost,1.086503970552139,0.6232824921607971
P04049,RAF1,XGBoost,2.854456930670905,0.8781818151473999
P04049,RAF1,XGBoost,0.7774700869943951,0.23825272917747498
P04049,RAF1,XGBoost,-3.420415279280188,0.04399178549647331
P04049,RAF1,XGBoost,0.5352967877853053,0.45757144689559937
P04049,RAF1,XGBoost,1.7019249024337244,0.2419799417257309
P04049,RAF1,XGBoost,0.7130285571260662,0.19790706038475037
P04049,RAF1,XGBoost,0.7456019354484889,0.29980358481407166
P04049,RAF1,XGBoost,0.55934438384811,0.4651205241680145
P04049,RAF1,PLS,0.3172777340627867,0.04785446847512062
P04049,RAF1,PLS,-0.5535569418740198,-0.5350451976285068
P04049,RAF1,PLS,0.4040865038756408,-0.87221989177399
P04049,RAF1,PLS,-0.2766065366899625,0.08572186480318347
P04049,RAF1,PLS,0.4405123710621403,1.3673356988258691
P04049,RAF1,PLS,0.0932610990925477,1.101013578988676
P04049,RAF1,PLS,0.7560515901799273,0.12347897314306333
P04049,RAF1,PLS,0.5514616086848891,1.1069508248811755
P04049,RAF1,PLS,1.2954365866468989,0.11361838419481327
P04049,RAF1,PLS,-0.8555181516366394,-0.24745885383461444
P04049,RAF1,PLS,1.086503970552139,0.8861602098491922
P04049,RAF1,PLS,2.854456930670905,-1.1649740897645406
P04049,RAF1,PLS,0.7774700869943951,0.3090499909139658
P04049,RAF1,PLS,-3.420415279280188,-1.1177469282994088
P04049,RAF1,PLS,0.5352967877853053,-0.4831211605233885
P04049,RAF1,PLS,1.7019249024337244,2.1090531787707887
P04049,RAF1,PLS,0.7130285571260662,0.38816511832361833
P04049,RAF1,PLS,0.7456019354484889,0.6576726198627421
P04049,RAF1,PLS,0.55934438384811,1.1250429625370368
P04049,RAF1,SVR,0.3172777340627867,-0.10158865184736626
P04049,RAF1,SVR,-0.5535569418740198,-0.5652700378466746
P04049,RAF1,SVR,0.4040865038756408,-0.8158929109019621
P04049,RAF1,SVR,-0.2766065366899625,0.040762101372065956
P04049,RAF1,SVR,0.4405123710621403,0.6824541718451209
P04049,RAF1,SVR,0.0932610990925477,0.8398107183741046
P04049,RAF1,SVR,0.7560515901799273,0.287852831045499
P04049,RAF1,SVR,0.5514616086848891,1.0162459191308133
P04049,RAF1,SVR,1.2954365866468989,0.204939108096803
P04049,RAF1,SVR,-0.8555181516366394,-0.14578538617154374
P04049,RAF1,SVR,1.086503970552139,0.7269751267935753
P04049,RAF1,SVR,2.854456930670905,-1.1687606884775268
P04049,RAF1,SVR,0.7774700869943951,0.18611524495156903
P04049,RAF1,SVR,-3.420415279280188,-0.9667793198496191
P04049,RAF1,SVR,0.5352967877853053,-0.19582683819085495
P04049,RAF1,SVR,1.7019249024337244,1.840585336919598
P04049,RAF1,SVR,0.7130285571260662,0.34864453773928344
P04049,RAF1,SVR,0.7456019354484889,0.6786340263710513
P04049,RAF1,SVR,0.55934438384811,0.6986263214286077
P04049,RAF1,Lasso,0.3172777340627867,0.21676908759396432
P04049,RAF1,Lasso,-0.5535569418740198,-0.07224761582899478
P04049,RAF1,Lasso,0.4040865038756408,-1.06875381850276
P04049,RAF1,Lasso,-0.2766065366899625,0.19048078555748202
P04049,RAF1,Lasso,0.4405123710621403,1.2787415659931047
P04049,RAF1,Lasso,0.0932610990925477,0.926918451642977
P04049,RAF1,Lasso,0.7560515901799273,0.10154385040363477
P04049,RAF1,Lasso,0.5514616086848891,0.7843835058145399
P04049,RAF1,Lasso,1.2954365866468989,0.03675574416947536
P04049,RAF1,Lasso,-0.8555181516366394,-0.04085092058824544
P04049,RAF1,Lasso,1.086503970552139,0.6426157527074923
P04049,RAF1,Lasso,2.854456930670905,-0.8922303873930282
P04049,RAF1,Lasso,0.7774700869943951,0.26383056764562307
P04049,RAF1,Lasso,-3.420415279280188,0.2195246769155304
P04049,RAF1,Lasso,0.5352967877853053,-0.40422192272378576
P04049,RAF1,Lasso,1.7019249024337244,1.3138346910394676
P04049,RAF1,Lasso,0.7130285571260662,0.3019382112323665
P04049,RAF1,Lasso,0.7456019354484889,0.32614266002622583
P04049,RAF1,Lasso,0.55934438384811,0.7006832871001255
P04049,RAF1,ElasticNet,0.3172777340627867,0.16546811150094246
P04049,RAF1,ElasticNet,-0.5535569418740198,-0.19287640341640322
P04049,RAF1,ElasticNet,0.4040865038756408,-0.9826115121929613
P04049,RAF1,ElasticNet,-0.2766065366899625,0.16851858509337875
P04049,RAF1,ElasticNet,0.4405123710621403,1.3044084392105424
P04049,RAF1,ElasticNet,0.0932610990925477,0.9925062107831795
P04049,RAF1,ElasticNet,0.7560515901799273,0.16664528160748027
P04049,RAF1,ElasticNet,0.5514616086848891,0.8612392338109456
P04049,RAF1,ElasticNet,1.2954365866468989,0.038838352397611825
P04049,RAF1,ElasticNet,-0.8555181516366394,-0.06466021180016349
P04049,RAF1,ElasticNet,1.086503970552139,0.7320661540586113
P04049,RAF1,ElasticNet,2.854456930670905,-0.9496422526856758
P04049,RAF1,ElasticNet,0.7774700869943951,0.2609263507331647
P04049,RAF1,ElasticNet,-3.420415279280188,-0.24119395899199952
P04049,RAF1,ElasticNet,0.5352967877853053,-0.5238552278374125
P04049,RAF1,ElasticNet,1.7019249024337244,1.6494328229131068
P04049,RAF1,ElasticNet,0.7130285571260662,0.30648483699045653
P04049,RAF1,ElasticNet,0.7456019354484889,0.4077480429217877
P04049,RAF1,ElasticNet,0.55934438384811,0.8792608783491307
P04049,RAF1,GradientBoosting,0.3172777340627867,-0.11178881869577173
P04049,RAF1,GradientBoosting,-0.5535569418740198,0.618762995966644
P04049,RAF1,GradientBoosting,0.4040865038756408,-0.7048447965831399
P04049,RAF1,GradientBoosting,-0.2766065366899625,0.007641211572962981
P04049,RAF1,GradientBoosting,0.4405123710621403,0.34708896308334214
P04049,RAF1,GradientBoosting,0.0932610990925477,0.5548753306911123
P04049,RAF1,GradientBoosting,0.7560515901799273,1.1403831328891996
P04049,RAF1,GradientBoosting,0.5514616086848891,0.140234595203666
P04049,RAF1,GradientBoosting,1.2954365866468989,-0.6956835046379011
P04049,RAF1,GradientBoosting,-0.8555181516366394,0.43487758055247233
P04049,RAF1,GradientBoosting,1.086503970552139,0.2763852398013677
P04049,RAF1,GradientBoosting,2.854456930670905,-0.5599800571416276
P04049,RAF1,GradientBoosting,0.7774700869943951,0.3696171382465641
P04049,RAF1,GradientBoosting,-3.420415279280188,0.7351628498619612
P04049,RAF1,GradientBoosting,0.5352967877853053,-4.203484459664032
P04049,RAF1,GradientBoosting,1.7019249024337244,0.22058722634282163
P04049,RAF1,GradientBoosting,0.7130285571260662,0.49624399785574663
P04049,RAF1,GradientBoosting,0.7456019354484889,0.03040947132772433
P04049,RAF1,GradientBoosting,0.55934438384811,0.2917790512900746
P04049,RAF1,MLP,0.3172777340627867,0.5711488503506271
P04049,RAF1,MLP,-0.5535569418740198,-2.244490926671488
P04049,RAF1,MLP,0.4040865038756408,-1.9415710942839994
P04049,RAF1,MLP,-0.2766065366899625,0.9764611462472088
P04049,RAF1,MLP,0.4405123710621403,-2.0707604530724604
P04049,RAF1,MLP,0.0932610990925477,0.3027221312500612
P04049,RAF1,MLP,0.7560515901799273,1.1251331537633105
P04049,RAF1,MLP,0.5514616086848891,1.035083206704465
P04049,RAF1,MLP,1.2954365866468989,0.8677517459879106
P04049,RAF1,MLP,-0.8555181516366394,1.0969158839560307
P04049,RAF1,MLP,1.086503970552139,1.2914908120977078
P04049,RAF1,MLP,2.854456930670905,-0.11699717316552127
P04049,RAF1,MLP,0.7774700869943951,0.9103919652056782
P04049,RAF1,MLP,-3.420415279280188,-1.6170215369790837
P04049,RAF1,MLP,0.5352967877853053,-0.603844104690713
P04049,RAF1,MLP,1.7019249024337244,-1.0544989052815728
P04049,RAF1,MLP,0.7130285571260662,1.195120483862452
P04049,RAF1,MLP,0.7456019354484889,2.0828646890022284
P04049,RAF1,MLP,0.55934438384811,1.4699012457563616
P04626,ERBB2,RandomForest,-0.8782780142498363,-0.7650515741469089
P04626,ERBB2,RandomForest,0.5921579082778464,-0.38432058645105655
P04626,ERBB2,RandomForest,-1.2007479869112077,-1.019702190238384
P04626,ERBB2,RandomForest,0.3229911801502548,-0.22341195988231222
P04626,ERBB2,RandomForest,0.2220899574746161,-0.1308840765465772
P04626,ERBB2,RandomForest,0.4062696236133641,0.31839090961513944
P04626,ERBB2,RandomForest,0.335997315221765,-0.3528763437622135
P04626,ERBB2,RandomForest,-0.1015443520136663,-0.636470263215656
P04626,ERBB2,RandomForest,-0.1956679437681737,-0.44645575762330497
P04626,ERBB2,RandomForest,-2.8035197204931364,-0.4508403009247163
P04626,ERBB2,RandomForest,0.4174347997390571,-0.7630756978781379
P04626,ERBB2,RandomForest,-0.4231226043564946,-0.3040954271617635
P04626,ERBB2,RandomForest,-0.179079096425851,-0.7542143627097617
P04626,ERBB2,RandomForest,0.4574370004425688,-0.5089031657872168
P04626,ERBB2,RandomForest,-0.8041925225145706,-0.9346795243060005
P04626,ERBB2,RandomForest,0.3558995140031705,-0.8222363696650392
P04626,ERBB2,RandomForest,-0.3506814396360105,-0.9464410379970769
P04626,ERBB2,RandomForest,-0.2561050201425475,-0.20915453255629604
P04626,ERBB2,RandomForest,-1.859575599489157,-0.31788305119486915
P04626,ERBB2,XGBoost,-0.8782780142498363,-0.9779729247093201
P04626,ERBB2,XGBoost,0.5921579082778464,-0.06222573295235634
P04626,ERBB2,XGBoost,-1.2007479869112077,-0.8270801305770874
P04626,ERBB2,XGBoost,0.3229911801502548,-0.16989946365356445
P04626,ERBB2,XGBoost,0.2220899574746161,0.30311188101768494
P04626,ERBB2,XGBoost,0.4062696236133641,0.6183685064315796
P04626,ERBB2,XGBoost,0.335997315221765,-0.3844742774963379
P04626,ERBB2,XGBoost,-0.1015443520136663,-0.48369100689888
P04626,ERBB2,XGBoost,-0.1956679437681737,-0.3678991198539734
P04626,ERBB2,XGBoost,-2.8035197204931364,-0.38687971234321594
P04626,ERBB2,XGBoost,0.4174347997390571,-0.2104223221540451
P04626,ERBB2,XGBoost,-0.4231226043564946,-0.6059083938598633
P04626,ERBB2,XGBoost,-0.179079096425851,-0.7681128978729248
P04626,ERBB2,XGBoost,0.4574370004425688,-2.0534050464630127
P04626,ERBB2,XGBoost,-0.8041925225145706,-1.4329099655151367
P04626,ERBB2,XGBoost,0.3558995140031705,-0.885642409324646
P04626,ERBB2,XGBoost,-0.3506814396360105,-0.6970677971839905
P04626,ERBB2,XGBoost,-0.2561050201425475,0.015203552320599556
P04626,ERBB2,XGBoost,-1.859575599489157,-0.22379137575626373
P04626,ERBB2,PLS,-0.8782780142498363,-0.7159651111935997
P04626,ERBB2,PLS,0.5921579082778464,-0.3552784083918245
P04626,ERBB2,PLS,-1.2007479869112077,-0.3110050049341402
P04626,ERBB2,PLS,0.3229911801502548,-0.3712865299098313
P04626,ERBB2,PLS,0.2220899574746161,-0.19558896288265148
P04626,ERBB2,PLS,0.4062696236133641,0.07166013992230974
P04626,ERBB2,PLS,0.335997315221765,-0.36035801455259847
P04626,ERBB2,PLS,-0.1015443520136663,-0.6236228018199657
P04626,ERBB2,PLS,-0.1956679437681737,-0.6496303458967252
P04626,ERBB2,PLS,-2.8035197204931364,-0.1682666038350118
P04626,ERBB2,PLS,0.4174347997390571,-0.6883158720523845
P04626,ERBB2,PLS,-0.4231226043564946,-0.26962202696366766
P04626,ERBB2,PLS,-0.179079096425851,-0.40593562581147785
P04626,ERBB2,PLS,0.4574370004425688,-0.18253291094118237
P04626,ERBB2,PLS,-0.8041925225145706,-0.8110303024436469
P04626,ERBB2,PLS,0.3558995140031705,-0.7165749057363039
P04626,ERBB2,PLS,-0.3506814396360105,-0.5890424377647309
P04626,ERBB2,PLS,-0.2561050201425475,-0.023841952649493514
P04626,ERBB2,PLS,-1.859575599489157,-0.46921896390714535
P04626,ERBB2,SVR,-0.8782780142498363,-0.2857070910471117
P04626,ERBB2,SVR,0.5921579082778464,-0.12128170979358249
P04626,ERBB2,SVR,-1.2007479869112077,0.35171417537817656
P04626,ERBB2,SVR,0.3229911801502548,-0.26124198354633943
P04626,ERBB2,SVR,0.2220899574746161,-0.18741132674640099
P04626,ERBB2,SVR,0.4062696236133641,0.17352567358725796
P04626,ERBB2,SVR,0.335997315221765,-0.4843297476845628
P04626,ERBB2,SVR,-0.1015443520136663,-0.45682624521647214
P04626,ERBB2,SVR,-0.1956679437681737,-0.2467622360014023
P04626,ERBB2,SVR,-2.8035197204931364,-0.24277205188567091
P04626,ERBB2,SVR,0.4174347997390571,-0.5259431770292917
P04626,ERBB2,SVR,-0.4231226043564946,0.10486161249787013
P04626,ERBB2,SVR,-0.179079096425851,-0.13624733956566049
P04626,ERBB2,SVR,0.4574370004425688,-0.19592983805274627
P04626,ERBB2,SVR,-0.8041925225145706,0.3484510295767114
P04626,ERBB2,SVR,0.3558995140031705,-0.6995926900254521
P04626,ERBB2,SVR,-0.3506814396360105,-0.21835376825997327
P04626,ERBB2,SVR,-0.2561050201425475,-0.3128086820664149
P04626,ERBB2,SVR,-1.859575599489157,-0.6059253572927357
P04626,ERBB2,Lasso,-0.8782780142498363,-0.5165083459329003
P04626,ERBB2,Lasso,0.5921579082778464,-0.36603205546649514
P04626,ERBB2,Lasso,-1.2007479869112077,-0.3505044132013624
P04626,ERBB2,Lasso,0.3229911801502548,-0.3894685572692893
P04626,ERBB2,Lasso,0.2220899574746161,-0.2823077570475507
P04626,ERBB2,Lasso,0.4062696236133641,-0.16256922087049616
P04626,ERBB2,Lasso,0.335997315221765,-0.4065000604863357
P04626,ERBB2,Lasso,-0.1015443520136663,-0.49198610019655664
P04626,ERBB2,Lasso,-0.1956679437681737,-0.4883592416979685
P04626,ERBB2,Lasso,-2.8035197204931364,-0.3062967288899146
P04626,ERBB2,Lasso,0.4174347997390571,-0.5310302495651543
P04626,ERBB2,Lasso,-0.4231226043564946,-0.3672844177981275
P04626,ERBB2,Lasso,-0.179079096425851,-0.4162089124151559
P04626,ERBB2,Lasso,0.4574370004425688,-0.33324613142479387
P04626,ERBB2,Lasso,-0.8041925225145706,-0.5562113808212978
P04626,ERBB2,Lasso,0.3558995140031705,-0.5672375145516861
P04626,ERBB2,Lasso,-0.3506814396360105,-0.4886215412173668
P04626,ERBB2,Lasso,-0.2561050201425475,-0.2818971664850786
P04626,ERBB2,Lasso,-1.859575599489157,-0.4480478608515874
P04626,ERBB2,ElasticNet,-0.8782780142498363,-0.6038455817400148
P04626,ERBB2,ElasticNet,0.5921579082778464,-0.3675668648490594
P04626,ERBB2,ElasticNet,-1.2007479869112077,-0.3313539110959032
P04626,ERBB2,ElasticNet,0.3229911801502548,-0.381596074323348
P04626,ERBB2,ElasticNet,0.2220899574746161,-0.24802536897801017
P04626,ERBB2,ElasticNet,0.4062696236133641,-0.06805332507787826
P04626,ERBB2,ElasticNet,0.335997315221765,-0.38940613455619844
P04626,ERBB2,ElasticNet,-0.1015443520136663,-0.5517938920429064
P04626,ERBB2,ElasticNet,-0.1956679437681737,-0.5611360857216222
P04626,ERBB2,ElasticNet,-2.8035197204931364,-0.24706721160982162
P04626,ERBB2,ElasticNet,0.4174347997390571,-0.6019464131439486
P04626,ERBB2,ElasticNet,-0.4231226043564946,-0.3202676100494985
P04626,ERBB2,ElasticNet,-0.179079096425851,-0.40948928340486
P04626,ERBB2,ElasticNet,0.4574370004425688,-0.2684852323435707
P04626,ERBB2,ElasticNet,-0.8041925225145706,-0.6615028720537075
P04626,ERBB2,ElasticNet,0.3558995140031705,-0.6314245594712962
P04626,ERBB2,ElasticNet,-0.3506814396360105,-0.52930842730168
P04626,ERBB2,ElasticNet,-0.2561050201425475,-0.16544338173654496
P04626,ERBB2,ElasticNet,-1.859575599489157,-0.46273637706708676
P04626,ERBB2,GradientBoosting,-0.8782780142498363,-0.7287744936308772
P04626,ERBB2,GradientBoosting,0.5921579082778464,0.19110795350213325
P04626,ERBB2,GradientBoosting,-1.2007479869112077,-0.8793000391862704
P04626,ERBB2,GradientBoosting,0.3229911801502548,-0.2250866236553988
P04626,ERBB2,GradientBoosting,0.2220899574746161,0.2818302043223355
P04626,ERBB2,GradientBoosting,0.4062696236133641,0.4976836821156596
P04626,ERBB2,GradientBoosting,0.335997315221765,-0.17115733156379506
P04626,ERBB2,GradientBoosting,-0.1015443520136663,-0.8801050355147546
P04626,ERBB2,GradientBoosting,-0.1956679437681737,-0.3793278133563195
P04626,ERBB2,GradientBoosting,-2.8035197204931364,-0.3568733267653496
P04626,ERBB2,GradientBoosting,0.4174347997390571,-0.31853240880922773
P04626,ERBB2,GradientBoosting,-0.4231226043564946,-0.5700028510570055
P04626,ERBB2,GradientBoosting,-0.179079096425851,-0.8539934913040347
P04626,ERBB2,GradientBoosting,0.4574370004425688,-0.10994257942321325
P04626,ERBB2,GradientBoosting,-0.8041925225145706,-0.9698912363939665
P04626,ERBB2,GradientBoosting,0.3558995140031705,-0.5956100659075017
P04626,ERBB2,GradientBoosting,-0.3506814396360105,-0.5447650144157482
P04626,ERBB2,GradientBoosting,-0.2561050201425475,-0.09094127523362142
P04626,ERBB2,GradientBoosting,-1.859575599489157,-0.25945683950368653
P04626,ERBB2,MLP,-0.8782780142498363,-0.6635011515997282
P04626,ERBB2,MLP,0.5921579082778464,-0.0034195457159371667
P04626,ERBB2,MLP,-1.2007479869112077,0.31605524073759783
P04626,ERBB2,MLP,0.3229911801502548,-0.6757085045236866
P04626,ERBB2,MLP,0.2220899574746161,-0.4507389027142731
P04626,ERBB2,MLP,0.4062696236133641,1.1185288950210708
P04626,ERBB2,MLP,0.335997315221765,-0.677978016449415
P04626,ERBB2,MLP,-0.1015443520136663,-0.66476346009998
P04626,ERBB2,MLP,-0.1956679437681737,-0.6688416807083284
P04626,ERBB2,MLP,-2.8035197204931364,-0.68406917463273
P04626,ERBB2,MLP,0.4174347997390571,-0.6635011515997282
P04626,ERBB2,MLP,-0.4231226043564946,-0.3689985704571094
P04626,ERBB2,MLP,-0.179079096425851,-0.6783716524480876
P04626,ERBB2,MLP,0.4574370004425688,-0.5129450162552568
P04626,ERBB2,MLP,-0.8041925225145706,-0.42143671590091775
P04626,ERBB2,MLP,0.3558995140031705,-0.6635011515997282
P04626,ERBB2,MLP,-0.3506814396360105,-0.6675594093668227
P04626,ERBB2,MLP,-0.2561050201425475,-0.6849791457251071
P04626,ERBB2,MLP,-1.859575599489157,-0.6737628107261567
P06493,CDK1,RandomForest,-0.1061785215266589,0.3705347226331546
P06493,CDK1,RandomForest,2.1197593111985538,0.808677395980308
P06493,CDK1,RandomForest,2.055099986007835,0.9026409694109228
P06493,CDK1,RandomForest,1.705454735357432,1.1758626409249235
P06493,CDK1,RandomForest,0.1474849329561599,-0.061568741670016705
P06493,CDK1,RandomForest,1.5965173106924917,1.3066981722247342
P06493,CDK1,RandomForest,1.6228098086262286,1.3533345361715592
P06493,CDK1,RandomForest,-0.0815992142211224,1.6298740546615738
P06493,CDK1,RandomForest,1.9446057348653365,0.6798239787999002
P06493,CDK1,RandomForest,1.794403750363496,0.7772917995935735
P06493,CDK1,RandomForest,-0.3241589573183748,1.0484253772047942
P06493,CDK1,RandomForest,0.1810824455988928,1.3393127617710778
P06493,CDK1,RandomForest,-0.1154880809035162,0.5356599388902489
P06493,CDK1,RandomForest,3.5795915132371574,0.8872193124599935
P06493,CDK1,RandomForest,0.0472776735727741,-0.7018261462090937
P06493,CDK1,RandomForest,0.4931033344280282,1.2969500563825176
P06493,CDK1,RandomForest,2.149978704578553,0.5440618915631551
P06493,CDK1,RandomForest,-4.608548521620923,0.946646343422878
P06493,CDK1,RandomForest,-0.2529312452502357,0.3572608630471043
P06493,CDK1,XGBoost,-0.1061785215266589,0.23888210952281952
P06493,CDK1,XGBoost,2.1197593111985538,0.5808699131011963
P06493,CDK1,XGBoost,2.055099986007835,0.39489978551864624
P06493,CDK1,XGBoost,1.705454735357432,0.38193970918655396
P06493,CDK1,XGBoost,0.1474849329561599,-0.6079387664794922
P06493,CDK1,XGBoost,1.5965173106924917,1.894995093345642
P06493,CDK1,XGBoost,1.6228098086262286,1.6221407651901245
P06493,CDK1,XGBoost,-0.0815992142211224,1.9424117803573608
P06493,CDK1,XGBoost,1.9446057348653365,-3.104280710220337
P06493,CDK1,XGBoost,1.794403750363496,0.1758594959974289
P06493,CDK1,XGBoost,-0.3241589573183748,0.5279787182807922
P06493,CDK1,XGBoost,0.1810824455988928,1.200082540512085
P06493,CDK1,XGBoost,-0.1154880809035162,0.23448829352855682
P06493,CDK1,XGBoost,3.5795915132371574,0.5078262686729431
P06493,CDK1,XGBoost,0.0472776735727741,-2.9960646629333496
P06493,CDK1,XGBoost,0.4931033344280282,1.7921048402786255
P06493,CDK1,XGBoost,2.149978704578553,0.7400566935539246
P06493,CDK1,XGBoost,-4.608548521620923,0.5358144640922546
P06493,CDK1,XGBoost,-0.2529312452502357,0.04158641770482063
P06493,CDK1,PLS,-0.1061785215266589,0.2938844801088969
P06493,CDK1,PLS,2.1197593111985538,0.9830412906646416
P06493,CDK1,PLS,2.055099986007835,0.573504771877776
P06493,CDK1,PLS,1.705454735357432,1.2955558705230406
P06493,CDK1,PLS,0.1474849329561599,1.1422224158172836
P06493,CDK1,PLS,1.5965173106924917,0.9397357852178522
P06493,CDK1,PLS,1.6228098086262286,1.5109907924142578
P06493,CDK1,PLS,-0.0815992142211224,2.134908153445726
P06493,CDK1,PLS,1.9446057348653365,1.6784084156846835
P06493,CDK1,PLS,1.794403750363496,1.7494175610574816
P06493,CDK1,PLS,-0.3241589573183748,1.6198515281924513
P06493,CDK1,PLS,0.1810824455988928,0.9645614688323227
P06493,CDK1,PLS,-0.1154880809035162,0.022977017184779847
P06493,CDK1,PLS,3.5795915132371574,1.1287076271834666
P06493,CDK1,PLS,0.0472776735727741,-0.4550492163151334
P06493,CDK1,PLS,0.4931033344280282,1.417157072002189
P06493,CDK1,PLS,2.149978704578553,1.2563814758922798
P06493,CDK1,PLS,-4.608548521620923,0.5844887516867496
P06493,CDK1,PLS,-0.2529312452502357,-0.3175977660942444
P06493,CDK1,SVR,-0.1061785215266589,0.48390765566154326
P06493,CDK1,SVR,2.1197593111985538,1.040808787966113
P06493,CDK1,SVR,2.055099986007835,0.6956501157042165
P06493,CDK1,SVR,1.705454735357432,1.2308399746989376
P06493,CDK1,SVR,0.1474849329561599,1.1572126527640942
P06493,CDK1,SVR,1.5965173106924917,1.0245200289472183
P06493,CDK1,SVR,1.6228098086262286,1.3949898821969173
P06493,CDK1,SVR,-0.0815992142211224,1.868147774832891
P06493,CDK1,SVR,1.9446057348653365,1.5531106719104626
P06493,CDK1,SVR,1.794403750363496,1.5452960368372166
P06493,CDK1,SVR,-0.3241589573183748,1.5254075489796313
P06493,CDK1,SVR,0.1810824455988928,1.0182774804677577
P06493,CDK1,SVR,-0.1154880809035162,0.3289375826082488
P06493,CDK1,SVR,3.5795915132371574,1.1672656030786268
P06493,CDK1,SVR,0.0472776735727741,-0.05590236904915202
P06493,CDK1,SVR,0.4931033344280282,1.357397764309352
P06493,CDK1,SVR,2.149978704578553,1.2272517656307484
P06493,CDK1,SVR,-4.608548521620923,0.7661986638167493
P06493,CDK1,SVR,-0.2529312452502357,-0.013041956248664777
P06493,CDK1,Lasso,-0.1061785215266589,0.9692630305957278
P06493,CDK1,Lasso,2.1197593111985538,1.0690783918888702
P06493,CDK1,Lasso,2.055099986007835,1.002461616161004
P06493,CDK1,Lasso,1.705454735357432,1.0128592198591408
P06493,CDK1,Lasso,0.1474849329561599,1.050941845399992
P06493,CDK1,Lasso,1.5965173106924917,1.0658190837594042
P06493,CDK1,Lasso,1.6228098086262286,1.0157550909973367
P06493,CDK1,Lasso,-0.0815992142211224,1.0465118465786398
P06493,CDK1,Lasso,1.9446057348653365,1.0548299764566307
P06493,CDK1,Lasso,1.794403750363496,0.9793936481876224
P06493,CDK1,Lasso,-0.3241589573183748,1.1000686785961198
P06493,CDK1,Lasso,0.1810824455988928,1.0539847833647915
P06493,CDK1,Lasso,-0.1154880809035162,1.0448987660411522
P06493,CDK1,Lasso,3.5795915132371574,1.0887835630790197
P06493,CDK1,Lasso,0.0472776735727741,0.9858980898047204
P06493,CDK1,Lasso,0.4931033344280282,1.0605937465122224
P06493,CDK1,Lasso,2.149978704578553,1.0195041525783917
P06493,CDK1,Lasso,-4.608548521620923,1.112800888342263
P06493,CDK1,Lasso,-0.2529312452502357,0.904331472876473
P06493,CDK1,ElasticNet,-0.1061785215266589,0.8287989336845457
P06493,CDK1,ElasticNet,2.1197593111985538,1.1330815573476067
P06493,CDK1,ElasticNet,2.055099986007835,0.9870232898243534
P06493,CDK1,ElasticNet,1.705454735357432,1.090422540844482
P06493,CDK1,ElasticNet,0.1474849329561599,1.0654549863648792
P06493,CDK1,ElasticNet,1.5965173106924917,1.036522624944146
P06493,CDK1,ElasticNet,1.6228098086262286,1.0983260418049061
P06493,CDK1,ElasticNet,-0.0815992142211224,1.2397213109138034
P06493,CDK1,ElasticNet,1.9446057348653365,1.1313179785973233
P06493,CDK1,ElasticNet,1.794403750363496,1.0709979641772407
P06493,CDK1,ElasticNet,-0.3241589573183748,1.2672924998355806
P06493,CDK1,ElasticNet,0.1810824455988928,1.1025716535494368
P06493,CDK1,ElasticNet,-0.1154880809035162,0.9471234521786319
P06493,CDK1,ElasticNet,3.5795915132371574,1.1477291862368673
P06493,CDK1,ElasticNet,0.0472776735727741,0.7781416938725492
P06493,CDK1,ElasticNet,0.4931033344280282,1.149873961621755
P06493,CDK1,ElasticNet,2.149978704578553,0.9944136675603747
P06493,CDK1,ElasticNet,-4.608548521620923,1.2115506454350444
P06493,CDK1,ElasticNet,-0.2529312452502357,0.6862553602976624
P06493,CDK1,GradientBoosting,-0.1061785215266589,0.14305219644372436
P06493,CDK1,GradientBoosting,2.1197593111985538,0.19590444433810142
P06493,CDK1,GradientBoosting,2.055099986007835,0.4967655945289032
P06493,CDK1,GradientBoosting,1.705454735357432,0.8906722594839195
P06493,CDK1,GradientBoosting,0.1474849329561599,-0.525710577006161
P06493,CDK1,GradientBoosting,1.5965173106924917,2.0072082643178626
P06493,CDK1,GradientBoosting,1.6228098086262286,1.3277376386813238
P06493,CDK1,GradientBoosting,-0.0815992142211224,2.089359901482045
P06493,CDK1,GradientBoosting,1.9446057348653365,1.701773270340778
P06493,CDK1,GradientBoosting,1.794403750363496,1.1037060775201943
P06493,CDK1,GradientBoosting,-0.3241589573183748,0.40819826551698823
P06493,CDK1,GradientBoosting,0.1810824455988928,2.0133195571320353
P06493,CDK1,GradientBoosting,-0.1154880809035162,0.44481963282599185
P06493,CDK1,GradientBoosting,3.5795915132371574,0.4319106991150929
P06493,CDK1,GradientBoosting,0.0472776735727741,-0.22326492149915192
P06493,CDK1,GradientBoosting,0.4931033344280282,0.852662721522282
P06493,CDK1,GradientBoosting,2.149978704578553,0.428425236894007
P06493,CDK1,GradientBoosting,-4.608548521620923,0.43336788603971466
P06493,CDK1,GradientBoosting,-0.2529312452502357,0.16781201654521596
P06493,CDK1,MLP,-0.1061785215266589,0.7157492668895707
P06493,CDK1,MLP,2.1197593111985538,0.9411859814743225
P06493,CDK1,MLP,2.055099986007835,0.940373108311859
P06493,CDK1,MLP,1.705454735357432,1.0092473553855255
P06493,CDK1,MLP,0.1474849329561599,1.1311712653488337
P06493,CDK1,MLP,1.5965173106924917,1.1684614398173498
P06493,CDK1,MLP,1.6228098086262286,1.0900423014635534
P06493,CDK1,MLP,-0.0815992142211224,1.0808856404558171
P06493,CDK1,MLP,1.9446057348653365,1.1990684325283891
P06493,CDK1,MLP,1.794403750363496,1.1489557662459147
P06493,CDK1,MLP,-0.3241589573183748,0.9573798951175145
P06493,CDK1,MLP,0.1810824455988928,0.9660631222522063
P06493,CDK1,MLP,-0.1154880809035162,0.9452247223424634
P06493,CDK1,MLP,3.5795915132371574,1.0277511979062601
P06493,CDK1,MLP,0.0472776735727741,0.4815409876988163
P06493,CDK1,MLP,0.4931033344280282,1.0560008605086888
P06493,CDK1,MLP,2.149978704578553,1.1867817450182776
P06493,CDK1,MLP,-4.608548521620923,0.701252566630584
P06493,CDK1,MLP,-0.2529312452502357,0.39475445206657955
P10398,ARAF,RandomForest,1.024183359002516,0.22134103185295204
P10398,ARAF,RandomForest,0.2773922969832338,-0.04817281119223794
P10398,ARAF,RandomForest,0.0071962304056688,0.19899435904188287
P10398,ARAF,RandomForest,-0.1863729713605222,-0.16469119246142547
P10398,ARAF,RandomForest,0.2200640728013045,0.14054447113654794
P10398,ARAF,RandomForest,0.1707804372838092,0.28403247370238277
P10398,ARAF,RandomForest,-0.3681156528242341,0.09694858029229023
P10398,ARAF,RandomForest,-0.5943993663385514,-0.11145672349715795
P10398,ARAF,RandomForest,-0.3350272854324637,0.041201645147841574
P10398,ARAF,RandomForest,-0.1351965672593157,-0.023141162420881555
P10398,ARAF,RandomForest,0.9259575759592984,-0.39693790025385695
P10398,ARAF,RandomForest,0.497193671004015,-0.06991976300415201
P10398,ARAF,RandomForest,0.6221814927339606,-0.16738086116336565
P10398,ARAF,RandomForest,0.6545972481698519,-0.21442851733300863
P10398,ARAF,RandomForest,-0.7314948873253796,-0.05663248749712439
P10398,ARAF,RandomForest,-0.2383227574991394,-0.1472006185175037
P10398,ARAF,RandomForest,-0.3050226745117978,-0.3178581699474579
P10398,ARAF,RandomForest,0.0927933820628097,0.16554071213100183
P10398,ARAF,RandomForest,-0.784443435290147,-0.8350984777688049
P10398,ARAF,XGBoost,1.024183359002516,0.17103001475334167
P10398,ARAF,XGBoost,0.2773922969832338,0.10352078080177307
P10398,ARAF,XGBoost,0.0071962304056688,0.17708584666252136
P10398,ARAF,XGBoost,-0.1863729713605222,0.3984285295009613
P10398,ARAF,XGBoost,0.2200640728013045,0.4456476867198944
P10398,ARAF,XGBoost,0.1707804372838092,0.6744552850723267
P10398,ARAF,XGBoost,-0.3681156528242341,0.42348989844322205
P10398,ARAF,XGBoost,-0.5943993663385514,0.08810905367136002
P10398,ARAF,XGBoost,-0.3350272854324637,0.24253039062023163
P10398,ARAF,XGBoost,-0.1351965672593157,-0.18837159872055054
P10398,ARAF,XGBoost,0.9259575759592984,0.025238074362277985
P10398,ARAF,XGBoost,0.497193671004015,-0.03866775333881378
P10398,ARAF,XGBoost,0.6221814927339606,0.15835963189601898
P10398,ARAF,XGBoost,0.6545972481698519,-0.19802750647068024
P10398,ARAF,XGBoost,-0.7314948873253796,-0.22408859431743622
P10398,ARAF,XGBoost,-0.2383227574991394,0.12412389367818832
P10398,ARAF,XGBoost,-0.3050226745117978,-0.45890113711357117
P10398,ARAF,XGBoost,0.0927933820628097,0.590745210647583
P10398,ARAF,XGBoost,-0.784443435290147,0.013968843035399914
P10398,ARAF,PLS,1.024183359002516,-0.04082525861347036
P10398,ARAF,PLS,0.2773922969832338,-0.003628005454397395
P10398,ARAF,PLS,0.0071962304056688,-0.08386405070086292
P10398,ARAF,PLS,-0.1863729713605222,-0.027054476316474688
P10398,ARAF,PLS,0.2200640728013045,0.07698693900475712
P10398,ARAF,PLS,0.1707804372838092,-0.06028703475656344
P10398,ARAF,PLS,-0.3681156528242341,-0.022043045783868433
P10398,ARAF,PLS,-0.5943993663385514,-0.05356979352232612
P10398,ARAF,PLS,-0.3350272854324637,0.0020498761210245194
P10398,ARAF,PLS,-0.1351965672593157,0.07709701286241921
P10398,ARAF,PLS,0.9259575759592984,-0.04192961853058007
P10398,ARAF,PLS,0.497193671004015,-0.2005699121278828
P10398,ARAF,PLS,0.6221814927339606,-0.05210480752298498
P10398,ARAF,PLS,0.6545972481698519,-0.2358802589394638
P10398,ARAF,PLS,-0.7314948873253796,-0.001913132009683403
P10398,ARAF,PLS,-0.2383227574991394,-0.002894710200102046
P10398,ARAF,PLS,-0.3050226745117978,0.025174393618382234
P10398,ARAF,PLS,0.0927933820628097,-0.007428171226088303
P10398,ARAF,PLS,-0.784443435290147,-0.08128355487972787
P10398,ARAF,SVR,1.024183359002516,0.03311134535105778
P10398,ARAF,SVR,0.2773922969832338,0.1450034472487486
P10398,ARAF,SVR,0.0071962304056688,-0.014253682028272402
P10398,ARAF,SVR,-0.1863729713605222,0.09112679494331835
P10398,ARAF,SVR,0.2200640728013045,0.13477824397719634
P10398,ARAF,SVR,0.1707804372838092,-0.024833673408442572
P10398,ARAF,SVR,-0.3681156528242341,0.2359678444904143
P10398,ARAF,SVR,-0.5943993663385514,0.028132880725493012
P10398,ARAF,SVR,-0.3350272854324637,0.06420386207984545
P10398,ARAF,SVR,-0.1351965672593157,0.10166284642353304
P10398,ARAF,SVR,0.9259575759592984,0.08686699562650767
P10398,ARAF,SVR,0.497193671004015,-0.15961695072960663
P10398,ARAF,SVR,0.6221814927339606,0.1406496043630609
P10398,ARAF,SVR,0.6545972481698519,-0.13278218943024173
P10398,ARAF,SVR,-0.7314948873253796,0.11388032977172292
P10398,ARAF,SVR,-0.2383227574991394,0.15384824679517767
P10398,ARAF,SVR,-0.3050226745117978,0.12368134863175301
P10398,ARAF,SVR,0.0927933820628097,0.15430823676997185
P10398,ARAF,SVR,-0.784443435290147,0.05995992831901521
P10398,ARAF,Lasso,1.024183359002516,-0.015591915738136685
P10398,ARAF,Lasso,0.2773922969832338,-0.015591915738136685
P10398,ARAF,Lasso,0.0071962304056688,-0.015591915738136685
P10398,ARAF,Lasso,-0.1863729713605222,-0.015591915738136685
P10398,ARAF,Lasso,0.2200640728013045,-0.015591915738136685
P10398,ARAF,Lasso,0.1707804372838092,-0.015591915738136685
P10398,ARAF,Lasso,-0.3681156528242341,-0.015591915738136685
P10398,ARAF,Lasso,-0.5943993663385514,-0.015591915738136685
P10398,ARAF,Lasso,-0.3350272854324637,-0.015591915738136685
P10398,ARAF,Lasso,-0.1351965672593157,-0.015591915738136685
P10398,ARAF,Lasso,0.9259575759592984,-0.015591915738136685
P10398,ARAF,Lasso,0.497193671004015,-0.015591915738136685
P10398,ARAF,Lasso,0.6221814927339606,-0.015591915738136685
P10398,ARAF,Lasso,0.6545972481698519,-0.015591915738136685
P10398,ARAF,Lasso,-0.7314948873253796,-0.015591915738136685
P10398,ARAF,Lasso,-0.2383227574991394,-0.015591915738136685
P10398,ARAF,Lasso,-0.3050226745117978,-0.015591915738136685
P10398,ARAF,Lasso,0.0927933820628097,-0.015591915738136685
P10398,ARAF,Lasso,-0.784443435290147,-0.015591915738136685
P10398,ARAF,ElasticNet,1.024183359002516,-0.009335943538981154
P10398,ARAF,ElasticNet,0.2773922969832338,-0.014556357365069111
P10398,ARAF,ElasticNet,0.0071962304056688,-0.015486306601422183
P10398,ARAF,ElasticNet,-0.1863729713605222,-0.022704831611431473
P10398,ARAF,ElasticNet,0.2200640728013045,0.0012588165468578778
P10398,ARAF,ElasticNet,0.1707804372838092,-0.0006470241301300521
P10398,ARAF,ElasticNet,-0.3681156528242341,-0.05102787501311
P10398,ARAF,ElasticNet,-0.5943993663385514,-0.0175729531595553
P10398,ARAF,ElasticNet,-0.3350272854324637,-0.01788982259365125
P10398,ARAF,ElasticNet,-0.1351965672593157,-0.005155417368252058
P10398,ARAF,ElasticNet,0.9259575759592984,-0.018158187978863635
P10398,ARAF,ElasticNet,0.497193671004015,-0.045400639195999556
P10398,ARAF,ElasticNet,0.6221814927339606,-0.026189335384072122
P10398,ARAF,ElasticNet,0.6545972481698519,-0.039118431963748375
P10398,ARAF,ElasticNet,-0.7314948873253796,-0.013302805404925342
P10398,ARAF,ElasticNet,-0.2383227574991394,-0.011338539091944133
P10398,ARAF,ElasticNet,-0.3050226745117978,-0.010552720842997574
P10398,ARAF,ElasticNet,0.0927933820628097,-0.030617089900248744
P10398,ARAF,ElasticNet,-0.784443435290147,-0.02634955933025447
P10398,ARAF,GradientBoosting,1.024183359002516,0.09893917040834495
P10398,ARAF,GradientBoosting,0.2773922969832338,0.029572697409712106
P10398,ARAF,GradientBoosting,0.0071962304056688,0.16392195855449315
P10398,ARAF,GradientBoosting,-0.1863729713605222,-0.539860060922254
P10398,ARAF,GradientBoosting,0.2200640728013045,0.3902958419686259
P10398,ARAF,GradientBoosting,0.1707804372838092,0.5505858925887039
P10398,ARAF,GradientBoosting,-0.3681156528242341,0.5919165687993455
P10398,ARAF,GradientBoosting,-0.5943993663385514,0.06410579585868252
P10398,ARAF,GradientBoosting,-0.3350272854324637,0.11855619409008486
P10398,ARAF,GradientBoosting,-0.1351965672593157,-0.12916877374824814
P10398,ARAF,GradientBoosting,0.9259575759592984,-0.2329494101702218
P10398,ARAF,GradientBoosting,0.497193671004015,0.0032858415377439417
P10398,ARAF,GradientBoosting,0.6221814927339606,-0.05742763803774342
P10398,ARAF,GradientBoosting,0.6545972481698519,-0.3235000423341637
P10398,ARAF,GradientBoosting,-0.7314948873253796,-0.11714022435179341
P10398,ARAF,GradientBoosting,-0.2383227574991394,0.13227921527188163
P10398,ARAF,GradientBoosting,-0.3050226745117978,-0.06111119413141924
P10398,ARAF,GradientBoosting,0.0927933820628097,0.37065215851372496
P10398,ARAF,GradientBoosting,-0.784443435290147,-0.5071051652831209
P10398,ARAF,MLP,1.024183359002516,0.505948163642495
P10398,ARAF,MLP,0.2773922969832338,-0.15882738653599002
P10398,ARAF,MLP,0.0071962304056688,0.22769136032427834
P10398,ARAF,MLP,-0.1863729713605222,-0.20456079267347507
P10398,ARAF,MLP,0.2200640728013045,-0.16612700778045525
P10398,ARAF,MLP,0.1707804372838092,0.8316401985431614
P10398,ARAF,MLP,-0.3681156528242341,0.01305734565613853
P10398,ARAF,MLP,-0.5943993663385514,0.27050907520226325
P10398,ARAF,MLP,-0.3350272854324637,-0.166005192239293
P10398,ARAF,MLP,-0.1351965672593157,-0.23492799107262172
P10398,ARAF,MLP,0.9259575759592984,0.005281981184872608
P10398,ARAF,MLP,0.497193671004015,-0.11992022657372264
P10398,ARAF,MLP,0.6221814927339606,-0.26376313942262125
P10398,ARAF,MLP,0.6545972481698519,0.6922034548245575
P10398,ARAF,MLP,-0.7314948873253796,-0.2354646750879912
P10398,ARAF,MLP,-0.2383227574991394,0.3991145439484342
P10398,ARAF,MLP,-0.3050226745117978,-0.20039612732879733
P10398,ARAF,MLP,0.0927933820628097,-0.1732310241354184
P10398,ARAF,MLP,-0.784443435290147,0.40642861041217776
P11274,BCR,RandomForest,0.2259463743147708,-0.2701421617567888
P11274,BCR,RandomForest,-1.6040635977484536,-0.17422266165103573
P11274,BCR,RandomForest,0.5073626776404802,-0.09876721819679166
P11274,BCR,RandomForest,0.5660082865293163,-0.18146557700061453
P11274,BCR,RandomForest,0.920648745524684,-0.36474396694651434
P11274,BCR,RandomForest,-1.5373977785626676,-1.0467410192542068
P11274,BCR,RandomForest,-0.5629601841536649,-0.7701080120281034
P11274,BCR,RandomForest,-0.4931924233947189,-0.35809637625785207
P11274,BCR,RandomForest,-1.3992819789311062,0.09576703325982164
P11274,BCR,RandomForest,-0.2894919084534402,-0.3837005342540188
P11274,BCR,RandomForest,1.2515135304248473,-0.045980023701670515
P11274,BCR,RandomForest,0.4647122814677097,0.3069133719273984
P11274,BCR,RandomForest,-0.0887939703400351,-0.18439532480273646
P11274,BCR,RandomForest,-2.4236543855581423,0.1812141348352064
P11274,BCR,RandomForest,0.5251742269011259,0.2952364784073879
P11274,BCR,RandomForest,-0.7973233960344966,-0.5631923994176298
P11274,BCR,RandomForest,-0.1021023495912374,-0.5316904374914673
P11274,BCR,RandomForest,0.4303454106936579,0.0016467891309507453
P11274,BCR,RandomForest,1.4371092642457737,0.040620089141990744
P11274,BCR,XGBoost,0.2259463743147708,-0.5152661800384521
P11274,BCR,XGBoost,-1.6040635977484536,-0.12333842366933823
P11274,BCR,XGBoost,0.5073626776404802,-0.10499881953001022
P11274,BCR,XGBoost,0.5660082865293163,0.24982652068138123
P11274,BCR,XGBoost,0.920648745524684,-0.5690931081771851
P11274,BCR,XGBoost,-1.5373977785626676,-1.1282938718795776
P11274,BCR,XGBoost,-0.5629601841536649,-0.7235105037689209
P11274,BCR,XGBoost,-0.4931924233947189,-0.47027233242988586
P11274,BCR,XGBoost,-1.3992819789311062,0.12373029440641403
P11274,BCR,XGBoost,-0.2894919084534402,-0.8786676526069641
P11274,BCR,XGBoost,1.2515135304248473,0.5791470408439636
P11274,BCR,XGBoost,0.4647122814677097,0.5130115151405334
P11274,BCR,XGBoost,-0.0887939703400351,0.10298026353120804
P11274,BCR,XGBoost,-2.4236543855581423,0.09334836900234222
P11274,BCR,XGBoost,0.5251742269011259,0.3537626564502716
P11274,BCR,XGBoost,-0.7973233960344966,-0.7096405625343323
P11274,BCR,XGBoost,-0.1021023495912374,-0.48859259486198425
P11274,BCR,XGBoost,0.4303454106936579,0.2760189473628998
P11274,BCR,XGBoost,1.4371092642457737,0.5651906132698059
P11274,BCR,PLS,0.2259463743147708,-0.9899739494824501
P11274,BCR,PLS,-1.6040635977484536,-0.39522349429514975
P11274,BCR,PLS,0.5073626776404802,0.422658186482772
P11274,BCR,PLS,0.5660082865293163,-0.11331693010358979
P11274,BCR,PLS,0.920648745524684,-0.18358336542401027
P11274,BCR,PLS,-1.5373977785626676,-0.910783249454076
P11274,BCR,PLS,-0.5629601841536649,-0.43092750146543474
P11274,BCR,PLS,-0.4931924233947189,0.5627042081913814
P11274,BCR,PLS,-1.3992819789311062,-0.6913230103895933
P11274,BCR,PLS,-0.2894919084534402,-0.07472235851676862
P11274,BCR,PLS,1.2515135304248473,-0.08044582591297683
P11274,BCR,PLS,0.4647122814677097,0.7319125702775672
P11274,BCR,PLS,-0.0887939703400351,0.594775701620624
P11274,BCR,PLS,-2.4236543855581423,0.3699415629460092
P11274,BCR,PLS,0.5251742269011259,-0.18406568679444318
P11274,BCR,PLS,-0.7973233960344966,-0.4220368743806247
P11274,BCR,PLS,-0.1021023495912374,-0.18502929519781153
P11274,BCR,PLS,0.4303454106936579,0.025061728231811464
P11274,BCR,PLS,1.4371092642457737,0.5681175156481463
P11274,BCR,SVR,0.2259463743147708,-0.9447499521374343
P11274,BCR,SVR,-1.6040635977484536,-0.4028448008336321
P11274,BCR,SVR,0.5073626776404802,0.9431488192323074
P11274,BCR,SVR,0.5660082865293163,-0.19331811771669155
P11274,BCR,SVR,0.920648745524684,-0.08666011600757573
P11274,BCR,SVR,-1.5373977785626676,-1.608402091678484
P11274,BCR,SVR,-0.5629601841536649,-0.3961370824384101
P11274,BCR,SVR,-0.4931924233947189,0.6263104117585969
P11274,BCR,SVR,-1.3992819789311062,-0.6204137710625262
P11274,BCR,SVR,-0.2894919084534402,0.17836969327726687
P11274,BCR,SVR,1.2515135304248473,-0.3133631168001599
P11274,BCR,SVR,0.4647122814677097,1.2560814772050086
P11274,BCR,SVR,-0.0887939703400351,0.6741908870929088
P11274,BCR,SVR,-2.4236543855581423,-0.0032140100924856196
P11274,BCR,SVR,0.5251742269011259,-0.4547075144167897
P11274,BCR,SVR,-0.7973233960344966,-0.6384181730256799
P11274,BCR,SVR,-0.1021023495912374,-0.0028056058411665696
P11274,BCR,SVR,0.4303454106936579,-0.2483604604745216
P11274,BCR,SVR,1.4371092642457737,0.8239449264702083
P11274,BCR,Lasso,0.2259463743147708,-0.4405312698335439
P11274,BCR,Lasso,-1.6040635977484536,-0.48922073386825715
P11274,BCR,Lasso,0.5073626776404802,0.13889507106560206
P11274,BCR,Lasso,0.5660082865293163,-0.09377859873344258
P11274,BCR,Lasso,0.920648745524684,-0.18102132950755262
P11274,BCR,Lasso,-1.5373977785626676,-0.6406365248513923
P11274,BCR,Lasso,-0.5629601841536649,-0.28012657868005925
P11274,BCR,Lasso,-0.4931924233947189,0.10482562148871616
P11274,BCR,Lasso,-1.3992819789311062,-0.30627441882281925
P11274,BCR,Lasso,-0.2894919084534402,-0.28053541453289826
P11274,BCR,Lasso,1.2515135304248473,-0.21129284543743332
P11274,BCR,Lasso,0.4647122814677097,0.3412952576656284
P11274,BCR,Lasso,-0.0887939703400351,-0.32395950537701124
P11274,BCR,Lasso,-2.4236543855581423,-0.06494464783890663
P11274,BCR,Lasso,0.5251742269011259,-0.11127609386204193
P11274,BCR,Lasso,-0.7973233960344966,-0.45909226924392765
P11274,BCR,Lasso,-0.1021023495912374,-0.2443606786111765
P11274,BCR,Lasso,0.4303454106936579,-0.31559493896504975
P11274,BCR,Lasso,1.4371092642457737,0.05149584402351809
P11274,BCR,ElasticNet,0.2259463743147708,-0.5363709270643859
P11274,BCR,ElasticNet,-1.6040635977484536,-0.49146766910624107
P11274,BCR,ElasticNet,0.5073626776404802,0.2730055136407099
P11274,BCR,ElasticNet,0.5660082865293163,-0.10144563901073583
P11274,BCR,ElasticNet,0.920648745524684,-0.19810237582056323
P11274,BCR,ElasticNet,-1.5373977785626676,-0.7472092514055111
P11274,BCR,ElasticNet,-0.5629601841536649,-0.35716799080873246
P11274,BCR,ElasticNet,-0.4931924233947189,0.26173526546305625
P11274,BCR,ElasticNet,-1.3992819789311062,-0.523573710517162
P11274,BCR,ElasticNet,-0.2894919084534402,-0.21298276303569091
P11274,BCR,ElasticNet,1.2515135304248473,-0.15953494191270653
P11274,BCR,ElasticNet,0.4647122814677097,0.5065522192103042
P11274,BCR,ElasticNet,-0.0887939703400351,-0.29998653850863594
P11274,BCR,ElasticNet,-2.4236543855581423,0.04028935996617555
P11274,BCR,ElasticNet,0.5251742269011259,-0.06315652597980637
P11274,BCR,ElasticNet,-0.7973233960344966,-0.4846732329972935
P11274,BCR,ElasticNet,-0.1021023495912374,-0.22918786477833913
P11274,BCR,ElasticNet,0.4303454106936579,-0.17515057928202127
P11274,BCR,ElasticNet,1.4371092642457737,0.20639166482179416
P11274,BCR,GradientBoosting,0.2259463743147708,-0.2802840816394717
P11274,BCR,GradientBoosting,-1.6040635977484536,-0.5408827597390273
P11274,BCR,GradientBoosting,0.5073626776404802,0.12097285020497196
P11274,BCR,GradientBoosting,0.5660082865293163,0.3036998201570077
P11274,BCR,GradientBoosting,0.920648745524684,-0.46197880724545193
P11274,BCR,GradientBoosting,-1.5373977785626676,-0.9475131631390021
P11274,BCR,GradientBoosting,-0.5629601841536649,-0.8983732306150496
P11274,BCR,GradientBoosting,-0.4931924233947189,0.07954234040342029
P11274,BCR,GradientBoosting,-1.3992819789311062,0.3069224989334428
P11274,BCR,GradientBoosting,-0.2894919084534402,-0.32165894383590904
P11274,BCR,GradientBoosting,1.2515135304248473,0.5186215191062135
P11274,BCR,GradientBoosting,0.4647122814677097,0.4915233535563743
P11274,BCR,GradientBoosting,-0.0887939703400351,0.033577391087985804
P11274,BCR,GradientBoosting,-2.4236543855581423,0.3663829915157292
P11274,BCR,GradientBoosting,0.5251742269011259,0.47902871446770484
P11274,BCR,GradientBoosting,-0.7973233960344966,-0.4445820588770881
P11274,BCR,GradientBoosting,-0.1021023495912374,-0.28673408667992495
P11274,BCR,GradientBoosting,0.4303454106936579,0.2806082803641728
P11274,BCR,GradientBoosting,1.4371092642457737,0.2785115798011765
P11274,BCR,MLP,0.2259463743147708,-0.7466109053048929
P11274,BCR,MLP,-1.6040635977484536,-0.6611465638318735
P11274,BCR,MLP,0.5073626776404802,0.3216595533818728
P11274,BCR,MLP,0.5660082865293163,-1.213348558314411
P11274,BCR,MLP,0.920648745524684,0.3228725129260397
P11274,BCR,MLP,-1.5373977785626676,-0.5979460813435465
P11274,BCR,MLP,-0.5629601841536649,-1.4787550998969157
P11274,BCR,MLP,-0.4931924233947189,0.49497566858110364
P11274,BCR,MLP,-1.3992819789311062,-0.5584447998520112
P11274,BCR,MLP,-0.2894919084534402,-0.0633245677932468
P11274,BCR,MLP,1.2515135304248473,-0.21511304787991495
P11274,BCR,MLP,0.4647122814677097,0.46289856827737774
P11274,BCR,MLP,-0.0887939703400351,-0.7712205921636742
P11274,BCR,MLP,-2.4236543855581423,0.851178598658633
P11274,BCR,MLP,0.5251742269011259,-0.06835267324105201
P11274,BCR,MLP,-0.7973233960344966,0.06748058746786437
P11274,BCR,MLP,-0.1021023495912374,-0.8283257834432545
P11274,BCR,MLP,0.4303454106936579,0.14107626323315756
P11274,BCR,MLP,1.4371092642457737,0.599498316970778
P15056,BRAF,RandomForest,-0.0441845087104023,0.2351594605345543
P15056,BRAF,RandomForest,1.6289868529511835,0.22417003526104612
P15056,BRAF,RandomForest,-0.4395610834409715,0.2000905276320968
P15056,BRAF,RandomForest,0.2018235704043824,-1.1618325971433068
P15056,BRAF,RandomForest,-0.6325244979047824,0.06648327406798751
P15056,BRAF,RandomForest,-0.1802019763760652,-0.15433875456825233
P15056,BRAF,RandomForest,0.1173996491460565,0.39580423483687893
P15056,BRAF,RandomForest,0.9737464498676924,0.8280336784065515
P15056,BRAF,RandomForest,1.8826597714271924,0.4688520394750937
P15056,BRAF,RandomForest,-0.2006657103856191,0.6269921513571434
P15056,BRAF,RandomForest,0.4747530531586093,0.9364880564784188
P15056,BRAF,RandomForest,1.3933856075388693,-0.7975401983644028
P15056,BRAF,RandomForest,-0.6813826638567476,0.39624862738619626
P15056,BRAF,RandomForest,-5.177086294037606,-1.305767685744911
P15056,BRAF,RandomForest,0.226061864180546,-0.956457147341469
P15056,BRAF,RandomForest,2.334662278809277,0.07689919235669536
P15056,BRAF,RandomForest,0.2851546278037251,0.5483083666831942
P15056,BRAF,RandomForest,1.0662583859986854,-0.2099421076184812
P15056,BRAF,RandomForest,0.2698452711941407,-0.19617902482476285
P15056,BRAF,XGBoost,-0.0441845087104023,-0.5168740749359131
P15056,BRAF,XGBoost,1.6289868529511835,-0.028475908562541008
P15056,BRAF,XGBoost,-0.4395610834409715,0.3393539786338806
P15056,BRAF,XGBoost,0.2018235704043824,-0.7485360503196716
P15056,BRAF,XGBoost,-0.6325244979047824,0.7794502377510071
P15056,BRAF,XGBoost,-0.1802019763760652,-0.4858247935771942
P15056,BRAF,XGBoost,0.1173996491460565,0.6551230549812317
P15056,BRAF,XGBoost,0.9737464498676924,0.3457529544830322
P15056,BRAF,XGBoost,1.8826597714271924,0.25491470098495483
P15056,BRAF,XGBoost,-0.2006657103856191,0.8111799359321594
P15056,BRAF,XGBoost,0.4747530531586093,0.9275779128074646
P15056,BRAF,XGBoost,1.3933856075388693,-0.5455197095870972
P15056,BRAF,XGBoost,-0.6813826638567476,0.03032160922884941
P15056,BRAF,XGBoost,-5.177086294037606,-1.5416874885559082
P15056,BRAF,XGBoost,0.226061864180546,-1.1502221822738647
P15056,BRAF,XGBoost,2.334662278809277,0.0211431086063385
P15056,BRAF,XGBoost,0.2851546278037251,1.1084800958633423
P15056,BRAF,XGBoost,1.0662583859986854,0.0026445176918059587
P15056,BRAF,XGBoost,0.2698452711941407,0.24237877130508423
P15056,BRAF,PLS,-0.0441845087104023,0.17214666445668186
P15056,BRAF,PLS,1.6289868529511835,0.5806674366714667
P15056,BRAF,PLS,-0.4395610834409715,0.43241436854261883
P15056,BRAF,PLS,0.2018235704043824,-1.5697343275078808
P15056,BRAF,PLS,-0.6325244979047824,1.3317797756011591
P15056,BRAF,PLS,-0.1802019763760652,-0.8216135458577785
P15056,BRAF,PLS,0.1173996491460565,1.0341887129408223
P15056,BRAF,PLS,0.9737464498676924,1.0363101374202677
P15056,BRAF,PLS,1.8826597714271924,0.4827094344159859
P15056,BRAF,PLS,-0.2006657103856191,0.8661116089523713
P15056,BRAF,PLS,0.4747530531586093,0.9756279735433604
P15056,BRAF,PLS,1.3933856075388693,-1.5197628987511422
P15056,BRAF,PLS,-0.6813826638567476,-0.05471913034337145
P15056,BRAF,PLS,-5.177086294037606,-0.7836420673042245
P15056,BRAF,PLS,0.226061864180546,-1.4938852153040045
P15056,BRAF,PLS,2.334662278809277,1.3377673339667149
P15056,BRAF,PLS,0.2851546278037251,-0.0025554563099606242
P15056,BRAF,PLS,1.0662583859986854,-0.8715724581609177
P15056,BRAF,PLS,0.2698452711941407,0.08987328006425979
P15056,BRAF,SVR,-0.0441845087104023,0.2323788293652513
P15056,BRAF,SVR,1.6289868529511835,0.30149375923473065
P15056,BRAF,SVR,-0.4395610834409715,0.2632050260418588
P15056,BRAF,SVR,0.2018235704043824,-0.8848655613123182
P15056,BRAF,SVR,-0.6325244979047824,0.30463560331894945
P15056,BRAF,SVR,-0.1802019763760652,-0.48759825672865487
P15056,BRAF,SVR,0.1173996491460565,0.6183723729032218
P15056,BRAF,SVR,0.9737464498676924,0.9223013678665954
P15056,BRAF,SVR,1.8826597714271924,0.5454704312571477
P15056,BRAF,SVR,-0.2006657103856191,0.7437490727343313
P15056,BRAF,SVR,0.4747530531586093,0.48990753323574676
P15056,BRAF,SVR,1.3933856075388693,-0.40386566988920714
P15056,BRAF,SVR,-0.6813826638567476,0.0363597650036753
P15056,BRAF,SVR,-5.177086294037606,-0.13343888545452945
P15056,BRAF,SVR,0.226061864180546,-0.7986803041932224
P15056,BRAF,SVR,2.334662278809277,1.1086234959334884
P15056,BRAF,SVR,0.2851546278037251,0.13857864532533445
P15056,BRAF,SVR,1.0662583859986854,-0.14035522799994074
P15056,BRAF,SVR,0.2698452711941407,0.4185187022437252
P15056,BRAF,Lasso,-0.0441845087104023,0.12555160776620472
P15056,BRAF,Lasso,1.6289868529511835,0.5077995818400683
P15056,BRAF,Lasso,-0.4395610834409715,0.4459437457949384
P15056,BRAF,Lasso,0.2018235704043824,-1.0909521429844038
P15056,BRAF,Lasso,-0.6325244979047824,1.1094442167610594
P15056,BRAF,Lasso,-0.1802019763760652,-0.5364228336119963
P15056,BRAF,Lasso,0.1173996491460565,0.863067867111328
P15056,BRAF,Lasso,0.9737464498676924,0.9143716873558847
P15056,BRAF,Lasso,1.8826597714271924,0.520305107887453
P15056,BRAF,Lasso,-0.2006657103856191,0.5960479011514035
P15056,BRAF,Lasso,0.4747530531586093,0.98933813877499
P15056,BRAF,Lasso,1.3933856075388693,-1.2474739183982981
P15056,BRAF,Lasso,-0.6813826638567476,0.1680489042023019
P15056,BRAF,Lasso,-5.177086294037606,-0.715696089732635
P15056,BRAF,Lasso,0.226061864180546,-1.16075112644475
P15056,BRAF,Lasso,2.334662278809277,0.7712415086169438
P15056,BRAF,Lasso,0.2851546278037251,0.15355800087148264
P15056,BRAF,Lasso,1.0662583859986854,-0.7908404045897566
P15056,BRAF,Lasso,0.2698452711941407,-0.03896669772598808
P15056,BRAF,ElasticNet,-0.0441845087104023,0.13920403858721708
P15056,BRAF,ElasticNet,1.6289868529511835,0.5194510559452928
P15056,BRAF,ElasticNet,-0.4395610834409715,0.43460087266095526
P15056,BRAF,ElasticNet,0.2018235704043824,-1.2440171738264802
P15056,BRAF,ElasticNet,-0.6325244979047824,1.1352690515033277
P15056,BRAF,ElasticNet,-0.1802019763760652,-0.6248495666945276
P15056,BRAF,ElasticNet,0.1173996491460565,0.9089955297813104
P15056,BRAF,ElasticNet,0.9737464498676924,0.9327321191969433
P15056,BRAF,ElasticNet,1.8826597714271924,0.492711404080301
P15056,BRAF,ElasticNet,-0.2006657103856191,0.6734447543973089
P15056,BRAF,ElasticNet,0.4747530531586093,0.95482567035049
P15056,BRAF,ElasticNet,1.3933856075388693,-1.3135427488234166
P15056,BRAF,ElasticNet,-0.6813826638567476,0.08644280199387404
P15056,BRAF,ElasticNet,-5.177086294037606,-0.727987943564083
P15056,BRAF,ElasticNet,0.226061864180546,-1.2483549035054338
P15056,BRAF,ElasticNet,2.334662278809277,0.9264637213902648
P15056,BRAF,ElasticNet,0.2851546278037251,0.08885886082337362
P15056,BRAF,ElasticNet,1.0662583859986854,-0.7975645130322994
P15056,BRAF,ElasticNet,0.2698452711941407,0.0025921691501755093
P15056,BRAF,GradientBoosting,-0.0441845087104023,0.38924408757486734
P15056,BRAF,GradientBoosting,1.6289868529511835,0.4461984444581077
P15056,BRAF,GradientBoosting,-0.4395610834409715,0.1665003082093586
P15056,BRAF,GradientBoosting,0.2018235704043824,-2.4496888197492206
P15056,BRAF,GradientBoosting,-0.6325244979047824,0.11921949697903433
P15056,BRAF,GradientBoosting,-0.1802019763760652,-0.051006079353061076
P15056,BRAF,GradientBoosting,0.1173996491460565,0.7558393891045772
P15056,BRAF,GradientBoosting,0.9737464498676924,0.6719118773375257
P15056,BRAF,GradientBoosting,1.8826597714271924,0.20118987404224217
P15056,BRAF,GradientBoosting,-0.2006657103856191,0.9587467880746601
P15056,BRAF,GradientBoosting,0.4747530531586093,1.2582762408268064
P15056,BRAF,GradientBoosting,1.3933856075388693,-0.6583810023391303
P15056,BRAF,GradientBoosting,-0.6813826638567476,0.23979256268774532
P15056,BRAF,GradientBoosting,-5.177086294037606,-1.908116066923909
P15056,BRAF,GradientBoosting,0.226061864180546,-2.27335872653818
P15056,BRAF,GradientBoosting,2.334662278809277,0.5960240882543466
P15056,BRAF,GradientBoosting,0.2851546278037251,0.6523861996950694
P15056,BRAF,GradientBoosting,1.0662583859986854,-0.5003008559237154
P15056,BRAF,GradientBoosting,0.2698452711941407,-0.043350622032666104
P15056,BRAF,MLP,-0.0441845087104023,0.6758467488927983
P15056,BRAF,MLP,1.6289868529511835,0.5352547356950373
P15056,BRAF,MLP,-0.4395610834409715,0.7436739031838683
P15056,BRAF,MLP,0.2018235704043824,-0.402757680635264
P15056,BRAF,MLP,-0.6325244979047824,-0.5684191598262366
P15056,BRAF,MLP,-0.1802019763760652,0.5381477346043332
P15056,BRAF,MLP,0.1173996491460565,0.23812486894161922
P15056,BRAF,MLP,0.9737464498676924,0.922287018565323
P15056,BRAF,MLP,1.8826597714271924,0.4251438798154712
P15056,BRAF,MLP,-0.2006657103856191,0.6612452146289384
P15056,BRAF,MLP,0.4747530531586093,-0.30922279877075376
P15056,BRAF,MLP,1.3933856075388693,-0.5766464789139844
P15056,BRAF,MLP,-0.6813826638567476,0.20406550214042707
P15056,BRAF,MLP,-5.177086294037606,-0.47119136036297476
P15056,BRAF,MLP,0.226061864180546,-0.9544251988025753
P15056,BRAF,MLP,2.334662278809277,1.2239934452566184
P15056,BRAF,MLP,0.2851546278037251,-0.5684191598262366
P15056,BRAF,MLP,1.0662583859986854,-0.67003114102426
P15056,BRAF,MLP,0.2698452711941407,0.00762794862660876
P23443,RPS6KB1,RandomForest,-0.4896341218355792,0.036485128140582634
P23443,RPS6KB1,RandomForest,-1.818351926455424,-1.2694592867241667
P23443,RPS6KB1,RandomForest,2.0093688699469423,0.8359307893546063
P23443,RPS6KB1,RandomForest,0.2196227670916411,-1.0164821924183847
P23443,RPS6KB1,RandomForest,-0.1902749199875175,0.33885052883487604
P23443,RPS6KB1,RandomForest,-0.7364125040517924,0.31333336630512826
P23443,RPS6KB1,RandomForest,2.623528576582138,-0.1978321715929065
P23443,RPS6KB1,RandomForest,-0.3752981781498721,-0.5206342556010474
P23443,RPS6KB1,RandomForest,-0.2666092892440114,-0.9243774240255199
P23443,RPS6KB1,RandomForest,-1.147123596815435,-0.9658166019757941
P23443,RPS6KB1,RandomForest,-1.248317672103362,-0.5187841662003092
P23443,RPS6KB1,RandomForest,0.7549823396660144,-0.32030909099535443
P23443,RPS6KB1,RandomForest,-1.333366960715122,-0.8522192874416625
P23443,RPS6KB1,RandomForest,-1.4184262690755722,-0.06734165879684095
P23443,RPS6KB1,RandomForest,1.535645124262427,0.08100374545739869
P23443,RPS6KB1,RandomForest,-0.3188572355845707,-0.3490206709075915
P23443,RPS6KB1,RandomForest,-1.6581988657885351,-0.9337098467499555
P23443,RPS6KB1,RandomForest,-0.333875157857582,-1.2533891750362327
P23443,RPS6KB1,RandomForest,-0.9724366173393432,-1.2993531242765608
P23443,RPS6KB1,XGBoost,-0.4896341218355792,0.03490503504872322
P23443,RPS6KB1,XGBoost,-1.818351926455424,-1.6268057823181152
P23443,RPS6KB1,XGBoost,2.0093688699469423,0.3253147304058075
P23443,RPS6KB1,XGBoost,0.2196227670916411,-1.5681205987930298
P23443,RPS6KB1,XGBoost,-0.1902749199875175,0.6574004292488098
P23443,RPS6KB1,XGBoost,-0.7364125040517924,0.8004235029220581
P23443,RPS6KB1,XGBoost,2.623528576582138,0.028909629210829735
P23443,RPS6KB1,XGBoost,-0.3752981781498721,-0.7481126189231873
P23443,RPS6KB1,XGBoost,-0.2666092892440114,-1.0678085088729858
P23443,RPS6KB1,XGBoost,-1.147123596815435,-1.2933286428451538
P23443,RPS6KB1,XGBoost,-1.248317672103362,-0.7666246294975281
P23443,RPS6KB1,XGBoost,0.7549823396660144,0.0268123559653759
P23443,RPS6KB1,XGBoost,-1.333366960715122,-0.9783826470375061
P23443,RPS6KB1,XGBoost,-1.4184262690755722,0.23996740579605103
P23443,RPS6KB1,XGBoost,1.535645124262427,-0.02453405037522316
P23443,RPS6KB1,XGBoost,-0.3188572355845707,-0.33532461524009705
P23443,RPS6KB1,XGBoost,-1.6581988657885351,-1.5526927709579468
P23443,RPS6KB1,XGBoost,-0.333875157857582,-1.203426718711853
P23443,RPS6KB1,XGBoost,-0.9724366173393432,-1.504522442817688
P23443,RPS6KB1,PLS,-0.4896341218355792,-0.29113408518197004
P23443,RPS6KB1,PLS,-1.818351926455424,-0.635312601908413
P23443,RPS6KB1,PLS,2.0093688699469423,-0.11992710174053733
P23443,RPS6KB1,PLS,0.2196227670916411,0.1633699357601328
P23443,RPS6KB1,PLS,-0.1902749199875175,0.06987483654428783
P23443,RPS6KB1,PLS,-0.7364125040517924,-0.05138246241209421
P23443,RPS6KB1,PLS,2.623528576582138,0.34267692897318414
P23443,RPS6KB1,PLS,-0.3752981781498721,-1.1471804091113016
P23443,RPS6KB1,PLS,-0.2666092892440114,-1.4333852483466845
P23443,RPS6KB1,PLS,-1.147123596815435,-0.4287288874922949
P23443,RPS6KB1,PLS,-1.248317672103362,-0.6693972638440984
P23443,RPS6KB1,PLS,0.7549823396660144,-0.4326661141629614
P23443,RPS6KB1,PLS,-1.333366960715122,-1.221183342320955
P23443,RPS6KB1,PLS,-1.4184262690755722,0.07870444040681768
P23443,RPS6KB1,PLS,1.535645124262427,0.11281974434956255
P23443,RPS6KB1,PLS,-0.3188572355845707,-0.45150118139283046
P23443,RPS6KB1,PLS,-1.6581988657885351,-1.0567573138085236
P23443,RPS6KB1,PLS,-0.333875157857582,-0.8645000543447108
P23443,RPS6KB1,PLS,-0.9724366173393432,-0.6121079140549159
P23443,RPS6KB1,SVR,-0.4896341218355792,-0.4488421611813279
P23443,RPS6KB1,SVR,-1.818351926455424,-0.6361415328179408
P23443,RPS6KB1,SVR,2.0093688699469423,-0.4278802523416406
P23443,RPS6KB1,SVR,0.2196227670916411,0.1726703488617276
P23443,RPS6KB1,SVR,-0.1902749199875175,0.12309086883402676
P23443,RPS6KB1,SVR,-0.7364125040517924,-0.3856345168209133
P23443,RPS6KB1,SVR,2.623528576582138,-0.3295961473571577
P23443,RPS6KB1,SVR,-0.3752981781498721,-1.5052715208712688
P23443,RPS6KB1,SVR,-0.2666092892440114,-1.829790488785239
P23443,RPS6KB1,SVR,-1.147123596815435,-0.051945745223376805
P23443,RPS6KB1,SVR,-1.248317672103362,-1.0457525162488683
P23443,RPS6KB1,SVR,0.7549823396660144,-0.573258706063184
P23443,RPS6KB1,SVR,-1.333366960715122,-1.60380092896568
P23443,RPS6KB1,SVR,-1.4184262690755722,-0.3196554120074725
P23443,RPS6KB1,SVR,1.535645124262427,-0.0028430717418271856
P23443,RPS6KB1,SVR,-0.3188572355845707,-1.0239360553612964
P23443,RPS6KB1,SVR,-1.6581988657885351,-1.141381840010916
P23443,RPS6KB1,SVR,-0.333875157857582,-1.312036594811088
P23443,RPS6KB1,SVR,-0.9724366173393432,-0.8295076581183302
P23443,RPS6KB1,Lasso,-0.4896341218355792,-0.287379287604281
P23443,RPS6KB1,Lasso,-1.818351926455424,-0.6815073259043627
P23443,RPS6KB1,Lasso,2.0093688699469423,-0.14456914437842078
P23443,RPS6KB1,Lasso,0.2196227670916411,-0.10105606831250757
P23443,RPS6KB1,Lasso,-0.1902749199875175,0.040193325450795736
P23443,RPS6KB1,Lasso,-0.7364125040517924,-0.24125316872185112
P23443,RPS6KB1,Lasso,2.623528576582138,0.10651363053762936
P23443,RPS6KB1,Lasso,-0.3752981781498721,-0.6920188933693375
P23443,RPS6KB1,Lasso,-0.2666092892440114,-0.9651133487809782
P23443,RPS6KB1,Lasso,-1.147123596815435,-0.3508324968451852
P23443,RPS6KB1,Lasso,-1.248317672103362,-0.38553408765280434
P23443,RPS6KB1,Lasso,0.7549823396660144,-0.37026437089646647
P23443,RPS6KB1,Lasso,-1.333366960715122,-0.879810034292932
P23443,RPS6KB1,Lasso,-1.4184262690755722,-0.17593215615121377
P23443,RPS6KB1,Lasso,1.535645124262427,-0.04232277094499187
P23443,RPS6KB1,Lasso,-0.3188572355845707,-0.2880352360893219
P23443,RPS6KB1,Lasso,-1.6581988657885351,-0.8615642003012574
P23443,RPS6KB1,Lasso,-0.333875157857582,-0.6416421649765971
P23443,RPS6KB1,Lasso,-0.9724366173393432,-0.5528087282156533
P23443,RPS6KB1,ElasticNet,-0.4896341218355792,-0.28426985699698515
P23443,RPS6KB1,ElasticNet,-1.818351926455424,-0.6977984827317458
P23443,RPS6KB1,ElasticNet,2.0093688699469423,-0.089300788130107
P23443,RPS6KB1,ElasticNet,0.2196227670916411,0.0013117001265515738
P23443,RPS6KB1,ElasticNet,-0.1902749199875175,0.022053480320270658
P23443,RPS6KB1,ElasticNet,-0.7364125040517924,-0.2558287912132944
P23443,RPS6KB1,ElasticNet,2.623528576582138,0.2219281227468643
P23443,RPS6KB1,ElasticNet,-0.3752981781498721,-0.7381701735613548
P23443,RPS6KB1,ElasticNet,-0.2666092892440114,-1.070464622513106
P23443,RPS6KB1,ElasticNet,-1.147123596815435,-0.349066679844263
P23443,RPS6KB1,ElasticNet,-1.248317672103362,-0.43015828882492996
P23443,RPS6KB1,ElasticNet,0.7549823396660144,-0.384009411326368
P23443,RPS6KB1,ElasticNet,-1.333366960715122,-0.944327206489072
P23443,RPS6KB1,ElasticNet,-1.4184262690755722,-0.16092837023430762
P23443,RPS6KB1,ElasticNet,1.535645124262427,-0.013560969952732704
P23443,RPS6KB1,ElasticNet,-0.3188572355845707,-0.2687334617459549
P23443,RPS6KB1,ElasticNet,-1.6581988657885351,-0.9359142089686023
P23443,RPS6KB1,ElasticNet,-0.333875157857582,-0.6666807195547152
P23443,RPS6KB1,ElasticNet,-0.9724366173393432,-0.5269363699062086
P23443,RPS6KB1,GradientBoosting,-0.4896341218355792,-0.2771455188349194
P23443,RPS6KB1,GradientBoosting,-1.818351926455424,-1.250257842622345
P23443,RPS6KB1,GradientBoosting,2.0093688699469423,0.6629089596223388
P23443,RPS6KB1,GradientBoosting,0.2196227670916411,-1.5065952648118832
P23443,RPS6KB1,GradientBoosting,-0.1902749199875175,0.3903918878762273
P23443,RPS6KB1,GradientBoosting,-0.7364125040517924,0.28109453369080767
P23443,RPS6KB1,GradientBoosting,2.623528576582138,-0.1066741047949641
P23443,RPS6KB1,GradientBoosting,-0.3752981781498721,-0.9964297499098855
P23443,RPS6KB1,GradientBoosting,-0.2666092892440114,-1.4747153823079422
P23443,RPS6KB1,GradientBoosting,-1.147123596815435,-1.0987335438022123
P23443,RPS6KB1,GradientBoosting,-1.248317672103362,-0.593406996566991
P23443,RPS6KB1,GradientBoosting,0.7549823396660144,-0.5570506077058817
P23443,RPS6KB1,GradientBoosting,-1.333366960715122,-1.426117225471444
P23443,RPS6KB1,GradientBoosting,-1.4184262690755722,0.09265879770235623
P23443,RPS6KB1,GradientBoosting,1.535645124262427,-0.08845550188161616
P23443,RPS6KB1,GradientBoosting,-0.3188572355845707,-0.9328053908304462
P23443,RPS6KB1,GradientBoosting,-1.6581988657885351,-1.1485058075875092
P23443,RPS6KB1,GradientBoosting,-0.333875157857582,-1.5162168325614847
P23443,RPS6KB1,GradientBoosting,-0.9724366173393432,-1.6176728214009946
P23443,RPS6KB1,MLP,-0.4896341218355792,-0.5360874659435032
P23443,RPS6KB1,MLP,-1.818351926455424,-1.1338449948688198
P23443,RPS6KB1,MLP,2.0093688699469423,1.096424238387447
P23443,RPS6KB1,MLP,0.2196227670916411,0.9351144148909698
P23443,RPS6KB1,MLP,-0.1902749199875175,-0.719821638093672
P23443,RPS6KB1,MLP,-0.7364125040517924,-0.08457694802728785
P23443,RPS6KB1,MLP,2.623528576582138,0.15961018121797657
P23443,RPS6KB1,MLP,-0.3752981781498721,-1.4243980374894838
P23443,RPS6KB1,MLP,-0.2666092892440114,-1.0914740171619037
P23443,RPS6KB1,MLP,-1.147123596815435,-0.5503598357674947
P23443,RPS6KB1,MLP,-1.248317672103362,-0.4883239539920825
P23443,RPS6KB1,MLP,0.7549823396660144,-0.43199935416676016
P23443,RPS6KB1,MLP,-1.333366960715122,-1.3540336222804796
P23443,RPS6KB1,MLP,-1.4184262690755722,-0.5335149770960966
P23443,RPS6KB1,MLP,1.535645124262427,-0.4332498391827977
P23443,RPS6KB1,MLP,-0.3188572355845707,1.493445309304099
P23443,RPS6KB1,MLP,-1.6581988657885351,-0.6065903854311758
P23443,RPS6KB1,MLP,-0.333875157857582,-0.5666559075911984
P23443,RPS6KB1,MLP,-0.9724366173393432,0.15961018121797657
P27361,MAPK3,RandomForest,-0.8554765384070024,0.7891354677830533
P27361,MAPK3,RandomForest,2.613230819611722,0.6833588169807573
P27361,MAPK3,RandomForest,1.8982552286002587,0.747348528149179
P27361,MAPK3,RandomForest,0.8502744785793814,0.4092660982484206
P27361,MAPK3,RandomForest,-0.9658972271633492,0.11297114250102253
P27361,MAPK3,RandomForest,0.1084050558476012,0.046840041682257964
P27361,MAPK3,RandomForest,0.56499355776116,0.4454897143889539
P27361,MAPK3,RandomForest,-1.7398823872567557,-0.20066302232206706
P27361,MAPK3,RandomForest,-0.9280491552271148,0.4907343325918228
P27361,MAPK3,RandomForest,-0.0389878368442923,-0.3298924820875684
P27361,MAPK3,RandomForest,-0.1211998523277075,-0.10712265470511477
P27361,MAPK3,RandomForest,0.9404031869242035,-0.4181803084387436
P27361,MAPK3,RandomForest,-0.4674890663097411,-0.7149160104135883
P27361,MAPK3,RandomForest,0.0434781441416896,-0.9606519732125701
P27361,MAPK3,RandomForest,0.5752007729309786,0.2157088260946743
P27361,MAPK3,RandomForest,-0.2770932769948424,0.7989981505988056
P27361,MAPK3,RandomForest,-0.6278906308083969,-0.5845833803373021
P27361,MAPK3,RandomForest,0.8365418475289023,-0.20815751520689507
P27361,MAPK3,RandomForest,1.709812149565996,0.46723666392673807
P27361,MAPK3,XGBoost,-0.8554765384070024,0.9495657682418823
P27361,MAPK3,XGBoost,2.613230819611722,0.14987991750240326
P27361,MAPK3,XGBoost,1.8982552286002587,1.3630987405776978
P27361,MAPK3,XGBoost,0.8502744785793814,0.634185254573822
P27361,MAPK3,XGBoost,-0.9658972271633492,-0.9633257985115051
P27361,MAPK3,XGBoost,0.1084050558476012,0.427665650844574
P27361,MAPK3,XGBoost,0.56499355776116,0.5192455053329468
P27361,MAPK3,XGBoost,-1.7398823872567557,-1.5265662670135498
P27361,MAPK3,XGBoost,-0.9280491552271148,0.5745521783828735
P27361,MAPK3,XGBoost,-0.0389878368442923,0.8739160299301147
P27361,MAPK3,XGBoost,-0.1211998523277075,-0.321665495634079
P27361,MAPK3,XGBoost,0.9404031869242035,-1.8248159885406494
P27361,MAPK3,XGBoost,-0.4674890663097411,-2.227323055267334
P27361,MAPK3,XGBoost,0.0434781441416896,-0.8440876007080078
P27361,MAPK3,XGBoost,0.5752007729309786,-0.3602267801761627
P27361,MAPK3,XGBoost,-0.2770932769948424,0.12463609874248505
P27361,MAPK3,XGBoost,-0.6278906308083969,-2.357588768005371
P27361,MAPK3,XGBoost,0.8365418475289023,-0.5139950513839722
P27361,MAPK3,XGBoost,1.709812149565996,0.5108097195625305
P27361,MAPK3,PLS,-0.8554765384070024,0.4229228879061361
P27361,MAPK3,PLS,2.613230819611722,0.6777350501212906
P27361,MAPK3,PLS,1.8982552286002587,0.2741165006963832
P27361,MAPK3,PLS,0.8502744785793814,-0.12021673221110282
P27361,MAPK3,PLS,-0.9658972271633492,0.20421334310070025
P27361,MAPK3,PLS,0.1084050558476012,0.3050993763896289
P27361,MAPK3,PLS,0.56499355776116,0.09777436062666414
P27361,MAPK3,PLS,-1.7398823872567557,0.39563266498152827
P27361,MAPK3,PLS,-0.9280491552271148,0.4259622196344469
P27361,MAPK3,PLS,-0.0389878368442923,0.11824248765695744
P27361,MAPK3,PLS,-0.1211998523277075,0.2651883904123452
P27361,MAPK3,PLS,0.9404031869242035,0.4893986198758845
P27361,MAPK3,PLS,-0.4674890663097411,-0.019110755617041675
P27361,MAPK3,PLS,0.0434781441416896,-5.231966645548512
P27361,MAPK3,PLS,0.5752007729309786,0.4681619137767896
P27361,MAPK3,PLS,-0.2770932769948424,0.8451249261644056
P27361,MAPK3,PLS,-0.6278906308083969,0.026692231283998225
P27361,MAPK3,PLS,0.8365418475289023,0.4052837102895175
P27361,MAPK3,PLS,1.709812149565996,0.36298402255245465
P27361,MAPK3,SVR,-0.8554765384070024,0.4175954644788747
P27361,MAPK3,SVR,2.613230819611722,0.4464146264985263
P27361,MAPK3,SVR,1.8982552286002587,0.43149877794433567
P27361,MAPK3,SVR,0.8502744785793814,0.40428160291084897
P27361,MAPK3,SVR,-0.9658972271633492,0.2736417378305531
P27361,MAPK3,SVR,0.1084050558476012,0.31686611695699607
P27361,MAPK3,SVR,0.56499355776116,0.36880429882936655
P27361,MAPK3,SVR,-1.7398823872567557,0.7915149999170581
P27361,MAPK3,SVR,-0.9280491552271148,0.8265974764104863
P27361,MAPK3,SVR,-0.0389878368442923,0.2521684269049458
P27361,MAPK3,SVR,-0.1211998523277075,0.6280709063186891
P27361,MAPK3,SVR,0.9404031869242035,1.5554252509284943
P27361,MAPK3,SVR,-0.4674890663097411,0.5289703052688797
P27361,MAPK3,SVR,0.0434781441416896,-1.6900100516028915
P27361,MAPK3,SVR,0.5752007729309786,0.4964127943255091
P27361,MAPK3,SVR,-0.2770932769948424,0.9183850342738237
P27361,MAPK3,SVR,-0.6278906308083969,0.7300916857913519
P27361,MAPK3,SVR,0.8365418475289023,0.5952754577861634
P27361,MAPK3,SVR,1.709812149565996,0.4929541527186731
P27361,MAPK3,Lasso,-0.8554765384070024,0.26224814243623773
P27361,MAPK3,Lasso,2.613230819611722,0.46098534178370376
P27361,MAPK3,Lasso,1.8982552286002587,0.1953332300802818
P27361,MAPK3,Lasso,0.8502744785793814,0.2212355427486854
P27361,MAPK3,Lasso,-0.9658972271633492,0.1309615075865231
P27361,MAPK3,Lasso,0.1084050558476012,0.17352352240656865
P27361,MAPK3,Lasso,0.56499355776116,0.24720309545089406
P27361,MAPK3,Lasso,-1.7398823872567557,0.46584308381787143
P27361,MAPK3,Lasso,-0.9280491552271148,0.5019758378724068
P27361,MAPK3,Lasso,-0.0389878368442923,0.05024692414433746
P27361,MAPK3,Lasso,-0.1211998523277075,0.3018102796911193
P27361,MAPK3,Lasso,0.9404031869242035,0.708882768691144
P27361,MAPK3,Lasso,-0.4674890663097411,0.07802715108163259
P27361,MAPK3,Lasso,0.0434781441416896,-1.971011796970626
P27361,MAPK3,Lasso,0.5752007729309786,0.3282363113814695
P27361,MAPK3,Lasso,-0.2770932769948424,0.8011069380577188
P27361,MAPK3,Lasso,-0.6278906308083969,0.19000818640360675
P27361,MAPK3,Lasso,0.8365418475289023,0.37214624190813084
P27361,MAPK3,Lasso,1.709812149565996,0.28591639661763973
P27361,MAPK3,ElasticNet,-0.8554765384070024,0.2833712708977594
P27361,MAPK3,ElasticNet,2.613230819611722,0.5318569940908606
P27361,MAPK3,ElasticNet,1.8982552286002587,0.19617117311889176
P27361,MAPK3,ElasticNet,0.8502744785793814,0.24078537046252776
P27361,MAPK3,ElasticNet,-0.9658972271633492,0.1436347110829218
P27361,MAPK3,ElasticNet,0.1084050558476012,0.18914258946332588
P27361,MAPK3,ElasticNet,0.56499355776116,0.2779400293951235
P27361,MAPK3,ElasticNet,-1.7398823872567557,0.4769757162113334
P27361,MAPK3,ElasticNet,-0.9280491552271148,0.5167377406461577
P27361,MAPK3,ElasticNet,-0.0389878368442923,0.044305451200558205
P27361,MAPK3,ElasticNet,-0.1211998523277075,0.29715100484150375
P27361,MAPK3,ElasticNet,0.9404031869242035,0.6460519774566744
P27361,MAPK3,ElasticNet,-0.4674890663097411,0.029937160414419406
P27361,MAPK3,ElasticNet,0.0434781441416896,-2.1294739542064978
P27361,MAPK3,ElasticNet,0.5752007729309786,0.3533446737666276
P27361,MAPK3,ElasticNet,-0.2770932769948424,0.881047168499403
P27361,MAPK3,ElasticNet,-0.6278906308083969,0.13637891731139895
P27361,MAPK3,ElasticNet,0.8365418475289023,0.3924963704528866
P27361,MAPK3,ElasticNet,1.709812149565996,0.30068117367090685
P27361,MAPK3,GradientBoosting,-0.8554765384070024,0.8900590230859198
P27361,MAPK3,GradientBoosting,2.613230819611722,0.9179870998914919
P27361,MAPK3,GradientBoosting,1.8982552286002587,0.4904411300982481
P27361,MAPK3,GradientBoosting,0.8502744785793814,0.2618259795174543
P27361,MAPK3,GradientBoosting,-0.9658972271633492,0.11446782943931098
P27361,MAPK3,GradientBoosting,0.1084050558476012,0.11446782943931098
P27361,MAPK3,GradientBoosting,0.56499355776116,0.1262772667345582
P27361,MAPK3,GradientBoosting,-1.7398823872567557,-1.2129957349741103
P27361,MAPK3,GradientBoosting,-0.9280491552271148,0.6639281151052246
P27361,MAPK3,GradientBoosting,-0.0389878368442923,-0.6964450443835869
P27361,MAPK3,GradientBoosting,-0.1211998523277075,0.23510326728493278
P27361,MAPK3,GradientBoosting,0.9404031869242035,-0.754664258538609
P27361,MAPK3,GradientBoosting,-0.4674890663097411,-2.211600207637778
P27361,MAPK3,GradientBoosting,0.0434781441416896,-1.0888838276088548
P27361,MAPK3,GradientBoosting,0.5752007729309786,0.02292529769848879
P27361,MAPK3,GradientBoosting,-0.2770932769948424,1.1826078531318707
P27361,MAPK3,GradientBoosting,-0.6278906308083969,-2.207232168397205
P27361,MAPK3,GradientBoosting,0.8365418475289023,-0.7077466605448385
P27361,MAPK3,GradientBoosting,1.709812149565996,0.1900915843496615
P27361,MAPK3,MLP,-0.8554765384070024,0.39822716686542614
P27361,MAPK3,MLP,2.613230819611722,0.39822716686542614
P27361,MAPK3,MLP,1.8982552286002587,0.27460789669780783
P27361,MAPK3,MLP,0.8502744785793814,0.39822716686542614
P27361,MAPK3,MLP,-0.9658972271633492,0.12251658893544848
P27361,MAPK3,MLP,0.1084050558476012,0.3100201457660791
P27361,MAPK3,MLP,0.56499355776116,0.39822716686542614
P27361,MAPK3,MLP,-1.7398823872567557,0.39822716686542614
P27361,MAPK3,MLP,-0.9280491552271148,0.39822716686542614
P27361,MAPK3,MLP,-0.0389878368442923,-0.33247984523024343
P27361,MAPK3,MLP,-0.1211998523277075,0.39822716686542614
P27361,MAPK3,MLP,0.9404031869242035,0.39822716686542614
P27361,MAPK3,MLP,-0.4674890663097411,-0.5651404907589277
P27361,MAPK3,MLP,0.0434781441416896,-3.9554775183402016
P27361,MAPK3,MLP,0.5752007729309786,0.39822716686542614
P27361,MAPK3,MLP,-0.2770932769948424,0.39822716686542614
P27361,MAPK3,MLP,-0.6278906308083969,-0.1841869592299228
P27361,MAPK3,MLP,0.8365418475289023,0.39822716686542614
P27361,MAPK3,MLP,1.709812149565996,0.39822716686542614
P27448,MARK3,RandomForest,-0.7744511256716612,-0.5676348237437676
P27448,MARK3,RandomForest,-0.3561802751330951,0.3259244118237507
P27448,MARK3,RandomForest,0.6712698672494546,0.187602537753693
P27448,MARK3,RandomForest,-0.9189272630075972,-0.24105146913356687
P27448,MARK3,RandomForest,-0.8847240457880264,0.001436401191733458
P27448,MARK3,RandomForest,1.482907424244595,0.19248062897165774
P27448,MARK3,RandomForest,-0.6336185866132449,-0.1750577291527211
P27448,MARK3,RandomForest,0.7572489378729924,-0.551404668118566
P27448,MARK3,RandomForest,-0.6458695680937204,-0.3083913235831189
P27448,MARK3,RandomForest,-0.737507289395291,-0.1698160510394615
P27448,MARK3,RandomForest,-0.3688437612775394,-0.11331378794872532
P27448,MARK3,RandomForest,0.7790440436148081,-0.08943514969786014
P27448,MARK3,RandomForest,1.2839494053525502,-0.3222272266308982
P27448,MARK3,RandomForest,-1.542100756386507,0.39886545448694966
P27448,MARK3,RandomForest,-0.1911974722237617,-1.1988320711614897
P27448,MARK3,RandomForest,0.6756577459168804,-1.1684594121347316
P27448,MARK3,RandomForest,0.0363228640092579,-0.2685220953260097
P27448,MARK3,RandomForest,0.7119550519677029,-0.6737360728703858
P27448,MARK3,RandomForest,-0.4870199470884831,-0.34879540564529743
P27448,MARK3,XGBoost,-0.7744511256716612,-0.9030669331550598
P27448,MARK3,XGBoost,-0.3561802751330951,0.23449508845806122
P27448,MARK3,XGBoost,0.6712698672494546,0.7263485193252563
P27448,MARK3,XGBoost,-0.9189272630075972,-0.21823972463607788
P27448,MARK3,XGBoost,-0.8847240457880264,0.38819029927253723
P27448,MARK3,XGBoost,1.482907424244595,0.4121086895465851
P27448,MARK3,XGBoost,-0.6336185866132449,-0.1604127734899521
P27448,MARK3,XGBoost,0.7572489378729924,-0.43422365188598633
P27448,MARK3,XGBoost,-0.6458695680937204,-0.2164541333913803
P27448,MARK3,XGBoost,-0.737507289395291,0.1426091343164444
P27448,MARK3,XGBoost,-0.3688437612775394,-0.03790394589304924
P27448,MARK3,XGBoost,0.7790440436148081,-0.28622591495513916
P27448,MARK3,XGBoost,1.2839494053525502,-0.33707544207572937
P27448,MARK3,XGBoost,-1.542100756386507,0.25440555810928345
P27448,MARK3,XGBoost,-0.1911974722237617,0.02820742130279541
P27448,MARK3,XGBoost,0.6756577459168804,-0.15746626257896423
P27448,MARK3,XGBoost,0.0363228640092579,-0.15304473042488098
P27448,MARK3,XGBoost,0.7119550519677029,-1.070725440979004
P27448,MARK3,XGBoost,-0.4870199470884831,-0.3778866231441498
P27448,MARK3,PLS,-0.7744511256716612,0.03942876227995115
P27448,MARK3,PLS,-0.3561802751330951,0.7317980761501689
P27448,MARK3,PLS,0.6712698672494546,0.37358551006338836
P27448,MARK3,PLS,-0.9189272630075972,0.18686436413356491
P27448,MARK3,PLS,-0.8847240457880264,-0.40825835392505977
P27448,MARK3,PLS,1.482907424244595,0.06992366212054793
P27448,MARK3,PLS,-0.6336185866132449,-0.30346079350942345
P27448,MARK3,PLS,0.7572489378729924,-0.1608297287975456
P27448,MARK3,PLS,-0.6458695680937204,0.44800933176592317
P27448,MARK3,PLS,-0.737507289395291,0.016214790128582374
P27448,MARK3,PLS,-0.3688437612775394,0.0398557591822479
P27448,MARK3,PLS,0.7790440436148081,0.9059162141243141
P27448,MARK3,PLS,1.2839494053525502,-0.7815086579404508
P27448,MARK3,PLS,-1.542100756386507,0.778263804340006
P27448,MARK3,PLS,-0.1911974722237617,0.5572903415580668
P27448,MARK3,PLS,0.6756577459168804,-0.7858657188032637
P27448,MARK3,PLS,0.0363228640092579,0.2943719059887402
P27448,MARK3,PLS,0.7119550519677029,0.15188653136558042
P27448,MARK3,PLS,-0.4870199470884831,-1.4974208227435628
P27448,MARK3,SVR,-0.7744511256716612,-0.22860329863355616
P27448,MARK3,SVR,-0.3561802751330951,0.6288465804619593
P27448,MARK3,SVR,0.6712698672494546,0.21247945944429886
P27448,MARK3,SVR,-0.9189272630075972,0.03199392651794802
P27448,MARK3,SVR,-0.8847240457880264,0.10472023540010794
P27448,MARK3,SVR,1.482907424244595,0.6351927509651986
P27448,MARK3,SVR,-0.6336185866132449,-0.520257751388108
P27448,MARK3,SVR,0.7572489378729924,-0.4307866074113218
P27448,MARK3,SVR,-0.6458695680937204,0.8190840502021438
P27448,MARK3,SVR,-0.737507289395291,0.04047624054261883
P27448,MARK3,SVR,-0.3688437612775394,0.23662566096006682
P27448,MARK3,SVR,0.7790440436148081,0.24281787173933028
P27448,MARK3,SVR,1.2839494053525502,-0.03325912631204781
P27448,MARK3,SVR,-1.542100756386507,0.664102504104832
P27448,MARK3,SVR,-0.1911974722237617,0.798421008009202
P27448,MARK3,SVR,0.6756577459168804,-0.029385912221769735
P27448,MARK3,SVR,0.0363228640092579,0.711123141901723
P27448,MARK3,SVR,0.7119550519677029,-0.18316937194378574
P27448,MARK3,SVR,-0.4870199470884831,-1.3666720585747265
P27448,MARK3,Lasso,-0.7744511256716612,0.08202835389087998
P27448,MARK3,Lasso,-0.3561802751330951,0.4466097375758076
P27448,MARK3,Lasso,0.6712698672494546,0.2278488063021405
P27448,MARK3,Lasso,-0.9189272630075972,-0.0166506402375044
P27448,MARK3,Lasso,-0.8847240457880264,-0.3457076090579634
P27448,MARK3,Lasso,1.482907424244595,-0.09244525775671049
P27448,MARK3,Lasso,-0.6336185866132449,-0.2776986457265517
P27448,MARK3,Lasso,0.7572489378729924,-0.34495284251397906
P27448,MARK3,Lasso,-0.6458695680937204,-0.0686874992934958
P27448,MARK3,Lasso,-0.737507289395291,-0.036590749097233644
P27448,MARK3,Lasso,-0.3688437612775394,-0.09991254175274736
P27448,MARK3,Lasso,0.7790440436148081,0.42060028396891147
P27448,MARK3,Lasso,1.2839494053525502,-0.5550778009368573
P27448,MARK3,Lasso,-1.542100756386507,0.6243683725611442
P27448,MARK3,Lasso,-0.1911974722237617,0.4542710977867809
P27448,MARK3,Lasso,0.6756577459168804,-1.1375287278608486
P27448,MARK3,Lasso,0.0363228640092579,-0.14440674205291568
P27448,MARK3,Lasso,0.7119550519677029,-0.0761518446484662
P27448,MARK3,Lasso,-0.4870199470884831,-1.0068184343594653
P27448,MARK3,ElasticNet,-0.7744511256716612,0.060002761463263804
P27448,MARK3,ElasticNet,-0.3561802751330951,0.5739998531806083
P27448,MARK3,ElasticNet,0.6712698672494546,0.253282477805702
P27448,MARK3,ElasticNet,-0.9189272630075972,0.0554208335928672
P27448,MARK3,ElasticNet,-0.8847240457880264,-0.3553574474083485
P27448,MARK3,ElasticNet,1.482907424244595,-0.03245518881645115
P27448,MARK3,ElasticNet,-0.6336185866132449,-0.27954618723361613
P27448,MARK3,ElasticNet,0.7572489378729924,-0.33195860444026903
P27448,MARK3,ElasticNet,-0.6458695680937204,0.08597466362372383
P27448,MARK3,ElasticNet,-0.737507289395291,-0.0065096519443173795
P27448,MARK3,ElasticNet,-0.3688437612775394,-0.06908761728665733
P27448,MARK3,ElasticNet,0.7790440436148081,0.5459258962469793
P27448,MARK3,ElasticNet,1.2839494053525502,-0.6357617509647351
P27448,MARK3,ElasticNet,-1.542100756386507,0.7139386831802867
P27448,MARK3,ElasticNet,-0.1911974722237617,0.562579691800833
P27448,MARK3,ElasticNet,0.6756577459168804,-1.1010837903314046
P27448,MARK3,ElasticNet,0.0363228640092579,-0.021514338147411327
P27448,MARK3,ElasticNet,0.7119550519677029,-0.05533437741245359
P27448,MARK3,ElasticNet,-0.4870199470884831,-1.1870759211789408
P27448,MARK3,GradientBoosting,-0.7744511256716612,-1.0378878802339275
P27448,MARK3,GradientBoosting,-0.3561802751330951,0.23049508257743084
P27448,MARK3,GradientBoosting,0.6712698672494546,0.17566273312732447
P27448,MARK3,GradientBoosting,-0.9189272630075972,-0.1472282495260613
P27448,MARK3,GradientBoosting,-0.8847240457880264,0.4578996147627124
P27448,MARK3,GradientBoosting,1.482907424244595,0.4601905225193691
P27448,MARK3,GradientBoosting,-0.6336185866132449,-0.35189706711551383
P27448,MARK3,GradientBoosting,0.7572489378729924,-0.2055933232303563
P27448,MARK3,GradientBoosting,-0.6458695680937204,-0.42856769125079974
P27448,MARK3,GradientBoosting,-0.737507289395291,-0.07582720978077132
P27448,MARK3,GradientBoosting,-0.3688437612775394,-0.24507063659811945
P27448,MARK3,GradientBoosting,0.7790440436148081,-0.056267985312517185
P27448,MARK3,GradientBoosting,1.2839494053525502,0.08127746210312156
P27448,MARK3,GradientBoosting,-1.542100756386507,0.20280744454487365
P27448,MARK3,GradientBoosting,-0.1911974722237617,-0.6765471727288522
P27448,MARK3,GradientBoosting,0.6756577459168804,-0.2779984010891026
P27448,MARK3,GradientBoosting,0.0363228640092579,-0.23568709312274458
P27448,MARK3,GradientBoosting,0.7119550519677029,-0.8639222294715738
P27448,MARK3,GradientBoosting,-0.4870199470884831,-0.4325561925948102
P27448,MARK3,MLP,-0.7744511256716612,-0.7539984613129971
P27448,MARK3,MLP,-0.3561802751330951,0.0475792063588385
P27448,MARK3,MLP,0.6712698672494546,1.3938470600908734
P27448,MARK3,MLP,-0.9189272630075972,-0.678418109460059
P27448,MARK3,MLP,-0.8847240457880264,0.7013737311294466
P27448,MARK3,MLP,1.482907424244595,0.3490048693281438
P27448,MARK3,MLP,-0.6336185866132449,0.8346612704287313
P27448,MARK3,MLP,0.7572489378729924,-0.5121146743634861
P27448,MARK3,MLP,-0.6458695680937204,1.7681108330515263
P27448,MARK3,MLP,-0.737507289395291,-0.48182973354611813
P27448,MARK3,MLP,-0.3688437612775394,0.43804506344238003
P27448,MARK3,MLP,0.7790440436148081,0.2848981872414489
P27448,MARK3,MLP,1.2839494053525502,1.437376209447735
P27448,MARK3,MLP,-1.542100756386507,1.2007769620248374
P27448,MARK3,MLP,-0.1911974722237617,-1.8105660676114066
P27448,MARK3,MLP,0.6756577459168804,-1.1756134743398292
P27448,MARK3,MLP,0.0363228640092579,1.3954590537266578
P27448,MARK3,MLP,0.7119550519677029,0.2838230664660386
P27448,MARK3,MLP,-0.4870199470884831,0.6190849781010359
P30291,WEE1,RandomForest,-1.753887084558051,-0.4617068386266061
P30291,WEE1,RandomForest,1.0508568649876655,-0.38677981208385664
P30291,WEE1,RandomForest,0.0583896404244361,0.4064101922744994
P30291,WEE1,RandomForest,-0.960205225905389,-1.292491869529773
P30291,WEE1,RandomForest,0.7589938139922991,-0.7994952037373931
P30291,WEE1,RandomForest,1.2285500493145016,-1.2658557101133996
P30291,WEE1,RandomForest,-0.9904015739436076,-0.34212386414554224
P30291,WEE1,RandomForest,-2.275976656025626,-1.5156537852249334
P30291,WEE1,RandomForest,-4.044320587655683,-1.476029336100739
P30291,WEE1,RandomForest,-0.9009158253455284,-1.2182255459472586
P30291,WEE1,RandomForest,-1.896589718636354,-0.4232665702519606
P30291,WEE1,RandomForest,0.8693424641103308,-0.5338649815090661
P30291,WEE1,RandomForest,-0.9247086021433776,-0.4761027138296754
P30291,WEE1,RandomForest,0.4286139208980134,-0.22402637786464868
P30291,WEE1,RandomForest,-1.5717260243784288,-0.5261306173292235
P30291,WEE1,RandomForest,-2.179566856010089,-1.1459015529779928
P30291,WEE1,RandomForest,-3.918984539127314,-1.0815010790512292
P30291,WEE1,RandomForest,0.0445379733003827,-0.7533058533266086
P30291,WEE1,RandomForest,-0.0406273699298666,-0.6772912226140637
P30291,WEE1,XGBoost,-1.753887084558051,-0.5262752175331116
P30291,WEE1,XGBoost,1.0508568649876655,-0.36244311928749084
P30291,WEE1,XGBoost,0.0583896404244361,0.8475648164749146
P30291,WEE1,XGBoost,-0.960205225905389,-1.544851541519165
P30291,WEE1,XGBoost,0.7589938139922991,-0.5733163356781006
P30291,WEE1,XGBoost,1.2285500493145016,-1.223596215248108
P30291,WEE1,XGBoost,-0.9904015739436076,0.24496899545192719
P30291,WEE1,XGBoost,-2.275976656025626,-1.7928138971328735
P30291,WEE1,XGBoost,-4.044320587655683,-1.580664038658142
P30291,WEE1,XGBoost,-0.9009158253455284,-0.9474009871482849
P30291,WEE1,XGBoost,-1.896589718636354,-0.518396258354187
P30291,WEE1,XGBoost,0.8693424641103308,-0.36864545941352844
P30291,WEE1,XGBoost,-0.9247086021433776,-1.3365414142608643
P30291,WEE1,XGBoost,0.4286139208980134,0.7385126352310181
P30291,WEE1,XGBoost,-1.5717260243784288,-0.27748817205429077
P30291,WEE1,XGBoost,-2.179566856010089,-1.4603642225265503
P30291,WEE1,XGBoost,-3.918984539127314,-1.4880925416946411
P30291,WEE1,XGBoost,0.0445379733003827,-0.6643046140670776
P30291,WEE1,XGBoost,-0.0406273699298666,-0.7875421047210693
P30291,WEE1,PLS,-1.753887084558051,-0.4691560129648738
P30291,WEE1,PLS,1.0508568649876655,-0.6050051051778387
P30291,WEE1,PLS,0.0583896404244361,1.1929172242759774
P30291,WEE1,PLS,-0.960205225905389,-0.8350363862543871
P30291,WEE1,PLS,0.7589938139922991,-1.0789271154876123
P30291,WEE1,PLS,1.2285500493145016,-1.182767702464115
P30291,WEE1,PLS,-0.9904015739436076,-0.8855348398913028
P30291,WEE1,PLS,-2.275976656025626,-1.6703184787865795
P30291,WEE1,PLS,-4.044320587655683,-1.3110393465390282
P30291,WEE1,PLS,-0.9009158253455284,-0.6536360619584798
P30291,WEE1,PLS,-1.896589718636354,-0.7218559380544313
P30291,WEE1,PLS,0.8693424641103308,-0.27260261400571184
P30291,WEE1,PLS,-0.9247086021433776,-0.9697302508130514
P30291,WEE1,PLS,0.4286139208980134,-0.6001211196690628
P30291,WEE1,PLS,-1.5717260243784288,-0.8577657878176539
P30291,WEE1,PLS,-2.179566856010089,-1.3380066438591143
P30291,WEE1,PLS,-3.918984539127314,-0.966954560371788
P30291,WEE1,PLS,0.0445379733003827,-2.289447909677233
P30291,WEE1,PLS,-0.0406273699298666,-0.7446038043242997
P30291,WEE1,SVR,-1.753887084558051,-0.4268317598182866
P30291,WEE1,SVR,1.0508568649876655,-0.8471792934116548
P30291,WEE1,SVR,0.0583896404244361,0.5943289358668841
P30291,WEE1,SVR,-0.960205225905389,-0.8795583966894264
P30291,WEE1,SVR,0.7589938139922991,-1.085321432503965
P30291,WEE1,SVR,1.2285500493145016,-1.2713397373227635
P30291,WEE1,SVR,-0.9904015739436076,-0.8179692307607865
P30291,WEE1,SVR,-2.275976656025626,-1.7455782240570996
P30291,WEE1,SVR,-4.044320587655683,-1.6995658530898674
P30291,WEE1,SVR,-0.9009158253455284,-0.6113063537258138
P30291,WEE1,SVR,-1.896589718636354,-0.826718053204042
P30291,WEE1,SVR,0.8693424641103308,-0.9198168594784629
P30291,WEE1,SVR,-0.9247086021433776,-1.0624988563411693
P30291,WEE1,SVR,0.4286139208980134,-0.7643300282862685
P30291,WEE1,SVR,-1.5717260243784288,-0.9051205218615425
P30291,WEE1,SVR,-2.179566856010089,-1.487449628965265
P30291,WEE1,SVR,-3.918984539127314,-1.2348122976036748
P30291,WEE1,SVR,0.0445379733003827,-1.751146961324602
P30291,WEE1,SVR,-0.0406273699298666,-0.7118633060224567
P30291,WEE1,Lasso,-1.753887084558051,-0.4971005322126081
P30291,WEE1,Lasso,1.0508568649876655,-0.7782542592627193
P30291,WEE1,Lasso,0.0583896404244361,0.11298719989179229
P30291,WEE1,Lasso,-0.960205225905389,-0.7050449313464549
P30291,WEE1,Lasso,0.7589938139922991,-0.8664667755635674
P30291,WEE1,Lasso,1.2285500493145016,-1.1564769201346836
P30291,WEE1,Lasso,-0.9904015739436076,-0.829065315534445
P30291,WEE1,Lasso,-2.275976656025626,-1.166905708494331
P30291,WEE1,Lasso,-4.044320587655683,-1.180874523728187
P30291,WEE1,Lasso,-0.9009158253455284,-0.46314639583784256
P30291,WEE1,Lasso,-1.896589718636354,-0.7690781469873009
P30291,WEE1,Lasso,0.8693424641103308,-0.5960340162898481
P30291,WEE1,Lasso,-0.9247086021433776,-0.8156315666495775
P30291,WEE1,Lasso,0.4286139208980134,-0.8314500060205963
P30291,WEE1,Lasso,-1.5717260243784288,-0.8229189215019126
P30291,WEE1,Lasso,-2.179566856010089,-1.1116855129816872
P30291,WEE1,Lasso,-3.918984539127314,-1.006199346525607
P30291,WEE1,Lasso,0.0445379733003827,-0.7355231210270423
P30291,WEE1,Lasso,-0.0406273699298666,-0.46181256229438034
P30291,WEE1,ElasticNet,-1.753887084558051,-0.4834828470120035
P30291,WEE1,ElasticNet,1.0508568649876655,-0.7173139569011214
P30291,WEE1,ElasticNet,0.0583896404244361,0.5175953033053501
P30291,WEE1,ElasticNet,-0.960205225905389,-0.7501222458542419
P30291,WEE1,ElasticNet,0.7589938139922991,-0.9417081043345645
P30291,WEE1,ElasticNet,1.2285500493145016,-1.1776177296435757
P30291,WEE1,ElasticNet,-0.9904015739436076,-0.8504523129500873
P30291,WEE1,ElasticNet,-2.275976656025626,-1.3536079137968433
P30291,WEE1,ElasticNet,-4.044320587655683,-1.2366720556175181
P30291,WEE1,ElasticNet,-0.9009158253455284,-0.5218481860282856
P30291,WEE1,ElasticNet,-1.896589718636354,-0.7506045583881342
P30291,WEE1,ElasticNet,0.8693424641103308,-0.47301873763584557
P30291,WEE1,ElasticNet,-0.9247086021433776,-0.870450400880232
P30291,WEE1,ElasticNet,0.4286139208980134,-0.7568312064041627
P30291,WEE1,ElasticNet,-1.5717260243784288,-0.8407170098584543
P30291,WEE1,ElasticNet,-2.179566856010089,-1.1976270171290697
P30291,WEE1,ElasticNet,-3.918984539127314,-0.9958970339997251
P30291,WEE1,ElasticNet,0.0445379733003827,-1.297123207590884
P30291,WEE1,ElasticNet,-0.0406273699298666,-0.5610171024123098
P30291,WEE1,GradientBoosting,-1.753887084558051,-0.3252637334911386
P30291,WEE1,GradientBoosting,1.0508568649876655,-0.05791053138660099
P30291,WEE1,GradientBoosting,0.0583896404244361,1.4565247863392476
P30291,WEE1,GradientBoosting,-0.960205225905389,-1.2966924882612227
P30291,WEE1,GradientBoosting,0.7589938139922991,-1.0696788751053574
P30291,WEE1,GradientBoosting,1.2285500493145016,-0.6246927521062474
P30291,WEE1,GradientBoosting,-0.9904015739436076,0.4021074722831144
P30291,WEE1,GradientBoosting,-2.275976656025626,-1.4970287202656545
P30291,WEE1,GradientBoosting,-4.044320587655683,-1.3936984532093246
P30291,WEE1,GradientBoosting,-0.9009158253455284,-1.6840105001124233
P30291,WEE1,GradientBoosting,-1.896589718636354,-0.4791592965315279
P30291,WEE1,GradientBoosting,0.8693424641103308,0.2714122735841668
P30291,WEE1,GradientBoosting,-0.9247086021433776,-0.2416600990926026
P30291,WEE1,GradientBoosting,0.4286139208980134,0.7188509454113687
P30291,WEE1,GradientBoosting,-1.5717260243784288,-0.36140767726468476
P30291,WEE1,GradientBoosting,-2.179566856010089,-1.2627025763266528
P30291,WEE1,GradientBoosting,-3.918984539127314,-1.427754779661467
P30291,WEE1,GradientBoosting,0.0445379733003827,-0.8316908079275057
P30291,WEE1,GradientBoosting,-0.0406273699298666,-0.8602266100724603
P30291,WEE1,MLP,-1.753887084558051,-0.7140213847895795
P30291,WEE1,MLP,1.0508568649876655,-0.7323005119558306
P30291,WEE1,MLP,0.0583896404244361,-0.7496947259017961
P30291,WEE1,MLP,-0.960205225905389,-0.741725407570032
P30291,WEE1,MLP,0.7589938139922991,-0.7309840052109315
P30291,WEE1,MLP,1.2285500493145016,-0.3205060442937529
P30291,WEE1,MLP,-0.9904015739436076,-0.4690571376162457
P30291,WEE1,MLP,-2.275976656025626,-0.7324488261941561
P30291,WEE1,MLP,-4.044320587655683,-0.7342883328285286
P30291,WEE1,MLP,-0.9009158253455284,-0.7456061078845652
P30291,WEE1,MLP,-1.896589718636354,-0.7309840052109315
P30291,WEE1,MLP,0.8693424641103308,-0.7427505396092295
P30291,WEE1,MLP,-0.9247086021433776,-0.7348013731970985
P30291,WEE1,MLP,0.4286139208980134,-0.41133716296994427
P30291,WEE1,MLP,-1.5717260243784288,-0.5804169709417777
P30291,WEE1,MLP,-2.179566856010089,-0.7309840052109315
P30291,WEE1,MLP,-3.918984539127314,-0.7309840052109315
P30291,WEE1,MLP,0.0445379733003827,-0.5105149515843759
P30291,WEE1,MLP,-0.0406273699298666,-0.77918518752159
P31749,AKT1,RandomForest,-1.9797920758868912,-2.2240804165330115
P31749,AKT1,RandomForest,-5.242525157477053,-3.4163023328501283
P31749,AKT1,RandomForest,1.1833549212344974,-0.258132367001091
P31749,AKT1,RandomForest,0.6456733892546058,-1.7882221961227438
P31749,AKT1,RandomForest,2.344213981234828,0.7849566244427186
P31749,AKT1,RandomForest,-1.3892388777177191,-3.28204717949379
P31749,AKT1,RandomForest,0.3518079917647949,-2.3457586215190687
P31749,AKT1,RandomForest,-1.79848659198694,-2.367371130710279
P31749,AKT1,RandomForest,-1.8618413412264303,-2.1377171130956683
P31749,AKT1,RandomForest,-1.700636176503551,-1.0362555272926501
P31749,AKT1,RandomForest,-1.4951233549700516,-1.8012120694632705
P31749,AKT1,RandomForest,0.7008840752509857,-0.12818989284416424
P31749,AKT1,RandomForest,-0.5283522026621251,-1.0338125957586923
P31749,AKT1,RandomForest,-0.3310396486973525,0.465755747400833
P31749,AKT1,RandomForest,0.4959714778511653,-2.181116439415514
P31749,AKT1,RandomForest,-0.7930469910517068,-1.5193880643734752
P31749,AKT1,RandomForest,-2.620444829513961,-1.961090494331189
P31749,AKT1,RandomForest,-1.150582945199049,-1.7312001061081757
P31749,AKT1,RandomForest,-1.280936310253422,-1.5728583687347986
P31749,AKT1,XGBoost,-1.9797920758868912,-2.569704294204712
P31749,AKT1,XGBoost,-5.242525157477053,-3.812054395675659
P31749,AKT1,XGBoost,1.1833549212344974,-1.1278624534606934
P31749,AKT1,XGBoost,0.6456733892546058,-2.1482796669006348
P31749,AKT1,XGBoost,2.344213981234828,-3.0847673416137695
P31749,AKT1,XGBoost,-1.3892388777177191,-4.0453667640686035
P31749,AKT1,XGBoost,0.3518079917647949,-3.166964530944824
P31749,AKT1,XGBoost,-1.79848659198694,-2.291254997253418
P31749,AKT1,XGBoost,-1.8618413412264303,-1.9826231002807617
P31749,AKT1,XGBoost,-1.700636176503551,-2.3941128253936768
P31749,AKT1,XGBoost,-1.4951233549700516,-2.3896148204803467
P31749,AKT1,XGBoost,0.7008840752509857,-0.5346896648406982
P31749,AKT1,XGBoost,-0.5283522026621251,-1.5957952737808228
P31749,AKT1,XGBoost,-0.3310396486973525,1.5295828580856323
P31749,AKT1,XGBoost,0.4959714778511653,-1.2706490755081177
P31749,AKT1,XGBoost,-0.7930469910517068,-1.4737352132797241
P31749,AKT1,XGBoost,-2.620444829513961,-3.1635470390319824
P31749,AKT1,XGBoost,-1.150582945199049,-1.4467313289642334
P31749,AKT1,XGBoost,-1.280936310253422,-1.5231165885925293
P31749,AKT1,PLS,-1.9797920758868912,-1.3491122795860744
P31749,AKT1,PLS,-5.242525157477053,-1.6203541808341306
P31749,AKT1,PLS,1.1833549212344974,-0.19744854808275503
P31749,AKT1,PLS,0.6456733892546058,-0.7074983357371655
P31749,AKT1,PLS,2.344213981234828,0.07044704571169369
P31749,AKT1,PLS,-1.3892388777177191,-1.3223025864089406
P31749,AKT1,PLS,0.3518079917647949,-1.2142791685921897
P31749,AKT1,PLS,-1.79848659198694,-2.9639561040686146
P31749,AKT1,PLS,-1.8618413412264303,-3.0023043930833557
P31749,AKT1,PLS,-1.700636176503551,-0.8264939711703457
P31749,AKT1,PLS,-1.4951233549700516,-2.405204336506469
P31749,AKT1,PLS,0.7008840752509857,-0.7326471459174329
P31749,AKT1,PLS,-0.5283522026621251,-1.9371108058783246
P31749,AKT1,PLS,-0.3310396486973525,-1.3568248566169916
P31749,AKT1,PLS,0.4959714778511653,-1.8974716791035138
P31749,AKT1,PLS,-0.7930469910517068,-2.842714028993678
P31749,AKT1,PLS,-2.620444829513961,-2.639484545060281
P31749,AKT1,PLS,-1.150582945199049,-1.3809216281616996
P31749,AKT1,PLS,-1.280936310253422,-1.2239520569362563
P31749,AKT1,SVR,-1.9797920758868912,-0.6165422654197996
P31749,AKT1,SVR,-5.242525157477053,-1.7171970105819152
P31749,AKT1,SVR,1.1833549212344974,-0.20434360428414755
P31749,AKT1,SVR,0.6456733892546058,-0.84012380578828
P31749,AKT1,SVR,2.344213981234828,-1.0742080132272116
P31749,AKT1,SVR,-1.3892388777177191,-1.5369341938183274
P31749,AKT1,SVR,0.3518079917647949,-1.6806537605751946
P31749,AKT1,SVR,-1.79848659198694,-2.651392424289627
P31749,AKT1,SVR,-1.8618413412264303,-2.2553611144220245
P31749,AKT1,SVR,-1.700636176503551,-1.4974771271090164
P31749,AKT1,SVR,-1.4951233549700516,-1.8219950254383086
P31749,AKT1,SVR,0.7008840752509857,-0.643444749972516
P31749,AKT1,SVR,-0.5283522026621251,-1.1031872500151003
P31749,AKT1,SVR,-0.3310396486973525,-1.1517337095856008
P31749,AKT1,SVR,0.4959714778511653,-1.2786586650704768
P31749,AKT1,SVR,-0.7930469910517068,-2.5895193758773063
P31749,AKT1,SVR,-2.620444829513961,-1.7516623040752548
P31749,AKT1,SVR,-1.150582945199049,-1.200546945151811
P31749,AKT1,SVR,-1.280936310253422,-0.8501976171773575
P31749,AKT1,Lasso,-1.9797920758868912,-1.6274225630947994
P31749,AKT1,Lasso,-5.242525157477053,-1.5778614437340042
P31749,AKT1,Lasso,1.1833549212344974,-1.0244220929863386
P31749,AKT1,Lasso,0.6456733892546058,-1.1879551763343685
P31749,AKT1,Lasso,2.344213981234828,-1.0596935431584256
P31749,AKT1,Lasso,-1.3892388777177191,-1.3218502158486922
P31749,AKT1,Lasso,0.3518079917647949,-1.7270163016871911
P31749,AKT1,Lasso,-1.79848659198694,-2.1654662759332934
P31749,AKT1,Lasso,-1.8618413412264303,-2.0755029606763045
P31749,AKT1,Lasso,-1.700636176503551,-1.7099868011478578
P31749,AKT1,Lasso,-1.4951233549700516,-1.6699712553275654
P31749,AKT1,Lasso,0.7008840752509857,-1.160147794522282
P31749,AKT1,Lasso,-0.5283522026621251,-1.3582861092487275
P31749,AKT1,Lasso,-0.3310396486973525,-1.467600083573321
P31749,AKT1,Lasso,0.4959714778511653,-1.247701684161406
P31749,AKT1,Lasso,-0.7930469910517068,-2.239136944034641
P31749,AKT1,Lasso,-2.620444829513961,-1.5638799021310312
P31749,AKT1,Lasso,-1.150582945199049,-1.3010157006630216
P31749,AKT1,Lasso,-1.280936310253422,-0.905228643013731
P31749,AKT1,ElasticNet,-1.9797920758868912,-1.6977206740423394
P31749,AKT1,ElasticNet,-5.242525157477053,-1.5978732533348332
P31749,AKT1,ElasticNet,1.1833549212344974,-0.982709422825809
P31749,AKT1,ElasticNet,0.6456733892546058,-1.157849038562179
P31749,AKT1,ElasticNet,2.344213981234828,-0.9896244745244406
P31749,AKT1,ElasticNet,-1.3892388777177191,-1.2958540804638417
P31749,AKT1,ElasticNet,0.3518079917647949,-1.7751953276954642
P31749,AKT1,ElasticNet,-1.79848659198694,-2.275696638424977
P31749,AKT1,ElasticNet,-1.8618413412264303,-2.183376471474727
P31749,AKT1,ElasticNet,-1.700636176503551,-1.7590999929523536
P31749,AKT1,ElasticNet,-1.4951233549700516,-1.7097741585757005
P31749,AKT1,ElasticNet,0.7008840752509857,-1.1322647489333724
P31749,AKT1,ElasticNet,-0.5283522026621251,-1.3605498160237972
P31749,AKT1,ElasticNet,-0.3310396486973525,-1.4856165239431582
P31749,AKT1,ElasticNet,0.4959714778511653,-1.2209713612292004
P31749,AKT1,ElasticNet,-0.7930469910517068,-2.365525066040331
P31749,AKT1,ElasticNet,-2.620444829513961,-1.5869702385588098
P31749,AKT1,ElasticNet,-1.150582945199049,-1.284239506955267
P31749,AKT1,ElasticNet,-1.280936310253422,-0.8222240435156758
P31749,AKT1,GradientBoosting,-1.9797920758868912,-1.0829049262074801
P31749,AKT1,GradientBoosting,-5.242525157477053,-2.7692190439021664
P31749,AKT1,GradientBoosting,1.1833549212344974,-1.5382560750498921
P31749,AKT1,GradientBoosting,0.6456733892546058,-1.7558520586773136
P31749,AKT1,GradientBoosting,2.344213981234828,1.0682582150075637
P31749,AKT1,GradientBoosting,-1.3892388777177191,-2.8023218029977603
P31749,AKT1,GradientBoosting,0.3518079917647949,-1.8486448878767356
P31749,AKT1,GradientBoosting,-1.79848659198694,-2.7307475585078302
P31749,AKT1,GradientBoosting,-1.8618413412264303,-2.3620639684194997
P31749,AKT1,GradientBoosting,-1.700636176503551,-1.551757720157937
P31749,AKT1,GradientBoosting,-1.4951233549700516,-1.085423670465474
P31749,AKT1,GradientBoosting,0.7008840752509857,0.21555195211469466
P31749,AKT1,GradientBoosting,-0.5283522026621251,-2.3032218577603123
P31749,AKT1,GradientBoosting,-0.3310396486973525,1.085540032175482
P31749,AKT1,GradientBoosting,0.4959714778511653,-0.4114049542403458
P31749,AKT1,GradientBoosting,-0.7930469910517068,-2.4253805644223094
P31749,AKT1,GradientBoosting,-2.620444829513961,-2.2615556017115663
P31749,AKT1,GradientBoosting,-1.150582945199049,-0.37499457003581443
P31749,AKT1,GradientBoosting,-1.280936310253422,-1.1831734394231483
P31749,AKT1,MLP,-1.9797920758868912,-2.068696000868531
P31749,AKT1,MLP,-5.242525157477053,-1.3033345041898916
P31749,AKT1,MLP,1.1833549212344974,-1.0127502108606785
P31749,AKT1,MLP,0.6456733892546058,-0.8487588979762011
P31749,AKT1,MLP,2.344213981234828,-0.8487588979762011
P31749,AKT1,MLP,-1.3892388777177191,-0.8487588979762011
P31749,AKT1,MLP,0.3518079917647949,-1.7696417583252821
P31749,AKT1,MLP,-1.79848659198694,-2.4550132322723845
P31749,AKT1,MLP,-1.8618413412264303,-2.260486787691584
P31749,AKT1,MLP,-1.700636176503551,-1.8206889732453755
P31749,AKT1,MLP,-1.4951233549700516,-1.3785803369009768
P31749,AKT1,MLP,0.7008840752509857,-0.8487588979762011
P31749,AKT1,MLP,-0.5283522026621251,-0.8487588979762011
P31749,AKT1,MLP,-0.3310396486973525,-1.1334270436986924
P31749,AKT1,MLP,0.4959714778511653,-0.8487588979762011
P31749,AKT1,MLP,-0.7930469910517068,-2.6750823604937652
P31749,AKT1,MLP,-2.620444829513961,-1.0682190085167886
P31749,AKT1,MLP,-1.150582945199049,-0.8487588979762011
P31749,AKT1,MLP,-1.280936310253422,-0.8487588979762011
P33981,TTK,RandomForest,0.5456227849915813,-0.42135420675964935
P33981,TTK,RandomForest,0.0099684360571067,-0.09380392124395036
P33981,TTK,RandomForest,-0.7485105182548606,0.8354094553463188
P33981,TTK,RandomForest,0.0723352109616281,0.6241860556466691
P33981,TTK,RandomForest,0.6824147895095324,0.404677978616428
P33981,TTK,RandomForest,0.0331419075802322,0.6948643318082566
P33981,TTK,RandomForest,1.3923921439832383,0.21270642096568712
P33981,TTK,RandomForest,1.7671037076034153,0.5506910730929462
P33981,TTK,RandomForest,0.950320035475512,-0.236375296348455
P33981,TTK,RandomForest,1.4038612534328112,0.19414461958161844
P33981,TTK,RandomForest,1.687570675901847,-0.06166395480878866
P33981,TTK,RandomForest,-0.423769546201161,-0.33709497669450406
P33981,TTK,RandomForest,2.290548718597049,0.11156713957806912
P33981,TTK,RandomForest,0.278911949485102,0.5042141233389988
P33981,TTK,RandomForest,-1.217111495963766,-0.3934227436815327
P33981,TTK,RandomForest,1.6998297178011008,0.22289708825114044
P33981,TTK,RandomForest,1.2434380742536268,-0.14292978541170187
P33981,TTK,RandomForest,-0.1216720592386869,0.5494628583621182
P33981,TTK,RandomForest,-0.4506100384339945,-0.07183003249023566
P33981,TTK,XGBoost,0.5456227849915813,-0.799536406993866
P33981,TTK,XGBoost,0.0099684360571067,-0.6103066802024841
P33981,TTK,XGBoost,-0.7485105182548606,0.8671063184738159
P33981,TTK,XGBoost,0.0723352109616281,1.07827889919281
P33981,TTK,XGBoost,0.6824147895095324,0.1508864164352417
P33981,TTK,XGBoost,0.0331419075802322,0.8954099416732788
P33981,TTK,XGBoost,1.3923921439832383,0.586185872554779
P33981,TTK,XGBoost,1.7671037076034153,0.894067645072937
P33981,TTK,XGBoost,0.950320035475512,-0.041791271418333054
P33981,TTK,XGBoost,1.4038612534328112,0.15896077454090118
P33981,TTK,XGBoost,1.687570675901847,0.06475917249917984
P33981,TTK,XGBoost,-0.423769546201161,-0.530642569065094
P33981,TTK,XGBoost,2.290548718597049,0.3467865288257599
P33981,TTK,XGBoost,0.278911949485102,0.4153394401073456
P33981,TTK,XGBoost,-1.217111495963766,-0.6502070426940918
P33981,TTK,XGBoost,1.6998297178011008,-0.2117195427417755
P33981,TTK,XGBoost,1.2434380742536268,-0.041791271418333054
P33981,TTK,XGBoost,-0.1216720592386869,0.44106632471084595
P33981,TTK,XGBoost,-0.4506100384339945,-0.6276007890701294
P33981,TTK,PLS,0.5456227849915813,0.1818422517888095
P33981,TTK,PLS,0.0099684360571067,0.3422673908755844
P33981,TTK,PLS,-0.7485105182548606,0.46930396184162265
P33981,TTK,PLS,0.0723352109616281,0.34681585345429394
P33981,TTK,PLS,0.6824147895095324,0.5639948676312213
P33981,TTK,PLS,0.0331419075802322,0.7255416421688738
P33981,TTK,PLS,1.3923921439832383,0.5770735914764482
P33981,TTK,PLS,1.7671037076034153,0.41295002143543896
P33981,TTK,PLS,0.950320035475512,-0.09698115097391619
P33981,TTK,PLS,1.4038612534328112,0.31809276405023346
P33981,TTK,PLS,1.687570675901847,0.25786981809822046
P33981,TTK,PLS,-0.423769546201161,0.3119500538124309
P33981,TTK,PLS,2.290548718597049,0.4903296302826048
P33981,TTK,PLS,0.278911949485102,0.429638096282401
P33981,TTK,PLS,-1.217111495963766,0.11170769993260679
P33981,TTK,PLS,1.6998297178011008,0.1936434064620341
P33981,TTK,PLS,1.2434380742536268,-0.10348888280948121
P33981,TTK,PLS,-0.1216720592386869,0.4632178863537436
P33981,TTK,PLS,-0.4506100384339945,0.3891194922694388
P33981,TTK,SVR,0.5456227849915813,0.26977549813709145
P33981,TTK,SVR,0.0099684360571067,0.4017589947274321
P33981,TTK,SVR,-0.7485105182548606,0.47369143953819537
P33981,TTK,SVR,0.0723352109616281,0.5746431497150745
P33981,TTK,SVR,0.6824147895095324,0.5014002560151771
P33981,TTK,SVR,0.0331419075802322,0.8035538710462893
P33981,TTK,SVR,1.3923921439832383,0.7069598808729718
P33981,TTK,SVR,1.7671037076034153,0.6541255444991916
P33981,TTK,SVR,0.950320035475512,0.39969496765906054
P33981,TTK,SVR,1.4038612534328112,0.5263329998461617
P33981,TTK,SVR,1.687570675901847,0.4836505609742456
P33981,TTK,SVR,-0.423769546201161,0.47889049160984765
P33981,TTK,SVR,2.290548718597049,0.6770698061012809
P33981,TTK,SVR,0.278911949485102,0.7777555533956706
P33981,TTK,SVR,-1.217111495963766,0.39790882519842113
P33981,TTK,SVR,1.6998297178011008,0.4838581123675698
P33981,TTK,SVR,1.2434380742536268,0.36573962559642015
P33981,TTK,SVR,-0.1216720592386869,0.6598264241248121
P33981,TTK,SVR,-0.4506100384339945,0.7241272666799348
P33981,TTK,Lasso,0.5456227849915813,0.27594397422086425
P33981,TTK,Lasso,0.0099684360571067,0.27594397422086425
P33981,TTK,Lasso,-0.7485105182548606,0.27594397422086425
P33981,TTK,Lasso,0.0723352109616281,0.27594397422086425
P33981,TTK,Lasso,0.6824147895095324,0.27594397422086425
P33981,TTK,Lasso,0.0331419075802322,0.27594397422086425
P33981,TTK,Lasso,1.3923921439832383,0.27594397422086425
P33981,TTK,Lasso,1.7671037076034153,0.27594397422086425
P33981,TTK,Lasso,0.950320035475512,0.27594397422086425
P33981,TTK,Lasso,1.4038612534328112,0.27594397422086425
P33981,TTK,Lasso,1.687570675901847,0.27594397422086425
P33981,TTK,Lasso,-0.423769546201161,0.27594397422086425
P33981,TTK,Lasso,2.290548718597049,0.27594397422086425
P33981,TTK,Lasso,0.278911949485102,0.27594397422086425
P33981,TTK,Lasso,-1.217111495963766,0.27594397422086425
P33981,TTK,Lasso,1.6998297178011008,0.27594397422086425
P33981,TTK,Lasso,1.2434380742536268,0.27594397422086425
P33981,TTK,Lasso,-0.1216720592386869,0.27594397422086425
P33981,TTK,Lasso,-0.4506100384339945,0.27594397422086425
P33981,TTK,ElasticNet,0.5456227849915813,0.2378275582862216
P33981,TTK,ElasticNet,0.0099684360571067,0.29848151926962474
P33981,TTK,ElasticNet,-0.7485105182548606,0.3530994897419305
P33981,TTK,ElasticNet,0.0723352109616281,0.30023194013804044
P33981,TTK,ElasticNet,0.6824147895095324,0.3861545572964494
P33981,TTK,ElasticNet,0.0331419075802322,0.45299587433845767
P33981,TTK,ElasticNet,1.3923921439832383,0.3987247728176561
P33981,TTK,ElasticNet,1.7671037076034153,0.3328358399710915
P33981,TTK,ElasticNet,0.950320035475512,0.1308263658385015
P33981,TTK,ElasticNet,1.4038612534328112,0.28943056502710085
P33981,TTK,ElasticNet,1.687570675901847,0.26578296000703183
P33981,TTK,ElasticNet,-0.423769546201161,0.28688695217231774
P33981,TTK,ElasticNet,2.290548718597049,0.36423776745099073
P33981,TTK,ElasticNet,0.278911949485102,0.33468828612136725
P33981,TTK,ElasticNet,-1.217111495963766,0.20956255687607558
P33981,TTK,ElasticNet,1.6998297178011008,0.24531147000663
P33981,TTK,ElasticNet,1.2434380742536268,0.12882367860423932
P33981,TTK,ElasticNet,-0.1216720592386869,0.3507585477402452
P33981,TTK,ElasticNet,-0.4506100384339945,0.32428327678565455
P33981,TTK,GradientBoosting,0.5456227849915813,-0.3552824535776687
P33981,TTK,GradientBoosting,0.0099684360571067,-0.13268007401154525
P33981,TTK,GradientBoosting,-0.7485105182548606,1.0636299088930556
P33981,TTK,GradientBoosting,0.0723352109616281,0.21649699683595047
P33981,TTK,GradientBoosting,0.6824147895095324,0.4962965634171726
P33981,TTK,GradientBoosting,0.0331419075802322,0.9236040703665243
P33981,TTK,GradientBoosting,1.3923921439832383,-0.6223483340387539
P33981,TTK,GradientBoosting,1.7671037076034153,0.49085994188703064
P33981,TTK,GradientBoosting,0.950320035475512,-0.1904189425265736
P33981,TTK,GradientBoosting,1.4038612534328112,-0.012620561111417811
P33981,TTK,GradientBoosting,1.687570675901847,-0.17010851454974385
P33981,TTK,GradientBoosting,-0.423769546201161,-0.6678622281327575
P33981,TTK,GradientBoosting,2.290548718597049,-0.49701799587378576
P33981,TTK,GradientBoosting,0.278911949485102,-0.00935395687991379
P33981,TTK,GradientBoosting,-1.217111495963766,-0.5675237128307075
P33981,TTK,GradientBoosting,1.6998297178011008,0.10030876730897918
P33981,TTK,GradientBoosting,1.2434380742536268,-0.1787683740221835
P33981,TTK,GradientBoosting,-0.1216720592386869,0.8145897740739482
P33981,TTK,GradientBoosting,-0.4506100384339945,-0.6299992785561099
P33981,TTK,MLP,0.5456227849915813,0.08088385034867085
P33981,TTK,MLP,0.0099684360571067,0.20316525236382577
P33981,TTK,MLP,-0.7485105182548606,0.10162153509524041
P33981,TTK,MLP,0.0723352109616281,0.10162153509524041
P33981,TTK,MLP,0.6824147895095324,0.10162153509524041
P33981,TTK,MLP,0.0331419075802322,0.10162153509524041
P33981,TTK,MLP,1.3923921439832383,0.10162153509524041
P33981,TTK,MLP,1.7671037076034153,0.10162153509524041
P33981,TTK,MLP,0.950320035475512,0.003836735134817887
P33981,TTK,MLP,1.4038612534328112,0.10162153509524041
P33981,TTK,MLP,1.687570675901847,0.1333485642015797
P33981,TTK,MLP,-0.423769546201161,0.13599427362599784
P33981,TTK,MLP,2.290548718597049,0.10162153509524041
P33981,TTK,MLP,0.278911949485102,0.10162153509524041
P33981,TTK,MLP,-1.217111495963766,0.1327510714283424
P33981,TTK,MLP,1.6998297178011008,0.10162153509524041
P33981,TTK,MLP,1.2434380742536268,-0.027451611613586252
P33981,TTK,MLP,-0.1216720592386869,0.10162153509524041
P33981,TTK,MLP,-0.4506100384339945,0.10162153509524041
P42345,MTOR,RandomForest,-0.4945622178435983,-0.6130465207701232
P42345,MTOR,RandomForest,-0.7711529097077852,0.21408750488106784
P42345,MTOR,RandomForest,0.5335755179734515,-1.4442759840852013
P42345,MTOR,RandomForest,1.0153871013377531,-1.2431819057592841
P42345,MTOR,RandomForest,0.64419174596256,-2.156123260139249
P42345,MTOR,RandomForest,-0.9865450661851194,0.17690238906668632
P42345,MTOR,RandomForest,0.1196626109789664,-1.347433402165772
P42345,MTOR,RandomForest,-0.8669997707436191,-1.2940667557872723
P42345,MTOR,RandomForest,-0.7659698513516807,-1.2305820787936221
P42345,MTOR,RandomForest,-2.139677813560611,-1.2906399805576434
P42345,MTOR,RandomForest,1.1562213001835828,-2.3569208442780796
P42345,MTOR,RandomForest,2.577691648211112,-1.5501730198582384
P42345,MTOR,RandomForest,-0.6881739254565289,-1.402033108998245
P42345,MTOR,RandomForest,0.0875690576051018,-1.6797602261278635
P42345,MTOR,RandomForest,0.4523250842974229,0.15693200078319777
P42345,MTOR,RandomForest,0.6634810855514167,-0.8727700565367066
P42345,MTOR,RandomForest,-1.072713713423037,-1.2940667557872723
P42345,MTOR,RandomForest,-0.4698178702660637,0.0773429186464034
P42345,MTOR,RandomForest,0.9687736641368744,-1.258741885620018
P42345,MTOR,XGBoost,-0.4945622178435983,0.5742167830467224
P42345,MTOR,XGBoost,-0.7711529097077852,1.8106743097305298
P42345,MTOR,XGBoost,0.5335755179734515,-1.6321442127227783
P42345,MTOR,XGBoost,1.0153871013377531,-1.4134886264801025
P42345,MTOR,XGBoost,0.64419174596256,-1.2496691942214966
P42345,MTOR,XGBoost,-0.9865450661851194,0.29987192153930664
P42345,MTOR,XGBoost,0.1196626109789664,-0.09494925290346146
P42345,MTOR,XGBoost,-0.8669997707436191,-1.4134886264801025
P42345,MTOR,XGBoost,-0.7659698513516807,-1.4134886264801025
P42345,MTOR,XGBoost,-2.139677813560611,-1.5634641647338867
P42345,MTOR,XGBoost,1.1562213001835828,-0.6927545070648193
P42345,MTOR,XGBoost,2.577691648211112,-1.0079423189163208
P42345,MTOR,XGBoost,-0.6881739254565289,-1.7238049507141113
P42345,MTOR,XGBoost,0.0875690576051018,-0.12890081107616425
P42345,MTOR,XGBoost,0.4523250842974229,0.11314825713634491
P42345,MTOR,XGBoost,0.6634810855514167,-0.27276888489723206
P42345,MTOR,XGBoost,-1.072713713423037,-1.4134886264801025
P42345,MTOR,XGBoost,-0.4698178702660637,0.3812897801399231
P42345,MTOR,XGBoost,0.9687736641368744,0.3909456133842468
P42345,MTOR,PLS,-0.4945622178435983,0.04961313021962466
P42345,MTOR,PLS,-0.7711529097077852,-0.19630299296664588
P42345,MTOR,PLS,0.5335755179734515,-0.7792944444455524
P42345,MTOR,PLS,1.0153871013377531,-1.1328020497034323
P42345,MTOR,PLS,0.64419174596256,-0.7448401748612791
P42345,MTOR,PLS,-0.9865450661851194,-0.19764304219036882
P42345,MTOR,PLS,0.1196626109789664,-0.7130378563627501
P42345,MTOR,PLS,-0.8669997707436191,-1.1905916926979434
P42345,MTOR,PLS,-0.7659698513516807,-1.1576932816172654
P42345,MTOR,PLS,-2.139677813560611,-1.205454866072972
P42345,MTOR,PLS,1.1562213001835828,-1.2608320673404882
P42345,MTOR,PLS,2.577691648211112,-1.0309427661566437
P42345,MTOR,PLS,-0.6881739254565289,-1.060696368218795
P42345,MTOR,PLS,0.0875690576051018,-0.7229643407332472
P42345,MTOR,PLS,0.4523250842974229,0.06912924968870537
P42345,MTOR,PLS,0.6634810855514167,-1.5998832913861145
P42345,MTOR,PLS,-1.072713713423037,-1.222830203652717
P42345,MTOR,PLS,-0.4698178702660637,-0.6699096519527441
P42345,MTOR,PLS,0.9687736641368744,-0.5068679766098833
P42345,MTOR,SVR,-0.4945622178435983,0.04751524198825885
P42345,MTOR,SVR,-0.7711529097077852,-0.23117900514477885
P42345,MTOR,SVR,0.5335755179734515,-0.26876126117747917
P42345,MTOR,SVR,1.0153871013377531,-0.2546585567540709
P42345,MTOR,SVR,0.64419174596256,-0.14520315592336225
P42345,MTOR,SVR,-0.9865450661851194,0.03363389576199327
P42345,MTOR,SVR,0.1196626109789664,0.17520176747391003
P42345,MTOR,SVR,-0.8669997707436191,-0.26296548517338725
P42345,MTOR,SVR,-0.7659698513516807,-0.2582365280143635
P42345,MTOR,SVR,-2.139677813560611,-0.25814748525550113
P42345,MTOR,SVR,1.1562213001835828,-0.2730621345739971
P42345,MTOR,SVR,2.577691648211112,-0.36460379453745784
P42345,MTOR,SVR,-0.6881739254565289,-0.24429378023561488
P42345,MTOR,SVR,0.0875690576051018,-0.3184873841943149
P42345,MTOR,SVR,0.4523250842974229,0.02532252615866437
P42345,MTOR,SVR,0.6634810855514167,-0.6534152341894849
P42345,MTOR,SVR,-1.072713713423037,-0.26759958548911744
P42345,MTOR,SVR,-0.4698178702660637,0.005824011648124849
P42345,MTOR,SVR,0.9687736641368744,0.13326052545477307
P42345,MTOR,Lasso,-0.4945622178435983,-0.10263325354870678
P42345,MTOR,Lasso,-0.7711529097077852,-0.2712239260879633
P42345,MTOR,Lasso,0.5335755179734515,-0.7680443339753953
P42345,MTOR,Lasso,1.0153871013377531,-0.9708721141932206
P42345,MTOR,Lasso,0.64419174596256,-0.7328717723252529
P42345,MTOR,Lasso,-0.9865450661851194,-0.2692028995343027
P42345,MTOR,Lasso,0.1196626109789664,-0.8015436145844272
P42345,MTOR,Lasso,-0.8669997707436191,-1.0144614777740846
P42345,MTOR,Lasso,-0.7659698513516807,-0.9896469828659813
P42345,MTOR,Lasso,-2.139677813560611,-1.0252512230733883
P42345,MTOR,Lasso,1.1562213001835828,-1.0674421343363818
P42345,MTOR,Lasso,2.577691648211112,-0.898209235827492
P42345,MTOR,Lasso,-0.6881739254565289,-0.9164845007106743
P42345,MTOR,Lasso,0.0875690576051018,-0.6416900422564865
P42345,MTOR,Lasso,0.4523250842974229,-0.05779056391940851
P42345,MTOR,Lasso,0.6634810855514167,-1.2157737856090352
P42345,MTOR,Lasso,-1.072713713423037,-1.0387782255942217
P42345,MTOR,Lasso,-0.4698178702660637,-0.6574762191796371
P42345,MTOR,Lasso,0.9687736641368744,-0.581699889916887
P42345,MTOR,ElasticNet,-0.4945622178435983,-0.05250559106637809
P42345,MTOR,ElasticNet,-0.7711529097077852,-0.255379320535811
P42345,MTOR,ElasticNet,0.5335755179734515,-0.7693353475129993
P42345,MTOR,ElasticNet,1.0153871013377531,-1.0253652091791359
P42345,MTOR,ElasticNet,0.64419174596256,-0.7317233060901556
P42345,MTOR,ElasticNet,-0.9865450661851194,-0.24602219145285043
P42345,MTOR,ElasticNet,0.1196626109789664,-0.746047880427829
P42345,MTOR,ElasticNet,-0.8669997707436191,-1.0733367403326748
P42345,MTOR,ElasticNet,-0.7659698513516807,-1.046027570898827
P42345,MTOR,ElasticNet,-2.139677813560611,-1.0852112106218335
P42345,MTOR,ElasticNet,1.1562213001835828,-1.131643698912106
P42345,MTOR,ElasticNet,2.577691648211112,-0.9472484003168042
P42345,MTOR,ElasticNet,-0.6881739254565289,-0.9655098481412425
P42345,MTOR,ElasticNet,0.0875690576051018,-0.6781490681514551
P42345,MTOR,ElasticNet,0.4523250842974229,-0.020488871550951693
P42345,MTOR,ElasticNet,0.6634810855514167,-1.364742634970455
P42345,MTOR,ElasticNet,-1.072713713423037,-1.1000981226924431
P42345,MTOR,ElasticNet,-0.4698178702660637,-0.654436911711424
P42345,MTOR,ElasticNet,0.9687736641368744,-0.5417282495891432
P42345,MTOR,GradientBoosting,-0.4945622178435983,1.3295758570145226
P42345,MTOR,GradientBoosting,-0.7711529097077852,0.8025544998189352
P42345,MTOR,GradientBoosting,0.5335755179734515,-0.6347515739954639
P42345,MTOR,GradientBoosting,1.0153871013377531,-1.412268109672891
P42345,MTOR,GradientBoosting,0.64419174596256,-0.6714483054755724
P42345,MTOR,GradientBoosting,-0.9865450661851194,0.4207409420914718
P42345,MTOR,GradientBoosting,0.1196626109789664,-1.635728400365682
P42345,MTOR,GradientBoosting,-0.8669997707436191,-1.412268109672891
P42345,MTOR,GradientBoosting,-0.7659698513516807,-1.412268109672891
P42345,MTOR,GradientBoosting,-2.139677813560611,-1.5428230187854244
P42345,MTOR,GradientBoosting,1.1562213001835828,-3.951984197367294
P42345,MTOR,GradientBoosting,2.577691648211112,0.05711041265925703
P42345,MTOR,GradientBoosting,-0.6881739254565289,-1.5451839409927677
P42345,MTOR,GradientBoosting,0.0875690576051018,-2.2333598185770485
P42345,MTOR,GradientBoosting,0.4523250842974229,0.5335572055905038
P42345,MTOR,GradientBoosting,0.6634810855514167,-1.3289831249781214
P42345,MTOR,GradientBoosting,-1.072713713423037,-1.412268109672891
P42345,MTOR,GradientBoosting,-0.4698178702660637,-0.05730610907418105
P42345,MTOR,GradientBoosting,0.9687736641368744,-3.5001655273846435
P42345,MTOR,MLP,-0.4945622178435983,-0.43164279859652155
P42345,MTOR,MLP,-0.7711529097077852,-0.43164279859652155
P42345,MTOR,MLP,0.5335755179734515,-0.43164279859652155
P42345,MTOR,MLP,1.0153871013377531,-1.221652075370555
P42345,MTOR,MLP,0.64419174596256,-0.4044094304671387
P42345,MTOR,MLP,-0.9865450661851194,-0.43164279859652155
P42345,MTOR,MLP,0.1196626109789664,0.8459280087676165
P42345,MTOR,MLP,-0.8669997707436191,-1.3178335152850682
P42345,MTOR,MLP,-0.7659698513516807,-1.2630794731301491
P42345,MTOR,MLP,-2.139677813560611,-1.3818731368897927
P42345,MTOR,MLP,1.1562213001835828,-1.4347371683132844
P42345,MTOR,MLP,2.577691648211112,-0.43164279859652155
P42345,MTOR,MLP,-0.6881739254565289,-1.1016439231854247
P42345,MTOR,MLP,0.0875690576051018,-0.43164279859652155
P42345,MTOR,MLP,0.4523250842974229,-0.43164279859652155
P42345,MTOR,MLP,0.6634810855514167,-1.4716974186932883
P42345,MTOR,MLP,-1.072713713423037,-1.3714892612571352
P42345,MTOR,MLP,-0.4698178702660637,-0.9817596480218971
P42345,MTOR,MLP,0.9687736641368744,-0.15845499793865142
P48730,CSNK1D,RandomForest,-1.7812930815604693,-1.0602826021742064
P48730,CSNK1D,RandomForest,-0.0667297945783387,-0.14651979965126155
P48730,CSNK1D,RandomForest,-1.5357869895972849,-0.3881226929330443
P48730,CSNK1D,RandomForest,-2.8318927332771344,-1.3147416765622844
P48730,CSNK1D,RandomForest,-1.0240098496343817,-1.2058621159228873
P48730,CSNK1D,RandomForest,-0.8019362374939607,-0.6246987223693771
P48730,CSNK1D,RandomForest,0.4559607193944914,-1.2258336330278117
P48730,CSNK1D,RandomForest,-0.4893493296842138,0.28191136652017607
P48730,CSNK1D,RandomForest,-0.3902511555462694,-0.009610221618544778
P48730,CSNK1D,RandomForest,-1.3645531795899428,-0.5291588686565607
P48730,CSNK1D,RandomForest,1.099869918156499,-0.31898313243779186
P48730,CSNK1D,RandomForest,-1.6204190092598934,-1.3597838655952277
P48730,CSNK1D,RandomForest,0.0842171962694226,-0.3427488835041308
P48730,CSNK1D,RandomForest,-0.0438267935878005,-0.08560698213134042
P48730,CSNK1D,RandomForest,1.1055797519573802,-0.4065824738497388
P48730,CSNK1D,RandomForest,-0.5109806931387781,-0.07626117037045173
P48730,CSNK1D,RandomForest,0.0920062045861807,0.1005068418897913
P48730,CSNK1D,RandomForest,1.036948031131177,-0.7627298163227936
P48730,CSNK1D,RandomForest,0.3968593789374294,0.3153893379123815
P48730,CSNK1D,XGBoost,-1.7812930815604693,-1.872040033340454
P48730,CSNK1D,XGBoost,-0.0667297945783387,0.42491379380226135
P48730,CSNK1D,XGBoost,-1.5357869895972849,-0.29383665323257446
P48730,CSNK1D,XGBoost,-2.8318927332771344,-2.39679217338562
P48730,CSNK1D,XGBoost,-1.0240098496343817,-2.131601333618164
P48730,CSNK1D,XGBoost,-0.8019362374939607,-0.21106670796871185
P48730,CSNK1D,XGBoost,0.4559607193944914,-2.6519713401794434
P48730,CSNK1D,XGBoost,-0.4893493296842138,0.3311629295349121
P48730,CSNK1D,XGBoost,-0.3902511555462694,0.32905927300453186
P48730,CSNK1D,XGBoost,-1.3645531795899428,-0.9003398418426514
P48730,CSNK1D,XGBoost,1.099869918156499,0.24365724623203278
P48730,CSNK1D,XGBoost,-1.6204190092598934,-0.8383284211158752
P48730,CSNK1D,XGBoost,0.0842171962694226,0.013735590502619743
P48730,CSNK1D,XGBoost,-0.0438267935878005,0.5237863063812256
P48730,CSNK1D,XGBoost,1.1055797519573802,-0.1203434020280838
P48730,CSNK1D,XGBoost,-0.5109806931387781,0.2637427747249603
P48730,CSNK1D,XGBoost,0.0920062045861807,0.011717531830072403
P48730,CSNK1D,XGBoost,1.036948031131177,-1.0468552112579346
P48730,CSNK1D,XGBoost,0.3968593789374294,0.40382862091064453
P48730,CSNK1D,PLS,-1.7812930815604693,-1.0713769018449708
P48730,CSNK1D,PLS,-0.0667297945783387,-1.1075208914493746
P48730,CSNK1D,PLS,-1.5357869895972849,-0.6259584408477263
P48730,CSNK1D,PLS,-2.8318927332771344,-0.9142635384595815
P48730,CSNK1D,PLS,-1.0240098496343817,-0.25249577587454347
P48730,CSNK1D,PLS,-0.8019362374939607,-0.931581030921893
P48730,CSNK1D,PLS,0.4559607193944914,-1.0606957780167725
P48730,CSNK1D,PLS,-0.4893493296842138,-0.4698339862036947
P48730,CSNK1D,PLS,-0.3902511555462694,-0.19153325156372802
P48730,CSNK1D,PLS,-1.3645531795899428,-0.7801912147834249
P48730,CSNK1D,PLS,1.099869918156499,-0.7440812436942682
P48730,CSNK1D,PLS,-1.6204190092598934,-0.8619293806560506
P48730,CSNK1D,PLS,0.0842171962694226,-0.617989213778807
P48730,CSNK1D,PLS,-0.0438267935878005,-1.3239189288319986
P48730,CSNK1D,PLS,1.1055797519573802,-0.6936482085898147
P48730,CSNK1D,PLS,-0.5109806931387781,-0.2630239039328372
P48730,CSNK1D,PLS,0.0920062045861807,-0.4554526117412481
P48730,CSNK1D,PLS,1.036948031131177,-0.6703105087151425
P48730,CSNK1D,PLS,0.3968593789374294,-0.2981696844972032
P48730,CSNK1D,SVR,-1.7812930815604693,-1.335620834447738
P48730,CSNK1D,SVR,-0.0667297945783387,-1.5469291969066439
P48730,CSNK1D,SVR,-1.5357869895972849,-0.3603636449931922
P48730,CSNK1D,SVR,-2.8318927332771344,-1.2299668571716271
P48730,CSNK1D,SVR,-1.0240098496343817,0.20505935370959205
P48730,CSNK1D,SVR,-0.8019362374939607,-1.1371249312417162
P48730,CSNK1D,SVR,0.4559607193944914,-1.34721933276845
P48730,CSNK1D,SVR,-0.4893493296842138,-0.4620009634255339
P48730,CSNK1D,SVR,-0.3902511555462694,-0.16777677410815317
P48730,CSNK1D,SVR,-1.3645531795899428,-1.2725745616852326
P48730,CSNK1D,SVR,1.099869918156499,-0.6455107478974719
P48730,CSNK1D,SVR,-1.6204190092598934,-0.7456604420060576
P48730,CSNK1D,SVR,0.0842171962694226,-0.6367131615267181
P48730,CSNK1D,SVR,-0.0438267935878005,-1.9677157800554488
P48730,CSNK1D,SVR,1.1055797519573802,-0.5858869917018603
P48730,CSNK1D,SVR,-0.5109806931387781,0.05061331834315619
P48730,CSNK1D,SVR,0.0920062045861807,-0.43241614079274193
P48730,CSNK1D,SVR,1.036948031131177,-0.31553662273645655
P48730,CSNK1D,SVR,0.3968593789374294,-0.10742974093677027
P48730,CSNK1D,Lasso,-1.7812930815604693,-0.8354482034439419
P48730,CSNK1D,Lasso,-0.0667297945783387,-0.8477513499165699
P48730,CSNK1D,Lasso,-1.5357869895972849,-0.6920765774669164
P48730,CSNK1D,Lasso,-2.8318927332771344,-0.8032723123077673
P48730,CSNK1D,Lasso,-1.0240098496343817,-0.5809036068061217
P48730,CSNK1D,Lasso,-0.8019362374939607,-0.7956533905377084
P48730,CSNK1D,Lasso,0.4559607193944914,-0.8397006195843515
P48730,CSNK1D,Lasso,-0.4893493296842138,-0.6700486923410941
P48730,CSNK1D,Lasso,-0.3902511555462694,-0.596670822400744
P48730,CSNK1D,Lasso,-1.3645531795899428,-0.7725323150952377
P48730,CSNK1D,Lasso,1.099869918156499,-0.7322660755496939
P48730,CSNK1D,Lasso,-1.6204190092598934,-0.7608547449348063
P48730,CSNK1D,Lasso,0.0842171962694226,-0.7070724036008921
P48730,CSNK1D,Lasso,-0.0438267935878005,-0.9144087416237618
P48730,CSNK1D,Lasso,1.1055797519573802,-0.7239358546925342
P48730,CSNK1D,Lasso,-0.5109806931387781,-0.6022178643810505
P48730,CSNK1D,Lasso,0.0920062045861807,-0.6632146709186764
P48730,CSNK1D,Lasso,1.036948031131177,-0.7002877632419116
P48730,CSNK1D,Lasso,0.3968593789374294,-0.6182375635191601
P48730,CSNK1D,ElasticNet,-1.7812930815604693,-0.9392310542927191
P48730,CSNK1D,ElasticNet,-0.0667297945783387,-0.9573647827539242
P48730,CSNK1D,ElasticNet,-1.5357869895972849,-0.6676540534720035
P48730,CSNK1D,ElasticNet,-2.8318927332771344,-0.8507767158286899
P48730,CSNK1D,ElasticNet,-1.0240098496343817,-0.4389897749716477
P48730,CSNK1D,ElasticNet,-0.8019362374939607,-0.8547147339475887
P48730,CSNK1D,ElasticNet,0.4559607193944914,-0.9379705020892537
P48730,CSNK1D,ElasticNet,-0.4893493296842138,-0.5810983553121185
P48730,CSNK1D,ElasticNet,-0.3902511555462694,-0.4143265353383762
P48730,CSNK1D,ElasticNet,-1.3645531795899428,-0.7680646829529172
P48730,CSNK1D,ElasticNet,1.099869918156499,-0.7405932118985367
P48730,CSNK1D,ElasticNet,-1.6204190092598934,-0.8099615030222218
P48730,CSNK1D,ElasticNet,0.0842171962694226,-0.6675637750073575
P48730,CSNK1D,ElasticNet,-0.0438267935878005,-1.0885888290538352
P48730,CSNK1D,ElasticNet,1.1055797519573802,-0.7147393003616307
P48730,CSNK1D,ElasticNet,-0.5109806931387781,-0.45596688672451047
P48730,CSNK1D,ElasticNet,0.0920062045861807,-0.57042107557887
P48730,CSNK1D,ElasticNet,1.036948031131177,-0.694415827131189
P48730,CSNK1D,ElasticNet,0.3968593789374294,-0.4785947631153292
P48730,CSNK1D,GradientBoosting,-1.7812930815604693,-1.6275537357996495
P48730,CSNK1D,GradientBoosting,-0.0667297945783387,0.5245253341871146
P48730,CSNK1D,GradientBoosting,-1.5357869895972849,-0.39068341576211596
P48730,CSNK1D,GradientBoosting,-2.8318927332771344,-1.5042450706562163
P48730,CSNK1D,GradientBoosting,-1.0240098496343817,-1.450026501719697
P48730,CSNK1D,GradientBoosting,-0.8019362374939607,-0.6956905094971468
P48730,CSNK1D,GradientBoosting,0.4559607193944914,-2.6469075142917897
P48730,CSNK1D,GradientBoosting,-0.4893493296842138,0.594361157984887
P48730,CSNK1D,GradientBoosting,-0.3902511555462694,0.44375337798913367
P48730,CSNK1D,GradientBoosting,-1.3645531795899428,-1.4048237805733004
P48730,CSNK1D,GradientBoosting,1.099869918156499,0.9488696802509026
P48730,CSNK1D,GradientBoosting,-1.6204190092598934,-1.507021089770998
P48730,CSNK1D,GradientBoosting,0.0842171962694226,0.6418802106989586
P48730,CSNK1D,GradientBoosting,-0.0438267935878005,0.6255472624944718
P48730,CSNK1D,GradientBoosting,1.1055797519573802,0.9030725822131681
P48730,CSNK1D,GradientBoosting,-0.5109806931387781,0.2560555745963835
P48730,CSNK1D,GradientBoosting,0.0920062045861807,-0.24681454497889596
P48730,CSNK1D,GradientBoosting,1.036948031131177,-0.4556964224517185
P48730,CSNK1D,GradientBoosting,0.3968593789374294,0.7576537110739427
P48730,CSNK1D,MLP,-1.7812930815604693,-0.5924512708856671
P48730,CSNK1D,MLP,-0.0667297945783387,-0.5924512708856671
P48730,CSNK1D,MLP,-1.5357869895972849,-0.5924512708856671
P48730,CSNK1D,MLP,-2.8318927332771344,-0.5924512708856671
P48730,CSNK1D,MLP,-1.0240098496343817,-1.7502721593412416
P48730,CSNK1D,MLP,-0.8019362374939607,-0.5924512708856671
P48730,CSNK1D,MLP,0.4559607193944914,-0.5924512708856671
P48730,CSNK1D,MLP,-0.4893493296842138,-0.5924512708856671
P48730,CSNK1D,MLP,-0.3902511555462694,-0.5924512708856671
P48730,CSNK1D,MLP,-1.3645531795899428,-0.5924512708856671
P48730,CSNK1D,MLP,1.099869918156499,-0.5924512708856671
P48730,CSNK1D,MLP,-1.6204190092598934,-0.5924512708856671
P48730,CSNK1D,MLP,0.0842171962694226,-0.5924512708856671
P48730,CSNK1D,MLP,-0.0438267935878005,-0.5924512708856671
P48730,CSNK1D,MLP,1.1055797519573802,-0.5924512708856671
P48730,CSNK1D,MLP,-0.5109806931387781,-0.5924512708856671
P48730,CSNK1D,MLP,0.0920062045861807,-0.5924512708856671
P48730,CSNK1D,MLP,1.036948031131177,-0.5924512708856671
P48730,CSNK1D,MLP,0.3968593789374294,-0.5924512708856671
P49759,CLK1,RandomForest,-0.1361819681300103,0.04371494854634388
P49759,CLK1,RandomForest,-0.9153722348085968,0.09079718310440363
P49759,CLK1,RandomForest,-0.1189931582238128,-0.3218279080762937
P49759,CLK1,RandomForest,-4.13063125550434,-0.10556161086162387
P49759,CLK1,RandomForest,0.4164713516549237,0.725913712290242
P49759,CLK1,RandomForest,0.6584196665113586,-0.2559773510270832
P49759,CLK1,RandomForest,-1.4351164174676962,-2.41763867337966
P49759,CLK1,RandomForest,0.3585658629266028,0.5215963960267289
P49759,CLK1,RandomForest,-0.0205705744128016,0.22232361435386547
P49759,CLK1,RandomForest,-1.0444334031403564,-0.32459525689252827
P49759,CLK1,RandomForest,0.917272939633848,-0.3379374966699774
P49759,CLK1,RandomForest,0.0886355810013309,-0.017301443632192118
P49759,CLK1,RandomForest,0.7615105328840978,-0.019867488332218117
P49759,CLK1,RandomForest,0.3349683982443897,0.15347175282767778
P49759,CLK1,RandomForest,-0.3202918684442755,-0.7522684237080688
P49759,CLK1,RandomForest,-0.3624971844436547,-1.8127430228351518
P49759,CLK1,RandomForest,0.3303678715946488,0.06443417869859377
P49759,CLK1,RandomForest,0.5433107399225368,-0.44441763083876834
P49759,CLK1,RandomForest,0.7212845309722684,-0.08015600047736832
P49759,CLK1,XGBoost,-0.1361819681300103,0.22434845566749573
P49759,CLK1,XGBoost,-0.9153722348085968,-0.09904369711875916
P49759,CLK1,XGBoost,-0.1189931582238128,0.8207625150680542
P49759,CLK1,XGBoost,-4.13063125550434,0.4502498507499695
P49759,CLK1,XGBoost,0.4164713516549237,1.2264021635055542
P49759,CLK1,XGBoost,0.6584196665113586,0.2176755666732788
P49759,CLK1,XGBoost,-1.4351164174676962,-2.843583345413208
P49759,CLK1,XGBoost,0.3585658629266028,0.5159520506858826
P49759,CLK1,XGBoost,-0.0205705744128016,0.28597384691238403
P49759,CLK1,XGBoost,-1.0444334031403564,0.4407292902469635
P49759,CLK1,XGBoost,0.917272939633848,0.33327701687812805
P49759,CLK1,XGBoost,0.0886355810013309,-0.014440495520830154
P49759,CLK1,XGBoost,0.7615105328840978,-0.08443575352430344
P49759,CLK1,XGBoost,0.3349683982443897,0.5150469541549683
P49759,CLK1,XGBoost,-0.3202918684442755,-1.219113826751709
P49759,CLK1,XGBoost,-0.3624971844436547,-2.163463830947876
P49759,CLK1,XGBoost,0.3303678715946488,0.5397892594337463
P49759,CLK1,XGBoost,0.5433107399225368,-0.5128004550933838
P49759,CLK1,XGBoost,0.7212845309722684,0.6311321258544922
P49759,CLK1,PLS,-0.1361819681300103,-0.17537524015812234
P49759,CLK1,PLS,-0.9153722348085968,0.07317853765753846
P49759,CLK1,PLS,-0.1189931582238128,-0.5270499028326074
P49759,CLK1,PLS,-4.13063125550434,-0.7461370365194824
P49759,CLK1,PLS,0.4164713516549237,0.2661433589596952
P49759,CLK1,PLS,0.6584196665113586,-0.009804100374420865
P49759,CLK1,PLS,-1.4351164174676962,-1.4184915796338693
P49759,CLK1,PLS,0.3585658629266028,-0.4804124085374436
P49759,CLK1,PLS,-0.0205705744128016,-0.1217622873614794
P49759,CLK1,PLS,-1.0444334031403564,-0.7896492834851023
P49759,CLK1,PLS,0.917272939633848,-0.5799228295035828
P49759,CLK1,PLS,0.0886355810013309,0.05239034504799289
P49759,CLK1,PLS,0.7615105328840978,0.035926074514656514
P49759,CLK1,PLS,0.3349683982443897,-0.27278673486280275
P49759,CLK1,PLS,-0.3202918684442755,-0.0982787645265226
P49759,CLK1,PLS,-0.3624971844436547,-0.9451047041608286
P49759,CLK1,PLS,0.3303678715946488,-0.30821684812504224
P49759,CLK1,PLS,0.5433107399225368,-0.6781954304583382
P49759,CLK1,PLS,0.7212845309722684,-0.6290722949860941
P49759,CLK1,SVR,-0.1361819681300103,-0.08359174503307737
P49759,CLK1,SVR,-0.9153722348085968,0.2735538174173657
P49759,CLK1,SVR,-0.1189931582238128,-0.2812402491900206
P49759,CLK1,SVR,-4.13063125550434,-0.6689764440024304
P49759,CLK1,SVR,0.4164713516549237,0.4282641790485168
P49759,CLK1,SVR,0.6584196665113586,0.2308511020995791
P49759,CLK1,SVR,-1.4351164174676962,-1.3545471683735624
P49759,CLK1,SVR,0.3585658629266028,-0.289648281384344
P49759,CLK1,SVR,-0.0205705744128016,0.078820574782208
P49759,CLK1,SVR,-1.0444334031403564,-0.6946475022124323
P49759,CLK1,SVR,0.917272939633848,-0.44977919775637637
P49759,CLK1,SVR,0.0886355810013309,0.07684558475638775
P49759,CLK1,SVR,0.7615105328840978,-0.1342135057997194
P49759,CLK1,SVR,0.3349683982443897,-0.15817716244272184
P49759,CLK1,SVR,-0.3202918684442755,-0.0045146923246977555
P49759,CLK1,SVR,-0.3624971844436547,-0.9468534308862822
P49759,CLK1,SVR,0.3303678715946488,-0.19621112462914242
P49759,CLK1,SVR,0.5433107399225368,-0.8680777339563166
P49759,CLK1,SVR,0.7212845309722684,-0.6481453511102939
P49759,CLK1,Lasso,-0.1361819681300103,-0.22870424016221608
P49759,CLK1,Lasso,-0.9153722348085968,-0.06601241959735554
P49759,CLK1,Lasso,-0.1189931582238128,-0.39490977833147367
P49759,CLK1,Lasso,-4.13063125550434,-0.5693692842671666
P49759,CLK1,Lasso,0.4164713516549237,-0.0029486847682591577
P49759,CLK1,Lasso,0.6584196665113586,-0.1399225508819042
P49759,CLK1,Lasso,-1.4351164174676962,-1.0094145760777626
P49759,CLK1,Lasso,0.3585658629266028,-0.5758469253202967
P49759,CLK1,Lasso,-0.0205705744128016,-0.23079846695690048
P49759,CLK1,Lasso,-1.0444334031403564,-0.6078367080480617
P49759,CLK1,Lasso,0.917272939633848,-0.4800616714667281
P49759,CLK1,Lasso,0.0886355810013309,0.004411848444321409
P49759,CLK1,Lasso,0.7615105328840978,-0.06486423846947736
P49759,CLK1,Lasso,0.3349683982443897,-0.30257359072735807
P49759,CLK1,Lasso,-0.3202918684442755,-0.18893826931823565
P49759,CLK1,Lasso,-0.3624971844436547,-0.7342608849134249
P49759,CLK1,Lasso,0.3303678715946488,-0.31797706437546075
P49759,CLK1,Lasso,0.5433107399225368,-0.4928718571393942
P49759,CLK1,Lasso,0.7212845309722684,-0.4873698188302147
P49759,CLK1,ElasticNet,-0.1361819681300103,-0.2081163522554361
P49759,CLK1,ElasticNet,-0.9153722348085968,-0.012888351113782615
P49759,CLK1,ElasticNet,-0.1189931582238128,-0.44788698588446696
P49759,CLK1,ElasticNet,-4.13063125550434,-0.6368743851759573
P49759,CLK1,ElasticNet,0.4164713516549237,0.10452080182363688
P49759,CLK1,ElasticNet,0.6584196665113586,-0.0874669992722151
P49759,CLK1,ElasticNet,-1.4351164174676962,-1.162057114788396
P49759,CLK1,ElasticNet,0.3585658629266028,-0.5220101061366522
P49759,CLK1,ElasticNet,-0.0205705744128016,-0.18446358485599085
P49759,CLK1,ElasticNet,-1.0444334031403564,-0.6758642631800162
P49759,CLK1,ElasticNet,0.917272939633848,-0.5166586630594476
P49759,CLK1,ElasticNet,0.0886355810013309,0.012762207295798744
P49759,CLK1,ElasticNet,0.7615105328840978,-0.03252910947120413
P49759,CLK1,ElasticNet,0.3349683982443897,-0.28921041798720076
P49759,CLK1,ElasticNet,-0.3202918684442755,-0.1534515387700708
P49759,CLK1,ElasticNet,-0.3624971844436547,-0.8110956605791401
P49759,CLK1,ElasticNet,0.3303678715946488,-0.31285620924900964
P49759,CLK1,ElasticNet,0.5433107399225368,-0.5699184350806159
P49759,CLK1,ElasticNet,0.7212845309722684,-0.5436524839742568
P49759,CLK1,GradientBoosting,-0.1361819681300103,0.0781697851386259
P49759,CLK1,GradientBoosting,-0.9153722348085968,0.12926435772451142
P49759,CLK1,GradientBoosting,-0.1189931582238128,0.3951409428852249
P49759,CLK1,GradientBoosting,-4.13063125550434,-0.1972450936046684
P49759,CLK1,GradientBoosting,0.4164713516549237,1.3323510219503247
P49759,CLK1,GradientBoosting,0.6584196665113586,-0.8822061868785529
P49759,CLK1,GradientBoosting,-1.4351164174676962,-2.460735193320845
P49759,CLK1,GradientBoosting,0.3585658629266028,0.8244511119180776
P49759,CLK1,GradientBoosting,-0.0205705744128016,0.24680796967240864
P49759,CLK1,GradientBoosting,-1.0444334031403564,-0.08745144884943094
P49759,CLK1,GradientBoosting,0.917272939633848,-0.222607090836441
P49759,CLK1,GradientBoosting,0.0886355810013309,0.20998201570024608
P49759,CLK1,GradientBoosting,0.7615105328840978,-0.1346274958887605
P49759,CLK1,GradientBoosting,0.3349683982443897,0.6044061756005418
P49759,CLK1,GradientBoosting,-0.3202918684442755,-0.844187773630631
P49759,CLK1,GradientBoosting,-0.3624971844436547,-2.15932918139152
P49759,CLK1,GradientBoosting,0.3303678715946488,0.24073798267821955
P49759,CLK1,GradientBoosting,0.5433107399225368,-0.5231886528502767
P49759,CLK1,GradientBoosting,0.7212845309722684,0.694006379674645
P49759,CLK1,MLP,-0.1361819681300103,-0.3715660358614647
P49759,CLK1,MLP,-0.9153722348085968,-0.3954466797384866
P49759,CLK1,MLP,-0.1189931582238128,-0.3954466797384866
P49759,CLK1,MLP,-4.13063125550434,-0.3954466797384866
P49759,CLK1,MLP,0.4164713516549237,-0.11766734618733349
P49759,CLK1,MLP,0.6584196665113586,-0.3954466797384866
P49759,CLK1,MLP,-1.4351164174676962,-0.3954466797384866
P49759,CLK1,MLP,0.3585658629266028,-0.031979473426610894
P49759,CLK1,MLP,-0.0205705744128016,-0.34411965777741044
P49759,CLK1,MLP,-1.0444334031403564,-0.3954466797384866
P49759,CLK1,MLP,0.917272939633848,-0.3954466797384866
P49759,CLK1,MLP,0.0886355810013309,-0.3954466797384866
P49759,CLK1,MLP,0.7615105328840978,0.014178408864562009
P49759,CLK1,MLP,0.3349683982443897,-0.39448740412467315
P49759,CLK1,MLP,-0.3202918684442755,-0.28420952699418406
P49759,CLK1,MLP,-0.3624971844436547,-0.3954466797384866
P49759,CLK1,MLP,0.3303678715946488,-0.3954466797384866
P49759,CLK1,MLP,0.5433107399225368,-0.3954466797384866
P49759,CLK1,MLP,0.7212845309722684,-0.3954466797384866
P49761,CLK3,RandomForest,-1.0064291086569055,-0.7032394318402884
P49761,CLK3,RandomForest,-2.053105839843217,-0.2389962478618863
P49761,CLK3,RandomForest,-0.5432829343991865,-0.021642848829041567
P49761,CLK3,RandomForest,-3.364220293382408,-1.510472475319191
P49761,CLK3,RandomForest,-0.7367800233488863,-1.0590128201054112
P49761,CLK3,RandomForest,-0.2825317246766301,-0.5196071476307199
P49761,CLK3,RandomForest,-3.6484888498221455,-0.8340860841405308
P49761,CLK3,RandomForest,-1.4384395223709323,-0.790429574442802
P49761,CLK3,RandomForest,-1.0797709223366527,-0.789033197882085
P49761,CLK3,RandomForest,-2.711681490921265,-2.799220852122244
P49761,CLK3,RandomForest,-0.5705092622709069,-0.617651709998089
P49761,CLK3,RandomForest,-0.5024307644191709,-0.9346655858000622
P49761,CLK3,RandomForest,-0.5229920171345795,-0.09269466191918493
P49761,CLK3,RandomForest,-0.6959735175639169,-0.2227503608254595
P49761,CLK3,RandomForest,0.3164638313568075,-0.07533272181497008
P49761,CLK3,RandomForest,-0.8725284282437962,-0.6012397628369167
P49761,CLK3,RandomForest,-0.8168799202701296,-0.7572771750320737
P49761,CLK3,RandomForest,-0.4831453325071024,-1.1892904159563609
P49761,CLK3,RandomForest,-0.444290199488839,-0.7511176647923675
P49761,CLK3,XGBoost,-1.0064291086569055,-0.8511548042297363
P49761,CLK3,XGBoost,-2.053105839843217,-0.36412495374679565
P49761,CLK3,XGBoost,-0.5432829343991865,-0.5729948282241821
P49761,CLK3,XGBoost,-3.364220293382408,-1.2339422702789307
P49761,CLK3,XGBoost,-0.7367800233488863,-0.3803795874118805
P49761,CLK3,XGBoost,-0.2825317246766301,-0.48793548345565796
P49761,CLK3,XGBoost,-3.6484888498221455,-1.1579689979553223
P49761,CLK3,XGBoost,-1.4384395223709323,-0.43473750352859497
P49761,CLK3,XGBoost,-1.0797709223366527,-1.2152862548828125
P49761,CLK3,XGBoost,-2.711681490921265,-3.1670939922332764
P49761,CLK3,XGBoost,-0.5705092622709069,-0.8045307993888855
P49761,CLK3,XGBoost,-0.5024307644191709,-1.1670349836349487
P49761,CLK3,XGBoost,-0.5229920171345795,0.020718872547149658
P49761,CLK3,XGBoost,-0.6959735175639169,0.21408331394195557
P49761,CLK3,XGBoost,0.3164638313568075,0.12233223021030426
P49761,CLK3,XGBoost,-0.8725284282437962,-0.6039734482765198
P49761,CLK3,XGBoost,-0.8168799202701296,-1.177896499633789
P49761,CLK3,XGBoost,-0.4831453325071024,-1.094998836517334
P49761,CLK3,XGBoost,-0.444290199488839,-0.8095319271087646
P49761,CLK3,PLS,-1.0064291086569055,-0.28761304559137485
P49761,CLK3,PLS,-2.053105839843217,-1.104638737862608
P49761,CLK3,PLS,-0.5432829343991865,-0.6559866195887347
P49761,CLK3,PLS,-3.364220293382408,-1.4596508057920778
P49761,CLK3,PLS,-0.7367800233488863,-0.9482810791509324
P49761,CLK3,PLS,-0.2825317246766301,-0.9385862688586686
P49761,CLK3,PLS,-3.6484888498221455,-1.343668937006575
P49761,CLK3,PLS,-1.4384395223709323,-1.571036708936751
P49761,CLK3,PLS,-1.0797709223366527,-0.5385571072208477
P49761,CLK3,PLS,-2.711681490921265,-1.978485636060551
P49761,CLK3,PLS,-0.5705092622709069,-0.32543383402116516
P49761,CLK3,PLS,-0.5024307644191709,-1.6051787393113972
P49761,CLK3,PLS,-0.5229920171345795,-0.2851969490474587
P49761,CLK3,PLS,-0.6959735175639169,-0.9764326090228255
P49761,CLK3,PLS,0.3164638313568075,-0.47129089093107146
P49761,CLK3,PLS,-0.8725284282437962,-1.2147109627507544
P49761,CLK3,PLS,-0.8168799202701296,-0.5333037351112684
P49761,CLK3,PLS,-0.4831453325071024,-1.215474080245543
P49761,CLK3,PLS,-0.444290199488839,-0.3201973384385234
P49761,CLK3,SVR,-1.0064291086569055,-0.48654649992920607
P49761,CLK3,SVR,-2.053105839843217,-0.8079539762389703
P49761,CLK3,SVR,-0.5432829343991865,-0.48947844545961416
P49761,CLK3,SVR,-3.364220293382408,-0.7810942827745988
P49761,CLK3,SVR,-0.7367800233488863,-0.6409003259856423
P49761,CLK3,SVR,-0.2825317246766301,-0.7281207386930152
P49761,CLK3,SVR,-3.6484888498221455,-0.7346710741981964
P49761,CLK3,SVR,-1.4384395223709323,-0.8672223691035494
P49761,CLK3,SVR,-1.0797709223366527,-0.570149282356009
P49761,CLK3,SVR,-2.711681490921265,-1.0570301400999829
P49761,CLK3,SVR,-0.5705092622709069,-0.449617860457616
P49761,CLK3,SVR,-0.5024307644191709,-1.005831175440405
P49761,CLK3,SVR,-0.5229920171345795,-0.3978923383632924
P49761,CLK3,SVR,-0.6959735175639169,-0.719664317416626
P49761,CLK3,SVR,0.3164638313568075,-0.4478553490663786
P49761,CLK3,SVR,-0.8725284282437962,-0.7891906127514272
P49761,CLK3,SVR,-0.8168799202701296,-0.5914778875291261
P49761,CLK3,SVR,-0.4831453325071024,-1.0675045092578244
P49761,CLK3,SVR,-0.444290199488839,-0.5086668419614455
P49761,CLK3,Lasso,-1.0064291086569055,-0.44996938225227795
P49761,CLK3,Lasso,-2.053105839843217,-0.9229865701223693
P49761,CLK3,Lasso,-0.5432829343991865,-0.7332953315245456
P49761,CLK3,Lasso,-3.364220293382408,-1.187149627242062
P49761,CLK3,Lasso,-0.7367800233488863,-0.9010654083155933
P49761,CLK3,Lasso,-0.2825317246766301,-0.8409317129215752
P49761,CLK3,Lasso,-3.6484888498221455,-1.1203060598219983
P49761,CLK3,Lasso,-1.4384395223709323,-1.2509489122759332
P49761,CLK3,Lasso,-1.0797709223366527,-0.6087306778521471
P49761,CLK3,Lasso,-2.711681490921265,-1.4496246050414174
P49761,CLK3,Lasso,-0.5705092622709069,-0.5036058020484012
P49761,CLK3,Lasso,-0.5024307644191709,-1.2070118174360092
P49761,CLK3,Lasso,-0.5229920171345795,-0.49477635190585095
P49761,CLK3,Lasso,-0.6959735175639169,-0.8602880759590088
P49761,CLK3,Lasso,0.3164638313568075,-0.5864651374154011
P49761,CLK3,Lasso,-0.8725284282437962,-1.0150707308754292
P49761,CLK3,Lasso,-0.8168799202701296,-0.5972810360990899
P49761,CLK3,Lasso,-0.4831453325071024,-0.909022606152285
P49761,CLK3,Lasso,-0.444290199488839,-0.4981875805179479
P49761,CLK3,ElasticNet,-1.0064291086569055,-0.38591233341873693
P49761,CLK3,ElasticNet,-2.053105839843217,-0.9942254003338474
P49761,CLK3,ElasticNet,-0.5432829343991865,-0.7022435272288801
P49761,CLK3,ElasticNet,-3.364220293382408,-1.2915631173381446
P49761,CLK3,ElasticNet,-0.7367800233488863,-0.9205312228698828
P49761,CLK3,ElasticNet,-0.2825317246766301,-0.8796883391889078
P49761,CLK3,ElasticNet,-3.6484888498221455,-1.205383622309709
P49761,CLK3,ElasticNet,-1.4384395223709323,-1.3759562869993158
P49761,CLK3,ElasticNet,-1.0797709223366527,-0.5814018362188533
P49761,CLK3,ElasticNet,-2.711681490921265,-1.6548738536504666
P49761,CLK3,ElasticNet,-0.5705092622709069,-0.4337011909140939
P49761,CLK3,ElasticNet,-0.5024307644191709,-1.362950254860933
P49761,CLK3,ElasticNet,-0.5229920171345795,-0.4121265457051118
P49761,CLK3,ElasticNet,-0.6959735175639169,-0.9050264378208817
P49761,CLK3,ElasticNet,0.3164638313568075,-0.5384911804136177
P49761,CLK3,ElasticNet,-0.8725284282437962,-1.0929943508542195
P49761,CLK3,ElasticNet,-0.8168799202701296,-0.5727333961960834
P49761,CLK3,ElasticNet,-0.4831453325071024,-1.0324766928357225
P49761,CLK3,ElasticNet,-0.444290199488839,-0.43094694421738783
P49761,CLK3,GradientBoosting,-1.0064291086569055,-0.7390797415618559
P49761,CLK3,GradientBoosting,-2.053105839843217,-0.4711530791908994
P49761,CLK3,GradientBoosting,-0.5432829343991865,-0.12416734784278766
P49761,CLK3,GradientBoosting,-3.364220293382408,-1.5268301737791323
P49761,CLK3,GradientBoosting,-0.7367800233488863,-0.2218422548348646
P49761,CLK3,GradientBoosting,-0.2825317246766301,-0.6227934817940733
P49761,CLK3,GradientBoosting,-3.6484888498221455,-0.9466196057100313
P49761,CLK3,GradientBoosting,-1.4384395223709323,-0.5466924850066279
P49761,CLK3,GradientBoosting,-1.0797709223366527,-0.7403826852546709
P49761,CLK3,GradientBoosting,-2.711681490921265,-4.2172111294323535
P49761,CLK3,GradientBoosting,-0.5705092622709069,-0.42079744589893736
P49761,CLK3,GradientBoosting,-0.5024307644191709,-1.219153679048569
P49761,CLK3,GradientBoosting,-0.5229920171345795,-0.2238633602097985
P49761,CLK3,GradientBoosting,-0.6959735175639169,-0.21569844313133432
P49761,CLK3,GradientBoosting,0.3164638313568075,-0.17116982273581188
P49761,CLK3,GradientBoosting,-0.8725284282437962,-0.871280589848656
P49761,CLK3,GradientBoosting,-0.8168799202701296,-0.7662150778637993
P49761,CLK3,GradientBoosting,-0.4831453325071024,-1.1990906620118909
P49761,CLK3,GradientBoosting,-0.444290199488839,-0.7965801440322698
P49761,CLK3,MLP,-1.0064291086569055,-0.7650727818867487
P49761,CLK3,MLP,-2.053105839843217,-0.7785294851251366
P49761,CLK3,MLP,-0.5432829343991865,-0.38540991436335975
P49761,CLK3,MLP,-3.364220293382408,-1.454335461210687
P49761,CLK3,MLP,-0.7367800233488863,-0.7785294851251366
P49761,CLK3,MLP,-0.2825317246766301,-0.7785294851251366
P49761,CLK3,MLP,-3.6484888498221455,-1.4206760001281138
P49761,CLK3,MLP,-1.4384395223709323,-0.7785294851251366
P49761,CLK3,MLP,-1.0797709223366527,-0.7785294851251366
P49761,CLK3,MLP,-2.711681490921265,-1.302533526329571
P49761,CLK3,MLP,-0.5705092622709069,-0.5079073513217925
P49761,CLK3,MLP,-0.5024307644191709,-0.7785294851251366
P49761,CLK3,MLP,-0.5229920171345795,-0.22578199675546995
P49761,CLK3,MLP,-0.6959735175639169,-0.7785294851251366
P49761,CLK3,MLP,0.3164638313568075,-0.3110941249904801
P49761,CLK3,MLP,-0.8725284282437962,-0.7785294851251366
P49761,CLK3,MLP,-0.8168799202701296,-0.7785294851251366
P49761,CLK3,MLP,-0.4831453325071024,-0.7785294851251366
P49761,CLK3,MLP,-0.444290199488839,-0.7785294851251366
P49841,GSK3B,RandomForest,-0.6092824208008357,-0.9934806029129837
P49841,GSK3B,RandomForest,2.8229317719696767,1.0083279751762675
P49841,GSK3B,RandomForest,-1.2345282966411455,-0.4031963322637357
P49841,GSK3B,RandomForest,0.0604357724037085,0.0852037917813289
P49841,GSK3B,RandomForest,-0.275190826607136,0.49374163288517137
P49841,GSK3B,RandomForest,1.8944746404248625,1.5530541748743494
P49841,GSK3B,RandomForest,-0.5102171795101345,0.41799860395832794
P49841,GSK3B,RandomForest,0.2655053687250834,-0.6269744266763133
P49841,GSK3B,RandomForest,0.6161460119106955,-1.1606754060814444
P49841,GSK3B,RandomForest,-0.1993451673287505,0.4290767781763973
P49841,GSK3B,RandomForest,-0.7469216213180875,-0.7943690578842716
P49841,GSK3B,RandomForest,-1.101081899055287,-1.2038317637772682
P49841,GSK3B,RandomForest,0.6483103965203272,0.5171073317939426
P49841,GSK3B,RandomForest,1.8899900069199107,1.4908544668845642
P49841,GSK3B,RandomForest,-0.8155739359803211,0.35010579743266335
P49841,GSK3B,RandomForest,0.6899281825297223,-0.583673594872125
P49841,GSK3B,RandomForest,-0.4110831598646597,0.19938456206767852
P49841,GSK3B,RandomForest,1.050405249624966,-0.7190016333911448
P49841,GSK3B,RandomForest,0.8963217310055486,1.3309236135563767
P49841,GSK3B,XGBoost,-0.6092824208008357,-1.7112904787063599
P49841,GSK3B,XGBoost,2.8229317719696767,0.793049693107605
P49841,GSK3B,XGBoost,-1.2345282966411455,-1.0470939874649048
P49841,GSK3B,XGBoost,0.0604357724037085,0.29176077246665955
P49841,GSK3B,XGBoost,-0.275190826607136,0.5189927220344543
P49841,GSK3B,XGBoost,1.8944746404248625,2.3768961429595947
P49841,GSK3B,XGBoost,-0.5102171795101345,1.1252961158752441
P49841,GSK3B,XGBoost,0.2655053687250834,-0.49055084586143494
P49841,GSK3B,XGBoost,0.6161460119106955,-0.7526991367340088
P49841,GSK3B,XGBoost,-0.1993451673287505,1.7777005434036255
P49841,GSK3B,XGBoost,-0.7469216213180875,-0.8402742743492126
P49841,GSK3B,XGBoost,-1.101081899055287,-1.741517424583435
P49841,GSK3B,XGBoost,0.6483103965203272,0.31742236018180847
P49841,GSK3B,XGBoost,1.8899900069199107,2.4339778423309326
P49841,GSK3B,XGBoost,-0.8155739359803211,0.8923174738883972
P49841,GSK3B,XGBoost,0.6899281825297223,0.22563418745994568
P49841,GSK3B,XGBoost,-0.4110831598646597,-0.04549333080649376
P49841,GSK3B,XGBoost,1.050405249624966,-0.5038483738899231
P49841,GSK3B,XGBoost,0.8963217310055486,2.4778738021850586
P49841,GSK3B,PLS,-0.6092824208008357,-0.2500343958618683
P49841,GSK3B,PLS,2.8229317719696767,0.814945932467551
P49841,GSK3B,PLS,-1.2345282966411455,-0.7775158823992796
P49841,GSK3B,PLS,0.0604357724037085,-0.9525937121529435
P49841,GSK3B,PLS,-0.275190826607136,0.08516134583947622
P49841,GSK3B,PLS,1.8944746404248625,0.8275799923033915
P49841,GSK3B,PLS,-0.5102171795101345,0.24708096789168937
P49841,GSK3B,PLS,0.2655053687250834,0.021766279906134556
P49841,GSK3B,PLS,0.6161460119106955,-0.1386399413179107
P49841,GSK3B,PLS,-0.1993451673287505,0.4643326318420365
P49841,GSK3B,PLS,-0.7469216213180875,-0.023868796787615026
P49841,GSK3B,PLS,-1.101081899055287,-0.6110492654466713
P49841,GSK3B,PLS,0.6483103965203272,0.5528687859887941
P49841,GSK3B,PLS,1.8899900069199107,0.6425216271062553
P49841,GSK3B,PLS,-0.8155739359803211,0.16718076916103775
P49841,GSK3B,PLS,0.6899281825297223,0.11282432201308654
P49841,GSK3B,PLS,-0.4110831598646597,0.2585782982688131
P49841,GSK3B,PLS,1.050405249624966,-0.3493213671492756
P49841,GSK3B,PLS,0.8963217310055486,0.42108300730751935
P49841,GSK3B,SVR,-0.6092824208008357,-0.10092560936187651
P49841,GSK3B,SVR,2.8229317719696767,0.58540431384232
P49841,GSK3B,SVR,-1.2345282966411455,-0.5690087756941469
P49841,GSK3B,SVR,0.0604357724037085,-0.8413565695169051
P49841,GSK3B,SVR,-0.275190826607136,0.15011670139921068
P49841,GSK3B,SVR,1.8944746404248625,0.6819392954685699
P49841,GSK3B,SVR,-0.5102171795101345,0.12449200054901834
P49841,GSK3B,SVR,0.2655053687250834,0.14091377197818022
P49841,GSK3B,SVR,0.6161460119106955,0.012512368059198128
P49841,GSK3B,SVR,-0.1993451673287505,0.1548470805817418
P49841,GSK3B,SVR,-0.7469216213180875,0.12438361433389915
P49841,GSK3B,SVR,-1.101081899055287,-0.41999182699054677
P49841,GSK3B,SVR,0.6483103965203272,0.48618953241474316
P49841,GSK3B,SVR,1.8899900069199107,0.5356345230787627
P49841,GSK3B,SVR,-0.8155739359803211,0.06081709720548499
P49841,GSK3B,SVR,0.6899281825297223,0.3125134907802283
P49841,GSK3B,SVR,-0.4110831598646597,0.27511291542936916
P49841,GSK3B,SVR,1.050405249624966,-0.3185800847843309
P49841,GSK3B,SVR,0.8963217310055486,0.3420642469703232
P49841,GSK3B,Lasso,-0.6092824208008357,-0.09522444726941612
P49841,GSK3B,Lasso,2.8229317719696767,0.5190367319629486
P49841,GSK3B,Lasso,-1.2345282966411455,-0.3528446651214924
P49841,GSK3B,Lasso,0.0604357724037085,-0.3639668721491922
P49841,GSK3B,Lasso,-0.275190826607136,0.2822684686279796
P49841,GSK3B,Lasso,1.8944746404248625,0.5042730955682672
P49841,GSK3B,Lasso,-0.5102171795101345,0.19154848448436293
P49841,GSK3B,Lasso,0.2655053687250834,0.012924282462298847
P49841,GSK3B,Lasso,0.6161460119106955,-0.14220273980336576
P49841,GSK3B,Lasso,-0.1993451673287505,0.42001173092596267
P49841,GSK3B,Lasso,-0.7469216213180875,-0.03024105439491792
P49841,GSK3B,Lasso,-1.101081899055287,-0.24990693103569975
P49841,GSK3B,Lasso,0.6483103965203272,0.2399260176142884
P49841,GSK3B,Lasso,1.8899900069199107,0.4209040935491871
P49841,GSK3B,Lasso,-0.8155739359803211,0.15691326681853457
P49841,GSK3B,Lasso,0.6899281825297223,-0.07083041205697846
P49841,GSK3B,Lasso,-0.4110831598646597,0.10452934453406046
P49841,GSK3B,Lasso,1.050405249624966,-0.19337538849365563
P49841,GSK3B,Lasso,0.8963217310055486,0.21797800942040335
P49841,GSK3B,ElasticNet,-0.6092824208008357,-0.14261631146423234
P49841,GSK3B,ElasticNet,2.8229317719696767,0.6142772731450512
P49841,GSK3B,ElasticNet,-1.2345282966411455,-0.5141243540632289
P49841,GSK3B,ElasticNet,0.0604357724037085,-0.5788501486192404
P49841,GSK3B,ElasticNet,-0.275190826607136,0.24465963799856633
P49841,GSK3B,ElasticNet,1.8944746404248625,0.6329398333504578
P49841,GSK3B,ElasticNet,-0.5102171795101345,0.19271667729554695
P49841,GSK3B,ElasticNet,0.2655053687250834,0.03479371869649878
P49841,GSK3B,ElasticNet,0.6161460119106955,-0.13749070820672057
P49841,GSK3B,ElasticNet,-0.1993451673287505,0.39321813857965626
P49841,GSK3B,ElasticNet,-0.7469216213180875,-0.019808235382303974
P49841,GSK3B,ElasticNet,-1.101081899055287,-0.35887776584032705
P49841,GSK3B,ElasticNet,0.6483103965203272,0.32279752158360453
P49841,GSK3B,ElasticNet,1.8899900069199107,0.5046417759037557
P49841,GSK3B,ElasticNet,-0.8155739359803211,0.16009503315136983
P49841,GSK3B,ElasticNet,0.6899281825297223,-0.00016467666797798097
P49841,GSK3B,ElasticNet,-0.4110831598646597,0.1570579251281103
P49841,GSK3B,ElasticNet,1.050405249624966,-0.24796911849113443
P49841,GSK3B,ElasticNet,0.8963217310055486,0.27684892115430415
P49841,GSK3B,GradientBoosting,-0.6092824208008357,-1.1876048962063717
P49841,GSK3B,GradientBoosting,2.8229317719696767,2.0888872589213214
P49841,GSK3B,GradientBoosting,-1.2345282966411455,-0.880627315482545
P49841,GSK3B,GradientBoosting,0.0604357724037085,-0.17918215207328428
P49841,GSK3B,GradientBoosting,-0.275190826607136,0.3655291267564698
P49841,GSK3B,GradientBoosting,1.8944746404248625,1.5025089883389389
P49841,GSK3B,GradientBoosting,-0.5102171795101345,0.5201738632738134
P49841,GSK3B,GradientBoosting,0.2655053687250834,-0.5138285293032203
P49841,GSK3B,GradientBoosting,0.6161460119106955,-0.3536246853586536
P49841,GSK3B,GradientBoosting,-0.1993451673287505,0.5873955238206825
P49841,GSK3B,GradientBoosting,-0.7469216213180875,-0.6316648362699444
P49841,GSK3B,GradientBoosting,-1.101081899055287,-1.2827395655801237
P49841,GSK3B,GradientBoosting,0.6483103965203272,0.7002938639308973
P49841,GSK3B,GradientBoosting,1.8899900069199107,1.5606707890343812
P49841,GSK3B,GradientBoosting,-0.8155739359803211,0.41524830511876576
P49841,GSK3B,GradientBoosting,0.6899281825297223,0.30766959462924126
P49841,GSK3B,GradientBoosting,-0.4110831598646597,-0.12514117764909244
P49841,GSK3B,GradientBoosting,1.050405249624966,-0.10720654421918872
P49841,GSK3B,GradientBoosting,0.8963217310055486,1.1438868300288687
P49841,GSK3B,MLP,-0.6092824208008357,-1.423353182612171
P49841,GSK3B,MLP,2.8229317719696767,1.9639645044875353
P49841,GSK3B,MLP,-1.2345282966411455,-1.5671247786635971
P49841,GSK3B,MLP,0.0604357724037085,-0.6754212880097349
P49841,GSK3B,MLP,-0.275190826607136,2.007768753020123
P49841,GSK3B,MLP,1.8944746404248625,1.385265575805289
P49841,GSK3B,MLP,-0.5102171795101345,1.3017164353064972
P49841,GSK3B,MLP,0.2655053687250834,-0.6746500497017538
P49841,GSK3B,MLP,0.6161460119106955,-0.14457831860599746
P49841,GSK3B,MLP,-0.1993451673287505,-0.5211458554672406
P49841,GSK3B,MLP,-0.7469216213180875,-0.5848327259654406
P49841,GSK3B,MLP,-1.101081899055287,-1.0566968606200684
P49841,GSK3B,MLP,0.6483103965203272,0.39558045149561205
P49841,GSK3B,MLP,1.8899900069199107,0.7043940464099507
P49841,GSK3B,MLP,-0.8155739359803211,0.4217580803758205
P49841,GSK3B,MLP,0.6899281825297223,-0.16356254569818396
P49841,GSK3B,MLP,-0.4110831598646597,0.4177402404465702
P49841,GSK3B,MLP,1.050405249624966,-0.2906421570866663
P49841,GSK3B,MLP,0.8963217310055486,1.349847542409748
P51812,RPS6KA3,RandomForest,-2.5190601966688027,-1.162461710677678
P51812,RPS6KA3,RandomForest,-1.9779492577220552,-0.5622594127326975
P51812,RPS6KA3,RandomForest,-0.1426325946720603,-0.9859860739175119
P51812,RPS6KA3,RandomForest,-0.2038694848586865,-0.8795802736090014
P51812,RPS6KA3,RandomForest,1.482298866404758,0.05295919776358965
P51812,RPS6KA3,RandomForest,0.3699453290783959,-0.7835747498288668
P51812,RPS6KA3,RandomForest,-0.4254331963374104,-0.8411469051393812
P51812,RPS6KA3,RandomForest,-0.9883658479607076,-0.9752252270455153
P51812,RPS6KA3,RandomForest,-0.5752007659364506,-0.5386095241197423
P51812,RPS6KA3,RandomForest,-2.147113188205918,-0.5400932293764338
P51812,RPS6KA3,RandomForest,0.2761183939624044,-0.236242833562457
P51812,RPS6KA3,RandomForest,0.2434578542935774,-0.7423162227004277
P51812,RPS6KA3,RandomForest,1.310978318630011,-0.8465553109988723
P51812,RPS6KA3,RandomForest,-0.5106390029338047,-0.2390546890200616
P51812,RPS6KA3,RandomForest,-2.4000067735268966,-0.4974420001042999
P51812,RPS6KA3,RandomForest,0.6933139369954388,0.5976481404947874
P51812,RPS6KA3,RandomForest,-1.2556525748811986,-1.7352623701087395
P51812,RPS6KA3,RandomForest,-0.4547925245888546,-1.5571772448481727
P51812,RPS6KA3,RandomForest,-0.1402314752058825,-1.695800615667846
P51812,RPS6KA3,XGBoost,-2.5190601966688027,-2.27081561088562
P51812,RPS6KA3,XGBoost,-1.9779492577220552,-1.0040143728256226
P51812,RPS6KA3,XGBoost,-0.1426325946720603,-0.43011781573295593
P51812,RPS6KA3,XGBoost,-0.2038694848586865,-0.20788775384426117
P51812,RPS6KA3,XGBoost,1.482298866404758,0.33390024304389954
P51812,RPS6KA3,XGBoost,0.3699453290783959,0.5694214701652527
P51812,RPS6KA3,XGBoost,-0.4254331963374104,-0.16457152366638184
P51812,RPS6KA3,XGBoost,-0.9883658479607076,-1.3858038187026978
P51812,RPS6KA3,XGBoost,-0.5752007659364506,-0.34491875767707825
P51812,RPS6KA3,XGBoost,-2.147113188205918,-0.20509673655033112
P51812,RPS6KA3,XGBoost,0.2761183939624044,0.1963595151901245
P51812,RPS6KA3,XGBoost,0.2434578542935774,-0.4134000837802887
P51812,RPS6KA3,XGBoost,1.310978318630011,-1.249299168586731
P51812,RPS6KA3,XGBoost,-0.5106390029338047,1.087712287902832
P51812,RPS6KA3,XGBoost,-2.4000067735268966,-0.4031599462032318
P51812,RPS6KA3,XGBoost,0.6933139369954388,0.5476043820381165
P51812,RPS6KA3,XGBoost,-1.2556525748811986,-1.5158427953720093
P51812,RPS6KA3,XGBoost,-0.4547925245888546,-1.4310705661773682
P51812,RPS6KA3,XGBoost,-0.1402314752058825,-2.481976270675659
P51812,RPS6KA3,PLS,-2.5190601966688027,-0.5851128433456919
P51812,RPS6KA3,PLS,-1.9779492577220552,-0.6261735361059797
P51812,RPS6KA3,PLS,-0.1426325946720603,-1.4816075822815988
P51812,RPS6KA3,PLS,-0.2038694848586865,-0.7142808535135566
P51812,RPS6KA3,PLS,1.482298866404758,-0.03576499364070673
P51812,RPS6KA3,PLS,0.3699453290783959,-1.099044961499512
P51812,RPS6KA3,PLS,-0.4254331963374104,-1.3213010277368185
P51812,RPS6KA3,PLS,-0.9883658479607076,-0.752766144023718
P51812,RPS6KA3,PLS,-0.5752007659364506,-0.389960668002941
P51812,RPS6KA3,PLS,-2.147113188205918,-1.4287329427276125
P51812,RPS6KA3,PLS,0.2761183939624044,-0.9124251358635243
P51812,RPS6KA3,PLS,0.2434578542935774,-0.646847315244871
P51812,RPS6KA3,PLS,1.310978318630011,-0.8149537172880393
P51812,RPS6KA3,PLS,-0.5106390029338047,0.5884670540146272
P51812,RPS6KA3,PLS,-2.4000067735268966,-0.3919923321735958
P51812,RPS6KA3,PLS,0.6933139369954388,0.35437416649466147
P51812,RPS6KA3,PLS,-1.2556525748811986,-1.03558611365272
P51812,RPS6KA3,PLS,-0.4547925245888546,-2.481995253164621
P51812,RPS6KA3,PLS,-0.1402314752058825,-0.8134476329383992
P51812,RPS6KA3,SVR,-2.5190601966688027,0.09851522696462756
P51812,RPS6KA3,SVR,-1.9779492577220552,-0.2693400301148931
P51812,RPS6KA3,SVR,-0.1426325946720603,-1.0355963332840785
P51812,RPS6KA3,SVR,-0.2038694848586865,-0.27383464085103293
P51812,RPS6KA3,SVR,1.482298866404758,0.2749369287847899
P51812,RPS6KA3,SVR,0.3699453290783959,-1.0316876461160636
P51812,RPS6KA3,SVR,-0.4254331963374104,-0.9103485061126857
P51812,RPS6KA3,SVR,-0.9883658479607076,-1.2301101122273042
P51812,RPS6KA3,SVR,-0.5752007659364506,-0.334081493802888
P51812,RPS6KA3,SVR,-2.147113188205918,-0.31185157217078563
P51812,RPS6KA3,SVR,0.2761183939624044,-0.6316789794555062
P51812,RPS6KA3,SVR,0.2434578542935774,-0.6828249005133962
P51812,RPS6KA3,SVR,1.310978318630011,-0.5307319461913953
P51812,RPS6KA3,SVR,-0.5106390029338047,1.009116108901213
P51812,RPS6KA3,SVR,-2.4000067735268966,-1.294337473480978
P51812,RPS6KA3,SVR,0.6933139369954388,-0.058050449693532236
P51812,RPS6KA3,SVR,-1.2556525748811986,-0.7468435015337219
P51812,RPS6KA3,SVR,-0.4547925245888546,-3.8123994702821156
P51812,RPS6KA3,SVR,-0.1402314752058825,-0.21868608580488885
P51812,RPS6KA3,Lasso,-2.5190601966688027,-0.7390792926166225
P51812,RPS6KA3,Lasso,-1.9779492577220552,-0.6832399633684584
P51812,RPS6KA3,Lasso,-0.1426325946720603,-1.3403063881956474
P51812,RPS6KA3,Lasso,-0.2038694848586865,-0.9635609875126105
P51812,RPS6KA3,Lasso,1.482298866404758,-0.2852229157371017
P51812,RPS6KA3,Lasso,0.3699453290783959,-1.019067407306515
P51812,RPS6KA3,Lasso,-0.4254331963374104,-1.4097888230803162
P51812,RPS6KA3,Lasso,-0.9883658479607076,-0.7549598698995215
P51812,RPS6KA3,Lasso,-0.5752007659364506,-0.4657351686167431
P51812,RPS6KA3,Lasso,-2.147113188205918,-1.5682374943158235
P51812,RPS6KA3,Lasso,0.2761183939624044,-0.8673617865613865
P51812,RPS6KA3,Lasso,0.2434578542935774,-0.7621854164817621
P51812,RPS6KA3,Lasso,1.310978318630011,-0.815132479452124
P51812,RPS6KA3,Lasso,-0.5106390029338047,0.12000353063764391
P51812,RPS6KA3,Lasso,-2.4000067735268966,-0.34020471580583256
P51812,RPS6KA3,Lasso,0.6933139369954388,0.09550519318738404
P51812,RPS6KA3,Lasso,-1.2556525748811986,-0.90489569148109
P51812,RPS6KA3,Lasso,-0.4547925245888546,-1.573173525674454
P51812,RPS6KA3,Lasso,-0.1402314752058825,-0.8522886710391258
P51812,RPS6KA3,ElasticNet,-2.5190601966688027,-0.6955903082848828
P51812,RPS6KA3,ElasticNet,-1.9779492577220552,-0.6749000296090336
P51812,RPS6KA3,ElasticNet,-0.1426325946720603,-1.3858704896335468
P51812,RPS6KA3,ElasticNet,-0.2038694848586865,-0.8488618467216172
P51812,RPS6KA3,ElasticNet,1.482298866404758,-0.21030182055782254
P51812,RPS6KA3,ElasticNet,0.3699453290783959,-1.040233456152981
P51812,RPS6KA3,ElasticNet,-0.4254331963374104,-1.3400501443237884
P51812,RPS6KA3,ElasticNet,-0.9883658479607076,-0.7305700215429571
P51812,RPS6KA3,ElasticNet,-0.5752007659364506,-0.4497117008933618
P51812,RPS6KA3,ElasticNet,-2.147113188205918,-1.4951569805169833
P51812,RPS6KA3,ElasticNet,0.2761183939624044,-0.8917012820127053
P51812,RPS6KA3,ElasticNet,0.2434578542935774,-0.7033272885489509
P51812,RPS6KA3,ElasticNet,1.310978318630011,-0.8216704842520821
P51812,RPS6KA3,ElasticNet,-0.5106390029338047,0.2666792388296866
P51812,RPS6KA3,ElasticNet,-2.4000067735268966,-0.3503655498775762
P51812,RPS6KA3,ElasticNet,0.6933139369954388,0.1815707725188992
P51812,RPS6KA3,ElasticNet,-1.2556525748811986,-0.9677053513932918
P51812,RPS6KA3,ElasticNet,-0.4547925245888546,-1.8879766164603609
P51812,RPS6KA3,ElasticNet,-0.1402314752058825,-0.8518491387680363
P51812,RPS6KA3,GradientBoosting,-2.5190601966688027,-0.4256781900799191
P51812,RPS6KA3,GradientBoosting,-1.9779492577220552,-0.20288058553528224
P51812,RPS6KA3,GradientBoosting,-0.1426325946720603,-0.2439174070032911
P51812,RPS6KA3,GradientBoosting,-0.2038694848586865,-0.8836033751677514
P51812,RPS6KA3,GradientBoosting,1.482298866404758,0.6519055606661206
P51812,RPS6KA3,GradientBoosting,0.3699453290783959,-0.43719661713578417
P51812,RPS6KA3,GradientBoosting,-0.4254331963374104,-1.1830553332332974
P51812,RPS6KA3,GradientBoosting,-0.9883658479607076,-1.3978029203084688
P51812,RPS6KA3,GradientBoosting,-0.5752007659364506,-0.12635918277232067
P51812,RPS6KA3,GradientBoosting,-2.147113188205918,0.05468175685952136
P51812,RPS6KA3,GradientBoosting,0.2761183939624044,0.01241833512188451
P51812,RPS6KA3,GradientBoosting,0.2434578542935774,-0.8593404625203472
P51812,RPS6KA3,GradientBoosting,1.310978318630011,-0.45140291815897565
P51812,RPS6KA3,GradientBoosting,-0.5106390029338047,-0.77565429179332
P51812,RPS6KA3,GradientBoosting,-2.4000067735268966,-0.6358539829890493
P51812,RPS6KA3,GradientBoosting,0.6933139369954388,0.8675450302455432
P51812,RPS6KA3,GradientBoosting,-1.2556525748811986,-2.1688714305812584
P51812,RPS6KA3,GradientBoosting,-0.4547925245888546,-1.9524478887503474
P51812,RPS6KA3,GradientBoosting,-0.1402314752058825,-1.3363918282199767
P51812,RPS6KA3,MLP,-2.5190601966688027,-0.6973277169058016
P51812,RPS6KA3,MLP,-1.9779492577220552,-0.6973277169058016
P51812,RPS6KA3,MLP,-0.1426325946720603,-0.6973277169058016
P51812,RPS6KA3,MLP,-0.2038694848586865,-0.2082140007579938
P51812,RPS6KA3,MLP,1.482298866404758,-0.6973277169058016
P51812,RPS6KA3,MLP,0.3699453290783959,-0.6973277169058016
P51812,RPS6KA3,MLP,-0.4254331963374104,-0.8340891723274564
P51812,RPS6KA3,MLP,-0.9883658479607076,-1.525281511370315
P51812,RPS6KA3,MLP,-0.5752007659364506,-0.6973277169058016
P51812,RPS6KA3,MLP,-2.147113188205918,0.040467671775290426
P51812,RPS6KA3,MLP,0.2761183939624044,-0.6973277169058016
P51812,RPS6KA3,MLP,0.2434578542935774,-0.9457102937228605
P51812,RPS6KA3,MLP,1.310978318630011,-0.6973277169058016
P51812,RPS6KA3,MLP,-0.5106390029338047,-0.2275445196742774
P51812,RPS6KA3,MLP,-2.4000067735268966,-0.8008062951446185
P51812,RPS6KA3,MLP,0.6933139369954388,-0.6973277169058016
P51812,RPS6KA3,MLP,-1.2556525748811986,-0.6973277169058016
P51812,RPS6KA3,MLP,-0.4547925245888546,-0.6973277169058016
P51812,RPS6KA3,MLP,-0.1402314752058825,-0.6973277169058016
P51957,NEK4,RandomForest,1.0356916053127443,0.7719967697324246
P51957,NEK4,RandomForest,-0.180659792784175,0.07093855802504982
P51957,NEK4,RandomForest,0.3856800539120046,-0.31767848970468027
P51957,NEK4,RandomForest,0.2216038696572475,0.3341478088874987
P51957,NEK4,RandomForest,-0.4299949181280577,-0.15895047933262318
P51957,NEK4,RandomForest,0.173729456904162,-0.2842195315194278
P51957,NEK4,RandomForest,0.8201864776939111,0.6796791400847901
P51957,NEK4,RandomForest,0.0808178253691878,-0.5960150607385416
P51957,NEK4,RandomForest,0.0784093678197629,0.7122695572460779
P51957,NEK4,RandomForest,1.1022617924187763,-0.14014287052813396
P51957,NEK4,RandomForest,0.2785402008311329,0.3082438365373793
P51957,NEK4,RandomForest,0.2780919032330592,0.2430224138191058
P51957,NEK4,RandomForest,0.0802999692658739,0.18666137131861904
P51957,NEK4,RandomForest,0.0964132783022422,-0.1940402341903769
P51957,NEK4,RandomForest,-1.2742291281948992,0.516780267614935
P51957,NEK4,RandomForest,-0.0269582744161091,0.21815174912835344
P51957,NEK4,RandomForest,-0.1262657688267102,0.11234750754633038
P51957,NEK4,RandomForest,0.0168696636705987,0.35142981043387567
P51957,NEK4,RandomForest,-0.4153280799172105,-0.0409346375270217
P51957,NEK4,XGBoost,1.0356916053127443,1.2158715724945068
P51957,NEK4,XGBoost,-0.180659792784175,-0.2979409694671631
P51957,NEK4,XGBoost,0.3856800539120046,-0.10732577741146088
P51957,NEK4,XGBoost,0.2216038696572475,0.7727814316749573
P51957,NEK4,XGBoost,-0.4299949181280577,-0.1926618218421936
P51957,NEK4,XGBoost,0.173729456904162,-0.32922443747520447
P51957,NEK4,XGBoost,0.8201864776939111,0.8790210485458374
P51957,NEK4,XGBoost,0.0808178253691878,-1.0697691440582275
P51957,NEK4,XGBoost,0.0784093678197629,0.6896466016769409
P51957,NEK4,XGBoost,1.1022617924187763,0.15243427455425262
P51957,NEK4,XGBoost,0.2785402008311329,0.7911475896835327
P51957,NEK4,XGBoost,0.2780919032330592,0.744135856628418
P51957,NEK4,XGBoost,0.0802999692658739,0.18676649034023285
P51957,NEK4,XGBoost,0.0964132783022422,-0.1400437206029892
P51957,NEK4,XGBoost,-1.2742291281948992,0.7349720001220703
P51957,NEK4,XGBoost,-0.0269582744161091,0.19372597336769104
P51957,NEK4,XGBoost,-0.1262657688267102,0.11503411084413528
P51957,NEK4,XGBoost,0.0168696636705987,0.3920912742614746
P51957,NEK4,XGBoost,-0.4153280799172105,-0.10732577741146088
P51957,NEK4,PLS,1.0356916053127443,0.40778155557406925
P51957,NEK4,PLS,-0.180659792784175,0.2058633603356293
P51957,NEK4,PLS,0.3856800539120046,0.16090213022845398
P51957,NEK4,PLS,0.2216038696572475,0.10292823202617205
P51957,NEK4,PLS,-0.4299949181280577,-0.08701572270804303
P51957,NEK4,PLS,0.173729456904162,0.094747643779623
P51957,NEK4,PLS,0.8201864776939111,-0.24480320238122363
P51957,NEK4,PLS,0.0808178253691878,0.30872761356482015
P51957,NEK4,PLS,0.0784093678197629,0.29401699326279707
P51957,NEK4,PLS,1.1022617924187763,0.07773265986812873
P51957,NEK4,PLS,0.2785402008311329,0.0788554323030719
P51957,NEK4,PLS,0.2780919032330592,0.24375698090733847
P51957,NEK4,PLS,0.0802999692658739,0.3322313839665689
P51957,NEK4,PLS,0.0964132783022422,0.16575051341684122
P51957,NEK4,PLS,-1.2742291281948992,0.07859285955966991
P51957,NEK4,PLS,-0.0269582744161091,0.3871637336222953
P51957,NEK4,PLS,-0.1262657688267102,0.3523175481789609
P51957,NEK4,PLS,0.0168696636705987,0.2994102520737956
P51957,NEK4,PLS,-0.4153280799172105,0.1710148871778672
P51957,NEK4,SVR,1.0356916053127443,0.4011121255630028
P51957,NEK4,SVR,-0.180659792784175,0.134381783602731
P51957,NEK4,SVR,0.3856800539120046,0.1299682610784088
P51957,NEK4,SVR,0.2216038696572475,-0.11093896110950084
P51957,NEK4,SVR,-0.4299949181280577,-0.09055194320142744
P51957,NEK4,SVR,0.173729456904162,-0.010527571785556536
P51957,NEK4,SVR,0.8201864776939111,-0.673979798585007
P51957,NEK4,SVR,0.0808178253691878,0.2366018232125735
P51957,NEK4,SVR,0.0784093678197629,0.21217019995196434
P51957,NEK4,SVR,1.1022617924187763,-0.11497945684947096
P51957,NEK4,SVR,0.2785402008311329,0.09014188989519746
P51957,NEK4,SVR,0.2780919032330592,0.20948688164499907
P51957,NEK4,SVR,0.0802999692658739,0.27563724468833506
P51957,NEK4,SVR,0.0964132783022422,0.06600216240342996
P51957,NEK4,SVR,-1.2742291281948992,-0.1456094971525873
P51957,NEK4,SVR,-0.0269582744161091,0.3668697314261107
P51957,NEK4,SVR,-0.1262657688267102,0.3089966535176424
P51957,NEK4,SVR,0.0168696636705987,0.26665073707201303
P51957,NEK4,SVR,-0.4153280799172105,0.13161409579825206
P51957,NEK4,Lasso,1.0356916053127443,0.2768966637318303
P51957,NEK4,Lasso,-0.180659792784175,0.17780043986282099
P51957,NEK4,Lasso,0.3856800539120046,0.1493240195769875
P51957,NEK4,Lasso,0.2216038696572475,0.14003221591918583
P51957,NEK4,Lasso,-0.4299949181280577,0.01517907123265505
P51957,NEK4,Lasso,0.173729456904162,0.12304938518946798
P51957,NEK4,Lasso,0.8201864776939111,-0.018534661042612005
P51957,NEK4,Lasso,0.0808178253691878,0.23220852396820116
P51957,NEK4,Lasso,0.0784093678197629,0.2255718344762766
P51957,NEK4,Lasso,1.1022617924187763,0.12425721291124565
P51957,NEK4,Lasso,0.2785402008311329,0.10106400228772958
P51957,NEK4,Lasso,0.2780919032330592,0.19347701307420578
P51957,NEK4,Lasso,0.0802999692658739,0.2428122390287035
P51957,NEK4,Lasso,0.0964132783022422,0.1599087162481932
P51957,NEK4,Lasso,-1.2742291281948992,0.12838333697574128
P51957,NEK4,Lasso,-0.0269582744161091,0.2675949429692537
P51957,NEK4,Lasso,-0.1262657688267102,0.2518741026499894
P51957,NEK4,Lasso,0.0168696636705987,0.22269697454566723
P51957,NEK4,Lasso,-0.4153280799172105,0.15565282890729537
P51957,NEK4,ElasticNet,1.0356916053127443,0.33579973881072794
P51957,NEK4,ElasticNet,-0.180659792784175,0.19074792528462509
P51957,NEK4,ElasticNet,0.3856800539120046,0.1551101469264332
P51957,NEK4,ElasticNet,0.2216038696572475,0.12344326098232751
P51957,NEK4,ElasticNet,-0.4299949181280577,-0.02948320663843984
P51957,NEK4,ElasticNet,0.173729456904162,0.11081209376174464
P51957,NEK4,ElasticNet,0.8201864776939111,-0.1200587566461418
P51957,NEK4,ElasticNet,0.0808178253691878,0.2666867876268225
P51957,NEK4,ElasticNet,0.0784093678197629,0.25642273995546633
P51957,NEK4,ElasticNet,1.1022617924187763,0.10356758665436458
P51957,NEK4,ElasticNet,0.2785402008311329,0.09200678831620944
P51957,NEK4,ElasticNet,0.2780919032330592,0.21644830091537948
P51957,NEK4,ElasticNet,0.0802999692658739,0.28308608384324274
P51957,NEK4,ElasticNet,0.0964132783022422,0.16286683427542006
P51957,NEK4,ElasticNet,-1.2742291281948992,0.10611476296380735
P51957,NEK4,ElasticNet,-0.0269582744161091,0.3214140566948324
P51957,NEK4,ElasticNet,-0.1262657688267102,0.2971008121672637
P51957,NEK4,ElasticNet,0.0168696636705987,0.25742105586135305
P51957,NEK4,ElasticNet,-0.4153280799172105,0.16308619073938674
P51957,NEK4,GradientBoosting,1.0356916053127443,1.2315780206176576
P51957,NEK4,GradientBoosting,-0.180659792784175,0.11646269612372749
P51957,NEK4,GradientBoosting,0.3856800539120046,0.8101257881463231
P51957,NEK4,GradientBoosting,0.2216038696572475,0.3665267807588609
P51957,NEK4,GradientBoosting,-0.4299949181280577,-0.3290601188586871
P51957,NEK4,GradientBoosting,0.173729456904162,-0.4388693711062244
P51957,NEK4,GradientBoosting,0.8201864776939111,0.8663566613928566
P51957,NEK4,GradientBoosting,0.0808178253691878,-0.9656043226947607
P51957,NEK4,GradientBoosting,0.0784093678197629,1.1666402879929292
P51957,NEK4,GradientBoosting,1.1022617924187763,-0.23287624908821924
P51957,NEK4,GradientBoosting,0.2785402008311329,0.5385589295754627
P51957,NEK4,GradientBoosting,0.2780919032330592,0.4888518401338586
P51957,NEK4,GradientBoosting,0.0802999692658739,0.20685384545003405
P51957,NEK4,GradientBoosting,0.0964132783022422,-0.2995098814163918
P51957,NEK4,GradientBoosting,-1.2742291281948992,0.4159655429031642
P51957,NEK4,GradientBoosting,-0.0269582744161091,0.1757414376358551
P51957,NEK4,GradientBoosting,-0.1262657688267102,0.2548347596209991
P51957,NEK4,GradientBoosting,0.0168696636705987,0.42555066788841867
P51957,NEK4,GradientBoosting,-0.4153280799172105,0.39980793368981854
P51957,NEK4,MLP,1.0356916053127443,0.35561240569471775
P51957,NEK4,MLP,-0.180659792784175,-0.01861822261170107
P51957,NEK4,MLP,0.3856800539120046,-0.06198657403893902
P51957,NEK4,MLP,0.2216038696572475,-0.06198657403893902
P51957,NEK4,MLP,-0.4299949181280577,-0.06198657403893902
P51957,NEK4,MLP,0.173729456904162,-0.06198657403893902
P51957,NEK4,MLP,0.8201864776939111,-0.06468149332478311
P51957,NEK4,MLP,0.0808178253691878,0.19726058705295757
P51957,NEK4,MLP,0.0784093678197629,0.17374356762978072
P51957,NEK4,MLP,1.1022617924187763,-0.06198657403893902
P51957,NEK4,MLP,0.2785402008311329,-0.06198657403893902
P51957,NEK4,MLP,0.2780919032330592,0.03283702748520316
P51957,NEK4,MLP,0.0802999692658739,0.2348347079062979
P51957,NEK4,MLP,0.0964132783022422,-0.06198657403893902
P51957,NEK4,MLP,-1.2742291281948992,-0.06198657403893902
P51957,NEK4,MLP,-0.0269582744161091,0.3226518840206732
P51957,NEK4,MLP,-0.1262657688267102,0.26694529904533926
P51957,NEK4,MLP,0.0168696636705987,0.14824166864863564
P51957,NEK4,MLP,-0.4153280799172105,-0.06198657403893902
P54646,PRKAA2,RandomForest,-0.641566946211996,-0.49179604744406347
P54646,PRKAA2,RandomForest,-1.5961823393026735,-0.39947843042577913
P54646,PRKAA2,RandomForest,0.1887619848759815,0.1499657953583603
P54646,PRKAA2,RandomForest,0.3619030321624649,-0.4527627410758198
P54646,PRKAA2,RandomForest,0.7244821949899257,0.47206027919935833
P54646,PRKAA2,RandomForest,0.2804953179703732,0.2979138150057457
P54646,PRKAA2,RandomForest,-0.2488460282674268,0.23533047886653682
P54646,PRKAA2,RandomForest,1.777091359741541,0.9193500822747162
P54646,PRKAA2,RandomForest,0.1954349270513507,-0.2823367022369557
P54646,PRKAA2,RandomForest,-0.8959699206253207,-0.8219502886817069
P54646,PRKAA2,RandomForest,-0.1030956279395153,-0.3595608442772146
P54646,PRKAA2,RandomForest,1.2572976155763498,1.1556078595353134
P54646,PRKAA2,RandomForest,1.7800573061987128,0.928789782597217
P54646,PRKAA2,RandomForest,-0.8133103936917502,0.2276633880972199
P54646,PRKAA2,RandomForest,-1.3868472013363933,0.37832062987906956
P54646,PRKAA2,RandomForest,0.8092573407146914,0.014773152700983696
P54646,PRKAA2,RandomForest,-0.0933551740470009,-0.14913858307674333
P54646,PRKAA2,RandomForest,0.8772158954551933,0.97950530335946
P54646,PRKAA2,RandomForest,2.568832695639927,0.6319045275404236
P54646,PRKAA2,XGBoost,-0.641566946211996,-0.24681898951530457
P54646,PRKAA2,XGBoost,-1.5961823393026735,-0.3875161111354828
P54646,PRKAA2,XGBoost,0.1887619848759815,0.20094390213489532
P54646,PRKAA2,XGBoost,0.3619030321624649,-0.7577376961708069
P54646,PRKAA2,XGBoost,0.7244821949899257,0.025480179116129875
P54646,PRKAA2,XGBoost,0.2804953179703732,0.2612658143043518
P54646,PRKAA2,XGBoost,-0.2488460282674268,0.10829304158687592
P54646,PRKAA2,XGBoost,1.777091359741541,1.3301236629486084
P54646,PRKAA2,XGBoost,0.1954349270513507,-0.03252437710762024
P54646,PRKAA2,XGBoost,-0.8959699206253207,-1.7197102308273315
P54646,PRKAA2,XGBoost,-0.1030956279395153,-0.4610866606235504
P54646,PRKAA2,XGBoost,1.2572976155763498,0.815540075302124
P54646,PRKAA2,XGBoost,1.7800573061987128,1.3562657833099365
P54646,PRKAA2,XGBoost,-0.8133103936917502,0.08619703352451324
P54646,PRKAA2,XGBoost,-1.3868472013363933,0.11300981044769287
P54646,PRKAA2,XGBoost,0.8092573407146914,-0.13442307710647583
P54646,PRKAA2,XGBoost,-0.0933551740470009,-0.15686289966106415
P54646,PRKAA2,XGBoost,0.8772158954551933,0.6717987656593323
P54646,PRKAA2,XGBoost,2.568832695639927,0.7543562650680542
P54646,PRKAA2,PLS,-0.641566946211996,-0.2657981862039973
P54646,PRKAA2,PLS,-1.5961823393026735,-0.2815238007469986
P54646,PRKAA2,PLS,0.1887619848759815,-0.08720716275631096
P54646,PRKAA2,PLS,0.3619030321624649,-0.08191101585196797
P54646,PRKAA2,PLS,0.7244821949899257,0.48509949009782033
P54646,PRKAA2,PLS,0.2804953179703732,0.3524703415143382
P54646,PRKAA2,PLS,-0.2488460282674268,0.3565088316191135
P54646,PRKAA2,PLS,1.777091359741541,0.48793871308636394
P54646,PRKAA2,PLS,0.1954349270513507,0.02331928506782735
P54646,PRKAA2,PLS,-0.8959699206253207,0.08557535933684914
P54646,PRKAA2,PLS,-0.1030956279395153,-0.3936987127965756
P54646,PRKAA2,PLS,1.2572976155763498,0.43514346256719133
P54646,PRKAA2,PLS,1.7800573061987128,0.7690859244044426
P54646,PRKAA2,PLS,-0.8133103936917502,0.09741875938000277
P54646,PRKAA2,PLS,-1.3868472013363933,0.14035442629087425
P54646,PRKAA2,PLS,0.8092573407146914,0.17316133898243635
P54646,PRKAA2,PLS,-0.0933551740470009,0.29693995220137065
P54646,PRKAA2,PLS,0.8772158954551933,0.3418711388062561
P54646,PRKAA2,PLS,2.568832695639927,0.4334920767945599
P54646,PRKAA2,SVR,-0.641566946211996,-0.022542193285186196
P54646,PRKAA2,SVR,-1.5961823393026735,-0.06015593701060862
P54646,PRKAA2,SVR,0.1887619848759815,0.1121369714727315
P54646,PRKAA2,SVR,0.3619030321624649,0.12141718222033981
P54646,PRKAA2,SVR,0.7244821949899257,0.5380063146412384
P54646,PRKAA2,SVR,0.2804953179703732,0.43159453004618564
P54646,PRKAA2,SVR,-0.2488460282674268,0.45493931751810956
P54646,PRKAA2,SVR,1.777091359741541,0.5545035913300685
P54646,PRKAA2,SVR,0.1954349270513507,0.18876660231759534
P54646,PRKAA2,SVR,-0.8959699206253207,0.20685884682923128
P54646,PRKAA2,SVR,-0.1030956279395153,-0.1283127824849839
P54646,PRKAA2,SVR,1.2572976155763498,0.525697270261546
P54646,PRKAA2,SVR,1.7800573061987128,0.7579436272737137
P54646,PRKAA2,SVR,-0.8133103936917502,0.25452643897649185
P54646,PRKAA2,SVR,-1.3868472013363933,0.2899908311970204
P54646,PRKAA2,SVR,0.8092573407146914,0.3176335124313958
P54646,PRKAA2,SVR,-0.0933551740470009,0.3914797858947875
P54646,PRKAA2,SVR,0.8772158954551933,0.46355138787994854
P54646,PRKAA2,SVR,2.568832695639927,0.46889610770789525
P54646,PRKAA2,Lasso,-0.641566946211996,-0.20494056545068295
P54646,PRKAA2,Lasso,-1.5961823393026735,-0.17460875438840828
P54646,PRKAA2,Lasso,0.1887619848759815,-0.05849180633199305
P54646,PRKAA2,Lasso,0.3619030321624649,-0.0629790454332668
P54646,PRKAA2,Lasso,0.7244821949899257,0.4207068256515054
P54646,PRKAA2,Lasso,0.2804953179703732,0.32256517905309023
P54646,PRKAA2,Lasso,-0.2488460282674268,0.29180276206375144
P54646,PRKAA2,Lasso,1.777091359741541,0.3988813852004197
P54646,PRKAA2,Lasso,0.1954349270513507,0.04351386933002514
P54646,PRKAA2,Lasso,-0.8959699206253207,0.14309043572637958
P54646,PRKAA2,Lasso,-0.1030956279395153,-0.2942655695180012
P54646,PRKAA2,Lasso,1.2572976155763498,0.33705795420801804
P54646,PRKAA2,Lasso,1.7800573061987128,0.6439518656229443
P54646,PRKAA2,Lasso,-0.8133103936917502,0.08766386914221862
P54646,PRKAA2,Lasso,-1.3868472013363933,0.11769730502674494
P54646,PRKAA2,Lasso,0.8092573407146914,0.13981927831354585
P54646,PRKAA2,Lasso,-0.0933551740470009,0.27410337203367585
P54646,PRKAA2,Lasso,0.8772158954551933,0.24676696292891215
P54646,PRKAA2,Lasso,2.568832695639927,0.42903982960700177
P54646,PRKAA2,ElasticNet,-0.641566946211996,-0.22694020035631549
P54646,PRKAA2,ElasticNet,-1.5961823393026735,-0.20507137393813687
P54646,PRKAA2,ElasticNet,0.1887619848759815,-0.055211903903034404
P54646,PRKAA2,ElasticNet,0.3619030321624649,-0.06762490720540154
P54646,PRKAA2,ElasticNet,0.7244821949899257,0.4342300919442028
P54646,PRKAA2,ElasticNet,0.2804953179703732,0.34243244417435215
P54646,PRKAA2,ElasticNet,-0.2488460282674268,0.31796149430481246
P54646,PRKAA2,ElasticNet,1.777091359741541,0.4299212425273726
P54646,PRKAA2,ElasticNet,0.1954349270513507,0.03933558972481538
P54646,PRKAA2,ElasticNet,-0.8959699206253207,0.119079116544823
P54646,PRKAA2,ElasticNet,-0.1030956279395153,-0.3170329197874021
P54646,PRKAA2,ElasticNet,1.2572976155763498,0.376132452155884
P54646,PRKAA2,ElasticNet,1.7800573061987128,0.6834887271358009
P54646,PRKAA2,ElasticNet,-0.8133103936917502,0.10357753950521062
P54646,PRKAA2,ElasticNet,-1.3868472013363933,0.13941920151189213
P54646,PRKAA2,ElasticNet,0.8092573407146914,0.14554585915793594
P54646,PRKAA2,ElasticNet,-0.0933551740470009,0.27912772515154904
P54646,PRKAA2,ElasticNet,0.8772158954551933,0.2874919930357964
P54646,PRKAA2,ElasticNet,2.568832695639927,0.43322723867258084
P54646,PRKAA2,GradientBoosting,-0.641566946211996,-0.32168246066300804
P54646,PRKAA2,GradientBoosting,-1.5961823393026735,-0.4408905773737752
P54646,PRKAA2,GradientBoosting,0.1887619848759815,-0.3210665731397397
P54646,PRKAA2,GradientBoosting,0.3619030321624649,-0.7471994093852193
P54646,PRKAA2,GradientBoosting,0.7244821949899257,0.25055184714534123
P54646,PRKAA2,GradientBoosting,0.2804953179703732,-0.0518245107198907
P54646,PRKAA2,GradientBoosting,-0.2488460282674268,0.283007153112466
P54646,PRKAA2,GradientBoosting,1.777091359741541,1.1600052530171132
P54646,PRKAA2,GradientBoosting,0.1954349270513507,0.00904259534588226
P54646,PRKAA2,GradientBoosting,-0.8959699206253207,-0.1477458310453004
P54646,PRKAA2,GradientBoosting,-0.1030956279395153,-0.5648205998004091
P54646,PRKAA2,GradientBoosting,1.2572976155763498,1.304668539982686
P54646,PRKAA2,GradientBoosting,1.7800573061987128,0.9565959777254293
P54646,PRKAA2,GradientBoosting,-0.8133103936917502,0.27777913191269876
P54646,PRKAA2,GradientBoosting,-1.3868472013363933,0.2839524402237355
P54646,PRKAA2,GradientBoosting,0.8092573407146914,-0.4210078844162007
P54646,PRKAA2,GradientBoosting,-0.0933551740470009,-0.04145098204359604
P54646,PRKAA2,GradientBoosting,0.8772158954551933,0.1602551852673764
P54646,PRKAA2,GradientBoosting,2.568832695639927,0.44733281390970947
P54646,PRKAA2,MLP,-0.641566946211996,-0.1345319392246519
P54646,PRKAA2,MLP,-1.5961823393026735,-0.35469112112637136
P54646,PRKAA2,MLP,0.1887619848759815,-0.2166099102757657
P54646,PRKAA2,MLP,0.3619030321624649,-0.016696434159943985
P54646,PRKAA2,MLP,0.7244821949899257,0.2904092160602981
P54646,PRKAA2,MLP,0.2804953179703732,0.22705962186126866
P54646,PRKAA2,MLP,-0.2488460282674268,0.2904092160602981
P54646,PRKAA2,MLP,1.777091359741541,0.2904092160602981
P54646,PRKAA2,MLP,0.1954349270513507,0.02863712257147777
P54646,PRKAA2,MLP,-0.8959699206253207,0.09973066257048696
P54646,PRKAA2,MLP,-0.1030956279395153,-0.48711401457220704
P54646,PRKAA2,MLP,1.2572976155763498,0.2904092160602981
P54646,PRKAA2,MLP,1.7800573061987128,0.2904092160602981
P54646,PRKAA2,MLP,-0.8133103936917502,-0.013924800182462671
P54646,PRKAA2,MLP,-1.3868472013363933,0.018452359443228983
P54646,PRKAA2,MLP,0.8092573407146914,0.2904092160602981
P54646,PRKAA2,MLP,-0.0933551740470009,0.2904092160602981
P54646,PRKAA2,MLP,0.8772158954551933,0.2904092160602981
P54646,PRKAA2,MLP,2.568832695639927,0.2904092160602981
P78527,PRKDC,RandomForest,-0.2271162764825199,0.938954825693017
P78527,PRKDC,RandomForest,-1.569174221898587,-0.45768089006870855
P78527,PRKDC,RandomForest,-0.4393000037124625,0.7898135485399318
P78527,PRKDC,RandomForest,1.3961047991628053,1.0284975276670447
P78527,PRKDC,RandomForest,0.8927932731654101,-0.12796662983488222
P78527,PRKDC,RandomForest,-0.5573174071719224,-0.350499039358672
P78527,PRKDC,RandomForest,0.8423209974285675,0.2656771117628685
P78527,PRKDC,RandomForest,-0.7678564601144493,-0.5739146837039099
P78527,PRKDC,RandomForest,-1.02552631552831,-1.0797906484562259
P78527,PRKDC,RandomForest,1.249637620872602,0.34293263702304894
P78527,PRKDC,RandomForest,0.1074591522341226,-0.5236136902255086
P78527,PRKDC,RandomForest,0.9553033267814364,0.8678830890266809
P78527,PRKDC,RandomForest,0.0416865944008719,-0.21635094824032539
P78527,PRKDC,RandomForest,-1.157595649962723,0.12213496292400074
P78527,PRKDC,RandomForest,0.0344192711815047,0.2899583696476265
P78527,PRKDC,RandomForest,-0.9819126523430688,-0.3063427876966476
P78527,PRKDC,RandomForest,-0.1900913815013575,-0.7374705385199364
P78527,PRKDC,RandomForest,0.7622896171800261,0.6172080369098439
P78527,PRKDC,RandomForest,0.9718065010500614,-0.21055787015957952
P78527,PRKDC,XGBoost,-0.2271162764825199,1.0927125215530396
P78527,PRKDC,XGBoost,-1.569174221898587,-0.45335158705711365
P78527,PRKDC,XGBoost,-0.4393000037124625,-0.28860580921173096
P78527,PRKDC,XGBoost,1.3961047991628053,1.2360121011734009
P78527,PRKDC,XGBoost,0.8927932731654101,-0.18574965000152588
P78527,PRKDC,XGBoost,-0.5573174071719224,-0.7084593772888184
P78527,PRKDC,XGBoost,0.8423209974285675,1.1153733730316162
P78527,PRKDC,XGBoost,-0.7678564601144493,0.06366564333438873
P78527,PRKDC,XGBoost,-1.02552631552831,1.294600009918213
P78527,PRKDC,XGBoost,1.249637620872602,-0.46155261993408203
P78527,PRKDC,XGBoost,0.1074591522341226,-0.9461093544960022
P78527,PRKDC,XGBoost,0.9553033267814364,0.1891162246465683
P78527,PRKDC,XGBoost,0.0416865944008719,0.11928707361221313
P78527,PRKDC,XGBoost,-1.157595649962723,-0.32106003165245056
P78527,PRKDC,XGBoost,0.0344192711815047,-0.33930492401123047
P78527,PRKDC,XGBoost,-0.9819126523430688,-0.15456625819206238
P78527,PRKDC,XGBoost,-0.1900913815013575,1.294600009918213
P78527,PRKDC,XGBoost,0.7622896171800261,-0.08632893860340118
P78527,PRKDC,XGBoost,0.9718065010500614,-1.0683872699737549
P78527,PRKDC,PLS,-0.2271162764825199,0.2754346605774069
P78527,PRKDC,PLS,-1.569174221898587,0.2218635191389389
P78527,PRKDC,PLS,-0.4393000037124625,0.4513708480146111
P78527,PRKDC,PLS,1.3961047991628053,0.26544493471384756
P78527,PRKDC,PLS,0.8927932731654101,0.12726319771477415
P78527,PRKDC,PLS,-0.5573174071719224,0.19720520172971592
P78527,PRKDC,PLS,0.8423209974285675,0.2043100166071729
P78527,PRKDC,PLS,-0.7678564601144493,0.08384633742543993
P78527,PRKDC,PLS,-1.02552631552831,-0.36596091622309146
P78527,PRKDC,PLS,1.249637620872602,0.2031987670717911
P78527,PRKDC,PLS,0.1074591522341226,0.06732793868585706
P78527,PRKDC,PLS,0.9553033267814364,0.4405159678717316
P78527,PRKDC,PLS,0.0416865944008719,-0.020474673102972574
P78527,PRKDC,PLS,-1.157595649962723,0.14793139212929673
P78527,PRKDC,PLS,0.0344192711815047,0.21846862108019352
P78527,PRKDC,PLS,-0.9819126523430688,-0.028745093924212706
P78527,PRKDC,PLS,-0.1900913815013575,-0.3689481668558354
P78527,PRKDC,PLS,0.7622896171800261,1.5801094271592107
P78527,PRKDC,PLS,0.9718065010500614,0.3109100878844839
P78527,PRKDC,SVR,-0.2271162764825199,0.273678134888379
P78527,PRKDC,SVR,-1.569174221898587,-0.2363845351589812
P78527,PRKDC,SVR,-0.4393000037124625,0.7383750910468694
P78527,PRKDC,SVR,1.3961047991628053,0.4962770932569015
P78527,PRKDC,SVR,0.8927932731654101,-0.4282019828062812
P78527,PRKDC,SVR,-0.5573174071719224,-0.1826463951084514
P78527,PRKDC,SVR,0.8423209974285675,0.46744447881871865
P78527,PRKDC,SVR,-0.7678564601144493,-0.15304078857179934
P78527,PRKDC,SVR,-1.02552631552831,-0.21656173087440342
P78527,PRKDC,SVR,1.249637620872602,0.22960923914828293
P78527,PRKDC,SVR,0.1074591522341226,-0.012507055027475372
P78527,PRKDC,SVR,0.9553033267814364,0.6678301413221206
P78527,PRKDC,SVR,0.0416865944008719,0.11312239083843675
P78527,PRKDC,SVR,-1.157595649962723,0.2721462456407907
P78527,PRKDC,SVR,0.0344192711815047,0.33340920912784655
P78527,PRKDC,SVR,-0.9819126523430688,0.040820176161874194
P78527,PRKDC,SVR,-0.1900913815013575,-0.3229561862541461
P78527,PRKDC,SVR,0.7622896171800261,2.6638681936904223
P78527,PRKDC,SVR,0.9718065010500614,-0.14415205185895139
P78527,PRKDC,Lasso,-0.2271162764825199,0.1825988324286501
P78527,PRKDC,Lasso,-1.569174221898587,0.16707233380107112
P78527,PRKDC,Lasso,-0.4393000037124625,0.25008215024783154
P78527,PRKDC,Lasso,1.3961047991628053,0.18227062914328715
P78527,PRKDC,Lasso,0.8927932731654101,0.11397176355531395
P78527,PRKDC,Lasso,-0.5573174071719224,0.15040467605258295
P78527,PRKDC,Lasso,0.8423209974285675,0.15660238833150691
P78527,PRKDC,Lasso,-0.7678564601144493,0.10034368647676388
P78527,PRKDC,Lasso,-1.02552631552831,-0.08558546473535134
P78527,PRKDC,Lasso,1.249637620872602,0.15439583797752496
P78527,PRKDC,Lasso,0.1074591522341226,0.09428157890089532
P78527,PRKDC,Lasso,0.9553033267814364,0.241839254575921
P78527,PRKDC,Lasso,0.0416865944008719,0.05417800198542781
P78527,PRKDC,Lasso,-1.157595649962723,0.1396403246960729
P78527,PRKDC,Lasso,0.0344192711815047,0.16456675555137812
P78527,PRKDC,Lasso,-0.9819126523430688,0.054520949354476975
P78527,PRKDC,Lasso,-0.1900913815013575,-0.08713643541438412
P78527,PRKDC,Lasso,0.7622896171800261,0.7002211997368333
P78527,PRKDC,Lasso,0.9718065010500614,0.19719334580816242
P78527,PRKDC,ElasticNet,-0.2271162764825199,0.22628904099322797
P78527,PRKDC,ElasticNet,-1.569174221898587,0.19974339902440263
P78527,PRKDC,ElasticNet,-0.4393000037124625,0.3365696980717431
P78527,PRKDC,ElasticNet,1.3961047991628053,0.22587059624286268
P78527,PRKDC,ElasticNet,0.8927932731654101,0.11471795456560084
P78527,PRKDC,ElasticNet,-0.5573174071719224,0.17342980084834886
P78527,PRKDC,ElasticNet,0.8423209974285675,0.18438594229223343
P78527,PRKDC,ElasticNet,-0.7678564601144493,0.09287217054023579
P78527,PRKDC,ElasticNet,-1.02552631552831,-0.20758263153388365
P78527,PRKDC,ElasticNet,1.249637620872602,0.18051970803084474
P78527,PRKDC,ElasticNet,0.1074591522341226,0.0832792865931432
P78527,PRKDC,ElasticNet,0.9553033267814364,0.3234205676365165
P78527,PRKDC,ElasticNet,0.0416865944008719,0.01903157400001386
P78527,PRKDC,ElasticNet,-1.157595649962723,0.15612509983505718
P78527,PRKDC,ElasticNet,0.0344192711815047,0.19683659185768215
P78527,PRKDC,ElasticNet,-0.9819126523430688,0.019155095523939167
P78527,PRKDC,ElasticNet,-0.1900913815013575,-0.21025974711482728
P78527,PRKDC,ElasticNet,0.7622896171800261,1.0685502162139822
P78527,PRKDC,ElasticNet,0.9718065010500614,0.24909691665315387
P78527,PRKDC,GradientBoosting,-0.2271162764825199,1.4102221091205054
P78527,PRKDC,GradientBoosting,-1.569174221898587,-0.5221734008906684
P78527,PRKDC,GradientBoosting,-0.4393000037124625,0.287241024059438
P78527,PRKDC,GradientBoosting,1.3961047991628053,0.9142617709880974
P78527,PRKDC,GradientBoosting,0.8927932731654101,-0.389761683961235
P78527,PRKDC,GradientBoosting,-0.5573174071719224,-0.34842173997222475
P78527,PRKDC,GradientBoosting,0.8423209974285675,-0.5724899866938022
P78527,PRKDC,GradientBoosting,-0.7678564601144493,-0.7853564233655836
P78527,PRKDC,GradientBoosting,-1.02552631552831,0.5500929673728365
P78527,PRKDC,GradientBoosting,1.249637620872602,0.09258140673557892
P78527,PRKDC,GradientBoosting,0.1074591522341226,-0.43909923072398854
P78527,PRKDC,GradientBoosting,0.9553033267814364,0.44054499302302574
P78527,PRKDC,GradientBoosting,0.0416865944008719,-0.2401935192463808
P78527,PRKDC,GradientBoosting,-1.157595649962723,0.21171649006153445
P78527,PRKDC,GradientBoosting,0.0344192711815047,-0.48420435861221395
P78527,PRKDC,GradientBoosting,-0.9819126523430688,-0.6009622798463533
P78527,PRKDC,GradientBoosting,-0.1900913815013575,0.2982562245210998
P78527,PRKDC,GradientBoosting,0.7622896171800261,-0.2204832801290317
P78527,PRKDC,GradientBoosting,0.9718065010500614,0.14090071389194067
P78527,PRKDC,MLP,-0.2271162764825199,0.2364666417196713
P78527,PRKDC,MLP,-1.569174221898587,0.12042739680241427
P78527,PRKDC,MLP,-0.4393000037124625,0.45229025154377045
P78527,PRKDC,MLP,1.3961047991628053,0.41610373004350354
P78527,PRKDC,MLP,0.8927932731654101,-0.060110815725422546
P78527,PRKDC,MLP,-0.5573174071719224,-0.018005944740371052
P78527,PRKDC,MLP,0.8423209974285675,0.308542415328248
P78527,PRKDC,MLP,-0.7678564601144493,-0.060110815725422546
P78527,PRKDC,MLP,-1.02552631552831,-0.060110815725422546
P78527,PRKDC,MLP,1.249637620872602,0.17382228414220535
P78527,PRKDC,MLP,0.1074591522341226,-0.060110815725422546
P78527,PRKDC,MLP,0.9553033267814364,0.3092948820110597
P78527,PRKDC,MLP,0.0416865944008719,-0.060110815725422546
P78527,PRKDC,MLP,-1.157595649962723,0.3680157487113738
P78527,PRKDC,MLP,0.0344192711815047,0.35190523618895103
P78527,PRKDC,MLP,-0.9819126523430688,-0.060110815725422546
P78527,PRKDC,MLP,-0.1900913815013575,-0.060110815725422546
P78527,PRKDC,MLP,0.7622896171800261,1.6641927194925286
P78527,PRKDC,MLP,0.9718065010500614,0.062126926486794486
Q00536,CDK16,RandomForest,0.9996062381645806,1.1312705014783082
Q00536,CDK16,RandomForest,-0.554923597292664,1.0896679032376075
Q00536,CDK16,RandomForest,0.7478923468959514,0.6624331289512247
Q00536,CDK16,RandomForest,0.4524798838087535,1.044581781361867
Q00536,CDK16,RandomForest,-1.5865134284354274,-0.37599391930386367
Q00536,CDK16,RandomForest,-0.2318050825334768,0.5176210624400683
Q00536,CDK16,RandomForest,2.252068098100521,1.3289866352535578
Q00536,CDK16,RandomForest,-0.580482703462955,0.03987788584420519
Q00536,CDK16,RandomForest,-0.2391222816532144,-0.18966896645504236
Q00536,CDK16,RandomForest,1.206401748899611,1.5580024568350772
Q00536,CDK16,RandomForest,-1.2007269753280885,0.6360629269380867
Q00536,CDK16,RandomForest,0.5983113836745646,1.2401621666263192
Q00536,CDK16,RandomForest,0.5899619523441184,-0.3372814715314437
Q00536,CDK16,RandomForest,0.1023091752697433,-0.38695767577863127
Q00536,CDK16,RandomForest,1.5363517188401072,0.10435768724248382
Q00536,CDK16,RandomForest,-0.7652119815078365,0.3702451029504013
Q00536,CDK16,RandomForest,-0.1923661928050047,-0.1272469720627914
Q00536,CDK16,RandomForest,-1.7060513549248562,0.2789282627780183
Q00536,CDK16,RandomForest,-0.3180621641572788,0.5568315459054728
Q00536,CDK16,XGBoost,0.9996062381645806,1.3134331703186035
Q00536,CDK16,XGBoost,-0.554923597292664,1.8621671199798584
Q00536,CDK16,XGBoost,0.7478923468959514,0.9692573547363281
Q00536,CDK16,XGBoost,0.4524798838087535,1.0479878187179565
Q00536,CDK16,XGBoost,-1.5865134284354274,-0.37196505069732666
Q00536,CDK16,XGBoost,-0.2318050825334768,0.049463700503110886
Q00536,CDK16,XGBoost,2.252068098100521,1.57551109790802
Q00536,CDK16,XGBoost,-0.580482703462955,-0.6981183290481567
Q00536,CDK16,XGBoost,-0.2391222816532144,-0.3390209972858429
Q00536,CDK16,XGBoost,1.206401748899611,1.178383708000183
Q00536,CDK16,XGBoost,-1.2007269753280885,0.4340192973613739
Q00536,CDK16,XGBoost,0.5983113836745646,1.5682049989700317
Q00536,CDK16,XGBoost,0.5899619523441184,-0.7674157619476318
Q00536,CDK16,XGBoost,0.1023091752697433,-0.1484382152557373
Q00536,CDK16,XGBoost,1.5363517188401072,-0.010817253030836582
Q00536,CDK16,XGBoost,-0.7652119815078365,0.3151089549064636
Q00536,CDK16,XGBoost,-0.1923661928050047,-0.20762339234352112
Q00536,CDK16,XGBoost,-1.7060513549248562,0.26732656359672546
Q00536,CDK16,XGBoost,-0.3180621641572788,0.6478897333145142
Q00536,CDK16,PLS,0.9996062381645806,1.0215055019111257
Q00536,CDK16,PLS,-0.554923597292664,0.8862791795125462
Q00536,CDK16,PLS,0.7478923468959514,0.7329420584555604
Q00536,CDK16,PLS,0.4524798838087535,1.1718492098868833
Q00536,CDK16,PLS,-1.5865134284354274,0.23817585545320347
Q00536,CDK16,PLS,-0.2318050825334768,0.9005172023335175
Q00536,CDK16,PLS,2.252068098100521,0.8933028934615792
Q00536,CDK16,PLS,-0.580482703462955,0.5059669188746603
Q00536,CDK16,PLS,-0.2391222816532144,-0.3419029634869235
Q00536,CDK16,PLS,1.206401748899611,1.388734533359722
Q00536,CDK16,PLS,-1.2007269753280885,0.6007317952948312
Q00536,CDK16,PLS,0.5983113836745646,0.8077375952751448
Q00536,CDK16,PLS,0.5899619523441184,0.5386995437345568
Q00536,CDK16,PLS,0.1023091752697433,0.34873064751987104
Q00536,CDK16,PLS,1.5363517188401072,-0.03502582536341625
Q00536,CDK16,PLS,-0.7652119815078365,-0.3925061211174229
Q00536,CDK16,PLS,-0.1923661928050047,0.5073515004491959
Q00536,CDK16,PLS,-1.7060513549248562,0.21590423206575177
Q00536,CDK16,PLS,-0.3180621641572788,1.0130150097537676
Q00536,CDK16,SVR,0.9996062381645806,0.9538305320802773
Q00536,CDK16,SVR,-0.554923597292664,0.8375369816369869
Q00536,CDK16,SVR,0.7478923468959514,0.7949372108662851
Q00536,CDK16,SVR,0.4524798838087535,1.0700822812544128
Q00536,CDK16,SVR,-1.5865134284354274,0.3255516066884932
Q00536,CDK16,SVR,-0.2318050825334768,0.8249995400649979
Q00536,CDK16,SVR,2.252068098100521,0.8861624304322187
Q00536,CDK16,SVR,-0.580482703462955,0.5667434048613826
Q00536,CDK16,SVR,-0.2391222816532144,-0.10800108033588152
Q00536,CDK16,SVR,1.206401748899611,1.2211654547131012
Q00536,CDK16,SVR,-1.2007269753280885,0.6369890268065541
Q00536,CDK16,SVR,0.5983113836745646,0.8213270590574939
Q00536,CDK16,SVR,0.5899619523441184,0.5554752518706149
Q00536,CDK16,SVR,0.1023091752697433,0.39485593705258437
Q00536,CDK16,SVR,1.5363517188401072,0.10948515764813105
Q00536,CDK16,SVR,-0.7652119815078365,-0.27527835523044497
Q00536,CDK16,SVR,-0.1923661928050047,0.5256229861673714
Q00536,CDK16,SVR,-1.7060513549248562,0.26545798887488425
Q00536,CDK16,SVR,-0.3180621641572788,0.9248792711079908
Q00536,CDK16,Lasso,0.9996062381645806,0.8492518437972488
Q00536,CDK16,Lasso,-0.554923597292664,0.7184995721816366
Q00536,CDK16,Lasso,0.7478923468959514,0.7345587610287885
Q00536,CDK16,Lasso,0.4524798838087535,0.8338508326725675
Q00536,CDK16,Lasso,-1.5865134284354274,0.3529699382417564
Q00536,CDK16,Lasso,-0.2318050825334768,0.7045761898784146
Q00536,CDK16,Lasso,2.252068098100521,0.7766405859338392
Q00536,CDK16,Lasso,-0.580482703462955,0.5964064581249497
Q00536,CDK16,Lasso,-0.2391222816532144,0.04026382716337301
Q00536,CDK16,Lasso,1.206401748899611,0.976309364968625
Q00536,CDK16,Lasso,-1.2007269753280885,0.5827245063047788
Q00536,CDK16,Lasso,0.5983113836745646,0.7213877709934489
Q00536,CDK16,Lasso,0.5899619523441184,0.5366967769103949
Q00536,CDK16,Lasso,0.1023091752697433,0.4025043029531826
Q00536,CDK16,Lasso,1.5363517188401072,0.1255797371934222
Q00536,CDK16,Lasso,-0.7652119815078365,0.11135417815170223
Q00536,CDK16,Lasso,-0.1923661928050047,0.49234879934581494
Q00536,CDK16,Lasso,-1.7060513549248562,0.3909665799004544
Q00536,CDK16,Lasso,-0.3180621641572788,0.8544764956635529
Q00536,CDK16,ElasticNet,0.9996062381645806,0.9134315290730556
Q00536,CDK16,ElasticNet,-0.554923597292664,0.7861085135205012
Q00536,CDK16,ElasticNet,0.7478923468959514,0.7216655569853244
Q00536,CDK16,ElasticNet,0.4524798838087535,0.9727969009869755
Q00536,CDK16,ElasticNet,-1.5865134284354274,0.30808438526330784
Q00536,CDK16,ElasticNet,-0.2318050825334768,0.7865675325916095
Q00536,CDK16,ElasticNet,2.252068098100521,0.8169116574855594
Q00536,CDK16,ElasticNet,-0.580482703462955,0.5516509817871422
Q00536,CDK16,ElasticNet,-0.2391222816532144,-0.11363766786822993
Q00536,CDK16,ElasticNet,1.206401748899611,1.144234245000649
Q00536,CDK16,ElasticNet,-1.2007269753280885,0.5871837455792016
Q00536,CDK16,ElasticNet,0.5983113836745646,0.7500467901101991
Q00536,CDK16,ElasticNet,0.5899619523441184,0.5374821298638258
Q00536,CDK16,ElasticNet,0.1023091752697433,0.3839853492360402
Q00536,CDK16,ElasticNet,1.5363517188401072,0.0687959537632235
Q00536,CDK16,ElasticNet,-0.7652119815078365,-0.09276107492274199
Q00536,CDK16,ElasticNet,-0.1923661928050047,0.5008841195541245
Q00536,CDK16,ElasticNet,-1.7060513549248562,0.32000524341190006
Q00536,CDK16,ElasticNet,-0.3180621641572788,0.9135256477472828
Q00536,CDK16,GradientBoosting,0.9996062381645806,1.3892326384510179
Q00536,CDK16,GradientBoosting,-0.554923597292664,0.92203797103626
Q00536,CDK16,GradientBoosting,0.7478923468959514,0.6667532913872566
Q00536,CDK16,GradientBoosting,0.4524798838087535,1.1126981858003444
Q00536,CDK16,GradientBoosting,-1.5865134284354274,-0.147890078751017
Q00536,CDK16,GradientBoosting,-0.2318050825334768,0.6406803428748518
Q00536,CDK16,GradientBoosting,2.252068098100521,1.1620892653636787
Q00536,CDK16,GradientBoosting,-0.580482703462955,0.009780718479390686
Q00536,CDK16,GradientBoosting,-0.2391222816532144,-0.7458932582974257
Q00536,CDK16,GradientBoosting,1.206401748899611,2.1439980076145146
Q00536,CDK16,GradientBoosting,-1.2007269753280885,0.6856463217558267
Q00536,CDK16,GradientBoosting,0.5983113836745646,1.0313955645099724
Q00536,CDK16,GradientBoosting,0.5899619523441184,-0.42403746015663596
Q00536,CDK16,GradientBoosting,0.1023091752697433,-0.587775638923981
Q00536,CDK16,GradientBoosting,1.5363517188401072,-0.007841086210389418
Q00536,CDK16,GradientBoosting,-0.7652119815078365,0.6284599407024969
Q00536,CDK16,GradientBoosting,-0.1923661928050047,-0.34887603761239894
Q00536,CDK16,GradientBoosting,-1.7060513549248562,0.22750275019881833
Q00536,CDK16,GradientBoosting,-0.3180621641572788,0.5642802161853545
Q00536,CDK16,MLP,0.9996062381645806,0.471442861271046
Q00536,CDK16,MLP,-0.554923597292664,0.371334274723151
Q00536,CDK16,MLP,0.7478923468959514,1.3415345660994318
Q00536,CDK16,MLP,0.4524798838087535,0.43503459606693373
Q00536,CDK16,MLP,-1.5865134284354274,0.19022192633253357
Q00536,CDK16,MLP,-0.2318050825334768,0.371334274723151
Q00536,CDK16,MLP,2.252068098100521,0.8944810755300645
Q00536,CDK16,MLP,-0.580482703462955,0.740138660827361
Q00536,CDK16,MLP,-0.2391222816532144,-0.07938209201487745
Q00536,CDK16,MLP,1.206401748899611,0.371334274723151
Q00536,CDK16,MLP,-1.2007269753280885,0.6801980580305601
Q00536,CDK16,MLP,0.5983113836745646,0.9318926622193107
Q00536,CDK16,MLP,0.5899619523441184,0.371334274723151
Q00536,CDK16,MLP,0.1023091752697433,0.3293011171673654
Q00536,CDK16,MLP,1.5363517188401072,-0.07748788515102889
Q00536,CDK16,MLP,-0.7652119815078365,-0.05858018881169408
Q00536,CDK16,MLP,-0.1923661928050047,0.371334274723151
Q00536,CDK16,MLP,-1.7060513549248562,0.30096719906039776
Q00536,CDK16,MLP,-0.3180621641572788,0.371334274723151
Q00537,CDK17,RandomForest,1.0005189581160496,1.7082324640036313
Q00537,CDK17,RandomForest,-0.4356285271948795,0.22481544402562115
Q00537,CDK17,RandomForest,0.1790336475284344,0.9355420924790984
Q00537,CDK17,RandomForest,0.278504670260221,0.42909913226533297
Q00537,CDK17,RandomForest,-1.279877374098169,0.29889626978845263
Q00537,CDK17,RandomForest,0.707590327929602,0.16922692839590606
Q00537,CDK17,RandomForest,1.0105806138704505,0.18681415416728558
Q00537,CDK17,RandomForest,-0.8374288157890142,0.1787934872258065
Q00537,CDK17,RandomForest,-0.5544556231922191,-0.15249531499855398
Q00537,CDK17,RandomForest,0.3065961469649634,0.367595280934009
Q00537,CDK17,RandomForest,-1.712849085705388,0.024159422187927913
Q00537,CDK17,RandomForest,0.5505036520504027,1.4949933441854766
Q00537,CDK17,RandomForest,-0.1780184896737053,0.044939927612472994
Q00537,CDK17,RandomForest,0.4242438224273582,-0.012818078357064866
Q00537,CDK17,RandomForest,1.0399470957467936,0.8185213232860078
Q00537,CDK17,RandomForest,-0.248558873123184,-0.17366741327934565
Q00537,CDK17,RandomForest,-0.983238494045087,-0.34923061103237074
Q00537,CDK17,RandomForest,-0.3019963596907344,0.7364408955150502
Q00537,CDK17,RandomForest,-0.1579959886860888,0.6538134572302486
Q00537,CDK17,XGBoost,1.0005189581160496,1.892394781112671
Q00537,CDK17,XGBoost,-0.4356285271948795,0.05782746523618698
Q00537,CDK17,XGBoost,0.1790336475284344,0.6762437224388123
Q00537,CDK17,XGBoost,0.278504670260221,0.5989811420440674
Q00537,CDK17,XGBoost,-1.279877374098169,0.5668028593063354
Q00537,CDK17,XGBoost,0.707590327929602,0.1325313001871109
Q00537,CDK17,XGBoost,1.0105806138704505,-0.02349144034087658
Q00537,CDK17,XGBoost,-0.8374288157890142,0.32004907727241516
Q00537,CDK17,XGBoost,-0.5544556231922191,0.03458667919039726
Q00537,CDK17,XGBoost,0.3065961469649634,0.7217833399772644
Q00537,CDK17,XGBoost,-1.712849085705388,0.5907047986984253
Q00537,CDK17,XGBoost,0.5505036520504027,2.048705577850342
Q00537,CDK17,XGBoost,-0.1780184896737053,0.03400619328022003
Q00537,CDK17,XGBoost,0.4242438224273582,-0.7853909730911255
Q00537,CDK17,XGBoost,1.0399470957467936,0.13849569857120514
Q00537,CDK17,XGBoost,-0.248558873123184,-1.4414138793945312
Q00537,CDK17,XGBoost,-0.983238494045087,0.11948823183774948
Q00537,CDK17,XGBoost,-0.3019963596907344,0.5406402945518494
Q00537,CDK17,XGBoost,-0.1579959886860888,0.8574138283729553
Q00537,CDK17,PLS,1.0005189581160496,1.1398998859302747
Q00537,CDK17,PLS,-0.4356285271948795,0.05626570328463715
Q00537,CDK17,PLS,0.1790336475284344,0.6500231109228849
Q00537,CDK17,PLS,0.278504670260221,0.7960396602674356
Q00537,CDK17,PLS,-1.279877374098169,-0.1474991667354707
Q00537,CDK17,PLS,0.707590327929602,0.1475075191764851
Q00537,CDK17,PLS,1.0105806138704505,-0.4552533570255538
Q00537,CDK17,PLS,-0.8374288157890142,-0.0159174775807584
Q00537,CDK17,PLS,-0.5544556231922191,-0.596295270722125
Q00537,CDK17,PLS,0.3065961469649634,0.07216799570539717
Q00537,CDK17,PLS,-1.712849085705388,-0.14552649542760943
Q00537,CDK17,PLS,0.5505036520504027,1.4469796576573453
Q00537,CDK17,PLS,-0.1780184896737053,0.06867690444828595
Q00537,CDK17,PLS,0.4242438224273582,-0.2785265204063765
Q00537,CDK17,PLS,1.0399470957467936,0.860034616538939
Q00537,CDK17,PLS,-0.248558873123184,-0.6356396425148387
Q00537,CDK17,PLS,-0.983238494045087,-0.31064636501518006
Q00537,CDK17,PLS,-0.3019963596907344,0.7191194143890123
Q00537,CDK17,PLS,-0.1579959886860888,0.7319898440911254
Q00537,CDK17,SVR,1.0005189581160496,1.1479834245778568
Q00537,CDK17,SVR,-0.4356285271948795,0.5653101704127114
Q00537,CDK17,SVR,0.1790336475284344,0.5801188039270937
Q00537,CDK17,SVR,0.278504670260221,0.5037253091139454
Q00537,CDK17,SVR,-1.279877374098169,0.3683512072961329
Q00537,CDK17,SVR,0.707590327929602,0.5525862536671472
Q00537,CDK17,SVR,1.0105806138704505,0.42690964001658893
Q00537,CDK17,SVR,-0.8374288157890142,-0.1811549976771335
Q00537,CDK17,SVR,-0.5544556231922191,-0.6906073363515931
Q00537,CDK17,SVR,0.3065961469649634,0.3412053430072892
Q00537,CDK17,SVR,-1.712849085705388,-0.12644786630140092
Q00537,CDK17,SVR,0.5505036520504027,1.3115863438303639
Q00537,CDK17,SVR,-0.1780184896737053,0.21836558713430165
Q00537,CDK17,SVR,0.4242438224273582,0.07181998141207468
Q00537,CDK17,SVR,1.0399470957467936,0.8431403155550582
Q00537,CDK17,SVR,-0.248558873123184,-0.6925075106201882
Q00537,CDK17,SVR,-0.983238494045087,-0.10952018635216432
Q00537,CDK17,SVR,-0.3019963596907344,0.6961388963172951
Q00537,CDK17,SVR,-0.1579959886860888,0.635540039870239
Q00537,CDK17,Lasso,1.0005189581160496,0.8775958599597833
Q00537,CDK17,Lasso,-0.4356285271948795,0.10126403572075887
Q00537,CDK17,Lasso,0.1790336475284344,0.6213913032382243
Q00537,CDK17,Lasso,0.278504670260221,0.8391741866415081
Q00537,CDK17,Lasso,-1.279877374098169,0.023150223896732824
Q00537,CDK17,Lasso,0.707590327929602,0.3436400911150596
Q00537,CDK17,Lasso,1.0105806138704505,0.3210996313287241
Q00537,CDK17,Lasso,-0.8374288157890142,0.3215121557512483
Q00537,CDK17,Lasso,-0.5544556231922191,0.06993622388451398
Q00537,CDK17,Lasso,0.3065961469649634,0.4125928469239993
Q00537,CDK17,Lasso,-1.712849085705388,0.314257045604207
Q00537,CDK17,Lasso,0.5505036520504027,1.070909811996418
Q00537,CDK17,Lasso,-0.1780184896737053,0.1970240603416837
Q00537,CDK17,Lasso,0.4242438224273582,-0.10025219289818788
Q00537,CDK17,Lasso,1.0399470957467936,0.7166980495025053
Q00537,CDK17,Lasso,-0.248558873123184,-0.11667315224641034
Q00537,CDK17,Lasso,-0.983238494045087,-0.0498943683461095
Q00537,CDK17,Lasso,-0.3019963596907344,0.4657822404133309
Q00537,CDK17,Lasso,-0.1579959886860888,0.6157838512322763
Q00537,CDK17,ElasticNet,1.0005189581160496,0.9863780194027856
Q00537,CDK17,ElasticNet,-0.4356285271948795,0.12085694106177192
Q00537,CDK17,ElasticNet,0.1790336475284344,0.6556991674234138
Q00537,CDK17,ElasticNet,0.278504670260221,0.8487347037634199
Q00537,CDK17,ElasticNet,-1.279877374098169,-0.034508920957790346
Q00537,CDK17,ElasticNet,0.707590327929602,0.3446186527449725
Q00537,CDK17,ElasticNet,1.0105806138704505,0.21103150014883706
Q00537,CDK17,ElasticNet,-0.8374288157890142,0.1846844036653793
Q00537,CDK17,ElasticNet,-0.5544556231922191,-0.1701149762005182
Q00537,CDK17,ElasticNet,0.3065961469649634,0.3326512836213619
Q00537,CDK17,ElasticNet,-1.712849085705388,0.19681946891883026
Q00537,CDK17,ElasticNet,0.5505036520504027,1.2235014217271463
Q00537,CDK17,ElasticNet,-0.1780184896737053,0.1431051836534
Q00537,CDK17,ElasticNet,0.4242438224273582,-0.1597078246410364
Q00537,CDK17,ElasticNet,1.0399470957467936,0.7847846149141874
Q00537,CDK17,ElasticNet,-0.248558873123184,-0.4228156993748342
Q00537,CDK17,ElasticNet,-0.983238494045087,-0.1371404006488
Q00537,CDK17,ElasticNet,-0.3019963596907344,0.4780134597792225
Q00537,CDK17,ElasticNet,-0.1579959886860888,0.6845578586836125
Q00537,CDK17,GradientBoosting,1.0005189581160496,1.6567905407381827
Q00537,CDK17,GradientBoosting,-0.4356285271948795,0.07837384171225792
Q00537,CDK17,GradientBoosting,0.1790336475284344,1.0375033293996758
Q00537,CDK17,GradientBoosting,0.278504670260221,0.7359860165335741
Q00537,CDK17,GradientBoosting,-1.279877374098169,0.30005823072452203
Q00537,CDK17,GradientBoosting,0.707590327929602,-0.018498540220772755
Q00537,CDK17,GradientBoosting,1.0105806138704505,-0.4063196499866845
Q00537,CDK17,GradientBoosting,-0.8374288157890142,-0.018460045211029095
Q00537,CDK17,GradientBoosting,-0.5544556231922191,-0.4379111990820544
Q00537,CDK17,GradientBoosting,0.3065961469649634,0.33197943747799274
Q00537,CDK17,GradientBoosting,-1.712849085705388,0.38085682435031126
Q00537,CDK17,GradientBoosting,0.5505036520504027,1.7048314986763013
Q00537,CDK17,GradientBoosting,-0.1780184896737053,-0.10758217084161349
Q00537,CDK17,GradientBoosting,0.4242438224273582,-0.012370613723082785
Q00537,CDK17,GradientBoosting,1.0399470957467936,0.46053899230604933
Q00537,CDK17,GradientBoosting,-0.248558873123184,0.11577130302683337
Q00537,CDK17,GradientBoosting,-0.983238494045087,-0.3871132538733794
Q00537,CDK17,GradientBoosting,-0.3019963596907344,0.9360219271036204
Q00537,CDK17,GradientBoosting,-0.1579959886860888,1.1764782964447682
Q00537,CDK17,MLP,1.0005189581160496,1.0604084837345757
Q00537,CDK17,MLP,-0.4356285271948795,0.39579127193431163
Q00537,CDK17,MLP,0.1790336475284344,0.26655468558733486
Q00537,CDK17,MLP,0.278504670260221,1.9537080019725712
Q00537,CDK17,MLP,-1.279877374098169,0.38838689782673685
Q00537,CDK17,MLP,0.707590327929602,-0.24001743816828666
Q00537,CDK17,MLP,1.0105806138704505,-1.1703793808228355
Q00537,CDK17,MLP,-0.8374288157890142,-0.1776640271354019
Q00537,CDK17,MLP,-0.5544556231922191,-0.1814471529323979
Q00537,CDK17,MLP,0.3065961469649634,0.29075053211173807
Q00537,CDK17,MLP,-1.712849085705388,0.049429643693862185
Q00537,CDK17,MLP,0.5505036520504027,0.7096694583926605
Q00537,CDK17,MLP,-0.1780184896737053,-0.3007572989183763
Q00537,CDK17,MLP,0.4242438224273582,-0.18248080342213638
Q00537,CDK17,MLP,1.0399470957467936,1.2682541909340754
Q00537,CDK17,MLP,-0.248558873123184,-0.5475617372302286
Q00537,CDK17,MLP,-0.983238494045087,-0.5450035155353052
Q00537,CDK17,MLP,-0.3019963596907344,0.6583814534966539
Q00537,CDK17,MLP,-0.1579959886860888,1.0624405881470331
Q05397,PTK2,RandomForest,0.933849912133205,0.35423884174984893
Q05397,PTK2,RandomForest,-0.2954532167092805,0.22291027552442347
Q05397,PTK2,RandomForest,0.2625755686537058,0.8708584064759636
Q05397,PTK2,RandomForest,0.3064406743079226,2.273493479351515
Q05397,PTK2,RandomForest,2.762964096577995,3.00438979483531
Q05397,PTK2,RandomForest,-0.0167822368213776,0.08334849134130419
Q05397,PTK2,RandomForest,0.240828408101922,0.044847079112320755
Q05397,PTK2,RandomForest,0.7849724973269976,0.4563365685809103
Q05397,PTK2,RandomForest,-1.2386792328246674,0.17901670494322736
Q05397,PTK2,RandomForest,0.6973068460379901,-0.2137671971824142
Q05397,PTK2,RandomForest,0.1800184878322366,0.04275918228193855
Q05397,PTK2,RandomForest,0.6985445796202245,1.0026266825637047
Q05397,PTK2,RandomForest,0.6892804050953568,0.0513206115295953
Q05397,PTK2,RandomForest,0.0893597937545213,0.8407243348789478
Q05397,PTK2,RandomForest,0.3140794148656078,1.2148388245565327
Q05397,PTK2,RandomForest,-0.0478029534650623,0.41049182276588625
Q05397,PTK2,RandomForest,1.2707127667343618,0.3514863470955394
Q05397,PTK2,RandomForest,-0.3311114640310967,0.6473085246152567
Q05397,PTK2,RandomForest,-0.5462897651897577,0.1108239908806219
Q05397,PTK2,XGBoost,0.933849912133205,0.3754882514476776
Q05397,PTK2,XGBoost,-0.2954532167092805,0.6299382448196411
Q05397,PTK2,XGBoost,0.2625755686537058,0.19411218166351318
Q05397,PTK2,XGBoost,0.3064406743079226,1.160433292388916
Q05397,PTK2,XGBoost,2.762964096577995,2.2555489540100098
Q05397,PTK2,XGBoost,-0.0167822368213776,0.23706835508346558
Q05397,PTK2,XGBoost,0.240828408101922,-0.015500201843678951
Q05397,PTK2,XGBoost,0.7849724973269976,0.288199782371521
Q05397,PTK2,XGBoost,-1.2386792328246674,0.1232154592871666
Q05397,PTK2,XGBoost,0.6973068460379901,-0.691922664642334
Q05397,PTK2,XGBoost,0.1800184878322366,0.350155770778656
Q05397,PTK2,XGBoost,0.6985445796202245,0.37802085280418396
Q05397,PTK2,XGBoost,0.6892804050953568,1.5250349044799805
Q05397,PTK2,XGBoost,0.0893597937545213,0.08231841772794724
Q05397,PTK2,XGBoost,0.3140794148656078,0.6165292859077454
Q05397,PTK2,XGBoost,-0.0478029534650623,1.3647929430007935
Q05397,PTK2,XGBoost,1.2707127667343618,1.077647089958191
Q05397,PTK2,XGBoost,-0.3311114640310967,1.8579611778259277
Q05397,PTK2,XGBoost,-0.5462897651897577,-0.25656506419181824
Q05397,PTK2,PLS,0.933849912133205,0.5660952777083417
Q05397,PTK2,PLS,-0.2954532167092805,0.4207416693134043
Q05397,PTK2,PLS,0.2625755686537058,-0.08677854122205853
Q05397,PTK2,PLS,0.3064406743079226,0.7287882341196812
Q05397,PTK2,PLS,2.762964096577995,0.6412302406354281
Q05397,PTK2,PLS,-0.0167822368213776,0.2679126114090109
Q05397,PTK2,PLS,0.240828408101922,0.27164922583254125
Q05397,PTK2,PLS,0.7849724973269976,0.7345591467507157
Q05397,PTK2,PLS,-1.2386792328246674,0.7736373286006912
Q05397,PTK2,PLS,0.6973068460379901,0.20800193966986297
Q05397,PTK2,PLS,0.1800184878322366,0.466621714948144
Q05397,PTK2,PLS,0.6985445796202245,0.1207208022635744
Q05397,PTK2,PLS,0.6892804050953568,0.5008436029728796
Q05397,PTK2,PLS,0.0893597937545213,0.8100332661178307
Q05397,PTK2,PLS,0.3140794148656078,0.9551994026683448
Q05397,PTK2,PLS,-0.0478029534650623,0.8450382009068026
Q05397,PTK2,PLS,1.2707127667343618,0.620136632276341
Q05397,PTK2,PLS,-0.3311114640310967,0.46142387392118966
Q05397,PTK2,PLS,-0.5462897651897577,0.404622810784255
Q05397,PTK2,SVR,0.933849912133205,0.40925992466839484
Q05397,PTK2,SVR,-0.2954532167092805,0.426511843693354
Q05397,PTK2,SVR,0.2625755686537058,0.19586179753894012
Q05397,PTK2,SVR,0.3064406743079226,0.32521372339628357
Q05397,PTK2,SVR,2.762964096577995,0.26408998525440414
Q05397,PTK2,SVR,-0.0167822368213776,0.4403191010041189
Q05397,PTK2,SVR,0.240828408101922,0.40425058553458165
Q05397,PTK2,SVR,0.7849724973269976,0.4104289786423628
Q05397,PTK2,SVR,-1.2386792328246674,0.3519203393873918
Q05397,PTK2,SVR,0.6973068460379901,0.41461946553565215
Q05397,PTK2,SVR,0.1800184878322366,0.36099524579156866
Q05397,PTK2,SVR,0.6985445796202245,0.32678781537241136
Q05397,PTK2,SVR,0.6892804050953568,0.2544466462845363
Q05397,PTK2,SVR,0.0893597937545213,0.24343976110092563
Q05397,PTK2,SVR,0.3140794148656078,0.16892925167159106
Q05397,PTK2,SVR,-0.0478029534650623,0.44046488423199165
Q05397,PTK2,SVR,1.2707127667343618,0.3780208119832474
Q05397,PTK2,SVR,-0.3311114640310967,0.4054602291499743
Q05397,PTK2,SVR,-0.5462897651897577,0.3487350893065251
Q05397,PTK2,Lasso,0.933849912133205,0.47035504066903394
Q05397,PTK2,Lasso,-0.2954532167092805,0.4208713595177167
Q05397,PTK2,Lasso,0.2625755686537058,0.16608950884064427
Q05397,PTK2,Lasso,0.3064406743079226,0.5704938399281276
Q05397,PTK2,Lasso,2.762964096577995,0.5459424370199251
Q05397,PTK2,Lasso,-0.0167822368213776,0.38416691145681203
Q05397,PTK2,Lasso,0.240828408101922,0.3745960118099029
Q05397,PTK2,Lasso,0.7849724973269976,0.6344640663463357
Q05397,PTK2,Lasso,-1.2386792328246674,0.5985892261901482
Q05397,PTK2,Lasso,0.6973068460379901,0.37250357663085343
Q05397,PTK2,Lasso,0.1800184878322366,0.43230588573590034
Q05397,PTK2,Lasso,0.6985445796202245,0.2546506380817557
Q05397,PTK2,Lasso,0.6892804050953568,0.478687144976411
Q05397,PTK2,Lasso,0.0893597937545213,0.5669696124212242
Q05397,PTK2,Lasso,0.3140794148656078,0.6742250821258478
Q05397,PTK2,Lasso,-0.0478029534650623,0.6965432216695433
Q05397,PTK2,Lasso,1.2707127667343618,0.5234212582727417
Q05397,PTK2,Lasso,-0.3311114640310967,0.4982818253506958
Q05397,PTK2,Lasso,-0.5462897651897577,0.425702264762932
Q05397,PTK2,ElasticNet,0.933849912133205,0.5002863385041125
Q05397,PTK2,ElasticNet,-0.2954532167092805,0.42156471404204937
Q05397,PTK2,ElasticNet,0.2625755686537058,0.05776865943069398
Q05397,PTK2,ElasticNet,0.3064406743079226,0.6250244779324443
Q05397,PTK2,ElasticNet,2.762964096577995,0.6009333930012891
Q05397,PTK2,ElasticNet,-0.0167822368213776,0.344201480176204
Q05397,PTK2,ElasticNet,0.240828408101922,0.3324143935348588
Q05397,PTK2,ElasticNet,0.7849724973269976,0.6794700646099149
Q05397,PTK2,ElasticNet,-1.2386792328246674,0.6693678812341183
Q05397,PTK2,ElasticNet,0.6973068460379901,0.31436316417564814
Q05397,PTK2,ElasticNet,0.1800184878322366,0.44176570328497894
Q05397,PTK2,ElasticNet,0.6985445796202245,0.19228244844604103
Q05397,PTK2,ElasticNet,0.6892804050953568,0.484964141190338
Q05397,PTK2,ElasticNet,0.0893597937545213,0.6608587813165769
Q05397,PTK2,ElasticNet,0.3140794148656078,0.7632055727721332
Q05397,PTK2,ElasticNet,-0.0478029534650623,0.7630598077328876
Q05397,PTK2,ElasticNet,1.2707127667343618,0.5611145820633022
Q05397,PTK2,ElasticNet,-0.3311114640310967,0.4911109946648845
Q05397,PTK2,ElasticNet,-0.5462897651897577,0.41503688008979017
Q05397,PTK2,GradientBoosting,0.933849912133205,0.7321282522904446
Q05397,PTK2,GradientBoosting,-0.2954532167092805,0.7146321873443295
Q05397,PTK2,GradientBoosting,0.2625755686537058,1.7739306687793859
Q05397,PTK2,GradientBoosting,0.3064406743079226,3.235066197682974
Q05397,PTK2,GradientBoosting,2.762964096577995,3.3041576599781117
Q05397,PTK2,GradientBoosting,-0.0167822368213776,0.33319947773798675
Q05397,PTK2,GradientBoosting,0.240828408101922,-0.0015569554886403288
Q05397,PTK2,GradientBoosting,0.7849724973269976,-0.23914241449432805
Q05397,PTK2,GradientBoosting,-1.2386792328246674,0.0507631283560316
Q05397,PTK2,GradientBoosting,0.6973068460379901,-0.5680240137118645
Q05397,PTK2,GradientBoosting,0.1800184878322366,0.6232008812042167
Q05397,PTK2,GradientBoosting,0.6985445796202245,0.7043697942933405
Q05397,PTK2,GradientBoosting,0.6892804050953568,0.2672083565626246
Q05397,PTK2,GradientBoosting,0.0893597937545213,1.1105941170053384
Q05397,PTK2,GradientBoosting,0.3140794148656078,0.6459776894288322
Q05397,PTK2,GradientBoosting,-0.0478029534650623,0.49983940719640774
Q05397,PTK2,GradientBoosting,1.2707127667343618,0.9152500633663032
Q05397,PTK2,GradientBoosting,-0.3311114640310967,1.3427358607125266
Q05397,PTK2,GradientBoosting,-0.5462897651897577,0.7501058426656944
Q05397,PTK2,MLP,0.933849912133205,-0.02124118732306851
Q05397,PTK2,MLP,-0.2954532167092805,0.49973902401859244
Q05397,PTK2,MLP,0.2625755686537058,1.1814933496269941
Q05397,PTK2,MLP,0.3064406743079226,0.7891830282346548
Q05397,PTK2,MLP,2.762964096577995,2.0884098219012035
Q05397,PTK2,MLP,-0.0167822368213776,0.6461178793899554
Q05397,PTK2,MLP,0.240828408101922,-0.22842699656218635
Q05397,PTK2,MLP,0.7849724973269976,0.5764080625972996
Q05397,PTK2,MLP,-1.2386792328246674,0.6022074109218691
Q05397,PTK2,MLP,0.6973068460379901,0.45441893651837434
Q05397,PTK2,MLP,0.1800184878322366,-0.10115942196977573
Q05397,PTK2,MLP,0.6985445796202245,0.6798568709040131
Q05397,PTK2,MLP,0.6892804050953568,0.04563584771535606
Q05397,PTK2,MLP,0.0893597937545213,0.450663623044294
Q05397,PTK2,MLP,0.3140794148656078,5.162913992594635
Q05397,PTK2,MLP,-0.0478029534650623,0.927003550416214
Q05397,PTK2,MLP,1.2707127667343618,0.30299161587575146
Q05397,PTK2,MLP,-0.3311114640310967,0.6470221292504437
Q05397,PTK2,MLP,-0.5462897651897577,-0.22204011196883636
Q05655,PRKCD,RandomForest,-0.979834917294549,-1.5621139587563695
Q05655,PRKCD,RandomForest,-0.8635216217643552,-0.7143043947020109
Q05655,PRKCD,RandomForest,0.9338515315479364,-0.6857092862856772
Q05655,PRKCD,RandomForest,0.873831997707832,-0.8871902391642434
Q05655,PRKCD,RandomForest,1.996163121135531,1.1161364081734524
Q05655,PRKCD,RandomForest,0.2611868023297602,-0.34911967998426624
Q05655,PRKCD,RandomForest,0.4692978650101826,-0.3573189003887268
Q05655,PRKCD,RandomForest,-2.115802422406607,-0.7587959675498239
Q05655,PRKCD,RandomForest,-1.2772865051278517,-0.09619215650813752
Q05655,PRKCD,RandomForest,-0.4386277993164081,-1.2967246880827028
Q05655,PRKCD,RandomForest,0.0621917240921633,-1.791742619208022
Q05655,PRKCD,RandomForest,-0.6949895031213443,0.29645149186821196
Q05655,PRKCD,RandomForest,-0.2778460054822116,-0.4346250731210746
Q05655,PRKCD,RandomForest,0.664938021367378,-0.37477130400009917
Q05655,PRKCD,RandomForest,-2.4047315061973618,-0.6780732538970059
Q05655,PRKCD,RandomForest,-2.533784701078603,0.01698676691094404
Q05655,PRKCD,RandomForest,-0.8843119691235579,-0.09845945135725805
Q05655,PRKCD,RandomForest,0.2164703773895405,0.9130061826817409
Q05655,PRKCD,RandomForest,-1.2385976313411968,-1.225134862439718
Q05655,PRKCD,XGBoost,-0.979834917294549,-1.6176187992095947
Q05655,PRKCD,XGBoost,-0.8635216217643552,-1.1910041570663452
Q05655,PRKCD,XGBoost,0.9338515315479364,-0.7713611125946045
Q05655,PRKCD,XGBoost,0.873831997707832,-1.2417978048324585
Q05655,PRKCD,XGBoost,1.996163121135531,0.8949416875839233
Q05655,PRKCD,XGBoost,0.2611868023297602,-0.1870395392179489
Q05655,PRKCD,XGBoost,0.4692978650101826,-0.07993848621845245
Q05655,PRKCD,XGBoost,-2.115802422406607,-2.3840925693511963
Q05655,PRKCD,XGBoost,-1.2772865051278517,0.6109315752983093
Q05655,PRKCD,XGBoost,-0.4386277993164081,-1.2312461137771606
Q05655,PRKCD,XGBoost,0.0621917240921633,-2.6376547813415527
Q05655,PRKCD,XGBoost,-0.6949895031213443,0.356261283159256
Q05655,PRKCD,XGBoost,-0.2778460054822116,-0.09759324789047241
Q05655,PRKCD,XGBoost,0.664938021367378,-0.5157861113548279
Q05655,PRKCD,XGBoost,-2.4047315061973618,-0.42192041873931885
Q05655,PRKCD,XGBoost,-2.533784701078603,0.9881592392921448
Q05655,PRKCD,XGBoost,-0.8843119691235579,1.0029566287994385
Q05655,PRKCD,XGBoost,0.2164703773895405,0.6117608547210693
Q05655,PRKCD,XGBoost,-1.2385976313411968,-1.2024190425872803
Q05655,PRKCD,PLS,-0.979834917294549,-3.3359855241889638
Q05655,PRKCD,PLS,-0.8635216217643552,-0.6459436174299424
Q05655,PRKCD,PLS,0.9338515315479364,-1.1715690112836925
Q05655,PRKCD,PLS,0.873831997707832,-0.8340541680516458
Q05655,PRKCD,PLS,1.996163121135531,0.6536054869943263
Q05655,PRKCD,PLS,0.2611868023297602,-0.0030757840477069753
Q05655,PRKCD,PLS,0.4692978650101826,-0.8677548902360512
Q05655,PRKCD,PLS,-2.115802422406607,-0.5997443011060672
Q05655,PRKCD,PLS,-1.2772865051278517,-0.805969257631612
Q05655,PRKCD,PLS,-0.4386277993164081,-0.9199335403259572
Q05655,PRKCD,PLS,0.0621917240921633,-1.7604522844112576
Q05655,PRKCD,PLS,-0.6949895031213443,-0.47431051689211196
Q05655,PRKCD,PLS,-0.2778460054822116,-0.286710096726013
Q05655,PRKCD,PLS,0.664938021367378,-0.440084847430257
Q05655,PRKCD,PLS,-2.4047315061973618,-0.6901920695823749
Q05655,PRKCD,PLS,-2.533784701078603,-0.11344286871736953
Q05655,PRKCD,PLS,-0.8843119691235579,-0.2460436301623143
Q05655,PRKCD,PLS,0.2164703773895405,1.748979289248219
Q05655,PRKCD,PLS,-1.2385976313411968,-0.8226552189095808
Q05655,PRKCD,SVR,-0.979834917294549,-3.6866953755450367
Q05655,PRKCD,SVR,-0.8635216217643552,-0.5532422684829652
Q05655,PRKCD,SVR,0.9338515315479364,-0.9559309847184796
Q05655,PRKCD,SVR,0.873831997707832,-0.8969173349729385
Q05655,PRKCD,SVR,1.996163121135531,0.8554744330901514
Q05655,PRKCD,SVR,0.2611868023297602,-0.23852696524174116
Q05655,PRKCD,SVR,0.4692978650101826,-0.9795389734216877
Q05655,PRKCD,SVR,-2.115802422406607,-0.4334939536460432
Q05655,PRKCD,SVR,-1.2772865051278517,-1.0597535468360944
Q05655,PRKCD,SVR,-0.4386277993164081,-0.5946122014601267
Q05655,PRKCD,SVR,0.0621917240921633,-1.2012452729117962
Q05655,PRKCD,SVR,-0.6949895031213443,-0.5040889528706165
Q05655,PRKCD,SVR,-0.2778460054822116,-0.0385426646807599
Q05655,PRKCD,SVR,0.664938021367378,-0.611868794641699
Q05655,PRKCD,SVR,-2.4047315061973618,-0.8678384112500976
Q05655,PRKCD,SVR,-2.533784701078603,0.025590361658416216
Q05655,PRKCD,SVR,-0.8843119691235579,-0.07756009948383308
Q05655,PRKCD,SVR,0.2164703773895405,0.7254929857437022
Q05655,PRKCD,SVR,-1.2385976313411968,-0.3008221601098678
Q05655,PRKCD,Lasso,-0.979834917294549,-2.3479325071867327
Q05655,PRKCD,Lasso,-0.8635216217643552,-0.6884278188883788
Q05655,PRKCD,Lasso,0.9338515315479364,-0.7822928835791276
Q05655,PRKCD,Lasso,0.873831997707832,-0.680393481784367
Q05655,PRKCD,Lasso,1.996163121135531,0.32574751453151396
Q05655,PRKCD,Lasso,0.2611868023297602,-0.11210957931780391
Q05655,PRKCD,Lasso,0.4692978650101826,-0.7647434717798396
Q05655,PRKCD,Lasso,-2.115802422406607,-0.6156368353712139
Q05655,PRKCD,Lasso,-1.2772865051278517,-0.6880667356094197
Q05655,PRKCD,Lasso,-0.4386277993164081,-0.6888331769711133
Q05655,PRKCD,Lasso,0.0621917240921633,-1.5688554171522606
Q05655,PRKCD,Lasso,-0.6949895031213443,-0.314654704838762
Q05655,PRKCD,Lasso,-0.2778460054822116,-0.4814535088813811
Q05655,PRKCD,Lasso,0.664938021367378,-0.48099762506485655
Q05655,PRKCD,Lasso,-2.4047315061973618,-0.5219299222273577
Q05655,PRKCD,Lasso,-2.533784701078603,-0.3383556620699798
Q05655,PRKCD,Lasso,-0.8843119691235579,-0.38891604727278256
Q05655,PRKCD,Lasso,0.2164703773895405,0.5165646891031083
Q05655,PRKCD,Lasso,-1.2385976313411968,-0.7409803303260281
Q05655,PRKCD,ElasticNet,-0.979834917294549,-2.645827006285883
Q05655,PRKCD,ElasticNet,-0.8635216217643552,-0.6491683934984612
Q05655,PRKCD,ElasticNet,0.9338515315479364,-0.959833317614472
Q05655,PRKCD,ElasticNet,0.873831997707832,-0.7259448801516459
Q05655,PRKCD,ElasticNet,1.996163121135531,0.46216571556998043
Q05655,PRKCD,ElasticNet,0.2611868023297602,-0.08010650224194871
Q05655,PRKCD,ElasticNet,0.4692978650101826,-0.7862861691557705
Q05655,PRKCD,ElasticNet,-2.115802422406607,-0.5946077176001143
Q05655,PRKCD,ElasticNet,-1.2772865051278517,-0.7116796183353233
Q05655,PRKCD,ElasticNet,-0.4386277993164081,-0.7708613605331524
Q05655,PRKCD,ElasticNet,0.0621917240921633,-1.606378919667116
Q05655,PRKCD,ElasticNet,-0.6949895031213443,-0.385861292957985
Q05655,PRKCD,ElasticNet,-0.2778460054822116,-0.40358786278009084
Q05655,PRKCD,ElasticNet,0.664938021367378,-0.4436029590893772
Q05655,PRKCD,ElasticNet,-2.4047315061973618,-0.5864023531792117
Q05655,PRKCD,ElasticNet,-2.533784701078603,-0.2579191386894558
Q05655,PRKCD,ElasticNet,-0.8843119691235579,-0.33626299814694827
Q05655,PRKCD,ElasticNet,0.2164703773895405,1.0556942559904399
Q05655,PRKCD,ElasticNet,-1.2385976313411968,-0.7921228611383853
Q05655,PRKCD,GradientBoosting,-0.979834917294549,-1.5848075162636062
Q05655,PRKCD,GradientBoosting,-0.8635216217643552,-0.9918632311363453
Q05655,PRKCD,GradientBoosting,0.9338515315479364,-0.9260177057607681
Q05655,PRKCD,GradientBoosting,0.873831997707832,-1.0573751352699416
Q05655,PRKCD,GradientBoosting,1.996163121135531,1.441339980952231
Q05655,PRKCD,GradientBoosting,0.2611868023297602,-0.5073424588680197
Q05655,PRKCD,GradientBoosting,0.4692978650101826,-0.5540826249999956
Q05655,PRKCD,GradientBoosting,-2.115802422406607,-1.8626045890493614
Q05655,PRKCD,GradientBoosting,-1.2772865051278517,-0.46287197077853
Q05655,PRKCD,GradientBoosting,-0.4386277993164081,-1.533177168491425
Q05655,PRKCD,GradientBoosting,0.0621917240921633,-2.5620370011421616
Q05655,PRKCD,GradientBoosting,-0.6949895031213443,0.2327108929786001
Q05655,PRKCD,GradientBoosting,-0.2778460054822116,-0.39554828612422355
Q05655,PRKCD,GradientBoosting,0.664938021367378,-0.607540363902909
Q05655,PRKCD,GradientBoosting,-2.4047315061973618,-1.2084929334146195
Q05655,PRKCD,GradientBoosting,-2.533784701078603,0.3891042650376003
Q05655,PRKCD,GradientBoosting,-0.8843119691235579,0.03996541242639164
Q05655,PRKCD,GradientBoosting,0.2164703773895405,0.8294428058435428
Q05655,PRKCD,GradientBoosting,-1.2385976313411968,-1.5769119439316772
Q05655,PRKCD,MLP,-0.979834917294549,-3.4722338899892513
Q05655,PRKCD,MLP,-0.8635216217643552,-1.2534215643723072
Q05655,PRKCD,MLP,0.9338515315479364,0.22198699964481855
Q05655,PRKCD,MLP,0.873831997707832,-0.9613648435830737
Q05655,PRKCD,MLP,1.996163121135531,1.0701767550573058
Q05655,PRKCD,MLP,0.2611868023297602,-0.3094017229357527
Q05655,PRKCD,MLP,0.4692978650101826,-1.1712971835660437
Q05655,PRKCD,MLP,-2.115802422406607,-1.225617681604204
Q05655,PRKCD,MLP,-1.2772865051278517,-0.7491487081635946
Q05655,PRKCD,MLP,-0.4386277993164081,-2.030251788394727
Q05655,PRKCD,MLP,0.0621917240921633,-2.325517874784637
Q05655,PRKCD,MLP,-0.6949895031213443,-0.5921497903377217
Q05655,PRKCD,MLP,-0.2778460054822116,-0.3066411654212344
Q05655,PRKCD,MLP,0.664938021367378,-0.6677407579969532
Q05655,PRKCD,MLP,-2.4047315061973618,0.030413065091348723
Q05655,PRKCD,MLP,-2.533784701078603,-1.1566921833278219
Q05655,PRKCD,MLP,-0.8843119691235579,-1.0458130403113346
Q05655,PRKCD,MLP,0.2164703773895405,5.146104797916538
Q05655,PRKCD,MLP,-1.2385976313411968,-0.6153887600419494
Q06187,BTK,RandomForest,1.7261871832526023,0.3009131955008131
Q06187,BTK,RandomForest,-1.3614103911605206,1.0329856184500585
Q06187,BTK,RandomForest,1.2984508638146293,0.3434190172366182
Q06187,BTK,RandomForest,0.3540645100742464,0.31076311341697205
Q06187,BTK,RandomForest,-1.0064056890381183,0.27192515647453974
Q06187,BTK,RandomForest,-0.185322138504667,0.31617774543955685
Q06187,BTK,RandomForest,0.3988031648733812,0.2550306377561604
Q06187,BTK,RandomForest,0.9573086097078762,0.3406596523870584
Q06187,BTK,RandomForest,-3.77601400711242,0.6532449878316738
Q06187,BTK,RandomForest,0.2249979557274792,0.3921180887392164
Q06187,BTK,RandomForest,-0.05755956651049,-0.6192300751282982
Q06187,BTK,RandomForest,1.3951990073355358,0.3434190172366182
Q06187,BTK,RandomForest,0.965060391557031,-0.39427292286013077
Q06187,BTK,RandomForest,-0.1049248209137961,1.1355244823470771
Q06187,BTK,RandomForest,1.6887549485881237,-0.4068100674907352
Q06187,BTK,RandomForest,0.0994016858815443,-0.550678778757935
Q06187,BTK,RandomForest,1.0624174582299422,0.38288751006838495
Q06187,BTK,RandomForest,1.154301602350615,0.30764328319753775
Q06187,BTK,RandomForest,-0.456891275545477,0.5270059896801577
Q06187,BTK,XGBoost,1.7261871832526023,-0.4451550245285034
Q06187,BTK,XGBoost,-1.3614103911605206,0.6768186092376709
Q06187,BTK,XGBoost,1.2984508638146293,0.5191478133201599
Q06187,BTK,XGBoost,0.3540645100742464,0.7610246539115906
Q06187,BTK,XGBoost,-1.0064056890381183,0.237104132771492
Q06187,BTK,XGBoost,-0.185322138504667,0.11153551936149597
Q06187,BTK,XGBoost,0.3988031648733812,0.732456386089325
Q06187,BTK,XGBoost,0.9573086097078762,0.7858076691627502
Q06187,BTK,XGBoost,-3.77601400711242,1.108522891998291
Q06187,BTK,XGBoost,0.2249979557274792,0.7473272085189819
Q06187,BTK,XGBoost,-0.05755956651049,-0.5042822957038879
Q06187,BTK,XGBoost,1.3951990073355358,0.5191478133201599
Q06187,BTK,XGBoost,0.965060391557031,-0.3443058133125305
Q06187,BTK,XGBoost,-0.1049248209137961,0.4087586998939514
Q06187,BTK,XGBoost,1.6887549485881237,-0.5963403582572937
Q06187,BTK,XGBoost,0.0994016858815443,-1.1927661895751953
Q06187,BTK,XGBoost,1.0624174582299422,0.3944251835346222
Q06187,BTK,XGBoost,1.154301602350615,0.25355079770088196
Q06187,BTK,XGBoost,-0.456891275545477,0.9946234226226807
Q06187,BTK,PLS,1.7261871832526023,0.032320836696596966
Q06187,BTK,PLS,-1.3614103911605206,0.3023858609718998
Q06187,BTK,PLS,1.2984508638146293,0.5569885857433792
Q06187,BTK,PLS,0.3540645100742464,0.3649883757374626
Q06187,BTK,PLS,-1.0064056890381183,0.16035374029109728
Q06187,BTK,PLS,-0.185322138504667,0.07925172405025477
Q06187,BTK,PLS,0.3988031648733812,0.38923833241513955
Q06187,BTK,PLS,0.9573086097078762,0.416796915696216
Q06187,BTK,PLS,-3.77601400711242,0.6290880155510408
Q06187,BTK,PLS,0.2249979557274792,0.2826492662609678
Q06187,BTK,PLS,-0.05755956651049,0.4120597576454267
Q06187,BTK,PLS,1.3951990073355358,0.5569885857433792
Q06187,BTK,PLS,0.965060391557031,0.4583879376705707
Q06187,BTK,PLS,-0.1049248209137961,0.4051067532610896
Q06187,BTK,PLS,1.6887549485881237,-0.47591821495219405
Q06187,BTK,PLS,0.0994016858815443,-0.6945242449686932
Q06187,BTK,PLS,1.0624174582299422,0.4770931353915973
Q06187,BTK,PLS,1.154301602350615,-0.11480973501532699
Q06187,BTK,PLS,-0.456891275545477,0.24236302788018585
Q06187,BTK,SVR,1.7261871832526023,-0.16479019410551163
Q06187,BTK,SVR,-1.3614103911605206,0.05469845931218245
Q06187,BTK,SVR,1.2984508638146293,0.33143639390353064
Q06187,BTK,SVR,0.3540645100742464,0.31367580003507434
Q06187,BTK,SVR,-1.0064056890381183,0.013385633057953789
Q06187,BTK,SVR,-0.185322138504667,0.001198139140416693
Q06187,BTK,SVR,0.3988031648733812,0.47089749178266127
Q06187,BTK,SVR,0.9573086097078762,0.15963018900274598
Q06187,BTK,SVR,-3.77601400711242,0.7846768603969358
Q06187,BTK,SVR,0.2249979557274792,0.05615570527119798
Q06187,BTK,SVR,-0.05755956651049,0.08828142989135293
Q06187,BTK,SVR,1.3951990073355358,0.33143639390353064
Q06187,BTK,SVR,0.965060391557031,0.18247025741873682
Q06187,BTK,SVR,-0.1049248209137961,0.12753336758318637
Q06187,BTK,SVR,1.6887549485881237,-0.5769317095346908
Q06187,BTK,SVR,0.0994016858815443,-0.7506043495417863
Q06187,BTK,SVR,1.0624174582299422,0.2822609062034297
Q06187,BTK,SVR,1.154301602350615,-0.12152064780765678
Q06187,BTK,SVR,-0.456891275545477,0.3652614159253881
Q06187,BTK,Lasso,1.7261871832526023,0.09171927219331855
Q06187,BTK,Lasso,-1.3614103911605206,0.31724327886106474
Q06187,BTK,Lasso,1.2984508638146293,0.506826152773132
Q06187,BTK,Lasso,0.3540645100742464,0.3207564345515524
Q06187,BTK,Lasso,-1.0064056890381183,0.17216641314958694
Q06187,BTK,Lasso,-0.185322138504667,0.09634730660443289
Q06187,BTK,Lasso,0.3988031648733812,0.2622573618279351
Q06187,BTK,Lasso,0.9573086097078762,0.4295735450236827
Q06187,BTK,Lasso,-3.77601400711242,0.46016665962792247
Q06187,BTK,Lasso,0.2249979557274792,0.3123156526485762
Q06187,BTK,Lasso,-0.05755956651049,0.44248124989702775
Q06187,BTK,Lasso,1.3951990073355358,0.506826152773132
Q06187,BTK,Lasso,0.965060391557031,0.45915239412337455
Q06187,BTK,Lasso,-0.1049248209137961,0.40857744851217764
Q06187,BTK,Lasso,1.6887549485881237,-0.3329029450703292
Q06187,BTK,Lasso,0.0994016858815443,-0.512084369418649
Q06187,BTK,Lasso,1.0624174582299422,0.45126071020746067
Q06187,BTK,Lasso,1.154301602350615,-0.08158395925847933
Q06187,BTK,Lasso,-0.456891275545477,0.09052571026831138
Q06187,BTK,ElasticNet,1.7261871832526023,0.07874152350421137
Q06187,BTK,ElasticNet,-1.3614103911605206,0.3190312812879963
Q06187,BTK,ElasticNet,1.2984508638146293,0.5255990544101816
Q06187,BTK,ElasticNet,0.3540645100742464,0.3120354296368802
Q06187,BTK,ElasticNet,-1.0064056890381183,0.17178739377059762
Q06187,BTK,ElasticNet,-0.185322138504667,0.08271897391149674
Q06187,BTK,ElasticNet,0.3988031648733812,0.29964520096358394
Q06187,BTK,ElasticNet,0.9573086097078762,0.41408652594900286
Q06187,BTK,ElasticNet,-3.77601400711242,0.47315893309469415
Q06187,BTK,ElasticNet,0.2249979557274792,0.2936877354060499
Q06187,BTK,ElasticNet,-0.05755956651049,0.4300399240176985
Q06187,BTK,ElasticNet,1.3951990073355358,0.5255990544101816
Q06187,BTK,ElasticNet,0.965060391557031,0.4556333647331301
Q06187,BTK,ElasticNet,-0.1049248209137961,0.41314452665923196
Q06187,BTK,ElasticNet,1.6887549485881237,-0.3737408854927503
Q06187,BTK,ElasticNet,0.0994016858815443,-0.5701392769486338
Q06187,BTK,ElasticNet,1.0624174582299422,0.44738327109712894
Q06187,BTK,ElasticNet,1.154301602350615,-0.09926051066032787
Q06187,BTK,ElasticNet,-0.456891275545477,0.17218279647210555
Q06187,BTK,GradientBoosting,1.7261871832526023,-0.29301452318505444
Q06187,BTK,GradientBoosting,-1.3614103911605206,0.8322801106754703
Q06187,BTK,GradientBoosting,1.2984508638146293,0.3256792066008669
Q06187,BTK,GradientBoosting,0.3540645100742464,0.16436642862274167
Q06187,BTK,GradientBoosting,-1.0064056890381183,0.261990431330289
Q06187,BTK,GradientBoosting,-0.185322138504667,0.39520900633735784
Q06187,BTK,GradientBoosting,0.3988031648733812,-0.0930833570074606
Q06187,BTK,GradientBoosting,0.9573086097078762,0.45268062912005114
Q06187,BTK,GradientBoosting,-3.77601400711242,1.0799605396286664
Q06187,BTK,GradientBoosting,0.2249979557274792,0.31391044763257636
Q06187,BTK,GradientBoosting,-0.05755956651049,-0.6210507082244389
Q06187,BTK,GradientBoosting,1.3951990073355358,0.3256792066008669
Q06187,BTK,GradientBoosting,0.965060391557031,-0.6211214703973985
Q06187,BTK,GradientBoosting,-0.1049248209137961,0.7774150807334085
Q06187,BTK,GradientBoosting,1.6887549485881237,-0.704853857143946
Q06187,BTK,GradientBoosting,0.0994016858815443,-0.23723497119332262
Q06187,BTK,GradientBoosting,1.0624174582299422,0.32987384933561015
Q06187,BTK,GradientBoosting,1.154301602350615,0.2816492714926412
Q06187,BTK,GradientBoosting,-0.456891275545477,0.8763827434299281
Q06187,BTK,MLP,1.7261871832526023,-0.011074650599473355
Q06187,BTK,MLP,-1.3614103911605206,-0.011074650599473355
Q06187,BTK,MLP,1.2984508638146293,0.18122931938525472
Q06187,BTK,MLP,0.3540645100742464,0.46343683942602365
Q06187,BTK,MLP,-1.0064056890381183,-0.011074650599473355
Q06187,BTK,MLP,-0.185322138504667,-0.011074650599473355
Q06187,BTK,MLP,0.3988031648733812,0.19742000254410766
Q06187,BTK,MLP,0.9573086097078762,0.3041187237484619
Q06187,BTK,MLP,-3.77601400711242,0.9130200833958165
Q06187,BTK,MLP,0.2249979557274792,0.14674135414258968
Q06187,BTK,MLP,-0.05755956651049,0.1165806337669753
Q06187,BTK,MLP,1.3951990073355358,0.18122931938525472
Q06187,BTK,MLP,0.965060391557031,0.18539035762371187
Q06187,BTK,MLP,-0.1049248209137961,-0.011074650599473355
Q06187,BTK,MLP,1.6887549485881237,-0.011074650599473355
Q06187,BTK,MLP,0.0994016858815443,-0.011074650599473355
Q06187,BTK,MLP,1.0624174582299422,0.3938027245508435
Q06187,BTK,MLP,1.154301602350615,-0.011074650599473355
Q06187,BTK,MLP,-0.456891275545477,-0.011074650599473355
Q07002,CDK18,RandomForest,0.7710384866934988,0.38193108644132256
Q07002,CDK18,RandomForest,-0.3994288761853072,0.37680277276341967
Q07002,CDK18,RandomForest,0.0734482945631567,0.5806409777302678
Q07002,CDK18,RandomForest,-0.2672191183751782,1.1610462971270241
Q07002,CDK18,RandomForest,-1.4984144443589824,-0.6455553268245582
Q07002,CDK18,RandomForest,0.9197138159391188,0.16856911100260125
Q07002,CDK18,RandomForest,2.0351984595853887,0.6997901175364395
Q07002,CDK18,RandomForest,-0.7997907456320972,0.365111270903801
Q07002,CDK18,RandomForest,-0.638003047905261,-0.6295622798113366
Q07002,CDK18,RandomForest,0.831329158326232,0.8979364255357067
Q07002,CDK18,RandomForest,-1.7316755948454767,0.6481230954293231
Q07002,CDK18,RandomForest,0.1553070439621329,0.7658668817149791
Q07002,CDK18,RandomForest,0.0738281281498836,0.4418639662831972
Q07002,CDK18,RandomForest,0.7131443152859489,0.0727511518261477
Q07002,CDK18,RandomForest,1.1154104341682345,1.4000525697050927
Q07002,CDK18,RandomForest,-0.0796510257377649,0.3787501449001829
Q07002,CDK18,RandomForest,-0.6430335785877943,-0.7972333540554014
Q07002,CDK18,RandomForest,-0.605859810778382,0.6998956946861632
Q07002,CDK18,RandomForest,-0.2206028544656667,0.8663522267285693
Q07002,CDK18,XGBoost,0.7710384866934988,0.5565260052680969
Q07002,CDK18,XGBoost,-0.3994288761853072,0.15565678477287292
Q07002,CDK18,XGBoost,0.0734482945631567,0.759052574634552
Q07002,CDK18,XGBoost,-0.2672191183751782,2.1697816848754883
Q07002,CDK18,XGBoost,-1.4984144443589824,-1.0072236061096191
Q07002,CDK18,XGBoost,0.9197138159391188,0.05848674476146698
Q07002,CDK18,XGBoost,2.0351984595853887,0.5453815460205078
Q07002,CDK18,XGBoost,-0.7997907456320972,-0.13837429881095886
Q07002,CDK18,XGBoost,-0.638003047905261,-1.1576405763626099
Q07002,CDK18,XGBoost,0.831329158326232,0.4802086651325226
Q07002,CDK18,XGBoost,-1.7316755948454767,-0.2132776379585266
Q07002,CDK18,XGBoost,0.1553070439621329,0.07501670718193054
Q07002,CDK18,XGBoost,0.0738281281498836,0.9975150227546692
Q07002,CDK18,XGBoost,0.7131443152859489,0.1643470823764801
Q07002,CDK18,XGBoost,1.1154104341682345,1.6736794710159302
Q07002,CDK18,XGBoost,-0.0796510257377649,0.3049379885196686
Q07002,CDK18,XGBoost,-0.6430335785877943,-1.1173864603042603
Q07002,CDK18,XGBoost,-0.605859810778382,0.9743980169296265
Q07002,CDK18,XGBoost,-0.2206028544656667,0.8769406676292419
Q07002,CDK18,PLS,0.7710384866934988,0.865023642433029
Q07002,CDK18,PLS,-0.3994288761853072,0.8270156134453801
Q07002,CDK18,PLS,0.0734482945631567,0.23643849072931272
Q07002,CDK18,PLS,-0.2672191183751782,0.4392863286206634
Q07002,CDK18,PLS,-1.4984144443589824,-0.3081277375636645
Q07002,CDK18,PLS,0.9197138159391188,1.138636414038024
Q07002,CDK18,PLS,2.0351984595853887,1.1126618508376134
Q07002,CDK18,PLS,-0.7997907456320972,0.4876057326389062
Q07002,CDK18,PLS,-0.638003047905261,0.3162297543939697
Q07002,CDK18,PLS,0.831329158326232,0.4861025352081695
Q07002,CDK18,PLS,-1.7316755948454767,0.6958194241969837
Q07002,CDK18,PLS,0.1553070439621329,1.0553009089650203
Q07002,CDK18,PLS,0.0738281281498836,0.20734313621046674
Q07002,CDK18,PLS,0.7131443152859489,1.5545364648634967
Q07002,CDK18,PLS,1.1154104341682345,0.27703181945531885
Q07002,CDK18,PLS,-0.0796510257377649,0.8825256726446158
Q07002,CDK18,PLS,-0.6430335785877943,0.17207082838463805
Q07002,CDK18,PLS,-0.605859810778382,0.5975471270121936
Q07002,CDK18,PLS,-0.2206028544656667,0.26848098599644765
Q07002,CDK18,SVR,0.7710384866934988,0.8622456175295012
Q07002,CDK18,SVR,-0.3994288761853072,0.8786641027720254
Q07002,CDK18,SVR,0.0734482945631567,0.3355837629887939
Q07002,CDK18,SVR,-0.2672191183751782,0.17461921294713023
Q07002,CDK18,SVR,-1.4984144443589824,-0.07953638988157974
Q07002,CDK18,SVR,0.9197138159391188,0.8868877015881955
Q07002,CDK18,SVR,2.0351984595853887,1.0321705947453415
Q07002,CDK18,SVR,-0.7997907456320972,0.5166118627924765
Q07002,CDK18,SVR,-0.638003047905261,0.41972742144881914
Q07002,CDK18,SVR,0.831329158326232,0.435304238151037
Q07002,CDK18,SVR,-1.7316755948454767,0.7599742054225289
Q07002,CDK18,SVR,0.1553070439621329,0.9237244423902615
Q07002,CDK18,SVR,0.0738281281498836,0.3155042313845897
Q07002,CDK18,SVR,0.7131443152859489,1.0167753992236965
Q07002,CDK18,SVR,1.1154104341682345,0.411082180343295
Q07002,CDK18,SVR,-0.0796510257377649,0.24147173165705182
Q07002,CDK18,SVR,-0.6430335785877943,0.32069428935061883
Q07002,CDK18,SVR,-0.605859810778382,0.6957642583906414
Q07002,CDK18,SVR,-0.2206028544656667,0.5063743066491564
Q07002,CDK18,Lasso,0.7710384866934988,0.6040445192798173
Q07002,CDK18,Lasso,-0.3994288761853072,0.6390204450127057
Q07002,CDK18,Lasso,0.0734482945631567,0.5257630918308476
Q07002,CDK18,Lasso,-0.2672191183751782,0.6234466362403941
Q07002,CDK18,Lasso,-1.4984144443589824,0.14855840428861145
Q07002,CDK18,Lasso,0.9197138159391188,0.7824973042628044
Q07002,CDK18,Lasso,2.0351984595853887,0.5802948093284596
Q07002,CDK18,Lasso,-0.7997907456320972,0.4128137377775731
Q07002,CDK18,Lasso,-0.638003047905261,0.31196726926533525
Q07002,CDK18,Lasso,0.831329158326232,0.4942376385314828
Q07002,CDK18,Lasso,-1.7316755948454767,0.5207958263122804
Q07002,CDK18,Lasso,0.1553070439621329,0.6967800421438225
Q07002,CDK18,Lasso,0.0738281281498836,0.4286519721830441
Q07002,CDK18,Lasso,0.7131443152859489,0.7623387338921671
Q07002,CDK18,Lasso,1.1154104341682345,0.5036505845891989
Q07002,CDK18,Lasso,-0.0796510257377649,0.6935361501877082
Q07002,CDK18,Lasso,-0.6430335785877943,0.34968976660202233
Q07002,CDK18,Lasso,-0.605859810778382,0.5722976057545441
Q07002,CDK18,Lasso,-0.2206028544656667,0.459381625624685
Q07002,CDK18,ElasticNet,0.7710384866934988,0.6639772821067917
Q07002,CDK18,ElasticNet,-0.3994288761853072,0.6431070344119595
Q07002,CDK18,ElasticNet,0.0734482945631567,0.48635386437500744
Q07002,CDK18,ElasticNet,-0.2672191183751782,0.6834803861943693
Q07002,CDK18,ElasticNet,-1.4984144443589824,-0.055770387689638046
Q07002,CDK18,ElasticNet,0.9197138159391188,0.8795387483111323
Q07002,CDK18,ElasticNet,2.0351984595853887,0.7008039113095096
Q07002,CDK18,ElasticNet,-0.7997907456320972,0.4045831079921049
Q07002,CDK18,ElasticNet,-0.638003047905261,0.2792779402796016
Q07002,CDK18,ElasticNet,0.831329158326232,0.5385898784077201
Q07002,CDK18,ElasticNet,-1.7316755948454767,0.5542205309689604
Q07002,CDK18,ElasticNet,0.1553070439621329,0.8222970612260201
Q07002,CDK18,ElasticNet,0.0738281281498836,0.358358189294588
Q07002,CDK18,ElasticNet,0.7131443152859489,0.8897908162636181
Q07002,CDK18,ElasticNet,1.1154104341682345,0.46210337871736357
Q07002,CDK18,ElasticNet,-0.0796510257377649,0.7397684329291608
Q07002,CDK18,ElasticNet,-0.6430335785877943,0.2711058223883006
Q07002,CDK18,ElasticNet,-0.605859810778382,0.6240394402894109
Q07002,CDK18,ElasticNet,-0.2206028544656667,0.40305187043550017
Q07002,CDK18,GradientBoosting,0.7710384866934988,0.34756511651883654
Q07002,CDK18,GradientBoosting,-0.3994288761853072,-0.09751984666186991
Q07002,CDK18,GradientBoosting,0.0734482945631567,0.39231907715674086
Q07002,CDK18,GradientBoosting,-0.2672191183751782,1.32159763655546
Q07002,CDK18,GradientBoosting,-1.4984144443589824,-0.39699530150044754
Q07002,CDK18,GradientBoosting,0.9197138159391188,-0.23994569031174826
Q07002,CDK18,GradientBoosting,2.0351984595853887,0.6740256625273177
Q07002,CDK18,GradientBoosting,-0.7997907456320972,0.07201944305339433
Q07002,CDK18,GradientBoosting,-0.638003047905261,-1.0435696998747706
Q07002,CDK18,GradientBoosting,0.831329158326232,0.7912419866872274
Q07002,CDK18,GradientBoosting,-1.7316755948454767,0.5322832762402581
Q07002,CDK18,GradientBoosting,0.1553070439621329,0.738729256725541
Q07002,CDK18,GradientBoosting,0.0738281281498836,0.48605444170604983
Q07002,CDK18,GradientBoosting,0.7131443152859489,-0.22797885818519265
Q07002,CDK18,GradientBoosting,1.1154104341682345,1.806780070474493
Q07002,CDK18,GradientBoosting,-0.0796510257377649,0.3279978128353664
Q07002,CDK18,GradientBoosting,-0.6430335785877943,-0.9380615075695546
Q07002,CDK18,GradientBoosting,-0.605859810778382,0.7447157464043636
Q07002,CDK18,GradientBoosting,-0.2206028544656667,0.7821571422085137
Q07002,CDK18,MLP,0.7710384866934988,0.276867981268899
Q07002,CDK18,MLP,-0.3994288761853072,-0.001645412614294961
Q07002,CDK18,MLP,0.0734482945631567,-0.2490486879135858
Q07002,CDK18,MLP,-0.2672191183751782,-1.2049724124989558
Q07002,CDK18,MLP,-1.4984144443589824,-2.9564593142652624
Q07002,CDK18,MLP,0.9197138159391188,0.55897639468274
Q07002,CDK18,MLP,2.0351984595853887,0.6356629391986888
Q07002,CDK18,MLP,-0.7997907456320972,0.598564335816492
Q07002,CDK18,MLP,-0.638003047905261,-1.3994405892345145
Q07002,CDK18,MLP,0.831329158326232,-0.4819783803106883
Q07002,CDK18,MLP,-1.7316755948454767,1.068226157729231
Q07002,CDK18,MLP,0.1553070439621329,0.30119491170852974
Q07002,CDK18,MLP,0.0738281281498836,0.2598910632049003
Q07002,CDK18,MLP,0.7131443152859489,1.3521168874783638
Q07002,CDK18,MLP,1.1154104341682345,0.14045100744932904
Q07002,CDK18,MLP,-0.0796510257377649,1.0722460358386836
Q07002,CDK18,MLP,-0.6430335785877943,-0.9707166965819558
Q07002,CDK18,MLP,-0.605859810778382,-1.2179644159074243
Q07002,CDK18,MLP,-0.2206028544656667,0.526517226530467
Q13043,STK4,RandomForest,0.2861434164663232,-0.12726305626560994
Q13043,STK4,RandomForest,-1.3379766494535974,-0.7458727109330812
Q13043,STK4,RandomForest,1.432313346439267,0.7457769142415209
Q13043,STK4,RandomForest,0.4118770171879035,0.7829680566412047
Q13043,STK4,RandomForest,1.1235560995281686,1.6833140576398495
Q13043,STK4,RandomForest,-1.839079641992565,-0.5515491424304046
Q13043,STK4,RandomForest,2.1340003966099763,2.248489177744938
Q13043,STK4,RandomForest,1.9501764928841083,1.063002845964007
Q13043,STK4,RandomForest,0.7894115049490503,0.8136684908227988
Q13043,STK4,RandomForest,2.438319064180775,1.7957902193729967
Q13043,STK4,RandomForest,1.843633765793951,1.0593492059534066
Q13043,STK4,RandomForest,-0.1058120029317302,0.014695777441833617
Q13043,STK4,RandomForest,1.6259189616290848,0.33016532912253993
Q13043,STK4,RandomForest,-1.1271871106185465,-0.5379203667746545
Q13043,STK4,RandomForest,-0.3528596474067569,0.2690850769515729
Q13043,STK4,RandomForest,1.1163338602163286,-0.05656826270180793
Q13043,STK4,RandomForest,1.9617817628018737,1.2029164796562322
Q13043,STK4,RandomForest,-0.25102127910931,1.0511314735134238
Q13043,STK4,RandomForest,-0.2711819267102805,-0.5307115440220146
Q13043,STK4,XGBoost,0.2861434164663232,0.9831711649894714
Q13043,STK4,XGBoost,-1.3379766494535974,-1.639859914779663
Q13043,STK4,XGBoost,1.432313346439267,1.4709478616714478
Q13043,STK4,XGBoost,0.4118770171879035,1.6509089469909668
Q13043,STK4,XGBoost,1.1235560995281686,0.3686196506023407
Q13043,STK4,XGBoost,-1.839079641992565,-1.1299409866333008
Q13043,STK4,XGBoost,2.1340003966099763,2.737711191177368
Q13043,STK4,XGBoost,1.9501764928841083,1.2888031005859375
Q13043,STK4,XGBoost,0.7894115049490503,1.03361177444458
Q13043,STK4,XGBoost,2.438319064180775,0.6383028030395508
Q13043,STK4,XGBoost,1.843633765793951,1.0868059396743774
Q13043,STK4,XGBoost,-0.1058120029317302,-0.05923818424344063
Q13043,STK4,XGBoost,1.6259189616290848,0.7069118022918701
Q13043,STK4,XGBoost,-1.1271871106185465,-1.07694411277771
Q13043,STK4,XGBoost,-0.3528596474067569,0.9299349188804626
Q13043,STK4,XGBoost,1.1163338602163286,0.03675998002290726
Q13043,STK4,XGBoost,1.9617817628018737,1.0575966835021973
Q13043,STK4,XGBoost,-0.25102127910931,1.997457504272461
Q13043,STK4,XGBoost,-0.2711819267102805,-0.021113412454724312
Q13043,STK4,PLS,0.2861434164663232,-0.05301762057707038
Q13043,STK4,PLS,-1.3379766494535974,-0.18489378889143632
Q13043,STK4,PLS,1.432313346439267,1.2349350686746303
Q13043,STK4,PLS,0.4118770171879035,0.8524751245151716
Q13043,STK4,PLS,1.1235560995281686,1.0814722550027314
Q13043,STK4,PLS,-1.839079641992565,-1.11546380064658
Q13043,STK4,PLS,2.1340003966099763,0.43880995224073743
Q13043,STK4,PLS,1.9501764928841083,1.1660730083708168
Q13043,STK4,PLS,0.7894115049490503,1.0535903537983882
Q13043,STK4,PLS,2.438319064180775,0.946270671824363
Q13043,STK4,PLS,1.843633765793951,0.9628750852665655
Q13043,STK4,PLS,-0.1058120029317302,0.45234527832785587
Q13043,STK4,PLS,1.6259189616290848,-0.11139911106597095
Q13043,STK4,PLS,-1.1271871106185465,-0.6965393460957907
Q13043,STK4,PLS,-0.3528596474067569,0.4394295415864372
Q13043,STK4,PLS,1.1163338602163286,0.408296283352782
Q13043,STK4,PLS,1.9617817628018737,1.2096495144900021
Q13043,STK4,PLS,-0.25102127910931,0.5830514391352724
Q13043,STK4,PLS,-0.2711819267102805,0.14936153858322565
Q13043,STK4,SVR,0.2861434164663232,0.19194577645895627
Q13043,STK4,SVR,-1.3379766494535974,-0.22947865356867547
Q13043,STK4,SVR,1.432313346439267,1.631343471314313
Q13043,STK4,SVR,0.4118770171879035,0.8436143916897496
Q13043,STK4,SVR,1.1235560995281686,1.1800947402880642
Q13043,STK4,SVR,-1.839079641992565,-1.133664719904524
Q13043,STK4,SVR,2.1340003966099763,0.5026956078616784
Q13043,STK4,SVR,1.9501764928841083,1.0974153996087725
Q13043,STK4,SVR,0.7894115049490503,1.3102228081788632
Q13043,STK4,SVR,2.438319064180775,1.0096334035219838
Q13043,STK4,SVR,1.843633765793951,1.207517980783134
Q13043,STK4,SVR,-0.1058120029317302,0.6348604163926849
Q13043,STK4,SVR,1.6259189616290848,0.0244821084008775
Q13043,STK4,SVR,-1.1271871106185465,-0.7000664108587356
Q13043,STK4,SVR,-0.3528596474067569,0.7623918690263025
Q13043,STK4,SVR,1.1163338602163286,0.5757234193428108
Q13043,STK4,SVR,1.9617817628018737,1.401914628057419
Q13043,STK4,SVR,-0.25102127910931,0.7125724103878798
Q13043,STK4,SVR,-0.2711819267102805,0.4579324111351688
Q13043,STK4,Lasso,0.2861434164663232,0.08820922496926903
Q13043,STK4,Lasso,-1.3379766494535974,-0.13325455195410357
Q13043,STK4,Lasso,1.432313346439267,1.1804710841279784
Q13043,STK4,Lasso,0.4118770171879035,0.7139128072785634
Q13043,STK4,Lasso,1.1235560995281686,0.9409407473046123
Q13043,STK4,Lasso,-1.839079641992565,-0.8750672178198393
Q13043,STK4,Lasso,2.1340003966099763,0.4103510096892631
Q13043,STK4,Lasso,1.9501764928841083,0.9514473784187756
Q13043,STK4,Lasso,0.7894115049490503,0.9784251280725613
Q13043,STK4,Lasso,2.438319064180775,0.8178287942206506
Q13043,STK4,Lasso,1.843633765793951,0.9092946227991938
Q13043,STK4,Lasso,-0.1058120029317302,0.4594658833009091
Q13043,STK4,Lasso,1.6259189616290848,0.0005854179870454779
Q13043,STK4,Lasso,-1.1271871106185465,-0.5293905103997569
Q13043,STK4,Lasso,-0.3528596474067569,0.5107121065847108
Q13043,STK4,Lasso,1.1163338602163286,0.4337088858074109
Q13043,STK4,Lasso,1.9617817628018737,1.08123527308767
Q13043,STK4,Lasso,-0.25102127910931,0.5535230111514069
Q13043,STK4,Lasso,-0.2711819267102805,0.2647329483115275
Q13043,STK4,ElasticNet,0.2861434164663232,0.037404554861274475
Q13043,STK4,ElasticNet,-1.3379766494535974,-0.1221358215859294
Q13043,STK4,ElasticNet,1.432313346439267,1.1575869822860378
Q13043,STK4,ElasticNet,0.4118770171879035,0.7683100340353202
Q13043,STK4,ElasticNet,1.1235560995281686,0.9813837971507302
Q13043,STK4,ElasticNet,-1.839079641992565,-0.917673677102671
Q13043,STK4,ElasticNet,2.1340003966099763,0.4268131541274695
Q13043,STK4,ElasticNet,1.9501764928841083,1.0376297477052487
Q13043,STK4,ElasticNet,0.7894115049490503,0.9794303605389902
Q13043,STK4,ElasticNet,2.438319064180775,0.8597707827474113
Q13043,STK4,ElasticNet,1.843633765793951,0.9103794836092068
Q13043,STK4,ElasticNet,-0.1058120029317302,0.44664342237828464
Q13043,STK4,ElasticNet,1.6259189616290848,-0.026743214578459462
Q13043,STK4,ElasticNet,-1.1271871106185465,-0.5538574789693614
Q13043,STK4,ElasticNet,-0.3528596474067569,0.4651750408781187
Q13043,STK4,ElasticNet,1.1163338602163286,0.4255122508289989
Q13043,STK4,ElasticNet,1.9617817628018737,1.1059168429873676
Q13043,STK4,ElasticNet,-0.25102127910931,0.5618917608412692
Q13043,STK4,ElasticNet,-0.2711819267102805,0.2066089721550976
Q13043,STK4,GradientBoosting,0.2861434164663232,0.6198422899717616
Q13043,STK4,GradientBoosting,-1.3379766494535974,-1.1511535865441695
Q13043,STK4,GradientBoosting,1.432313346439267,2.0194380065735795
Q13043,STK4,GradientBoosting,0.4118770171879035,0.9157918106735875
Q13043,STK4,GradientBoosting,1.1235560995281686,1.0067217308168375
Q13043,STK4,GradientBoosting,-1.839079641992565,-0.7302880435861328
Q13043,STK4,GradientBoosting,2.1340003966099763,1.9641564732042425
Q13043,STK4,GradientBoosting,1.9501764928841083,0.8509003420487212
Q13043,STK4,GradientBoosting,0.7894115049490503,0.14777095228193832
Q13043,STK4,GradientBoosting,2.438319064180775,1.6097189041014888
Q13043,STK4,GradientBoosting,1.843633765793951,1.0184071400725103
Q13043,STK4,GradientBoosting,-0.1058120029317302,-0.13557366818014824
Q13043,STK4,GradientBoosting,1.6259189616290848,0.4309846439010589
Q13043,STK4,GradientBoosting,-1.1271871106185465,-0.7756600651295136
Q13043,STK4,GradientBoosting,-0.3528596474067569,0.333916324904957
Q13043,STK4,GradientBoosting,1.1163338602163286,0.12428143554633078
Q13043,STK4,GradientBoosting,1.9617817628018737,1.4251163414694317
Q13043,STK4,GradientBoosting,-0.25102127910931,0.799654900637895
Q13043,STK4,GradientBoosting,-0.2711819267102805,0.21119595218010345
Q13043,STK4,MLP,0.2861434164663232,0.9302605412359923
Q13043,STK4,MLP,-1.3379766494535974,-1.093106783986141
Q13043,STK4,MLP,1.432313346439267,0.3933619379599625
Q13043,STK4,MLP,0.4118770171879035,0.3933619379599625
Q13043,STK4,MLP,1.1235560995281686,0.3933619379599625
Q13043,STK4,MLP,-1.839079641992565,-1.7133582123167923
Q13043,STK4,MLP,2.1340003966099763,0.3933619379599625
Q13043,STK4,MLP,1.9501764928841083,0.3933619379599625
Q13043,STK4,MLP,0.7894115049490503,0.3933619379599625
Q13043,STK4,MLP,2.438319064180775,0.3933619379599625
Q13043,STK4,MLP,1.843633765793951,0.3933619379599625
Q13043,STK4,MLP,-0.1058120029317302,0.3933619379599625
Q13043,STK4,MLP,1.6259189616290848,0.17748380414305615
Q13043,STK4,MLP,-1.1271871106185465,-1.3637091520912565
Q13043,STK4,MLP,-0.3528596474067569,0.3933619379599625
Q13043,STK4,MLP,1.1163338602163286,0.64826228803827
Q13043,STK4,MLP,1.9617817628018737,0.3933619379599625
Q13043,STK4,MLP,-0.25102127910931,0.3933619379599625
Q13043,STK4,MLP,-0.2711819267102805,0.3933619379599625
Q13131,PRKAA1,RandomForest,-0.0183155745930377,0.47354703909906853
Q13131,PRKAA1,RandomForest,-2.069470542543264,-0.3918463977146003
Q13131,PRKAA1,RandomForest,1.0673967797135309,-0.06567612953288071
Q13131,PRKAA1,RandomForest,0.184457112561087,0.6729958084703723
Q13131,PRKAA1,RandomForest,1.0897623128449394,-0.7176405397199701
Q13131,PRKAA1,RandomForest,-0.6633824847158376,-0.5978572426894239
Q13131,PRKAA1,RandomForest,0.4124726222495389,1.3709211212069787
Q13131,PRKAA1,RandomForest,1.4081988201254982,0.5611065292926126
Q13131,PRKAA1,RandomForest,0.1666765503847418,0.5626205797161422
Q13131,PRKAA1,RandomForest,-1.030823695567719,1.1405826525981053
Q13131,PRKAA1,RandomForest,0.2729202515530968,0.9553424347971778
Q13131,PRKAA1,RandomForest,1.4077497920326345,0.8812905407718664
Q13131,PRKAA1,RandomForest,1.5205011608123982,1.3195800546148577
Q13131,PRKAA1,RandomForest,-1.0763654398463962,0.5809268478532335
Q13131,PRKAA1,RandomForest,-1.122160119402984,0.17790355154323798
Q13131,PRKAA1,RandomForest,0.6329908782756245,0.9335920248159049
Q13131,PRKAA1,RandomForest,-1.328663433486728,0.9996226283259199
Q13131,PRKAA1,RandomForest,0.6338396339965623,0.1284724683699848
Q13131,PRKAA1,RandomForest,2.2431221700918,0.7826137679159221
Q13131,PRKAA1,XGBoost,-0.0183155745930377,0.6906503438949585
Q13131,PRKAA1,XGBoost,-2.069470542543264,-0.2016538679599762
Q13131,PRKAA1,XGBoost,1.0673967797135309,0.9445802569389343
Q13131,PRKAA1,XGBoost,0.184457112561087,0.5388497114181519
Q13131,PRKAA1,XGBoost,1.0897623128449394,0.1438724249601364
Q13131,PRKAA1,XGBoost,-0.6633824847158376,-0.418555349111557
Q13131,PRKAA1,XGBoost,0.4124726222495389,1.9347164630889893
Q13131,PRKAA1,XGBoost,1.4081988201254982,0.71419358253479
Q13131,PRKAA1,XGBoost,0.1666765503847418,0.71419358253479
Q13131,PRKAA1,XGBoost,-1.030823695567719,1.707446575164795
Q13131,PRKAA1,XGBoost,0.2729202515530968,1.6965543031692505
Q13131,PRKAA1,XGBoost,1.4077497920326345,1.044098973274231
Q13131,PRKAA1,XGBoost,1.5205011608123982,1.0904560089111328
Q13131,PRKAA1,XGBoost,-1.0763654398463962,0.3579202890396118
Q13131,PRKAA1,XGBoost,-1.122160119402984,0.5760231018066406
Q13131,PRKAA1,XGBoost,0.6329908782756245,0.8595143556594849
Q13131,PRKAA1,XGBoost,-1.328663433486728,1.0886270999908447
Q13131,PRKAA1,XGBoost,0.6338396339965623,-0.1735605150461197
Q13131,PRKAA1,XGBoost,2.2431221700918,0.5041298866271973
Q13131,PRKAA1,PLS,-0.0183155745930377,-0.19316136726207164
Q13131,PRKAA1,PLS,-2.069470542543264,0.38551514536522746
Q13131,PRKAA1,PLS,1.0673967797135309,-0.2894416955194268
Q13131,PRKAA1,PLS,0.184457112561087,0.6390991619501264
Q13131,PRKAA1,PLS,1.0897623128449394,-0.0019905201472337347
Q13131,PRKAA1,PLS,-0.6633824847158376,0.053527158862899
Q13131,PRKAA1,PLS,0.4124726222495389,0.8685197630691384
Q13131,PRKAA1,PLS,1.4081988201254982,0.5329707239139692
Q13131,PRKAA1,PLS,0.1666765503847418,0.716786885020793
Q13131,PRKAA1,PLS,-1.030823695567719,0.2698982972235872
Q13131,PRKAA1,PLS,0.2729202515530968,0.594274957491266
Q13131,PRKAA1,PLS,1.4077497920326345,-0.0797117066323855
Q13131,PRKAA1,PLS,1.5205011608123982,0.6605139760594754
Q13131,PRKAA1,PLS,-1.0763654398463962,0.5113784077298112
Q13131,PRKAA1,PLS,-1.122160119402984,0.610545570900678
Q13131,PRKAA1,PLS,0.6329908782756245,1.1401680386465984
Q13131,PRKAA1,PLS,-1.328663433486728,0.9388987794199556
Q13131,PRKAA1,PLS,0.6338396339965623,-0.04973103669484777
Q13131,PRKAA1,PLS,2.2431221700918,0.27440928270384074
Q13131,PRKAA1,SVR,-0.0183155745930377,-0.029737733073536443
Q13131,PRKAA1,SVR,-2.069470542543264,0.5553884241245204
Q13131,PRKAA1,SVR,1.0673967797135309,0.06608129234729743
Q13131,PRKAA1,SVR,0.184457112561087,0.5427423573047345
Q13131,PRKAA1,SVR,1.0897623128449394,0.28016329952250263
Q13131,PRKAA1,SVR,-0.6633824847158376,0.307193067796812
Q13131,PRKAA1,SVR,0.4124726222495389,0.6713788791591198
Q13131,PRKAA1,SVR,1.4081988201254982,0.5036473401322064
Q13131,PRKAA1,SVR,0.1666765503847418,0.6209350322094078
Q13131,PRKAA1,SVR,-1.030823695567719,0.21724746197942016
Q13131,PRKAA1,SVR,0.2729202515530968,0.3924087332750649
Q13131,PRKAA1,SVR,1.4077497920326345,-0.015906869406543178
Q13131,PRKAA1,SVR,1.5205011608123982,0.5681158564930077
Q13131,PRKAA1,SVR,-1.0763654398463962,0.45855606506933055
Q13131,PRKAA1,SVR,-1.122160119402984,0.41892462432837685
Q13131,PRKAA1,SVR,0.6329908782756245,0.9485392555635368
Q13131,PRKAA1,SVR,-1.328663433486728,0.7507629140293376
Q13131,PRKAA1,SVR,0.6338396339965623,0.10351675500587132
Q13131,PRKAA1,SVR,2.2431221700918,0.3150777026577285
Q13131,PRKAA1,Lasso,-0.0183155745930377,-0.11751179417751223
Q13131,PRKAA1,Lasso,-2.069470542543264,0.32973621342884585
Q13131,PRKAA1,Lasso,1.0673967797135309,-0.09905000410458314
Q13131,PRKAA1,Lasso,0.184457112561087,0.3956051933303555
Q13131,PRKAA1,Lasso,1.0897623128449394,0.11877255771015297
Q13131,PRKAA1,Lasso,-0.6633824847158376,0.10609179144068122
Q13131,PRKAA1,Lasso,0.4124726222495389,0.6066843922484075
Q13131,PRKAA1,Lasso,1.4081988201254982,0.5930457228947899
Q13131,PRKAA1,Lasso,0.1666765503847418,0.7386367295888211
Q13131,PRKAA1,Lasso,-1.030823695567719,0.25421933379265943
Q13131,PRKAA1,Lasso,0.2729202515530968,0.49130193368215
Q13131,PRKAA1,Lasso,1.4077497920326345,-0.11579396889002258
Q13131,PRKAA1,Lasso,1.5205011608123982,0.5843173381107937
Q13131,PRKAA1,Lasso,-1.0763654398463962,0.3205149728854718
Q13131,PRKAA1,Lasso,-1.122160119402984,0.36369734915215846
Q13131,PRKAA1,Lasso,0.6329908782756245,0.988685236645262
Q13131,PRKAA1,Lasso,-1.328663433486728,0.7874611254889519
Q13131,PRKAA1,Lasso,0.6338396339965623,0.022453638085714767
Q13131,PRKAA1,Lasso,2.2431221700918,0.07957114917310151
Q13131,PRKAA1,ElasticNet,-0.0183155745930377,-0.14249559839909826
Q13131,PRKAA1,ElasticNet,-2.069470542543264,0.3495746000516439
Q13131,PRKAA1,ElasticNet,1.0673967797135309,-0.16820395315330194
Q13131,PRKAA1,ElasticNet,0.184457112561087,0.486566797961792
Q13131,PRKAA1,ElasticNet,1.0897623128449394,0.07164846202255994
Q13131,PRKAA1,ElasticNet,-0.6633824847158376,0.08774197006804833
Q13131,PRKAA1,ElasticNet,0.4124726222495389,0.6970534719471388
Q13131,PRKAA1,ElasticNet,1.4081988201254982,0.5504907190221023
Q13131,PRKAA1,ElasticNet,0.1666765503847418,0.7067333133318952
Q13131,PRKAA1,ElasticNet,-1.030823695567719,0.2524058528580046
Q13131,PRKAA1,ElasticNet,0.2729202515530968,0.516400297995212
Q13131,PRKAA1,ElasticNet,1.4077497920326345,-0.09575742199495901
Q13131,PRKAA1,ElasticNet,1.5205011608123982,0.5986435165144723
Q13131,PRKAA1,ElasticNet,-1.0763654398463962,0.3921252950165516
Q13131,PRKAA1,ElasticNet,-1.122160119402984,0.45418429926315323
Q13131,PRKAA1,ElasticNet,0.6329908782756245,1.0218163480994238
Q13131,PRKAA1,ElasticNet,-1.328663433486728,0.8259650118350907
Q13131,PRKAA1,ElasticNet,0.6338396339965623,-0.005017842815636969
Q13131,PRKAA1,ElasticNet,2.2431221700918,0.16192440742801698
Q13131,PRKAA1,GradientBoosting,-0.0183155745930377,0.29498783579492893
Q13131,PRKAA1,GradientBoosting,-2.069470542543264,-0.3915352185296403
Q13131,PRKAA1,GradientBoosting,1.0673967797135309,0.435575052031777
Q13131,PRKAA1,GradientBoosting,0.184457112561087,0.8190955677758609
Q13131,PRKAA1,GradientBoosting,1.0897623128449394,-0.48569739692039127
Q13131,PRKAA1,GradientBoosting,-0.6633824847158376,-0.7513563499194664
Q13131,PRKAA1,GradientBoosting,0.4124726222495389,1.7365579553323678
Q13131,PRKAA1,GradientBoosting,1.4081988201254982,0.7279155860935418
Q13131,PRKAA1,GradientBoosting,0.1666765503847418,0.7279155860935418
Q13131,PRKAA1,GradientBoosting,-1.030823695567719,1.3634440839540907
Q13131,PRKAA1,GradientBoosting,0.2729202515530968,1.0790254299977882
Q13131,PRKAA1,GradientBoosting,1.4077497920326345,1.3038533309734726
Q13131,PRKAA1,GradientBoosting,1.5205011608123982,1.4178959848191055
Q13131,PRKAA1,GradientBoosting,-1.0763654398463962,0.2573329929364722
Q13131,PRKAA1,GradientBoosting,-1.122160119402984,0.2908137827977205
Q13131,PRKAA1,GradientBoosting,0.6329908782756245,1.3257530342721302
Q13131,PRKAA1,GradientBoosting,-1.328663433486728,1.3506959825012153
Q13131,PRKAA1,GradientBoosting,0.6338396339965623,0.2337841789500974
Q13131,PRKAA1,GradientBoosting,2.2431221700918,1.2285913876480055
Q13131,PRKAA1,MLP,-0.0183155745930377,0.019292104056761215
Q13131,PRKAA1,MLP,-2.069470542543264,0.018438435245780458
Q13131,PRKAA1,MLP,1.0673967797135309,0.018438435245780458
Q13131,PRKAA1,MLP,0.184457112561087,0.4826046795234862
Q13131,PRKAA1,MLP,1.0897623128449394,0.018438435245780458
Q13131,PRKAA1,MLP,-0.6633824847158376,0.018438435245780458
Q13131,PRKAA1,MLP,0.4124726222495389,0.2637453014280999
Q13131,PRKAA1,MLP,1.4081988201254982,0.018438435245780458
Q13131,PRKAA1,MLP,0.1666765503847418,0.018438435245780458
Q13131,PRKAA1,MLP,-1.030823695567719,0.018438435245780458
Q13131,PRKAA1,MLP,0.2729202515530968,0.018438435245780458
Q13131,PRKAA1,MLP,1.4077497920326345,0.15392518513534018
Q13131,PRKAA1,MLP,1.5205011608123982,0.018438435245780458
Q13131,PRKAA1,MLP,-1.0763654398463962,0.40204334293176586
Q13131,PRKAA1,MLP,-1.122160119402984,0.6027447147156578
Q13131,PRKAA1,MLP,0.6329908782756245,0.018438435245780458
Q13131,PRKAA1,MLP,-1.328663433486728,0.018438435245780458
Q13131,PRKAA1,MLP,0.6338396339965623,0.018438435245780458
Q13131,PRKAA1,MLP,2.2431221700918,0.7479549172531201
Q13153,PAK1,RandomForest,-0.3175747827995672,0.7268570110238202
Q13153,PAK1,RandomForest,-0.8425637128878636,-0.7508644853387885
Q13153,PAK1,RandomForest,0.4961614276615854,0.2761887178141878
Q13153,PAK1,RandomForest,1.6779392571941856,0.35449862795223624
Q13153,PAK1,RandomForest,0.11871055471107,-1.5077268156891295
Q13153,PAK1,RandomForest,-1.3569463174533072,-0.7725116331808409
Q13153,PAK1,RandomForest,1.7403040354660275,0.41241628485222726
Q13153,PAK1,RandomForest,-1.5093546959623243,0.04120358307967188
Q13153,PAK1,RandomForest,-1.3319849056437676,0.332641098430288
Q13153,PAK1,RandomForest,1.8012824101309552,-1.5436147126747115
Q13153,PAK1,RandomForest,-2.245222463149071,0.22785395383360463
Q13153,PAK1,RandomForest,0.2336591346952783,0.013741800896280472
Q13153,PAK1,RandomForest,-1.5872399576240086,-0.3874540880577724
Q13153,PAK1,RandomForest,-1.5126105909617538,-0.9221888496125407
Q13153,PAK1,RandomForest,0.7012345179735917,0.42202013927256
Q13153,PAK1,RandomForest,-0.1807064328456158,-0.34758565857898155
Q13153,PAK1,RandomForest,-2.4673839547695224,0.48592826614163703
Q13153,PAK1,RandomForest,-1.2456328818647564,-1.0058408673652572
Q13153,PAK1,RandomForest,0.9904338065426644,0.0323552456575069
Q13153,PAK1,XGBoost,-0.3175747827995672,1.5787789821624756
Q13153,PAK1,XGBoost,-0.8425637128878636,-1.2666621208190918
Q13153,PAK1,XGBoost,0.4961614276615854,-0.7886243462562561
Q13153,PAK1,XGBoost,1.6779392571941856,0.2972871661186218
Q13153,PAK1,XGBoost,0.11871055471107,-1.615767002105713
Q13153,PAK1,XGBoost,-1.3569463174533072,-0.7388278245925903
Q13153,PAK1,XGBoost,1.7403040354660275,1.5819787979125977
Q13153,PAK1,XGBoost,-1.5093546959623243,-0.20018567144870758
Q13153,PAK1,XGBoost,-1.3319849056437676,1.4752111434936523
Q13153,PAK1,XGBoost,1.8012824101309552,-1.3594815731048584
Q13153,PAK1,XGBoost,-2.245222463149071,-0.21290846168994904
Q13153,PAK1,XGBoost,0.2336591346952783,0.09702543169260025
Q13153,PAK1,XGBoost,-1.5872399576240086,-1.403552532196045
Q13153,PAK1,XGBoost,-1.5126105909617538,-1.4466851949691772
Q13153,PAK1,XGBoost,0.7012345179735917,1.7144551277160645
Q13153,PAK1,XGBoost,-0.1807064328456158,-0.3850020170211792
Q13153,PAK1,XGBoost,-2.4673839547695224,0.47214752435684204
Q13153,PAK1,XGBoost,-1.2456328818647564,-1.7343229055404663
Q13153,PAK1,XGBoost,0.9904338065426644,-0.4861787259578705
Q13153,PAK1,PLS,-0.3175747827995672,0.3435714035274532
Q13153,PAK1,PLS,-0.8425637128878636,-0.9449771217529794
Q13153,PAK1,PLS,0.4961614276615854,-0.11942513385203729
Q13153,PAK1,PLS,1.6779392571941856,-0.024606243438870357
Q13153,PAK1,PLS,0.11871055471107,-1.120836316392837
Q13153,PAK1,PLS,-1.3569463174533072,-0.7905808647917562
Q13153,PAK1,PLS,1.7403040354660275,0.009172581140517999
Q13153,PAK1,PLS,-1.5093546959623243,0.15223925152855566
Q13153,PAK1,PLS,-1.3319849056437676,-0.10699623596351165
Q13153,PAK1,PLS,1.8012824101309552,-0.7749681742588892
Q13153,PAK1,PLS,-2.245222463149071,0.1597320634016774
Q13153,PAK1,PLS,0.2336591346952783,0.18544180763257495
Q13153,PAK1,PLS,-1.5872399576240086,-0.36759222380089895
Q13153,PAK1,PLS,-1.5126105909617538,-0.8325419366341096
Q13153,PAK1,PLS,0.7012345179735917,0.08796816030918198
Q13153,PAK1,PLS,-0.1807064328456158,0.29557303990028694
Q13153,PAK1,PLS,-2.4673839547695224,0.06490394073516598
Q13153,PAK1,PLS,-1.2456328818647564,-1.0697793276933663
Q13153,PAK1,PLS,0.9904338065426644,-0.008073846451525701
Q13153,PAK1,SVR,-0.3175747827995672,0.10962159450655015
Q13153,PAK1,SVR,-0.8425637128878636,-0.6977852056452655
Q13153,PAK1,SVR,0.4961614276615854,-0.14174274447396565
Q13153,PAK1,SVR,1.6779392571941856,-0.23347201192613046
Q13153,PAK1,SVR,0.11871055471107,-0.7732620344536879
Q13153,PAK1,SVR,-1.3569463174533072,-0.525886122856246
Q13153,PAK1,SVR,1.7403040354660275,0.012271232238934254
Q13153,PAK1,SVR,-1.5093546959623243,-0.0032800600752927733
Q13153,PAK1,SVR,-1.3319849056437676,-0.1539146645473664
Q13153,PAK1,SVR,1.8012824101309552,-0.5129206501679816
Q13153,PAK1,SVR,-2.245222463149071,0.020953216927740742
Q13153,PAK1,SVR,0.2336591346952783,-0.11978206397173655
Q13153,PAK1,SVR,-1.5872399576240086,-0.4462207809623536
Q13153,PAK1,SVR,-1.5126105909617538,-0.616664585442797
Q13153,PAK1,SVR,0.7012345179735917,0.10364012204096781
Q13153,PAK1,SVR,-0.1807064328456158,0.011847997760166457
Q13153,PAK1,SVR,-2.4673839547695224,0.02008129290145863
Q13153,PAK1,SVR,-1.2456328818647564,-0.6135400469886862
Q13153,PAK1,SVR,0.9904338065426644,-0.09168541082057499
Q13153,PAK1,Lasso,-0.3175747827995672,-0.08240329074476546
Q13153,PAK1,Lasso,-0.8425637128878636,-0.6465165748204669
Q13153,PAK1,Lasso,0.4961614276615854,-0.2628668924258209
Q13153,PAK1,Lasso,1.6779392571941856,-0.21020063784834206
Q13153,PAK1,Lasso,0.11871055471107,-0.8471555522455538
Q13153,PAK1,Lasso,-1.3569463174533072,-0.636868456303332
Q13153,PAK1,Lasso,1.7403040354660275,-0.12158662313083993
Q13153,PAK1,Lasso,-1.5093546959623243,-0.09012552357946568
Q13153,PAK1,Lasso,-1.3319849056437676,-0.21315541495895685
Q13153,PAK1,Lasso,1.8012824101309552,-0.7543609058146272
Q13153,PAK1,Lasso,-2.245222463149071,0.023527217318413784
Q13153,PAK1,Lasso,0.2336591346952783,0.052372330114511534
Q13153,PAK1,Lasso,-1.5872399576240086,-0.4135177084701167
Q13153,PAK1,Lasso,-1.5126105909617538,-0.6918786474706125
Q13153,PAK1,Lasso,0.7012345179735917,-0.1466540772865445
Q13153,PAK1,Lasso,-0.1807064328456158,0.1798123055679295
Q13153,PAK1,Lasso,-2.4673839547695224,-0.04103903015559282
Q13153,PAK1,Lasso,-1.2456328818647564,-0.7358649171583529
Q13153,PAK1,Lasso,0.9904338065426644,-0.17859221524242658
Q13153,PAK1,ElasticNet,-0.3175747827995672,0.03740556249996463
Q13153,PAK1,ElasticNet,-0.8425637128878636,-0.7793164980773892
Q13153,PAK1,ElasticNet,0.4961614276615854,-0.2550642348378627
Q13153,PAK1,ElasticNet,1.6779392571941856,-0.19047571612839764
Q13153,PAK1,ElasticNet,0.11871055471107,-0.9950784625809234
Q13153,PAK1,ElasticNet,-1.3569463174533072,-0.7076134273502649
Q13153,PAK1,ElasticNet,1.7403040354660275,-0.08129086346228934
Q13153,PAK1,ElasticNet,-1.5093546959623243,-0.010761151813086733
Q13153,PAK1,ElasticNet,-1.3319849056437676,-0.19514615146786313
Q13153,PAK1,ElasticNet,1.8012824101309552,-0.7988916118222674
Q13153,PAK1,ElasticNet,-2.245222463149071,0.07296882154543333
Q13153,PAK1,ElasticNet,0.2336591346952783,0.08859766740389763
Q13153,PAK1,ElasticNet,-1.5872399576240086,-0.38512127413344727
Q13153,PAK1,ElasticNet,-1.5126105909617538,-0.7777536827073666
Q13153,PAK1,ElasticNet,0.7012345179735917,-0.11164746601807718
Q13153,PAK1,ElasticNet,-0.1807064328456158,0.24920658840202703
Q13153,PAK1,ElasticNet,-2.4673839547695224,-0.017963709972696806
Q13153,PAK1,ElasticNet,-1.2456328818647564,-0.8249917593719441
Q13153,PAK1,ElasticNet,0.9904338065426644,-0.061942573682181534
Q13153,PAK1,GradientBoosting,-0.3175747827995672,1.0048298337504826
Q13153,PAK1,GradientBoosting,-0.8425637128878636,-1.0968995334057392
Q13153,PAK1,GradientBoosting,0.4961614276615854,0.3504690211791376
Q13153,PAK1,GradientBoosting,1.6779392571941856,0.6773134294332245
Q13153,PAK1,GradientBoosting,0.11871055471107,-1.5327643388226913
Q13153,PAK1,GradientBoosting,-1.3569463174533072,-1.783344555807271
Q13153,PAK1,GradientBoosting,1.7403040354660275,0.152633268656578
Q13153,PAK1,GradientBoosting,-1.5093546959623243,0.9338411079399564
Q13153,PAK1,GradientBoosting,-1.3319849056437676,0.4623228036088982
Q13153,PAK1,GradientBoosting,1.8012824101309552,-2.611070967772896
Q13153,PAK1,GradientBoosting,-2.245222463149071,-0.39432536581328625
Q13153,PAK1,GradientBoosting,0.2336591346952783,-0.2577981293677876
Q13153,PAK1,GradientBoosting,-1.5872399576240086,-0.6385601947609049
Q13153,PAK1,GradientBoosting,-1.5126105909617538,-2.154176360321107
Q13153,PAK1,GradientBoosting,0.7012345179735917,0.9417299295540459
Q13153,PAK1,GradientBoosting,-0.1807064328456158,0.02729234195490155
Q13153,PAK1,GradientBoosting,-2.4673839547695224,0.7310363983925904
Q13153,PAK1,GradientBoosting,-1.2456328818647564,-1.3429459710406957
Q13153,PAK1,GradientBoosting,0.9904338065426644,-0.029509024718569126
Q13153,PAK1,MLP,-0.3175747827995672,2.295673900015164
Q13153,PAK1,MLP,-0.8425637128878636,-1.6090632204645503
Q13153,PAK1,MLP,0.4961614276615854,0.018681965229313008
Q13153,PAK1,MLP,1.6779392571941856,1.5108688867984401
Q13153,PAK1,MLP,0.11871055471107,-3.039264543713668
Q13153,PAK1,MLP,-1.3569463174533072,-1.4444702204295299
Q13153,PAK1,MLP,1.7403040354660275,0.8350883166632861
Q13153,PAK1,MLP,-1.5093546959623243,0.6031925349909604
Q13153,PAK1,MLP,-1.3319849056437676,0.08675293642155407
Q13153,PAK1,MLP,1.8012824101309552,-3.458000043126129
Q13153,PAK1,MLP,-2.245222463149071,0.23318764072519751
Q13153,PAK1,MLP,0.2336591346952783,0.6782183294511479
Q13153,PAK1,MLP,-1.5872399576240086,0.23318764072519751
Q13153,PAK1,MLP,-1.5126105909617538,-1.7984590394769258
Q13153,PAK1,MLP,0.7012345179735917,0.5894923926165777
Q13153,PAK1,MLP,-0.1807064328456158,-1.175367724439305
Q13153,PAK1,MLP,-2.4673839547695224,0.5879702918567526
Q13153,PAK1,MLP,-1.2456328818647564,-4.860800522330846
Q13153,PAK1,MLP,0.9904338065426644,0.030426776684835122
Q13177,PAK2,RandomForest,1.487945239733823,0.4113740372304264
Q13177,PAK2,RandomForest,-2.8343071557757,-0.2690322836699893
Q13177,PAK2,RandomForest,0.111348841929825,-1.1716133357030103
Q13177,PAK2,RandomForest,-0.0598243452556799,-0.34664981454117255
Q13177,PAK2,RandomForest,-0.2630508028151143,-0.35367693181311305
Q13177,PAK2,RandomForest,-0.9812008427141156,-0.5642199369351946
Q13177,PAK2,RandomForest,-0.4296009260642032,-0.6464921641161385
Q13177,PAK2,RandomForest,-0.4704206686046759,-0.15978642601093615
Q13177,PAK2,RandomForest,-0.3085392445087535,-1.0505153965531626
Q13177,PAK2,RandomForest,-1.3480058785954934,-0.2496738296128001
Q13177,PAK2,RandomForest,0.3691953614073847,-0.17559788983272942
Q13177,PAK2,RandomForest,1.3207451406170911,-0.2736337573481935
Q13177,PAK2,RandomForest,0.0455595603242201,-0.3489277342667269
Q13177,PAK2,RandomForest,-0.0972197981187312,-0.36946670755593614
Q13177,PAK2,RandomForest,-0.7421417613371103,-0.10867253262369038
Q13177,PAK2,RandomForest,-1.489810458456364,0.12349635238622382
Q13177,PAK2,RandomForest,-0.6663155193025067,-0.7872378854386731
Q13177,PAK2,RandomForest,0.0152905726911995,-0.8845102394868107
Q13177,PAK2,RandomForest,0.4600389304734447,0.3656497567001848
Q13177,PAK2,XGBoost,1.487945239733823,0.5767024755477905
Q13177,PAK2,XGBoost,-2.8343071557757,-0.3371467888355255
Q13177,PAK2,XGBoost,0.111348841929825,-1.6683307886123657
Q13177,PAK2,XGBoost,-0.0598243452556799,-0.30222782492637634
Q13177,PAK2,XGBoost,-0.2630508028151143,-0.09843693673610687
Q13177,PAK2,XGBoost,-0.9812008427141156,-0.3009909689426422
Q13177,PAK2,XGBoost,-0.4296009260642032,-0.2593190371990204
Q13177,PAK2,XGBoost,-0.4704206686046759,-0.32788053154945374
Q13177,PAK2,XGBoost,-0.3085392445087535,-0.7565060257911682
Q13177,PAK2,XGBoost,-1.3480058785954934,-0.42749980092048645
Q13177,PAK2,XGBoost,0.3691953614073847,-0.4906280040740967
Q13177,PAK2,XGBoost,1.3207451406170911,-0.2003084123134613
Q13177,PAK2,XGBoost,0.0455595603242201,-0.8786954879760742
Q13177,PAK2,XGBoost,-0.0972197981187312,-0.18060272932052612
Q13177,PAK2,XGBoost,-0.7421417613371103,-0.4889587163925171
Q13177,PAK2,XGBoost,-1.489810458456364,-0.022987497970461845
Q13177,PAK2,XGBoost,-0.6663155193025067,-1.1206730604171753
Q13177,PAK2,XGBoost,0.0152905726911995,-1.696363091468811
Q13177,PAK2,XGBoost,0.4600389304734447,0.057828061282634735
Q13177,PAK2,PLS,1.487945239733823,0.30485085794740346
Q13177,PAK2,PLS,-2.8343071557757,-0.4817497871701215
Q13177,PAK2,PLS,0.111348841929825,-1.2802591160437262
Q13177,PAK2,PLS,-0.0598243452556799,0.15463325918610016
Q13177,PAK2,PLS,-0.2630508028151143,-0.4896686056973213
Q13177,PAK2,PLS,-0.9812008427141156,-0.3600177598775478
Q13177,PAK2,PLS,-0.4296009260642032,-0.09061465777987293
Q13177,PAK2,PLS,-0.4704206686046759,-0.25599553962411303
Q13177,PAK2,PLS,-0.3085392445087535,-0.1896026568648004
Q13177,PAK2,PLS,-1.3480058785954934,0.12279025003097815
Q13177,PAK2,PLS,0.3691953614073847,-0.6431770911404544
Q13177,PAK2,PLS,1.3207451406170911,-0.3675810669108675
Q13177,PAK2,PLS,0.0455595603242201,-0.34882321964174234
Q13177,PAK2,PLS,-0.0972197981187312,-0.3662277556892329
Q13177,PAK2,PLS,-0.7421417613371103,-0.019825300554453196
Q13177,PAK2,PLS,-1.489810458456364,0.42127110389557537
Q13177,PAK2,PLS,-0.6663155193025067,-0.07861891718651609
Q13177,PAK2,PLS,0.0152905726911995,-0.967640614201958
Q13177,PAK2,PLS,0.4600389304734447,-0.11772236310587594
Q13177,PAK2,SVR,1.487945239733823,0.09225861135864524
Q13177,PAK2,SVR,-2.8343071557757,-0.3176264057154201
Q13177,PAK2,SVR,0.111348841929825,-0.2803558641158328
Q13177,PAK2,SVR,-0.0598243452556799,0.08533868287999005
Q13177,PAK2,SVR,-0.2630508028151143,-0.2885975845178219
Q13177,PAK2,SVR,-0.9812008427141156,-0.31248596553224584
Q13177,PAK2,SVR,-0.4296009260642032,-0.16994446776654112
Q13177,PAK2,SVR,-0.4704206686046759,-0.4022132705451995
Q13177,PAK2,SVR,-0.3085392445087535,-0.540283184534768
Q13177,PAK2,SVR,-1.3480058785954934,-0.014296513315126352
Q13177,PAK2,SVR,0.3691953614073847,-0.5491364339151223
Q13177,PAK2,SVR,1.3207451406170911,0.15650414925949588
Q13177,PAK2,SVR,0.0455595603242201,-0.4001297528554403
Q13177,PAK2,SVR,-0.0972197981187312,-0.7898802963284582
Q13177,PAK2,SVR,-0.7421417613371103,0.06454603076297885
Q13177,PAK2,SVR,-1.489810458456364,-0.10204313981501209
Q13177,PAK2,SVR,-0.6663155193025067,-0.41361586037226017
Q13177,PAK2,SVR,0.0152905726911995,-0.3963207452231584
Q13177,PAK2,SVR,0.4600389304734447,0.08544812299275775
Q13177,PAK2,Lasso,1.487945239733823,-0.0694538158921934
Q13177,PAK2,Lasso,-2.8343071557757,-0.3330163155503949
Q13177,PAK2,Lasso,0.111348841929825,-0.5080748608416861
Q13177,PAK2,Lasso,-0.0598243452556799,-0.15744502170051639
Q13177,PAK2,Lasso,-0.2630508028151143,-0.5720541888639257
Q13177,PAK2,Lasso,-0.9812008427141156,-0.3384875194296371
Q13177,PAK2,Lasso,-0.4296009260642032,-0.2450445404099445
Q13177,PAK2,Lasso,-0.4704206686046759,-0.3378790056207446
Q13177,PAK2,Lasso,-0.3085392445087535,-0.24474318583610702
Q13177,PAK2,Lasso,-1.3480058785954934,-0.2142591546489729
Q13177,PAK2,Lasso,0.3691953614073847,-0.349230468820648
Q13177,PAK2,Lasso,1.3207451406170911,-0.37978340490723295
Q13177,PAK2,Lasso,0.0455595603242201,-0.3686327480319632
Q13177,PAK2,Lasso,-0.0972197981187312,-0.3557905357788461
Q13177,PAK2,Lasso,-0.7421417613371103,-0.12258493719861543
Q13177,PAK2,Lasso,-1.489810458456364,-0.01861666171888704
Q13177,PAK2,Lasso,-0.6663155193025067,-0.2653255051817928
Q13177,PAK2,Lasso,0.0152905726911995,-0.3475709143006278
Q13177,PAK2,Lasso,0.4600389304734447,-0.119792066198459
Q13177,PAK2,ElasticNet,1.487945239733823,0.09669722437194184
Q13177,PAK2,ElasticNet,-2.8343071557757,-0.3481212649552089
Q13177,PAK2,ElasticNet,0.111348841929825,-0.8080373305306632
Q13177,PAK2,ElasticNet,-0.0598243452556799,-0.07088303136748
Q13177,PAK2,ElasticNet,-0.2630508028151143,-0.5992695285947892
Q13177,PAK2,ElasticNet,-0.9812008427141156,-0.3485538456130749
Q13177,PAK2,ElasticNet,-0.4296009260642032,-0.15275966810316957
Q13177,PAK2,ElasticNet,-0.4704206686046759,-0.2975076438855556
Q13177,PAK2,ElasticNet,-0.3085392445087535,-0.21727578466594158
Q13177,PAK2,ElasticNet,-1.3480058785954934,-0.11727031312795985
Q13177,PAK2,ElasticNet,0.3691953614073847,-0.40702449979857847
Q13177,PAK2,ElasticNet,1.3207451406170911,-0.4627857486653898
Q13177,PAK2,ElasticNet,0.0455595603242201,-0.36405490948930874
Q13177,PAK2,ElasticNet,-0.0972197981187312,-0.41832532381284604
Q13177,PAK2,ElasticNet,-0.7421417613371103,-0.030981641169487734
Q13177,PAK2,ElasticNet,-1.489810458456364,0.1613621735996696
Q13177,PAK2,ElasticNet,-0.6663155193025067,-0.20789605181092363
Q13177,PAK2,ElasticNet,0.0152905726911995,-0.5374701632698209
Q13177,PAK2,ElasticNet,0.4600389304734447,-0.07463460094209315
Q13177,PAK2,GradientBoosting,1.487945239733823,0.5567450215695886
Q13177,PAK2,GradientBoosting,-2.8343071557757,-0.3835008871775771
Q13177,PAK2,GradientBoosting,0.111348841929825,-0.618990356558187
Q13177,PAK2,GradientBoosting,-0.0598243452556799,-1.2186143833116982
Q13177,PAK2,GradientBoosting,-0.2630508028151143,-0.25483906060567146
Q13177,PAK2,GradientBoosting,-0.9812008427141156,-0.32504053054751947
Q13177,PAK2,GradientBoosting,-0.4296009260642032,-0.449321031620422
Q13177,PAK2,GradientBoosting,-0.4704206686046759,-0.10062764926060658
Q13177,PAK2,GradientBoosting,-0.3085392445087535,-1.3737175543319275
Q13177,PAK2,GradientBoosting,-1.3480058785954934,-0.10950564405082787
Q13177,PAK2,GradientBoosting,0.3691953614073847,0.05645161819146394
Q13177,PAK2,GradientBoosting,1.3207451406170911,-0.453918966325073
Q13177,PAK2,GradientBoosting,0.0455595603242201,-1.095913120973737
Q13177,PAK2,GradientBoosting,-0.0972197981187312,-0.12323679688333784
Q13177,PAK2,GradientBoosting,-0.7421417613371103,0.15971762108108636
Q13177,PAK2,GradientBoosting,-1.489810458456364,0.6152794150344302
Q13177,PAK2,GradientBoosting,-0.6663155193025067,-0.6138904697523707
Q13177,PAK2,GradientBoosting,0.0152905726911995,-1.4480614036960149
Q13177,PAK2,GradientBoosting,0.4600389304734447,1.044979839928851
Q13177,PAK2,MLP,1.487945239733823,1.4703261952347335
Q13177,PAK2,MLP,-2.8343071557757,-1.867938383752145
Q13177,PAK2,MLP,0.111348841929825,-1.6946388905436118
Q13177,PAK2,MLP,-0.0598243452556799,1.429128107044146
Q13177,PAK2,MLP,-0.2630508028151143,-1.3537643994170476
Q13177,PAK2,MLP,-0.9812008427141156,-1.8998627706219808
Q13177,PAK2,MLP,-0.4296009260642032,-1.0219858045966235
Q13177,PAK2,MLP,-0.4704206686046759,-0.18091163842714925
Q13177,PAK2,MLP,-0.3085392445087535,0.1965339855169058
Q13177,PAK2,MLP,-1.3480058785954934,-0.964480483450311
Q13177,PAK2,MLP,0.3691953614073847,-0.3148322807287407
Q13177,PAK2,MLP,1.3207451406170911,-0.37931134208279993
Q13177,PAK2,MLP,0.0455595603242201,-2.1194123857428333
Q13177,PAK2,MLP,-0.0972197981187312,-1.8044946061492448
Q13177,PAK2,MLP,-0.7421417613371103,1.0934110230689327
Q13177,PAK2,MLP,-1.489810458456364,3.454112836489006
Q13177,PAK2,MLP,-0.6663155193025067,-1.016115292613495
Q13177,PAK2,MLP,0.0152905726911995,-1.9165191784861457
Q13177,PAK2,MLP,0.4600389304734447,0.2622356729926427
Q13233,MAP3K1,RandomForest,-0.217587851759969,0.3267268986708474
Q13233,MAP3K1,RandomForest,0.417902471224933,0.967437772731262
Q13233,MAP3K1,RandomForest,-0.1965257321242166,-0.36296156413920655
Q13233,MAP3K1,RandomForest,0.3443911099347112,0.13227268389742552
Q13233,MAP3K1,RandomForest,-0.4879193864048969,-0.9555826692587914
Q13233,MAP3K1,RandomForest,-0.7860773274152892,0.6816950732114736
Q13233,MAP3K1,RandomForest,0.1384224847300238,0.03020464027975688
Q13233,MAP3K1,RandomForest,1.197322708081629,-0.8914502308843514
Q13233,MAP3K1,RandomForest,1.1675237965323304,1.2469016989204402
Q13233,MAP3K1,RandomForest,-1.0300377127212768,0.23280698979147263
Q13233,MAP3K1,RandomForest,0.7169080474462499,0.8008786274743279
Q13233,MAP3K1,RandomForest,1.823055193330938,-0.44138220033486697
Q13233,MAP3K1,RandomForest,-0.1476472906116139,0.6042689990092923
Q13233,MAP3K1,RandomForest,-4.295834670895665,0.2063350938241354
Q13233,MAP3K1,RandomForest,-0.6445921886866446,-2.938354073546944
Q13233,MAP3K1,RandomForest,1.9266638697287377,0.15629861934864203
Q13233,MAP3K1,RandomForest,0.3751919587145512,0.2567157884122631
Q13233,MAP3K1,RandomForest,0.327145853464007,-1.6486361353669303
Q13233,MAP3K1,RandomForest,0.5465501688185793,0.29942583338806505
Q13233,MAP3K1,XGBoost,-0.217587851759969,0.6297596096992493
Q13233,MAP3K1,XGBoost,0.417902471224933,2.1371848583221436
Q13233,MAP3K1,XGBoost,-0.1965257321242166,-0.276895135641098
Q13233,MAP3K1,XGBoost,0.3443911099347112,0.1116110235452652
Q13233,MAP3K1,XGBoost,-0.4879193864048969,-0.7673065066337585
Q13233,MAP3K1,XGBoost,-0.7860773274152892,0.7549402117729187
Q13233,MAP3K1,XGBoost,0.1384224847300238,-0.14658381044864655
Q13233,MAP3K1,XGBoost,1.197322708081629,0.5816739797592163
Q13233,MAP3K1,XGBoost,1.1675237965323304,0.6666181087493896
Q13233,MAP3K1,XGBoost,-1.0300377127212768,-0.14658381044864655
Q13233,MAP3K1,XGBoost,0.7169080474462499,1.239205002784729
Q13233,MAP3K1,XGBoost,1.823055193330938,-0.49702268838882446
Q13233,MAP3K1,XGBoost,-0.1476472906116139,0.17314860224723816
Q13233,MAP3K1,XGBoost,-4.295834670895665,0.09545756876468658
Q13233,MAP3K1,XGBoost,-0.6445921886866446,0.9348728060722351
Q13233,MAP3K1,XGBoost,1.9266638697287377,0.21214042603969574
Q13233,MAP3K1,XGBoost,0.3751919587145512,0.17844724655151367
Q13233,MAP3K1,XGBoost,0.327145853464007,-2.2274487018585205
Q13233,MAP3K1,XGBoost,0.5465501688185793,-0.4000515341758728
Q13233,MAP3K1,PLS,-0.217587851759969,0.32500900321561
Q13233,MAP3K1,PLS,0.417902471224933,0.14359052038178757
Q13233,MAP3K1,PLS,-0.1965257321242166,-0.1746489725993809
Q13233,MAP3K1,PLS,0.3443911099347112,-0.3228368779511852
Q13233,MAP3K1,PLS,-0.4879193864048969,-0.7025753422178567
Q13233,MAP3K1,PLS,-0.7860773274152892,-0.12499058530690262
Q13233,MAP3K1,PLS,0.1384224847300238,0.6994626193172881
Q13233,MAP3K1,PLS,1.197322708081629,-0.5088094715452796
Q13233,MAP3K1,PLS,1.1675237965323304,0.1691931778191937
Q13233,MAP3K1,PLS,-1.0300377127212768,0.483257262319856
Q13233,MAP3K1,PLS,0.7169080474462499,0.5130904163002218
Q13233,MAP3K1,PLS,1.823055193330938,-0.20305456962990198
Q13233,MAP3K1,PLS,-0.1476472906116139,0.3148799219837778
Q13233,MAP3K1,PLS,-4.295834670895665,-0.20804484200287432
Q13233,MAP3K1,PLS,-0.6445921886866446,0.08652769154228648
Q13233,MAP3K1,PLS,1.9266638697287377,0.8227817554087105
Q13233,MAP3K1,PLS,0.3751919587145512,0.406582710379217
Q13233,MAP3K1,PLS,0.327145853464007,-0.7771442320945305
Q13233,MAP3K1,PLS,0.5465501688185793,-0.1731664624270642
Q13233,MAP3K1,SVR,-0.217587851759969,0.774745081764094
Q13233,MAP3K1,SVR,0.417902471224933,0.41234207353879365
Q13233,MAP3K1,SVR,-0.1965257321242166,-0.30772138137900834
Q13233,MAP3K1,SVR,0.3443911099347112,0.20461278572584457
Q13233,MAP3K1,SVR,-0.4879193864048969,-0.5365394099383707
Q13233,MAP3K1,SVR,-0.7860773274152892,0.3470192749301266
Q13233,MAP3K1,SVR,0.1384224847300238,0.3345612371611952
Q13233,MAP3K1,SVR,1.197322708081629,0.11012508025637774
Q13233,MAP3K1,SVR,1.1675237965323304,0.4645347202804499
Q13233,MAP3K1,SVR,-1.0300377127212768,0.3026634809717136
Q13233,MAP3K1,SVR,0.7169080474462499,0.5190071090753787
Q13233,MAP3K1,SVR,1.823055193330938,-0.40995574390372097
Q13233,MAP3K1,SVR,-0.1476472906116139,0.2862800480588449
Q13233,MAP3K1,SVR,-4.295834670895665,0.20940546805769406
Q13233,MAP3K1,SVR,-0.6445921886866446,0.7791870384772652
Q13233,MAP3K1,SVR,1.9266638697287377,1.397901377720964
Q13233,MAP3K1,SVR,0.3751919587145512,0.3085587047187197
Q13233,MAP3K1,SVR,0.327145853464007,0.27227713493081923
Q13233,MAP3K1,SVR,0.5465501688185793,0.11752033561696962
Q13233,MAP3K1,Lasso,-0.217587851759969,0.11548193875025609
Q13233,MAP3K1,Lasso,0.417902471224933,0.002469073576836761
Q13233,MAP3K1,Lasso,-0.1965257321242166,-0.19732995799101305
Q13233,MAP3K1,Lasso,0.3443911099347112,-0.21410442003075347
Q13233,MAP3K1,Lasso,-0.4879193864048969,-0.5109739328138524
Q13233,MAP3K1,Lasso,-0.7860773274152892,-0.1561546758677944
Q13233,MAP3K1,Lasso,0.1384224847300238,0.32684051959762933
Q13233,MAP3K1,Lasso,1.197322708081629,-0.38548389140904127
Q13233,MAP3K1,Lasso,1.1675237965323304,0.018437327804990605
Q13233,MAP3K1,Lasso,-1.0300377127212768,0.22736304622444625
Q13233,MAP3K1,Lasso,0.7169080474462499,0.22100501415503293
Q13233,MAP3K1,Lasso,1.823055193330938,-0.2158635460138553
Q13233,MAP3K1,Lasso,-0.1476472906116139,0.10054058359882756
Q13233,MAP3K1,Lasso,-4.295834670895665,-0.20737089125164238
Q13233,MAP3K1,Lasso,-0.6445921886866446,-0.02421378406899591
Q13233,MAP3K1,Lasso,1.9266638697287377,0.41872178502710033
Q13233,MAP3K1,Lasso,0.3751919587145512,0.15469970764977303
Q13233,MAP3K1,Lasso,0.327145853464007,-0.5397698995140656
Q13233,MAP3K1,Lasso,0.5465501688185793,-0.18862197441323472
Q13233,MAP3K1,ElasticNet,-0.217587851759969,0.1837300713952389
Q13233,MAP3K1,ElasticNet,0.417902471224933,0.0479706691010775
Q13233,MAP3K1,ElasticNet,-0.1965257321242166,-0.19127774124577018
Q13233,MAP3K1,ElasticNet,0.3443911099347112,-0.2170470206548034
Q13233,MAP3K1,ElasticNet,-0.4879193864048969,-0.5755391260335087
Q13233,MAP3K1,ElasticNet,-0.7860773274152892,-0.14685326588594397
Q13233,MAP3K1,ElasticNet,0.1384224847300238,0.4484055677644277
Q13233,MAP3K1,ElasticNet,1.197322708081629,-0.4271455424238836
Q13233,MAP3K1,ElasticNet,1.1675237965323304,0.06714340600500254
Q13233,MAP3K1,ElasticNet,-1.0300377127212768,0.32606430717320833
Q13233,MAP3K1,ElasticNet,0.7169080474462499,0.31621892552326025
Q13233,MAP3K1,ElasticNet,1.823055193330938,-0.21312908929903518
Q13233,MAP3K1,ElasticNet,-0.1476472906116139,0.17002788298044297
Q13233,MAP3K1,ElasticNet,-4.295834670895665,-0.20863458913232988
Q13233,MAP3K1,ElasticNet,-0.6445921886866446,0.011556479088967009
Q13233,MAP3K1,ElasticNet,1.9266638697287377,0.5513706415716506
Q13233,MAP3K1,ElasticNet,0.3751919587145512,0.23654712304686348
Q13233,MAP3K1,ElasticNet,0.327145853464007,-0.6188172090381241
Q13233,MAP3K1,ElasticNet,0.5465501688185793,-0.1846468027438162
Q13233,MAP3K1,GradientBoosting,-0.217587851759969,0.7124760628502312
Q13233,MAP3K1,GradientBoosting,0.417902471224933,1.2696266160310972
Q13233,MAP3K1,GradientBoosting,-0.1965257321242166,-0.3065010460316925
Q13233,MAP3K1,GradientBoosting,0.3443911099347112,0.027188627966590034
Q13233,MAP3K1,GradientBoosting,-0.4879193864048969,-1.2770479959287648
Q13233,MAP3K1,GradientBoosting,-0.7860773274152892,0.983432677448054
Q13233,MAP3K1,GradientBoosting,0.1384224847300238,-0.026450404180977043
Q13233,MAP3K1,GradientBoosting,1.197322708081629,0.6969039271109401
Q13233,MAP3K1,GradientBoosting,1.1675237965323304,1.5675646102794458
Q13233,MAP3K1,GradientBoosting,-1.0300377127212768,0.14552127184013885
Q13233,MAP3K1,GradientBoosting,0.7169080474462499,1.2475357400075342
Q13233,MAP3K1,GradientBoosting,1.823055193330938,-0.39887267074667976
Q13233,MAP3K1,GradientBoosting,-0.1476472906116139,0.6962080024036151
Q13233,MAP3K1,GradientBoosting,-4.295834670895665,0.331672953391607
Q13233,MAP3K1,GradientBoosting,-0.6445921886866446,-4.127604303389834
Q13233,MAP3K1,GradientBoosting,1.9266638697287377,0.09238465915799855
Q13233,MAP3K1,GradientBoosting,0.3751919587145512,0.19188549685260578
Q13233,MAP3K1,GradientBoosting,0.327145853464007,-1.641351605225018
Q13233,MAP3K1,GradientBoosting,0.5465501688185793,0.887195325348448
Q13233,MAP3K1,MLP,-0.217587851759969,-0.20130336553807052
Q13233,MAP3K1,MLP,0.417902471224933,-0.20130336553807052
Q13233,MAP3K1,MLP,-0.1965257321242166,-0.21071603013610005
Q13233,MAP3K1,MLP,0.3443911099347112,-0.20130336553807052
Q13233,MAP3K1,MLP,-0.4879193864048969,-0.1979423910835277
Q13233,MAP3K1,MLP,-0.7860773274152892,-0.20130336553807052
Q13233,MAP3K1,MLP,0.1384224847300238,-0.32739839599225673
Q13233,MAP3K1,MLP,1.197322708081629,-0.20130336553807052
Q13233,MAP3K1,MLP,1.1675237965323304,-0.20130336553807052
Q13233,MAP3K1,MLP,-1.0300377127212768,-0.19876140074880097
Q13233,MAP3K1,MLP,0.7169080474462499,-0.20790921679013502
Q13233,MAP3K1,MLP,1.823055193330938,-0.2308758328882085
Q13233,MAP3K1,MLP,-0.1476472906116139,-0.20708701867475907
Q13233,MAP3K1,MLP,-4.295834670895665,-0.20130336553807052
Q13233,MAP3K1,MLP,-0.6445921886866446,-0.20130336553807052
Q13233,MAP3K1,MLP,1.9266638697287377,-0.20130336553807052
Q13233,MAP3K1,MLP,0.3751919587145512,-0.23260562042667013
Q13233,MAP3K1,MLP,0.327145853464007,-0.20130336553807052
Q13233,MAP3K1,MLP,0.5465501688185793,-0.20130336553807052
Q13263,TRIM28,RandomForest,-0.1594749211996639,-0.18129005867531905
Q13263,TRIM28,RandomForest,-1.2813984244702648,0.31811184317164376
Q13263,TRIM28,RandomForest,0.3668946614035014,0.8032629790430178
Q13263,TRIM28,RandomForest,0.5320953062860098,0.2959391003720512
Q13263,TRIM28,RandomForest,0.8818401266689807,0.4065093914702206
Q13263,TRIM28,RandomForest,0.4293342226187287,0.47651924658828504
Q13263,TRIM28,RandomForest,0.501905111725509,0.17939897056404652
Q13263,TRIM28,RandomForest,0.4781789690548501,0.25494973540571064
Q13263,TRIM28,RandomForest,-0.1820942132303442,0.26983468303984115
Q13263,TRIM28,RandomForest,0.5908910037165583,0.34076455702703123
Q13263,TRIM28,RandomForest,-0.7202497210799849,0.016007961529086578
Q13263,TRIM28,RandomForest,0.9702815542042504,0.4049157993349089
Q13263,TRIM28,RandomForest,0.7372176858351801,0.3011826392758694
Q13263,TRIM28,RandomForest,0.005328365767604,0.27917933503880454
Q13263,TRIM28,RandomForest,-1.017669989202741,-0.4078897627333569
Q13263,TRIM28,RandomForest,0.5764496362002067,-0.04749395686237916
Q13263,TRIM28,RandomForest,0.0984879153387925,0.5635852239082724
Q13263,TRIM28,RandomForest,0.0819055276837371,-0.491277660279497
Q13263,TRIM28,RandomForest,0.2049696707763232,0.416937818016872
Q13263,TRIM28,XGBoost,-0.1594749211996639,-0.2706935405731201
Q13263,TRIM28,XGBoost,-1.2813984244702648,0.2274782657623291
Q13263,TRIM28,XGBoost,0.3668946614035014,1.2299643754959106
Q13263,TRIM28,XGBoost,0.5320953062860098,0.1924537569284439
Q13263,TRIM28,XGBoost,0.8818401266689807,0.5561327934265137
Q13263,TRIM28,XGBoost,0.4293342226187287,0.20702974498271942
Q13263,TRIM28,XGBoost,0.501905111725509,0.1426982879638672
Q13263,TRIM28,XGBoost,0.4781789690548501,0.02710128203034401
Q13263,TRIM28,XGBoost,-0.1820942132303442,-0.17186002433300018
Q13263,TRIM28,XGBoost,0.5908910037165583,0.32732999324798584
Q13263,TRIM28,XGBoost,-0.7202497210799849,-0.07192114740610123
Q13263,TRIM28,XGBoost,0.9702815542042504,0.42752254009246826
Q13263,TRIM28,XGBoost,0.7372176858351801,0.12225694209337234
Q13263,TRIM28,XGBoost,0.005328365767604,0.4658224284648895
Q13263,TRIM28,XGBoost,-1.017669989202741,-0.40269237756729126
Q13263,TRIM28,XGBoost,0.5764496362002067,0.052271269261837006
Q13263,TRIM28,XGBoost,0.0984879153387925,0.1708972454071045
Q13263,TRIM28,XGBoost,0.0819055276837371,-0.12045415490865707
Q13263,TRIM28,XGBoost,0.2049696707763232,0.4695422053337097
Q13263,TRIM28,PLS,-0.1594749211996639,0.3039920560934508
Q13263,TRIM28,PLS,-1.2813984244702648,-0.3123879265254602
Q13263,TRIM28,PLS,0.3668946614035014,0.8819998006552565
Q13263,TRIM28,PLS,0.5320953062860098,0.10810505318055685
Q13263,TRIM28,PLS,0.8818401266689807,0.2743579172166603
Q13263,TRIM28,PLS,0.4293342226187287,0.021686838165190805
Q13263,TRIM28,PLS,0.501905111725509,-0.4319163868321237
Q13263,TRIM28,PLS,0.4781789690548501,-0.45256598813003646
Q13263,TRIM28,PLS,-0.1820942132303442,-0.14835983960498583
Q13263,TRIM28,PLS,0.5908910037165583,0.9664006171295764
Q13263,TRIM28,PLS,-0.7202497210799849,-0.16427770791755092
Q13263,TRIM28,PLS,0.9702815542042504,1.1343388477794831
Q13263,TRIM28,PLS,0.7372176858351801,0.9035577705378293
Q13263,TRIM28,PLS,0.005328365767604,-0.15809848823406658
Q13263,TRIM28,PLS,-1.017669989202741,-0.17740421205745666
Q13263,TRIM28,PLS,0.5764496362002067,-0.5056635101902998
Q13263,TRIM28,PLS,0.0984879153387925,0.8697542206118123
Q13263,TRIM28,PLS,0.0819055276837371,-0.6771491987468555
Q13263,TRIM28,PLS,0.2049696707763232,0.2292415609780083
Q13263,TRIM28,SVR,-0.1594749211996639,0.27626526183024336
Q13263,TRIM28,SVR,-1.2813984244702648,-0.4584290767416769
Q13263,TRIM28,SVR,0.3668946614035014,0.41397139346900913
Q13263,TRIM28,SVR,0.5320953062860098,0.08182963667774877
Q13263,TRIM28,SVR,0.8818401266689807,0.32157914064946314
Q13263,TRIM28,SVR,0.4293342226187287,0.1923574011739474
Q13263,TRIM28,SVR,0.501905111725509,-0.7629886839450933
Q13263,TRIM28,SVR,0.4781789690548501,-0.15509137862624012
Q13263,TRIM28,SVR,-0.1820942132303442,0.12456251408262685
Q13263,TRIM28,SVR,0.5908910037165583,0.7055446153013621
Q13263,TRIM28,SVR,-0.7202497210799849,-0.012380721739544756
Q13263,TRIM28,SVR,0.9702815542042504,1.1888723084248691
Q13263,TRIM28,SVR,0.7372176858351801,1.1348797180467005
Q13263,TRIM28,SVR,0.005328365767604,0.032570296075275215
Q13263,TRIM28,SVR,-1.017669989202741,0.12572808393013057
Q13263,TRIM28,SVR,0.5764496362002067,-0.5313122392468722
Q13263,TRIM28,SVR,0.0984879153387925,1.14579053917825
Q13263,TRIM28,SVR,0.0819055276837371,-0.4153761261603618
Q13263,TRIM28,SVR,0.2049696707763232,-0.048676619972249494
Q13263,TRIM28,Lasso,-0.1594749211996639,-0.002105797763812957
Q13263,TRIM28,Lasso,-1.2813984244702648,-0.07710739872726727
Q13263,TRIM28,Lasso,0.3668946614035014,0.8399268970177675
Q13263,TRIM28,Lasso,0.5320953062860098,0.20349383035460622
Q13263,TRIM28,Lasso,0.8818401266689807,0.15738980490076804
Q13263,TRIM28,Lasso,0.4293342226187287,0.16416107605043903
Q13263,TRIM28,Lasso,0.501905111725509,-0.13228396504289258
Q13263,TRIM28,Lasso,0.4781789690548501,-0.3368498730257385
Q13263,TRIM28,Lasso,-0.1820942132303442,0.05295910706096728
Q13263,TRIM28,Lasso,0.5908910037165583,0.533543543522505
Q13263,TRIM28,Lasso,-0.7202497210799849,-0.03090533275619497
Q13263,TRIM28,Lasso,0.9702815542042504,0.7075262840687124
Q13263,TRIM28,Lasso,0.7372176858351801,0.5553793025560718
Q13263,TRIM28,Lasso,0.005328365767604,0.02127528546882359
Q13263,TRIM28,Lasso,-1.017669989202741,-0.2546518847289267
Q13263,TRIM28,Lasso,0.5764496362002067,-0.382237725757004
Q13263,TRIM28,Lasso,0.0984879153387925,0.5041455821907488
Q13263,TRIM28,Lasso,0.0819055276837371,-0.5301180225321468
Q13263,TRIM28,Lasso,0.2049696707763232,0.22491155208076954
Q13263,TRIM28,ElasticNet,-0.1594749211996639,-0.009991432202318115
Q13263,TRIM28,ElasticNet,-1.2813984244702648,-0.12868899976641124
Q13263,TRIM28,ElasticNet,0.3668946614035014,0.9478130206551434
Q13263,TRIM28,ElasticNet,0.5320953062860098,0.24836587575794966
Q13263,TRIM28,ElasticNet,0.8818401266689807,0.2210391577457592
Q13263,TRIM28,ElasticNet,0.4293342226187287,0.22312325569525385
Q13263,TRIM28,ElasticNet,0.501905111725509,-0.18996250298414044
Q13263,TRIM28,ElasticNet,0.4781789690548501,-0.3998287387444085
Q13263,TRIM28,ElasticNet,-0.1820942132303442,0.04463183193349952
Q13263,TRIM28,ElasticNet,0.5908910037165583,0.681176619069917
Q13263,TRIM28,ElasticNet,-0.7202497210799849,-0.023052347915773305
Q13263,TRIM28,ElasticNet,0.9702815542042504,0.8261609001608393
Q13263,TRIM28,ElasticNet,0.7372176858351801,0.6841824227692987
Q13263,TRIM28,ElasticNet,0.005328365767604,-0.024482603789647964
Q13263,TRIM28,ElasticNet,-1.017669989202741,-0.36730906083024784
Q13263,TRIM28,ElasticNet,0.5764496362002067,-0.4094607063656853
Q13263,TRIM28,ElasticNet,0.0984879153387925,0.6553236944136064
Q13263,TRIM28,ElasticNet,0.0819055276837371,-0.5403195189194574
Q13263,TRIM28,ElasticNet,0.2049696707763232,0.2961286721898881
Q13263,TRIM28,GradientBoosting,-0.1594749211996639,-0.37820707105710993
Q13263,TRIM28,GradientBoosting,-1.2813984244702648,-0.0013713991267747265
Q13263,TRIM28,GradientBoosting,0.3668946614035014,0.6866290933779796
Q13263,TRIM28,GradientBoosting,0.5320953062860098,0.536479066399588
Q13263,TRIM28,GradientBoosting,0.8818401266689807,0.15820723439816756
Q13263,TRIM28,GradientBoosting,0.4293342226187287,0.4060111600055261
Q13263,TRIM28,GradientBoosting,0.501905111725509,0.044643647016853416
Q13263,TRIM28,GradientBoosting,0.4781789690548501,0.15915272405358835
Q13263,TRIM28,GradientBoosting,-0.1820942132303442,0.37288750137619386
Q13263,TRIM28,GradientBoosting,0.5908910037165583,0.9644865735893214
Q13263,TRIM28,GradientBoosting,-0.7202497210799849,0.06860452404637028
Q13263,TRIM28,GradientBoosting,0.9702815542042504,0.6245742602846915
Q13263,TRIM28,GradientBoosting,0.7372176858351801,0.3178435113205097
Q13263,TRIM28,GradientBoosting,0.005328365767604,-0.1388572370121071
Q13263,TRIM28,GradientBoosting,-1.017669989202741,-0.45635899575691335
Q13263,TRIM28,GradientBoosting,0.5764496362002067,-0.1368182791770123
Q13263,TRIM28,GradientBoosting,0.0984879153387925,0.9109562651614875
Q13263,TRIM28,GradientBoosting,0.0819055276837371,0.05651094535532325
Q13263,TRIM28,GradientBoosting,0.2049696707763232,0.6068186733554626
Q13263,TRIM28,MLP,-0.1594749211996639,0.14715983832488738
Q13263,TRIM28,MLP,-1.2813984244702648,-0.07842082425841645
Q13263,TRIM28,MLP,0.3668946614035014,1.7068541186358162
Q13263,TRIM28,MLP,0.5320953062860098,0.26225240716113946
Q13263,TRIM28,MLP,0.8818401266689807,-0.1107608821735045
Q13263,TRIM28,MLP,0.4293342226187287,-1.0135997903952794
Q13263,TRIM28,MLP,0.501905111725509,-0.5606398116866111
Q13263,TRIM28,MLP,0.4781789690548501,-1.2823650830778093
Q13263,TRIM28,MLP,-0.1820942132303442,-0.03861320716165395
Q13263,TRIM28,MLP,0.5908910037165583,1.4437601969112814
Q13263,TRIM28,MLP,-0.7202497210799849,0.25562887186825906
Q13263,TRIM28,MLP,0.9702815542042504,1.0095398386768426
Q13263,TRIM28,MLP,0.7372176858351801,0.5450552573654412
Q13263,TRIM28,MLP,0.005328365767604,0.3665809784233501
Q13263,TRIM28,MLP,-1.017669989202741,-1.1755755350593684
Q13263,TRIM28,MLP,0.5764496362002067,-0.49673902918408547
Q13263,TRIM28,MLP,0.0984879153387925,-0.06698407220404007
Q13263,TRIM28,MLP,0.0819055276837371,0.5167181744581637
Q13263,TRIM28,MLP,0.2049696707763232,-0.3014628998464822
Q13555,CAMK2G,RandomForest,-0.5098830563672541,0.5043393479851305
Q13555,CAMK2G,RandomForest,-2.585977385022728,-0.6444599582270882
Q13555,CAMK2G,RandomForest,0.6391406148438656,-0.7168568168116161
Q13555,CAMK2G,RandomForest,-1.112301146183537,-0.797869000703517
Q13555,CAMK2G,RandomForest,-1.940203303995604,-0.5325021124349599
Q13555,CAMK2G,RandomForest,-0.7418588676691333,-0.6151446616182328
Q13555,CAMK2G,RandomForest,-1.963915855714347,-0.5325021124349599
Q13555,CAMK2G,RandomForest,1.5338614383388067,0.47749519472413104
Q13555,CAMK2G,RandomForest,1.2135658802766165,1.4769508440361527
Q13555,CAMK2G,RandomForest,-1.2236581950326535,-0.7888792879659521
Q13555,CAMK2G,RandomForest,1.3027067249819704,-0.06273470219130388
Q13555,CAMK2G,RandomForest,-0.1518185902845581,0.06390876404281035
Q13555,CAMK2G,RandomForest,1.806390497548663,0.414201679161172
Q13555,CAMK2G,RandomForest,-1.0515943747364556,-0.9939645920213256
Q13555,CAMK2G,RandomForest,-0.39008979062445,1.1923371045682496
Q13555,CAMK2G,RandomForest,1.823674587926908,0.5686372960896643
Q13555,CAMK2G,RandomForest,0.0616449715653244,1.691174114921872
Q13555,CAMK2G,RandomForest,0.0003295436467902,-0.3861417064082082
Q13555,CAMK2G,RandomForest,2.2179451449923984,-0.7455785220821172
Q13555,CAMK2G,XGBoost,-0.5098830563672541,0.33705905079841614
Q13555,CAMK2G,XGBoost,-2.585977385022728,-0.5741583108901978
Q13555,CAMK2G,XGBoost,0.6391406148438656,-0.5607067346572876
Q13555,CAMK2G,XGBoost,-1.112301146183537,-0.40359824895858765
Q13555,CAMK2G,XGBoost,-1.940203303995604,-0.9577838182449341
Q13555,CAMK2G,XGBoost,-0.7418588676691333,-0.9528293013572693
Q13555,CAMK2G,XGBoost,-1.963915855714347,-1.0569876432418823
Q13555,CAMK2G,XGBoost,1.5338614383388067,1.037559151649475
Q13555,CAMK2G,XGBoost,1.2135658802766165,1.6413533687591553
Q13555,CAMK2G,XGBoost,-1.2236581950326535,-1.2889009714126587
Q13555,CAMK2G,XGBoost,1.3027067249819704,-0.020150013267993927
Q13555,CAMK2G,XGBoost,-0.1518185902845581,0.2099781185388565
Q13555,CAMK2G,XGBoost,1.806390497548663,0.24036769568920135
Q13555,CAMK2G,XGBoost,-1.0515943747364556,-0.13025160133838654
Q13555,CAMK2G,XGBoost,-0.39008979062445,1.5844762325286865
Q13555,CAMK2G,XGBoost,1.823674587926908,0.4027210772037506
Q13555,CAMK2G,XGBoost,0.0616449715653244,1.7943196296691895
Q13555,CAMK2G,XGBoost,0.0003295436467902,-0.5361777544021606
Q13555,CAMK2G,XGBoost,2.2179451449923984,-1.0569876432418823
Q13555,CAMK2G,PLS,-0.5098830563672541,323654567384600.0
Q13555,CAMK2G,PLS,-2.585977385022728,1247360518275366.5
Q13555,CAMK2G,PLS,0.6391406148438656,3140258278962313.0
Q13555,CAMK2G,PLS,-1.112301146183537,-447709298775346.5
Q13555,CAMK2G,PLS,-1.940203303995604,640389310968755.4
Q13555,CAMK2G,PLS,-0.7418588676691333,1047032466282444.5
Q13555,CAMK2G,PLS,-1.963915855714347,663252087379420.2
Q13555,CAMK2G,PLS,1.5338614383388067,372153086216529.5
Q13555,CAMK2G,PLS,1.2135658802766165,719802521354183.8
Q13555,CAMK2G,PLS,-1.2236581950326535,821312991249778.2
Q13555,CAMK2G,PLS,1.3027067249819704,1372861308542880.0
Q13555,CAMK2G,PLS,-0.1518185902845581,-1136714688040720.8
Q13555,CAMK2G,PLS,1.806390497548663,-2073793406678655.8
Q13555,CAMK2G,PLS,-1.0515943747364556,268712591577806.7
Q13555,CAMK2G,PLS,-0.39008979062445,-230669531129030.47
Q13555,CAMK2G,PLS,1.823674587926908,181619832851445.88
Q13555,CAMK2G,PLS,0.0616449715653244,-816247203426016.1
Q13555,CAMK2G,PLS,0.0003295436467902,1946390977450241.5
Q13555,CAMK2G,PLS,2.2179451449923984,726517760121082.5
Q13555,CAMK2G,SVR,-0.5098830563672541,-0.5845445262321725
Q13555,CAMK2G,SVR,-2.585977385022728,-0.6938549586266392
Q13555,CAMK2G,SVR,0.6391406148438656,-0.9178585741708201
Q13555,CAMK2G,SVR,-1.112301146183537,-0.27297819299343695
Q13555,CAMK2G,SVR,-1.940203303995604,-0.622026596951915
Q13555,CAMK2G,SVR,-0.7418588676691333,-1.1158017884901552
Q13555,CAMK2G,SVR,-1.963915855714347,-0.6247321548979018
Q13555,CAMK2G,SVR,1.5338614383388067,0.13032600188377147
Q13555,CAMK2G,SVR,1.2135658802766165,0.4639378802552227
Q13555,CAMK2G,SVR,-1.2236581950326535,-0.4804347981910777
Q13555,CAMK2G,SVR,1.3027067249819704,0.09491789194656042
Q13555,CAMK2G,SVR,-0.1518185902845581,-0.4117258986026913
Q13555,CAMK2G,SVR,1.806390497548663,0.6471338629491934
Q13555,CAMK2G,SVR,-1.0515943747364556,-1.1899086980611726
Q13555,CAMK2G,SVR,-0.39008979062445,0.5426696298412468
Q13555,CAMK2G,SVR,1.823674587926908,0.03194092754265254
Q13555,CAMK2G,SVR,0.0616449715653244,0.8801929230461707
Q13555,CAMK2G,SVR,0.0003295436467902,-0.28143876702332077
Q13555,CAMK2G,SVR,2.2179451449923984,-0.632218950924764
Q13555,CAMK2G,Lasso,-0.5098830563672541,-0.43146041262930884
Q13555,CAMK2G,Lasso,-2.585977385022728,-0.43146041262930884
Q13555,CAMK2G,Lasso,0.6391406148438656,-0.43146041262930884
Q13555,CAMK2G,Lasso,-1.112301146183537,-0.2433679830322893
Q13555,CAMK2G,Lasso,-1.940203303995604,-0.43146041262930884
Q13555,CAMK2G,Lasso,-0.7418588676691333,-0.8119877068049975
Q13555,CAMK2G,Lasso,-1.963915855714347,-0.43146041262930884
Q13555,CAMK2G,Lasso,1.5338614383388067,0.1838421170538072
Q13555,CAMK2G,Lasso,1.2135658802766165,0.5038295479898254
Q13555,CAMK2G,Lasso,-1.2236581950326535,-0.2922788185605868
Q13555,CAMK2G,Lasso,1.3027067249819704,0.2547253488485545
Q13555,CAMK2G,Lasso,-0.1518185902845581,-0.43146041262930884
Q13555,CAMK2G,Lasso,1.806390497548663,0.37797401450860457
Q13555,CAMK2G,Lasso,-1.0515943747364556,-0.9539105235659031
Q13555,CAMK2G,Lasso,-0.39008979062445,0.47501493080352253
Q13555,CAMK2G,Lasso,1.823674587926908,0.08058217279551061
Q13555,CAMK2G,Lasso,0.0616449715653244,0.704043900096095
Q13555,CAMK2G,Lasso,0.0003295436467902,-0.008679415934362472
Q13555,CAMK2G,Lasso,2.2179451449923984,-0.43146041262930884
Q13555,CAMK2G,ElasticNet,-0.5098830563672541,-0.44773884971196376
Q13555,CAMK2G,ElasticNet,-2.585977385022728,-0.4672892419845308
Q13555,CAMK2G,ElasticNet,0.6391406148438656,-0.5073527424065063
Q13555,CAMK2G,ElasticNet,-1.112301146183537,-0.23109893597473546
Q13555,CAMK2G,ElasticNet,-1.940203303995604,-0.45444259399059456
Q13555,CAMK2G,ElasticNet,-0.7418588676691333,-0.868301587490249
Q13555,CAMK2G,ElasticNet,-1.963915855714347,-0.4549264885100977
Q13555,CAMK2G,ElasticNet,1.5338614383388067,0.2065169148919712
Q13555,CAMK2G,ElasticNet,1.2135658802766165,0.5399376950750625
Q13555,CAMK2G,ElasticNet,-1.2236581950326535,-0.31004685825474787
Q13555,CAMK2G,ElasticNet,1.3027067249819704,0.26082567614665686
Q13555,CAMK2G,ElasticNet,-0.1518185902845581,-0.416829888068024
Q13555,CAMK2G,ElasticNet,1.806390497548663,0.4650315389389409
Q13555,CAMK2G,ElasticNet,-1.0515943747364556,-1.0029726675579853
Q13555,CAMK2G,ElasticNet,-0.39008979062445,0.529367729216397
Q13555,CAMK2G,ElasticNet,1.823674587926908,0.10058025164132514
Q13555,CAMK2G,ElasticNet,0.0616449715653244,0.7856718669491464
Q13555,CAMK2G,ElasticNet,0.0003295436467902,-0.031832850520928824
Q13555,CAMK2G,ElasticNet,2.2179451449923984,-0.45626551714609875
Q13555,CAMK2G,GradientBoosting,-0.5098830563672541,-0.041982286948701486
Q13555,CAMK2G,GradientBoosting,-2.585977385022728,-0.8311821739138818
Q13555,CAMK2G,GradientBoosting,0.6391406148438656,-0.6821923216627412
Q13555,CAMK2G,GradientBoosting,-1.112301146183537,-1.5468893793253211
Q13555,CAMK2G,GradientBoosting,-1.940203303995604,-1.0175266191267607
Q13555,CAMK2G,GradientBoosting,-0.7418588676691333,-0.9570967821215457
Q13555,CAMK2G,GradientBoosting,-1.963915855714347,-1.0175266191267607
Q13555,CAMK2G,GradientBoosting,1.5338614383388067,-0.0868698661302008
Q13555,CAMK2G,GradientBoosting,1.2135658802766165,1.4102283991793527
Q13555,CAMK2G,GradientBoosting,-1.2236581950326535,-0.5236141140880469
Q13555,CAMK2G,GradientBoosting,1.3027067249819704,-0.06416064813916798
Q13555,CAMK2G,GradientBoosting,-0.1518185902845581,-0.059269543279652934
Q13555,CAMK2G,GradientBoosting,1.806390497548663,0.3197803550154204
Q13555,CAMK2G,GradientBoosting,-1.0515943747364556,-0.45919843662669635
Q13555,CAMK2G,GradientBoosting,-0.39008979062445,1.1054110133508943
Q13555,CAMK2G,GradientBoosting,1.823674587926908,0.522299423994655
Q13555,CAMK2G,GradientBoosting,0.0616449715653244,1.7286219735638142
Q13555,CAMK2G,GradientBoosting,0.0003295436467902,-0.6655162579851598
Q13555,CAMK2G,GradientBoosting,2.2179451449923984,-1.0175266191267607
Q13555,CAMK2G,MLP,-0.5098830563672541,-0.17678109069089554
Q13555,CAMK2G,MLP,-2.585977385022728,-0.1373497836109871
Q13555,CAMK2G,MLP,0.6391406148438656,-0.05654546184545089
Q13555,CAMK2G,MLP,-1.112301146183537,-0.09141613750493989
Q13555,CAMK2G,MLP,-1.940203303995604,-0.16326026739740154
Q13555,CAMK2G,MLP,-0.7418588676691333,-0.6429243040351494
Q13555,CAMK2G,MLP,-1.963915855714347,-0.16228429754846982
Q13555,CAMK2G,MLP,1.5338614383388067,-0.09141613750493989
Q13555,CAMK2G,MLP,1.2135658802766165,-0.09141613750493989
Q13555,CAMK2G,MLP,-1.2236581950326535,-0.09141613750493989
Q13555,CAMK2G,MLP,1.3027067249819704,-0.09141613750493989
Q13555,CAMK2G,MLP,-0.1518185902845581,-0.211889391512668
Q13555,CAMK2G,MLP,1.806390497548663,-0.09141613750493989
Q13555,CAMK2G,MLP,-1.0515943747364556,-0.8615207747127703
Q13555,CAMK2G,MLP,-0.39008979062445,-0.09141613750493989
Q13555,CAMK2G,MLP,1.823674587926908,-0.09141613750493989
Q13555,CAMK2G,MLP,0.0616449715653244,-0.09141613750493989
Q13555,CAMK2G,MLP,0.0003295436467902,-0.09141613750493989
Q13555,CAMK2G,MLP,2.2179451449923984,-0.15958360241157282
Q13627,DYRK1A,RandomForest,-1.845567351781853,0.09844785706817348
Q13627,DYRK1A,RandomForest,0.3331498333009833,-0.007303859730328339
Q13627,DYRK1A,RandomForest,0.5896926331810584,-1.377617985430889
Q13627,DYRK1A,RandomForest,-0.9278742692395284,-0.6994325487287615
Q13627,DYRK1A,RandomForest,0.6406832719654327,-1.1848374558315597
Q13627,DYRK1A,RandomForest,-2.5945536709767096,-0.8342392149618781
Q13627,DYRK1A,RandomForest,-2.453316276003402,-0.7691393870799849
Q13627,DYRK1A,RandomForest,-0.2376640018533915,0.5217616108652419
Q13627,DYRK1A,RandomForest,-0.676358466369592,0.77961785121693
Q13627,DYRK1A,RandomForest,-0.3743241009868544,-0.455484783513628
Q13627,DYRK1A,RandomForest,0.5863659961943217,-0.07111919637756878
Q13627,DYRK1A,RandomForest,0.3341727384809481,-0.03670582341744054
Q13627,DYRK1A,RandomForest,0.455846567432399,-0.28169889734865544
Q13627,DYRK1A,RandomForest,-1.729752835140344,-0.13338986507139178
Q13627,DYRK1A,RandomForest,-0.8520744900129316,-0.4108144173581293
Q13627,DYRK1A,RandomForest,-0.6116199007501032,0.8270150361256893
Q13627,DYRK1A,RandomForest,0.5688396743463779,-1.274612332820026
Q13627,DYRK1A,RandomForest,-0.339843624486622,0.37585584810822403
Q13627,DYRK1A,RandomForest,-0.0955258668730568,-0.9651454391656502
Q13627,DYRK1A,XGBoost,-1.845567351781853,0.5601382255554199
Q13627,DYRK1A,XGBoost,0.3331498333009833,-0.08320827782154083
Q13627,DYRK1A,XGBoost,0.5896926331810584,-1.6800333261489868
Q13627,DYRK1A,XGBoost,-0.9278742692395284,-0.08384302258491516
Q13627,DYRK1A,XGBoost,0.6406832719654327,-0.6012682914733887
Q13627,DYRK1A,XGBoost,-2.5945536709767096,-1.785717487335205
Q13627,DYRK1A,XGBoost,-2.453316276003402,0.6609706282615662
Q13627,DYRK1A,XGBoost,-0.2376640018533915,2.450517416000366
Q13627,DYRK1A,XGBoost,-0.676358466369592,0.8940385580062866
Q13627,DYRK1A,XGBoost,-0.3743241009868544,-0.2525599002838135
Q13627,DYRK1A,XGBoost,0.5863659961943217,-0.211953267455101
Q13627,DYRK1A,XGBoost,0.3341727384809481,-0.1437985897064209
Q13627,DYRK1A,XGBoost,0.455846567432399,-0.21795687079429626
Q13627,DYRK1A,XGBoost,-1.729752835140344,0.1997142732143402
Q13627,DYRK1A,XGBoost,-0.8520744900129316,-0.231307715177536
Q13627,DYRK1A,XGBoost,-0.6116199007501032,2.450517416000366
Q13627,DYRK1A,XGBoost,0.5688396743463779,-1.6433230638504028
Q13627,DYRK1A,XGBoost,-0.339843624486622,0.5103602409362793
Q13627,DYRK1A,XGBoost,-0.0955258668730568,-1.2629539966583252
Q13627,DYRK1A,PLS,-1.845567351781853,0.010081449219132843
Q13627,DYRK1A,PLS,0.3331498333009833,-0.38087517000633103
Q13627,DYRK1A,PLS,0.5896926331810584,-1.160500180386115
Q13627,DYRK1A,PLS,-0.9278742692395284,-1.2312095444935138
Q13627,DYRK1A,PLS,0.6406832719654327,-1.1095488676729501
Q13627,DYRK1A,PLS,-2.5945536709767096,0.0902525741497448
Q13627,DYRK1A,PLS,-2.453316276003402,-0.2596516457414185
Q13627,DYRK1A,PLS,-0.2376640018533915,0.6749214662370813
Q13627,DYRK1A,PLS,-0.676358466369592,0.2817413838731881
Q13627,DYRK1A,PLS,-0.3743241009868544,-0.5469125597354609
Q13627,DYRK1A,PLS,0.5863659961943217,0.26240039543629773
Q13627,DYRK1A,PLS,0.3341727384809481,-0.48200277276166725
Q13627,DYRK1A,PLS,0.455846567432399,-0.029430072219164105
Q13627,DYRK1A,PLS,-1.729752835140344,-0.2545966028813236
Q13627,DYRK1A,PLS,-0.8520744900129316,-0.6270137748672553
Q13627,DYRK1A,PLS,-0.6116199007501032,0.46989460679234935
Q13627,DYRK1A,PLS,0.5688396743463779,0.07855291740922327
Q13627,DYRK1A,PLS,-0.339843624486622,-0.11289927861045024
Q13627,DYRK1A,PLS,-0.0955258668730568,-0.01009469158125409
Q13627,DYRK1A,SVR,-1.845567351781853,0.1675259283192247
Q13627,DYRK1A,SVR,0.3331498333009833,-0.08852714222242614
Q13627,DYRK1A,SVR,0.5896926331810584,-0.9347071452285685
Q13627,DYRK1A,SVR,-0.9278742692395284,-1.1557580543579389
Q13627,DYRK1A,SVR,0.6406832719654327,-0.8636145129597166
Q13627,DYRK1A,SVR,-2.5945536709767096,0.3557841262045463
Q13627,DYRK1A,SVR,-2.453316276003402,0.01914642241702552
Q13627,DYRK1A,SVR,-0.2376640018533915,0.7329991437255043
Q13627,DYRK1A,SVR,-0.676358466369592,0.39257783262419194
Q13627,DYRK1A,SVR,-0.3743241009868544,-0.3283752244794014
Q13627,DYRK1A,SVR,0.5863659961943217,0.31065169776053475
Q13627,DYRK1A,SVR,0.3341727384809481,-0.24742074745672077
Q13627,DYRK1A,SVR,0.455846567432399,0.037489063514768384
Q13627,DYRK1A,SVR,-1.729752835140344,-0.0012333635787905028
Q13627,DYRK1A,SVR,-0.8520744900129316,-0.6131202173578595
Q13627,DYRK1A,SVR,-0.6116199007501032,0.5877444798165299
Q13627,DYRK1A,SVR,0.5688396743463779,0.18020784887813507
Q13627,DYRK1A,SVR,-0.339843624486622,0.07468000595493762
Q13627,DYRK1A,SVR,-0.0955258668730568,0.021084868890037523
Q13627,DYRK1A,Lasso,-1.845567351781853,-0.05993261840776232
Q13627,DYRK1A,Lasso,0.3331498333009833,-0.4810054364746884
Q13627,DYRK1A,Lasso,0.5896926331810584,-1.1000949625421825
Q13627,DYRK1A,Lasso,-0.9278742692395284,-0.9186978447346037
Q13627,DYRK1A,Lasso,0.6406832719654327,-1.0076111550126574
Q13627,DYRK1A,Lasso,-2.5945536709767096,-0.1399723897078432
Q13627,DYRK1A,Lasso,-2.453316276003402,-0.2719960458841425
Q13627,DYRK1A,Lasso,-0.2376640018533915,0.43190723679490683
Q13627,DYRK1A,Lasso,-0.676358466369592,0.11271454161422356
Q13627,DYRK1A,Lasso,-0.3743241009868544,-0.5430201894121846
Q13627,DYRK1A,Lasso,0.5863659961943217,0.06384767586497142
Q13627,DYRK1A,Lasso,0.3341727384809481,-0.5155387561908493
Q13627,DYRK1A,Lasso,0.455846567432399,-0.23089179476854277
Q13627,DYRK1A,Lasso,-1.729752835140344,-0.40868822316478115
Q13627,DYRK1A,Lasso,-0.8520744900129316,-0.6265658906838028
Q13627,DYRK1A,Lasso,-0.6116199007501032,0.2663295548200294
Q13627,DYRK1A,Lasso,0.5688396743463779,-0.04142528594304068
Q13627,DYRK1A,Lasso,-0.339843624486622,-0.18962752903228625
Q13627,DYRK1A,Lasso,-0.0955258668730568,-0.08232122844487649
Q13627,DYRK1A,ElasticNet,-1.845567351781853,-0.06369527133632069
Q13627,DYRK1A,ElasticNet,0.3331498333009833,-0.4359487773584118
Q13627,DYRK1A,ElasticNet,0.5896926331810584,-1.0808143644727197
Q13627,DYRK1A,ElasticNet,-0.9278742692395284,-1.055336769271043
Q13627,DYRK1A,ElasticNet,0.6406832719654327,-1.0248642839508202
Q13627,DYRK1A,ElasticNet,-2.5945536709767096,-0.04952446839090846
Q13627,DYRK1A,ElasticNet,-2.453316276003402,-0.3001385267340962
Q13627,DYRK1A,ElasticNet,-0.2376640018533915,0.49068296524320354
Q13627,DYRK1A,ElasticNet,-0.676358466369592,0.1550621014526925
Q13627,DYRK1A,ElasticNet,-0.3743241009868544,-0.5469380802613839
Q13627,DYRK1A,ElasticNet,0.5863659961943217,0.13508058697201375
Q13627,DYRK1A,ElasticNet,0.3341727384809481,-0.5013555369629178
Q13627,DYRK1A,ElasticNet,0.455846567432399,-0.12908858491632508
Q13627,DYRK1A,ElasticNet,-1.729752835140344,-0.3349257243609337
Q13627,DYRK1A,ElasticNet,-0.8520744900129316,-0.5999428348159089
Q13627,DYRK1A,ElasticNet,-0.6116199007501032,0.31280708788788103
Q13627,DYRK1A,ElasticNet,0.5688396743463779,-0.011669599902530137
Q13627,DYRK1A,ElasticNet,-0.339843624486622,-0.1787899897400535
Q13627,DYRK1A,ElasticNet,-0.0955258668730568,-0.07021758125231836
Q13627,DYRK1A,GradientBoosting,-1.845567351781853,0.20317434640027315
Q13627,DYRK1A,GradientBoosting,0.3331498333009833,0.3515787107580814
Q13627,DYRK1A,GradientBoosting,0.5896926331810584,-0.758910889950864
Q13627,DYRK1A,GradientBoosting,-0.9278742692395284,-0.587201782017769
Q13627,DYRK1A,GradientBoosting,0.6406832719654327,0.09356350665411432
Q13627,DYRK1A,GradientBoosting,-2.5945536709767096,-1.373889907315759
Q13627,DYRK1A,GradientBoosting,-2.453316276003402,-0.9379290252502563
Q13627,DYRK1A,GradientBoosting,-0.2376640018533915,0.16291219836735096
Q13627,DYRK1A,GradientBoosting,-0.676358466369592,-0.23960317575685508
Q13627,DYRK1A,GradientBoosting,-0.3743241009868544,-0.48180222692279995
Q13627,DYRK1A,GradientBoosting,0.5863659961943217,0.46187532351076516
Q13627,DYRK1A,GradientBoosting,0.3341727384809481,0.5112932847830538
Q13627,DYRK1A,GradientBoosting,0.455846567432399,-0.7735868287425818
Q13627,DYRK1A,GradientBoosting,-1.729752835140344,-0.018479742932363874
Q13627,DYRK1A,GradientBoosting,-0.8520744900129316,-0.3114322986746385
Q13627,DYRK1A,GradientBoosting,-0.6116199007501032,-0.18767108303414087
Q13627,DYRK1A,GradientBoosting,0.5688396743463779,-2.1452696372975346
Q13627,DYRK1A,GradientBoosting,-0.339843624486622,0.7153553681937285
Q13627,DYRK1A,GradientBoosting,-0.0955258668730568,-0.8009704262324819
Q13627,DYRK1A,MLP,-1.845567351781853,-0.3229623676620144
Q13627,DYRK1A,MLP,0.3331498333009833,-0.8745732817310035
Q13627,DYRK1A,MLP,0.5896926331810584,-1.424135002752642
Q13627,DYRK1A,MLP,-0.9278742692395284,-0.3229623676620144
Q13627,DYRK1A,MLP,0.6406832719654327,-1.1254943437911182
Q13627,DYRK1A,MLP,-2.5945536709767096,-0.5564336775394977
Q13627,DYRK1A,MLP,-2.453316276003402,-0.32769350236275097
Q13627,DYRK1A,MLP,-0.2376640018533915,-0.3229623676620144
Q13627,DYRK1A,MLP,-0.676358466369592,-0.3229623676620144
Q13627,DYRK1A,MLP,-0.3743241009868544,-0.4217941946484046
Q13627,DYRK1A,MLP,0.5863659961943217,-0.3229623676620144
Q13627,DYRK1A,MLP,0.3341727384809481,-0.5453955786489453
Q13627,DYRK1A,MLP,0.455846567432399,-0.3229623676620144
Q13627,DYRK1A,MLP,-1.729752835140344,-0.8158608913431618
Q13627,DYRK1A,MLP,-0.8520744900129316,-0.3229623676620144
Q13627,DYRK1A,MLP,-0.6116199007501032,-0.3229623676620144
Q13627,DYRK1A,MLP,0.5688396743463779,-0.3229623676620144
Q13627,DYRK1A,MLP,-0.339843624486622,-0.3229623676620144
Q13627,DYRK1A,MLP,-0.0955258668730568,-0.3229623676620144
Q14004,CDK13,RandomForest,0.7812241215339908,1.2927229287657465
Q14004,CDK13,RandomForest,-0.4172936422758325,0.3938155545542823
Q14004,CDK13,RandomForest,0.0474641976445844,0.3517634896091695
Q14004,CDK13,RandomForest,-0.2968983645710906,0.326033252912639
Q14004,CDK13,RandomForest,-1.550335641436892,0.32571738979781373
Q14004,CDK13,RandomForest,0.880811373731474,0.15095140577238342
Q14004,CDK13,RandomForest,2.014940894075033,0.723544816296182
Q14004,CDK13,RandomForest,-0.9050980695311708,0.11844871230641177
Q14004,CDK13,RandomForest,-0.6556931944104528,-0.032850443524275075
Q14004,CDK13,RandomForest,0.7617362404899749,0.4407826560015873
Q14004,CDK13,RandomForest,-1.814622947672064,-0.14571351463942198
Q14004,CDK13,RandomForest,0.0919498796094533,1.0659210065754516
Q14004,CDK13,RandomForest,0.0538230011043414,-0.12545442051422215
Q14004,CDK13,RandomForest,0.7036705689030395,0.20122417443204071
Q14004,CDK13,RandomForest,1.2254862620077576,0.6791527123462353
Q14004,CDK13,RandomForest,-0.1209267828693774,0.6941528336712645
Q14004,CDK13,RandomForest,-0.7072274198152341,0.00807638332128768
Q14004,CDK13,RandomForest,-0.6610412372336759,0.6771155321888801
Q14004,CDK13,RandomForest,-0.22104640009768,0.46343649232184375
Q14004,CDK13,XGBoost,0.7812241215339908,1.2132902145385742
Q14004,CDK13,XGBoost,-0.4172936422758325,0.5409696698188782
Q14004,CDK13,XGBoost,0.0474641976445844,0.9226049780845642
Q14004,CDK13,XGBoost,-0.2968983645710906,0.6612987518310547
Q14004,CDK13,XGBoost,-1.550335641436892,0.4963018298149109
Q14004,CDK13,XGBoost,0.880811373731474,0.46928760409355164
Q14004,CDK13,XGBoost,2.014940894075033,0.5851936340332031
Q14004,CDK13,XGBoost,-0.9050980695311708,0.486481249332428
Q14004,CDK13,XGBoost,-0.6556931944104528,-0.20881298184394836
Q14004,CDK13,XGBoost,0.7617362404899749,0.03231426328420639
Q14004,CDK13,XGBoost,-1.814622947672064,-0.5328500866889954
Q14004,CDK13,XGBoost,0.0919498796094533,1.1890283823013306
Q14004,CDK13,XGBoost,0.0538230011043414,0.20169909298419952
Q14004,CDK13,XGBoost,0.7036705689030395,0.1683047115802765
Q14004,CDK13,XGBoost,1.2254862620077576,1.2567089796066284
Q14004,CDK13,XGBoost,-0.1209267828693774,1.5696003437042236
Q14004,CDK13,XGBoost,-0.7072274198152341,-0.5957855582237244
Q14004,CDK13,XGBoost,-0.6610412372336759,0.9230477809906006
Q14004,CDK13,XGBoost,-0.22104640009768,0.3493521809577942
Q14004,CDK13,PLS,0.7812241215339908,0.6013646768173424
Q14004,CDK13,PLS,-0.4172936422758325,0.5829468922148008
Q14004,CDK13,PLS,0.0474641976445844,0.5115802648667791
Q14004,CDK13,PLS,-0.2968983645710906,0.07073074290284964
Q14004,CDK13,PLS,-1.550335641436892,-0.18050772948795574
Q14004,CDK13,PLS,0.880811373731474,-0.5175899000319817
Q14004,CDK13,PLS,2.014940894075033,0.278298268548919
Q14004,CDK13,PLS,-0.9050980695311708,0.04800512318421174
Q14004,CDK13,PLS,-0.6556931944104528,-0.4132939790088796
Q14004,CDK13,PLS,0.7617362404899749,0.5502523426617372
Q14004,CDK13,PLS,-1.814622947672064,0.2133350881394192
Q14004,CDK13,PLS,0.0919498796094533,0.5085389052197998
Q14004,CDK13,PLS,0.0538230011043414,0.25881961241074297
Q14004,CDK13,PLS,0.7036705689030395,0.2948576497003429
Q14004,CDK13,PLS,1.2254862620077576,0.6262221263310557
Q14004,CDK13,PLS,-0.1209267828693774,0.4240855087341418
Q14004,CDK13,PLS,-0.7072274198152341,-0.11488463275212485
Q14004,CDK13,PLS,-0.6610412372336759,-1.5376229570312896
Q14004,CDK13,PLS,-0.22104640009768,0.4748838417108569
Q14004,CDK13,SVR,0.7812241215339908,0.6916341629575777
Q14004,CDK13,SVR,-0.4172936422758325,0.32488883061190815
Q14004,CDK13,SVR,0.0474641976445844,0.61253992313212
Q14004,CDK13,SVR,-0.2968983645710906,0.18344938906900737
Q14004,CDK13,SVR,-1.550335641436892,0.06792608718101162
Q14004,CDK13,SVR,0.880811373731474,-0.2687140109128295
Q14004,CDK13,SVR,2.014940894075033,-0.5210722542477906
Q14004,CDK13,SVR,-0.9050980695311708,0.6150927744981165
Q14004,CDK13,SVR,-0.6556931944104528,-0.5971752466868703
Q14004,CDK13,SVR,0.7617362404899749,0.2644673330068867
Q14004,CDK13,SVR,-1.814622947672064,0.4620389774541636
Q14004,CDK13,SVR,0.0919498796094533,0.3887914711642479
Q14004,CDK13,SVR,0.0538230011043414,-0.027339821178693102
Q14004,CDK13,SVR,0.7036705689030395,0.5591155650434041
Q14004,CDK13,SVR,1.2254862620077576,0.26385685146331234
Q14004,CDK13,SVR,-0.1209267828693774,0.5387924855977602
Q14004,CDK13,SVR,-0.7072274198152341,-0.4508180437580425
Q14004,CDK13,SVR,-0.6610412372336759,-2.8808297200644413
Q14004,CDK13,SVR,-0.22104640009768,0.3858117039437327
Q14004,CDK13,Lasso,0.7812241215339908,1.075072768483723
Q14004,CDK13,Lasso,-0.4172936422758325,0.5671526188542789
Q14004,CDK13,Lasso,0.0474641976445844,0.3513603470567178
Q14004,CDK13,Lasso,-0.2968983645710906,0.34268236876002556
Q14004,CDK13,Lasso,-1.550335641436892,-0.36509721222193275
Q14004,CDK13,Lasso,0.880811373731474,0.13152723388574444
Q14004,CDK13,Lasso,2.014940894075033,0.903575111013522
Q14004,CDK13,Lasso,-0.9050980695311708,0.4694125886874871
Q14004,CDK13,Lasso,-0.6556931944104528,0.08888196381785946
Q14004,CDK13,Lasso,0.7617362404899749,0.7014761589274907
Q14004,CDK13,Lasso,-1.814622947672064,0.3643256440297179
Q14004,CDK13,Lasso,0.0919498796094533,0.580893317000519
Q14004,CDK13,Lasso,0.0538230011043414,0.2936085605939431
Q14004,CDK13,Lasso,0.7036705689030395,0.598989353521209
Q14004,CDK13,Lasso,1.2254862620077576,0.6996962285186945
Q14004,CDK13,Lasso,-0.1209267828693774,0.7520639628488421
Q14004,CDK13,Lasso,-0.7072274198152341,0.11418780718380606
Q14004,CDK13,Lasso,-0.6610412372336759,0.4116317643459249
Q14004,CDK13,Lasso,-0.22104640009768,0.4422352940144372
Q14004,CDK13,ElasticNet,0.7812241215339908,1.0420043431247588
Q14004,CDK13,ElasticNet,-0.4172936422758325,0.5272942495199688
Q14004,CDK13,ElasticNet,0.0474641976445844,0.4467536613527267
Q14004,CDK13,ElasticNet,-0.2968983645710906,0.329359404962757
Q14004,CDK13,ElasticNet,-1.550335641436892,-0.3260378039616133
Q14004,CDK13,ElasticNet,0.880811373731474,-0.12615085748030075
Q14004,CDK13,ElasticNet,2.014940894075033,0.8400657382775361
Q14004,CDK13,ElasticNet,-0.9050980695311708,0.3571345894502771
Q14004,CDK13,ElasticNet,-0.6556931944104528,-0.09656991670213455
Q14004,CDK13,ElasticNet,0.7617362404899749,0.6977457840972497
Q14004,CDK13,ElasticNet,-1.814622947672064,0.29879442855692895
Q14004,CDK13,ElasticNet,0.0919498796094533,0.6000845329035682
Q14004,CDK13,ElasticNet,0.0538230011043414,0.21389004507839712
Q14004,CDK13,ElasticNet,0.7036705689030395,0.42328027026440757
Q14004,CDK13,ElasticNet,1.2254862620077576,0.7442934130975186
Q14004,CDK13,ElasticNet,-0.1209267828693774,0.7078835061710532
Q14004,CDK13,ElasticNet,-0.7072274198152341,0.0910454469825221
Q14004,CDK13,ElasticNet,-0.6610412372336759,0.26927393911901376
Q14004,CDK13,ElasticNet,-0.22104640009768,0.4541245763429311
Q14004,CDK13,GradientBoosting,0.7812241215339908,1.7266495397269783
Q14004,CDK13,GradientBoosting,-0.4172936422758325,0.4308599646113517
Q14004,CDK13,GradientBoosting,0.0474641976445844,0.36404830046292036
Q14004,CDK13,GradientBoosting,-0.2968983645710906,0.6534734335487079
Q14004,CDK13,GradientBoosting,-1.550335641436892,0.7387807624799684
Q14004,CDK13,GradientBoosting,0.880811373731474,0.28468772570774203
Q14004,CDK13,GradientBoosting,2.014940894075033,1.1799698990731957
Q14004,CDK13,GradientBoosting,-0.9050980695311708,0.21794075469096677
Q14004,CDK13,GradientBoosting,-0.6556931944104528,-0.3404134570521009
Q14004,CDK13,GradientBoosting,0.7617362404899749,0.4695573450440819
Q14004,CDK13,GradientBoosting,-1.814622947672064,-1.0443878976411922
Q14004,CDK13,GradientBoosting,0.0919498796094533,2.3691256472861753
Q14004,CDK13,GradientBoosting,0.0538230011043414,-0.4724270466616841
Q14004,CDK13,GradientBoosting,0.7036705689030395,0.2740748237010868
Q14004,CDK13,GradientBoosting,1.2254862620077576,-0.28399900367715253
Q14004,CDK13,GradientBoosting,-0.1209267828693774,1.968808439270914
Q14004,CDK13,GradientBoosting,-0.7072274198152341,-0.5635971418598766
Q14004,CDK13,GradientBoosting,-0.6610412372336759,1.0241276144005587
Q14004,CDK13,GradientBoosting,-0.22104640009768,0.6984153120276788
Q14004,CDK13,MLP,0.7812241215339908,2.6950442596668367
Q14004,CDK13,MLP,-0.4172936422758325,0.46681055900573165
Q14004,CDK13,MLP,0.0474641976445844,1.3868300566863465
Q14004,CDK13,MLP,-0.2968983645710906,-0.27680815647526413
Q14004,CDK13,MLP,-1.550335641436892,-0.46363003632194216
Q14004,CDK13,MLP,0.880811373731474,0.349973792852283
Q14004,CDK13,MLP,2.014940894075033,0.22054091509897333
Q14004,CDK13,MLP,-0.9050980695311708,-0.17409846411148133
Q14004,CDK13,MLP,-0.6556931944104528,-1.1143906614188093
Q14004,CDK13,MLP,0.7617362404899749,-0.4970160440452073
Q14004,CDK13,MLP,-1.814622947672064,-0.06070224016799508
Q14004,CDK13,MLP,0.0919498796094533,1.3987908868831256
Q14004,CDK13,MLP,0.0538230011043414,-0.32378851495249017
Q14004,CDK13,MLP,0.7036705689030395,0.9367400010446892
Q14004,CDK13,MLP,1.2254862620077576,1.7170270527039309
Q14004,CDK13,MLP,-0.1209267828693774,0.5105472749367218
Q14004,CDK13,MLP,-0.7072274198152341,0.042296463505341
Q14004,CDK13,MLP,-0.6610412372336759,2.3140375284354855
Q14004,CDK13,MLP,-0.22104640009768,0.4970497603868357
Q14680,MELK,RandomForest,0.3543623452360393,-0.09584035440194072
Q14680,MELK,RandomForest,-0.5124300105433096,-0.17303165097635936
Q14680,MELK,RandomForest,-0.339803324831509,-0.36303459522701226
Q14680,MELK,RandomForest,-0.4602564256263342,-0.10824410048854523
Q14680,MELK,RandomForest,-1.1269101853639092,-0.13663766449461112
Q14680,MELK,RandomForest,0.0159072351109366,-0.6170543028885929
Q14680,MELK,RandomForest,-0.4854098446172223,0.12141116482389178
Q14680,MELK,RandomForest,0.2723867239563929,0.27161123890709177
Q14680,MELK,RandomForest,0.0728428273527362,0.22366910242745733
Q14680,MELK,RandomForest,-0.604563414461695,-0.5757626287591833
Q14680,MELK,RandomForest,1.2162291558719551,0.3100192643269105
Q14680,MELK,RandomForest,0.0957500062230294,0.0686748082756955
Q14680,MELK,RandomForest,1.148264811661155,-0.18764278778060928
Q14680,MELK,RandomForest,-0.262626327603676,-0.3156648529290318
Q14680,MELK,RandomForest,0.0433608827975921,-0.25226592011561805
Q14680,MELK,RandomForest,0.493811426086525,0.16493052021120164
Q14680,MELK,RandomForest,0.0968948197667096,0.33635489100011157
Q14680,MELK,RandomForest,0.218974321208259,-0.27033835226363573
Q14680,MELK,RandomForest,0.230110315730539,0.4297131372754879
Q14680,MELK,XGBoost,0.3543623452360393,0.10833828896284103
Q14680,MELK,XGBoost,-0.5124300105433096,-0.1944667398929596
Q14680,MELK,XGBoost,-0.339803324831509,-0.05882122367620468
Q14680,MELK,XGBoost,-0.4602564256263342,0.20971687138080597
Q14680,MELK,XGBoost,-1.1269101853639092,0.11518169939517975
Q14680,MELK,XGBoost,0.0159072351109366,-0.8802275657653809
Q14680,MELK,XGBoost,-0.4854098446172223,0.35930174589157104
Q14680,MELK,XGBoost,0.2723867239563929,0.5688195824623108
Q14680,MELK,XGBoost,0.0728428273527362,-0.3560396432876587
Q14680,MELK,XGBoost,-0.604563414461695,-0.22147071361541748
Q14680,MELK,XGBoost,1.2162291558719551,0.8124586343765259
Q14680,MELK,XGBoost,0.0957500062230294,0.22777128219604492
Q14680,MELK,XGBoost,1.148264811661155,-0.08434217423200607
Q14680,MELK,XGBoost,-0.262626327603676,-0.8842668533325195
Q14680,MELK,XGBoost,0.0433608827975921,-0.07123246788978577
Q14680,MELK,XGBoost,0.493811426086525,0.054193709045648575
Q14680,MELK,XGBoost,0.0968948197667096,0.561216413974762
Q14680,MELK,XGBoost,0.218974321208259,-0.42072179913520813
Q14680,MELK,XGBoost,0.230110315730539,0.8962169289588928
Q14680,MELK,PLS,0.3543623452360393,0.06822168661837857
Q14680,MELK,PLS,-0.5124300105433096,0.05823273704756837
Q14680,MELK,PLS,-0.339803324831509,-0.32615502288791876
Q14680,MELK,PLS,-0.4602564256263342,-0.12075577965098858
Q14680,MELK,PLS,-1.1269101853639092,-0.7374890873773833
Q14680,MELK,PLS,0.0159072351109366,-0.28626500225920704
Q14680,MELK,PLS,-0.4854098446172223,-0.08352950879452618
Q14680,MELK,PLS,0.2723867239563929,-0.32635395190692573
Q14680,MELK,PLS,0.0728428273527362,-0.49475753809680534
Q14680,MELK,PLS,-0.604563414461695,-0.35989215256176976
Q14680,MELK,PLS,1.2162291558719551,0.03159550710037545
Q14680,MELK,PLS,0.0957500062230294,0.1132727273091311
Q14680,MELK,PLS,1.148264811661155,-0.32107557095081546
Q14680,MELK,PLS,-0.262626327603676,-1.0311596679265473
Q14680,MELK,PLS,0.0433608827975921,-0.16119449835353097
Q14680,MELK,PLS,0.493811426086525,0.06729834190699807
Q14680,MELK,PLS,0.0968948197667096,-0.2673735664573223
Q14680,MELK,PLS,0.218974321208259,-0.22892056720103843
Q14680,MELK,PLS,0.230110315730539,0.03600192024074131
Q14680,MELK,SVR,0.3543623452360393,0.061028263701942004
Q14680,MELK,SVR,-0.5124300105433096,0.0020967682524647147
Q14680,MELK,SVR,-0.339803324831509,-0.26749193509864255
Q14680,MELK,SVR,-0.4602564256263342,-0.1906050704189031
Q14680,MELK,SVR,-1.1269101853639092,-0.7671977644944653
Q14680,MELK,SVR,0.0159072351109366,-0.37365345454379506
Q14680,MELK,SVR,-0.4854098446172223,-0.20774723520283947
Q14680,MELK,SVR,0.2723867239563929,-0.2728461797143764
Q14680,MELK,SVR,0.0728428273527362,-0.4844878044212064
Q14680,MELK,SVR,-0.604563414461695,-0.49768340910822817
Q14680,MELK,SVR,1.2162291558719551,0.12939978966573049
Q14680,MELK,SVR,0.0957500062230294,0.24736208597373296
Q14680,MELK,SVR,1.148264811661155,-0.3322535470393425
Q14680,MELK,SVR,-0.262626327603676,-1.2816876028355062
Q14680,MELK,SVR,0.0433608827975921,-0.23264355189866273
Q14680,MELK,SVR,0.493811426086525,0.09024690287492917
Q14680,MELK,SVR,0.0968948197667096,-0.18417162992010896
Q14680,MELK,SVR,0.218974321208259,-0.3914126458039272
Q14680,MELK,SVR,0.230110315730539,0.08555864081019612
Q14680,MELK,Lasso,0.3543623452360393,0.006805063465733785
Q14680,MELK,Lasso,-0.5124300105433096,0.035099209876109955
Q14680,MELK,Lasso,-0.339803324831509,-0.35600409669710453
Q14680,MELK,Lasso,-0.4602564256263342,-0.09727690627536276
Q14680,MELK,Lasso,-1.1269101853639092,-0.6189448374774735
Q14680,MELK,Lasso,0.0159072351109366,-0.21910518253869643
Q14680,MELK,Lasso,-0.4854098446172223,-0.02823088977494287
Q14680,MELK,Lasso,0.2723867239563929,-0.3438336247006157
Q14680,MELK,Lasso,0.0728428273527362,-0.44715455772975843
Q14680,MELK,Lasso,-0.604563414461695,-0.24107633440297854
Q14680,MELK,Lasso,1.2162291558719551,-0.08931157348172217
Q14680,MELK,Lasso,0.0957500062230294,-0.05610281943629232
Q14680,MELK,Lasso,1.148264811661155,-0.2982876721594912
Q14680,MELK,Lasso,-0.262626327603676,-0.7039320408548138
Q14680,MELK,Lasso,0.0433608827975921,-0.13076744905366924
Q14680,MELK,Lasso,0.493811426086525,-0.01053616269134755
Q14680,MELK,Lasso,0.0968948197667096,-0.31808555390974047
Q14680,MELK,Lasso,0.218974321208259,-0.12023465708560935
Q14680,MELK,Lasso,0.230110315730539,-0.05143642344009389
Q14680,MELK,ElasticNet,0.3543623452360393,0.04324967740089686
Q14680,MELK,ElasticNet,-0.5124300105433096,0.06626816361651003
Q14680,MELK,ElasticNet,-0.339803324831509,-0.3554459181821412
Q14680,MELK,ElasticNet,-0.4602564256263342,-0.08612613209524284
Q14680,MELK,ElasticNet,-1.1269101853639092,-0.6659202640134088
Q14680,MELK,ElasticNet,0.0159072351109366,-0.2147007057466604
Q14680,MELK,ElasticNet,-0.4854098446172223,-0.014364365481035424
Q14680,MELK,ElasticNet,0.2723867239563929,-0.3780810937115025
Q14680,MELK,ElasticNet,0.0728428273527362,-0.49784798909041644
Q14680,MELK,ElasticNet,-0.604563414461695,-0.2460656545362509
Q14680,MELK,ElasticNet,1.2162291558719551,-0.09129400923396883
Q14680,MELK,ElasticNet,0.0957500062230294,-0.026350742238963082
Q14680,MELK,ElasticNet,1.148264811661155,-0.3110704337425899
Q14680,MELK,ElasticNet,-0.262626327603676,-0.741649438088005
Q14680,MELK,ElasticNet,0.0433608827975921,-0.114031314849214
Q14680,MELK,ElasticNet,0.493811426086525,0.005340382537921379
Q14680,MELK,ElasticNet,0.0968948197667096,-0.3466832598789365
Q14680,MELK,ElasticNet,0.218974321208259,-0.10651997268280469
Q14680,MELK,ElasticNet,0.230110315730539,-0.051601508484590775
Q14680,MELK,GradientBoosting,0.3543623452360393,0.048995625597962576
Q14680,MELK,GradientBoosting,-0.5124300105433096,0.03721189697207274
Q14680,MELK,GradientBoosting,-0.339803324831509,-0.21896280241307978
Q14680,MELK,GradientBoosting,-0.4602564256263342,-0.23942519964594766
Q14680,MELK,GradientBoosting,-1.1269101853639092,-0.12374359525431881
Q14680,MELK,GradientBoosting,0.0159072351109366,-0.7711418275409936
Q14680,MELK,GradientBoosting,-0.4854098446172223,0.1578868756508059
Q14680,MELK,GradientBoosting,0.2723867239563929,-0.04372085755071719
Q14680,MELK,GradientBoosting,0.0728428273527362,-0.42033970451579034
Q14680,MELK,GradientBoosting,-0.604563414461695,-0.7417517719231617
Q14680,MELK,GradientBoosting,1.2162291558719551,1.1870537083347903
Q14680,MELK,GradientBoosting,0.0957500062230294,0.5025990790242704
Q14680,MELK,GradientBoosting,1.148264811661155,-0.277333517675882
Q14680,MELK,GradientBoosting,-0.262626327603676,-0.6456137255369835
Q14680,MELK,GradientBoosting,0.0433608827975921,-0.3639293091864926
Q14680,MELK,GradientBoosting,0.493811426086525,0.27349120697037166
Q14680,MELK,GradientBoosting,0.0968948197667096,0.38821085816485823
Q14680,MELK,GradientBoosting,0.218974321208259,0.04021799482867141
Q14680,MELK,GradientBoosting,0.230110315730539,0.7795629017681728
Q14680,MELK,MLP,0.3543623452360393,-0.1701456020109295
Q14680,MELK,MLP,-0.5124300105433096,-0.1701456020109295
Q14680,MELK,MLP,-0.339803324831509,-0.1701456020109295
Q14680,MELK,MLP,-0.4602564256263342,-0.1701456020109295
Q14680,MELK,MLP,-1.1269101853639092,-0.4399697131437547
Q14680,MELK,MLP,0.0159072351109366,-0.1701456020109295
Q14680,MELK,MLP,-0.4854098446172223,-0.1701456020109295
Q14680,MELK,MLP,0.2723867239563929,-0.24444989512536602
Q14680,MELK,MLP,0.0728428273527362,-0.43617016663331826
Q14680,MELK,MLP,-0.604563414461695,-0.1701456020109295
Q14680,MELK,MLP,1.2162291558719551,0.2266097644871906
Q14680,MELK,MLP,0.0957500062230294,-0.08668553014519546
Q14680,MELK,MLP,1.148264811661155,-0.1701456020109295
Q14680,MELK,MLP,-0.262626327603676,-0.1701456020109295
Q14680,MELK,MLP,0.0433608827975921,-0.1701456020109295
Q14680,MELK,MLP,0.493811426086525,0.02558136046473683
Q14680,MELK,MLP,0.0968948197667096,-0.19864300081855152
Q14680,MELK,MLP,0.218974321208259,-0.1701456020109295
Q14680,MELK,MLP,0.230110315730539,0.27962179862095093
Q15139,PRKD1,RandomForest,-1.0601911320607582,-0.17061628472221682
Q15139,PRKD1,RandomForest,0.0582433152217429,1.0032465412022162
Q15139,PRKD1,RandomForest,-0.741418507893925,-0.08276486816953524
Q15139,PRKD1,RandomForest,2.246181009613491,-0.019664770441106028
Q15139,PRKD1,RandomForest,1.2405069432912996,0.39300794454751625
Q15139,PRKD1,RandomForest,-0.2846010488976503,0.17577246879211805
Q15139,PRKD1,RandomForest,0.2599824367866194,-0.004312304518784672
Q15139,PRKD1,RandomForest,0.5306062052831977,0.39807612594378605
Q15139,PRKD1,RandomForest,-0.3120529608862543,0.14055364464338735
Q15139,PRKD1,RandomForest,0.2878753595290345,0.054704299718069095
Q15139,PRKD1,RandomForest,0.519504089043847,1.055098777521398
Q15139,PRKD1,RandomForest,0.9130280786846052,-0.20322511682746572
Q15139,PRKD1,RandomForest,0.2033267970515498,0.10460039194689764
Q15139,PRKD1,RandomForest,-1.230155846117216,0.703866427503596
Q15139,PRKD1,RandomForest,-1.062067196738826,0.03520437813315011
Q15139,PRKD1,RandomForest,-0.9460504965954102,-0.20310936836871346
Q15139,PRKD1,RandomForest,-0.3546129363470057,0.05014512980951652
Q15139,PRKD1,RandomForest,0.6457866714000416,0.3832990007031794
Q15139,PRKD1,RandomForest,2.98819504614879,0.6218435100811925
Q15139,PRKD1,XGBoost,-1.0601911320607582,-0.19835104048252106
Q15139,PRKD1,XGBoost,0.0582433152217429,2.002336263656616
Q15139,PRKD1,XGBoost,-0.741418507893925,-0.5886399149894714
Q15139,PRKD1,XGBoost,2.246181009613491,0.07660707831382751
Q15139,PRKD1,XGBoost,1.2405069432912996,0.8524395823478699
Q15139,PRKD1,XGBoost,-0.2846010488976503,-0.11182422935962677
Q15139,PRKD1,XGBoost,0.2599824367866194,-0.4752686023712158
Q15139,PRKD1,XGBoost,0.5306062052831977,0.21103249490261078
Q15139,PRKD1,XGBoost,-0.3120529608862543,0.055851493030786514
Q15139,PRKD1,XGBoost,0.2878753595290345,0.13191477954387665
Q15139,PRKD1,XGBoost,0.519504089043847,2.053898811340332
Q15139,PRKD1,XGBoost,0.9130280786846052,-0.5886399149894714
Q15139,PRKD1,XGBoost,0.2033267970515498,0.3451457619667053
Q15139,PRKD1,XGBoost,-1.230155846117216,-0.07464495301246643
Q15139,PRKD1,XGBoost,-1.062067196738826,0.6787098050117493
Q15139,PRKD1,XGBoost,-0.9460504965954102,-0.5653166174888611
Q15139,PRKD1,XGBoost,-0.3546129363470057,0.42220425605773926
Q15139,PRKD1,XGBoost,0.6457866714000416,0.30058223009109497
Q15139,PRKD1,XGBoost,2.98819504614879,0.17032122611999512
Q15139,PRKD1,PLS,-1.0601911320607582,0.12216724746342647
Q15139,PRKD1,PLS,0.0582433152217429,-0.0559995818809485
Q15139,PRKD1,PLS,-0.741418507893925,0.08289977205334914
Q15139,PRKD1,PLS,2.246181009613491,-0.011739589926040732
Q15139,PRKD1,PLS,1.2405069432912996,0.23721208775948052
Q15139,PRKD1,PLS,-0.2846010488976503,0.06373552056561835
Q15139,PRKD1,PLS,0.2599824367866194,-0.2986294938175677
Q15139,PRKD1,PLS,0.5306062052831977,0.28397998424210913
Q15139,PRKD1,PLS,-0.3120529608862543,0.3312600060984978
Q15139,PRKD1,PLS,0.2878753595290345,0.03125678077887698
Q15139,PRKD1,PLS,0.519504089043847,0.2739211794255468
Q15139,PRKD1,PLS,0.9130280786846052,0.3246725917818401
Q15139,PRKD1,PLS,0.2033267970515498,0.24055075638664536
Q15139,PRKD1,PLS,-1.230155846117216,0.009618818840569646
Q15139,PRKD1,PLS,-1.062067196738826,0.0015331970492353172
Q15139,PRKD1,PLS,-0.9460504965954102,-0.05216100957548807
Q15139,PRKD1,PLS,-0.3546129363470057,0.25970233997646053
Q15139,PRKD1,PLS,0.6457866714000416,-0.08110049734133282
Q15139,PRKD1,PLS,2.98819504614879,0.474732098352247
Q15139,PRKD1,SVR,-1.0601911320607582,0.08879993456587554
Q15139,PRKD1,SVR,0.0582433152217429,0.003299365550640858
Q15139,PRKD1,SVR,-0.741418507893925,-0.14158075020270583
Q15139,PRKD1,SVR,2.246181009613491,-0.07588056738523702
Q15139,PRKD1,SVR,1.2405069432912996,0.27882872933345987
Q15139,PRKD1,SVR,-0.2846010488976503,0.11400290742905733
Q15139,PRKD1,SVR,0.2599824367866194,-0.40973180003293247
Q15139,PRKD1,SVR,0.5306062052831977,0.29858597588155056
Q15139,PRKD1,SVR,-0.3120529608862543,0.34992233698989594
Q15139,PRKD1,SVR,0.2878753595290345,-0.04727368618229894
Q15139,PRKD1,SVR,0.519504089043847,0.2817821496040965
Q15139,PRKD1,SVR,0.9130280786846052,0.06701855971250897
Q15139,PRKD1,SVR,0.2033267970515498,0.2501254147983974
Q15139,PRKD1,SVR,-1.230155846117216,0.03352636010424164
Q15139,PRKD1,SVR,-1.062067196738826,0.0547976638879441
Q15139,PRKD1,SVR,-0.9460504965954102,-0.12026453934191922
Q15139,PRKD1,SVR,-0.3546129363470057,0.2659057719552288
Q15139,PRKD1,SVR,0.6457866714000416,0.10412722973993443
Q15139,PRKD1,SVR,2.98819504614879,0.4376831146113355
Q15139,PRKD1,Lasso,-1.0601911320607582,0.13148976067433948
Q15139,PRKD1,Lasso,0.0582433152217429,-0.06035348105575596
Q15139,PRKD1,Lasso,-0.741418507893925,0.2761948956975901
Q15139,PRKD1,Lasso,2.246181009613491,0.06275101279316878
Q15139,PRKD1,Lasso,1.2405069432912996,0.1558275872399492
Q15139,PRKD1,Lasso,-0.2846010488976503,0.032542344378081595
Q15139,PRKD1,Lasso,0.2599824367866194,-0.10306422297082812
Q15139,PRKD1,Lasso,0.5306062052831977,0.2232902888156685
Q15139,PRKD1,Lasso,-0.3120529608862543,0.2531888742830599
Q15139,PRKD1,Lasso,0.2878753595290345,0.10737390847007565
Q15139,PRKD1,Lasso,0.519504089043847,0.2260670624681039
Q15139,PRKD1,Lasso,0.9130280786846052,0.4789373218346141
Q15139,PRKD1,Lasso,0.2033267970515498,0.19368103316273708
Q15139,PRKD1,Lasso,-1.230155846117216,0.019783429408142664
Q15139,PRKD1,Lasso,-1.062067196738826,-0.027867088470439845
Q15139,PRKD1,Lasso,-0.9460504965954102,0.027009112192037082
Q15139,PRKD1,Lasso,-0.3546129363470057,0.20768594779797442
Q15139,PRKD1,Lasso,0.6457866714000416,-0.1847601234728223
Q15139,PRKD1,Lasso,2.98819504614879,0.41326746016393
Q15139,PRKD1,ElasticNet,-1.0601911320607582,0.11792914318284273
Q15139,PRKD1,ElasticNet,0.0582433152217429,-0.050669377617345995
Q15139,PRKD1,ElasticNet,-0.741418507893925,0.26433738126169615
Q15139,PRKD1,ElasticNet,2.246181009613491,0.04282544167582591
Q15139,PRKD1,ElasticNet,1.2405069432912996,0.15729860263449852
Q15139,PRKD1,ElasticNet,-0.2846010488976503,0.04221284573139169
Q15139,PRKD1,ElasticNet,0.2599824367866194,-0.1322139274633558
Q15139,PRKD1,ElasticNet,0.5306062052831977,0.24167895302423018
Q15139,PRKD1,ElasticNet,-0.3120529608862543,0.27343580152913094
Q15139,PRKD1,ElasticNet,0.2878753595290345,0.08939592657359359
Q15139,PRKD1,ElasticNet,0.519504089043847,0.2496440320020111
Q15139,PRKD1,ElasticNet,0.9130280786846052,0.4772287409490754
Q15139,PRKD1,ElasticNet,0.2033267970515498,0.20642176811070612
Q15139,PRKD1,ElasticNet,-1.230155846117216,0.0329252049635797
Q15139,PRKD1,ElasticNet,-1.062067196738826,-0.03717891984872422
Q15139,PRKD1,ElasticNet,-0.9460504965954102,-0.005853318712707223
Q15139,PRKD1,ElasticNet,-0.3546129363470057,0.21728865106703968
Q15139,PRKD1,ElasticNet,0.6457866714000416,-0.17044854844204985
Q15139,PRKD1,ElasticNet,2.98819504614879,0.44635038831289964
Q15139,PRKD1,GradientBoosting,-1.0601911320607582,-0.14077226205196372
Q15139,PRKD1,GradientBoosting,0.0582433152217429,1.4358332110302707
Q15139,PRKD1,GradientBoosting,-0.741418507893925,-0.5390106756026868
Q15139,PRKD1,GradientBoosting,2.246181009613491,-0.08966481457523959
Q15139,PRKD1,GradientBoosting,1.2405069432912996,0.876020633887886
Q15139,PRKD1,GradientBoosting,-0.2846010488976503,0.033429895832560966
Q15139,PRKD1,GradientBoosting,0.2599824367866194,-0.1855398656118504
Q15139,PRKD1,GradientBoosting,0.5306062052831977,0.34347926855590266
Q15139,PRKD1,GradientBoosting,-0.3120529608862543,-0.10139405768967495
Q15139,PRKD1,GradientBoosting,0.2878753595290345,-0.058391875553289944
Q15139,PRKD1,GradientBoosting,0.519504089043847,1.3987054359429487
Q15139,PRKD1,GradientBoosting,0.9130280786846052,-0.4256851973484974
Q15139,PRKD1,GradientBoosting,0.2033267970515498,0.12080073310301426
Q15139,PRKD1,GradientBoosting,-1.230155846117216,0.7059167796472122
Q15139,PRKD1,GradientBoosting,-1.062067196738826,0.007923824769751333
Q15139,PRKD1,GradientBoosting,-0.9460504965954102,-0.33955589918298773
Q15139,PRKD1,GradientBoosting,-0.3546129363470057,-0.28936918299440334
Q15139,PRKD1,GradientBoosting,0.6457866714000416,0.6011426653396309
Q15139,PRKD1,GradientBoosting,2.98819504614879,0.8050746382585784
Q15139,PRKD1,MLP,-1.0601911320607582,-0.18892907520557592
Q15139,PRKD1,MLP,0.0582433152217429,-0.2091768587364216
Q15139,PRKD1,MLP,-0.741418507893925,-0.09352772126824932
Q15139,PRKD1,MLP,2.246181009613491,-0.27634603533012636
Q15139,PRKD1,MLP,1.2405069432912996,0.17681754448805015
Q15139,PRKD1,MLP,-0.2846010488976503,-0.23217174984802438
Q15139,PRKD1,MLP,0.2599824367866194,-0.09352772126824932
Q15139,PRKD1,MLP,0.5306062052831977,0.17471384697509312
Q15139,PRKD1,MLP,-0.3120529608862543,0.324774546999723
Q15139,PRKD1,MLP,0.2878753595290345,-0.1992955089417086
Q15139,PRKD1,MLP,0.519504089043847,-0.05341587331758695
Q15139,PRKD1,MLP,0.9130280786846052,-0.09352772126824932
Q15139,PRKD1,MLP,0.2033267970515498,0.11030328483006882
Q15139,PRKD1,MLP,-1.230155846117216,-0.09352772126824932
Q15139,PRKD1,MLP,-1.062067196738826,-0.23903636389093125
Q15139,PRKD1,MLP,-0.9460504965954102,-0.3773161383405884
Q15139,PRKD1,MLP,-0.3546129363470057,0.16916044694296412
Q15139,PRKD1,MLP,0.6457866714000416,-0.3172989557601928
Q15139,PRKD1,MLP,2.98819504614879,-0.03752861835027294
Q15418,RPS6KA1,RandomForest,-1.6306977912432858,-2.1235275892651284
Q15418,RPS6KA1,RandomForest,-3.1200929008862555,-1.4859695329571077
Q15418,RPS6KA1,RandomForest,0.9660198318219476,0.2847756046215185
Q15418,RPS6KA1,RandomForest,0.0105441591808584,-0.1663389782720055
Q15418,RPS6KA1,RandomForest,0.4510690395197909,0.37002431153457593
Q15418,RPS6KA1,RandomForest,-2.3913873717102505,-1.288570390774613
Q15418,RPS6KA1,RandomForest,1.2165183403903557,0.08741560236862425
Q15418,RPS6KA1,RandomForest,0.0368419395806302,-0.7395836979227959
Q15418,RPS6KA1,RandomForest,1.1833431596849346,-0.46075311132872976
Q15418,RPS6KA1,RandomForest,-1.6684879799860313,-1.7059769171305716
Q15418,RPS6KA1,RandomForest,-1.0720817915623686,-1.27049248338147
Q15418,RPS6KA1,RandomForest,0.9856383337723276,-0.35318846219069533
Q15418,RPS6KA1,RandomForest,0.1390779153645375,-2.308690939101157
Q15418,RPS6KA1,RandomForest,-3.1990051883763475,-1.7738461817390878
Q15418,RPS6KA1,RandomForest,-0.1528397939728477,-1.1105452857394829
Q15418,RPS6KA1,RandomForest,0.5466927154244464,-0.5831836939683748
Q15418,RPS6KA1,RandomForest,0.5803452055908884,-0.7921966037950317
Q15418,RPS6KA1,RandomForest,1.1207395341135942,-0.5400503508693455
Q15418,RPS6KA1,RandomForest,1.084579466948856,0.37385356892899907
Q15418,RPS6KA1,XGBoost,-1.6306977912432858,-3.4689676761627197
Q15418,RPS6KA1,XGBoost,-3.1200929008862555,-2.5371336936950684
Q15418,RPS6KA1,XGBoost,0.9660198318219476,0.5583733916282654
Q15418,RPS6KA1,XGBoost,0.0105441591808584,0.7919647097587585
Q15418,RPS6KA1,XGBoost,0.4510690395197909,0.7361856698989868
Q15418,RPS6KA1,XGBoost,-2.3913873717102505,-1.1138837337493896
Q15418,RPS6KA1,XGBoost,1.2165183403903557,0.3040955066680908
Q15418,RPS6KA1,XGBoost,0.0368419395806302,-0.5644145011901855
Q15418,RPS6KA1,XGBoost,1.1833431596849346,-0.6774232387542725
Q15418,RPS6KA1,XGBoost,-1.6684879799860313,-2.9048662185668945
Q15418,RPS6KA1,XGBoost,-1.0720817915623686,-0.9549707174301147
Q15418,RPS6KA1,XGBoost,0.9856383337723276,0.693591296672821
Q15418,RPS6KA1,XGBoost,0.1390779153645375,-2.913813352584839
Q15418,RPS6KA1,XGBoost,-3.1990051883763475,-1.5887426137924194
Q15418,RPS6KA1,XGBoost,-0.1528397939728477,-2.759497880935669
Q15418,RPS6KA1,XGBoost,0.5466927154244464,1.0155845880508423
Q15418,RPS6KA1,XGBoost,0.5803452055908884,-1.6191986799240112
Q15418,RPS6KA1,XGBoost,1.1207395341135942,-0.5761679410934448
Q15418,RPS6KA1,XGBoost,1.084579466948856,0.7611991167068481
Q15418,RPS6KA1,PLS,-1.6306977912432858,-3.1420619040806055
Q15418,RPS6KA1,PLS,-3.1200929008862555,-1.0339625173707743
Q15418,RPS6KA1,PLS,0.9660198318219476,0.11950819519945055
Q15418,RPS6KA1,PLS,0.0105441591808584,-0.7238210116941359
Q15418,RPS6KA1,PLS,0.4510690395197909,-0.004168639114957795
Q15418,RPS6KA1,PLS,-2.3913873717102505,-2.5945023344232014
Q15418,RPS6KA1,PLS,1.2165183403903557,0.7255565100909412
Q15418,RPS6KA1,PLS,0.0368419395806302,-1.0053046627351971
Q15418,RPS6KA1,PLS,1.1833431596849346,1.0838995307952555
Q15418,RPS6KA1,PLS,-1.6684879799860313,-1.6068592974251223
Q15418,RPS6KA1,PLS,-1.0720817915623686,-1.9111055321135062
Q15418,RPS6KA1,PLS,0.9856383337723276,-0.8342590040766514
Q15418,RPS6KA1,PLS,0.1390779153645375,-2.0462180301142046
Q15418,RPS6KA1,PLS,-3.1990051883763475,-5.035241875845477
Q15418,RPS6KA1,PLS,-0.1528397939728477,-0.8873254336612024
Q15418,RPS6KA1,PLS,0.5466927154244464,0.6507042384330141
Q15418,RPS6KA1,PLS,0.5803452055908884,-0.9632602542769171
Q15418,RPS6KA1,PLS,1.1207395341135942,-0.0010186650085830529
Q15418,RPS6KA1,PLS,1.084579466948856,-0.2876194067305416
Q15418,RPS6KA1,SVR,-1.6306977912432858,-3.887264753348324
Q15418,RPS6KA1,SVR,-3.1200929008862555,-0.991363076446014
Q15418,RPS6KA1,SVR,0.9660198318219476,0.43935321651835535
Q15418,RPS6KA1,SVR,0.0105441591808584,-0.7120777584860463
Q15418,RPS6KA1,SVR,0.4510690395197909,0.15605413248741007
Q15418,RPS6KA1,SVR,-2.3913873717102505,-2.7416050994433814
Q15418,RPS6KA1,SVR,1.2165183403903557,1.0259307285886252
Q15418,RPS6KA1,SVR,0.0368419395806302,-1.5408187878151764
Q15418,RPS6KA1,SVR,1.1833431596849346,0.9385376388825377
Q15418,RPS6KA1,SVR,-1.6684879799860313,-1.8288532598820817
Q15418,RPS6KA1,SVR,-1.0720817915623686,-2.43423297226644
Q15418,RPS6KA1,SVR,0.9856383337723276,-0.6757681241662392
Q15418,RPS6KA1,SVR,0.1390779153645375,-2.4120477550433472
Q15418,RPS6KA1,SVR,-3.1990051883763475,-5.535160443038826
Q15418,RPS6KA1,SVR,-0.1528397939728477,-1.2260949592937127
Q15418,RPS6KA1,SVR,0.5466927154244464,0.23350953205028313
Q15418,RPS6KA1,SVR,0.5803452055908884,-1.1040389243759774
Q15418,RPS6KA1,SVR,1.1207395341135942,0.11013109485073169
Q15418,RPS6KA1,SVR,1.084579466948856,-0.18520473382673996
Q15418,RPS6KA1,Lasso,-1.6306977912432858,-2.4850267181837817
Q15418,RPS6KA1,Lasso,-3.1200929008862555,-0.9794072134603155
Q15418,RPS6KA1,Lasso,0.9660198318219476,-0.06073000842559684
Q15418,RPS6KA1,Lasso,0.0105441591808584,-0.6183137437950087
Q15418,RPS6KA1,Lasso,0.4510690395197909,-0.2600591991533051
Q15418,RPS6KA1,Lasso,-2.3913873717102505,-2.0591385254076098
Q15418,RPS6KA1,Lasso,1.2165183403903557,0.44139522314969637
Q15418,RPS6KA1,Lasso,0.0368419395806302,-0.8931500301168402
Q15418,RPS6KA1,Lasso,1.1833431596849346,0.6131199949803093
Q15418,RPS6KA1,Lasso,-1.6684879799860313,-1.1596976636741798
Q15418,RPS6KA1,Lasso,-1.0720817915623686,-1.486383342725282
Q15418,RPS6KA1,Lasso,0.9856383337723276,-1.0620018968524692
Q15418,RPS6KA1,Lasso,0.1390779153645375,-1.5762088558940563
Q15418,RPS6KA1,Lasso,-3.1990051883763475,-4.31808646401511
Q15418,RPS6KA1,Lasso,-0.1528397939728477,-0.9176184088541963
Q15418,RPS6KA1,Lasso,0.5466927154244464,0.42200754504495663
Q15418,RPS6KA1,Lasso,0.5803452055908884,-0.9323169509199782
Q15418,RPS6KA1,Lasso,1.1207395341135942,-0.1401548438467417
Q15418,RPS6KA1,Lasso,1.084579466948856,-0.2825802426090924
Q15418,RPS6KA1,ElasticNet,-1.6306977912432858,-2.5883015980330812
Q15418,RPS6KA1,ElasticNet,-3.1200929008862555,-0.8817476792740901
Q15418,RPS6KA1,ElasticNet,0.9660198318219476,0.04546282041826222
Q15418,RPS6KA1,ElasticNet,0.0105441591808584,-0.6764780668181364
Q15418,RPS6KA1,ElasticNet,0.4510690395197909,-0.25806187769089084
Q15418,RPS6KA1,ElasticNet,-2.3913873717102505,-2.118187636123329
Q15418,RPS6KA1,ElasticNet,1.2165183403903557,0.45880118242097967
Q15418,RPS6KA1,ElasticNet,0.0368419395806302,-0.9955118702941637
Q15418,RPS6KA1,ElasticNet,1.1833431596849346,0.5970349114410243
Q15418,RPS6KA1,ElasticNet,-1.6684879799860313,-1.4306929114045879
Q15418,RPS6KA1,ElasticNet,-1.0720817915623686,-1.5790399840016427
Q15418,RPS6KA1,ElasticNet,0.9856383337723276,-0.9344553831391766
Q15418,RPS6KA1,ElasticNet,0.1390779153645375,-1.6695187810411252
Q15418,RPS6KA1,ElasticNet,-3.1990051883763475,-4.033615662282113
Q15418,RPS6KA1,ElasticNet,-0.1528397939728477,-0.7717521652085603
Q15418,RPS6KA1,ElasticNet,0.5466927154244464,0.34498546287560106
Q15418,RPS6KA1,ElasticNet,0.5803452055908884,-0.9667119951051895
Q15418,RPS6KA1,ElasticNet,1.1207395341135942,-0.08712085439863904
Q15418,RPS6KA1,ElasticNet,1.084579466948856,-0.2850271297455955
Q15418,RPS6KA1,GradientBoosting,-1.6306977912432858,-2.836195580033242
Q15418,RPS6KA1,GradientBoosting,-3.1200929008862555,-2.2716467759706047
Q15418,RPS6KA1,GradientBoosting,0.9660198318219476,0.33631677497185253
Q15418,RPS6KA1,GradientBoosting,0.0105441591808584,-1.0607718119837024
Q15418,RPS6KA1,GradientBoosting,0.4510690395197909,0.8791206259758004
Q15418,RPS6KA1,GradientBoosting,-2.3913873717102505,-0.5365098872502077
Q15418,RPS6KA1,GradientBoosting,1.2165183403903557,0.04447425877433616
Q15418,RPS6KA1,GradientBoosting,0.0368419395806302,-0.3226826750315928
Q15418,RPS6KA1,GradientBoosting,1.1833431596849346,0.04354969233105196
Q15418,RPS6KA1,GradientBoosting,-1.6684879799860313,-2.150998334262367
Q15418,RPS6KA1,GradientBoosting,-1.0720817915623686,-0.6852766490374504
Q15418,RPS6KA1,GradientBoosting,0.9856383337723276,-0.43250178631522157
Q15418,RPS6KA1,GradientBoosting,0.1390779153645375,-3.2623001738382857
Q15418,RPS6KA1,GradientBoosting,-3.1990051883763475,-1.797156880473477
Q15418,RPS6KA1,GradientBoosting,-0.1528397939728477,-1.3192576570244654
Q15418,RPS6KA1,GradientBoosting,0.5466927154244464,0.44969948075041144
Q15418,RPS6KA1,GradientBoosting,0.5803452055908884,-1.5267620766443157
Q15418,RPS6KA1,GradientBoosting,1.1207395341135942,-0.3567941807691047
Q15418,RPS6KA1,GradientBoosting,1.084579466948856,0.5176125770809176
Q15418,RPS6KA1,MLP,-1.6306977912432858,-4.543357750962549
Q15418,RPS6KA1,MLP,-3.1200929008862555,-1.1444540496679623
Q15418,RPS6KA1,MLP,0.9660198318219476,-0.49714050965528467
Q15418,RPS6KA1,MLP,0.0105441591808584,-0.1620670696344122
Q15418,RPS6KA1,MLP,0.4510690395197909,1.2602701112193555
Q15418,RPS6KA1,MLP,-2.3913873717102505,-3.7891877583183646
Q15418,RPS6KA1,MLP,1.2165183403903557,1.0545525502005564
Q15418,RPS6KA1,MLP,0.0368419395806302,-1.0093898319709242
Q15418,RPS6KA1,MLP,1.1833431596849346,0.6370394510308883
Q15418,RPS6KA1,MLP,-1.6684879799860313,-1.5873087328718876
Q15418,RPS6KA1,MLP,-1.0720817915623686,-2.174454950992766
Q15418,RPS6KA1,MLP,0.9856383337723276,0.2554216654655289
Q15418,RPS6KA1,MLP,0.1390779153645375,-2.7139296301792726
Q15418,RPS6KA1,MLP,-3.1990051883763475,-1.1018354829127148
Q15418,RPS6KA1,MLP,-0.1528397939728477,1.0474807488717888
Q15418,RPS6KA1,MLP,0.5466927154244464,1.9470527787400096
Q15418,RPS6KA1,MLP,0.5803452055908884,-0.3374045330193205
Q15418,RPS6KA1,MLP,1.1207395341135942,-0.9511584795715968
Q15418,RPS6KA1,MLP,1.084579466948856,-0.24909265138914394
Q16512,PKN1,RandomForest,0.532125384568635,-0.6834182983136293
Q16512,PKN1,RandomForest,-0.053686777227869,-0.11642640327036093
Q16512,PKN1,RandomForest,0.96377043946742,0.3419441854977797
Q16512,PKN1,RandomForest,0.3265497914669012,-0.6831418047532314
Q16512,PKN1,RandomForest,2.4036513191170403,1.0422769679663515
Q16512,PKN1,RandomForest,-1.5226198628406005,0.5990710753884673
Q16512,PKN1,RandomForest,0.9790065065603708,-0.5610695956387122
Q16512,PKN1,RandomForest,0.2292578787733828,-1.6697746060494891
Q16512,PKN1,RandomForest,0.938031594786991,-0.006231310674749076
Q16512,PKN1,RandomForest,0.3846160811251181,0.6075524545096401
Q16512,PKN1,RandomForest,0.6356337787699139,0.033525878854344736
Q16512,PKN1,RandomForest,1.294774147870401,0.5008640920106943
Q16512,PKN1,RandomForest,-0.3392520916073016,0.213961700386976
Q16512,PKN1,RandomForest,-1.5714567664818166,0.08105372472856008
Q16512,PKN1,RandomForest,-1.080456426908213,-0.667635401958196
Q16512,PKN1,RandomForest,-1.0300000899312287,-0.9239197324591898
Q16512,PKN1,RandomForest,-0.5265384097198753,-0.11411053420913443
Q16512,PKN1,RandomForest,0.1425190801903201,0.9265455888296927
Q16512,PKN1,RandomForest,-0.0215480000303849,-0.3220961060738277
Q16512,PKN1,XGBoost,0.532125384568635,0.3436567783355713
Q16512,PKN1,XGBoost,-0.053686777227869,-0.31889674067497253
Q16512,PKN1,XGBoost,0.96377043946742,0.7255745530128479
Q16512,PKN1,XGBoost,0.3265497914669012,-0.2371405065059662
Q16512,PKN1,XGBoost,2.4036513191170403,0.9698880910873413
Q16512,PKN1,XGBoost,-1.5226198628406005,0.48295289278030396
Q16512,PKN1,XGBoost,0.9790065065603708,-0.44215890765190125
Q16512,PKN1,XGBoost,0.2292578787733828,-2.517794609069824
Q16512,PKN1,XGBoost,0.938031594786991,0.23281678557395935
Q16512,PKN1,XGBoost,0.3846160811251181,0.4515605568885803
Q16512,PKN1,XGBoost,0.6356337787699139,0.5419078469276428
Q16512,PKN1,XGBoost,1.294774147870401,0.8592578172683716
Q16512,PKN1,XGBoost,-0.3392520916073016,0.5816709995269775
Q16512,PKN1,XGBoost,-1.5714567664818166,-0.5273865461349487
Q16512,PKN1,XGBoost,-1.080456426908213,-0.752080500125885
Q16512,PKN1,XGBoost,-1.0300000899312287,-1.487727403640747
Q16512,PKN1,XGBoost,-0.5265384097198753,-0.4238203465938568
Q16512,PKN1,XGBoost,0.1425190801903201,1.1921095848083496
Q16512,PKN1,XGBoost,-0.0215480000303849,-0.9055318236351013
Q16512,PKN1,PLS,0.532125384568635,-0.429487671098274
Q16512,PKN1,PLS,-0.053686777227869,0.4898650383781578
Q16512,PKN1,PLS,0.96377043946742,0.012759365604088774
Q16512,PKN1,PLS,0.3265497914669012,-0.5998729796347739
Q16512,PKN1,PLS,2.4036513191170403,1.6147473365879685
Q16512,PKN1,PLS,-1.5226198628406005,0.60938156503461
Q16512,PKN1,PLS,0.9790065065603708,-0.4555545839885644
Q16512,PKN1,PLS,0.2292578787733828,-0.7489534163650273
Q16512,PKN1,PLS,0.938031594786991,-0.32500318882161683
Q16512,PKN1,PLS,0.3846160811251181,0.530628606044255
Q16512,PKN1,PLS,0.6356337787699139,0.12163764630838156
Q16512,PKN1,PLS,1.294774147870401,0.06073487005103066
Q16512,PKN1,PLS,-0.3392520916073016,0.16859781267395366
Q16512,PKN1,PLS,-1.5714567664818166,-0.03968529272135833
Q16512,PKN1,PLS,-1.080456426908213,-0.651524017747553
Q16512,PKN1,PLS,-1.0300000899312287,-1.0393637403736828
Q16512,PKN1,PLS,-0.5265384097198753,-0.19739329743438447
Q16512,PKN1,PLS,0.1425190801903201,0.9819524796589915
Q16512,PKN1,PLS,-0.0215480000303849,-0.5645846421853401
Q16512,PKN1,SVR,0.532125384568635,-0.42376061797151904
Q16512,PKN1,SVR,-0.053686777227869,0.657140122881896
Q16512,PKN1,SVR,0.96377043946742,0.010688623748557675
Q16512,PKN1,SVR,0.3265497914669012,-0.854723807744314
Q16512,PKN1,SVR,2.4036513191170403,1.9093556704734453
Q16512,PKN1,SVR,-1.5226198628406005,0.7149897127157736
Q16512,PKN1,SVR,0.9790065065603708,-0.5818760127901448
Q16512,PKN1,SVR,0.2292578787733828,-0.6351323899623107
Q16512,PKN1,SVR,0.938031594786991,-0.5865583726670655
Q16512,PKN1,SVR,0.3846160811251181,0.7409632691213867
Q16512,PKN1,SVR,0.6356337787699139,-0.19357152428576857
Q16512,PKN1,SVR,1.294774147870401,-0.050901180526397964
Q16512,PKN1,SVR,-0.3392520916073016,0.3030085587828865
Q16512,PKN1,SVR,-1.5714567664818166,0.023745938455156997
Q16512,PKN1,SVR,-1.080456426908213,-0.7207824900240629
Q16512,PKN1,SVR,-1.0300000899312287,-1.2601099745336315
Q16512,PKN1,SVR,-0.5265384097198753,-0.07453954793457546
Q16512,PKN1,SVR,0.1425190801903201,1.167963677930313
Q16512,PKN1,SVR,-0.0215480000303849,-0.3494401206554752
Q16512,PKN1,Lasso,0.532125384568635,-0.3131331308971265
Q16512,PKN1,Lasso,-0.053686777227869,0.2964335834199767
Q16512,PKN1,Lasso,0.96377043946742,-0.24653645280995942
Q16512,PKN1,Lasso,0.3265497914669012,-0.3162808083210991
Q16512,PKN1,Lasso,2.4036513191170403,1.4177000273430487
Q16512,PKN1,Lasso,-1.5226198628406005,0.5747042409731283
Q16512,PKN1,Lasso,0.9790065065603708,-0.07699499397364723
Q16512,PKN1,Lasso,0.2292578787733828,-0.7069722612874553
Q16512,PKN1,Lasso,0.938031594786991,-0.09620576065397979
Q16512,PKN1,Lasso,0.3846160811251181,0.514474839830633
Q16512,PKN1,Lasso,0.6356337787699139,0.024908887148236622
Q16512,PKN1,Lasso,1.294774147870401,-0.16798378849310114
Q16512,PKN1,Lasso,-0.3392520916073016,0.03430457461731856
Q16512,PKN1,Lasso,-1.5714567664818166,-0.213287814391496
Q16512,PKN1,Lasso,-1.080456426908213,-0.34352982444250246
Q16512,PKN1,Lasso,-1.0300000899312287,-0.8115514293747512
Q16512,PKN1,Lasso,-0.5265384097198753,-0.30561560959866696
Q16512,PKN1,Lasso,0.1425190801903201,1.000646432408586
Q16512,PKN1,Lasso,-0.0215480000303849,-0.4573114779145781
Q16512,PKN1,ElasticNet,0.532125384568635,-0.39164094331982796
Q16512,PKN1,ElasticNet,-0.053686777227869,0.3797841453964526
Q16512,PKN1,ElasticNet,0.96377043946742,-0.14808593436857379
Q16512,PKN1,ElasticNet,0.3265497914669012,-0.4169359892466564
Q16512,PKN1,ElasticNet,2.4036513191170403,1.4548311363110105
Q16512,PKN1,ElasticNet,-1.5226198628406005,0.568097488179749
Q16512,PKN1,ElasticNet,0.9790065065603708,-0.23381921356273114
Q16512,PKN1,ElasticNet,0.2292578787733828,-0.7149056138763127
Q16512,PKN1,ElasticNet,0.938031594786991,-0.17250621258756485
Q16512,PKN1,ElasticNet,0.3846160811251181,0.49734150541608113
Q16512,PKN1,ElasticNet,0.6356337787699139,0.037154178053462675
Q16512,PKN1,ElasticNet,1.294774147870401,-0.08485960716003635
Q16512,PKN1,ElasticNet,-0.3392520916073016,0.08305160079171497
Q16512,PKN1,ElasticNet,-1.5714567664818166,-0.12724124403449014
Q16512,PKN1,ElasticNet,-1.080456426908213,-0.4622478539845629
Q16512,PKN1,ElasticNet,-1.0300000899312287,-0.8669767051968337
Q16512,PKN1,ElasticNet,-0.5265384097198753,-0.259129705123886
Q16512,PKN1,ElasticNet,0.1425190801903201,0.9995193081649348
Q16512,PKN1,ElasticNet,-0.0215480000303849,-0.5202335684570762
Q16512,PKN1,GradientBoosting,0.532125384568635,-0.9496955617158502
Q16512,PKN1,GradientBoosting,-0.053686777227869,-0.07861886943360318
Q16512,PKN1,GradientBoosting,0.96377043946742,0.5367642536540538
Q16512,PKN1,GradientBoosting,0.3265497914669012,-0.6291081291352982
Q16512,PKN1,GradientBoosting,2.4036513191170403,0.757573998641955
Q16512,PKN1,GradientBoosting,-1.5226198628406005,0.24082729241585746
Q16512,PKN1,GradientBoosting,0.9790065065603708,-0.6274791808015843
Q16512,PKN1,GradientBoosting,0.2292578787733828,-1.7288880756265177
Q16512,PKN1,GradientBoosting,0.938031594786991,-0.08259524674171828
Q16512,PKN1,GradientBoosting,0.3846160811251181,0.60168208819277
Q16512,PKN1,GradientBoosting,0.6356337787699139,0.6360164343590909
Q16512,PKN1,GradientBoosting,1.294774147870401,1.076513017420771
Q16512,PKN1,GradientBoosting,-0.3392520916073016,0.2282161106564402
Q16512,PKN1,GradientBoosting,-1.5714567664818166,0.0757356403822109
Q16512,PKN1,GradientBoosting,-1.080456426908213,-0.9042553991367925
Q16512,PKN1,GradientBoosting,-1.0300000899312287,-1.1779743010735717
Q16512,PKN1,GradientBoosting,-0.5265384097198753,-0.042558770104228205
Q16512,PKN1,GradientBoosting,0.1425190801903201,0.6426721119137841
Q16512,PKN1,GradientBoosting,-0.0215480000303849,-0.2639083371173486
Q16512,PKN1,MLP,0.532125384568635,-0.5848841156436569
Q16512,PKN1,MLP,-0.053686777227869,0.8747025035846013
Q16512,PKN1,MLP,0.96377043946742,0.4547573464775918
Q16512,PKN1,MLP,0.3265497914669012,-0.7930364857394553
Q16512,PKN1,MLP,2.4036513191170403,0.7262910070836909
Q16512,PKN1,MLP,-1.5226198628406005,0.9322380380506207
Q16512,PKN1,MLP,0.9790065065603708,-0.15082695991243822
Q16512,PKN1,MLP,0.2292578787733828,-1.2364584494377007
Q16512,PKN1,MLP,0.938031594786991,-0.3648332960586792
Q16512,PKN1,MLP,0.3846160811251181,0.38886770843605195
Q16512,PKN1,MLP,0.6356337787699139,0.14103275637138524
Q16512,PKN1,MLP,1.294774147870401,0.16609520625607643
Q16512,PKN1,MLP,-0.3392520916073016,0.4223720024240205
Q16512,PKN1,MLP,-1.5714567664818166,0.6810244010325449
Q16512,PKN1,MLP,-1.080456426908213,-0.43705848630162725
Q16512,PKN1,MLP,-1.0300000899312287,-0.9412790940221759
Q16512,PKN1,MLP,-0.5265384097198753,-0.16394071072342653
Q16512,PKN1,MLP,0.1425190801903201,0.6650973693306678
Q16512,PKN1,MLP,-0.0215480000303849,-1.264574581951817
Q16513,PKN2,RandomForest,-6.8055234231740975,-2.959737717849703
Q16513,PKN2,RandomForest,1.6649150608027945,0.3206498605670862
Q16513,PKN2,RandomForest,-1.3468708582384343,0.135707443922473
Q16513,PKN2,RandomForest,0.3810207768866162,-2.6662709222260492
Q16513,PKN2,RandomForest,4.114304141696334,-3.0515406728974965
Q16513,PKN2,RandomForest,3.1057530345158346,1.5394590341679715
Q16513,PKN2,RandomForest,0.3057751422039238,-1.864206311574182
Q16513,PKN2,RandomForest,0.5477230068038799,0.7102504235850016
Q16513,PKN2,RandomForest,-1.2044282115263996,0.07003724461643246
Q16513,PKN2,RandomForest,-0.2630971090439793,-1.6584973097836369
Q16513,PKN2,RandomForest,0.3863474273576454,1.5126973092512075
Q16513,PKN2,RandomForest,-0.6561176771367594,0.29729409684397007
Q16513,PKN2,RandomForest,-1.2876860249734554,-0.04482725288160704
Q16513,PKN2,RandomForest,-0.8481891220446885,1.1131429010617386
Q16513,PKN2,RandomForest,1.3143230605017426,1.279841051340485
Q16513,PKN2,RandomForest,-0.3518685447578501,-1.7795665400061562
Q16513,PKN2,RandomForest,0.5536900779975539,2.6508306495162923
Q16513,PKN2,RandomForest,0.8254736126863138,-0.988796612532157
Q16513,PKN2,RandomForest,2.687895737239633,0.19148080216003457
Q16513,PKN2,XGBoost,-6.8055234231740975,-5.180781364440918
Q16513,PKN2,XGBoost,1.6649150608027945,-0.30770325660705566
Q16513,PKN2,XGBoost,-1.3468708582384343,-1.9420459270477295
Q16513,PKN2,XGBoost,0.3810207768866162,-5.180781364440918
Q16513,PKN2,XGBoost,4.114304141696334,-5.171041488647461
Q16513,PKN2,XGBoost,3.1057530345158346,-3.2642605304718018
Q16513,PKN2,XGBoost,0.3057751422039238,-0.5940095782279968
Q16513,PKN2,XGBoost,0.5477230068038799,0.9183195233345032
Q16513,PKN2,XGBoost,-1.2044282115263996,0.0033934670500457287
Q16513,PKN2,XGBoost,-0.2630971090439793,-2.2064437866210938
Q16513,PKN2,XGBoost,0.3863474273576454,1.9538027048110962
Q16513,PKN2,XGBoost,-0.6561176771367594,-0.7792450785636902
Q16513,PKN2,XGBoost,-1.2876860249734554,0.1943097859621048
Q16513,PKN2,XGBoost,-0.8481891220446885,1.0389924049377441
Q16513,PKN2,XGBoost,1.3143230605017426,2.193810224533081
Q16513,PKN2,XGBoost,-0.3518685447578501,-0.7081539630889893
Q16513,PKN2,XGBoost,0.5536900779975539,4.258512496948242
Q16513,PKN2,XGBoost,0.8254736126863138,-0.9820071458816528
Q16513,PKN2,XGBoost,2.687895737239633,2.452089786529541
Q16513,PKN2,PLS,-6.8055234231740975,0.3330171840431035
Q16513,PKN2,PLS,1.6649150608027945,-0.09358362042417112
Q16513,PKN2,PLS,-1.3468708582384343,0.799939187510706
Q16513,PKN2,PLS,0.3810207768866162,-0.6238866795480549
Q16513,PKN2,PLS,4.114304141696334,0.33073006927765225
Q16513,PKN2,PLS,3.1057530345158346,0.03585589882788162
Q16513,PKN2,PLS,0.3057751422039238,-0.06056184905655815
Q16513,PKN2,PLS,0.5477230068038799,-0.5164450430626515
Q16513,PKN2,PLS,-1.2044282115263996,0.17705216352332306
Q16513,PKN2,PLS,-0.2630971090439793,0.19355034396485968
Q16513,PKN2,PLS,0.3863474273576454,0.1907416713261801
Q16513,PKN2,PLS,-0.6561176771367594,0.07781676877741661
Q16513,PKN2,PLS,-1.2876860249734554,0.22611528937639755
Q16513,PKN2,PLS,-0.8481891220446885,0.3223732073458613
Q16513,PKN2,PLS,1.3143230605017426,0.09264923461235679
Q16513,PKN2,PLS,-0.3518685447578501,-0.5574226524393426
Q16513,PKN2,PLS,0.5536900779975539,0.4661060930258026
Q16513,PKN2,PLS,0.8254736126863138,-1.0128606972438023
Q16513,PKN2,PLS,2.687895737239633,0.146865098813816
Q16513,PKN2,SVR,-6.8055234231740975,0.29689979967567287
Q16513,PKN2,SVR,1.6649150608027945,0.10098974016067948
Q16513,PKN2,SVR,-1.3468708582384343,-0.24831694268196264
Q16513,PKN2,SVR,0.3810207768866162,-0.8119130305596497
Q16513,PKN2,SVR,4.114304141696334,-0.2707324316578667
Q16513,PKN2,SVR,3.1057530345158346,0.13230802343086184
Q16513,PKN2,SVR,0.3057751422039238,0.126548426180273
Q16513,PKN2,SVR,0.5477230068038799,-0.14250562856234222
Q16513,PKN2,SVR,-1.2044282115263996,0.4607008802508202
Q16513,PKN2,SVR,-0.2630971090439793,0.10986846197417106
Q16513,PKN2,SVR,0.3863474273576454,0.24532590630726364
Q16513,PKN2,SVR,-0.6561176771367594,-0.7120108592642204
Q16513,PKN2,SVR,-1.2876860249734554,-0.022330428843614733
Q16513,PKN2,SVR,-0.8481891220446885,0.6441349908307404
Q16513,PKN2,SVR,1.3143230605017426,-0.3138123034625426
Q16513,PKN2,SVR,-0.3518685447578501,-0.14867859837853253
Q16513,PKN2,SVR,0.5536900779975539,0.3315716221595953
Q16513,PKN2,SVR,0.8254736126863138,-0.6813727343071
Q16513,PKN2,SVR,2.687895737239633,-0.24565481209437662
Q16513,PKN2,Lasso,-6.8055234231740975,0.32686145532475075
Q16513,PKN2,Lasso,1.6649150608027945,0.13243622102166458
Q16513,PKN2,Lasso,-1.3468708582384343,0.48245829441211957
Q16513,PKN2,Lasso,0.3810207768866162,-0.2820009375445393
Q16513,PKN2,Lasso,4.114304141696334,0.2710158002853952
Q16513,PKN2,Lasso,3.1057530345158346,0.12622731871249646
Q16513,PKN2,Lasso,0.3057751422039238,0.017793860931581612
Q16513,PKN2,Lasso,0.5477230068038799,-0.06251366481679552
Q16513,PKN2,Lasso,-1.2044282115263996,0.22652191289049317
Q16513,PKN2,Lasso,-0.2630971090439793,0.14180513361958358
Q16513,PKN2,Lasso,0.3863474273576454,0.18591703978864485
Q16513,PKN2,Lasso,-0.6561176771367594,0.08570110848870635
Q16513,PKN2,Lasso,-1.2876860249734554,0.2231934774129744
Q16513,PKN2,Lasso,-0.8481891220446885,0.31245256153330314
Q16513,PKN2,Lasso,1.3143230605017426,-0.042393697604153124
Q16513,PKN2,Lasso,-0.3518685447578501,-0.22026810517596196
Q16513,PKN2,Lasso,0.5536900779975539,0.3549623839283801
Q16513,PKN2,Lasso,0.8254736126863138,-0.5572873558307694
Q16513,PKN2,Lasso,2.687895737239633,0.15178353237010425
Q16513,PKN2,ElasticNet,-6.8055234231740975,0.33443056933636944
Q16513,PKN2,ElasticNet,1.6649150608027945,0.04049490030217853
Q16513,PKN2,ElasticNet,-1.3468708582384343,0.6259920510129314
Q16513,PKN2,ElasticNet,0.3810207768866162,-0.40437794389333204
Q16513,PKN2,ElasticNet,4.114304141696334,0.3059842653635976
Q16513,PKN2,ElasticNet,3.1057530345158346,0.09005917910411769
Q16513,PKN2,ElasticNet,0.3057751422039238,-0.005819599912270018
Q16513,PKN2,ElasticNet,0.5477230068038799,-0.24951677110025075
Q16513,PKN2,ElasticNet,-1.2044282115263996,0.19911156392533813
Q16513,PKN2,ElasticNet,-0.2630971090439793,0.17166531058764237
Q16513,PKN2,ElasticNet,0.3863474273576454,0.18402661195003836
Q16513,PKN2,ElasticNet,-0.6561176771367594,0.09740281955908475
Q16513,PKN2,ElasticNet,-1.2876860249734554,0.22628540334082514
Q16513,PKN2,ElasticNet,-0.8481891220446885,0.3125917247729253
Q16513,PKN2,ElasticNet,1.3143230605017426,0.02304064609469908
Q16513,PKN2,ElasticNet,-0.3518685447578501,-0.3584016238849379
Q16513,PKN2,ElasticNet,0.5536900779975539,0.3943293856791217
Q16513,PKN2,ElasticNet,0.8254736126863138,-0.7380680677254597
Q16513,PKN2,ElasticNet,2.687895737239633,0.15476147718855007
Q16513,PKN2,GradientBoosting,-6.8055234231740975,-1.658250088841252
Q16513,PKN2,GradientBoosting,1.6649150608027945,-0.26185027792676957
Q16513,PKN2,GradientBoosting,-1.3468708582384343,0.4235311118426318
Q16513,PKN2,GradientBoosting,0.3810207768866162,-2.666309135441353
Q16513,PKN2,GradientBoosting,4.114304141696334,-2.7209788353099635
Q16513,PKN2,GradientBoosting,3.1057530345158346,2.779022730451545
Q16513,PKN2,GradientBoosting,0.3057751422039238,-2.251468098839581
Q16513,PKN2,GradientBoosting,0.5477230068038799,0.5155162353831034
Q16513,PKN2,GradientBoosting,-1.2044282115263996,0.24018898515229828
Q16513,PKN2,GradientBoosting,-0.2630971090439793,-1.2220343756385474
Q16513,PKN2,GradientBoosting,0.3863474273576454,1.9572129557844955
Q16513,PKN2,GradientBoosting,-0.6561176771367594,-0.5695652846093987
Q16513,PKN2,GradientBoosting,-1.2876860249734554,-0.8789918030327539
Q16513,PKN2,GradientBoosting,-0.8481891220446885,1.0376257577862524
Q16513,PKN2,GradientBoosting,1.3143230605017426,3.4589127614988056
Q16513,PKN2,GradientBoosting,-0.3518685447578501,-2.356198354945863
Q16513,PKN2,GradientBoosting,0.5536900779975539,3.732651956285538
Q16513,PKN2,GradientBoosting,0.8254736126863138,-2.4652662681872317
Q16513,PKN2,GradientBoosting,2.687895737239633,-0.45640824845538147
Q16513,PKN2,MLP,-6.8055234231740975,-0.482208918450441
Q16513,PKN2,MLP,1.6649150608027945,-0.29716297167828465
Q16513,PKN2,MLP,-1.3468708582384343,4.541883354685047
Q16513,PKN2,MLP,0.3810207768866162,-0.9782223269226256
Q16513,PKN2,MLP,4.114304141696334,1.3243314156658852
Q16513,PKN2,MLP,3.1057530345158346,0.3764266314170903
Q16513,PKN2,MLP,0.3057751422039238,-1.8979243426811339
Q16513,PKN2,MLP,0.5477230068038799,-0.29716297167828465
Q16513,PKN2,MLP,-1.2044282115263996,0.1563411073021891
Q16513,PKN2,MLP,-0.2630971090439793,-0.3578600340352822
Q16513,PKN2,MLP,0.3863474273576454,0.29290922348483894
Q16513,PKN2,MLP,-0.6561176771367594,1.2686399037668366
Q16513,PKN2,MLP,-1.2876860249734554,-0.051395767416304944
Q16513,PKN2,MLP,-0.8481891220446885,0.8883137087404758
Q16513,PKN2,MLP,1.3143230605017426,1.0544356469254177
Q16513,PKN2,MLP,-0.3518685447578501,-0.29716297167828465
Q16513,PKN2,MLP,0.5536900779975539,0.029955503857207744
Q16513,PKN2,MLP,0.8254736126863138,-0.29716297167828465
Q16513,PKN2,MLP,2.687895737239633,-0.1594529000402602
Q16584,MAP3K11,RandomForest,0.2804356853827407,0.4568496358659171
Q16584,MAP3K11,RandomForest,-0.5887388629875951,-0.3265273637916227
Q16584,MAP3K11,RandomForest,-0.2845729241109056,0.6883481872102512
Q16584,MAP3K11,RandomForest,0.1996245706483383,-0.03832361751876113
Q16584,MAP3K11,RandomForest,-0.7067081049633452,-0.2160504660602622
Q16584,MAP3K11,RandomForest,-0.104023967874516,0.04894642900912661
Q16584,MAP3K11,RandomForest,-0.160669781992995,-0.26999734627091265
Q16584,MAP3K11,RandomForest,0.0377928013061749,-0.018239660201440314
Q16584,MAP3K11,RandomForest,0.1351188626326725,0.09315928015010995
Q16584,MAP3K11,RandomForest,-0.5281451775572245,0.04457083385317333
Q16584,MAP3K11,RandomForest,0.1601332164545042,0.45660719186832716
Q16584,MAP3K11,RandomForest,0.3862040123490023,-0.33607197805433214
Q16584,MAP3K11,RandomForest,-0.591646705578036,-0.30118987983411016
Q16584,MAP3K11,RandomForest,-0.2120763464190931,-0.3765611864621834
Q16584,MAP3K11,RandomForest,0.3376453921763602,0.15845610775444202
Q16584,MAP3K11,RandomForest,0.0106887172188366,-0.2013826951484691
Q16584,MAP3K11,RandomForest,0.4984124243406395,0.002167510606938422
Q16584,MAP3K11,RandomForest,-0.293707304515737,0.5563927419013428
Q16584,MAP3K11,RandomForest,-0.2965840418062373,-0.07121627546082981
Q16584,MAP3K11,XGBoost,0.2804356853827407,0.562923789024353
Q16584,MAP3K11,XGBoost,-0.5887388629875951,-0.2440606653690338
Q16584,MAP3K11,XGBoost,-0.2845729241109056,0.04619351401925087
Q16584,MAP3K11,XGBoost,0.1996245706483383,-0.09467437118291855
Q16584,MAP3K11,XGBoost,-0.7067081049633452,0.11640521138906479
Q16584,MAP3K11,XGBoost,-0.104023967874516,-0.1489483118057251
Q16584,MAP3K11,XGBoost,-0.160669781992995,-0.3363185226917267
Q16584,MAP3K11,XGBoost,0.0377928013061749,0.06860772520303726
Q16584,MAP3K11,XGBoost,0.1351188626326725,0.10840994119644165
Q16584,MAP3K11,XGBoost,-0.5281451775572245,0.12030736356973648
Q16584,MAP3K11,XGBoost,0.1601332164545042,1.1609946489334106
Q16584,MAP3K11,XGBoost,0.3862040123490023,-0.058250125497579575
Q16584,MAP3K11,XGBoost,-0.591646705578036,-0.022829517722129822
Q16584,MAP3K11,XGBoost,-0.2120763464190931,-1.109440565109253
Q16584,MAP3K11,XGBoost,0.3376453921763602,0.4990786612033844
Q16584,MAP3K11,XGBoost,0.0106887172188366,-0.6375319361686707
Q16584,MAP3K11,XGBoost,0.4984124243406395,-0.15555918216705322
Q16584,MAP3K11,XGBoost,-0.293707304515737,-0.11034129559993744
Q16584,MAP3K11,XGBoost,-0.2965840418062373,-0.1870633214712143
Q16584,MAP3K11,PLS,0.2804356853827407,0.024520331121832863
Q16584,MAP3K11,PLS,-0.5887388629875951,-0.23395843460144242
Q16584,MAP3K11,PLS,-0.2845729241109056,0.022105290289205364
Q16584,MAP3K11,PLS,0.1996245706483383,-0.10905392134690928
Q16584,MAP3K11,PLS,-0.7067081049633452,0.011995743095800405
Q16584,MAP3K11,PLS,-0.104023967874516,-0.16804737998953473
Q16584,MAP3K11,PLS,-0.160669781992995,-0.3059607782161456
Q16584,MAP3K11,PLS,0.0377928013061749,0.05438648979234823
Q16584,MAP3K11,PLS,0.1351188626326725,0.0748940651174368
Q16584,MAP3K11,PLS,-0.5281451775572245,-0.13296415686319304
Q16584,MAP3K11,PLS,0.1601332164545042,0.06754891083110104
Q16584,MAP3K11,PLS,0.3862040123490023,0.0015914908304152237
Q16584,MAP3K11,PLS,-0.591646705578036,0.17570945828083448
Q16584,MAP3K11,PLS,-0.2120763464190931,-0.18601507937572123
Q16584,MAP3K11,PLS,0.3376453921763602,-0.0559537970541893
Q16584,MAP3K11,PLS,0.0106887172188366,0.08585878684542861
Q16584,MAP3K11,PLS,0.4984124243406395,0.09945144088367376
Q16584,MAP3K11,PLS,-0.293707304515737,0.8743810129142038
Q16584,MAP3K11,PLS,-0.2965840418062373,0.19097390209165738
Q16584,MAP3K11,SVR,0.2804356853827407,-0.06892049678301074
Q16584,MAP3K11,SVR,-0.5887388629875951,-0.13877204259670092
Q16584,MAP3K11,SVR,-0.2845729241109056,0.05751976045904975
Q16584,MAP3K11,SVR,0.1996245706483383,-0.08237172491888778
Q16584,MAP3K11,SVR,-0.7067081049633452,0.11040076886915187
Q16584,MAP3K11,SVR,-0.104023967874516,-0.1002065697921262
Q16584,MAP3K11,SVR,-0.160669781992995,-0.15760433856078668
Q16584,MAP3K11,SVR,0.0377928013061749,-0.004128105566833733
Q16584,MAP3K11,SVR,0.1351188626326725,-0.015039549786345328
Q16584,MAP3K11,SVR,-0.5281451775572245,-0.02919200355870729
Q16584,MAP3K11,SVR,0.1601332164545042,-0.09811484463131018
Q16584,MAP3K11,SVR,0.3862040123490023,0.09711531586899202
Q16584,MAP3K11,SVR,-0.591646705578036,0.24787625525528043
Q16584,MAP3K11,SVR,-0.2120763464190931,-0.12312736931163357
Q16584,MAP3K11,SVR,0.3376453921763602,-0.14785001968188333
Q16584,MAP3K11,SVR,0.0106887172188366,-0.05414523042486893
Q16584,MAP3K11,SVR,0.4984124243406395,-0.03288064398011838
Q16584,MAP3K11,SVR,-0.293707304515737,0.09829537345363457
Q16584,MAP3K11,SVR,-0.2965840418062373,-0.014453413065115626
Q16584,MAP3K11,Lasso,0.2804356853827407,0.03941057310448407
Q16584,MAP3K11,Lasso,-0.5887388629875951,0.03941057310448407
Q16584,MAP3K11,Lasso,-0.2845729241109056,0.03941057310448407
Q16584,MAP3K11,Lasso,0.1996245706483383,0.03941057310448407
Q16584,MAP3K11,Lasso,-0.7067081049633452,0.03941057310448407
Q16584,MAP3K11,Lasso,-0.104023967874516,0.03941057310448407
Q16584,MAP3K11,Lasso,-0.160669781992995,0.03941057310448407
Q16584,MAP3K11,Lasso,0.0377928013061749,0.03941057310448407
Q16584,MAP3K11,Lasso,0.1351188626326725,0.03941057310448407
Q16584,MAP3K11,Lasso,-0.5281451775572245,0.03941057310448407
Q16584,MAP3K11,Lasso,0.1601332164545042,0.03941057310448407
Q16584,MAP3K11,Lasso,0.3862040123490023,0.03941057310448407
Q16584,MAP3K11,Lasso,-0.591646705578036,0.03941057310448407
Q16584,MAP3K11,Lasso,-0.2120763464190931,0.03941057310448407
Q16584,MAP3K11,Lasso,0.3376453921763602,0.03941057310448407
Q16584,MAP3K11,Lasso,0.0106887172188366,0.03941057310448407
Q16584,MAP3K11,Lasso,0.4984124243406395,0.03941057310448407
Q16584,MAP3K11,Lasso,-0.293707304515737,0.03941057310448407
Q16584,MAP3K11,Lasso,-0.2965840418062373,0.03941057310448407
Q16584,MAP3K11,ElasticNet,0.2804356853827407,0.054689507131985386
Q16584,MAP3K11,ElasticNet,-0.5887388629875951,-0.0754400742031057
Q16584,MAP3K11,ElasticNet,-0.2845729241109056,0.02520772472643045
Q16584,MAP3K11,ElasticNet,0.1996245706483383,0.012278376788466744
Q16584,MAP3K11,ElasticNet,-0.7067081049633452,0.014466047391610181
Q16584,MAP3K11,ElasticNet,-0.104023967874516,-0.06599321052520074
Q16584,MAP3K11,ElasticNet,-0.160669781992995,-0.05087900730316892
Q16584,MAP3K11,ElasticNet,0.0377928013061749,0.05710246772077039
Q16584,MAP3K11,ElasticNet,0.1351188626326725,0.055799745772155046
Q16584,MAP3K11,ElasticNet,-0.5281451775572245,0.0047495674792531195
Q16584,MAP3K11,ElasticNet,0.1601332164545042,0.05246592705269069
Q16584,MAP3K11,ElasticNet,0.3862040123490023,-0.011782708488669094
Q16584,MAP3K11,ElasticNet,-0.591646705578036,0.014232201483878045
Q16584,MAP3K11,ElasticNet,-0.2120763464190931,-0.07117731114051343
Q16584,MAP3K11,ElasticNet,0.3376453921763602,0.010741436104390538
Q16584,MAP3K11,ElasticNet,0.0106887172188366,0.03401308384430476
Q16584,MAP3K11,ElasticNet,0.4984124243406395,0.05526674688169689
Q16584,MAP3K11,ElasticNet,-0.293707304515737,0.21778717020513336
Q16584,MAP3K11,ElasticNet,-0.2965840418062373,0.1230183988853294
Q16584,MAP3K11,GradientBoosting,0.2804356853827407,0.6151682545206358
Q16584,MAP3K11,GradientBoosting,-0.5887388629875951,-0.031606524450743696
Q16584,MAP3K11,GradientBoosting,-0.2845729241109056,0.7397245607828679
Q16584,MAP3K11,GradientBoosting,0.1996245706483383,-0.014273323128996776
Q16584,MAP3K11,GradientBoosting,-0.7067081049633452,-0.09919595194378726
Q16584,MAP3K11,GradientBoosting,-0.104023967874516,-0.15123459795747463
Q16584,MAP3K11,GradientBoosting,-0.160669781992995,-0.28186069523055085
Q16584,MAP3K11,GradientBoosting,0.0377928013061749,-0.14341152443657726
Q16584,MAP3K11,GradientBoosting,0.1351188626326725,0.1094751889051605
Q16584,MAP3K11,GradientBoosting,-0.5281451775572245,0.13230767326045392
Q16584,MAP3K11,GradientBoosting,0.1601332164545042,0.6570374284860179
Q16584,MAP3K11,GradientBoosting,0.3862040123490023,-0.48964063523031387
Q16584,MAP3K11,GradientBoosting,-0.591646705578036,0.04890573771497588
Q16584,MAP3K11,GradientBoosting,-0.2120763464190931,-0.7039869679482019
Q16584,MAP3K11,GradientBoosting,0.3376453921763602,0.12006741520353474
Q16584,MAP3K11,GradientBoosting,0.0106887172188366,-0.48214398935142583
Q16584,MAP3K11,GradientBoosting,0.4984124243406395,-0.14018982785594652
Q16584,MAP3K11,GradientBoosting,-0.293707304515737,0.4606504798962879
Q16584,MAP3K11,GradientBoosting,-0.2965840418062373,-0.015497727162037773
Q16584,MAP3K11,MLP,0.2804356853827407,-0.226081527754444
Q16584,MAP3K11,MLP,-0.5887388629875951,-0.27164836422078575
Q16584,MAP3K11,MLP,-0.2845729241109056,-0.2780418535548767
Q16584,MAP3K11,MLP,0.1996245706483383,-0.2780418535548767
Q16584,MAP3K11,MLP,-0.7067081049633452,-0.26210013610962896
Q16584,MAP3K11,MLP,-0.104023967874516,-0.16387576075754015
Q16584,MAP3K11,MLP,-0.160669781992995,-0.2780418535548767
Q16584,MAP3K11,MLP,0.0377928013061749,0.008000480278498312
Q16584,MAP3K11,MLP,0.1351188626326725,0.09739008955590339
Q16584,MAP3K11,MLP,-0.5281451775572245,-0.1057957741507885
Q16584,MAP3K11,MLP,0.1601332164545042,-0.1920748442007844
Q16584,MAP3K11,MLP,0.3862040123490023,-0.27093654099189196
Q16584,MAP3K11,MLP,-0.591646705578036,-0.25706906419748715
Q16584,MAP3K11,MLP,-0.2120763464190931,-0.27777854749060227
Q16584,MAP3K11,MLP,0.3376453921763602,-0.2780418535548767
Q16584,MAP3K11,MLP,0.0106887172188366,0.4196349081957043
Q16584,MAP3K11,MLP,0.4984124243406395,0.15460287625622948
Q16584,MAP3K11,MLP,-0.293707304515737,0.2633926836844193
Q16584,MAP3K11,MLP,-0.2965840418062373,0.23988235949953068
Q2M2I8,AAK1,RandomForest,-0.492311311875057,-0.929475357970978
Q2M2I8,AAK1,RandomForest,1.48903403292795,-0.7693714353884528
Q2M2I8,AAK1,RandomForest,0.336156880549829,-0.2349052734247707
Q2M2I8,AAK1,RandomForest,-2.2470473065572825,-0.5189937513436311
Q2M2I8,AAK1,RandomForest,-0.6659068088096516,0.07571536289129904
Q2M2I8,AAK1,RandomForest,-0.8757547938181397,-0.7195770952879689
Q2M2I8,AAK1,RandomForest,-3.4186459502488327,-0.963147308366308
Q2M2I8,AAK1,RandomForest,1.4395826605992526,-0.612040044410559
Q2M2I8,AAK1,RandomForest,0.7180895874325491,-0.3340550923154548
Q2M2I8,AAK1,RandomForest,-2.524855655251827,-1.2278491206661517
Q2M2I8,AAK1,RandomForest,-0.309805619943166,-0.1517278388246864
Q2M2I8,AAK1,RandomForest,-1.9583992433993456,0.09192415043113165
Q2M2I8,AAK1,RandomForest,-0.5572002513157982,-0.7850225417905048
Q2M2I8,AAK1,RandomForest,1.0886646275984142,-0.10548132947457468
Q2M2I8,AAK1,RandomForest,-0.1786523790803466,-0.5398612470786783
Q2M2I8,AAK1,RandomForest,1.6458869420002704,-0.28231218609691017
Q2M2I8,AAK1,RandomForest,0.0101101349022911,-0.2998986862370001
Q2M2I8,AAK1,RandomForest,0.2010547600023098,-0.8135524562650489
Q2M2I8,AAK1,RandomForest,1.0987155069957617,-0.02720763795962669
Q2M2I8,AAK1,XGBoost,-0.492311311875057,-1.5379433631896973
Q2M2I8,AAK1,XGBoost,1.48903403292795,-2.4747066497802734
Q2M2I8,AAK1,XGBoost,0.336156880549829,-0.4051145017147064
Q2M2I8,AAK1,XGBoost,-2.2470473065572825,-0.6732758283615112
Q2M2I8,AAK1,XGBoost,-0.6659068088096516,0.09338082373142242
Q2M2I8,AAK1,XGBoost,-0.8757547938181397,-1.5062294006347656
Q2M2I8,AAK1,XGBoost,-3.4186459502488327,-1.7237149477005005
Q2M2I8,AAK1,XGBoost,1.4395826605992526,-0.33984440565109253
Q2M2I8,AAK1,XGBoost,0.7180895874325491,-0.8703705668449402
Q2M2I8,AAK1,XGBoost,-2.524855655251827,-1.7554799318313599
Q2M2I8,AAK1,XGBoost,-0.309805619943166,-0.5820268392562866
Q2M2I8,AAK1,XGBoost,-1.9583992433993456,0.21143774688243866
Q2M2I8,AAK1,XGBoost,-0.5572002513157982,-1.2415863275527954
Q2M2I8,AAK1,XGBoost,1.0886646275984142,0.3729620575904846
Q2M2I8,AAK1,XGBoost,-0.1786523790803466,-0.40836018323898315
Q2M2I8,AAK1,XGBoost,1.6458869420002704,-0.07001492381095886
Q2M2I8,AAK1,XGBoost,0.0101101349022911,-0.38708698749542236
Q2M2I8,AAK1,XGBoost,0.2010547600023098,-1.8841094970703125
Q2M2I8,AAK1,XGBoost,1.0987155069957617,-0.6968116164207458
Q2M2I8,AAK1,PLS,-0.492311311875057,-0.5715026440802138
Q2M2I8,AAK1,PLS,1.48903403292795,0.07318537765794253
Q2M2I8,AAK1,PLS,0.336156880549829,-0.4777714511553277
Q2M2I8,AAK1,PLS,-2.2470473065572825,-0.429062996820263
Q2M2I8,AAK1,PLS,-0.6659068088096516,-0.05104348413378729
Q2M2I8,AAK1,PLS,-0.8757547938181397,-0.6547940171345767
Q2M2I8,AAK1,PLS,-3.4186459502488327,-0.8022939691994104
Q2M2I8,AAK1,PLS,1.4395826605992526,-0.19891052549824204
Q2M2I8,AAK1,PLS,0.7180895874325491,-2.29865118099859e-05
Q2M2I8,AAK1,PLS,-2.524855655251827,-0.8543818820080104
Q2M2I8,AAK1,PLS,-0.309805619943166,-0.3234101944090402
Q2M2I8,AAK1,PLS,-1.9583992433993456,-0.055534100001319475
Q2M2I8,AAK1,PLS,-0.5572002513157982,-0.324427133859825
Q2M2I8,AAK1,PLS,1.0886646275984142,-0.11349599032754681
Q2M2I8,AAK1,PLS,-0.1786523790803466,-0.25340497901289605
Q2M2I8,AAK1,PLS,1.6458869420002704,0.0830867869205606
Q2M2I8,AAK1,PLS,0.0101101349022911,-0.16907791053708862
Q2M2I8,AAK1,PLS,0.2010547600023098,-0.21374426486077655
Q2M2I8,AAK1,PLS,1.0987155069957617,-0.25464986504435694
Q2M2I8,AAK1,SVR,-0.492311311875057,-0.6947105080513483
Q2M2I8,AAK1,SVR,1.48903403292795,1.1766936962776358
Q2M2I8,AAK1,SVR,0.336156880549829,-0.3649459096925662
Q2M2I8,AAK1,SVR,-2.2470473065572825,-0.576147914929142
Q2M2I8,AAK1,SVR,-0.6659068088096516,0.3075677925403922
Q2M2I8,AAK1,SVR,-0.8757547938181397,-0.9381699914657569
Q2M2I8,AAK1,SVR,-3.4186459502488327,-1.159787189651678
Q2M2I8,AAK1,SVR,1.4395826605992526,-0.07555983132570793
Q2M2I8,AAK1,SVR,0.7180895874325491,0.039510833962481284
Q2M2I8,AAK1,SVR,-2.524855655251827,-1.3438686293606938
Q2M2I8,AAK1,SVR,-0.309805619943166,-0.22053451857824674
Q2M2I8,AAK1,SVR,-1.9583992433993456,0.351618269347255
Q2M2I8,AAK1,SVR,-0.5572002513157982,-0.1646274273199259
Q2M2I8,AAK1,SVR,1.0886646275984142,0.6287751649926223
Q2M2I8,AAK1,SVR,-0.1786523790803466,-0.05562401001350009
Q2M2I8,AAK1,SVR,1.6458869420002704,0.5305606373687113
Q2M2I8,AAK1,SVR,0.0101101349022911,-0.13262860274385785
Q2M2I8,AAK1,SVR,0.2010547600023098,-0.01782457926866371
Q2M2I8,AAK1,SVR,1.0987155069957617,0.13346027120177079
Q2M2I8,AAK1,Lasso,-0.492311311875057,-0.43272014812216547
Q2M2I8,AAK1,Lasso,1.48903403292795,-0.4221651818886588
Q2M2I8,AAK1,Lasso,0.336156880549829,-0.35630862883934283
Q2M2I8,AAK1,Lasso,-2.2470473065572825,-0.33841292032260356
Q2M2I8,AAK1,Lasso,-0.6659068088096516,-0.26955576913115314
Q2M2I8,AAK1,Lasso,-0.8757547938181397,-0.43941427522366744
Q2M2I8,AAK1,Lasso,-3.4186459502488327,-0.41935250089252324
Q2M2I8,AAK1,Lasso,1.4395826605992526,-0.3834193221850002
Q2M2I8,AAK1,Lasso,0.7180895874325491,-0.35087088621457485
Q2M2I8,AAK1,Lasso,-2.524855655251827,-0.443927228953346
Q2M2I8,AAK1,Lasso,-0.309805619943166,-0.3274769293557066
Q2M2I8,AAK1,Lasso,-1.9583992433993456,-0.3152887918566847
Q2M2I8,AAK1,Lasso,-0.5572002513157982,-0.37855985599486236
Q2M2I8,AAK1,Lasso,1.0886646275984142,-0.40466571446654226
Q2M2I8,AAK1,Lasso,-0.1786523790803466,-0.50843844659723
Q2M2I8,AAK1,Lasso,1.6458869420002704,-0.2898167768987398
Q2M2I8,AAK1,Lasso,0.0101101349022911,-0.4110052702424103
Q2M2I8,AAK1,Lasso,0.2010547600023098,-0.42769555450193275
Q2M2I8,AAK1,Lasso,1.0987155069957617,-0.3258951811327327
Q2M2I8,AAK1,ElasticNet,-0.492311311875057,-0.5332734272338606
Q2M2I8,AAK1,ElasticNet,1.48903403292795,-0.3976971663936708
Q2M2I8,AAK1,ElasticNet,0.336156880549829,-0.34567308379213
Q2M2I8,AAK1,ElasticNet,-2.2470473065572825,-0.3946061545191784
Q2M2I8,AAK1,ElasticNet,-0.6659068088096516,-0.27305165525369857
Q2M2I8,AAK1,ElasticNet,-0.8757547938181397,-0.5808537081193248
Q2M2I8,AAK1,ElasticNet,-3.4186459502488327,-0.6048060226468676
Q2M2I8,AAK1,ElasticNet,1.4395826605992526,-0.32247798373457653
Q2M2I8,AAK1,ElasticNet,0.7180895874325491,-0.2440680561181135
Q2M2I8,AAK1,ElasticNet,-2.524855655251827,-0.5688343454481997
Q2M2I8,AAK1,ElasticNet,-0.309805619943166,-0.3458881073394989
Q2M2I8,AAK1,ElasticNet,-1.9583992433993456,-0.16745698364736145
Q2M2I8,AAK1,ElasticNet,-0.5572002513157982,-0.4286535488296475
Q2M2I8,AAK1,ElasticNet,1.0886646275984142,-0.34032395874209787
Q2M2I8,AAK1,ElasticNet,-0.1786523790803466,-0.4392429479727652
Q2M2I8,AAK1,ElasticNet,1.6458869420002704,-0.2820557903862515
Q2M2I8,AAK1,ElasticNet,0.0101101349022911,-0.3204994740710765
Q2M2I8,AAK1,ElasticNet,0.2010547600023098,-0.3699142523602243
Q2M2I8,AAK1,ElasticNet,1.0987155069957617,-0.3038951677208333
Q2M2I8,AAK1,GradientBoosting,-0.492311311875057,-1.0514699809280923
Q2M2I8,AAK1,GradientBoosting,1.48903403292795,-1.7627361407468785
Q2M2I8,AAK1,GradientBoosting,0.336156880549829,0.5910898088452952
Q2M2I8,AAK1,GradientBoosting,-2.2470473065572825,-0.1226903120918511
Q2M2I8,AAK1,GradientBoosting,-0.6659068088096516,0.22633393761262333
Q2M2I8,AAK1,GradientBoosting,-0.8757547938181397,-1.1017944050115354
Q2M2I8,AAK1,GradientBoosting,-3.4186459502488327,-1.6823821790321376
Q2M2I8,AAK1,GradientBoosting,1.4395826605992526,-0.7358884942593508
Q2M2I8,AAK1,GradientBoosting,0.7180895874325491,-0.19014581977646094
Q2M2I8,AAK1,GradientBoosting,-2.524855655251827,-1.2706380728560371
Q2M2I8,AAK1,GradientBoosting,-0.309805619943166,0.1542012015945662
Q2M2I8,AAK1,GradientBoosting,-1.9583992433993456,0.7235254639402016
Q2M2I8,AAK1,GradientBoosting,-0.5572002513157982,-1.0173109643047935
Q2M2I8,AAK1,GradientBoosting,1.0886646275984142,-0.06981114473189808
Q2M2I8,AAK1,GradientBoosting,-0.1786523790803466,-0.7483024696299931
Q2M2I8,AAK1,GradientBoosting,1.6458869420002704,0.035791505306286414
Q2M2I8,AAK1,GradientBoosting,0.0101101349022911,-0.3108565225469059
Q2M2I8,AAK1,GradientBoosting,0.2010547600023098,-1.4062084970643791
Q2M2I8,AAK1,GradientBoosting,1.0987155069957617,0.02006379855651783
Q2M2I8,AAK1,MLP,-0.492311311875057,-1.071501140626566
Q2M2I8,AAK1,MLP,1.48903403292795,-1.3967219090146354
Q2M2I8,AAK1,MLP,0.336156880549829,1.4645705641424485
Q2M2I8,AAK1,MLP,-2.2470473065572825,-1.134431291901222
Q2M2I8,AAK1,MLP,-0.6659068088096516,0.7664700066715125
Q2M2I8,AAK1,MLP,-0.8757547938181397,0.9987890379368779
Q2M2I8,AAK1,MLP,-3.4186459502488327,-0.5127602621504993
Q2M2I8,AAK1,MLP,1.4395826605992526,-0.5855405485941596
Q2M2I8,AAK1,MLP,0.7180895874325491,0.4816612049978667
Q2M2I8,AAK1,MLP,-2.524855655251827,-0.5586146088690273
Q2M2I8,AAK1,MLP,-0.309805619943166,-0.893298600171988
Q2M2I8,AAK1,MLP,-1.9583992433993456,3.992119225863477
Q2M2I8,AAK1,MLP,-0.5572002513157982,-1.671835303867994
Q2M2I8,AAK1,MLP,1.0886646275984142,0.9903487317217871
Q2M2I8,AAK1,MLP,-0.1786523790803466,-2.66692250202774
Q2M2I8,AAK1,MLP,1.6458869420002704,-0.7620648504999762
Q2M2I8,AAK1,MLP,0.0101101349022911,-0.36568476753040635
Q2M2I8,AAK1,MLP,0.2010547600023098,-1.785242901144136
Q2M2I8,AAK1,MLP,1.0987155069957617,-0.6140338947215878
Q7KZI7,MARK2,RandomForest,0.1581872651616881,-0.0427496490699212
Q7KZI7,MARK2,RandomForest,0.0843357361075208,-0.08854582771392985
Q7KZI7,MARK2,RandomForest,1.7372624579306064,1.8761274497969738
Q7KZI7,MARK2,RandomForest,-0.1952703916918009,0.6460407735953188
Q7KZI7,MARK2,RandomForest,0.1032791773765886,0.15902224875536475
Q7KZI7,MARK2,RandomForest,-0.6100179617547081,0.5115809390786435
Q7KZI7,MARK2,RandomForest,0.6550626363955288,-0.00033133035972557237
Q7KZI7,MARK2,RandomForest,0.1475665443868184,-0.5021842724492802
Q7KZI7,MARK2,RandomForest,-0.3170196071645613,-0.14113225347625907
Q7KZI7,MARK2,RandomForest,0.5230138259594366,0.6951086619761314
Q7KZI7,MARK2,RandomForest,-0.6002740361538651,-0.25842120039585426
Q7KZI7,MARK2,RandomForest,1.8456742788109,0.7459256577703719
Q7KZI7,MARK2,RandomForest,1.4335187882516625,0.20908081185091557
Q7KZI7,MARK2,RandomForest,-0.4948834492797011,1.4753041962629911
Q7KZI7,MARK2,RandomForest,-2.4541569337145006,-0.5079935771875956
Q7KZI7,MARK2,RandomForest,0.7720554395773552,0.04606524207372979
Q7KZI7,MARK2,RandomForest,-1.409355128291477,-0.22279160190691435
Q7KZI7,MARK2,RandomForest,2.1833447556022723,-0.16557372974602774
Q7KZI7,MARK2,RandomForest,1.8856075190683923,1.3763029897267678
Q7KZI7,MARK2,XGBoost,0.1581872651616881,-0.4149589240550995
Q7KZI7,MARK2,XGBoost,0.0843357361075208,0.0026913408655673265
Q7KZI7,MARK2,XGBoost,1.7372624579306064,1.7578883171081543
Q7KZI7,MARK2,XGBoost,-0.1952703916918009,0.9144361615180969
Q7KZI7,MARK2,XGBoost,0.1032791773765886,0.4466128647327423
Q7KZI7,MARK2,XGBoost,-0.6100179617547081,0.8159657120704651
Q7KZI7,MARK2,XGBoost,0.6550626363955288,-0.7319778800010681
Q7KZI7,MARK2,XGBoost,0.1475665443868184,-1.13351309299469
Q7KZI7,MARK2,XGBoost,-0.3170196071645613,-0.5332683324813843
Q7KZI7,MARK2,XGBoost,0.5230138259594366,0.7302348017692566
Q7KZI7,MARK2,XGBoost,-0.6002740361538651,-0.1323251575231552
Q7KZI7,MARK2,XGBoost,1.8456742788109,0.7590273022651672
Q7KZI7,MARK2,XGBoost,1.4335187882516625,0.4118887186050415
Q7KZI7,MARK2,XGBoost,-0.4948834492797011,1.9379547834396362
Q7KZI7,MARK2,XGBoost,-2.4541569337145006,-0.6629259586334229
Q7KZI7,MARK2,XGBoost,0.7720554395773552,-0.6731013655662537
Q7KZI7,MARK2,XGBoost,-1.409355128291477,-0.703560471534729
Q7KZI7,MARK2,XGBoost,2.1833447556022723,0.2335229218006134
Q7KZI7,MARK2,XGBoost,1.8856075190683923,1.5634572505950928
Q7KZI7,MARK2,PLS,0.1581872651616881,0.1338471069632543
Q7KZI7,MARK2,PLS,0.0843357361075208,0.2709661691181424
Q7KZI7,MARK2,PLS,1.7372624579306064,1.8783250937405016
Q7KZI7,MARK2,PLS,-0.1952703916918009,0.12437236028140497
Q7KZI7,MARK2,PLS,0.1032791773765886,0.17866773534907732
Q7KZI7,MARK2,PLS,-0.6100179617547081,0.34741684779122595
Q7KZI7,MARK2,PLS,0.6550626363955288,-0.19054796039522498
Q7KZI7,MARK2,PLS,0.1475665443868184,-0.16424372481262078
Q7KZI7,MARK2,PLS,-0.3170196071645613,-0.13569114488464679
Q7KZI7,MARK2,PLS,0.5230138259594366,0.2945838714975124
Q7KZI7,MARK2,PLS,-0.6002740361538651,-0.504077099470768
Q7KZI7,MARK2,PLS,1.8456742788109,0.7913431050269559
Q7KZI7,MARK2,PLS,1.4335187882516625,-0.33634485990716195
Q7KZI7,MARK2,PLS,-0.4948834492797011,0.6530067998750838
Q7KZI7,MARK2,PLS,-2.4541569337145006,-0.02696193196605895
Q7KZI7,MARK2,PLS,0.7720554395773552,-0.12851347381629813
Q7KZI7,MARK2,PLS,-1.409355128291477,0.2278007902836518
Q7KZI7,MARK2,PLS,2.1833447556022723,0.912439629162821
Q7KZI7,MARK2,PLS,1.8856075190683923,1.4659312127919177
Q7KZI7,MARK2,SVR,0.1581872651616881,-0.012758832189535274
Q7KZI7,MARK2,SVR,0.0843357361075208,0.26626147588477483
Q7KZI7,MARK2,SVR,1.7372624579306064,1.2214203355951834
Q7KZI7,MARK2,SVR,-0.1952703916918009,0.5211015837313011
Q7KZI7,MARK2,SVR,0.1032791773765886,0.4357110995700935
Q7KZI7,MARK2,SVR,-0.6100179617547081,0.4235891239114123
Q7KZI7,MARK2,SVR,0.6550626363955288,0.15367116045816737
Q7KZI7,MARK2,SVR,0.1475665443868184,0.04126809810513837
Q7KZI7,MARK2,SVR,-0.3170196071645613,0.2635674307173104
Q7KZI7,MARK2,SVR,0.5230138259594366,0.4113839148988215
Q7KZI7,MARK2,SVR,-0.6002740361538651,-0.21664500332032816
Q7KZI7,MARK2,SVR,1.8456742788109,0.18409723552739315
Q7KZI7,MARK2,SVR,1.4335187882516625,-0.37271123840181225
Q7KZI7,MARK2,SVR,-0.4948834492797011,0.7382500845882176
Q7KZI7,MARK2,SVR,-2.4541569337145006,0.105250379172323
Q7KZI7,MARK2,SVR,0.7720554395773552,0.3839608291441237
Q7KZI7,MARK2,SVR,-1.409355128291477,0.4517032561553363
Q7KZI7,MARK2,SVR,2.1833447556022723,0.6565196122759751
Q7KZI7,MARK2,SVR,1.8856075190683923,1.2416541945546054
Q7KZI7,MARK2,Lasso,0.1581872651616881,0.17873341675075582
Q7KZI7,MARK2,Lasso,0.0843357361075208,0.28414563288221795
Q7KZI7,MARK2,Lasso,1.7372624579306064,1.8394977613468313
Q7KZI7,MARK2,Lasso,-0.1952703916918009,0.3915563514561068
Q7KZI7,MARK2,Lasso,0.1032791773765886,0.3155199094387539
Q7KZI7,MARK2,Lasso,-0.6100179617547081,0.38679545461413184
Q7KZI7,MARK2,Lasso,0.6550626363955288,0.17641977770232453
Q7KZI7,MARK2,Lasso,0.1475665443868184,-0.012711829561920074
Q7KZI7,MARK2,Lasso,-0.3170196071645613,-0.2643417338639292
Q7KZI7,MARK2,Lasso,0.5230138259594366,0.3447088165790605
Q7KZI7,MARK2,Lasso,-0.6002740361538651,-0.03832312723811826
Q7KZI7,MARK2,Lasso,1.8456742788109,0.5920661559919708
Q7KZI7,MARK2,Lasso,1.4335187882516625,-0.04677148112024132
Q7KZI7,MARK2,Lasso,-0.4948834492797011,0.889990111453173
Q7KZI7,MARK2,Lasso,-2.4541569337145006,0.07768759810570985
Q7KZI7,MARK2,Lasso,0.7720554395773552,-0.21809895952185826
Q7KZI7,MARK2,Lasso,-1.409355128291477,0.09207093346776263
Q7KZI7,MARK2,Lasso,2.1833447556022723,0.08961897860571538
Q7KZI7,MARK2,Lasso,1.8856075190683923,1.1347503075961558
Q7KZI7,MARK2,ElasticNet,0.1581872651616881,0.2073872660521944
Q7KZI7,MARK2,ElasticNet,0.0843357361075208,0.2983759484164534
Q7KZI7,MARK2,ElasticNet,1.7372624579306064,1.868285142322897
Q7KZI7,MARK2,ElasticNet,-0.1952703916918009,0.3283058840511138
Q7KZI7,MARK2,ElasticNet,0.1032791773765886,0.3329938994030504
Q7KZI7,MARK2,ElasticNet,-0.6100179617547081,0.384991746782064
Q7KZI7,MARK2,ElasticNet,0.6550626363955288,0.12987781142934368
Q7KZI7,MARK2,ElasticNet,0.1475665443868184,-0.08887173865216341
Q7KZI7,MARK2,ElasticNet,-0.3170196071645613,-0.2313040093412227
Q7KZI7,MARK2,ElasticNet,0.5230138259594366,0.3496301822177308
Q7KZI7,MARK2,ElasticNet,-0.6002740361538651,-0.16984890607351005
Q7KZI7,MARK2,ElasticNet,1.8456742788109,0.6598999487865779
Q7KZI7,MARK2,ElasticNet,1.4335187882516625,-0.19032555407459667
Q7KZI7,MARK2,ElasticNet,-0.4948834492797011,0.8746631754560725
Q7KZI7,MARK2,ElasticNet,-2.4541569337145006,0.0880875947181799
Q7KZI7,MARK2,ElasticNet,0.7720554395773552,-0.3673685520393181
Q7KZI7,MARK2,ElasticNet,-1.409355128291477,0.13085876035499672
Q7KZI7,MARK2,ElasticNet,2.1833447556022723,0.17842574113388165
Q7KZI7,MARK2,ElasticNet,1.8856075190683923,1.1740153492539431
Q7KZI7,MARK2,GradientBoosting,0.1581872651616881,-0.70826346811584
Q7KZI7,MARK2,GradientBoosting,0.0843357361075208,0.0062767229100268275
Q7KZI7,MARK2,GradientBoosting,1.7372624579306064,1.8611296177944217
Q7KZI7,MARK2,GradientBoosting,-0.1952703916918009,0.8409998097371743
Q7KZI7,MARK2,GradientBoosting,0.1032791773765886,0.5166018483853406
Q7KZI7,MARK2,GradientBoosting,-0.6100179617547081,0.5824234187241151
Q7KZI7,MARK2,GradientBoosting,0.6550626363955288,-0.41315499098440633
Q7KZI7,MARK2,GradientBoosting,0.1475665443868184,-0.2614802680226872
Q7KZI7,MARK2,GradientBoosting,-0.3170196071645613,-0.3626430415213014
Q7KZI7,MARK2,GradientBoosting,0.5230138259594366,1.1211481749914223
Q7KZI7,MARK2,GradientBoosting,-0.6002740361538651,-0.3247529566651242
Q7KZI7,MARK2,GradientBoosting,1.8456742788109,0.5132690268901391
Q7KZI7,MARK2,GradientBoosting,1.4335187882516625,0.23495334026194645
Q7KZI7,MARK2,GradientBoosting,-0.4948834492797011,1.3755593604149623
Q7KZI7,MARK2,GradientBoosting,-2.4541569337145006,-0.5506827847690469
Q7KZI7,MARK2,GradientBoosting,0.7720554395773552,0.28367906372847884
Q7KZI7,MARK2,GradientBoosting,-1.409355128291477,-0.4288497037508648
Q7KZI7,MARK2,GradientBoosting,2.1833447556022723,0.3723197873332683
Q7KZI7,MARK2,GradientBoosting,1.8856075190683923,1.7483444446818461
Q7KZI7,MARK2,MLP,0.1581872651616881,0.1760359509733454
Q7KZI7,MARK2,MLP,0.0843357361075208,0.7497794170746906
Q7KZI7,MARK2,MLP,1.7372624579306064,2.3110376317534564
Q7KZI7,MARK2,MLP,-0.1952703916918009,0.07395272329840517
Q7KZI7,MARK2,MLP,0.1032791773765886,0.13000220519325442
Q7KZI7,MARK2,MLP,-0.6100179617547081,0.1493859224590921
Q7KZI7,MARK2,MLP,0.6550626363955288,0.09706561349407598
Q7KZI7,MARK2,MLP,0.1475665443868184,0.11105192836013673
Q7KZI7,MARK2,MLP,-0.3170196071645613,0.24864145035925772
Q7KZI7,MARK2,MLP,0.5230138259594366,0.4124413771032012
Q7KZI7,MARK2,MLP,-0.6002740361538651,-1.528000303812114
Q7KZI7,MARK2,MLP,1.8456742788109,1.8301280867283
Q7KZI7,MARK2,MLP,1.4335187882516625,-0.6353744091983552
Q7KZI7,MARK2,MLP,-0.4948834492797011,0.7257827413062161
Q7KZI7,MARK2,MLP,-2.4541569337145006,0.1306173423155656
Q7KZI7,MARK2,MLP,0.7720554395773552,-0.31254488720616175
Q7KZI7,MARK2,MLP,-1.409355128291477,0.9482719961898937
Q7KZI7,MARK2,MLP,2.1833447556022723,0.36894563949045
Q7KZI7,MARK2,MLP,1.8856075190683923,1.6359804180024786
Q8IV63,VRK3,RandomForest,0.4770091568715545,-0.6370142651352702
Q8IV63,VRK3,RandomForest,-1.0771171354532814,-1.0700459614536673
Q8IV63,VRK3,RandomForest,-1.307504640242564,-0.9420154596431105
Q8IV63,VRK3,RandomForest,0.3124955213222113,-0.7420953567266525
Q8IV63,VRK3,RandomForest,2.006146052211068,-1.833900883412317
Q8IV63,VRK3,RandomForest,-0.140699260544822,-0.05230216894391408
Q8IV63,VRK3,RandomForest,-0.491938014801685,-0.6147071856448936
Q8IV63,VRK3,RandomForest,0.6109977331006822,-0.4516662240681453
Q8IV63,VRK3,RandomForest,0.0466799272285006,0.5820748400607062
Q8IV63,VRK3,RandomForest,-0.2644266133674388,0.528363692714805
Q8IV63,VRK3,RandomForest,1.7982448682941117,0.8875725458678663
Q8IV63,VRK3,RandomForest,-1.1089542088395,-0.8271596117866197
Q8IV63,VRK3,RandomForest,-1.3702521160868455,-1.0988461633716233
Q8IV63,VRK3,RandomForest,-1.5616069403313042,-1.5900638332719295
Q8IV63,VRK3,RandomForest,1.0861163978479702,-1.1427170848337502
Q8IV63,VRK3,RandomForest,-0.7032027071069605,-0.22431933905994164
Q8IV63,VRK3,RandomForest,0.970009158076828,0.8521921406683781
Q8IV63,VRK3,RandomForest,0.5780408998581876,0.07639541860908312
Q8IV63,VRK3,RandomForest,0.8911589916387179,-0.7038738988186779
Q8IV63,VRK3,XGBoost,0.4770091568715545,-1.5700477361679077
Q8IV63,VRK3,XGBoost,-1.0771171354532814,-1.1591273546218872
Q8IV63,VRK3,XGBoost,-1.307504640242564,-1.1537173986434937
Q8IV63,VRK3,XGBoost,0.3124955213222113,-1.045083999633789
Q8IV63,VRK3,XGBoost,2.006146052211068,-1.7423685789108276
Q8IV63,VRK3,XGBoost,-0.140699260544822,-0.02675725892186165
Q8IV63,VRK3,XGBoost,-0.491938014801685,-1.0508840084075928
Q8IV63,VRK3,XGBoost,0.6109977331006822,-0.8253686428070068
Q8IV63,VRK3,XGBoost,0.0466799272285006,1.284761905670166
Q8IV63,VRK3,XGBoost,-0.2644266133674388,0.7033026814460754
Q8IV63,VRK3,XGBoost,1.7982448682941117,0.792839765548706
Q8IV63,VRK3,XGBoost,-1.1089542088395,-1.0297170877456665
Q8IV63,VRK3,XGBoost,-1.3702521160868455,-1.0554113388061523
Q8IV63,VRK3,XGBoost,-1.5616069403313042,-1.8211499452590942
Q8IV63,VRK3,XGBoost,1.0861163978479702,-1.1403757333755493
Q8IV63,VRK3,XGBoost,-0.7032027071069605,0.37887561321258545
Q8IV63,VRK3,XGBoost,0.970009158076828,0.792839765548706
Q8IV63,VRK3,XGBoost,0.5780408998581876,0.17996364831924438
Q8IV63,VRK3,XGBoost,0.8911589916387179,-0.8858047127723694
Q8IV63,VRK3,PLS,0.4770091568715545,-0.5549484694610682
Q8IV63,VRK3,PLS,-1.0771171354532814,-0.48729994769598967
Q8IV63,VRK3,PLS,-1.307504640242564,-0.32369789617796885
Q8IV63,VRK3,PLS,0.3124955213222113,-0.5646892731900607
Q8IV63,VRK3,PLS,2.006146052211068,-0.8631055320292949
Q8IV63,VRK3,PLS,-0.140699260544822,-0.7656438583020513
Q8IV63,VRK3,PLS,-0.491938014801685,-0.5195952351094324
Q8IV63,VRK3,PLS,0.6109977331006822,-0.20997466622137095
Q8IV63,VRK3,PLS,0.0466799272285006,-0.208177274485354
Q8IV63,VRK3,PLS,-0.2644266133674388,-0.6624617927260988
Q8IV63,VRK3,PLS,1.7982448682941117,-0.3217941173461776
Q8IV63,VRK3,PLS,-1.1089542088395,-0.3449897685845973
Q8IV63,VRK3,PLS,-1.3702521160868455,-0.6456231081049623
Q8IV63,VRK3,PLS,-1.5616069403313042,-0.24640163184668518
Q8IV63,VRK3,PLS,1.0861163978479702,-0.4127424753713309
Q8IV63,VRK3,PLS,-0.7032027071069605,-0.4368576349339416
Q8IV63,VRK3,PLS,0.970009158076828,-0.29357530848971447
Q8IV63,VRK3,PLS,0.5780408998581876,-0.9088498502583251
Q8IV63,VRK3,PLS,0.8911589916387179,-0.5697228165927328
Q8IV63,VRK3,SVR,0.4770091568715545,-0.707163153771855
Q8IV63,VRK3,SVR,-1.0771171354532814,-0.4775369056722325
Q8IV63,VRK3,SVR,-1.307504640242564,-1.1806332259427548
Q8IV63,VRK3,SVR,0.3124955213222113,-0.664824024850857
Q8IV63,VRK3,SVR,2.006146052211068,-0.1128873902973308
Q8IV63,VRK3,SVR,-0.140699260544822,-0.6223891641373642
Q8IV63,VRK3,SVR,-0.491938014801685,-0.657160987824025
Q8IV63,VRK3,SVR,0.6109977331006822,-0.5460624576139628
Q8IV63,VRK3,SVR,0.0466799272285006,-0.6391305373564973
Q8IV63,VRK3,SVR,-0.2644266133674388,-0.6984132849133626
Q8IV63,VRK3,SVR,1.7982448682941117,-0.7276529671645704
Q8IV63,VRK3,SVR,-1.1089542088395,-0.4323915916343947
Q8IV63,VRK3,SVR,-1.3702521160868455,-0.9083378744201513
Q8IV63,VRK3,SVR,-1.5616069403313042,0.09356549277246157
Q8IV63,VRK3,SVR,1.0861163978479702,-0.5674205329236046
Q8IV63,VRK3,SVR,-0.7032027071069605,-0.6827869181114135
Q8IV63,VRK3,SVR,0.970009158076828,-0.7187843860098269
Q8IV63,VRK3,SVR,0.5780408998581876,-0.303464804946942
Q8IV63,VRK3,SVR,0.8911589916387179,0.5824504304424978
Q8IV63,VRK3,Lasso,0.4770091568715545,-0.5782607599248903
Q8IV63,VRK3,Lasso,-1.0771171354532814,-0.5460895039209354
Q8IV63,VRK3,Lasso,-1.307504640242564,-0.4232590338291944
Q8IV63,VRK3,Lasso,0.3124955213222113,-0.5612912424853089
Q8IV63,VRK3,Lasso,2.006146052211068,-0.691297879578281
Q8IV63,VRK3,Lasso,-0.140699260544822,-0.5470589375136001
Q8IV63,VRK3,Lasso,-0.491938014801685,-0.5538297177641394
Q8IV63,VRK3,Lasso,0.6109977331006822,-0.5062252239216298
Q8IV63,VRK3,Lasso,0.0466799272285006,-0.5439102352821061
Q8IV63,VRK3,Lasso,-0.2644266133674388,-0.596791642777937
Q8IV63,VRK3,Lasso,1.7982448682941117,-0.5820085237463676
Q8IV63,VRK3,Lasso,-1.1089542088395,-0.46279353770560755
Q8IV63,VRK3,Lasso,-1.3702521160868455,-0.6615682199103602
Q8IV63,VRK3,Lasso,-1.5616069403313042,-0.5017086088183336
Q8IV63,VRK3,Lasso,1.0861163978479702,-0.51884438730071
Q8IV63,VRK3,Lasso,-0.7032027071069605,-0.5660732420959433
Q8IV63,VRK3,Lasso,0.970009158076828,-0.5778626238928726
Q8IV63,VRK3,Lasso,0.5780408998581876,-0.5167242849675725
Q8IV63,VRK3,Lasso,0.8911589916387179,-0.5859275928228219
Q8IV63,VRK3,ElasticNet,0.4770091568715545,-0.5557987592465947
Q8IV63,VRK3,ElasticNet,-1.0771171354532814,-0.5126928920042313
Q8IV63,VRK3,ElasticNet,-1.307504640242564,-0.30948064580142387
Q8IV63,VRK3,ElasticNet,0.3124955213222113,-0.5475922823442207
Q8IV63,VRK3,ElasticNet,2.006146052211068,-0.8039630700352
Q8IV63,VRK3,ElasticNet,-0.140699260544822,-0.6189967787546549
Q8IV63,VRK3,ElasticNet,-0.491938014801685,-0.5234856063522443
Q8IV63,VRK3,ElasticNet,0.6109977331006822,-0.36385046846720004
Q8IV63,VRK3,ElasticNet,0.0466799272285006,-0.3901413560702536
Q8IV63,VRK3,ElasticNet,-0.2644266133674388,-0.6152099114229748
Q8IV63,VRK3,ElasticNet,1.7982448682941117,-0.4636657796097338
Q8IV63,VRK3,ElasticNet,-1.1089542088395,-0.3876165527798582
Q8IV63,VRK3,ElasticNet,-1.3702521160868455,-0.6524099632078273
Q8IV63,VRK3,ElasticNet,-1.5616069403313042,-0.40593960790024003
Q8IV63,VRK3,ElasticNet,1.0861163978479702,-0.4553615352998282
Q8IV63,VRK3,ElasticNet,-0.7032027071069605,-0.49903402755923365
Q8IV63,VRK3,ElasticNet,0.970009158076828,-0.4492168253317297
Q8IV63,VRK3,ElasticNet,0.5780408998581876,-0.6670323884116581
Q8IV63,VRK3,ElasticNet,0.8911589916387179,-0.6309784299540953
Q8IV63,VRK3,GradientBoosting,0.4770091568715545,-1.6195155251347073
Q8IV63,VRK3,GradientBoosting,-1.0771171354532814,-0.8733530384497413
Q8IV63,VRK3,GradientBoosting,-1.307504640242564,-1.37892428674514
Q8IV63,VRK3,GradientBoosting,0.3124955213222113,-0.6844145771542287
Q8IV63,VRK3,GradientBoosting,2.006146052211068,-1.203290309141994
Q8IV63,VRK3,GradientBoosting,-0.140699260544822,0.05023564422553276
Q8IV63,VRK3,GradientBoosting,-0.491938014801685,-0.9797019611411175
Q8IV63,VRK3,GradientBoosting,0.6109977331006822,-0.42718485001881806
Q8IV63,VRK3,GradientBoosting,0.0466799272285006,0.3682758874066938
Q8IV63,VRK3,GradientBoosting,-0.2644266133674388,0.389985733275352
Q8IV63,VRK3,GradientBoosting,1.7982448682941117,0.943307544999461
Q8IV63,VRK3,GradientBoosting,-1.1089542088395,-0.9425086908507192
Q8IV63,VRK3,GradientBoosting,-1.3702521160868455,-0.9681935811281528
Q8IV63,VRK3,GradientBoosting,-1.5616069403313042,-1.9884239723105848
Q8IV63,VRK3,GradientBoosting,1.0861163978479702,-0.914621202681151
Q8IV63,VRK3,GradientBoosting,-0.7032027071069605,-0.5543172990082763
Q8IV63,VRK3,GradientBoosting,0.970009158076828,0.943307544999461
Q8IV63,VRK3,GradientBoosting,0.5780408998581876,0.07244538955364604
Q8IV63,VRK3,GradientBoosting,0.8911589916387179,-0.42348133807352856
Q8IV63,VRK3,MLP,0.4770091568715545,-0.24103728090352983
Q8IV63,VRK3,MLP,-1.0771171354532814,-0.4621301477746915
Q8IV63,VRK3,MLP,-1.307504640242564,-0.1624400607198605
Q8IV63,VRK3,MLP,0.3124955213222113,-0.4203260720870781
Q8IV63,VRK3,MLP,2.006146052211068,-0.8248858926352628
Q8IV63,VRK3,MLP,-0.140699260544822,-1.111303591492057
Q8IV63,VRK3,MLP,-0.491938014801685,-0.2124951667906569
Q8IV63,VRK3,MLP,0.6109977331006822,0.14415729081015716
Q8IV63,VRK3,MLP,0.0466799272285006,0.6783967513612812
Q8IV63,VRK3,MLP,-0.2644266133674388,-0.7465758045785145
Q8IV63,VRK3,MLP,1.7982448682941117,0.831840821863082
Q8IV63,VRK3,MLP,-1.1089542088395,-0.515873713527516
Q8IV63,VRK3,MLP,-1.3702521160868455,-0.1979426592368254
Q8IV63,VRK3,MLP,-1.5616069403313042,-0.515873713527516
Q8IV63,VRK3,MLP,1.0861163978479702,-0.3581490187106168
Q8IV63,VRK3,MLP,-0.7032027071069605,0.2230675694439479
Q8IV63,VRK3,MLP,0.970009158076828,0.8682499475181928
Q8IV63,VRK3,MLP,0.5780408998581876,-0.8608676080084274
Q8IV63,VRK3,MLP,0.8911589916387179,-0.515873713527516
Q8IVT5,KSR1,RandomForest,0.0041576704462079,0.553045544732657
Q8IVT5,KSR1,RandomForest,2.056075824826892,-0.243067613093228
Q8IVT5,KSR1,RandomForest,-0.6103030339221304,-0.2923862453748008
Q8IVT5,KSR1,RandomForest,0.0516512079792644,0.8342457807307045
Q8IVT5,KSR1,RandomForest,-0.437960233392845,0.09049287349131052
Q8IVT5,KSR1,RandomForest,-0.0329446721921191,0.28194118280827324
Q8IVT5,KSR1,RandomForest,0.375531293166728,0.832826803296338
Q8IVT5,KSR1,RandomForest,1.6699372095277405,-0.6348172564852758
Q8IVT5,KSR1,RandomForest,1.7014591078618084,0.2584085060014377
Q8IVT5,KSR1,RandomForest,-0.6273265219771346,0.3378122833424672
Q8IVT5,KSR1,RandomForest,0.8694250878633899,-0.03475467881943481
Q8IVT5,KSR1,RandomForest,2.39207362065485,-0.7720029173536193
Q8IVT5,KSR1,RandomForest,-0.8834749242851381,-1.0321014318168897
Q8IVT5,KSR1,RandomForest,-5.536667070801182,-0.3346393231316657
Q8IVT5,KSR1,RandomForest,-0.2039794803948382,-0.25870785851365563
Q8IVT5,KSR1,RandomForest,2.978905239461558,-0.19663347266974177
Q8IVT5,KSR1,RandomForest,0.3358661855992507,0.37804691329196843
Q8IVT5,KSR1,RandomForest,1.1378381684482544,0.4023427787456044
Q8IVT5,KSR1,RandomForest,-0.103658318959657,-0.06789346049385872
Q8IVT5,KSR1,XGBoost,0.0041576704462079,0.37533360719680786
Q8IVT5,KSR1,XGBoost,2.056075824826892,-0.3757222294807434
Q8IVT5,KSR1,XGBoost,-0.6103030339221304,0.3362630307674408
Q8IVT5,KSR1,XGBoost,0.0516512079792644,0.7275971174240112
Q8IVT5,KSR1,XGBoost,-0.437960233392845,0.9425249099731445
Q8IVT5,KSR1,XGBoost,-0.0329446721921191,2.024528741836548
Q8IVT5,KSR1,XGBoost,0.375531293166728,1.0935145616531372
Q8IVT5,KSR1,XGBoost,1.6699372095277405,-0.5374298691749573
Q8IVT5,KSR1,XGBoost,1.7014591078618084,1.2600462436676025
Q8IVT5,KSR1,XGBoost,-0.6273265219771346,0.5858181715011597
Q8IVT5,KSR1,XGBoost,0.8694250878633899,0.35398223996162415
Q8IVT5,KSR1,XGBoost,2.39207362065485,-0.6434574127197266
Q8IVT5,KSR1,XGBoost,-0.8834749242851381,-0.9461469650268555
Q8IVT5,KSR1,XGBoost,-5.536667070801182,-0.383865088224411
Q8IVT5,KSR1,XGBoost,-0.2039794803948382,0.3547165095806122
Q8IVT5,KSR1,XGBoost,2.978905239461558,-0.6260053515434265
Q8IVT5,KSR1,XGBoost,0.3358661855992507,-1.2793798446655273
Q8IVT5,KSR1,XGBoost,1.1378381684482544,0.921694815158844
Q8IVT5,KSR1,XGBoost,-0.103658318959657,0.046027038246393204
Q8IVT5,KSR1,PLS,0.0041576704462079,-0.6214912832640342
Q8IVT5,KSR1,PLS,2.056075824826892,-0.004129681064675483
Q8IVT5,KSR1,PLS,-0.6103030339221304,-0.6235942144506905
Q8IVT5,KSR1,PLS,0.0516512079792644,0.24014082573898654
Q8IVT5,KSR1,PLS,-0.437960233392845,0.5914127351686216
Q8IVT5,KSR1,PLS,-0.0329446721921191,-0.022111886184772653
Q8IVT5,KSR1,PLS,0.375531293166728,-0.45439324713490997
Q8IVT5,KSR1,PLS,1.6699372095277405,-0.5270226914209981
Q8IVT5,KSR1,PLS,1.7014591078618084,0.8147972915619663
Q8IVT5,KSR1,PLS,-0.6273265219771346,1.7784172700835115
Q8IVT5,KSR1,PLS,0.8694250878633899,-0.05365151453982332
Q8IVT5,KSR1,PLS,2.39207362065485,-0.5532774476863354
Q8IVT5,KSR1,PLS,-0.8834749242851381,-0.3130673752512058
Q8IVT5,KSR1,PLS,-5.536667070801182,0.5167289496853531
Q8IVT5,KSR1,PLS,-0.2039794803948382,-0.12477139939372853
Q8IVT5,KSR1,PLS,2.978905239461558,-0.46980114904515474
Q8IVT5,KSR1,PLS,0.3358661855992507,0.29640347907658326
Q8IVT5,KSR1,PLS,1.1378381684482544,-0.8906759350398652
Q8IVT5,KSR1,PLS,-0.103658318959657,0.18871205257943757
Q8IVT5,KSR1,SVR,0.0041576704462079,0.40643992058210304
Q8IVT5,KSR1,SVR,2.056075824826892,0.5654783534645018
Q8IVT5,KSR1,SVR,-0.6103030339221304,0.0996647949663163
Q8IVT5,KSR1,SVR,0.0516512079792644,0.7797878494135317
Q8IVT5,KSR1,SVR,-0.437960233392845,0.584971063347963
Q8IVT5,KSR1,SVR,-0.0329446721921191,0.27950745735538
Q8IVT5,KSR1,SVR,0.375531293166728,0.2963948283409464
Q8IVT5,KSR1,SVR,1.6699372095277405,-0.26600996561417295
Q8IVT5,KSR1,SVR,1.7014591078618084,0.42076796364184893
Q8IVT5,KSR1,SVR,-0.6273265219771346,1.1730883622170414
Q8IVT5,KSR1,SVR,0.8694250878633899,0.4587240309095893
Q8IVT5,KSR1,SVR,2.39207362065485,-0.16956666253168823
Q8IVT5,KSR1,SVR,-0.8834749242851381,-0.12505986157322885
Q8IVT5,KSR1,SVR,-5.536667070801182,0.6649599374904378
Q8IVT5,KSR1,SVR,-0.2039794803948382,0.6565799901585772
Q8IVT5,KSR1,SVR,2.978905239461558,-0.5356168646057791
Q8IVT5,KSR1,SVR,0.3358661855992507,0.08407003612516967
Q8IVT5,KSR1,SVR,1.1378381684482544,-0.0774858157237262
Q8IVT5,KSR1,SVR,-0.103658318959657,0.4838418641885058
Q8IVT5,KSR1,Lasso,0.0041576704462079,-0.5171642547264945
Q8IVT5,KSR1,Lasso,2.056075824826892,-0.16128283119684772
Q8IVT5,KSR1,Lasso,-0.6103030339221304,-0.25341480778592074
Q8IVT5,KSR1,Lasso,0.0516512079792644,-0.1573176630260627
Q8IVT5,KSR1,Lasso,-0.437960233392845,0.24378859777296158
Q8IVT5,KSR1,Lasso,-0.0329446721921191,0.1036656057214893
Q8IVT5,KSR1,Lasso,0.375531293166728,-0.3973071054289404
Q8IVT5,KSR1,Lasso,1.6699372095277405,-0.05728964244357586
Q8IVT5,KSR1,Lasso,1.7014591078618084,0.46807766202620193
Q8IVT5,KSR1,Lasso,-0.6273265219771346,0.6874238211833084
Q8IVT5,KSR1,Lasso,0.8694250878633899,-0.1158656341296467
Q8IVT5,KSR1,Lasso,2.39207362065485,-0.18094226604580585
Q8IVT5,KSR1,Lasso,-0.8834749242851381,-0.013202804568988008
Q8IVT5,KSR1,Lasso,-5.536667070801182,-0.003961240058188778
Q8IVT5,KSR1,Lasso,-0.2039794803948382,-0.149323457262248
Q8IVT5,KSR1,Lasso,2.978905239461558,0.054814529077524876
Q8IVT5,KSR1,Lasso,0.3358661855992507,0.31151883996321567
Q8IVT5,KSR1,Lasso,1.1378381684482544,-0.5250993468592398
Q8IVT5,KSR1,Lasso,-0.103658318959657,0.01730306888017298
Q8IVT5,KSR1,ElasticNet,0.0041576704462079,-0.5090246053157854
Q8IVT5,KSR1,ElasticNet,2.056075824826892,-0.09854296094321695
Q8IVT5,KSR1,ElasticNet,-0.6103030339221304,-0.420619440634325
Q8IVT5,KSR1,ElasticNet,0.0516512079792644,-0.04256139684144418
Q8IVT5,KSR1,ElasticNet,-0.437960233392845,0.32372751048584036
Q8IVT5,KSR1,ElasticNet,-0.0329446721921191,0.04830227875872853
Q8IVT5,KSR1,ElasticNet,0.375531293166728,-0.4406614718542585
Q8IVT5,KSR1,ElasticNet,1.6699372095277405,-0.2418092472391627
Q8IVT5,KSR1,ElasticNet,1.7014591078618084,0.549786006184656
Q8IVT5,KSR1,ElasticNet,-0.6273265219771346,0.9945266383415446
Q8IVT5,KSR1,ElasticNet,0.8694250878633899,-0.11784070852313452
Q8IVT5,KSR1,ElasticNet,2.39207362065485,-0.2754394705084613
Q8IVT5,KSR1,ElasticNet,-0.8834749242851381,-0.17856305039902803
Q8IVT5,KSR1,ElasticNet,-5.536667070801182,0.22685477541496016
Q8IVT5,KSR1,ElasticNet,-0.2039794803948382,-0.19135186541146626
Q8IVT5,KSR1,ElasticNet,2.978905239461558,-0.14594519777023998
Q8IVT5,KSR1,ElasticNet,0.3358661855992507,0.28247052454587185
Q8IVT5,KSR1,ElasticNet,1.1378381684482544,-0.6134189181227153
Q8IVT5,KSR1,ElasticNet,-0.103658318959657,0.06756955408814297
Q8IVT5,KSR1,GradientBoosting,0.0041576704462079,0.5734683689752392
Q8IVT5,KSR1,GradientBoosting,2.056075824826892,-0.36439761000646614
Q8IVT5,KSR1,GradientBoosting,-0.6103030339221304,-0.6117870580075633
Q8IVT5,KSR1,GradientBoosting,0.0516512079792644,0.8094965263007047
Q8IVT5,KSR1,GradientBoosting,-0.437960233392845,0.7467066901195321
Q8IVT5,KSR1,GradientBoosting,-0.0329446721921191,-1.1070798743510928
Q8IVT5,KSR1,GradientBoosting,0.375531293166728,1.021110624293873
Q8IVT5,KSR1,GradientBoosting,1.6699372095277405,-1.3886260092259939
Q8IVT5,KSR1,GradientBoosting,1.7014591078618084,1.1898129019275583
Q8IVT5,KSR1,GradientBoosting,-0.6273265219771346,0.5860507176412745
Q8IVT5,KSR1,GradientBoosting,0.8694250878633899,1.2892166084847525
Q8IVT5,KSR1,GradientBoosting,2.39207362065485,-0.7764170991123132
Q8IVT5,KSR1,GradientBoosting,-0.8834749242851381,-1.0255778671167928
Q8IVT5,KSR1,GradientBoosting,-5.536667070801182,-0.27504418018030397
Q8IVT5,KSR1,GradientBoosting,-0.2039794803948382,0.5660541340912558
Q8IVT5,KSR1,GradientBoosting,2.978905239461558,-0.553903505466952
Q8IVT5,KSR1,GradientBoosting,0.3358661855992507,0.7497495558644023
Q8IVT5,KSR1,GradientBoosting,1.1378381684482544,0.9571602044354102
Q8IVT5,KSR1,GradientBoosting,-0.103658318959657,0.0553983329124009
Q8IVT5,KSR1,MLP,0.0041576704462079,-0.636361468260266
Q8IVT5,KSR1,MLP,2.056075824826892,-1.3491770051295884
Q8IVT5,KSR1,MLP,-0.6103030339221304,0.7130595828091467
Q8IVT5,KSR1,MLP,0.0516512079792644,0.604936297437782
Q8IVT5,KSR1,MLP,-0.437960233392845,-3.5240286189199455
Q8IVT5,KSR1,MLP,-0.0329446721921191,2.7202819453529354
Q8IVT5,KSR1,MLP,0.375531293166728,0.604936297437782
Q8IVT5,KSR1,MLP,1.6699372095277405,-0.332299948695315
Q8IVT5,KSR1,MLP,1.7014591078618084,-1.8015821711038762
Q8IVT5,KSR1,MLP,-0.6273265219771346,0.604936297437782
Q8IVT5,KSR1,MLP,0.8694250878633899,-2.1038904329415318
Q8IVT5,KSR1,MLP,2.39207362065485,-0.461713164679585
Q8IVT5,KSR1,MLP,-0.8834749242851381,-5.102101969054
Q8IVT5,KSR1,MLP,-5.536667070801182,1.9733272689016625
Q8IVT5,KSR1,MLP,-0.2039794803948382,-0.24424542254783377
Q8IVT5,KSR1,MLP,2.978905239461558,-0.25418059696158524
Q8IVT5,KSR1,MLP,0.3358661855992507,1.3633333279467563
Q8IVT5,KSR1,MLP,1.1378381684482544,-0.7522737079101841
Q8IVT5,KSR1,MLP,-0.103658318959657,-1.938635978751396
Q8IWQ3,BRSK2,RandomForest,0.6394784095289793,0.7665455153990287
Q8IWQ3,BRSK2,RandomForest,0.3703652857586869,0.3633334315725277
Q8IWQ3,BRSK2,RandomForest,1.2133022471824086,0.8544056806440556
Q8IWQ3,BRSK2,RandomForest,0.1128793626890777,0.17099863989898523
Q8IWQ3,BRSK2,RandomForest,0.634185540901648,0.6377181134984823
Q8IWQ3,BRSK2,RandomForest,-0.1670073101516394,0.40411620295939615
Q8IWQ3,BRSK2,RandomForest,0.8419561605443702,0.3088630831286291
Q8IWQ3,BRSK2,RandomForest,1.3060687901716672,0.4326467787100441
Q8IWQ3,BRSK2,RandomForest,1.1774934922439677,0.43879907270740504
Q8IWQ3,BRSK2,RandomForest,-0.1974697947921991,-0.10175961042368258
Q8IWQ3,BRSK2,RandomForest,0.9886812842300932,0.5577791075370397
Q8IWQ3,BRSK2,RandomForest,0.9073892628985918,0.046437518656717594
Q8IWQ3,BRSK2,RandomForest,0.7324491009385714,0.8437225125881104
Q8IWQ3,BRSK2,RandomForest,0.3858378140240086,0.29660372073436797
Q8IWQ3,BRSK2,RandomForest,0.242263864375592,0.9037367101483479
Q8IWQ3,BRSK2,RandomForest,0.3019253411332687,0.4891199360233931
Q8IWQ3,BRSK2,RandomForest,0.2640651323903178,0.27415010959695485
Q8IWQ3,BRSK2,RandomForest,0.5383789553981403,0.4695872688049479
Q8IWQ3,BRSK2,RandomForest,0.5104439711158374,0.3301335514223335
Q8IWQ3,BRSK2,XGBoost,0.6394784095289793,0.5448827147483826
Q8IWQ3,BRSK2,XGBoost,0.3703652857586869,0.2627400755882263
Q8IWQ3,BRSK2,XGBoost,1.2133022471824086,0.9418618083000183
Q8IWQ3,BRSK2,XGBoost,0.1128793626890777,0.1936952769756317
Q8IWQ3,BRSK2,XGBoost,0.634185540901648,0.4620901048183441
Q8IWQ3,BRSK2,XGBoost,-0.1670073101516394,1.0758756399154663
Q8IWQ3,BRSK2,XGBoost,0.8419561605443702,-0.30275118350982666
Q8IWQ3,BRSK2,XGBoost,1.3060687901716672,0.2721935510635376
Q8IWQ3,BRSK2,XGBoost,1.1774934922439677,0.38084036111831665
Q8IWQ3,BRSK2,XGBoost,-0.1974697947921991,-0.28499555587768555
Q8IWQ3,BRSK2,XGBoost,0.9886812842300932,0.46408024430274963
Q8IWQ3,BRSK2,XGBoost,0.9073892628985918,-0.21208740770816803
Q8IWQ3,BRSK2,XGBoost,0.7324491009385714,0.9757359623908997
Q8IWQ3,BRSK2,XGBoost,0.3858378140240086,0.9805005192756653
Q8IWQ3,BRSK2,XGBoost,0.242263864375592,1.0537790060043335
Q8IWQ3,BRSK2,XGBoost,0.3019253411332687,0.22607024013996124
Q8IWQ3,BRSK2,XGBoost,0.2640651323903178,0.17896424233913422
Q8IWQ3,BRSK2,XGBoost,0.5383789553981403,0.4154386818408966
Q8IWQ3,BRSK2,XGBoost,0.5104439711158374,0.33826062083244324
Q8IWQ3,BRSK2,PLS,0.6394784095289793,0.4646423647652839
Q8IWQ3,BRSK2,PLS,0.3703652857586869,0.6192027510195715
Q8IWQ3,BRSK2,PLS,1.2133022471824086,0.6698895047139759
Q8IWQ3,BRSK2,PLS,0.1128793626890777,0.07935230611591215
Q8IWQ3,BRSK2,PLS,0.634185540901648,0.45494792345452856
Q8IWQ3,BRSK2,PLS,-0.1670073101516394,0.36915136144152494
Q8IWQ3,BRSK2,PLS,0.8419561605443702,0.415383026089875
Q8IWQ3,BRSK2,PLS,1.3060687901716672,0.5413333704204182
Q8IWQ3,BRSK2,PLS,1.1774934922439677,0.5758939375772321
Q8IWQ3,BRSK2,PLS,-0.1974697947921991,-0.1592532746368911
Q8IWQ3,BRSK2,PLS,0.9886812842300932,0.4791502563333978
Q8IWQ3,BRSK2,PLS,0.9073892628985918,0.4213422920811899
Q8IWQ3,BRSK2,PLS,0.7324491009385714,0.4447813442861754
Q8IWQ3,BRSK2,PLS,0.3858378140240086,0.3947349949424703
Q8IWQ3,BRSK2,PLS,0.242263864375592,0.5585227131913455
Q8IWQ3,BRSK2,PLS,0.3019253411332687,0.60212118235491
Q8IWQ3,BRSK2,PLS,0.2640651323903178,0.5978813688809778
Q8IWQ3,BRSK2,PLS,0.5383789553981403,0.2558741259874295
Q8IWQ3,BRSK2,PLS,0.5104439711158374,0.26661082941656716
Q8IWQ3,BRSK2,SVR,0.6394784095289793,0.6022662829011581
Q8IWQ3,BRSK2,SVR,0.3703652857586869,0.46079270314531107
Q8IWQ3,BRSK2,SVR,1.2133022471824086,0.9399693603822425
Q8IWQ3,BRSK2,SVR,0.1128793626890777,-0.05945584261866077
Q8IWQ3,BRSK2,SVR,0.634185540901648,0.34444877132058604
Q8IWQ3,BRSK2,SVR,-0.1670073101516394,0.9821501070399484
Q8IWQ3,BRSK2,SVR,0.8419561605443702,0.7636883539844185
Q8IWQ3,BRSK2,SVR,1.3060687901716672,0.40340273848434083
Q8IWQ3,BRSK2,SVR,1.1774934922439677,0.3357052877401979
Q8IWQ3,BRSK2,SVR,-0.1974697947921991,-0.04064102028711347
Q8IWQ3,BRSK2,SVR,0.9886812842300932,0.6378476454889365
Q8IWQ3,BRSK2,SVR,0.9073892628985918,0.8450742649728961
Q8IWQ3,BRSK2,SVR,0.7324491009385714,0.44484968670024116
Q8IWQ3,BRSK2,SVR,0.3858378140240086,0.8865783605698413
Q8IWQ3,BRSK2,SVR,0.242263864375592,1.0269377243578717
Q8IWQ3,BRSK2,SVR,0.3019253411332687,0.2506801167764854
Q8IWQ3,BRSK2,SVR,0.2640651323903178,0.35428018372589276
Q8IWQ3,BRSK2,SVR,0.5383789553981403,0.22823304839231773
Q8IWQ3,BRSK2,SVR,0.5104439711158374,-0.0002890804225159638
Q8IWQ3,BRSK2,Lasso,0.6394784095289793,0.46118350467928676
Q8IWQ3,BRSK2,Lasso,0.3703652857586869,0.4846725426587625
Q8IWQ3,BRSK2,Lasso,1.2133022471824086,0.4810815495027651
Q8IWQ3,BRSK2,Lasso,0.1128793626890777,0.1839812199981845
Q8IWQ3,BRSK2,Lasso,0.634185540901648,0.4048618318623083
Q8IWQ3,BRSK2,Lasso,-0.1670073101516394,0.5574596761627845
Q8IWQ3,BRSK2,Lasso,0.8419561605443702,0.4292917747361604
Q8IWQ3,BRSK2,Lasso,1.3060687901716672,0.5290146595149556
Q8IWQ3,BRSK2,Lasso,1.1774934922439677,0.5520444216801261
Q8IWQ3,BRSK2,Lasso,-0.1974697947921991,0.3049803109976599
Q8IWQ3,BRSK2,Lasso,0.9886812842300932,0.4248605288272718
Q8IWQ3,BRSK2,Lasso,0.9073892628985918,0.4266311740251366
Q8IWQ3,BRSK2,Lasso,0.7324491009385714,0.5303468589071529
Q8IWQ3,BRSK2,Lasso,0.3858378140240086,0.47719593556947354
Q8IWQ3,BRSK2,Lasso,0.242263864375592,0.4814767780305688
Q8IWQ3,BRSK2,Lasso,0.3019253411332687,0.6698932908966596
Q8IWQ3,BRSK2,Lasso,0.2640651323903178,0.5240962941478445
Q8IWQ3,BRSK2,Lasso,0.5383789553981403,0.4502048966867797
Q8IWQ3,BRSK2,Lasso,0.5104439711158374,0.41183206108764875
Q8IWQ3,BRSK2,ElasticNet,0.6394784095289793,0.448328730245796
Q8IWQ3,BRSK2,ElasticNet,0.3703652857586869,0.4605463240725168
Q8IWQ3,BRSK2,ElasticNet,1.2133022471824086,0.5243759150975515
Q8IWQ3,BRSK2,ElasticNet,0.1128793626890777,0.08714785849700435
Q8IWQ3,BRSK2,ElasticNet,0.634185540901648,0.40964827181332647
Q8IWQ3,BRSK2,ElasticNet,-0.1670073101516394,0.5737346560424172
Q8IWQ3,BRSK2,ElasticNet,0.8419561605443702,0.4186201604507921
Q8IWQ3,BRSK2,ElasticNet,1.3060687901716672,0.5787468553022647
Q8IWQ3,BRSK2,ElasticNet,1.1774934922439677,0.6142783114062216
Q8IWQ3,BRSK2,ElasticNet,-0.1974697947921991,0.10854917517162443
Q8IWQ3,BRSK2,ElasticNet,0.9886812842300932,0.42567502713854105
Q8IWQ3,BRSK2,ElasticNet,0.9073892628985918,0.41820432118228107
Q8IWQ3,BRSK2,ElasticNet,0.7324491009385714,0.5194426898362375
Q8IWQ3,BRSK2,ElasticNet,0.3858378140240086,0.45416170649622295
Q8IWQ3,BRSK2,ElasticNet,0.242263864375592,0.5025021378380582
Q8IWQ3,BRSK2,ElasticNet,0.3019253411332687,0.7635994994125584
Q8IWQ3,BRSK2,ElasticNet,0.2640651323903178,0.5820918292602079
Q8IWQ3,BRSK2,ElasticNet,0.5383789553981403,0.44179505231765276
Q8IWQ3,BRSK2,ElasticNet,0.5104439711158374,0.3808233983820348
Q8IWQ3,BRSK2,GradientBoosting,0.6394784095289793,0.794532586229027
Q8IWQ3,BRSK2,GradientBoosting,0.3703652857586869,0.28526744461497267
Q8IWQ3,BRSK2,GradientBoosting,1.2133022471824086,0.9715709880826611
Q8IWQ3,BRSK2,GradientBoosting,0.1128793626890777,0.011215555992135848
Q8IWQ3,BRSK2,GradientBoosting,0.634185540901648,0.8154005610306698
Q8IWQ3,BRSK2,GradientBoosting,-0.1670073101516394,0.619241414021317
Q8IWQ3,BRSK2,GradientBoosting,0.8419561605443702,-0.6032083387141849
Q8IWQ3,BRSK2,GradientBoosting,1.3060687901716672,0.29119892101181954
Q8IWQ3,BRSK2,GradientBoosting,1.1774934922439677,0.5394876352369785
Q8IWQ3,BRSK2,GradientBoosting,-0.1974697947921991,-0.12351951159826005
Q8IWQ3,BRSK2,GradientBoosting,0.9886812842300932,0.4666830257745713
Q8IWQ3,BRSK2,GradientBoosting,0.9073892628985918,-0.623267301880035
Q8IWQ3,BRSK2,GradientBoosting,0.7324491009385714,0.8700290772754186
Q8IWQ3,BRSK2,GradientBoosting,0.3858378140240086,0.7687928378578004
Q8IWQ3,BRSK2,GradientBoosting,0.242263864375592,1.0211695849725866
Q8IWQ3,BRSK2,GradientBoosting,0.3019253411332687,0.7673429475194817
Q8IWQ3,BRSK2,GradientBoosting,0.2640651323903178,0.3497127408100378
Q8IWQ3,BRSK2,GradientBoosting,0.5383789553981403,0.05609166849558678
Q8IWQ3,BRSK2,GradientBoosting,0.5104439711158374,0.26878772362839337
Q8IWQ3,BRSK2,MLP,0.6394784095289793,0.38764271235680703
Q8IWQ3,BRSK2,MLP,0.3703652857586869,0.6247562069244799
Q8IWQ3,BRSK2,MLP,1.2133022471824086,0.7151588856029346
Q8IWQ3,BRSK2,MLP,0.1128793626890777,0.45390520099779297
Q8IWQ3,BRSK2,MLP,0.634185540901648,1.0229503547192609
Q8IWQ3,BRSK2,MLP,-0.1670073101516394,0.08422686114467995
Q8IWQ3,BRSK2,MLP,0.8419561605443702,0.5998061771055035
Q8IWQ3,BRSK2,MLP,1.3060687901716672,0.5221333192198785
Q8IWQ3,BRSK2,MLP,1.1774934922439677,0.7830341885145327
Q8IWQ3,BRSK2,MLP,-0.1974697947921991,-0.35328148273862936
Q8IWQ3,BRSK2,MLP,0.9886812842300932,0.4363357352836882
Q8IWQ3,BRSK2,MLP,0.9073892628985918,0.8654189997769431
Q8IWQ3,BRSK2,MLP,0.7324491009385714,0.690841899842457
Q8IWQ3,BRSK2,MLP,0.3858378140240086,0.017314724038996587
Q8IWQ3,BRSK2,MLP,0.242263864375592,1.0351075406997396
Q8IWQ3,BRSK2,MLP,0.3019253411332687,0.6203536136310591
Q8IWQ3,BRSK2,MLP,0.2640651323903178,0.7270202848300796
Q8IWQ3,BRSK2,MLP,0.5383789553981403,0.7247688046525791
Q8IWQ3,BRSK2,MLP,0.5104439711158374,0.7184249170741106
Q8TD19,NEK9,RandomForest,-2.2964024040243247,-1.4841115316662148
Q8TD19,NEK9,RandomForest,-0.7278822637588113,-0.27586848468373415
Q8TD19,NEK9,RandomForest,1.007734281223688,-1.7478983907140049
Q8TD19,NEK9,RandomForest,0.8663860012813625,-0.10178116633940058
Q8TD19,NEK9,RandomForest,-0.0437228791377288,0.002962199178849888
Q8TD19,NEK9,RandomForest,-0.8305843449552165,-0.02012041664432532
Q8TD19,NEK9,RandomForest,1.024591370558764,-0.23477945638469827
Q8TD19,NEK9,RandomForest,-0.1491615839324783,-0.1410194318574942
Q8TD19,NEK9,RandomForest,1.3253860270823992,0.9770619923793339
Q8TD19,NEK9,RandomForest,0.5218860563705185,-0.17618594391621578
Q8TD19,NEK9,RandomForest,1.100416955863843,-0.2128498974947801
Q8TD19,NEK9,RandomForest,-0.3309683213881092,-1.6180272962524904
Q8TD19,NEK9,RandomForest,-0.5391766701944799,-0.1994286439747105
Q8TD19,NEK9,RandomForest,-0.1509989530728484,-0.1284413894181378
Q8TD19,NEK9,RandomForest,-0.3789427315232125,-1.6058806739722717
Q8TD19,NEK9,RandomForest,-0.4775279492352811,1.9684705112258074
Q8TD19,NEK9,RandomForest,0.5631530438137439,0.774117598937331
Q8TD19,NEK9,RandomForest,1.5264433047361972,1.235148193281108
Q8TD19,NEK9,RandomForest,0.1231383805212922,-0.21131114135197532
Q8TD19,NEK9,XGBoost,-2.2964024040243247,-1.3898192644119263
Q8TD19,NEK9,XGBoost,-0.7278822637588113,-0.8240678906440735
Q8TD19,NEK9,XGBoost,1.007734281223688,-1.5157071352005005
Q8TD19,NEK9,XGBoost,0.8663860012813625,-0.33837857842445374
Q8TD19,NEK9,XGBoost,-0.0437228791377288,-0.24824422597885132
Q8TD19,NEK9,XGBoost,-0.8305843449552165,-0.26937615871429443
Q8TD19,NEK9,XGBoost,1.024591370558764,-0.3705745041370392
Q8TD19,NEK9,XGBoost,-0.1491615839324783,-0.32375821471214294
Q8TD19,NEK9,XGBoost,1.3253860270823992,1.0621594190597534
Q8TD19,NEK9,XGBoost,0.5218860563705185,-0.21775221824645996
Q8TD19,NEK9,XGBoost,1.100416955863843,-0.35331571102142334
Q8TD19,NEK9,XGBoost,-0.3309683213881092,-1.404733419418335
Q8TD19,NEK9,XGBoost,-0.5391766701944799,-0.37579137086868286
Q8TD19,NEK9,XGBoost,-0.1509989530728484,-0.5992639660835266
Q8TD19,NEK9,XGBoost,-0.3789427315232125,-1.434439778327942
Q8TD19,NEK9,XGBoost,-0.4775279492352811,1.8068325519561768
Q8TD19,NEK9,XGBoost,0.5631530438137439,0.5659433007240295
Q8TD19,NEK9,XGBoost,1.5264433047361972,1.3990447521209717
Q8TD19,NEK9,XGBoost,0.1231383805212922,-0.07444214820861816
Q8TD19,NEK9,PLS,-2.2964024040243247,-2.6108312164467593
Q8TD19,NEK9,PLS,-0.7278822637588113,0.2840357199829733
Q8TD19,NEK9,PLS,1.007734281223688,-1.2622903975447595
Q8TD19,NEK9,PLS,0.8663860012813625,0.8767596750616049
Q8TD19,NEK9,PLS,-0.0437228791377288,-0.13952324280698744
Q8TD19,NEK9,PLS,-0.8305843449552165,-0.04056270239142318
Q8TD19,NEK9,PLS,1.024591370558764,0.1681372971465294
Q8TD19,NEK9,PLS,-0.1491615839324783,0.6903936443606856
Q8TD19,NEK9,PLS,1.3253860270823992,1.101089582959593
Q8TD19,NEK9,PLS,0.5218860563705185,0.16690288066800968
Q8TD19,NEK9,PLS,1.100416955863843,0.500313226993548
Q8TD19,NEK9,PLS,-0.3309683213881092,-0.8378318039844749
Q8TD19,NEK9,PLS,-0.5391766701944799,-0.39751981775462353
Q8TD19,NEK9,PLS,-0.1509989530728484,-0.2573997328751688
Q8TD19,NEK9,PLS,-0.3789427315232125,-1.4904087093398142
Q8TD19,NEK9,PLS,-0.4775279492352811,1.0950589325320834
Q8TD19,NEK9,PLS,0.5631530438137439,0.8671015048546054
Q8TD19,NEK9,PLS,1.5264433047361972,0.9286445801779853
Q8TD19,NEK9,PLS,0.1231383805212922,-0.21046981185497785
Q8TD19,NEK9,SVR,-2.2964024040243247,-2.390381091144702
Q8TD19,NEK9,SVR,-0.7278822637588113,-0.04676786301055941
Q8TD19,NEK9,SVR,1.007734281223688,-1.0347334708516107
Q8TD19,NEK9,SVR,0.8663860012813625,0.5812123705965295
Q8TD19,NEK9,SVR,-0.0437228791377288,-0.5654890991636043
Q8TD19,NEK9,SVR,-0.8305843449552165,-0.21613484139647526
Q8TD19,NEK9,SVR,1.024591370558764,-0.06546241940966296
Q8TD19,NEK9,SVR,-0.1491615839324783,0.36308150336963935
Q8TD19,NEK9,SVR,1.3253860270823992,0.7198656907489285
Q8TD19,NEK9,SVR,0.5218860563705185,-0.05952165785728322
Q8TD19,NEK9,SVR,1.100416955863843,0.20561860625249945
Q8TD19,NEK9,SVR,-0.3309683213881092,-0.4580966280195477
Q8TD19,NEK9,SVR,-0.5391766701944799,-0.49569193953554075
Q8TD19,NEK9,SVR,-0.1509989530728484,-0.8249364605037313
Q8TD19,NEK9,SVR,-0.3789427315232125,-1.430653766218993
Q8TD19,NEK9,SVR,-0.4775279492352811,0.498056286220626
Q8TD19,NEK9,SVR,0.5631530438137439,0.6130120812060726
Q8TD19,NEK9,SVR,1.5264433047361972,-0.08963093169658348
Q8TD19,NEK9,SVR,0.1231383805212922,-0.2085149242971615
Q8TD19,NEK9,Lasso,-2.2964024040243247,-2.2980672900517107
Q8TD19,NEK9,Lasso,-0.7278822637588113,0.27154759659538824
Q8TD19,NEK9,Lasso,1.007734281223688,-1.1345804559549588
Q8TD19,NEK9,Lasso,0.8663860012813625,0.6401653634072939
Q8TD19,NEK9,Lasso,-0.0437228791377288,-0.2081456801285181
Q8TD19,NEK9,Lasso,-0.8305843449552165,0.00023522481539854645
Q8TD19,NEK9,Lasso,1.024591370558764,0.23566769706091661
Q8TD19,NEK9,Lasso,-0.1491615839324783,0.6524689165843984
Q8TD19,NEK9,Lasso,1.3253860270823992,1.0181068716413129
Q8TD19,NEK9,Lasso,0.5218860563705185,0.16813123794441537
Q8TD19,NEK9,Lasso,1.100416955863843,0.42926557442064006
Q8TD19,NEK9,Lasso,-0.3309683213881092,-0.8488008135857229
Q8TD19,NEK9,Lasso,-0.5391766701944799,-0.39178077900771324
Q8TD19,NEK9,Lasso,-0.1509989530728484,-0.14842281363672866
Q8TD19,NEK9,Lasso,-0.3789427315232125,-1.318993624520028
Q8TD19,NEK9,Lasso,-0.4775279492352811,1.0484907916989623
Q8TD19,NEK9,Lasso,0.5631530438137439,0.8579535459306513
Q8TD19,NEK9,Lasso,1.5264433047361972,0.9070403725740409
Q8TD19,NEK9,Lasso,0.1231383805212922,-0.2141557729796131
Q8TD19,NEK9,ElasticNet,-2.2964024040243247,-2.3163298481125203
Q8TD19,NEK9,ElasticNet,-0.7278822637588113,0.2733100633705521
Q8TD19,NEK9,ElasticNet,1.007734281223688,-1.1399460810675388
Q8TD19,NEK9,ElasticNet,0.8663860012813625,0.7119829105675436
Q8TD19,NEK9,ElasticNet,-0.0437228791377288,-0.1535571139132531
Q8TD19,NEK9,ElasticNet,-0.8305843449552165,-0.01221356263096006
Q8TD19,NEK9,ElasticNet,1.024591370558764,0.2023470851031543
Q8TD19,NEK9,ElasticNet,-0.1491615839324783,0.6440725831114894
Q8TD19,NEK9,ElasticNet,1.3253860270823992,1.010955602864751
Q8TD19,NEK9,ElasticNet,0.5218860563705185,0.1651269502495121
Q8TD19,NEK9,ElasticNet,1.100416955863843,0.44483770431984604
Q8TD19,NEK9,ElasticNet,-0.3309683213881092,-0.8197770422333128
Q8TD19,NEK9,ElasticNet,-0.5391766701944799,-0.37246314560472715
Q8TD19,NEK9,ElasticNet,-0.1509989530728484,-0.16304437249255238
Q8TD19,NEK9,ElasticNet,-0.3789427315232125,-1.3247488907508496
Q8TD19,NEK9,ElasticNet,-0.4775279492352811,1.0345980148099978
Q8TD19,NEK9,ElasticNet,0.5631530438137439,0.8235364971945774
Q8TD19,NEK9,ElasticNet,1.5264433047361972,0.9095273463843793
Q8TD19,NEK9,ElasticNet,0.1231383805212922,-0.20500889476996134
Q8TD19,NEK9,GradientBoosting,-2.2964024040243247,-1.7814448560769454
Q8TD19,NEK9,GradientBoosting,-0.7278822637588113,-0.3812542633398563
Q8TD19,NEK9,GradientBoosting,1.007734281223688,-1.4207079213474043
Q8TD19,NEK9,GradientBoosting,0.8663860012813625,0.029730009705353562
Q8TD19,NEK9,GradientBoosting,-0.0437228791377288,-0.2579854995836291
Q8TD19,NEK9,GradientBoosting,-0.8305843449552165,-0.393339479286297
Q8TD19,NEK9,GradientBoosting,1.024591370558764,-0.20822083140534306
Q8TD19,NEK9,GradientBoosting,-0.1491615839324783,-0.279737114249759
Q8TD19,NEK9,GradientBoosting,1.3253860270823992,0.5061533810759812
Q8TD19,NEK9,GradientBoosting,0.5218860563705185,-0.3829077146230637
Q8TD19,NEK9,GradientBoosting,1.100416955863843,-0.16514551456949036
Q8TD19,NEK9,GradientBoosting,-0.3309683213881092,-0.685987016333556
Q8TD19,NEK9,GradientBoosting,-0.5391766701944799,-0.15949116185398599
Q8TD19,NEK9,GradientBoosting,-0.1509989530728484,-0.480028550959416
Q8TD19,NEK9,GradientBoosting,-0.3789427315232125,-1.3985951582328027
Q8TD19,NEK9,GradientBoosting,-0.4775279492352811,0.48158823247376964
Q8TD19,NEK9,GradientBoosting,0.5631530438137439,0.08875714145958714
Q8TD19,NEK9,GradientBoosting,1.5264433047361972,0.6149309719918193
Q8TD19,NEK9,GradientBoosting,0.1231383805212922,0.07893830503001906
Q8TD19,NEK9,MLP,-2.2964024040243247,-1.7275109842653051
Q8TD19,NEK9,MLP,-0.7278822637588113,-0.25945119027504454
Q8TD19,NEK9,MLP,1.007734281223688,-0.6627432392447296
Q8TD19,NEK9,MLP,0.8663860012813625,1.5751218772068534
Q8TD19,NEK9,MLP,-0.0437228791377288,-0.6149465042121215
Q8TD19,NEK9,MLP,-0.8305843449552165,-0.3717900331698333
Q8TD19,NEK9,MLP,1.024591370558764,-0.32252609292230994
Q8TD19,NEK9,MLP,-0.1491615839324783,0.28401681903104636
Q8TD19,NEK9,MLP,1.3253860270823992,1.0131053414567424
Q8TD19,NEK9,MLP,0.5218860563705185,-0.33834251888691125
Q8TD19,NEK9,MLP,1.100416955863843,0.2685882051999401
Q8TD19,NEK9,MLP,-0.3309683213881092,-0.32252609292230994
Q8TD19,NEK9,MLP,-0.5391766701944799,-0.6672212346361741
Q8TD19,NEK9,MLP,-0.1509989530728484,-1.267139885644193
Q8TD19,NEK9,MLP,-0.3789427315232125,-1.159918437732623
Q8TD19,NEK9,MLP,-0.4775279492352811,1.4934987415744387
Q8TD19,NEK9,MLP,0.5631530438137439,-0.03352607892222159
Q8TD19,NEK9,MLP,1.5264433047361972,1.7489918687738653
Q8TD19,NEK9,MLP,0.1231383805212922,-0.32252609292230994
Q92630,DYRK2,RandomForest,-0.2209516267732461,0.24111667211844728
Q92630,DYRK2,RandomForest,2.722569605055658,0.9514249305470531
Q92630,DYRK2,RandomForest,-1.06324993322998,-0.8325323547485936
Q92630,DYRK2,RandomForest,-0.3961221735923833,-0.5130051141842625
Q92630,DYRK2,RandomForest,-0.5428027389243104,-0.5298372167935352
Q92630,DYRK2,RandomForest,1.2368717987913944,-0.7257652071925358
Q92630,DYRK2,RandomForest,0.0456956793657001,-0.3535603178275707
Q92630,DYRK2,RandomForest,-0.7931039472661895,0.060263459835819495
Q92630,DYRK2,RandomForest,-0.7357437541103093,0.5533280245599811
Q92630,DYRK2,RandomForest,-0.498738440611662,-0.389091115414146
Q92630,DYRK2,RandomForest,-0.0825685361468579,-0.20665520368886958
Q92630,DYRK2,RandomForest,-2.19329163547473,-0.6320353536932695
Q92630,DYRK2,RandomForest,0.4812869895073543,-0.5692121326939725
Q92630,DYRK2,RandomForest,0.0509484436622538,-0.4425670045053988
Q92630,DYRK2,RandomForest,0.4632501943999348,-0.3766989353698449
Q92630,DYRK2,RandomForest,0.153632507490905,0.06235546228766494
Q92630,DYRK2,RandomForest,0.0639902564710564,0.2290901751282271
Q92630,DYRK2,RandomForest,0.4387580395440985,-0.4868679664276662
Q92630,DYRK2,RandomForest,0.6960125322619057,0.7163868810473317
Q92630,DYRK2,XGBoost,-0.2209516267732461,-0.4831699728965759
Q92630,DYRK2,XGBoost,2.722569605055658,1.5086438655853271
Q92630,DYRK2,XGBoost,-1.06324993322998,-0.8934013247489929
Q92630,DYRK2,XGBoost,-0.3961221735923833,-0.3582633137702942
Q92630,DYRK2,XGBoost,-0.5428027389243104,-0.7062838673591614
Q92630,DYRK2,XGBoost,1.2368717987913944,-1.4782923460006714
Q92630,DYRK2,XGBoost,0.0456956793657001,-0.3063695430755615
Q92630,DYRK2,XGBoost,-0.7931039472661895,-0.23961445689201355
Q92630,DYRK2,XGBoost,-0.7357437541103093,1.0330430269241333
Q92630,DYRK2,XGBoost,-0.498738440611662,-0.8316259980201721
Q92630,DYRK2,XGBoost,-0.0825685361468579,-0.1810421645641327
Q92630,DYRK2,XGBoost,-2.19329163547473,-0.5552984476089478
Q92630,DYRK2,XGBoost,0.4812869895073543,-0.6845874190330505
Q92630,DYRK2,XGBoost,0.0509484436622538,-0.9707340598106384
Q92630,DYRK2,XGBoost,0.4632501943999348,-1.3969790935516357
Q92630,DYRK2,XGBoost,0.153632507490905,0.04446493461728096
Q92630,DYRK2,XGBoost,0.0639902564710564,1.002863883972168
Q92630,DYRK2,XGBoost,0.4387580395440985,-0.37225550413131714
Q92630,DYRK2,XGBoost,0.6960125322619057,0.8201092481613159
Q92630,DYRK2,PLS,-0.2209516267732461,0.1551482055979951
Q92630,DYRK2,PLS,2.722569605055658,-0.023197533671645343
Q92630,DYRK2,PLS,-1.06324993322998,-0.4023860135575955
Q92630,DYRK2,PLS,-0.3961221735923833,-0.6255089210262228
Q92630,DYRK2,PLS,-0.5428027389243104,-0.24350298206246182
Q92630,DYRK2,PLS,1.2368717987913944,-0.5174300009559275
Q92630,DYRK2,PLS,0.0456956793657001,-0.45018730693213294
Q92630,DYRK2,PLS,-0.7931039472661895,-0.045765514990564304
Q92630,DYRK2,PLS,-0.7357437541103093,-0.09604548060985066
Q92630,DYRK2,PLS,-0.498738440611662,-0.5179794694345752
Q92630,DYRK2,PLS,-0.0825685361468579,-0.07294190212987395
Q92630,DYRK2,PLS,-2.19329163547473,-0.5516780122165966
Q92630,DYRK2,PLS,0.4812869895073543,-0.19899395717950252
Q92630,DYRK2,PLS,0.0509484436622538,0.1307851638629722
Q92630,DYRK2,PLS,0.4632501943999348,0.36518900907540486
Q92630,DYRK2,PLS,0.153632507490905,-0.028474874420199192
Q92630,DYRK2,PLS,0.0639902564710564,-0.227975171763885
Q92630,DYRK2,PLS,0.4387580395440985,0.2858560049609733
Q92630,DYRK2,PLS,0.6960125322619057,0.36143964477053203
Q92630,DYRK2,SVR,-0.2209516267732461,0.23094227793779545
Q92630,DYRK2,SVR,2.722569605055658,-0.16866144015273885
Q92630,DYRK2,SVR,-1.06324993322998,-0.3445317560032001
Q92630,DYRK2,SVR,-0.3961221735923833,-0.6377534661404513
Q92630,DYRK2,SVR,-0.5428027389243104,-0.36991729568844034
Q92630,DYRK2,SVR,1.2368717987913944,-0.2765594819903753
Q92630,DYRK2,SVR,0.0456956793657001,-0.3614802356551755
Q92630,DYRK2,SVR,-0.7931039472661895,-0.041977708377229334
Q92630,DYRK2,SVR,-0.7357437541103093,-0.0788712636580581
Q92630,DYRK2,SVR,-0.498738440611662,-0.4988921546738224
Q92630,DYRK2,SVR,-0.0825685361468579,-0.12742613183597387
Q92630,DYRK2,SVR,-2.19329163547473,-0.669429872725777
Q92630,DYRK2,SVR,0.4812869895073543,-0.27628454700287564
Q92630,DYRK2,SVR,0.0509484436622538,0.06179596713955274
Q92630,DYRK2,SVR,0.4632501943999348,0.7682168526487301
Q92630,DYRK2,SVR,0.153632507490905,-0.018243047117278727
Q92630,DYRK2,SVR,0.0639902564710564,-0.24234859728523309
Q92630,DYRK2,SVR,0.4387580395440985,-0.0009583785624095176
Q92630,DYRK2,SVR,0.6960125322619057,0.1762514702975573
Q92630,DYRK2,Lasso,-0.2209516267732461,0.04303609569604258
Q92630,DYRK2,Lasso,2.722569605055658,-0.07846433162860184
Q92630,DYRK2,Lasso,-1.06324993322998,-0.4288295032037514
Q92630,DYRK2,Lasso,-0.3961221735923833,-0.5452976758699629
Q92630,DYRK2,Lasso,-0.5428027389243104,-0.2637921157940458
Q92630,DYRK2,Lasso,1.2368717987913944,-0.1773947500336042
Q92630,DYRK2,Lasso,0.0456956793657001,-0.3827193996379614
Q92630,DYRK2,Lasso,-0.7931039472661895,-0.2181089203192351
Q92630,DYRK2,Lasso,-0.7357437541103093,-0.04615270162980947
Q92630,DYRK2,Lasso,-0.498738440611662,-0.42740052903628045
Q92630,DYRK2,Lasso,-0.0825685361468579,-0.15817043204370823
Q92630,DYRK2,Lasso,-2.19329163547473,-0.5456396676059705
Q92630,DYRK2,Lasso,0.4812869895073543,-0.21171483944339162
Q92630,DYRK2,Lasso,0.0509484436622538,0.16587714971247633
Q92630,DYRK2,Lasso,0.4632501943999348,0.2423057033989959
Q92630,DYRK2,Lasso,0.153632507490905,-0.08492231944156353
Q92630,DYRK2,Lasso,0.0639902564710564,-0.13948500171082975
Q92630,DYRK2,Lasso,0.4387580395440985,-0.19696050617237665
Q92630,DYRK2,Lasso,0.6960125322619057,-0.0025023526991314327
Q92630,DYRK2,ElasticNet,-0.2209516267732461,0.08399210038335717
Q92630,DYRK2,ElasticNet,2.722569605055658,-0.05072718779023702
Q92630,DYRK2,ElasticNet,-1.06324993322998,-0.4187942014194161
Q92630,DYRK2,ElasticNet,-0.3961221735923833,-0.5755889842695616
Q92630,DYRK2,ElasticNet,-0.5428027389243104,-0.24985657169540038
Q92630,DYRK2,ElasticNet,1.2368717987913944,-0.32921125954220953
Q92630,DYRK2,ElasticNet,0.0456956793657001,-0.41332967779501467
Q92630,DYRK2,ElasticNet,-0.7931039472661895,-0.14697781224778828
Q92630,DYRK2,ElasticNet,-0.7357437541103093,-0.069196142516399
Q92630,DYRK2,ElasticNet,-0.498738440611662,-0.4642848765039551
Q92630,DYRK2,ElasticNet,-0.0825685361468579,-0.12120376948354256
Q92630,DYRK2,ElasticNet,-2.19329163547473,-0.5406872157235887
Q92630,DYRK2,ElasticNet,0.4812869895073543,-0.20342580916018307
Q92630,DYRK2,ElasticNet,0.0509484436622538,0.1508882790707958
Q92630,DYRK2,ElasticNet,0.4632501943999348,0.27224087690797416
Q92630,DYRK2,ElasticNet,0.153632507490905,-0.06323647199623894
Q92630,DYRK2,ElasticNet,0.0639902564710564,-0.17644172329602328
Q92630,DYRK2,ElasticNet,0.4387580395440985,0.015112853531875386
Q92630,DYRK2,ElasticNet,0.6960125322619057,0.1543574992584952
Q92630,DYRK2,GradientBoosting,-0.2209516267732461,0.116587351812726
Q92630,DYRK2,GradientBoosting,2.722569605055658,1.4528163742036266
Q92630,DYRK2,GradientBoosting,-1.06324993322998,-0.9849358445934828
Q92630,DYRK2,GradientBoosting,-0.3961221735923833,-0.30148394321901273
Q92630,DYRK2,GradientBoosting,-0.5428027389243104,-0.6254670331792705
Q92630,DYRK2,GradientBoosting,1.2368717987913944,-1.473693461468523
Q92630,DYRK2,GradientBoosting,0.0456956793657001,-0.21245195728127134
Q92630,DYRK2,GradientBoosting,-0.7931039472661895,0.05931716316793444
Q92630,DYRK2,GradientBoosting,-0.7357437541103093,0.33030976723937394
Q92630,DYRK2,GradientBoosting,-0.498738440611662,-0.19324634987089442
Q92630,DYRK2,GradientBoosting,-0.0825685361468579,-0.21614076119632297
Q92630,DYRK2,GradientBoosting,-2.19329163547473,-0.3042019248991946
Q92630,DYRK2,GradientBoosting,0.4812869895073543,-0.6254670331792705
Q92630,DYRK2,GradientBoosting,0.0509484436622538,-1.9494123365142157
Q92630,DYRK2,GradientBoosting,0.4632501943999348,-0.6664144066496857
Q92630,DYRK2,GradientBoosting,0.153632507490905,0.11247153581192004
Q92630,DYRK2,GradientBoosting,0.0639902564710564,0.6370082399980477
Q92630,DYRK2,GradientBoosting,0.4387580395440985,-0.6695994004938117
Q92630,DYRK2,GradientBoosting,0.6960125322619057,0.8153663323000574
Q92630,DYRK2,MLP,-0.2209516267732461,-0.18469866150812048
Q92630,DYRK2,MLP,2.722569605055658,-0.2090656111318779
Q92630,DYRK2,MLP,-1.06324993322998,-0.2090656111318779
Q92630,DYRK2,MLP,-0.3961221735923833,-0.2090656111318779
Q92630,DYRK2,MLP,-0.5428027389243104,-0.2090656111318779
Q92630,DYRK2,MLP,1.2368717987913944,-0.34754682748480564
Q92630,DYRK2,MLP,0.0456956793657001,-0.24105840775829174
Q92630,DYRK2,MLP,-0.7931039472661895,-0.2090656111318779
Q92630,DYRK2,MLP,-0.7357437541103093,-0.09214523130524876
Q92630,DYRK2,MLP,-0.498738440611662,-0.2090656111318779
Q92630,DYRK2,MLP,-0.0825685361468579,-0.2090656111318779
Q92630,DYRK2,MLP,-2.19329163547473,-0.2090656111318779
Q92630,DYRK2,MLP,0.4812869895073543,-0.2090656111318779
Q92630,DYRK2,MLP,0.0509484436622538,0.023526490891643492
Q92630,DYRK2,MLP,0.4632501943999348,-0.9017400495696599
Q92630,DYRK2,MLP,0.153632507490905,-0.18265455172340433
Q92630,DYRK2,MLP,0.0639902564710564,-0.14008204364466792
Q92630,DYRK2,MLP,0.4387580395440985,-0.2090656111318779
Q92630,DYRK2,MLP,0.6960125322619057,-0.2090656111318779
Q96GX5,MASTL,RandomForest,0.2669894485823102,-0.08398507491573573
Q96GX5,MASTL,RandomForest,0.379505480700161,0.08322072034780188
Q96GX5,MASTL,RandomForest,-0.0026591154178244,-0.3588176628470884
Q96GX5,MASTL,RandomForest,-0.2307977288170814,0.030546913458627957
Q96GX5,MASTL,RandomForest,-0.3365656224987035,-0.19818383881485052
Q96GX5,MASTL,RandomForest,-0.1172504512542741,-0.18935874333484395
Q96GX5,MASTL,RandomForest,-0.0163470082805348,0.16261549597161992
Q96GX5,MASTL,RandomForest,-0.4782596016051979,-0.11110718331573745
Q96GX5,MASTL,RandomForest,-0.2169880000602807,-0.23097271228525468
Q96GX5,MASTL,RandomForest,-0.6973053662989749,0.13260171976089302
Q96GX5,MASTL,RandomForest,0.6609222571960625,0.0531988690243938
Q96GX5,MASTL,RandomForest,0.4620298536512875,-0.2856424779317333
Q96GX5,MASTL,RandomForest,0.1975418605253534,-0.12427265766849867
Q96GX5,MASTL,RandomForest,0.5542338910244641,-0.08167888561582975
Q96GX5,MASTL,RandomForest,-0.1929262332036279,-0.1471147748884513
Q96GX5,MASTL,RandomForest,-0.0732743387250586,-0.026208075245642604
Q96GX5,MASTL,RandomForest,-0.4474620434423882,-0.2429144696177911
Q96GX5,MASTL,RandomForest,1.0133298323236284,-0.11379473758344054
Q96GX5,MASTL,RandomForest,-0.9568612580344522,-0.5722838969209423
Q96GX5,MASTL,XGBoost,0.2669894485823102,-0.18616683781147003
Q96GX5,MASTL,XGBoost,0.379505480700161,0.2778751254081726
Q96GX5,MASTL,XGBoost,-0.0026591154178244,-0.3789965510368347
Q96GX5,MASTL,XGBoost,-0.2307977288170814,-0.17123492062091827
Q96GX5,MASTL,XGBoost,-0.3365656224987035,-0.31392955780029297
Q96GX5,MASTL,XGBoost,-0.1172504512542741,-0.47457659244537354
Q96GX5,MASTL,XGBoost,-0.0163470082805348,0.17187419533729553
Q96GX5,MASTL,XGBoost,-0.4782596016051979,-0.15919530391693115
Q96GX5,MASTL,XGBoost,-0.2169880000602807,-0.4090065360069275
Q96GX5,MASTL,XGBoost,-0.6973053662989749,0.12363070249557495
Q96GX5,MASTL,XGBoost,0.6609222571960625,-0.04749108478426933
Q96GX5,MASTL,XGBoost,0.4620298536512875,-0.6293545961380005
Q96GX5,MASTL,XGBoost,0.1975418605253534,-0.2858259975910187
Q96GX5,MASTL,XGBoost,0.5542338910244641,0.019020508974790573
Q96GX5,MASTL,XGBoost,-0.1929262332036279,-0.4571029543876648
Q96GX5,MASTL,XGBoost,-0.0732743387250586,-0.20042790472507477
Q96GX5,MASTL,XGBoost,-0.4474620434423882,0.04281219467520714
Q96GX5,MASTL,XGBoost,1.0133298323236284,-0.21550032496452332
Q96GX5,MASTL,XGBoost,-0.9568612580344522,-0.8377236127853394
Q96GX5,MASTL,PLS,0.2669894485823102,0.10501056939617516
Q96GX5,MASTL,PLS,0.379505480700161,0.1321611642876953
Q96GX5,MASTL,PLS,-0.0026591154178244,-0.6389833055462903
Q96GX5,MASTL,PLS,-0.2307977288170814,-0.026272446927295495
Q96GX5,MASTL,PLS,-0.3365656224987035,-0.5309530930118743
Q96GX5,MASTL,PLS,-0.1172504512542741,-0.05942760419220935
Q96GX5,MASTL,PLS,-0.0163470082805348,0.33340025355565217
Q96GX5,MASTL,PLS,-0.4782596016051979,-0.1453139529995497
Q96GX5,MASTL,PLS,-0.2169880000602807,-0.22199486884822794
Q96GX5,MASTL,PLS,-0.6973053662989749,0.17597794504929987
Q96GX5,MASTL,PLS,0.6609222571960625,0.06409394593488575
Q96GX5,MASTL,PLS,0.4620298536512875,-0.37240774619085476
Q96GX5,MASTL,PLS,0.1975418605253534,-0.22256324033636676
Q96GX5,MASTL,PLS,0.5542338910244641,0.08126016668123646
Q96GX5,MASTL,PLS,-0.1929262332036279,-0.19410491952883108
Q96GX5,MASTL,PLS,-0.0732743387250586,-0.02568327157170519
Q96GX5,MASTL,PLS,-0.4474620434423882,-0.15569762936926296
Q96GX5,MASTL,PLS,1.0133298323236284,-0.80118989789863
Q96GX5,MASTL,PLS,-0.9568612580344522,-0.6290640940593835
Q96GX5,MASTL,SVR,0.2669894485823102,0.1619584029539274
Q96GX5,MASTL,SVR,0.379505480700161,0.06355155322176195
Q96GX5,MASTL,SVR,-0.0026591154178244,-0.6552747068699204
Q96GX5,MASTL,SVR,-0.2307977288170814,-0.020412443016167764
Q96GX5,MASTL,SVR,-0.3365656224987035,-0.49902790122789165
Q96GX5,MASTL,SVR,-0.1172504512542741,-0.08744239789543964
Q96GX5,MASTL,SVR,-0.0163470082805348,0.31907135789085717
Q96GX5,MASTL,SVR,-0.4782596016051979,-0.21848175694932995
Q96GX5,MASTL,SVR,-0.2169880000602807,-0.29196206706919725
Q96GX5,MASTL,SVR,-0.6973053662989749,0.16277037804196945
Q96GX5,MASTL,SVR,0.6609222571960625,0.047428853638102536
Q96GX5,MASTL,SVR,0.4620298536512875,-0.454756452626794
Q96GX5,MASTL,SVR,0.1975418605253534,-0.16127948196199876
Q96GX5,MASTL,SVR,0.5542338910244641,0.18241242229043583
Q96GX5,MASTL,SVR,-0.1929262332036279,-0.1631012608311341
Q96GX5,MASTL,SVR,-0.0732743387250586,-0.12018913108207832
Q96GX5,MASTL,SVR,-0.4474620434423882,-0.21822575562200588
Q96GX5,MASTL,SVR,1.0133298323236284,-0.7627017752436546
Q96GX5,MASTL,SVR,-0.9568612580344522,-0.5930656659698662
Q96GX5,MASTL,Lasso,0.2669894485823102,-0.09467385137544373
Q96GX5,MASTL,Lasso,0.379505480700161,-0.08596066539201061
Q96GX5,MASTL,Lasso,-0.0026591154178244,-0.21852412126173823
Q96GX5,MASTL,Lasso,-0.2307977288170814,-0.07070904598529912
Q96GX5,MASTL,Lasso,-0.3365656224987035,-0.12410914625966271
Q96GX5,MASTL,Lasso,-0.1172504512542741,-0.15717656407165254
Q96GX5,MASTL,Lasso,-0.0163470082805348,-0.010209533030393125
Q96GX5,MASTL,Lasso,-0.4782596016051979,-0.09732468631898471
Q96GX5,MASTL,Lasso,-0.2169880000602807,-0.16008100477879264
Q96GX5,MASTL,Lasso,-0.6973053662989749,-0.035731831977743655
Q96GX5,MASTL,Lasso,0.6609222571960625,-0.06765821216968643
Q96GX5,MASTL,Lasso,0.4620298536512875,-0.15287973304697455
Q96GX5,MASTL,Lasso,0.1975418605253534,-0.12687410745815758
Q96GX5,MASTL,Lasso,0.5542338910244641,-0.09389636140030765
Q96GX5,MASTL,Lasso,-0.1929262332036279,-0.20344424549778273
Q96GX5,MASTL,Lasso,-0.0732743387250586,-0.06794305246092833
Q96GX5,MASTL,Lasso,-0.4474620434423882,-0.13594228024203747
Q96GX5,MASTL,Lasso,1.0133298323236284,-0.2925312515032412
Q96GX5,MASTL,Lasso,-0.9568612580344522,-0.15555385370848127
Q96GX5,MASTL,ElasticNet,0.2669894485823102,-0.048842658610549705
Q96GX5,MASTL,ElasticNet,0.379505480700161,-0.05480694830637482
Q96GX5,MASTL,ElasticNet,-0.0026591154178244,-0.3681262816238835
Q96GX5,MASTL,ElasticNet,-0.2307977288170814,-0.04773899026002443
Q96GX5,MASTL,ElasticNet,-0.3365656224987035,-0.22645125637104524
Q96GX5,MASTL,ElasticNet,-0.1172504512542741,-0.1956357009489748
Q96GX5,MASTL,ElasticNet,-0.0163470082805348,0.12343841994682853
Q96GX5,MASTL,ElasticNet,-0.4782596016051979,-0.10535758414879952
Q96GX5,MASTL,ElasticNet,-0.2169880000602807,-0.20863262531401455
Q96GX5,MASTL,ElasticNet,-0.6973053662989749,0.03331329840884434
Q96GX5,MASTL,ElasticNet,0.6609222571960625,-0.01616524046761801
Q96GX5,MASTL,ElasticNet,0.4620298536512875,-0.236359355991002
Q96GX5,MASTL,ElasticNet,0.1975418605253534,-0.12401139666272094
Q96GX5,MASTL,ElasticNet,0.5542338910244641,-0.05906000569751413
Q96GX5,MASTL,ElasticNet,-0.1929262332036279,-0.23875820879923176
Q96GX5,MASTL,ElasticNet,-0.0732743387250586,-0.04249285190095982
Q96GX5,MASTL,ElasticNet,-0.4474620434423882,-0.15391304113825033
Q96GX5,MASTL,ElasticNet,1.0133298323236284,-0.4697645810860509
Q96GX5,MASTL,ElasticNet,-0.9568612580344522,-0.23802711375222368
Q96GX5,MASTL,GradientBoosting,0.2669894485823102,-0.11623564590567971
Q96GX5,MASTL,GradientBoosting,0.379505480700161,0.31039075399486044
Q96GX5,MASTL,GradientBoosting,-0.0026591154178244,-0.284643225295945
Q96GX5,MASTL,GradientBoosting,-0.2307977288170814,0.03194787592051566
Q96GX5,MASTL,GradientBoosting,-0.3365656224987035,0.13657674766038433
Q96GX5,MASTL,GradientBoosting,-0.1172504512542741,-0.10578466644326165
Q96GX5,MASTL,GradientBoosting,-0.0163470082805348,0.1595653380727436
Q96GX5,MASTL,GradientBoosting,-0.4782596016051979,-0.11559874778677572
Q96GX5,MASTL,GradientBoosting,-0.2169880000602807,-0.23601454534343938
Q96GX5,MASTL,GradientBoosting,-0.6973053662989749,0.1856735442343123
Q96GX5,MASTL,GradientBoosting,0.6609222571960625,-0.20014429546527127
Q96GX5,MASTL,GradientBoosting,0.4620298536512875,-0.3228822473827817
Q96GX5,MASTL,GradientBoosting,0.1975418605253534,-0.04614704579734699
Q96GX5,MASTL,GradientBoosting,0.5542338910244641,0.09844759441068981
Q96GX5,MASTL,GradientBoosting,-0.1929262332036279,-0.5006518114720955
Q96GX5,MASTL,GradientBoosting,-0.0732743387250586,-0.106035916925616
Q96GX5,MASTL,GradientBoosting,-0.4474620434423882,0.07455726799500298
Q96GX5,MASTL,GradientBoosting,1.0133298323236284,-0.08832898833828351
Q96GX5,MASTL,GradientBoosting,-0.9568612580344522,-0.5437019436269506
Q96GX5,MASTL,MLP,0.2669894485823102,-0.043965129286855475
Q96GX5,MASTL,MLP,0.379505480700161,-0.15276533182753738
Q96GX5,MASTL,MLP,-0.0026591154178244,0.24114064167483124
Q96GX5,MASTL,MLP,-0.2307977288170814,0.5345836842704028
Q96GX5,MASTL,MLP,-0.3365656224987035,0.6315516704664383
Q96GX5,MASTL,MLP,-0.1172504512542741,-0.1578132656981488
Q96GX5,MASTL,MLP,-0.0163470082805348,0.4258485022477245
Q96GX5,MASTL,MLP,-0.4782596016051979,0.5345836842704028
Q96GX5,MASTL,MLP,-0.2169880000602807,0.5345836842704028
Q96GX5,MASTL,MLP,-0.6973053662989749,-0.03974545448590583
Q96GX5,MASTL,MLP,0.6609222571960625,0.5345836842704028
Q96GX5,MASTL,MLP,0.4620298536512875,0.27319281503264403
Q96GX5,MASTL,MLP,0.1975418605253534,-0.6246628059656638
Q96GX5,MASTL,MLP,0.5542338910244641,-0.18599163497041904
Q96GX5,MASTL,MLP,-0.1929262332036279,-0.3482220979171752
Q96GX5,MASTL,MLP,-0.0732743387250586,0.5345836842704028
Q96GX5,MASTL,MLP,-0.4474620434423882,0.0006929770364048071
Q96GX5,MASTL,MLP,1.0133298323236284,-1.7158019529508202
Q96GX5,MASTL,MLP,-0.9568612580344522,-1.1820820661828677
Q96Q15,SMG1,RandomForest,0.2226422459610738,-0.3846197019354699
Q96Q15,SMG1,RandomForest,-0.4278417186547766,-0.16267425522268425
Q96Q15,SMG1,RandomForest,0.0673381518042208,-0.16881076031283906
Q96Q15,SMG1,RandomForest,0.1688434729218967,-0.009348083103731758
Q96Q15,SMG1,RandomForest,-1.0577003918959211,-0.17504152434755874
Q96Q15,SMG1,RandomForest,-0.1179553670811617,0.22554722385791567
Q96Q15,SMG1,RandomForest,0.5147966801139928,-0.011283920067125077
Q96Q15,SMG1,RandomForest,0.2160741799893172,-0.11993928784038083
Q96Q15,SMG1,RandomForest,0.1874519508802286,-0.10732473306355345
Q96Q15,SMG1,RandomForest,-0.3019790898403178,-0.5471760624397553
Q96Q15,SMG1,RandomForest,0.8169386264204949,-0.33624743013128866
Q96Q15,SMG1,RandomForest,0.4097446014415182,-0.05549576073109475
Q96Q15,SMG1,RandomForest,-0.1390597788861669,-0.39834591871474734
Q96Q15,SMG1,RandomForest,0.1045311621099285,0.16176318115093594
Q96Q15,SMG1,RandomForest,-0.6004135822637897,0.26835411472707416
Q96Q15,SMG1,RandomForest,0.3816467327314847,0.30429027625401894
Q96Q15,SMG1,RandomForest,0.0678036065786619,-0.017433807907006882
Q96Q15,SMG1,RandomForest,-0.4530004449014949,-0.030204026607115034
Q96Q15,SMG1,RandomForest,0.3508678390664519,-0.1268725174897118
Q96Q15,SMG1,XGBoost,0.2226422459610738,-0.6786494255065918
Q96Q15,SMG1,XGBoost,-0.4278417186547766,-0.32437363266944885
Q96Q15,SMG1,XGBoost,0.0673381518042208,-0.8366430997848511
Q96Q15,SMG1,XGBoost,0.1688434729218967,0.20131643116474152
Q96Q15,SMG1,XGBoost,-1.0577003918959211,-0.30600544810295105
Q96Q15,SMG1,XGBoost,-0.1179553670811617,0.26393651962280273
Q96Q15,SMG1,XGBoost,0.5147966801139928,0.13387185335159302
Q96Q15,SMG1,XGBoost,0.2160741799893172,-0.2627221643924713
Q96Q15,SMG1,XGBoost,0.1874519508802286,0.16393105685710907
Q96Q15,SMG1,XGBoost,-0.3019790898403178,-0.7242763638496399
Q96Q15,SMG1,XGBoost,0.8169386264204949,-0.5879555344581604
Q96Q15,SMG1,XGBoost,0.4097446014415182,0.3709532916545868
Q96Q15,SMG1,XGBoost,-0.1390597788861669,-0.3583683967590332
Q96Q15,SMG1,XGBoost,0.1045311621099285,0.22156432271003723
Q96Q15,SMG1,XGBoost,-0.6004135822637897,0.2991127669811249
Q96Q15,SMG1,XGBoost,0.3816467327314847,0.29567262530326843
Q96Q15,SMG1,XGBoost,0.0678036065786619,0.1497199833393097
Q96Q15,SMG1,XGBoost,-0.4530004449014949,-0.10264004021883011
Q96Q15,SMG1,XGBoost,0.3508678390664519,-0.1746233105659485
Q96Q15,SMG1,PLS,0.2226422459610738,-0.1612182863141972
Q96Q15,SMG1,PLS,-0.4278417186547766,-0.03020778592175557
Q96Q15,SMG1,PLS,0.0673381518042208,-0.41687971440915217
Q96Q15,SMG1,PLS,0.1688434729218967,-0.0035676744455153397
Q96Q15,SMG1,PLS,-1.0577003918959211,-0.05680734374766325
Q96Q15,SMG1,PLS,-0.1179553670811617,0.0552157581966542
Q96Q15,SMG1,PLS,0.5147966801139928,-0.29169130745810967
Q96Q15,SMG1,PLS,0.2160741799893172,-0.05529141298094144
Q96Q15,SMG1,PLS,0.1874519508802286,-0.11546971306873421
Q96Q15,SMG1,PLS,-0.3019790898403178,-0.5704514241248216
Q96Q15,SMG1,PLS,0.8169386264204949,-0.057572897762184085
Q96Q15,SMG1,PLS,0.4097446014415182,-0.09955786871322393
Q96Q15,SMG1,PLS,-0.1390597788861669,-0.12273752533323246
Q96Q15,SMG1,PLS,0.1045311621099285,0.024702541749339155
Q96Q15,SMG1,PLS,-0.6004135822637897,-0.018318533136667613
Q96Q15,SMG1,PLS,0.3816467327314847,0.1363956409240432
Q96Q15,SMG1,PLS,0.0678036065786619,-0.13756500348357764
Q96Q15,SMG1,PLS,-0.4530004449014949,-0.042317693081906235
Q96Q15,SMG1,PLS,0.3508678390664519,0.019541541303503815
Q96Q15,SMG1,SVR,0.2226422459610738,-0.07776892513054356
Q96Q15,SMG1,SVR,-0.4278417186547766,-0.1212140260173791
Q96Q15,SMG1,SVR,0.0673381518042208,-0.4512773952754305
Q96Q15,SMG1,SVR,0.1688434729218967,-0.17031696553143127
Q96Q15,SMG1,SVR,-1.0577003918959211,-0.1179931655643989
Q96Q15,SMG1,SVR,-0.1179553670811617,0.05374365748554183
Q96Q15,SMG1,SVR,0.5147966801139928,-0.42092727536635033
Q96Q15,SMG1,SVR,0.2160741799893172,-0.14108431501093963
Q96Q15,SMG1,SVR,0.1874519508802286,-0.21078919512057837
Q96Q15,SMG1,SVR,-0.3019790898403178,-0.6482258116293612
Q96Q15,SMG1,SVR,0.8169386264204949,-0.09085327006291308
Q96Q15,SMG1,SVR,0.4097446014415182,-0.11514834463217608
Q96Q15,SMG1,SVR,-0.1390597788861669,-0.17067504158319663
Q96Q15,SMG1,SVR,0.1045311621099285,0.008892076064607068
Q96Q15,SMG1,SVR,-0.6004135822637897,0.0885185539341713
Q96Q15,SMG1,SVR,0.3816467327314847,0.07963929093388089
Q96Q15,SMG1,SVR,0.0678036065786619,-0.2089315463221982
Q96Q15,SMG1,SVR,-0.4530004449014949,-0.007615142678866982
Q96Q15,SMG1,SVR,0.3508678390664519,-0.027669087874486797
Q96Q15,SMG1,Lasso,0.2226422459610738,-0.08474443932595672
Q96Q15,SMG1,Lasso,-0.4278417186547766,-0.07367832344748686
Q96Q15,SMG1,Lasso,0.0673381518042208,-0.2041992053220096
Q96Q15,SMG1,Lasso,0.1688434729218967,-0.018953559998385404
Q96Q15,SMG1,Lasso,-1.0577003918959211,-0.07734741795323921
Q96Q15,SMG1,Lasso,-0.1179553670811617,-0.02696809966511165
Q96Q15,SMG1,Lasso,0.5147966801139928,-0.1003582832332292
Q96Q15,SMG1,Lasso,0.2160741799893172,-0.08363509121892163
Q96Q15,SMG1,Lasso,0.1874519508802286,-0.10647713485735791
Q96Q15,SMG1,Lasso,-0.3019790898403178,-0.2153012378651335
Q96Q15,SMG1,Lasso,0.8169386264204949,-0.07480228808479854
Q96Q15,SMG1,Lasso,0.4097446014415182,-0.08746792353019109
Q96Q15,SMG1,Lasso,-0.1390597788861669,-0.09965333154581887
Q96Q15,SMG1,Lasso,0.1045311621099285,-0.04003087766863691
Q96Q15,SMG1,Lasso,-0.6004135822637897,-0.032759350178132286
Q96Q15,SMG1,Lasso,0.3816467327314847,-0.009206988209025144
Q96Q15,SMG1,Lasso,0.0678036065786619,-0.10781913139147065
Q96Q15,SMG1,Lasso,-0.4530004449014949,-0.04940376466633911
Q96Q15,SMG1,Lasso,0.3508678390664519,-0.04730776889687577
Q96Q15,SMG1,ElasticNet,0.2226422459610738,-0.08743575830329382
Q96Q15,SMG1,ElasticNet,-0.4278417186547766,-0.06850012240269807
Q96Q15,SMG1,ElasticNet,0.0673381518042208,-0.28246615103341327
Q96Q15,SMG1,ElasticNet,0.1688434729218967,-0.01730842607229649
Q96Q15,SMG1,ElasticNet,-1.0577003918959211,-0.0745034080590722
Q96Q15,SMG1,ElasticNet,-0.1179553670811617,0.010042595592752807
Q96Q15,SMG1,ElasticNet,0.5147966801139928,-0.16146099961695531
Q96Q15,SMG1,ElasticNet,0.2160741799893172,-0.08367222912457074
Q96Q15,SMG1,ElasticNet,0.1874519508802286,-0.12190678157255033
Q96Q15,SMG1,ElasticNet,-0.3019790898403178,-0.33522160168591514
Q96Q15,SMG1,ElasticNet,0.8169386264204949,-0.06847957816195287
Q96Q15,SMG1,ElasticNet,0.4097446014415182,-0.08869142036385114
Q96Q15,SMG1,ElasticNet,-0.1390597788861669,-0.11056687220485456
Q96Q15,SMG1,ElasticNet,0.1045311621099285,-0.012072813687706754
Q96Q15,SMG1,ElasticNet,-0.6004135822637897,0.0011948492248197856
Q96Q15,SMG1,ElasticNet,0.3816467327314847,0.039619003265765285
Q96Q15,SMG1,ElasticNet,0.0678036065786619,-0.1252903008482947
Q96Q15,SMG1,ElasticNet,-0.4530004449014949,-0.030549020391712763
Q96Q15,SMG1,ElasticNet,0.3508678390664519,-0.02468523836022153
Q96Q15,SMG1,GradientBoosting,0.2226422459610738,-0.5418507312209098
Q96Q15,SMG1,GradientBoosting,-0.4278417186547766,-0.1360053363194721
Q96Q15,SMG1,GradientBoosting,0.0673381518042208,-0.5318932734960504
Q96Q15,SMG1,GradientBoosting,0.1688434729218967,0.2824079634382125
Q96Q15,SMG1,GradientBoosting,-1.0577003918959211,-0.123320580614554
Q96Q15,SMG1,GradientBoosting,-0.1179553670811617,0.274481889171531
Q96Q15,SMG1,GradientBoosting,0.5147966801139928,0.22025653917335064
Q96Q15,SMG1,GradientBoosting,0.2160741799893172,0.08258478278383719
Q96Q15,SMG1,GradientBoosting,0.1874519508802286,-0.07799168845647783
Q96Q15,SMG1,GradientBoosting,-0.3019790898403178,-0.9481471166353586
Q96Q15,SMG1,GradientBoosting,0.8169386264204949,-0.5411503143092179
Q96Q15,SMG1,GradientBoosting,0.4097446014415182,0.2119327676936442
Q96Q15,SMG1,GradientBoosting,-0.1390597788861669,-0.5466662052148314
Q96Q15,SMG1,GradientBoosting,0.1045311621099285,0.22053370122234695
Q96Q15,SMG1,GradientBoosting,-0.6004135822637897,0.29292737950288544
Q96Q15,SMG1,GradientBoosting,0.3816467327314847,0.24771163790909737
Q96Q15,SMG1,GradientBoosting,0.0678036065786619,0.019559062216190286
Q96Q15,SMG1,GradientBoosting,-0.4530004449014949,0.0635425517572041
Q96Q15,SMG1,GradientBoosting,0.3508678390664519,-0.11794744716732548
Q96Q15,SMG1,MLP,0.2226422459610738,-0.18831075046108361
Q96Q15,SMG1,MLP,-0.4278417186547766,-0.12616590506785733
Q96Q15,SMG1,MLP,0.0673381518042208,-0.3278588511647517
Q96Q15,SMG1,MLP,0.1688434729218967,-0.12616590506785733
Q96Q15,SMG1,MLP,-1.0577003918959211,-0.12616590506785733
Q96Q15,SMG1,MLP,-0.1179553670811617,-0.12616590506785733
Q96Q15,SMG1,MLP,0.5147966801139928,-0.12616590506785733
Q96Q15,SMG1,MLP,0.2160741799893172,-0.12616590506785733
Q96Q15,SMG1,MLP,0.1874519508802286,-0.12616590506785733
Q96Q15,SMG1,MLP,-0.3019790898403178,-0.6216340751706438
Q96Q15,SMG1,MLP,0.8169386264204949,-0.12047441227956104
Q96Q15,SMG1,MLP,0.4097446014415182,-0.05479819523373357
Q96Q15,SMG1,MLP,-0.1390597788861669,-0.11356445420066083
Q96Q15,SMG1,MLP,0.1045311621099285,-0.12616590506785733
Q96Q15,SMG1,MLP,-0.6004135822637897,-0.04042194853024339
Q96Q15,SMG1,MLP,0.3816467327314847,-0.12616590506785733
Q96Q15,SMG1,MLP,0.0678036065786619,-0.12616590506785733
Q96Q15,SMG1,MLP,-0.4530004449014949,-0.05595174369644035
Q96Q15,SMG1,MLP,0.3508678390664519,-0.12616590506785733
Q96QT4,TRPM7,RandomForest,-0.8792272891623099,-0.1855582606989892
Q96QT4,TRPM7,RandomForest,-0.1589494663993536,0.30619327210392694
Q96QT4,TRPM7,RandomForest,0.4951613685322314,0.42132547542697485
Q96QT4,TRPM7,RandomForest,0.2843667450315479,-0.09818043949868029
Q96QT4,TRPM7,RandomForest,-0.1090736161272434,-0.34140911509196953
Q96QT4,TRPM7,RandomForest,0.2101705359874525,1.0261842294306227
Q96QT4,TRPM7,RandomForest,-1.160354289562625,-0.24478381580658717
Q96QT4,TRPM7,RandomForest,0.8512896773971038,0.6485789967435339
Q96QT4,TRPM7,RandomForest,1.4922525931035913,1.396316191578012
Q96QT4,TRPM7,RandomForest,-0.4885027716815612,-0.23638274860664105
Q96QT4,TRPM7,RandomForest,1.3451400669270193,2.0147720832142446
Q96QT4,TRPM7,RandomForest,0.6685259014101609,0.41146039104894944
Q96QT4,TRPM7,RandomForest,1.8617602555638435,0.16980513073737416
Q96QT4,TRPM7,RandomForest,0.4029390497442704,0.42878737951647783
Q96QT4,TRPM7,RandomForest,-1.1496615115825612,-0.20671461713710693
Q96QT4,TRPM7,RandomForest,2.040903676946673,1.981468012567985
Q96QT4,TRPM7,RandomForest,1.6040186765907307,1.3747131050531438
Q96QT4,TRPM7,RandomForest,0.445171476054464,-0.06892748131646444
Q96QT4,TRPM7,RandomForest,1.7255245308941338,1.234877163920386
Q96QT4,TRPM7,XGBoost,-0.8792272891623099,-0.25919076800346375
Q96QT4,TRPM7,XGBoost,-0.1589494663993536,0.257068008184433
Q96QT4,TRPM7,XGBoost,0.4951613685322314,0.5852420926094055
Q96QT4,TRPM7,XGBoost,0.2843667450315479,-0.3827248513698578
Q96QT4,TRPM7,XGBoost,-0.1090736161272434,0.06737641245126724
Q96QT4,TRPM7,XGBoost,0.2101705359874525,1.003822922706604
Q96QT4,TRPM7,XGBoost,-1.160354289562625,-0.31550082564353943
Q96QT4,TRPM7,XGBoost,0.8512896773971038,0.15081331133842468
Q96QT4,TRPM7,XGBoost,1.4922525931035913,1.3766112327575684
Q96QT4,TRPM7,XGBoost,-0.4885027716815612,-0.2879023849964142
Q96QT4,TRPM7,XGBoost,1.3451400669270193,1.7617107629776
Q96QT4,TRPM7,XGBoost,0.6685259014101609,0.5852420926094055
Q96QT4,TRPM7,XGBoost,1.8617602555638435,0.050247400999069214
Q96QT4,TRPM7,XGBoost,0.4029390497442704,0.752845287322998
Q96QT4,TRPM7,XGBoost,-1.1496615115825612,0.08364672213792801
Q96QT4,TRPM7,XGBoost,2.040903676946673,2.3350603580474854
Q96QT4,TRPM7,XGBoost,1.6040186765907307,1.6716986894607544
Q96QT4,TRPM7,XGBoost,0.445171476054464,0.4351508319377899
Q96QT4,TRPM7,XGBoost,1.7255245308941338,1.1353555917739868
Q96QT4,TRPM7,PLS,-0.8792272891623099,-0.365451464993084
Q96QT4,TRPM7,PLS,-0.1589494663993536,0.437276907243273
Q96QT4,TRPM7,PLS,0.4951613685322314,0.62900438121874
Q96QT4,TRPM7,PLS,0.2843667450315479,0.4644212036585938
Q96QT4,TRPM7,PLS,-0.1090736161272434,0.1460975928629395
Q96QT4,TRPM7,PLS,0.2101705359874525,0.6971026689938411
Q96QT4,TRPM7,PLS,-1.160354289562625,-1.1787515727002513
Q96QT4,TRPM7,PLS,0.8512896773971038,0.40574075331067244
Q96QT4,TRPM7,PLS,1.4922525931035913,0.8774511455785996
Q96QT4,TRPM7,PLS,-0.4885027716815612,-0.6069522561445433
Q96QT4,TRPM7,PLS,1.3451400669270193,1.7544394372122918
Q96QT4,TRPM7,PLS,0.6685259014101609,0.6471745294367979
Q96QT4,TRPM7,PLS,1.8617602555638435,0.24140443135255166
Q96QT4,TRPM7,PLS,0.4029390497442704,0.5781939723339902
Q96QT4,TRPM7,PLS,-1.1496615115825612,-0.40996961865976755
Q96QT4,TRPM7,PLS,2.040903676946673,1.678986176626741
Q96QT4,TRPM7,PLS,1.6040186765907307,1.187002514323666
Q96QT4,TRPM7,PLS,0.445171476054464,0.4536679653616178
Q96QT4,TRPM7,PLS,1.7255245308941338,1.2744032370700675
Q96QT4,TRPM7,SVR,-0.8792272891623099,-0.15865319768972497
Q96QT4,TRPM7,SVR,-0.1589494663993536,0.47865855759197806
Q96QT4,TRPM7,SVR,0.4951613685322314,0.6183333818937108
Q96QT4,TRPM7,SVR,0.2843667450315479,0.4987907154934369
Q96QT4,TRPM7,SVR,-0.1090736161272434,0.09742425748240768
Q96QT4,TRPM7,SVR,0.2101705359874525,0.7463584507484508
Q96QT4,TRPM7,SVR,-1.160354289562625,-0.8772910710555054
Q96QT4,TRPM7,SVR,0.8512896773971038,0.2382668253380299
Q96QT4,TRPM7,SVR,1.4922525931035913,0.5692179998735077
Q96QT4,TRPM7,SVR,-0.4885027716815612,-0.339888743612777
Q96QT4,TRPM7,SVR,1.3451400669270193,1.4294131967358337
Q96QT4,TRPM7,SVR,0.6685259014101609,0.6202793710510544
Q96QT4,TRPM7,SVR,1.8617602555638435,0.2014977582530576
Q96QT4,TRPM7,SVR,0.4029390497442704,0.6609289092238341
Q96QT4,TRPM7,SVR,-1.1496615115825612,-0.3141941120348405
Q96QT4,TRPM7,SVR,2.040903676946673,1.5025354043666175
Q96QT4,TRPM7,SVR,1.6040186765907307,0.8195764921601115
Q96QT4,TRPM7,SVR,0.445171476054464,0.4245520988181696
Q96QT4,TRPM7,SVR,1.7255245308941338,1.3776637383730068
Q96QT4,TRPM7,Lasso,-0.8792272891623099,-0.15984951879831205
Q96QT4,TRPM7,Lasso,-0.1589494663993536,0.4961169044445574
Q96QT4,TRPM7,Lasso,0.4951613685322314,0.5073736499843047
Q96QT4,TRPM7,Lasso,0.2843667450315479,0.41604213615187174
Q96QT4,TRPM7,Lasso,-0.1090736161272434,0.2614619575992513
Q96QT4,TRPM7,Lasso,0.2101705359874525,0.76330868906862
Q96QT4,TRPM7,Lasso,-1.160354289562625,-0.8247776389820958
Q96QT4,TRPM7,Lasso,0.8512896773971038,0.4933213180478887
Q96QT4,TRPM7,Lasso,1.4922525931035913,0.770216907754451
Q96QT4,TRPM7,Lasso,-0.4885027716815612,-0.46877613377281485
Q96QT4,TRPM7,Lasso,1.3451400669270193,1.4481912559199537
Q96QT4,TRPM7,Lasso,0.6685259014101609,0.5076627470542774
Q96QT4,TRPM7,Lasso,1.8617602555638435,0.3240155434779036
Q96QT4,TRPM7,Lasso,0.4029390497442704,0.64434092112057
Q96QT4,TRPM7,Lasso,-1.1496615115825612,-0.08827189734741941
Q96QT4,TRPM7,Lasso,2.040903676946673,1.394631264559883
Q96QT4,TRPM7,Lasso,1.6040186765907307,0.996872222038282
Q96QT4,TRPM7,Lasso,0.445171476054464,0.3935202156823057
Q96QT4,TRPM7,Lasso,1.7255245308941338,1.173481402127618
Q96QT4,TRPM7,ElasticNet,-0.8792272891623099,-0.20629795032364234
Q96QT4,TRPM7,ElasticNet,-0.1589494663993536,0.48607520228298673
Q96QT4,TRPM7,ElasticNet,0.4951613685322314,0.5576728045511984
Q96QT4,TRPM7,ElasticNet,0.2843667450315479,0.45083193042821607
Q96QT4,TRPM7,ElasticNet,-0.1090736161272434,0.21890420119465742
Q96QT4,TRPM7,ElasticNet,0.2101705359874525,0.7442518255866823
Q96QT4,TRPM7,ElasticNet,-1.160354289562625,-0.9079150937723368
Q96QT4,TRPM7,ElasticNet,0.8512896773971038,0.4423175661593768
Q96QT4,TRPM7,ElasticNet,1.4922525931035913,0.7647992100918628
Q96QT4,TRPM7,ElasticNet,-0.4885027716815612,-0.47697928884272295
Q96QT4,TRPM7,ElasticNet,1.3451400669270193,1.5134131497304955
Q96QT4,TRPM7,ElasticNet,0.6685259014101609,0.5620601169448801
Q96QT4,TRPM7,ElasticNet,1.8617602555638435,0.28995882950003804
Q96QT4,TRPM7,ElasticNet,0.4029390497442704,0.6226182444167287
Q96QT4,TRPM7,ElasticNet,-1.1496615115825612,-0.1845179643909673
Q96QT4,TRPM7,ElasticNet,2.040903676946673,1.4703312284754284
Q96QT4,TRPM7,ElasticNet,1.6040186765907307,1.0108888429805134
Q96QT4,TRPM7,ElasticNet,0.445171476054464,0.42044269703814924
Q96QT4,TRPM7,ElasticNet,1.7255245308941338,1.202975426259008
Q96QT4,TRPM7,GradientBoosting,-0.8792272891623099,-0.28444089336070283
Q96QT4,TRPM7,GradientBoosting,-0.1589494663993536,0.45106422699058063
Q96QT4,TRPM7,GradientBoosting,0.4951613685322314,0.42544906520135967
Q96QT4,TRPM7,GradientBoosting,0.2843667450315479,-0.432957076260937
Q96QT4,TRPM7,GradientBoosting,-0.1090736161272434,-0.6926326874374906
Q96QT4,TRPM7,GradientBoosting,0.2101705359874525,0.8355143818067075
Q96QT4,TRPM7,GradientBoosting,-1.160354289562625,-0.26198795250849144
Q96QT4,TRPM7,GradientBoosting,0.8512896773971038,0.11913731013324762
Q96QT4,TRPM7,GradientBoosting,1.4922525931035913,1.3652935585776629
Q96QT4,TRPM7,GradientBoosting,-0.4885027716815612,-0.18557658907817062
Q96QT4,TRPM7,GradientBoosting,1.3451400669270193,2.423086782150589
Q96QT4,TRPM7,GradientBoosting,0.6685259014101609,0.4157954551075021
Q96QT4,TRPM7,GradientBoosting,1.8617602555638435,0.24537403444515019
Q96QT4,TRPM7,GradientBoosting,0.4029390497442704,0.5782312676470311
Q96QT4,TRPM7,GradientBoosting,-1.1496615115825612,-0.648140247435534
Q96QT4,TRPM7,GradientBoosting,2.040903676946673,2.333507148256262
Q96QT4,TRPM7,GradientBoosting,1.6040186765907307,1.3966319130943194
Q96QT4,TRPM7,GradientBoosting,0.445171476054464,-0.5132423775420281
Q96QT4,TRPM7,GradientBoosting,1.7255245308941338,1.3381353736422714
Q96QT4,TRPM7,MLP,-0.8792272891623099,-0.10267131133304874
Q96QT4,TRPM7,MLP,-0.1589494663993536,0.26845921643772763
Q96QT4,TRPM7,MLP,0.4951613685322314,0.5236107467058856
Q96QT4,TRPM7,MLP,0.2843667450315479,0.44205340106052404
Q96QT4,TRPM7,MLP,-0.1090736161272434,0.013399851939446261
Q96QT4,TRPM7,MLP,0.2101705359874525,0.5672645145483957
Q96QT4,TRPM7,MLP,-1.160354289562625,-0.4444172605928423
Q96QT4,TRPM7,MLP,0.8512896773971038,0.4698581951518058
Q96QT4,TRPM7,MLP,1.4922525931035913,1.0837269137051346
Q96QT4,TRPM7,MLP,-0.4885027716815612,-0.014982065857547078
Q96QT4,TRPM7,MLP,1.3451400669270193,2.0233540017236966
Q96QT4,TRPM7,MLP,0.6685259014101609,0.52857812413313
Q96QT4,TRPM7,MLP,1.8617602555638435,0.10981652220348703
Q96QT4,TRPM7,MLP,0.4029390497442704,0.4037428029072435
Q96QT4,TRPM7,MLP,-1.1496615115825612,-0.40487306735978434
Q96QT4,TRPM7,MLP,2.040903676946673,1.7710449288716807
Q96QT4,TRPM7,MLP,1.6040186765907307,1.4806491940851918
Q96QT4,TRPM7,MLP,0.445171476054464,0.3247678812127157
Q96QT4,TRPM7,MLP,1.7255245308941338,1.1471974081208447
Q96RR4,CAMKK2,RandomForest,-0.0608011480911909,-0.07550709958897489
Q96RR4,CAMKK2,RandomForest,0.3839383640376562,-0.0018582346387635035
Q96RR4,CAMKK2,RandomForest,0.0801787586277775,0.461987627189602
Q96RR4,CAMKK2,RandomForest,0.7504758450953984,-0.11804474713052729
Q96RR4,CAMKK2,RandomForest,0.0965471843101038,-0.21512072353355718
Q96RR4,CAMKK2,RandomForest,-0.4912850207386941,-0.3365226003534641
Q96RR4,CAMKK2,RandomForest,0.1271055606235056,0.13569669807466864
Q96RR4,CAMKK2,RandomForest,-0.9258774498765686,-0.19977531424794595
Q96RR4,CAMKK2,RandomForest,-0.7667058356141575,-0.42763953247277875
Q96RR4,CAMKK2,RandomForest,0.478417026358667,0.16926025673515177
Q96RR4,CAMKK2,RandomForest,-0.2316357722797401,-0.30110074320446223
Q96RR4,CAMKK2,RandomForest,0.3664013335870075,0.28067130616143476
Q96RR4,CAMKK2,RandomForest,-0.4482659274381307,-0.4041015923667598
Q96RR4,CAMKK2,RandomForest,0.4664441203156308,0.10304488999185107
Q96RR4,CAMKK2,RandomForest,0.9419049225984252,0.05904649567236638
Q96RR4,CAMKK2,RandomForest,-0.6033207102772382,0.17300451423932622
Q96RR4,CAMKK2,RandomForest,-0.4297069654583974,-0.3361601555685224
Q96RR4,CAMKK2,RandomForest,0.5821513007638152,-0.2502395712151765
Q96RR4,CAMKK2,RandomForest,0.0437124801209202,0.10297802790406632
Q96RR4,CAMKK2,XGBoost,-0.0608011480911909,0.22791115939617157
Q96RR4,CAMKK2,XGBoost,0.3839383640376562,0.0187686737626791
Q96RR4,CAMKK2,XGBoost,0.0801787586277775,0.49809738993644714
Q96RR4,CAMKK2,XGBoost,0.7504758450953984,-0.6517159938812256
Q96RR4,CAMKK2,XGBoost,0.0965471843101038,-0.352078378200531
Q96RR4,CAMKK2,XGBoost,-0.4912850207386941,-0.24616800248622894
Q96RR4,CAMKK2,XGBoost,0.1271055606235056,0.1101769506931305
Q96RR4,CAMKK2,XGBoost,-0.9258774498765686,0.17689743638038635
Q96RR4,CAMKK2,XGBoost,-0.7667058356141575,-0.6161452531814575
Q96RR4,CAMKK2,XGBoost,0.478417026358667,0.24538971483707428
Q96RR4,CAMKK2,XGBoost,-0.2316357722797401,0.6588969826698303
Q96RR4,CAMKK2,XGBoost,0.3664013335870075,0.7138743996620178
Q96RR4,CAMKK2,XGBoost,-0.4482659274381307,-0.44329386949539185
Q96RR4,CAMKK2,XGBoost,0.4664441203156308,-0.050589919090270996
Q96RR4,CAMKK2,XGBoost,0.9419049225984252,-0.1690138727426529
Q96RR4,CAMKK2,XGBoost,-0.6033207102772382,0.3237164616584778
Q96RR4,CAMKK2,XGBoost,-0.4297069654583974,-0.40234827995300293
Q96RR4,CAMKK2,XGBoost,0.5821513007638152,0.05570712685585022
Q96RR4,CAMKK2,XGBoost,0.0437124801209202,-0.02866251952946186
Q96RR4,CAMKK2,PLS,-0.0608011480911909,0.02249201936083145
Q96RR4,CAMKK2,PLS,0.3839383640376562,0.1009031061231071
Q96RR4,CAMKK2,PLS,0.0801787586277775,0.06319763516116941
Q96RR4,CAMKK2,PLS,0.7504758450953984,0.013007122275607547
Q96RR4,CAMKK2,PLS,0.0965471843101038,-0.2797087242001225
Q96RR4,CAMKK2,PLS,-0.4912850207386941,-0.1544763156267446
Q96RR4,CAMKK2,PLS,0.1271055606235056,-0.0012364891022172975
Q96RR4,CAMKK2,PLS,-0.9258774498765686,-0.2142984574611206
Q96RR4,CAMKK2,PLS,-0.7667058356141575,-0.36110989126305226
Q96RR4,CAMKK2,PLS,0.478417026358667,0.035344693727514614
Q96RR4,CAMKK2,PLS,-0.2316357722797401,0.06267409832563833
Q96RR4,CAMKK2,PLS,0.3664013335870075,0.1047470391862032
Q96RR4,CAMKK2,PLS,-0.4482659274381307,-0.1465213346269265
Q96RR4,CAMKK2,PLS,0.4664441203156308,0.3924775084407277
Q96RR4,CAMKK2,PLS,0.9419049225984252,0.2005369942073048
Q96RR4,CAMKK2,PLS,-0.6033207102772382,-0.2179741455386371
Q96RR4,CAMKK2,PLS,-0.4297069654583974,-0.09322198711833762
Q96RR4,CAMKK2,PLS,0.5821513007638152,-0.1502679343558876
Q96RR4,CAMKK2,PLS,0.0437124801209202,-0.11824905532932586
Q96RR4,CAMKK2,SVR,-0.0608011480911909,0.06872943144080973
Q96RR4,CAMKK2,SVR,0.3839383640376562,0.04785056862986109
Q96RR4,CAMKK2,SVR,0.0801787586277775,0.21624397283895974
Q96RR4,CAMKK2,SVR,0.7504758450953984,0.2443191165589496
Q96RR4,CAMKK2,SVR,0.0965471843101038,-0.34761726456709174
Q96RR4,CAMKK2,SVR,-0.4912850207386941,0.019331264724019664
Q96RR4,CAMKK2,SVR,0.1271055606235056,0.17539489082085885
Q96RR4,CAMKK2,SVR,-0.9258774498765686,-0.37999908950715683
Q96RR4,CAMKK2,SVR,-0.7667058356141575,-0.5029628839005691
Q96RR4,CAMKK2,SVR,0.478417026358667,0.1817684292436576
Q96RR4,CAMKK2,SVR,-0.2316357722797401,0.05082222676198095
Q96RR4,CAMKK2,SVR,0.3664013335870075,0.20373317897531357
Q96RR4,CAMKK2,SVR,-0.4482659274381307,0.01497906252170006
Q96RR4,CAMKK2,SVR,0.4664441203156308,0.4203440582458497
Q96RR4,CAMKK2,SVR,0.9419049225984252,0.3709610375434717
Q96RR4,CAMKK2,SVR,-0.6033207102772382,-0.34169681859676093
Q96RR4,CAMKK2,SVR,-0.4297069654583974,-0.007619509882508313
Q96RR4,CAMKK2,SVR,0.5821513007638152,-0.30133046209022124
Q96RR4,CAMKK2,SVR,0.0437124801209202,-0.007733453531084289
Q96RR4,CAMKK2,Lasso,-0.0608011480911909,-0.07920038605411736
Q96RR4,CAMKK2,Lasso,0.3839383640376562,-0.24050362915603313
Q96RR4,CAMKK2,Lasso,0.0801787586277775,-0.04716018933216155
Q96RR4,CAMKK2,Lasso,0.7504758450953984,-0.07786375463799819
Q96RR4,CAMKK2,Lasso,0.0965471843101038,-0.15907208627741207
Q96RR4,CAMKK2,Lasso,-0.4912850207386941,-0.18370498310222053
Q96RR4,CAMKK2,Lasso,0.1271055606235056,-0.0271803016421288
Q96RR4,CAMKK2,Lasso,-0.9258774498765686,-0.12643076683696924
Q96RR4,CAMKK2,Lasso,-0.7667058356141575,-0.17238544654034965
Q96RR4,CAMKK2,Lasso,0.478417026358667,-0.008613114768530883
Q96RR4,CAMKK2,Lasso,-0.2316357722797401,-0.12196467532723382
Q96RR4,CAMKK2,Lasso,0.3664013335870075,-0.03424411219214436
Q96RR4,CAMKK2,Lasso,-0.4482659274381307,-0.13252404486106312
Q96RR4,CAMKK2,Lasso,0.4664441203156308,-0.014719568952484885
Q96RR4,CAMKK2,Lasso,0.9419049225984252,-0.13695787070606064
Q96RR4,CAMKK2,Lasso,-0.6033207102772382,-0.09664699835792669
Q96RR4,CAMKK2,Lasso,-0.4297069654583974,-0.13705323428238753
Q96RR4,CAMKK2,Lasso,0.5821513007638152,-0.17444857382591025
Q96RR4,CAMKK2,Lasso,0.0437124801209202,-0.16408530588154788
Q96RR4,CAMKK2,ElasticNet,-0.0608011480911909,-0.05372821585474731
Q96RR4,CAMKK2,ElasticNet,0.3839383640376562,-0.2534280602485117
Q96RR4,CAMKK2,ElasticNet,0.0801787586277775,-0.019994804771152563
Q96RR4,CAMKK2,ElasticNet,0.7504758450953984,-0.06217778632126472
Q96RR4,CAMKK2,ElasticNet,0.0965471843101038,-0.1643854201355517
Q96RR4,CAMKK2,ElasticNet,-0.4912850207386941,-0.1999791252826277
Q96RR4,CAMKK2,ElasticNet,0.1271055606235056,0.004778942941229991
Q96RR4,CAMKK2,ElasticNet,-0.9258774498765686,-0.11752500833351189
Q96RR4,CAMKK2,ElasticNet,-0.7667058356141575,-0.18136673745188706
Q96RR4,CAMKK2,ElasticNet,0.478417026358667,0.028014033058886112
Q96RR4,CAMKK2,ElasticNet,-0.2316357722797401,-0.10667071820934391
Q96RR4,CAMKK2,ElasticNet,0.3664013335870075,0.00042241661943384634
Q96RR4,CAMKK2,ElasticNet,-0.4482659274381307,-0.13408859475962448
Q96RR4,CAMKK2,ElasticNet,0.4664441203156308,0.03515757646791884
Q96RR4,CAMKK2,ElasticNet,0.9419049225984252,-0.11907686897458918
Q96RR4,CAMKK2,ElasticNet,-0.6033207102772382,-0.08201377827397974
Q96RR4,CAMKK2,ElasticNet,-0.4297069654583974,-0.13498171689461327
Q96RR4,CAMKK2,ElasticNet,0.5821513007638152,-0.17895136563623198
Q96RR4,CAMKK2,ElasticNet,0.0437124801209202,-0.16679336415769122
Q96RR4,CAMKK2,GradientBoosting,-0.0608011480911909,-0.12355480625024128
Q96RR4,CAMKK2,GradientBoosting,0.3839383640376562,-0.018570634182792936
Q96RR4,CAMKK2,GradientBoosting,0.0801787586277775,0.6010631528191794
Q96RR4,CAMKK2,GradientBoosting,0.7504758450953984,-0.4166137425696969
Q96RR4,CAMKK2,GradientBoosting,0.0965471843101038,-0.3635386857709308
Q96RR4,CAMKK2,GradientBoosting,-0.4912850207386941,-0.29543441803533466
Q96RR4,CAMKK2,GradientBoosting,0.1271055606235056,0.2920315923429754
Q96RR4,CAMKK2,GradientBoosting,-0.9258774498765686,0.2297110296703548
Q96RR4,CAMKK2,GradientBoosting,-0.7667058356141575,-0.9448915920832173
Q96RR4,CAMKK2,GradientBoosting,0.478417026358667,-0.019347426455358238
Q96RR4,CAMKK2,GradientBoosting,-0.2316357722797401,-0.46292843371443626
Q96RR4,CAMKK2,GradientBoosting,0.3664013335870075,0.5552321905605114
Q96RR4,CAMKK2,GradientBoosting,-0.4482659274381307,-0.4423171986372285
Q96RR4,CAMKK2,GradientBoosting,0.4664441203156308,0.027269049714197403
Q96RR4,CAMKK2,GradientBoosting,0.9419049225984252,0.18478718745387773
Q96RR4,CAMKK2,GradientBoosting,-0.6033207102772382,0.21935957092427225
Q96RR4,CAMKK2,GradientBoosting,-0.4297069654583974,-0.2789667014881721
Q96RR4,CAMKK2,GradientBoosting,0.5821513007638152,-0.16026575399011372
Q96RR4,CAMKK2,GradientBoosting,0.0437124801209202,0.04091483951109172
Q96RR4,CAMKK2,MLP,-0.0608011480911909,0.5635170113031673
Q96RR4,CAMKK2,MLP,0.3839383640376562,0.48341259230578215
Q96RR4,CAMKK2,MLP,0.0801787586277775,0.11114580416856235
Q96RR4,CAMKK2,MLP,0.7504758450953984,-1.280284709267746
Q96RR4,CAMKK2,MLP,0.0965471843101038,0.0031318160782447535
Q96RR4,CAMKK2,MLP,-0.4912850207386941,-0.7844465093251611
Q96RR4,CAMKK2,MLP,0.1271055606235056,0.0899696730344825
Q96RR4,CAMKK2,MLP,-0.9258774498765686,-0.6424368965639462
Q96RR4,CAMKK2,MLP,-0.7667058356141575,-0.06244184108552375
Q96RR4,CAMKK2,MLP,0.478417026358667,-0.10317361725903762
Q96RR4,CAMKK2,MLP,-0.2316357722797401,0.10739344680859375
Q96RR4,CAMKK2,MLP,0.3664013335870075,0.47027892684667477
Q96RR4,CAMKK2,MLP,-0.4482659274381307,-0.3874500679194386
Q96RR4,CAMKK2,MLP,0.4664441203156308,1.3018131919843468
Q96RR4,CAMKK2,MLP,0.9419049225984252,-0.015282343093275474
Q96RR4,CAMKK2,MLP,-0.6033207102772382,-0.16496336611904017
Q96RR4,CAMKK2,MLP,-0.4297069654583974,0.055004230242031715
Q96RR4,CAMKK2,MLP,0.5821513007638152,-0.24975333097731856
Q96RR4,CAMKK2,MLP,0.0437124801209202,0.26894839043015
Q96S53,TESK2,RandomForest,0.4194344586389815,0.16855111704059833
Q96S53,TESK2,RandomForest,-0.6978315855585325,0.03462246638077789
Q96S53,TESK2,RandomForest,0.2041329861184612,0.07828472891200121
Q96S53,TESK2,RandomForest,0.1330368988967429,0.04512194693305149
Q96S53,TESK2,RandomForest,-0.3584922610540508,0.15559248959637886
Q96S53,TESK2,RandomForest,0.0499513468721937,-0.10414585961616327
Q96S53,TESK2,RandomForest,0.4323567540894499,0.15957339423164144
Q96S53,TESK2,RandomForest,-0.2595718560515763,-0.20694604032985162
Q96S53,TESK2,RandomForest,-0.0529137230795642,0.3057871392020746
Q96S53,TESK2,RandomForest,0.2534101210917864,0.07069803173998812
Q96S53,TESK2,RandomForest,0.0340080245596343,-0.46012116829602584
Q96S53,TESK2,RandomForest,0.246001734087304,-0.13636691001860615
Q96S53,TESK2,RandomForest,0.1125690833314182,0.16989691052156242
Q96S53,TESK2,RandomForest,0.0721065851147719,0.01043304989734965
Q96S53,TESK2,RandomForest,-0.1915173675899521,-0.05457281044321377
Q96S53,TESK2,RandomForest,-4.1538534714301125,-0.46363386019256
Q96S53,TESK2,RandomForest,-0.0050013948070575,0.2689042508676082
Q96S53,TESK2,RandomForest,0.4786470157218654,0.10370710815898965
Q96S53,TESK2,RandomForest,-0.0041867589413676,0.18463127619221248
Q96S53,TESK2,XGBoost,0.4194344586389815,0.14964468777179718
Q96S53,TESK2,XGBoost,-0.6978315855585325,-0.014879260212182999
Q96S53,TESK2,XGBoost,0.2041329861184612,0.12354635447263718
Q96S53,TESK2,XGBoost,0.1330368988967429,-0.1147468313574791
Q96S53,TESK2,XGBoost,-0.3584922610540508,0.14496751129627228
Q96S53,TESK2,XGBoost,0.0499513468721937,-0.3407738208770752
Q96S53,TESK2,XGBoost,0.4323567540894499,0.17781013250350952
Q96S53,TESK2,XGBoost,-0.2595718560515763,-0.10722628235816956
Q96S53,TESK2,XGBoost,-0.0529137230795642,0.26758870482444763
Q96S53,TESK2,XGBoost,0.2534101210917864,0.06869492679834366
Q96S53,TESK2,XGBoost,0.0340080245596343,-0.9570002555847168
Q96S53,TESK2,XGBoost,0.246001734087304,-0.02985004521906376
Q96S53,TESK2,XGBoost,0.1125690833314182,0.30514654517173767
Q96S53,TESK2,XGBoost,0.0721065851147719,-0.20056116580963135
Q96S53,TESK2,XGBoost,-0.1915173675899521,-0.33986279368400574
Q96S53,TESK2,XGBoost,-4.1538534714301125,-0.7014855742454529
Q96S53,TESK2,XGBoost,-0.0050013948070575,0.335141658782959
Q96S53,TESK2,XGBoost,0.4786470157218654,0.12354635447263718
Q96S53,TESK2,XGBoost,-0.0041867589413676,0.09401843696832657
Q96S53,TESK2,PLS,0.4194344586389815,0.11243642260049912
Q96S53,TESK2,PLS,-0.6978315855585325,-0.09040105087757959
Q96S53,TESK2,PLS,0.2041329861184612,0.021667319248480643
Q96S53,TESK2,PLS,0.1330368988967429,0.10155905256090661
Q96S53,TESK2,PLS,-0.3584922610540508,0.09580884204790245
Q96S53,TESK2,PLS,0.0499513468721937,-0.008365116422469746
Q96S53,TESK2,PLS,0.4323567540894499,0.11139325247575581
Q96S53,TESK2,PLS,-0.2595718560515763,-0.02703812210777541
Q96S53,TESK2,PLS,-0.0529137230795642,0.11249937096937639
Q96S53,TESK2,PLS,0.2534101210917864,0.2394932137853753
Q96S53,TESK2,PLS,0.0340080245596343,0.019880915939079105
Q96S53,TESK2,PLS,0.246001734087304,-0.13716183487660333
Q96S53,TESK2,PLS,0.1125690833314182,0.16883397315511883
Q96S53,TESK2,PLS,0.0721065851147719,0.02961521589668477
Q96S53,TESK2,PLS,-0.1915173675899521,0.09078122998878517
Q96S53,TESK2,PLS,-4.1538534714301125,-0.02349169967744298
Q96S53,TESK2,PLS,-0.0050013948070575,0.13549836309720326
Q96S53,TESK2,PLS,0.4786470157218654,0.01817279090154282
Q96S53,TESK2,PLS,-0.0041867589413676,0.11700954165708331
Q96S53,TESK2,SVR,0.4194344586389815,0.17462888242495345
Q96S53,TESK2,SVR,-0.6978315855585325,0.018238133375636068
Q96S53,TESK2,SVR,0.2041329861184612,0.1458349645754211
Q96S53,TESK2,SVR,0.1330368988967429,0.13921022107209702
Q96S53,TESK2,SVR,-0.3584922610540508,0.16239345639536282
Q96S53,TESK2,SVR,0.0499513468721937,0.08188384638842644
Q96S53,TESK2,SVR,0.4323567540894499,0.1602188546303736
Q96S53,TESK2,SVR,-0.2595718560515763,0.08419980034846775
Q96S53,TESK2,SVR,-0.0529137230795642,0.16440009330627425
Q96S53,TESK2,SVR,0.2534101210917864,0.27394522683727696
Q96S53,TESK2,SVR,0.0340080245596343,0.11563181780764478
Q96S53,TESK2,SVR,0.246001734087304,0.021277860161864726
Q96S53,TESK2,SVR,0.1125690833314182,0.2082562342623433
Q96S53,TESK2,SVR,0.0721065851147719,0.1039770815563883
Q96S53,TESK2,SVR,-0.1915173675899521,0.1646318972272977
Q96S53,TESK2,SVR,-4.1538534714301125,0.0926318296301748
Q96S53,TESK2,SVR,-0.0050013948070575,0.17843043045661555
Q96S53,TESK2,SVR,0.4786470157218654,0.11523681684415799
Q96S53,TESK2,SVR,-0.0041867589413676,0.16083488949174346
Q96S53,TESK2,Lasso,0.4194344586389815,0.09890662108103866
Q96S53,TESK2,Lasso,-0.6978315855585325,0.09068653419054266
Q96S53,TESK2,Lasso,0.2041329861184612,0.09484020251358563
Q96S53,TESK2,Lasso,0.1330368988967429,0.09907004230643146
Q96S53,TESK2,Lasso,-0.3584922610540508,0.09832739622653583
Q96S53,TESK2,Lasso,0.0499513468721937,0.09412134958012615
Q96S53,TESK2,Lasso,0.4323567540894499,0.0991325635474075
Q96S53,TESK2,Lasso,-0.2595718560515763,0.09301525207246572
Q96S53,TESK2,Lasso,-0.0529137230795642,0.09898026895875818
Q96S53,TESK2,Lasso,0.2534101210917864,0.10425760408480125
Q96S53,TESK2,Lasso,0.0340080245596343,0.09490014185953445
Q96S53,TESK2,Lasso,0.246001734087304,0.0883638819686117
Q96S53,TESK2,Lasso,0.1125690833314182,0.10132911189084001
Q96S53,TESK2,Lasso,0.0721065851147719,0.09567446653741753
Q96S53,TESK2,Lasso,-0.1915173675899521,0.09799562005565894
Q96S53,TESK2,Lasso,-4.1538534714301125,0.09298495948573425
Q96S53,TESK2,Lasso,-0.0050013948070575,0.09999865777476619
Q96S53,TESK2,Lasso,0.4786470157218654,0.09503052519831283
Q96S53,TESK2,Lasso,-0.0041867589413676,0.0993540117735172
Q96S53,TESK2,ElasticNet,0.4194344586389815,0.10365991772129199
Q96S53,TESK2,ElasticNet,-0.6978315855585325,0.007483956900449798
Q96S53,TESK2,ElasticNet,0.2041329861184612,0.05608235339205291
Q96S53,TESK2,ElasticNet,0.1330368988967429,0.10557196482980162
Q96S53,TESK2,ElasticNet,-0.3584922610540508,0.0968829203908219
Q96S53,TESK2,ElasticNet,0.0499513468721937,0.047671691499380935
Q96S53,TESK2,ElasticNet,0.4323567540894499,0.10630347053073715
Q96S53,TESK2,ElasticNet,-0.2595718560515763,0.03473022360762709
Q96S53,TESK2,ElasticNet,-0.0529137230795642,0.10452160635018945
Q96S53,TESK2,ElasticNet,0.2534101210917864,0.16626703350712158
Q96S53,TESK2,ElasticNet,0.0340080245596343,0.0567836506245999
Q96S53,TESK2,ElasticNet,0.246001734087304,-0.01969134088808687
Q96S53,TESK2,ElasticNet,0.1125690833314182,0.13200333845589285
Q96S53,TESK2,ElasticNet,0.0721065851147719,0.06584333829880165
Q96S53,TESK2,ElasticNet,-0.1915173675899521,0.0930011010820216
Q96S53,TESK2,ElasticNet,-4.1538534714301125,0.03437579686330449
Q96S53,TESK2,ElasticNet,-0.0050013948070575,0.11643687247493237
Q96S53,TESK2,ElasticNet,0.4786470157218654,0.05830915066481692
Q96S53,TESK2,ElasticNet,-0.0041867589413676,0.10889444021291848
Q96S53,TESK2,GradientBoosting,0.4194344586389815,0.16688174486177837
Q96S53,TESK2,GradientBoosting,-0.6978315855585325,0.07598433329161601
Q96S53,TESK2,GradientBoosting,0.2041329861184612,0.16901242548919373
Q96S53,TESK2,GradientBoosting,0.1330368988967429,-0.13328753154444742
Q96S53,TESK2,GradientBoosting,-0.3584922610540508,0.17402764053334688
Q96S53,TESK2,GradientBoosting,0.0499513468721937,0.05145458516356774
Q96S53,TESK2,GradientBoosting,0.4323567540894499,0.08846346541429198
Q96S53,TESK2,GradientBoosting,-0.2595718560515763,-0.19999965290298838
Q96S53,TESK2,GradientBoosting,-0.0529137230795642,0.35492863595046187
Q96S53,TESK2,GradientBoosting,0.2534101210917864,0.0026966448412139455
Q96S53,TESK2,GradientBoosting,0.0340080245596343,-0.7670207614359006
Q96S53,TESK2,GradientBoosting,0.246001734087304,-0.28248093493517706
Q96S53,TESK2,GradientBoosting,0.1125690833314182,0.19520045700381747
Q96S53,TESK2,GradientBoosting,0.0721065851147719,0.17418763722217656
Q96S53,TESK2,GradientBoosting,-0.1915173675899521,-0.15152297410931762
Q96S53,TESK2,GradientBoosting,-4.1538534714301125,-0.7653385738030772
Q96S53,TESK2,GradientBoosting,-0.0050013948070575,0.31790275855731387
Q96S53,TESK2,GradientBoosting,0.4786470157218654,0.20501011127660712
Q96S53,TESK2,GradientBoosting,-0.0041867589413676,0.28386570700314445
Q96S53,TESK2,MLP,0.4194344586389815,-0.003645480853300187
Q96S53,TESK2,MLP,-0.6978315855585325,-0.0774637639460603
Q96S53,TESK2,MLP,0.2041329861184612,0.04968826729542833
Q96S53,TESK2,MLP,0.1330368988967429,-0.0774637639460603
Q96S53,TESK2,MLP,-0.3584922610540508,-0.07235010075627922
Q96S53,TESK2,MLP,0.0499513468721937,-0.0774637639460603
Q96S53,TESK2,MLP,0.4323567540894499,-0.0774637639460603
Q96S53,TESK2,MLP,-0.2595718560515763,-0.0774637639460603
Q96S53,TESK2,MLP,-0.0529137230795642,-0.0774637639460603
Q96S53,TESK2,MLP,0.2534101210917864,0.0835879805942717
Q96S53,TESK2,MLP,0.0340080245596343,-0.0774637639460603
Q96S53,TESK2,MLP,0.246001734087304,-0.0774637639460603
Q96S53,TESK2,MLP,0.1125690833314182,0.08259621204923484
Q96S53,TESK2,MLP,0.0721065851147719,-0.0774637639460603
Q96S53,TESK2,MLP,-0.1915173675899521,-0.024730806816564838
Q96S53,TESK2,MLP,-4.1538534714301125,-0.0774637639460603
Q96S53,TESK2,MLP,-0.0050013948070575,-0.054467507705391965
Q96S53,TESK2,MLP,0.4786470157218654,-0.0774637639460603
Q96S53,TESK2,MLP,-0.0041867589413676,-0.0774637639460603
Q96SB4,SRPK1,RandomForest,-1.374985453122069,-0.85751045504476
Q96SB4,SRPK1,RandomForest,-2.2629629991503384,-0.4663593255395163
Q96SB4,SRPK1,RandomForest,-1.3465789551687488,-1.746165392879525
Q96SB4,SRPK1,RandomForest,-3.175966475277889,-0.8343641766821651
Q96SB4,SRPK1,RandomForest,0.025291684097599,-1.045085387904703
Q96SB4,SRPK1,RandomForest,-0.36028702012107,-0.33795889899991705
Q96SB4,SRPK1,RandomForest,-4.116690873519012,-2.3412455130625074
Q96SB4,SRPK1,RandomForest,-1.4915308373995266,-0.5780847604919043
Q96SB4,SRPK1,RandomForest,-1.137438376760065,-0.809164316602293
Q96SB4,SRPK1,RandomForest,-2.8165827405642823,-0.8213156982865193
Q96SB4,SRPK1,RandomForest,-0.8850688543892641,-0.021657099730125084
Q96SB4,SRPK1,RandomForest,-0.5882131446207722,-0.9564461758062518
Q96SB4,SRPK1,RandomForest,-0.7123186299647997,-0.19485499076285293
Q96SB4,SRPK1,RandomForest,-0.8119371796026001,-0.9000738734014831
Q96SB4,SRPK1,RandomForest,0.207415719957092,-1.0372640203853511
Q96SB4,SRPK1,RandomForest,-0.782867890332013,-0.4968634671976408
Q96SB4,SRPK1,RandomForest,-0.97850550240216,-0.0975858256226006
Q96SB4,SRPK1,RandomForest,-0.0775327015643136,0.009053048641849826
Q96SB4,SRPK1,RandomForest,-0.5579135569295883,-1.306141259933561
Q96SB4,SRPK1,XGBoost,-1.374985453122069,-2.2871100902557373
Q96SB4,SRPK1,XGBoost,-2.2629629991503384,-0.27270281314849854
Q96SB4,SRPK1,XGBoost,-1.3465789551687488,-1.6383237838745117
Q96SB4,SRPK1,XGBoost,-3.175966475277889,-2.27126407623291
Q96SB4,SRPK1,XGBoost,0.025291684097599,-0.43200749158859253
Q96SB4,SRPK1,XGBoost,-0.36028702012107,-0.29347941279411316
Q96SB4,SRPK1,XGBoost,-4.116690873519012,-2.396420955657959
Q96SB4,SRPK1,XGBoost,-1.4915308373995266,-0.6029967069625854
Q96SB4,SRPK1,XGBoost,-1.137438376760065,-0.9474276304244995
Q96SB4,SRPK1,XGBoost,-2.8165827405642823,-2.2385408878326416
Q96SB4,SRPK1,XGBoost,-0.8850688543892641,1.2006311416625977
Q96SB4,SRPK1,XGBoost,-0.5882131446207722,-1.256710171699524
Q96SB4,SRPK1,XGBoost,-0.7123186299647997,-0.18285717070102692
Q96SB4,SRPK1,XGBoost,-0.8119371796026001,-1.2998759746551514
Q96SB4,SRPK1,XGBoost,0.207415719957092,0.39310380816459656
Q96SB4,SRPK1,XGBoost,-0.782867890332013,-0.17086109519004822
Q96SB4,SRPK1,XGBoost,-0.97850550240216,-0.633710503578186
Q96SB4,SRPK1,XGBoost,-0.0775327015643136,0.22103020548820496
Q96SB4,SRPK1,XGBoost,-0.5579135569295883,-1.18592369556427
Q96SB4,SRPK1,PLS,-1.374985453122069,-1.539867400342962
Q96SB4,SRPK1,PLS,-2.2629629991503384,-1.0233154012865078
Q96SB4,SRPK1,PLS,-1.3465789551687488,-1.5490204784265087
Q96SB4,SRPK1,PLS,-3.175966475277889,-1.755531969356228
Q96SB4,SRPK1,PLS,0.025291684097599,-0.14172247529739634
Q96SB4,SRPK1,PLS,-0.36028702012107,-0.6759576056922468
Q96SB4,SRPK1,PLS,-4.116690873519012,-2.735660435086146
Q96SB4,SRPK1,PLS,-1.4915308373995266,-1.124995775331513
Q96SB4,SRPK1,PLS,-1.137438376760065,-0.6684521007878149
Q96SB4,SRPK1,PLS,-2.8165827405642823,-1.2996215769177357
Q96SB4,SRPK1,PLS,-0.8850688543892641,-0.540272438259795
Q96SB4,SRPK1,PLS,-0.5882131446207722,-0.37661343225561417
Q96SB4,SRPK1,PLS,-0.7123186299647997,-0.8600190225040238
Q96SB4,SRPK1,PLS,-0.8119371796026001,-0.9368848862494854
Q96SB4,SRPK1,PLS,0.207415719957092,-0.08316580448152988
Q96SB4,SRPK1,PLS,-0.782867890332013,-0.7200979852366594
Q96SB4,SRPK1,PLS,-0.97850550240216,-0.4410200695162179
Q96SB4,SRPK1,PLS,-0.0775327015643136,-0.4799382731828872
Q96SB4,SRPK1,PLS,-0.5579135569295883,-0.9420626868951802
Q96SB4,SRPK1,SVR,-1.374985453122069,-1.5925394929127692
Q96SB4,SRPK1,SVR,-2.2629629991503384,-1.0019393182307799
Q96SB4,SRPK1,SVR,-1.3465789551687488,-1.733154233097082
Q96SB4,SRPK1,SVR,-3.175966475277889,-1.717385353943861
Q96SB4,SRPK1,SVR,0.025291684097599,0.185676232244822
Q96SB4,SRPK1,SVR,-0.36028702012107,-0.6537194024757984
Q96SB4,SRPK1,SVR,-4.116690873519012,-2.3740122241606567
Q96SB4,SRPK1,SVR,-1.4915308373995266,-1.1258381024698034
Q96SB4,SRPK1,SVR,-1.137438376760065,-0.8160349773942942
Q96SB4,SRPK1,SVR,-2.8165827405642823,-1.2021620534324922
Q96SB4,SRPK1,SVR,-0.8850688543892641,-1.0134857471574759
Q96SB4,SRPK1,SVR,-0.5882131446207722,-0.4063908659731032
Q96SB4,SRPK1,SVR,-0.7123186299647997,-1.1099537764484402
Q96SB4,SRPK1,SVR,-0.8119371796026001,-1.1141203699873972
Q96SB4,SRPK1,SVR,0.207415719957092,-0.4455222350876523
Q96SB4,SRPK1,SVR,-0.782867890332013,-0.4336512069887011
Q96SB4,SRPK1,SVR,-0.97850550240216,-1.0147422286964944
Q96SB4,SRPK1,SVR,-0.0775327015643136,0.030698716228000578
Q96SB4,SRPK1,SVR,-0.5579135569295883,-1.0326358948528982
Q96SB4,SRPK1,Lasso,-1.374985453122069,-1.3741463561395155
Q96SB4,SRPK1,Lasso,-2.2629629991503384,-0.8473684466096237
Q96SB4,SRPK1,Lasso,-1.3465789551687488,-1.5609715256133398
Q96SB4,SRPK1,Lasso,-3.175966475277889,-1.5211651204447518
Q96SB4,SRPK1,Lasso,0.025291684097599,-0.2515317004319212
Q96SB4,SRPK1,Lasso,-0.36028702012107,-0.5388690319230776
Q96SB4,SRPK1,Lasso,-4.116690873519012,-2.489351807397556
Q96SB4,SRPK1,Lasso,-1.4915308373995266,-1.0026720929577597
Q96SB4,SRPK1,Lasso,-1.137438376760065,-0.7162828761022825
Q96SB4,SRPK1,Lasso,-2.8165827405642823,-1.4250272244925573
Q96SB4,SRPK1,Lasso,-0.8850688543892641,-0.6366664991015674
Q96SB4,SRPK1,Lasso,-0.5882131446207722,-0.49213714512036916
Q96SB4,SRPK1,Lasso,-0.7123186299647997,-0.819852798787662
Q96SB4,SRPK1,Lasso,-0.8119371796026001,-0.7849081671326827
Q96SB4,SRPK1,Lasso,0.207415719957092,-0.3046639952044906
Q96SB4,SRPK1,Lasso,-0.782867890332013,-0.675848697955523
Q96SB4,SRPK1,Lasso,-0.97850550240216,-0.5987481291453538
Q96SB4,SRPK1,Lasso,-0.0775327015643136,-0.7299746489131647
Q96SB4,SRPK1,Lasso,-0.5579135569295883,-0.7218163211906169
Q96SB4,SRPK1,ElasticNet,-1.374985453122069,-1.417790219163236
Q96SB4,SRPK1,ElasticNet,-2.2629629991503384,-0.9132350994121303
Q96SB4,SRPK1,ElasticNet,-1.3465789551687488,-1.5346041039349791
Q96SB4,SRPK1,ElasticNet,-3.175966475277889,-1.583198841445412
Q96SB4,SRPK1,ElasticNet,0.025291684097599,-0.23091230157260711
Q96SB4,SRPK1,ElasticNet,-0.36028702012107,-0.6019509521120108
Q96SB4,SRPK1,ElasticNet,-4.116690873519012,-2.515495282702847
Q96SB4,SRPK1,ElasticNet,-1.4915308373995266,-1.0435089680491896
Q96SB4,SRPK1,ElasticNet,-1.137438376760065,-0.707578459176895
Q96SB4,SRPK1,ElasticNet,-2.8165827405642823,-1.3584128536475681
Q96SB4,SRPK1,ElasticNet,-0.8850688543892641,-0.6176162071471554
Q96SB4,SRPK1,ElasticNet,-0.5882131446207722,-0.465398805943202
Q96SB4,SRPK1,ElasticNet,-0.7123186299647997,-0.8408500108879996
Q96SB4,SRPK1,ElasticNet,-0.8119371796026001,-0.8470425557815463
Q96SB4,SRPK1,ElasticNet,0.207415719957092,-0.25069899433100795
Q96SB4,SRPK1,ElasticNet,-0.782867890332013,-0.6963478952998597
Q96SB4,SRPK1,ElasticNet,-0.97850550240216,-0.5600723350559063
Q96SB4,SRPK1,ElasticNet,-0.0775327015643136,-0.6379311572625748
Q96SB4,SRPK1,ElasticNet,-0.5579135569295883,-0.8100370836867699
Q96SB4,SRPK1,GradientBoosting,-1.374985453122069,-1.010874162318809
Q96SB4,SRPK1,GradientBoosting,-2.2629629991503384,-0.20879412443313008
Q96SB4,SRPK1,GradientBoosting,-1.3465789551687488,-2.273579574773623
Q96SB4,SRPK1,GradientBoosting,-3.175966475277889,-1.1045662587036356
Q96SB4,SRPK1,GradientBoosting,0.025291684097599,-1.2604743011700912
Q96SB4,SRPK1,GradientBoosting,-0.36028702012107,-0.07064937241636925
Q96SB4,SRPK1,GradientBoosting,-4.116690873519012,-2.766926119203848
Q96SB4,SRPK1,GradientBoosting,-1.4915308373995266,-0.8208583207986723
Q96SB4,SRPK1,GradientBoosting,-1.137438376760065,-0.7756086115670834
Q96SB4,SRPK1,GradientBoosting,-2.8165827405642823,-0.8980018340391485
Q96SB4,SRPK1,GradientBoosting,-0.8850688543892641,0.3385766373271367
Q96SB4,SRPK1,GradientBoosting,-0.5882131446207722,-1.1269568692234329
Q96SB4,SRPK1,GradientBoosting,-0.7123186299647997,0.11720903268033699
Q96SB4,SRPK1,GradientBoosting,-0.8119371796026001,-0.7830468548848984
Q96SB4,SRPK1,GradientBoosting,0.207415719957092,-1.0314865853448485
Q96SB4,SRPK1,GradientBoosting,-0.782867890332013,-0.6038762793855342
Q96SB4,SRPK1,GradientBoosting,-0.97850550240216,0.22924982192122215
Q96SB4,SRPK1,GradientBoosting,-0.0775327015643136,0.13038132880726844
Q96SB4,SRPK1,GradientBoosting,-0.5579135569295883,-1.785984211318195
Q96SB4,SRPK1,MLP,-1.374985453122069,-1.090759492558664
Q96SB4,SRPK1,MLP,-2.2629629991503384,-0.7106501886506004
Q96SB4,SRPK1,MLP,-1.3465789551687488,-2.2359013912674657
Q96SB4,SRPK1,MLP,-3.175966475277889,-1.087463706021453
Q96SB4,SRPK1,MLP,0.025291684097599,-0.5482917408990305
Q96SB4,SRPK1,MLP,-0.36028702012107,-0.7106501886506004
Q96SB4,SRPK1,MLP,-4.116690873519012,-2.9434877741385232
Q96SB4,SRPK1,MLP,-1.4915308373995266,-0.7106501886506004
Q96SB4,SRPK1,MLP,-1.137438376760065,-0.618868628038745
Q96SB4,SRPK1,MLP,-2.8165827405642823,-1.976579960327863
Q96SB4,SRPK1,MLP,-0.8850688543892641,-0.319003797356852
Q96SB4,SRPK1,MLP,-0.5882131446207722,-0.36697541101894166
Q96SB4,SRPK1,MLP,-0.7123186299647997,-0.7106501886506004
Q96SB4,SRPK1,MLP,-0.8119371796026001,-0.7106501886506004
Q96SB4,SRPK1,MLP,0.207415719957092,0.2430770220298094
Q96SB4,SRPK1,MLP,-0.782867890332013,-0.7106501886506004
Q96SB4,SRPK1,MLP,-0.97850550240216,-0.19821553532398017
Q96SB4,SRPK1,MLP,-0.0775327015643136,-0.5995505049852989
Q96SB4,SRPK1,MLP,-0.5579135569295883,-0.7106501886506004
Q99640,PKMYT1,RandomForest,-0.7039755633159004,-0.5653511058328867
Q99640,PKMYT1,RandomForest,0.7708773912953143,0.49659506690750166
Q99640,PKMYT1,RandomForest,0.7001478623293403,-0.23705296214179533
Q99640,PKMYT1,RandomForest,0.0971749143989215,-0.031733405812044896
Q99640,PKMYT1,RandomForest,0.6703311300039253,0.21078647630441757
Q99640,PKMYT1,RandomForest,-0.1711720835808417,0.22883604135841304
Q99640,PKMYT1,RandomForest,-0.4895992065662309,-0.32610575916990536
Q99640,PKMYT1,RandomForest,-0.2524289321663621,-1.3360416193059106
Q99640,PKMYT1,RandomForest,0.4205726167725114,0.19959825560881592
Q99640,PKMYT1,RandomForest,-0.3114826892663448,-0.25758955914575704
Q99640,PKMYT1,RandomForest,2.1684390085578684,0.5137029317395946
Q99640,PKMYT1,RandomForest,0.843212159550752,-0.5317962289561587
Q99640,PKMYT1,RandomForest,1.6838004837222844,-0.048207672558458314
Q99640,PKMYT1,RandomForest,0.7482137069302055,0.23740535763101028
Q99640,PKMYT1,RandomForest,-1.1894150120434612,0.1747112607012832
Q99640,PKMYT1,RandomForest,0.5220672391296697,0.19167427278998012
Q99640,PKMYT1,RandomForest,-0.7331649168015388,0.20175883619231538
Q99640,PKMYT1,RandomForest,1.0649875813527068,0.04860813221125829
Q99640,PKMYT1,RandomForest,-1.4428925330534932,0.04709585598280261
Q99640,PKMYT1,XGBoost,-0.7039755633159004,-0.6834998726844788
Q99640,PKMYT1,XGBoost,0.7708773912953143,0.666377067565918
Q99640,PKMYT1,XGBoost,0.7001478623293403,-0.3666265904903412
Q99640,PKMYT1,XGBoost,0.0971749143989215,0.11148558557033539
Q99640,PKMYT1,XGBoost,0.6703311300039253,0.1593271642923355
Q99640,PKMYT1,XGBoost,-0.1711720835808417,0.343307763338089
Q99640,PKMYT1,XGBoost,-0.4895992065662309,-0.6337020397186279
Q99640,PKMYT1,XGBoost,-0.2524289321663621,-1.3351725339889526
Q99640,PKMYT1,XGBoost,0.4205726167725114,0.23239654302597046
Q99640,PKMYT1,XGBoost,-0.3114826892663448,-0.4155064523220062
Q99640,PKMYT1,XGBoost,2.1684390085578684,0.056660886853933334
Q99640,PKMYT1,XGBoost,0.843212159550752,-0.6963105797767639
Q99640,PKMYT1,XGBoost,1.6838004837222844,-0.49828851222991943
Q99640,PKMYT1,XGBoost,0.7482137069302055,-0.502554178237915
Q99640,PKMYT1,XGBoost,-1.1894150120434612,-0.006224026437848806
Q99640,PKMYT1,XGBoost,0.5220672391296697,0.3279483914375305
Q99640,PKMYT1,XGBoost,-0.7331649168015388,0.6739843487739563
Q99640,PKMYT1,XGBoost,1.0649875813527068,0.11531662940979004
Q99640,PKMYT1,XGBoost,-1.4428925330534932,0.15272288024425507
Q99640,PKMYT1,PLS,-0.7039755633159004,-0.2141884554056559
Q99640,PKMYT1,PLS,0.7708773912953143,-0.16479514406057905
Q99640,PKMYT1,PLS,0.7001478623293403,-0.09210096717767943
Q99640,PKMYT1,PLS,0.0971749143989215,-0.0033346138534817993
Q99640,PKMYT1,PLS,0.6703311300039253,-0.12202775894247031
Q99640,PKMYT1,PLS,-0.1711720835808417,-0.37416239387780403
Q99640,PKMYT1,PLS,-0.4895992065662309,-0.02499066643187664
Q99640,PKMYT1,PLS,-0.2524289321663621,-0.10794764346857842
Q99640,PKMYT1,PLS,0.4205726167725114,-0.09109771861937169
Q99640,PKMYT1,PLS,-0.3114826892663448,-0.08956294855043048
Q99640,PKMYT1,PLS,2.1684390085578684,-0.09713468422004899
Q99640,PKMYT1,PLS,0.843212159550752,-0.13789755915271643
Q99640,PKMYT1,PLS,1.6838004837222844,-0.09640622775716547
Q99640,PKMYT1,PLS,0.7482137069302055,-0.29590790604510486
Q99640,PKMYT1,PLS,-1.1894150120434612,-0.1232591894277031
Q99640,PKMYT1,PLS,0.5220672391296697,-0.08817675748402164
Q99640,PKMYT1,PLS,-0.7331649168015388,-0.10059929637020595
Q99640,PKMYT1,PLS,1.0649875813527068,-0.06848507805385293
Q99640,PKMYT1,PLS,-1.4428925330534932,-0.0715452826488619
Q99640,PKMYT1,SVR,-0.7039755633159004,-0.1824782558084203
Q99640,PKMYT1,SVR,0.7708773912953143,-0.12354332959101513
Q99640,PKMYT1,SVR,0.7001478623293403,-0.009115266760794778
Q99640,PKMYT1,SVR,0.0971749143989215,-0.027822221827584474
Q99640,PKMYT1,SVR,0.6703311300039253,-0.01917962278136303
Q99640,PKMYT1,SVR,-0.1711720835808417,-0.4857474883113266
Q99640,PKMYT1,SVR,-0.4895992065662309,-0.052814274853048175
Q99640,PKMYT1,SVR,-0.2524289321663621,0.07643412729157872
Q99640,PKMYT1,SVR,0.4205726167725114,0.0032761499864733187
Q99640,PKMYT1,SVR,-0.3114826892663448,-0.05663515063084922
Q99640,PKMYT1,SVR,2.1684390085578684,0.0001987392218158815
Q99640,PKMYT1,SVR,0.843212159550752,-0.05072721579987543
Q99640,PKMYT1,SVR,1.6838004837222844,-0.005094840555109358
Q99640,PKMYT1,SVR,0.7482137069302055,-0.3154423519043253
Q99640,PKMYT1,SVR,-1.1894150120434612,-0.10433086513131035
Q99640,PKMYT1,SVR,0.5220672391296697,0.020457299428961233
Q99640,PKMYT1,SVR,-0.7331649168015388,-0.016093165963622418
Q99640,PKMYT1,SVR,1.0649875813527068,0.023225299553631125
Q99640,PKMYT1,SVR,-1.4428925330534932,0.045250217443415904
Q99640,PKMYT1,Lasso,-0.7039755633159004,-0.10891607484029679
Q99640,PKMYT1,Lasso,0.7708773912953143,-0.10891607484029679
Q99640,PKMYT1,Lasso,0.7001478623293403,-0.10891607484029679
Q99640,PKMYT1,Lasso,0.0971749143989215,-0.10891607484029679
Q99640,PKMYT1,Lasso,0.6703311300039253,-0.10891607484029679
Q99640,PKMYT1,Lasso,-0.1711720835808417,-0.10891607484029679
Q99640,PKMYT1,Lasso,-0.4895992065662309,-0.10891607484029679
Q99640,PKMYT1,Lasso,-0.2524289321663621,-0.10891607484029679
Q99640,PKMYT1,Lasso,0.4205726167725114,-0.10891607484029679
Q99640,PKMYT1,Lasso,-0.3114826892663448,-0.10891607484029679
Q99640,PKMYT1,Lasso,2.1684390085578684,-0.10891607484029679
Q99640,PKMYT1,Lasso,0.843212159550752,-0.10891607484029679
Q99640,PKMYT1,Lasso,1.6838004837222844,-0.10891607484029679
Q99640,PKMYT1,Lasso,0.7482137069302055,-0.10891607484029679
Q99640,PKMYT1,Lasso,-1.1894150120434612,-0.10891607484029679
Q99640,PKMYT1,Lasso,0.5220672391296697,-0.10891607484029679
Q99640,PKMYT1,Lasso,-0.7331649168015388,-0.10891607484029679
Q99640,PKMYT1,Lasso,1.0649875813527068,-0.10891607484029679
Q99640,PKMYT1,Lasso,-1.4428925330534932,-0.10891607484029679
Q99640,PKMYT1,ElasticNet,-0.7039755633159004,-0.10891607484029679
Q99640,PKMYT1,ElasticNet,0.7708773912953143,-0.10891607484029679
Q99640,PKMYT1,ElasticNet,0.7001478623293403,-0.10891607484029679
Q99640,PKMYT1,ElasticNet,0.0971749143989215,-0.10891607484029679
Q99640,PKMYT1,ElasticNet,0.6703311300039253,-0.10891607484029679
Q99640,PKMYT1,ElasticNet,-0.1711720835808417,-0.10891607484029679
Q99640,PKMYT1,ElasticNet,-0.4895992065662309,-0.10891607484029679
Q99640,PKMYT1,ElasticNet,-0.2524289321663621,-0.10891607484029679
Q99640,PKMYT1,ElasticNet,0.4205726167725114,-0.10891607484029679
Q99640,PKMYT1,ElasticNet,-0.3114826892663448,-0.10891607484029679
Q99640,PKMYT1,ElasticNet,2.1684390085578684,-0.10891607484029679
Q99640,PKMYT1,ElasticNet,0.843212159550752,-0.10891607484029679
Q99640,PKMYT1,ElasticNet,1.6838004837222844,-0.10891607484029679
Q99640,PKMYT1,ElasticNet,0.7482137069302055,-0.10891607484029679
Q99640,PKMYT1,ElasticNet,-1.1894150120434612,-0.10891607484029679
Q99640,PKMYT1,ElasticNet,0.5220672391296697,-0.10891607484029679
Q99640,PKMYT1,ElasticNet,-0.7331649168015388,-0.10891607484029679
Q99640,PKMYT1,ElasticNet,1.0649875813527068,-0.10891607484029679
Q99640,PKMYT1,ElasticNet,-1.4428925330534932,-0.10891607484029679
Q99640,PKMYT1,GradientBoosting,-0.7039755633159004,-0.39722686100835186
Q99640,PKMYT1,GradientBoosting,0.7708773912953143,0.6253317218235237
Q99640,PKMYT1,GradientBoosting,0.7001478623293403,-0.25398248710229404
Q99640,PKMYT1,GradientBoosting,0.0971749143989215,-0.13727470145203197
Q99640,PKMYT1,GradientBoosting,0.6703311300039253,0.3093496295525507
Q99640,PKMYT1,GradientBoosting,-0.1711720835808417,-0.040709646709504894
Q99640,PKMYT1,GradientBoosting,-0.4895992065662309,-0.5561911625223493
Q99640,PKMYT1,GradientBoosting,-0.2524289321663621,-1.9293419517685189
Q99640,PKMYT1,GradientBoosting,0.4205726167725114,0.2398404451338927
Q99640,PKMYT1,GradientBoosting,-0.3114826892663448,-0.22801210856471651
Q99640,PKMYT1,GradientBoosting,2.1684390085578684,0.8181095840017799
Q99640,PKMYT1,GradientBoosting,0.843212159550752,-1.136388041687805
Q99640,PKMYT1,GradientBoosting,1.6838004837222844,-0.19524402754337847
Q99640,PKMYT1,GradientBoosting,0.7482137069302055,0.6116725102419679
Q99640,PKMYT1,GradientBoosting,-1.1894150120434612,0.026311400516169082
Q99640,PKMYT1,GradientBoosting,0.5220672391296697,0.1702984598246237
Q99640,PKMYT1,GradientBoosting,-0.7331649168015388,0.27334759030044875
Q99640,PKMYT1,GradientBoosting,1.0649875813527068,0.0705843668496219
Q99640,PKMYT1,GradientBoosting,-1.4428925330534932,0.0549684715023577
Q99640,PKMYT1,MLP,-0.7039755633159004,-0.3597762173379377
Q99640,PKMYT1,MLP,0.7708773912953143,-0.12059479504957459
Q99640,PKMYT1,MLP,0.7001478623293403,-0.12059479504957459
Q99640,PKMYT1,MLP,0.0971749143989215,-0.12059479504957459
Q99640,PKMYT1,MLP,0.6703311300039253,-0.26737065344524497
Q99640,PKMYT1,MLP,-0.1711720835808417,-0.12059479504957459
Q99640,PKMYT1,MLP,-0.4895992065662309,-0.12059479504957459
Q99640,PKMYT1,MLP,-0.2524289321663621,-0.6107850249424351
Q99640,PKMYT1,MLP,0.4205726167725114,-0.12059479504957459
Q99640,PKMYT1,MLP,-0.3114826892663448,-0.12059479504957459
Q99640,PKMYT1,MLP,2.1684390085578684,-0.12054154688809894
Q99640,PKMYT1,MLP,0.843212159550752,-0.26593836918551045
Q99640,PKMYT1,MLP,1.6838004837222844,-0.12059479504957459
Q99640,PKMYT1,MLP,0.7482137069302055,-0.12059479504957459
Q99640,PKMYT1,MLP,-1.1894150120434612,-0.11502470969129854
Q99640,PKMYT1,MLP,0.5220672391296697,-0.12773647992925677
Q99640,PKMYT1,MLP,-0.7331649168015388,-0.11995448917825552
Q99640,PKMYT1,MLP,1.0649875813527068,-0.12059479504957459
Q99640,PKMYT1,MLP,-1.4428925330534932,-0.12059479504957459
Q99759,MAP3K3,RandomForest,-5.002282733867766,-2.491755256354503
Q99759,MAP3K3,RandomForest,-0.9717886895691882,-2.917941482401998
Q99759,MAP3K3,RandomForest,-2.298105595035187,-1.391212713871448
Q99759,MAP3K3,RandomForest,-2.6926648218576,-2.6516360542578976
Q99759,MAP3K3,RandomForest,2.0743004595415795,-2.338979223947563
Q99759,MAP3K3,RandomForest,-3.469320352189708,-1.8395993253314527
Q99759,MAP3K3,RandomForest,-2.2229326044135185,-1.7630001033695901
Q99759,MAP3K3,RandomForest,-1.5549233040039774,-2.601821520201869
Q99759,MAP3K3,RandomForest,-1.412663706205768,-1.66055742440605
Q99759,MAP3K3,RandomForest,-2.617843440685442,-2.3872909906739967
Q99759,MAP3K3,RandomForest,-0.0699547325460029,-2.6022333336383
Q99759,MAP3K3,RandomForest,-2.616272289083135,-1.4642967936060538
Q99759,MAP3K3,RandomForest,-2.642152571366452,-2.5413748079936167
Q99759,MAP3K3,RandomForest,-5.602984908783959,-2.8865178478457323
Q99759,MAP3K3,RandomForest,-4.275512598911803,-1.168106313793747
Q99759,MAP3K3,RandomForest,-2.0643155864718428,-2.4472695991043554
Q99759,MAP3K3,RandomForest,-4.108500502177583,-1.602581766672728
Q99759,MAP3K3,RandomForest,0.4217075047927952,-2.4048089190114244
Q99759,MAP3K3,RandomForest,1.2025277156168823,-2.451384933201977
Q99759,MAP3K3,XGBoost,-5.002282733867766,-1.887600064277649
Q99759,MAP3K3,XGBoost,-0.9717886895691882,-3.0294437408447266
Q99759,MAP3K3,XGBoost,-2.298105595035187,-2.2019286155700684
Q99759,MAP3K3,XGBoost,-2.6926648218576,-2.3571181297302246
Q99759,MAP3K3,XGBoost,2.0743004595415795,-2.3241467475891113
Q99759,MAP3K3,XGBoost,-3.469320352189708,-2.1247341632843018
Q99759,MAP3K3,XGBoost,-2.2229326044135185,-2.253709554672241
Q99759,MAP3K3,XGBoost,-1.5549233040039774,-2.365706205368042
Q99759,MAP3K3,XGBoost,-1.412663706205768,-2.1027944087982178
Q99759,MAP3K3,XGBoost,-2.617843440685442,-2.275895118713379
Q99759,MAP3K3,XGBoost,-0.0699547325460029,-2.15134596824646
Q99759,MAP3K3,XGBoost,-2.616272289083135,0.4538666605949402
Q99759,MAP3K3,XGBoost,-2.642152571366452,-1.741431713104248
Q99759,MAP3K3,XGBoost,-5.602984908783959,-3.287203788757324
Q99759,MAP3K3,XGBoost,-4.275512598911803,-1.4963897466659546
Q99759,MAP3K3,XGBoost,-2.0643155864718428,-2.252228021621704
Q99759,MAP3K3,XGBoost,-4.108500502177583,-1.7509973049163818
Q99759,MAP3K3,XGBoost,0.4217075047927952,-3.060497522354126
Q99759,MAP3K3,XGBoost,1.2025277156168823,-1.9374535083770752
Q99759,MAP3K3,PLS,-5.002282733867766,-1.7605182609294106
Q99759,MAP3K3,PLS,-0.9717886895691882,-2.1328510076926097
Q99759,MAP3K3,PLS,-2.298105595035187,-0.5181973455011155
Q99759,MAP3K3,PLS,-2.6926648218576,-2.114520433455356
Q99759,MAP3K3,PLS,2.0743004595415795,-2.051857768171207
Q99759,MAP3K3,PLS,-3.469320352189708,-1.896946291086142
Q99759,MAP3K3,PLS,-2.2229326044135185,-2.6878584154395213
Q99759,MAP3K3,PLS,-1.5549233040039774,-1.940890200693284
Q99759,MAP3K3,PLS,-1.412663706205768,-1.0274904077423712
Q99759,MAP3K3,PLS,-2.617843440685442,-2.1885145684291887
Q99759,MAP3K3,PLS,-0.0699547325460029,-1.6182703688306834
Q99759,MAP3K3,PLS,-2.616272289083135,-0.8529669771519355
Q99759,MAP3K3,PLS,-2.642152571366452,-1.4242705088907115
Q99759,MAP3K3,PLS,-5.602984908783959,-1.900139981790024
Q99759,MAP3K3,PLS,-4.275512598911803,-1.3862624354793687
Q99759,MAP3K3,PLS,-2.0643155864718428,-1.917060434490688
Q99759,MAP3K3,PLS,-4.108500502177583,-1.6755050698225746
Q99759,MAP3K3,PLS,0.4217075047927952,-2.3134440930950695
Q99759,MAP3K3,PLS,1.2025277156168823,-1.317224712270483
Q99759,MAP3K3,SVR,-5.002282733867766,-0.01899023983408976
Q99759,MAP3K3,SVR,-0.9717886895691882,-1.7965471215160667
Q99759,MAP3K3,SVR,-2.298105595035187,-1.6739810112113964
Q99759,MAP3K3,SVR,-2.6926648218576,-2.15001331586731
Q99759,MAP3K3,SVR,2.0743004595415795,-2.28457881238356
Q99759,MAP3K3,SVR,-3.469320352189708,-1.7550547316929848
Q99759,MAP3K3,SVR,-2.2229326044135185,-2.0913465598423624
Q99759,MAP3K3,SVR,-1.5549233040039774,-2.169241438855708
Q99759,MAP3K3,SVR,-1.412663706205768,-1.7658310813047267
Q99759,MAP3K3,SVR,-2.617843440685442,-1.9336922691063356
Q99759,MAP3K3,SVR,-0.0699547325460029,-1.99919807330566
Q99759,MAP3K3,SVR,-2.616272289083135,-1.8289850525070752
Q99759,MAP3K3,SVR,-2.642152571366452,-1.8491692673634779
Q99759,MAP3K3,SVR,-5.602984908783959,-1.5977434189174502
Q99759,MAP3K3,SVR,-4.275512598911803,-1.489993396420806
Q99759,MAP3K3,SVR,-2.0643155864718428,-2.2613276994397014
Q99759,MAP3K3,SVR,-4.108500502177583,-1.9652408973033761
Q99759,MAP3K3,SVR,0.4217075047927952,-1.7567977575362723
Q99759,MAP3K3,SVR,1.2025277156168823,-1.8836334316067707
Q99759,MAP3K3,Lasso,-5.002282733867766,-1.9517173790043674
Q99759,MAP3K3,Lasso,-0.9717886895691882,-1.9600424102459464
Q99759,MAP3K3,Lasso,-2.298105595035187,-0.7353640978034054
Q99759,MAP3K3,Lasso,-2.6926648218576,-1.9582048164904762
Q99759,MAP3K3,Lasso,2.0743004595415795,-1.8650202859076712
Q99759,MAP3K3,Lasso,-3.469320352189708,-1.785866461268327
Q99759,MAP3K3,Lasso,-2.2229326044135185,-2.428293959248032
Q99759,MAP3K3,Lasso,-1.5549233040039774,-1.8162846343740993
Q99759,MAP3K3,Lasso,-1.412663706205768,-1.1243614661481884
Q99759,MAP3K3,Lasso,-2.617843440685442,-2.0040214990258423
Q99759,MAP3K3,Lasso,-0.0699547325460029,-1.5737359975316765
Q99759,MAP3K3,Lasso,-2.616272289083135,-0.9585293507623153
Q99759,MAP3K3,Lasso,-2.642152571366452,-1.4237712977407206
Q99759,MAP3K3,Lasso,-5.602984908783959,-1.7910481520124955
Q99759,MAP3K3,Lasso,-4.275512598911803,-1.426017384522593
Q99759,MAP3K3,Lasso,-2.0643155864718428,-1.7839134954566789
Q99759,MAP3K3,Lasso,-4.108500502177583,-1.6358268955110784
Q99759,MAP3K3,Lasso,0.4217075047927952,-2.124949780188354
Q99759,MAP3K3,Lasso,1.2025277156168823,-1.3210664975630384
Q99759,MAP3K3,ElasticNet,-5.002282733867766,-1.8724150354588525
Q99759,MAP3K3,ElasticNet,-0.9717886895691882,-2.018744249813068
Q99759,MAP3K3,ElasticNet,-2.298105595035187,-0.6638065115941446
Q99759,MAP3K3,ElasticNet,-2.6926648218576,-2.01701349801517
Q99759,MAP3K3,ElasticNet,2.0743004595415795,-1.934526814212349
Q99759,MAP3K3,ElasticNet,-3.469320352189708,-1.8237640157480224
Q99759,MAP3K3,ElasticNet,-2.2229326044135185,-2.5212795808055097
Q99759,MAP3K3,ElasticNet,-1.5549233040039774,-1.8646318569907598
Q99759,MAP3K3,ElasticNet,-1.412663706205768,-1.0938572181756778
Q99759,MAP3K3,ElasticNet,-2.617843440685442,-2.0686365021469535
Q99759,MAP3K3,ElasticNet,-0.0699547325460029,-1.5932741917874746
Q99759,MAP3K3,ElasticNet,-2.616272289083135,-0.9251133768705042
Q99759,MAP3K3,ElasticNet,-2.642152571366452,-1.426519770340545
Q99759,MAP3K3,ElasticNet,-5.602984908783959,-1.8260624099575296
Q99759,MAP3K3,ElasticNet,-4.275512598911803,-1.4111402638595567
Q99759,MAP3K3,ElasticNet,-2.0643155864718428,-1.836008990023456
Q99759,MAP3K3,ElasticNet,-4.108500502177583,-1.6538117162376573
Q99759,MAP3K3,ElasticNet,0.4217075047927952,-2.189049657092372
Q99759,MAP3K3,ElasticNet,1.2025277156168823,-1.3222635500566535
Q99759,MAP3K3,GradientBoosting,-5.002282733867766,-3.9828690077271083
Q99759,MAP3K3,GradientBoosting,-0.9717886895691882,-3.129457935139863
Q99759,MAP3K3,GradientBoosting,-2.298105595035187,-2.1388050998458774
Q99759,MAP3K3,GradientBoosting,-2.6926648218576,-2.083592839319732
Q99759,MAP3K3,GradientBoosting,2.0743004595415795,-2.3845453315357665
Q99759,MAP3K3,GradientBoosting,-3.469320352189708,-1.1055027468053977
Q99759,MAP3K3,GradientBoosting,-2.2229326044135185,-2.554842366249298
Q99759,MAP3K3,GradientBoosting,-1.5549233040039774,-2.036718441174056
Q99759,MAP3K3,GradientBoosting,-1.412663706205768,-1.6731796882736782
Q99759,MAP3K3,GradientBoosting,-2.617843440685442,-2.3192053576026908
Q99759,MAP3K3,GradientBoosting,-0.0699547325460029,-3.3886863294065
Q99759,MAP3K3,GradientBoosting,-2.616272289083135,-1.9594216061104222
Q99759,MAP3K3,GradientBoosting,-2.642152571366452,-3.369876703567898
Q99759,MAP3K3,GradientBoosting,-5.602984908783959,-3.3911138338967404
Q99759,MAP3K3,GradientBoosting,-4.275512598911803,-0.9389346488481307
Q99759,MAP3K3,GradientBoosting,-2.0643155864718428,-1.925427989689379
Q99759,MAP3K3,GradientBoosting,-4.108500502177583,-3.748869849517393
Q99759,MAP3K3,GradientBoosting,0.4217075047927952,-2.4206725969691436
Q99759,MAP3K3,GradientBoosting,1.2025277156168823,-3.18912857250893
Q99759,MAP3K3,MLP,-5.002282733867766,-0.7784542434885202
Q99759,MAP3K3,MLP,-0.9717886895691882,-2.4173890946358867
Q99759,MAP3K3,MLP,-2.298105595035187,-1.4614083508505664
Q99759,MAP3K3,MLP,-2.6926648218576,-1.960350427859915
Q99759,MAP3K3,MLP,2.0743004595415795,-2.4694912662521693
Q99759,MAP3K3,MLP,-3.469320352189708,-1.9895057566789007
Q99759,MAP3K3,MLP,-2.2229326044135185,-2.205989970137728
Q99759,MAP3K3,MLP,-1.5549233040039774,-1.9588845568873412
Q99759,MAP3K3,MLP,-1.412663706205768,-1.0859167425474254
Q99759,MAP3K3,MLP,-2.617843440685442,-2.357048887582918
Q99759,MAP3K3,MLP,-0.0699547325460029,-1.5405090998694437
Q99759,MAP3K3,MLP,-2.616272289083135,-1.0322288682247802
Q99759,MAP3K3,MLP,-2.642152571366452,-1.2144770536666374
Q99759,MAP3K3,MLP,-5.602984908783959,-2.080604404222714
Q99759,MAP3K3,MLP,-4.275512598911803,-0.9056553279133253
Q99759,MAP3K3,MLP,-2.0643155864718428,-2.1424401267021165
Q99759,MAP3K3,MLP,-4.108500502177583,-1.474834932314677
Q99759,MAP3K3,MLP,0.4217075047927952,-2.240533106749725
Q99759,MAP3K3,MLP,1.2025277156168823,-1.3987839236080744
Q9BZL6,PRKD2,RandomForest,-0.9696669437512284,-1.3504031915798986
Q9BZL6,PRKD2,RandomForest,-1.4997001971037698,-0.617266114169821
Q9BZL6,PRKD2,RandomForest,-1.489805073300336,-0.8022381895303836
Q9BZL6,PRKD2,RandomForest,0.5415838844738423,-0.5350235490915313
Q9BZL6,PRKD2,RandomForest,0.2352775142722965,-2.0460399897144677
Q9BZL6,PRKD2,RandomForest,-0.1840698812570473,-0.610844301660808
Q9BZL6,PRKD2,RandomForest,0.3928446926555559,-0.3356222651287768
Q9BZL6,PRKD2,RandomForest,-1.504522427007249,-0.6901951544169989
Q9BZL6,PRKD2,RandomForest,0.3785126046004871,-1.308909549453611
Q9BZL6,PRKD2,RandomForest,-0.0568580697762524,-0.6097796272919144
Q9BZL6,PRKD2,RandomForest,-1.2273833210152785,-0.9870525260248804
Q9BZL6,PRKD2,RandomForest,-0.9759332469922816,-0.6592792898300261
Q9BZL6,PRKD2,RandomForest,-2.051016935452769,-0.9876508608031663
Q9BZL6,PRKD2,RandomForest,-0.0026739087849121,-0.5029794073971185
Q9BZL6,PRKD2,RandomForest,-0.0728171382145121,-0.5237948142705796
Q9BZL6,PRKD2,RandomForest,-2.511570114859533,-2.093093817620213
Q9BZL6,PRKD2,RandomForest,-1.9036543599360172,-1.4981252974595076
Q9BZL6,PRKD2,XGBoost,-0.9696669437512284,-2.9682650566101074
Q9BZL6,PRKD2,XGBoost,-1.4997001971037698,-0.5650866627693176
Q9BZL6,PRKD2,XGBoost,-1.489805073300336,-1.1584968566894531
Q9BZL6,PRKD2,XGBoost,0.5415838844738423,0.33172792196273804
Q9BZL6,PRKD2,XGBoost,0.2352775142722965,-2.102107286453247
Q9BZL6,PRKD2,XGBoost,-0.1840698812570473,-0.4719640910625458
Q9BZL6,PRKD2,XGBoost,0.3928446926555559,-1.4161235094070435
Q9BZL6,PRKD2,XGBoost,-1.504522427007249,-0.53494793176651
Q9BZL6,PRKD2,XGBoost,0.3785126046004871,-1.72220778465271
Q9BZL6,PRKD2,XGBoost,-0.0568580697762524,0.09289877116680145
Q9BZL6,PRKD2,XGBoost,-1.2273833210152785,-1.086456060409546
Q9BZL6,PRKD2,XGBoost,-0.9759332469922816,-0.5803008079528809
Q9BZL6,PRKD2,XGBoost,-2.051016935452769,-1.4288240671157837
Q9BZL6,PRKD2,XGBoost,-0.0026739087849121,-0.31658101081848145
Q9BZL6,PRKD2,XGBoost,-0.0728171382145121,-0.33514803647994995
Q9BZL6,PRKD2,XGBoost,-2.511570114859533,-2.2935829162597656
Q9BZL6,PRKD2,XGBoost,-1.9036543599360172,-0.7805832624435425
Q9BZL6,PRKD2,PLS,-0.9696669437512284,-1.152816392929319
Q9BZL6,PRKD2,PLS,-1.4997001971037698,-1.0198429610904751
Q9BZL6,PRKD2,PLS,-1.489805073300336,-0.7796467021847713
Q9BZL6,PRKD2,PLS,0.5415838844738423,-0.9741776259135552
Q9BZL6,PRKD2,PLS,0.2352775142722965,-1.1615766756826436
Q9BZL6,PRKD2,PLS,-0.1840698812570473,-0.8833400641094522
Q9BZL6,PRKD2,PLS,0.3928446926555559,-0.7897388534970764
Q9BZL6,PRKD2,PLS,-1.504522427007249,-0.9218867148398051
Q9BZL6,PRKD2,PLS,0.3785126046004871,-1.0956213052657384
Q9BZL6,PRKD2,PLS,-0.0568580697762524,-1.0214407625650987
Q9BZL6,PRKD2,PLS,-1.2273833210152785,-0.8290152545108088
Q9BZL6,PRKD2,PLS,-0.9759332469922816,-1.2405292423337588
Q9BZL6,PRKD2,PLS,-2.051016935452769,-1.0818141755363784
Q9BZL6,PRKD2,PLS,-0.0026739087849121,-0.7776873563791908
Q9BZL6,PRKD2,PLS,-0.0728171382145121,-1.08152790542658
Q9BZL6,PRKD2,PLS,-2.511570114859533,-1.3224047992633454
Q9BZL6,PRKD2,PLS,-1.9036543599360172,-1.3257488353109572
Q9BZL6,PRKD2,SVR,-0.9696669437512284,-1.1965187178053587
Q9BZL6,PRKD2,SVR,-1.4997001971037698,-0.9129272977491374
Q9BZL6,PRKD2,SVR,-1.489805073300336,-0.572831332073559
Q9BZL6,PRKD2,SVR,0.5415838844738423,-1.0759358816283766
Q9BZL6,PRKD2,SVR,0.2352775142722965,-1.266619850221134
Q9BZL6,PRKD2,SVR,-0.1840698812570473,-0.7971593946129507
Q9BZL6,PRKD2,SVR,0.3928446926555559,-0.20442353878276154
Q9BZL6,PRKD2,SVR,-1.504522427007249,-0.7442238838843578
Q9BZL6,PRKD2,SVR,0.3785126046004871,-1.25442093261372
Q9BZL6,PRKD2,SVR,-0.0568580697762524,-1.660337099885316
Q9BZL6,PRKD2,SVR,-1.2273833210152785,-1.090828244934342
Q9BZL6,PRKD2,SVR,-0.9759332469922816,-1.156356220189859
Q9BZL6,PRKD2,SVR,-2.051016935452769,-1.2894039144960125
Q9BZL6,PRKD2,SVR,-0.0026739087849121,-0.623899371526927
Q9BZL6,PRKD2,SVR,-0.0728171382145121,-1.3875972062629505
Q9BZL6,PRKD2,SVR,-2.511570114859533,-1.3768984092855472
Q9BZL6,PRKD2,SVR,-1.9036543599360172,-1.3032091279777973
Q9BZL6,PRKD2,Lasso,-0.9696669437512284,-1.1271928669193512
Q9BZL6,PRKD2,Lasso,-1.4997001971037698,-0.9782685648586549
Q9BZL6,PRKD2,Lasso,-1.489805073300336,-0.6877726618595463
Q9BZL6,PRKD2,Lasso,0.5415838844738423,-0.6499494090231617
Q9BZL6,PRKD2,Lasso,0.2352775142722965,-1.0909422016650994
Q9BZL6,PRKD2,Lasso,-0.1840698812570473,-0.8968876930734097
Q9BZL6,PRKD2,Lasso,0.3928446926555559,-0.6530333386118963
Q9BZL6,PRKD2,Lasso,-1.504522427007249,-0.8971340353623283
Q9BZL6,PRKD2,Lasso,0.3785126046004871,-1.1010455691453678
Q9BZL6,PRKD2,Lasso,-0.0568580697762524,-0.9745945147690552
Q9BZL6,PRKD2,Lasso,-1.2273833210152785,-0.8739263920326585
Q9BZL6,PRKD2,Lasso,-0.9759332469922816,-1.1214338954611505
Q9BZL6,PRKD2,Lasso,-2.051016935452769,-1.0625922206968124
Q9BZL6,PRKD2,Lasso,-0.0026739087849121,-0.8433090035864692
Q9BZL6,PRKD2,Lasso,-0.0728171382145121,-1.0468058598010284
Q9BZL6,PRKD2,Lasso,-2.511570114859533,-1.1754122958279525
Q9BZL6,PRKD2,Lasso,-1.9036543599360172,-1.1301881117098032
Q9BZL6,PRKD2,ElasticNet,-0.9696669437512284,-1.155837705778192
Q9BZL6,PRKD2,ElasticNet,-1.4997001971037698,-0.9829557836787992
Q9BZL6,PRKD2,ElasticNet,-1.489805073300336,-0.7114778401613209
Q9BZL6,PRKD2,ElasticNet,0.5415838844738423,-0.7206376479599932
Q9BZL6,PRKD2,ElasticNet,0.2352775142722965,-1.1183760519896067
Q9BZL6,PRKD2,ElasticNet,-0.1840698812570473,-0.8819582970698048
Q9BZL6,PRKD2,ElasticNet,0.3928446926555559,-0.7259479393038721
Q9BZL6,PRKD2,ElasticNet,-1.504522427007249,-0.9197443203390653
Q9BZL6,PRKD2,ElasticNet,0.3785126046004871,-1.1107980649185794
Q9BZL6,PRKD2,ElasticNet,-0.0568580697762524,-0.9537098458182202
Q9BZL6,PRKD2,ElasticNet,-1.2273833210152785,-0.8464867912973989
Q9BZL6,PRKD2,ElasticNet,-0.9759332469922816,-1.1604054423995651
Q9BZL6,PRKD2,ElasticNet,-2.051016935452769,-1.061153680606262
Q9BZL6,PRKD2,ElasticNet,-0.0026739087849121,-0.81696303558754
Q9BZL6,PRKD2,ElasticNet,-0.0728171382145121,-1.0491054668972315
Q9BZL6,PRKD2,ElasticNet,-2.511570114859533,-1.236102824405254
Q9BZL6,PRKD2,ElasticNet,-1.9036543599360172,-1.2069143182815354
Q9BZL6,PRKD2,GradientBoosting,-0.9696669437512284,-2.1544429621689964
Q9BZL6,PRKD2,GradientBoosting,-1.4997001971037698,-0.4379259099714399
Q9BZL6,PRKD2,GradientBoosting,-1.489805073300336,-0.5945674839056305
Q9BZL6,PRKD2,GradientBoosting,0.5415838844738423,-0.392847109849249
Q9BZL6,PRKD2,GradientBoosting,0.2352775142722965,-2.2288480753591697
Q9BZL6,PRKD2,GradientBoosting,-0.1840698812570473,-0.6912911151508411
Q9BZL6,PRKD2,GradientBoosting,0.3928446926555559,-0.09236437642228006
Q9BZL6,PRKD2,GradientBoosting,-1.504522427007249,-0.7293456336318349
Q9BZL6,PRKD2,GradientBoosting,0.3785126046004871,-1.6932546255796674
Q9BZL6,PRKD2,GradientBoosting,-0.0568580697762524,-0.451186595015828
Q9BZL6,PRKD2,GradientBoosting,-1.2273833210152785,-1.2702735543361512
Q9BZL6,PRKD2,GradientBoosting,-0.9759332469922816,-0.8233043569906959
Q9BZL6,PRKD2,GradientBoosting,-2.051016935452769,-1.1598470867830393
Q9BZL6,PRKD2,GradientBoosting,-0.0026739087849121,-0.4332648975724314
Q9BZL6,PRKD2,GradientBoosting,-0.0728171382145121,-0.9049721097939386
Q9BZL6,PRKD2,GradientBoosting,-2.511570114859533,-1.6813863474980648
Q9BZL6,PRKD2,GradientBoosting,-1.9036543599360172,-2.163206478682102
Q9BZL6,PRKD2,MLP,-0.9696669437512284,-1.567748683970549
Q9BZL6,PRKD2,MLP,-1.4997001971037698,-0.6328050635179354
Q9BZL6,PRKD2,MLP,-1.489805073300336,-0.6786604488793162
Q9BZL6,PRKD2,MLP,0.5415838844738423,-1.0527818726261085
Q9BZL6,PRKD2,MLP,0.2352775142722965,-1.2736424254502565
Q9BZL6,PRKD2,MLP,-0.1840698812570473,-0.5117768731899244
Q9BZL6,PRKD2,MLP,0.3928446926555559,-0.14792773270682424
Q9BZL6,PRKD2,MLP,-1.504522427007249,-1.1560657483538779
Q9BZL6,PRKD2,MLP,0.3785126046004871,-1.1076451665151188
Q9BZL6,PRKD2,MLP,-0.0568580697762524,0.3786228434079819
Q9BZL6,PRKD2,MLP,-1.2273833210152785,-1.0104006692613279
Q9BZL6,PRKD2,MLP,-0.9759332469922816,-0.5188158338744926
Q9BZL6,PRKD2,MLP,-2.051016935452769,-0.8489973154318995
Q9BZL6,PRKD2,MLP,-0.0026739087849121,-0.7549086421627058
Q9BZL6,PRKD2,MLP,-0.0728171382145121,-0.1447544746523608
Q9BZL6,PRKD2,MLP,-2.511570114859533,-1.9445415998469653
Q9BZL6,PRKD2,MLP,-1.9036543599360172,-0.9638760721121492
Q9H0K1,SIK2,RandomForest,-0.6309819747189479,-0.26469237870015005
Q9H0K1,SIK2,RandomForest,-2.90940187226303,-0.48006024300467287
Q9H0K1,SIK2,RandomForest,-0.6767951569575547,-0.3909941163152299
Q9H0K1,SIK2,RandomForest,-1.0496753300654753,-0.4324868731372331
Q9H0K1,SIK2,RandomForest,0.2014808044096706,-0.009374970131001864
Q9H0K1,SIK2,RandomForest,0.1240198874950806,0.07188677586481179
Q9H0K1,SIK2,RandomForest,-0.2733643949000131,-0.3334516168108774
Q9H0K1,SIK2,RandomForest,-0.4554198502862807,-0.5506145155068051
Q9H0K1,SIK2,RandomForest,-0.0007124899715594,-0.7232542471541419
Q9H0K1,SIK2,RandomForest,-0.8588450189713555,-0.6975977640863416
Q9H0K1,SIK2,RandomForest,-0.2761956739390195,-0.6108953767063983
Q9H0K1,SIK2,RandomForest,-1.8017453541832071,-0.6648057530678565
Q9H0K1,SIK2,RandomForest,-0.5665642083165738,-0.2913302619432504
Q9H0K1,SIK2,RandomForest,-0.8704576817182791,-0.432500179113826
Q9H0K1,SIK2,RandomForest,0.9546324970752176,-0.3205909962034613
Q9H0K1,SIK2,RandomForest,-0.0556051260093663,-1.0329977067831806
Q9H0K1,SIK2,RandomForest,-0.0869874159290868,-0.7149993074709238
Q9H0K1,SIK2,RandomForest,0.1778800912778441,-0.5447364341662857
Q9H0K1,SIK2,RandomForest,-2.821750663475417,-1.2026525861164195
Q9H0K1,SIK2,XGBoost,-0.6309819747189479,-0.40710747241973877
Q9H0K1,SIK2,XGBoost,-2.90940187226303,-0.5714545249938965
Q9H0K1,SIK2,XGBoost,-0.6767951569575547,-0.5347020626068115
Q9H0K1,SIK2,XGBoost,-1.0496753300654753,-0.3901905417442322
Q9H0K1,SIK2,XGBoost,0.2014808044096706,0.01772713102400303
Q9H0K1,SIK2,XGBoost,0.1240198874950806,0.06297942250967026
Q9H0K1,SIK2,XGBoost,-0.2733643949000131,-0.31658610701560974
Q9H0K1,SIK2,XGBoost,-0.4554198502862807,-0.5175408124923706
Q9H0K1,SIK2,XGBoost,-0.0007124899715594,-0.48890799283981323
Q9H0K1,SIK2,XGBoost,-0.8588450189713555,-0.5591357946395874
Q9H0K1,SIK2,XGBoost,-0.2761956739390195,-0.679896354675293
Q9H0K1,SIK2,XGBoost,-1.8017453541832071,-0.17488251626491547
Q9H0K1,SIK2,XGBoost,-0.5665642083165738,-0.08836258202791214
Q9H0K1,SIK2,XGBoost,-0.8704576817182791,-0.28984639048576355
Q9H0K1,SIK2,XGBoost,0.9546324970752176,-0.4121015667915344
Q9H0K1,SIK2,XGBoost,-0.0556051260093663,-1.6285654306411743
Q9H0K1,SIK2,XGBoost,-0.0869874159290868,-1.011966347694397
Q9H0K1,SIK2,XGBoost,0.1778800912778441,-0.3987112045288086
Q9H0K1,SIK2,XGBoost,-2.821750663475417,-1.454954981803894
Q9H0K1,SIK2,PLS,-0.6309819747189479,-0.4675692934657363
Q9H0K1,SIK2,PLS,-2.90940187226303,-0.39465329877323563
Q9H0K1,SIK2,PLS,-0.6767951569575547,-0.11404880850634982
Q9H0K1,SIK2,PLS,-1.0496753300654753,-0.3978102333693983
Q9H0K1,SIK2,PLS,0.2014808044096706,0.17704304560748724
Q9H0K1,SIK2,PLS,0.1240198874950806,0.16593289297780112
Q9H0K1,SIK2,PLS,-0.2733643949000131,-0.38322431081925906
Q9H0K1,SIK2,PLS,-0.4554198502862807,-0.5265181676159262
Q9H0K1,SIK2,PLS,-0.0007124899715594,-0.5047340608066391
Q9H0K1,SIK2,PLS,-0.8588450189713555,-0.6747900062736123
Q9H0K1,SIK2,PLS,-0.2761956739390195,-0.564170415468676
Q9H0K1,SIK2,PLS,-1.8017453541832071,-0.2324878329827308
Q9H0K1,SIK2,PLS,-0.5665642083165738,-0.3036831064218666
Q9H0K1,SIK2,PLS,-0.8704576817182791,-0.5417797212605249
Q9H0K1,SIK2,PLS,0.9546324970752176,0.025487296697517092
Q9H0K1,SIK2,PLS,-0.0556051260093663,-0.8118054780783283
Q9H0K1,SIK2,PLS,-0.0869874159290868,-0.4251195287026366
Q9H0K1,SIK2,PLS,0.1778800912778441,-0.7020230259480766
Q9H0K1,SIK2,PLS,-2.821750663475417,-0.740988614110814
Q9H0K1,SIK2,SVR,-0.6309819747189479,-0.7032509789699218
Q9H0K1,SIK2,SVR,-2.90940187226303,-0.24011196272073937
Q9H0K1,SIK2,SVR,-0.6767951569575547,-0.2873598460292939
Q9H0K1,SIK2,SVR,-1.0496753300654753,-0.37115922480305696
Q9H0K1,SIK2,SVR,0.2014808044096706,0.32902513338549844
Q9H0K1,SIK2,SVR,0.1240198874950806,0.027500622431193777
Q9H0K1,SIK2,SVR,-0.2733643949000131,-0.28462194394919293
Q9H0K1,SIK2,SVR,-0.4554198502862807,-0.621776262492206
Q9H0K1,SIK2,SVR,-0.0007124899715594,-0.534946856839166
Q9H0K1,SIK2,SVR,-0.8588450189713555,-0.47309522883345334
Q9H0K1,SIK2,SVR,-0.2761956739390195,-0.5771918196429568
Q9H0K1,SIK2,SVR,-1.8017453541832071,-0.19696929567166876
Q9H0K1,SIK2,SVR,-0.5665642083165738,-0.5624926303478224
Q9H0K1,SIK2,SVR,-0.8704576817182791,-0.39980931339717307
Q9H0K1,SIK2,SVR,0.9546324970752176,-0.1696817717924609
Q9H0K1,SIK2,SVR,-0.0556051260093663,-0.8480675540738642
Q9H0K1,SIK2,SVR,-0.0869874159290868,-0.5270339582039723
Q9H0K1,SIK2,SVR,0.1778800912778441,-0.5825400772172049
Q9H0K1,SIK2,SVR,-2.821750663475417,-0.7741152557066285
Q9H0K1,SIK2,Lasso,-0.6309819747189479,-0.5162872321934321
Q9H0K1,SIK2,Lasso,-2.90940187226303,-0.47209707150818164
Q9H0K1,SIK2,Lasso,-0.6767951569575547,-0.13709080060199058
Q9H0K1,SIK2,Lasso,-1.0496753300654753,-0.37394014011601445
Q9H0K1,SIK2,Lasso,0.2014808044096706,0.06701117614026886
Q9H0K1,SIK2,Lasso,0.1240198874950806,-0.139166656185411
Q9H0K1,SIK2,Lasso,-0.2733643949000131,-0.40932320165072056
Q9H0K1,SIK2,Lasso,-0.4554198502862807,-0.37293098933310803
Q9H0K1,SIK2,Lasso,-0.0007124899715594,-0.3637102525093205
Q9H0K1,SIK2,Lasso,-0.8588450189713555,-0.6341762719901425
Q9H0K1,SIK2,Lasso,-0.2761956739390195,-0.4368394066584583
Q9H0K1,SIK2,Lasso,-1.8017453541832071,-0.23285213950969297
Q9H0K1,SIK2,Lasso,-0.5665642083165738,-0.2570303236656008
Q9H0K1,SIK2,Lasso,-0.8704576817182791,-0.5165373925924182
Q9H0K1,SIK2,Lasso,0.9546324970752176,-0.08874944627243858
Q9H0K1,SIK2,Lasso,-0.0556051260093663,-0.5303755929808689
Q9H0K1,SIK2,Lasso,-0.0869874159290868,-0.29512635486337513
Q9H0K1,SIK2,Lasso,0.1778800912778441,-0.5570755856346795
Q9H0K1,SIK2,Lasso,-2.821750663475417,-0.5962166985294897
Q9H0K1,SIK2,ElasticNet,-0.6309819747189479,-0.5109640478793993
Q9H0K1,SIK2,ElasticNet,-2.90940187226303,-0.47998482913162815
Q9H0K1,SIK2,ElasticNet,-0.6767951569575547,-0.11544257281978487
Q9H0K1,SIK2,ElasticNet,-1.0496753300654753,-0.3886253735860976
Q9H0K1,SIK2,ElasticNet,0.2014808044096706,0.10112466545625792
Q9H0K1,SIK2,ElasticNet,0.1240198874950806,-0.06410667227304756
Q9H0K1,SIK2,ElasticNet,-0.2733643949000131,-0.4209813115528507
Q9H0K1,SIK2,ElasticNet,-0.4554198502862807,-0.4039955361351126
Q9H0K1,SIK2,ElasticNet,-0.0007124899715594,-0.3974130108183953
Q9H0K1,SIK2,ElasticNet,-0.8588450189713555,-0.6758104612181517
Q9H0K1,SIK2,ElasticNet,-0.2761956739390195,-0.47159138583706933
Q9H0K1,SIK2,ElasticNet,-1.8017453541832071,-0.22584768573580488
Q9H0K1,SIK2,ElasticNet,-0.5665642083165738,-0.24826096592418206
Q9H0K1,SIK2,ElasticNet,-0.8704576817182791,-0.5460297535888083
Q9H0K1,SIK2,ElasticNet,0.9546324970752176,-0.04620383148809415
Q9H0K1,SIK2,ElasticNet,-0.0556051260093663,-0.5980627119698678
Q9H0K1,SIK2,ElasticNet,-0.0869874159290868,-0.3181832936709717
Q9H0K1,SIK2,ElasticNet,0.1778800912778441,-0.6107145316179754
Q9H0K1,SIK2,ElasticNet,-2.821750663475417,-0.636239646266854
Q9H0K1,SIK2,GradientBoosting,-0.6309819747189479,0.008996526440109849
Q9H0K1,SIK2,GradientBoosting,-2.90940187226303,-0.338917542176785
Q9H0K1,SIK2,GradientBoosting,-0.6767951569575547,-0.22802114326918657
Q9H0K1,SIK2,GradientBoosting,-1.0496753300654753,-0.6545354746707953
Q9H0K1,SIK2,GradientBoosting,0.2014808044096706,-0.15931834211779722
Q9H0K1,SIK2,GradientBoosting,0.1240198874950806,0.07033207074396827
Q9H0K1,SIK2,GradientBoosting,-0.2733643949000131,-0.24510002266402106
Q9H0K1,SIK2,GradientBoosting,-0.4554198502862807,-0.34485932917622325
Q9H0K1,SIK2,GradientBoosting,-0.0007124899715594,-0.7368312114520994
Q9H0K1,SIK2,GradientBoosting,-0.8588450189713555,-0.7389949924406342
Q9H0K1,SIK2,GradientBoosting,-0.2761956739390195,-0.5343120494444267
Q9H0K1,SIK2,GradientBoosting,-1.8017453541832071,-0.8304245985810758
Q9H0K1,SIK2,GradientBoosting,-0.5665642083165738,-0.18955023693893314
Q9H0K1,SIK2,GradientBoosting,-0.8704576817182791,-0.19048817987336
Q9H0K1,SIK2,GradientBoosting,0.9546324970752176,-0.33467921705867243
Q9H0K1,SIK2,GradientBoosting,-0.0556051260093663,-1.456539896464692
Q9H0K1,SIK2,GradientBoosting,-0.0869874159290868,-0.7432743357030572
Q9H0K1,SIK2,GradientBoosting,0.1778800912778441,-0.7631135810306087
Q9H0K1,SIK2,GradientBoosting,-2.821750663475417,-1.37073576265138
Q9H0K1,SIK2,MLP,-0.6309819747189479,-0.5883431471955359
Q9H0K1,SIK2,MLP,-2.90940187226303,-0.5213178208421015
Q9H0K1,SIK2,MLP,-0.6767951569575547,-0.2656534371526045
Q9H0K1,SIK2,MLP,-1.0496753300654753,-0.5171532099951506
Q9H0K1,SIK2,MLP,0.2014808044096706,-0.5183304018291591
Q9H0K1,SIK2,MLP,0.1240198874950806,0.007500486973949005
Q9H0K1,SIK2,MLP,-0.2733643949000131,-0.5172142873533758
Q9H0K1,SIK2,MLP,-0.4554198502862807,-0.5189976850603154
Q9H0K1,SIK2,MLP,-0.0007124899715594,-0.515597682563726
Q9H0K1,SIK2,MLP,-0.8588450189713555,-0.5226773951633968
Q9H0K1,SIK2,MLP,-0.2761956739390195,-0.5188966044658775
Q9H0K1,SIK2,MLP,-1.8017453541832071,-0.2184530206051336
Q9H0K1,SIK2,MLP,-0.5665642083165738,0.1258835707069168
Q9H0K1,SIK2,MLP,-0.8704576817182791,-0.5189312861312295
Q9H0K1,SIK2,MLP,0.9546324970752176,-0.18052873959874743
Q9H0K1,SIK2,MLP,-0.0556051260093663,-0.518116431422987
Q9H0K1,SIK2,MLP,-0.0869874159290868,-0.515597682563726
Q9H0K1,SIK2,MLP,0.1778800912778441,-0.5158807514117812
Q9H0K1,SIK2,MLP,-2.821750663475417,-0.7732143562954352
Q9H4A3,WNK1,RandomForest,-0.204287707296475,0.7293028275541884
Q9H4A3,WNK1,RandomForest,1.8411859485217787,-2.2517933057885076
Q9H4A3,WNK1,RandomForest,-0.979646908382668,0.3941250722378784
Q9H4A3,WNK1,RandomForest,0.5442884581823227,1.0720621476187482
Q9H4A3,WNK1,RandomForest,2.5514940316138497,-0.924199074476377
Q9H4A3,WNK1,RandomForest,1.217318017989518,1.0518414567715146
Q9H4A3,WNK1,RandomForest,0.974081706764259,0.594362924109198
Q9H4A3,WNK1,RandomForest,0.6123897202890888,1.2131485289358865
Q9H4A3,WNK1,RandomForest,1.6677681210591475,1.2696261558401662
Q9H4A3,WNK1,RandomForest,2.517504604149553,0.8842138866546189
Q9H4A3,WNK1,RandomForest,1.3492243232507342,-2.8310783906828685
Q9H4A3,WNK1,RandomForest,-3.2305716508567506,-0.012432195166307114
Q9H4A3,WNK1,RandomForest,1.4803411282690928,1.081525744779526
Q9H4A3,WNK1,RandomForest,1.810115914300348,0.8434260527226836
Q9H4A3,WNK1,RandomForest,1.5391733928413032,0.6461702721703786
Q9H4A3,WNK1,RandomForest,0.4307419877107386,1.3730415569362893
Q9H4A3,WNK1,RandomForest,1.808068830097587,-0.5526638160739661
Q9H4A3,WNK1,RandomForest,2.3049451337585154,1.650293426301559
Q9H4A3,WNK1,RandomForest,-0.4373550724978251,1.5300159656216608
Q9H4A3,WNK1,XGBoost,-0.204287707296475,0.4776689112186432
Q9H4A3,WNK1,XGBoost,1.8411859485217787,-2.4300339221954346
Q9H4A3,WNK1,XGBoost,-0.979646908382668,-0.14541363716125488
Q9H4A3,WNK1,XGBoost,0.5442884581823227,1.3071250915527344
Q9H4A3,WNK1,XGBoost,2.5514940316138497,1.2037802934646606
Q9H4A3,WNK1,XGBoost,1.217318017989518,1.0501973628997803
Q9H4A3,WNK1,XGBoost,0.974081706764259,0.37843558192253113
Q9H4A3,WNK1,XGBoost,0.6123897202890888,1.2108116149902344
Q9H4A3,WNK1,XGBoost,1.6677681210591475,0.9943887591362
Q9H4A3,WNK1,XGBoost,2.517504604149553,0.9050818085670471
Q9H4A3,WNK1,XGBoost,1.3492243232507342,-5.831809997558594
Q9H4A3,WNK1,XGBoost,-3.2305716508567506,0.521461546421051
Q9H4A3,WNK1,XGBoost,1.4803411282690928,1.4189679622650146
Q9H4A3,WNK1,XGBoost,1.810115914300348,0.924915611743927
Q9H4A3,WNK1,XGBoost,1.5391733928413032,1.2194725275039673
Q9H4A3,WNK1,XGBoost,0.4307419877107386,1.7100896835327148
Q9H4A3,WNK1,XGBoost,1.808068830097587,1.4759724140167236
Q9H4A3,WNK1,XGBoost,2.3049451337585154,1.9473143815994263
Q9H4A3,WNK1,XGBoost,-0.4373550724978251,1.7863976955413818
Q9H4A3,WNK1,PLS,-0.204287707296475,1.821466103325574
Q9H4A3,WNK1,PLS,1.8411859485217787,-0.7096080338673945
Q9H4A3,WNK1,PLS,-0.979646908382668,-3.0806079231252728
Q9H4A3,WNK1,PLS,0.5442884581823227,0.4335783195801613
Q9H4A3,WNK1,PLS,2.5514940316138497,-1.277444858816124
Q9H4A3,WNK1,PLS,1.217318017989518,-0.5716109893328067
Q9H4A3,WNK1,PLS,0.974081706764259,0.8122189990482794
Q9H4A3,WNK1,PLS,0.6123897202890888,1.8836886489580213
Q9H4A3,WNK1,PLS,1.6677681210591475,1.9572336267879122
Q9H4A3,WNK1,PLS,2.517504604149553,0.38161157270819157
Q9H4A3,WNK1,PLS,1.3492243232507342,-1.7485427349152909
Q9H4A3,WNK1,PLS,-3.2305716508567506,-1.3579536472045237
Q9H4A3,WNK1,PLS,1.4803411282690928,0.3748316539723464
Q9H4A3,WNK1,PLS,1.810115914300348,-0.8860475046892191
Q9H4A3,WNK1,PLS,1.5391733928413032,1.0105374529296423
Q9H4A3,WNK1,PLS,0.4307419877107386,4.017822518265482
Q9H4A3,WNK1,PLS,1.808068830097587,0.04568203099707824
Q9H4A3,WNK1,PLS,2.3049451337585154,3.0214395414311874
Q9H4A3,WNK1,PLS,-0.4373550724978251,0.10329457649247853
Q9H4A3,WNK1,SVR,-0.204287707296475,0.6885412307751605
Q9H4A3,WNK1,SVR,1.8411859485217787,1.0011044331703571
Q9H4A3,WNK1,SVR,-0.979646908382668,-2.6847690216630014
Q9H4A3,WNK1,SVR,0.5442884581823227,0.8056670000199436
Q9H4A3,WNK1,SVR,2.5514940316138497,-0.46284161843062155
Q9H4A3,WNK1,SVR,1.217318017989518,0.4472268755819808
Q9H4A3,WNK1,SVR,0.974081706764259,0.9790395700758435
Q9H4A3,WNK1,SVR,0.6123897202890888,1.05661781662503
Q9H4A3,WNK1,SVR,1.6677681210591475,1.574815665968015
Q9H4A3,WNK1,SVR,2.517504604149553,0.06659662901585406
Q9H4A3,WNK1,SVR,1.3492243232507342,0.28873781021695233
Q9H4A3,WNK1,SVR,-3.2305716508567506,1.2412536581622122
Q9H4A3,WNK1,SVR,1.4803411282690928,0.7915002429138392
Q9H4A3,WNK1,SVR,1.810115914300348,1.8644735586046526
Q9H4A3,WNK1,SVR,1.5391733928413032,0.3562723349824467
Q9H4A3,WNK1,SVR,0.4307419877107386,2.248057106729658
Q9H4A3,WNK1,SVR,1.808068830097587,0.9732083260058965
Q9H4A3,WNK1,SVR,2.3049451337585154,2.5712774832121896
Q9H4A3,WNK1,SVR,-0.4373550724978251,0.8964744071661855
Q9H4A3,WNK1,Lasso,-0.204287707296475,2.149716243380944
Q9H4A3,WNK1,Lasso,1.8411859485217787,-0.45423341038764287
Q9H4A3,WNK1,Lasso,-0.979646908382668,-2.151289622234395
Q9H4A3,WNK1,Lasso,0.5442884581823227,0.4665309077320087
Q9H4A3,WNK1,Lasso,2.5514940316138497,-1.0285781303693422
Q9H4A3,WNK1,Lasso,1.217318017989518,-0.554910171023625
Q9H4A3,WNK1,Lasso,0.974081706764259,0.7880564676440105
Q9H4A3,WNK1,Lasso,0.6123897202890888,1.6481968655463886
Q9H4A3,WNK1,Lasso,1.6677681210591475,1.4824154998288144
Q9H4A3,WNK1,Lasso,2.517504604149553,0.6496768405983792
Q9H4A3,WNK1,Lasso,1.3492243232507342,-1.5922168623775617
Q9H4A3,WNK1,Lasso,-3.2305716508567506,-1.6801261668734357
Q9H4A3,WNK1,Lasso,1.4803411282690928,0.28862481974071047
Q9H4A3,WNK1,Lasso,1.810115914300348,-0.8238716919979205
Q9H4A3,WNK1,Lasso,1.5391733928413032,1.4548765401554284
Q9H4A3,WNK1,Lasso,0.4307419877107386,3.2599338405222147
Q9H4A3,WNK1,Lasso,1.808068830097587,0.03479109370881073
Q9H4A3,WNK1,Lasso,2.3049451337585154,2.529081229208021
Q9H4A3,WNK1,Lasso,-0.4373550724978251,0.2992862290368936
Q9H4A3,WNK1,ElasticNet,-0.204287707296475,1.8916973373754407
Q9H4A3,WNK1,ElasticNet,1.8411859485217787,-0.38107339337902746
Q9H4A3,WNK1,ElasticNet,-0.979646908382668,-2.3880752197819044
Q9H4A3,WNK1,ElasticNet,0.5442884581823227,0.6004185498318244
Q9H4A3,WNK1,ElasticNet,2.5514940316138497,-1.18092312227
Q9H4A3,WNK1,ElasticNet,1.217318017989518,-0.586299697568236
Q9H4A3,WNK1,ElasticNet,0.974081706764259,0.8840061048755367
Q9H4A3,WNK1,ElasticNet,0.6123897202890888,1.6057548181691637
Q9H4A3,WNK1,ElasticNet,1.6677681210591475,1.622770963467131
Q9H4A3,WNK1,ElasticNet,2.517504604149553,0.5435700051272263
Q9H4A3,WNK1,ElasticNet,1.3492243232507342,-1.441784699829916
Q9H4A3,WNK1,ElasticNet,-3.2305716508567506,-1.6501364636919886
Q9H4A3,WNK1,ElasticNet,1.4803411282690928,0.29758863638127625
Q9H4A3,WNK1,ElasticNet,1.810115914300348,-0.47412762220184534
Q9H4A3,WNK1,ElasticNet,1.5391733928413032,1.2098511751850984
Q9H4A3,WNK1,ElasticNet,0.4307419877107386,3.319338488516851
Q9H4A3,WNK1,ElasticNet,1.808068830097587,0.1811245749782185
Q9H4A3,WNK1,ElasticNet,2.3049451337585154,2.832597238493137
Q9H4A3,WNK1,ElasticNet,-0.4373550724978251,0.3960446856142903
Q9H4A3,WNK1,GradientBoosting,-0.204287707296475,1.1500247890450188
Q9H4A3,WNK1,GradientBoosting,1.8411859485217787,-4.9875730746213245
Q9H4A3,WNK1,GradientBoosting,-0.979646908382668,0.9184461055132765
Q9H4A3,WNK1,GradientBoosting,0.5442884581823227,0.4189527989990078
Q9H4A3,WNK1,GradientBoosting,2.5514940316138497,-3.977296967661438
Q9H4A3,WNK1,GradientBoosting,1.217318017989518,0.7813338552233622
Q9H4A3,WNK1,GradientBoosting,0.974081706764259,0.3527943234199855
Q9H4A3,WNK1,GradientBoosting,0.6123897202890888,1.118254243972851
Q9H4A3,WNK1,GradientBoosting,1.6677681210591475,1.2462874659229095
Q9H4A3,WNK1,GradientBoosting,2.517504604149553,0.9100883135743955
Q9H4A3,WNK1,GradientBoosting,1.3492243232507342,-6.124299639851084
Q9H4A3,WNK1,GradientBoosting,-3.2305716508567506,0.7147639342325518
Q9H4A3,WNK1,GradientBoosting,1.4803411282690928,1.4306070180410555
Q9H4A3,WNK1,GradientBoosting,1.810115914300348,1.25654579462249
Q9H4A3,WNK1,GradientBoosting,1.5391733928413032,0.6758539233331803
Q9H4A3,WNK1,GradientBoosting,0.4307419877107386,1.7072893924900325
Q9H4A3,WNK1,GradientBoosting,1.808068830097587,-2.0416982018251075
Q9H4A3,WNK1,GradientBoosting,2.3049451337585154,2.0117372797949384
Q9H4A3,WNK1,GradientBoosting,-0.4373550724978251,1.4090386372726222
Q9H4A3,WNK1,MLP,-0.204287707296475,0.9322147510393419
Q9H4A3,WNK1,MLP,1.8411859485217787,0.837266475026698
Q9H4A3,WNK1,MLP,-0.979646908382668,-3.7779443709168143
Q9H4A3,WNK1,MLP,0.5442884581823227,-0.9243361956225788
Q9H4A3,WNK1,MLP,2.5514940316138497,-1.5186573691674174
Q9H4A3,WNK1,MLP,1.217318017989518,1.2217700999173293
Q9H4A3,WNK1,MLP,0.974081706764259,-1.063895628404953
Q9H4A3,WNK1,MLP,0.6123897202890888,1.3290655263331002
Q9H4A3,WNK1,MLP,1.6677681210591475,1.854630806377118
Q9H4A3,WNK1,MLP,2.517504604149553,-0.2641241948260233
Q9H4A3,WNK1,MLP,1.3492243232507342,-3.1491431297236114
Q9H4A3,WNK1,MLP,-3.2305716508567506,1.2407835552895383
Q9H4A3,WNK1,MLP,1.4803411282690928,0.03813859627518795
Q9H4A3,WNK1,MLP,1.810115914300348,-0.7846705471455857
Q9H4A3,WNK1,MLP,1.5391733928413032,-0.7465036376628975
Q9H4A3,WNK1,MLP,0.4307419877107386,3.51100384075809
Q9H4A3,WNK1,MLP,1.808068830097587,0.38423973257183014
Q9H4A3,WNK1,MLP,2.3049451337585154,4.4983100703676975
Q9H4A3,WNK1,MLP,-0.4373550724978251,-0.0017772222065435272
Q9HAZ1,CLK4,RandomForest,-0.048606274908048,-0.12048741275223128
Q9HAZ1,CLK4,RandomForest,-0.1736991949714294,0.027327580746920762
Q9HAZ1,CLK4,RandomForest,1.0600439975506308,0.12163689320907664
Q9HAZ1,CLK4,RandomForest,-1.4526136542630883,0.6397351263950858
Q9HAZ1,CLK4,RandomForest,0.8758812335712706,0.2850218434695844
Q9HAZ1,CLK4,RandomForest,-0.19111339755015,-0.11608963853737456
Q9HAZ1,CLK4,RandomForest,0.9493579404867492,-0.1295763962821182
Q9HAZ1,CLK4,RandomForest,2.4293871943903014,0.7109907664454019
Q9HAZ1,CLK4,RandomForest,1.497505131562047,0.7161207073494475
Q9HAZ1,CLK4,RandomForest,1.4104955338250842,0.3684687628260893
Q9HAZ1,CLK4,RandomForest,2.769199059141356,0.10675903011669535
Q9HAZ1,CLK4,RandomForest,-0.5139441180638948,-0.3493720800095983
Q9HAZ1,CLK4,RandomForest,2.823804912351362,-0.4633305398785735
Q9HAZ1,CLK4,RandomForest,-0.0548929548924092,-0.46403258130808145
Q9HAZ1,CLK4,RandomForest,-1.365404714952949,0.3985693438037288
Q9HAZ1,CLK4,RandomForest,2.10594089093466,0.4134638124495534
Q9HAZ1,CLK4,RandomForest,1.809125892724062,0.15794216819397838
Q9HAZ1,CLK4,RandomForest,-0.961198643712204,0.13605470926597563
Q9HAZ1,CLK4,RandomForest,0.0353118785092379,-0.41665618069479565
Q9HAZ1,CLK4,XGBoost,-0.048606274908048,0.6128261089324951
Q9HAZ1,CLK4,XGBoost,-0.1736991949714294,-0.017438393086194992
Q9HAZ1,CLK4,XGBoost,1.0600439975506308,-0.2874717116355896
Q9HAZ1,CLK4,XGBoost,-1.4526136542630883,1.1724921464920044
Q9HAZ1,CLK4,XGBoost,0.8758812335712706,0.16172130405902863
Q9HAZ1,CLK4,XGBoost,-0.19111339755015,0.016650602221488953
Q9HAZ1,CLK4,XGBoost,0.9493579404867492,-0.04194669798016548
Q9HAZ1,CLK4,XGBoost,2.4293871943903014,-0.18835203349590302
Q9HAZ1,CLK4,XGBoost,1.497505131562047,1.3451323509216309
Q9HAZ1,CLK4,XGBoost,1.4104955338250842,0.9984330534934998
Q9HAZ1,CLK4,XGBoost,2.769199059141356,-0.05089050158858299
Q9HAZ1,CLK4,XGBoost,-0.5139441180638948,-1.7469877004623413
Q9HAZ1,CLK4,XGBoost,2.823804912351362,0.06632700562477112
Q9HAZ1,CLK4,XGBoost,-0.0548929548924092,-0.6991376280784607
Q9HAZ1,CLK4,XGBoost,-1.365404714952949,0.6129835844039917
Q9HAZ1,CLK4,XGBoost,2.10594089093466,0.6743786334991455
Q9HAZ1,CLK4,XGBoost,1.809125892724062,0.6375131607055664
Q9HAZ1,CLK4,XGBoost,-0.961198643712204,0.3842361271381378
Q9HAZ1,CLK4,XGBoost,0.0353118785092379,-0.7219635248184204
Q9HAZ1,CLK4,PLS,-0.048606274908048,0.10966652840964938
Q9HAZ1,CLK4,PLS,-0.1736991949714294,-0.09647461388921011
Q9HAZ1,CLK4,PLS,1.0600439975506308,0.21739108562742998
Q9HAZ1,CLK4,PLS,-1.4526136542630883,-0.2483790595044607
Q9HAZ1,CLK4,PLS,0.8758812335712706,0.8579026132435804
Q9HAZ1,CLK4,PLS,-0.19111339755015,0.23311641955757853
Q9HAZ1,CLK4,PLS,0.9493579404867492,-0.45866881674424487
Q9HAZ1,CLK4,PLS,2.4293871943903014,0.10673741045546369
Q9HAZ1,CLK4,PLS,1.497505131562047,0.40427975212044
Q9HAZ1,CLK4,PLS,1.4104955338250842,-0.1492676004892314
Q9HAZ1,CLK4,PLS,2.769199059141356,-0.03891947763487299
Q9HAZ1,CLK4,PLS,-0.5139441180638948,-0.327851075465868
Q9HAZ1,CLK4,PLS,2.823804912351362,-0.2570788266288015
Q9HAZ1,CLK4,PLS,-0.0548929548924092,0.04451828808486834
Q9HAZ1,CLK4,PLS,-1.365404714952949,0.4662378258374664
Q9HAZ1,CLK4,PLS,2.10594089093466,0.20250696152331782
Q9HAZ1,CLK4,PLS,1.809125892724062,0.23375937279430128
Q9HAZ1,CLK4,PLS,-0.961198643712204,-0.2647507736515275
Q9HAZ1,CLK4,PLS,0.0353118785092379,-0.20116566628163912
Q9HAZ1,CLK4,SVR,-0.048606274908048,0.24104004306759402
Q9HAZ1,CLK4,SVR,-0.1736991949714294,-0.3329282552310877
Q9HAZ1,CLK4,SVR,1.0600439975506308,-0.04209119793305584
Q9HAZ1,CLK4,SVR,-1.4526136542630883,-0.40048781189345695
Q9HAZ1,CLK4,SVR,0.8758812335712706,0.8097095357964981
Q9HAZ1,CLK4,SVR,-0.19111339755015,-0.01669352074970877
Q9HAZ1,CLK4,SVR,0.9493579404867492,-0.4100381934961428
Q9HAZ1,CLK4,SVR,2.4293871943903014,-0.018732967132919956
Q9HAZ1,CLK4,SVR,1.497505131562047,0.3507287474047951
Q9HAZ1,CLK4,SVR,1.4104955338250842,-0.11909246182840035
Q9HAZ1,CLK4,SVR,2.769199059141356,0.08393080722646638
Q9HAZ1,CLK4,SVR,-0.5139441180638948,-0.14982357207117802
Q9HAZ1,CLK4,SVR,2.823804912351362,0.07485841305950201
Q9HAZ1,CLK4,SVR,-0.0548929548924092,-0.10372254345911337
Q9HAZ1,CLK4,SVR,-1.365404714952949,0.14716301511032848
Q9HAZ1,CLK4,SVR,2.10594089093466,0.24319982442391996
Q9HAZ1,CLK4,SVR,1.809125892724062,0.2934615442448042
Q9HAZ1,CLK4,SVR,-0.961198643712204,-0.05080051079702576
Q9HAZ1,CLK4,SVR,0.0353118785092379,0.21718146435621188
Q9HAZ1,CLK4,Lasso,-0.048606274908048,0.06999587244858599
Q9HAZ1,CLK4,Lasso,-0.1736991949714294,0.18128992446558045
Q9HAZ1,CLK4,Lasso,1.0600439975506308,0.2566315430596193
Q9HAZ1,CLK4,Lasso,-1.4526136542630883,-0.05044906914947278
Q9HAZ1,CLK4,Lasso,0.8758812335712706,0.6578322045317191
Q9HAZ1,CLK4,Lasso,-0.19111339755015,0.2925042677790961
Q9HAZ1,CLK4,Lasso,0.9493579404867492,-0.23862380467456368
Q9HAZ1,CLK4,Lasso,2.4293871943903014,0.05793031265911047
Q9HAZ1,CLK4,Lasso,1.497505131562047,0.29127657037614285
Q9HAZ1,CLK4,Lasso,1.4104955338250842,-0.027197264640622082
Q9HAZ1,CLK4,Lasso,2.769199059141356,-0.020574202291148425
Q9HAZ1,CLK4,Lasso,-0.5139441180638948,-0.03406045329458704
Q9HAZ1,CLK4,Lasso,2.823804912351362,-0.09925216816073135
Q9HAZ1,CLK4,Lasso,-0.0548929548924092,0.12883555180129377
Q9HAZ1,CLK4,Lasso,-1.365404714952949,0.45776930521719494
Q9HAZ1,CLK4,Lasso,2.10594089093466,-0.04136914591369131
Q9HAZ1,CLK4,Lasso,1.809125892724062,0.1146184247626969
Q9HAZ1,CLK4,Lasso,-0.961198643712204,-0.2331313949575654
Q9HAZ1,CLK4,Lasso,0.0353118785092379,-0.17322654397844847
Q9HAZ1,CLK4,ElasticNet,-0.048606274908048,0.07239884498369145
Q9HAZ1,CLK4,ElasticNet,-0.1736991949714294,0.203041648535704
Q9HAZ1,CLK4,ElasticNet,1.0600439975506308,0.2914815974717773
Q9HAZ1,CLK4,ElasticNet,-1.4526136542630883,-0.06898575337405424
Q9HAZ1,CLK4,ElasticNet,0.8758812335712706,0.7624320054381751
Q9HAZ1,CLK4,ElasticNet,-0.19111339755015,0.33359088582517826
Q9HAZ1,CLK4,ElasticNet,0.9493579404867492,-0.2898751410917597
Q9HAZ1,CLK4,ElasticNet,2.4293871943903014,0.058235657205419025
Q9HAZ1,CLK4,ElasticNet,1.497505131562047,0.3321497501334808
Q9HAZ1,CLK4,ElasticNet,1.4104955338250842,-0.04169156402945447
Q9HAZ1,CLK4,ElasticNet,2.769199059141356,-0.033917065592620727
Q9HAZ1,CLK4,ElasticNet,-0.5139441180638948,-0.04974793533421594
Q9HAZ1,CLK4,ElasticNet,2.823804912351362,-0.1262733941896092
Q9HAZ1,CLK4,ElasticNet,-0.0548929548924092,0.14146795093703946
Q9HAZ1,CLK4,ElasticNet,-1.365404714952949,0.5275876666840933
Q9HAZ1,CLK4,ElasticNet,2.10594089093466,-0.05832726259165
Q9HAZ1,CLK4,ElasticNet,1.809125892724062,0.12477914051890676
Q9HAZ1,CLK4,ElasticNet,-0.961198643712204,-0.2834278620981312
Q9HAZ1,CLK4,ElasticNet,0.0353118785092379,-0.21310840174563794
Q9HAZ1,CLK4,GradientBoosting,-0.048606274908048,0.3795373531668941
Q9HAZ1,CLK4,GradientBoosting,-0.1736991949714294,0.18625481643337416
Q9HAZ1,CLK4,GradientBoosting,1.0600439975506308,-0.13359180156205558
Q9HAZ1,CLK4,GradientBoosting,-1.4526136542630883,0.8293883520177878
Q9HAZ1,CLK4,GradientBoosting,0.8758812335712706,0.32485107883077585
Q9HAZ1,CLK4,GradientBoosting,-0.19111339755015,-0.33717502363551
Q9HAZ1,CLK4,GradientBoosting,0.9493579404867492,-1.0916831840109678
Q9HAZ1,CLK4,GradientBoosting,2.4293871943903014,0.7390602979408466
Q9HAZ1,CLK4,GradientBoosting,1.497505131562047,1.1101250234585136
Q9HAZ1,CLK4,GradientBoosting,1.4104955338250842,1.0781593576968458
Q9HAZ1,CLK4,GradientBoosting,2.769199059141356,-1.7456582939808398
Q9HAZ1,CLK4,GradientBoosting,-0.5139441180638948,0.7074758050369779
Q9HAZ1,CLK4,GradientBoosting,2.823804912351362,0.16732026526430654
Q9HAZ1,CLK4,GradientBoosting,-0.0548929548924092,-0.6857877546418822
Q9HAZ1,CLK4,GradientBoosting,-1.365404714952949,0.6195390878468641
Q9HAZ1,CLK4,GradientBoosting,2.10594089093466,0.4053471548365034
Q9HAZ1,CLK4,GradientBoosting,1.809125892724062,-1.2890820817547917
Q9HAZ1,CLK4,GradientBoosting,-0.961198643712204,0.18748589748058597
Q9HAZ1,CLK4,GradientBoosting,0.0353118785092379,-1.0218688476916014
Q9HAZ1,CLK4,MLP,-0.048606274908048,-0.07744761227167074
Q9HAZ1,CLK4,MLP,-0.1736991949714294,0.5574376469398987
Q9HAZ1,CLK4,MLP,1.0600439975506308,0.5456632405664147
Q9HAZ1,CLK4,MLP,-1.4526136542630883,0.13356520625961965
Q9HAZ1,CLK4,MLP,0.8758812335712706,0.5467769217541449
Q9HAZ1,CLK4,MLP,-0.19111339755015,0.573168854882444
Q9HAZ1,CLK4,MLP,0.9493579404867492,-0.07744761227167074
Q9HAZ1,CLK4,MLP,2.4293871943903014,0.11664006734381566
Q9HAZ1,CLK4,MLP,1.497505131562047,0.28540046170977174
Q9HAZ1,CLK4,MLP,1.4104955338250842,-0.07744761227167074
Q9HAZ1,CLK4,MLP,2.769199059141356,-0.07744761227167074
Q9HAZ1,CLK4,MLP,-0.5139441180638948,-0.07744761227167074
Q9HAZ1,CLK4,MLP,2.823804912351362,-0.07744761227167074
Q9HAZ1,CLK4,MLP,-0.0548929548924092,0.33680234861192676
Q9HAZ1,CLK4,MLP,-1.365404714952949,0.7575951011991775
Q9HAZ1,CLK4,MLP,2.10594089093466,-0.07744761227167074
Q9HAZ1,CLK4,MLP,1.809125892724062,-0.07744761227167074
Q9HAZ1,CLK4,MLP,-0.961198643712204,-0.07744761227167074
Q9HAZ1,CLK4,MLP,0.0353118785092379,-0.07744761227167074
Q9HBH9,MKNK2,RandomForest,-0.7265456266108196,-0.5924100873919782
Q9HBH9,MKNK2,RandomForest,-1.2800914909264671,-0.7671768881679216
Q9HBH9,MKNK2,RandomForest,-0.8159607208092396,0.7533959442151599
Q9HBH9,MKNK2,RandomForest,0.2410378224753203,-0.4275191213010423
Q9HBH9,MKNK2,RandomForest,0.4596485671597792,-0.73693271599102
Q9HBH9,MKNK2,RandomForest,-1.7179595555471057,-0.5130126707745098
Q9HBH9,MKNK2,RandomForest,-0.2957695929850817,-0.11003753594808297
Q9HBH9,MKNK2,RandomForest,2.091131617405587,0.1320090317286528
Q9HBH9,MKNK2,RandomForest,-0.2118555579424663,0.3577928847684418
Q9HBH9,MKNK2,RandomForest,-0.1509291513631996,-1.0122886539650577
Q9HBH9,MKNK2,RandomForest,2.256847435831137,-0.7502213228962357
Q9HBH9,MKNK2,RandomForest,-0.8220999694065618,-0.11439725301982141
Q9HBH9,MKNK2,RandomForest,0.9199418401428866,-0.29829063523634747
Q9HBH9,MKNK2,RandomForest,-0.4349350552022635,-0.7532034915993324
Q9HBH9,MKNK2,RandomForest,-0.7851434067542908,-0.7647573101661908
Q9HBH9,MKNK2,RandomForest,1.0648545011933297,-0.45235622476861154
Q9HBH9,MKNK2,RandomForest,0.8082949854005922,0.0708159039482191
Q9HBH9,MKNK2,RandomForest,-0.2686781482166057,0.12223329868971276
Q9HBH9,MKNK2,RandomForest,0.5585141659878305,-0.3756864787175256
Q9HBH9,MKNK2,XGBoost,-0.7265456266108196,-0.9138436317443848
Q9HBH9,MKNK2,XGBoost,-1.2800914909264671,-0.7488898038864136
Q9HBH9,MKNK2,XGBoost,-0.8159607208092396,-0.6496204733848572
Q9HBH9,MKNK2,XGBoost,0.2410378224753203,-0.6707966923713684
Q9HBH9,MKNK2,XGBoost,0.4596485671597792,-1.2435539960861206
Q9HBH9,MKNK2,XGBoost,-1.7179595555471057,-0.8486226201057434
Q9HBH9,MKNK2,XGBoost,-0.2957695929850817,-0.45331549644470215
Q9HBH9,MKNK2,XGBoost,2.091131617405587,-0.4291711449623108
Q9HBH9,MKNK2,XGBoost,-0.2118555579424663,-0.6944467425346375
Q9HBH9,MKNK2,XGBoost,-0.1509291513631996,-1.5218853950500488
Q9HBH9,MKNK2,XGBoost,2.256847435831137,-0.8773072361946106
Q9HBH9,MKNK2,XGBoost,-0.8220999694065618,-0.25271186232566833
Q9HBH9,MKNK2,XGBoost,0.9199418401428866,-0.6627262234687805
Q9HBH9,MKNK2,XGBoost,-0.4349350552022635,-0.7160435318946838
Q9HBH9,MKNK2,XGBoost,-0.7851434067542908,-0.6850038766860962
Q9HBH9,MKNK2,XGBoost,1.0648545011933297,-0.36957910656929016
Q9HBH9,MKNK2,XGBoost,0.8082949854005922,0.3830357789993286
Q9HBH9,MKNK2,XGBoost,-0.2686781482166057,0.09074810892343521
Q9HBH9,MKNK2,XGBoost,0.5585141659878305,1.212844729423523
Q9HBH9,MKNK2,PLS,-0.7265456266108196,-1.9230497034987455
Q9HBH9,MKNK2,PLS,-1.2800914909264671,-0.4378392278687415
Q9HBH9,MKNK2,PLS,-0.8159607208092396,-0.16220772436182165
Q9HBH9,MKNK2,PLS,0.2410378224753203,-0.3532857795515663
Q9HBH9,MKNK2,PLS,0.4596485671597792,-0.6326524362399873
Q9HBH9,MKNK2,PLS,-1.7179595555471057,-0.4378015706448152
Q9HBH9,MKNK2,PLS,-0.2957695929850817,-0.05342838567939506
Q9HBH9,MKNK2,PLS,2.091131617405587,-0.18093618361530125
Q9HBH9,MKNK2,PLS,-0.2118555579424663,0.09920606342579025
Q9HBH9,MKNK2,PLS,-0.1509291513631996,-0.9356199614416789
Q9HBH9,MKNK2,PLS,2.256847435831137,-0.48676231964534883
Q9HBH9,MKNK2,PLS,-0.8220999694065618,-0.08042974738782627
Q9HBH9,MKNK2,PLS,0.9199418401428866,-0.39421691266516756
Q9HBH9,MKNK2,PLS,-0.4349350552022635,-1.075038244270078
Q9HBH9,MKNK2,PLS,-0.7851434067542908,-0.9995767922124141
Q9HBH9,MKNK2,PLS,1.0648545011933297,-0.23692522037055605
Q9HBH9,MKNK2,PLS,0.8082949854005922,-0.10525028683530929
Q9HBH9,MKNK2,PLS,-0.2686781482166057,-0.2313339951804458
Q9HBH9,MKNK2,PLS,0.5585141659878305,-0.32698760967802065
Q9HBH9,MKNK2,SVR,-0.7265456266108196,-1.8925450706399178
Q9HBH9,MKNK2,SVR,-1.2800914909264671,-0.7475307253580967
Q9HBH9,MKNK2,SVR,-0.8159607208092396,-0.692970071137305
Q9HBH9,MKNK2,SVR,0.2410378224753203,-0.6385684058643231
Q9HBH9,MKNK2,SVR,0.4596485671597792,-0.7837708745207106
Q9HBH9,MKNK2,SVR,-1.7179595555471057,-0.7982528524942981
Q9HBH9,MKNK2,SVR,-0.2957695929850817,-0.23206824448070107
Q9HBH9,MKNK2,SVR,2.091131617405587,-0.7487505316073062
Q9HBH9,MKNK2,SVR,-0.2118555579424663,-0.5508346555511754
Q9HBH9,MKNK2,SVR,-0.1509291513631996,-1.1877144532496957
Q9HBH9,MKNK2,SVR,2.256847435831137,-1.0570917230262673
Q9HBH9,MKNK2,SVR,-0.8220999694065618,-0.45934877041861466
Q9HBH9,MKNK2,SVR,0.9199418401428866,-0.9039238161276182
Q9HBH9,MKNK2,SVR,-0.4349350552022635,-1.2984817446424048
Q9HBH9,MKNK2,SVR,-0.7851434067542908,-1.259519105947275
Q9HBH9,MKNK2,SVR,1.0648545011933297,-0.8285364108146858
Q9HBH9,MKNK2,SVR,0.8082949854005922,-0.7297620155771856
Q9HBH9,MKNK2,SVR,-0.2686781482166057,-0.7824648574794957
Q9HBH9,MKNK2,SVR,0.5585141659878305,-0.806033117377777
Q9HBH9,MKNK2,Lasso,-0.7265456266108196,-1.580352295040437
Q9HBH9,MKNK2,Lasso,-1.2800914909264671,-0.439514117086491
Q9HBH9,MKNK2,Lasso,-0.8159607208092396,-0.20401325857474803
Q9HBH9,MKNK2,Lasso,0.2410378224753203,-0.3834052326786914
Q9HBH9,MKNK2,Lasso,0.4596485671597792,-0.5381307693276406
Q9HBH9,MKNK2,Lasso,-1.7179595555471057,-0.4515886236066654
Q9HBH9,MKNK2,Lasso,-0.2957695929850817,-0.21488657231663064
Q9HBH9,MKNK2,Lasso,2.091131617405587,-0.21968163709879046
Q9HBH9,MKNK2,Lasso,-0.2118555579424663,0.035126082354413946
Q9HBH9,MKNK2,Lasso,-0.1509291513631996,-0.7564985379186073
Q9HBH9,MKNK2,Lasso,2.256847435831137,-0.42738946004016454
Q9HBH9,MKNK2,Lasso,-0.8220999694065618,-0.18288192711254136
Q9HBH9,MKNK2,Lasso,0.9199418401428866,-0.36820644475294456
Q9HBH9,MKNK2,Lasso,-0.4349350552022635,-0.9239234603608656
Q9HBH9,MKNK2,Lasso,-0.7851434067542908,-0.9193049869294099
Q9HBH9,MKNK2,Lasso,1.0648545011933297,-0.22215263112041542
Q9HBH9,MKNK2,Lasso,0.8082949854005922,-0.16285568115899793
Q9HBH9,MKNK2,Lasso,-0.2686781482166057,-0.2661573412422814
Q9HBH9,MKNK2,Lasso,0.5585141659878305,-0.3550974018329737
Q9HBH9,MKNK2,ElasticNet,-0.7265456266108196,-1.6916420179462937
Q9HBH9,MKNK2,ElasticNet,-1.2800914909264671,-0.4384014098621104
Q9HBH9,MKNK2,ElasticNet,-0.8159607208092396,-0.1783177691508761
Q9HBH9,MKNK2,ElasticNet,0.2410378224753203,-0.37547879504952625
Q9HBH9,MKNK2,ElasticNet,0.4596485671597792,-0.5983149920077575
Q9HBH9,MKNK2,ElasticNet,-1.7179595555471057,-0.43657342121352505
Q9HBH9,MKNK2,ElasticNet,-0.2957695929850817,-0.16561465471361284
Q9HBH9,MKNK2,ElasticNet,2.091131617405587,-0.18959919074819634
Q9HBH9,MKNK2,ElasticNet,-0.2118555579424663,0.06309323736209405
Q9HBH9,MKNK2,ElasticNet,-0.1509291513631996,-0.8283253154406306
Q9HBH9,MKNK2,ElasticNet,2.256847435831137,-0.4292169244305827
Q9HBH9,MKNK2,ElasticNet,-0.8220999694065618,-0.14472219678255133
Q9HBH9,MKNK2,ElasticNet,0.9199418401428866,-0.3652256084817351
Q9HBH9,MKNK2,ElasticNet,-0.4349350552022635,-0.9670887532508616
Q9HBH9,MKNK2,ElasticNet,-0.7851434067542908,-0.9201233096442359
Q9HBH9,MKNK2,ElasticNet,1.0648545011933297,-0.21797692994216686
Q9HBH9,MKNK2,ElasticNet,0.8082949854005922,-0.12146119586727427
Q9HBH9,MKNK2,ElasticNet,-0.2686781482166057,-0.23551316328041083
Q9HBH9,MKNK2,ElasticNet,0.5585141659878305,-0.3277853713058039
Q9HBH9,MKNK2,GradientBoosting,-0.7265456266108196,-0.12805353979502399
Q9HBH9,MKNK2,GradientBoosting,-1.2800914909264671,-0.9023618746352998
Q9HBH9,MKNK2,GradientBoosting,-0.8159607208092396,-0.20151884188112026
Q9HBH9,MKNK2,GradientBoosting,0.2410378224753203,-0.47799550819196535
Q9HBH9,MKNK2,GradientBoosting,0.4596485671597792,-1.0973261559082181
Q9HBH9,MKNK2,GradientBoosting,-1.7179595555471057,-0.8171267487932303
Q9HBH9,MKNK2,GradientBoosting,-0.2957695929850817,-0.48383236278635944
Q9HBH9,MKNK2,GradientBoosting,2.091131617405587,0.1482518375049258
Q9HBH9,MKNK2,GradientBoosting,-0.2118555579424663,-0.10953805278562834
Q9HBH9,MKNK2,GradientBoosting,-0.1509291513631996,-1.2433820368617643
Q9HBH9,MKNK2,GradientBoosting,2.256847435831137,-0.8837913357717049
Q9HBH9,MKNK2,GradientBoosting,-0.8220999694065618,-0.5799163132129299
Q9HBH9,MKNK2,GradientBoosting,0.9199418401428866,-0.42416731917987033
Q9HBH9,MKNK2,GradientBoosting,-0.4349350552022635,-0.638278436076187
Q9HBH9,MKNK2,GradientBoosting,-0.7851434067542908,-0.5206268449497049
Q9HBH9,MKNK2,GradientBoosting,1.0648545011933297,-0.5017558036035294
Q9HBH9,MKNK2,GradientBoosting,0.8082949854005922,-0.1299944455342241
Q9HBH9,MKNK2,GradientBoosting,-0.2686781482166057,-0.3862178367104028
Q9HBH9,MKNK2,GradientBoosting,0.5585141659878305,-0.3562644519018456
Q9HBH9,MKNK2,MLP,-0.7265456266108196,-1.8706902212399787
Q9HBH9,MKNK2,MLP,-1.2800914909264671,-0.29117003730429963
Q9HBH9,MKNK2,MLP,-0.8159607208092396,-0.29117003730429963
Q9HBH9,MKNK2,MLP,0.2410378224753203,-0.29117003730429963
Q9HBH9,MKNK2,MLP,0.4596485671597792,-0.6245930183688626
Q9HBH9,MKNK2,MLP,-1.7179595555471057,-0.29117003730429963
Q9HBH9,MKNK2,MLP,-0.2957695929850817,-0.29539622922373115
Q9HBH9,MKNK2,MLP,2.091131617405587,-0.29117003730429963
Q9HBH9,MKNK2,MLP,-0.2118555579424663,-0.29117003730429963
Q9HBH9,MKNK2,MLP,-0.1509291513631996,-0.5536209421476685
Q9HBH9,MKNK2,MLP,2.256847435831137,-0.29117003730429963
Q9HBH9,MKNK2,MLP,-0.8220999694065618,-0.29117003730429963
Q9HBH9,MKNK2,MLP,0.9199418401428866,-0.29117003730429963
Q9HBH9,MKNK2,MLP,-0.4349350552022635,-0.7193270139681992
Q9HBH9,MKNK2,MLP,-0.7851434067542908,-0.5910021452780096
Q9HBH9,MKNK2,MLP,1.0648545011933297,-0.29117003730429963
Q9HBH9,MKNK2,MLP,0.8082949854005922,-0.29117003730429963
Q9HBH9,MKNK2,MLP,-0.2686781482166057,-0.29117003730429963
Q9HBH9,MKNK2,MLP,0.5585141659878305,-0.29117003730429963
Q9NSY1,BMP2K,RandomForest,-0.492311311875057,-0.288723476372883
Q9NSY1,BMP2K,RandomForest,1.48903403292795,-0.7579322512343662
Q9NSY1,BMP2K,RandomForest,0.336156880549829,-0.01898546761766294
Q9NSY1,BMP2K,RandomForest,-2.2470473065572825,-1.633693077390106
Q9NSY1,BMP2K,RandomForest,-0.6659068088096516,-0.37551214389509113
Q9NSY1,BMP2K,RandomForest,-0.8757547938181397,0.04444099629868029
Q9NSY1,BMP2K,RandomForest,-3.4186459502488327,-1.43989121803973
Q9NSY1,BMP2K,RandomForest,1.4395826605992526,-0.6322141006742791
Q9NSY1,BMP2K,RandomForest,0.7180895874325491,-0.08471476175678795
Q9NSY1,BMP2K,RandomForest,-2.524855655251827,-1.439780233425766
Q9NSY1,BMP2K,RandomForest,-0.309805619943166,-0.3998500571516967
Q9NSY1,BMP2K,RandomForest,-1.9583992433993456,0.0010999022449806784
Q9NSY1,BMP2K,RandomForest,-0.5572002513157982,0.17685049358035548
Q9NSY1,BMP2K,RandomForest,1.0886646275984142,-1.0024351517363632
Q9NSY1,BMP2K,RandomForest,-0.1786523790803466,-0.4030572342489829
Q9NSY1,BMP2K,RandomForest,1.6458869420002704,-0.26239397092708977
Q9NSY1,BMP2K,RandomForest,0.0101101349022911,-0.7534119885320071
Q9NSY1,BMP2K,RandomForest,0.2010547600023098,-0.8615761754841412
Q9NSY1,BMP2K,RandomForest,1.0987155069957617,0.22504319811564852
Q9NSY1,BMP2K,XGBoost,-0.492311311875057,-0.11959002912044525
Q9NSY1,BMP2K,XGBoost,1.48903403292795,-0.8365492224693298
Q9NSY1,BMP2K,XGBoost,0.336156880549829,-0.39169082045555115
Q9NSY1,BMP2K,XGBoost,-2.2470473065572825,-2.124518394470215
Q9NSY1,BMP2K,XGBoost,-0.6659068088096516,-1.1653510332107544
Q9NSY1,BMP2K,XGBoost,-0.8757547938181397,-0.011289522051811218
Q9NSY1,BMP2K,XGBoost,-3.4186459502488327,-2.1991608142852783
Q9NSY1,BMP2K,XGBoost,1.4395826605992526,0.00610456895083189
Q9NSY1,BMP2K,XGBoost,0.7180895874325491,-0.14191694557666779
Q9NSY1,BMP2K,XGBoost,-2.524855655251827,-1.8823354244232178
Q9NSY1,BMP2K,XGBoost,-0.309805619943166,-0.6633592844009399
Q9NSY1,BMP2K,XGBoost,-1.9583992433993456,-0.08820917457342148
Q9NSY1,BMP2K,XGBoost,-0.5572002513157982,-0.14191694557666779
Q9NSY1,BMP2K,XGBoost,1.0886646275984142,-0.40038108825683594
Q9NSY1,BMP2K,XGBoost,-0.1786523790803466,-0.15462914109230042
Q9NSY1,BMP2K,XGBoost,1.6458869420002704,-0.5385978817939758
Q9NSY1,BMP2K,XGBoost,0.0101101349022911,-1.8800007104873657
Q9NSY1,BMP2K,XGBoost,0.2010547600023098,-0.3691273033618927
Q9NSY1,BMP2K,XGBoost,1.0987155069957617,-0.14392779767513275
Q9NSY1,BMP2K,PLS,-0.492311311875057,-0.3696892527991536
Q9NSY1,BMP2K,PLS,1.48903403292795,-0.28302535695059894
Q9NSY1,BMP2K,PLS,0.336156880549829,-0.3837391907706039
Q9NSY1,BMP2K,PLS,-2.2470473065572825,-0.3672935691024096
Q9NSY1,BMP2K,PLS,-0.6659068088096516,-0.6686525113101367
Q9NSY1,BMP2K,PLS,-0.8757547938181397,-0.011445227773176525
Q9NSY1,BMP2K,PLS,-3.4186459502488327,-0.48887200346709603
Q9NSY1,BMP2K,PLS,1.4395826605992526,-0.4412884392389071
Q9NSY1,BMP2K,PLS,0.7180895874325491,-0.2870734337717934
Q9NSY1,BMP2K,PLS,-2.524855655251827,-0.020422299948353262
Q9NSY1,BMP2K,PLS,-0.309805619943166,-0.33896177616912326
Q9NSY1,BMP2K,PLS,-1.9583992433993456,-0.3708974637443768
Q9NSY1,BMP2K,PLS,-0.5572002513157982,-0.2908121142027059
Q9NSY1,BMP2K,PLS,1.0886646275984142,-0.32548856476677746
Q9NSY1,BMP2K,PLS,-0.1786523790803466,-0.4565841641927662
Q9NSY1,BMP2K,PLS,1.6458869420002704,-0.3094482525465299
Q9NSY1,BMP2K,PLS,0.0101101349022911,-0.49876859962520903
Q9NSY1,BMP2K,PLS,0.2010547600023098,-0.5123533999458524
Q9NSY1,BMP2K,PLS,1.0987155069957617,-0.2686285463673408
Q9NSY1,BMP2K,SVR,-0.492311311875057,-0.22405467900719434
Q9NSY1,BMP2K,SVR,1.48903403292795,-0.11213507403694165
Q9NSY1,BMP2K,SVR,0.336156880549829,-0.2694038843346613
Q9NSY1,BMP2K,SVR,-2.2470473065572825,-0.3602195614045465
Q9NSY1,BMP2K,SVR,-0.6659068088096516,-0.4894272719757029
Q9NSY1,BMP2K,SVR,-0.8757547938181397,0.1938120304033264
Q9NSY1,BMP2K,SVR,-3.4186459502488327,-0.4788869592009912
Q9NSY1,BMP2K,SVR,1.4395826605992526,-0.3732747446614283
Q9NSY1,BMP2K,SVR,0.7180895874325491,-0.1383317627906113
Q9NSY1,BMP2K,SVR,-2.524855655251827,0.0020095280233416446
Q9NSY1,BMP2K,SVR,-0.309805619943166,-0.1978225809860787
Q9NSY1,BMP2K,SVR,-1.9583992433993456,-0.25640478308058895
Q9NSY1,BMP2K,SVR,-0.5572002513157982,-0.1359154138162978
Q9NSY1,BMP2K,SVR,1.0886646275984142,-0.15306851089105822
Q9NSY1,BMP2K,SVR,-0.1786523790803466,-0.30701038387513613
Q9NSY1,BMP2K,SVR,1.6458869420002704,-0.2138799711017289
Q9NSY1,BMP2K,SVR,0.0101101349022911,-0.3599124127754639
Q9NSY1,BMP2K,SVR,0.2010547600023098,-0.46509004205253085
Q9NSY1,BMP2K,SVR,1.0987155069957617,-0.1281708855392877
Q9NSY1,BMP2K,Lasso,-0.492311311875057,-0.38035226499318514
Q9NSY1,BMP2K,Lasso,1.48903403292795,-0.37170162320924516
Q9NSY1,BMP2K,Lasso,0.336156880549829,-0.3811798011247414
Q9NSY1,BMP2K,Lasso,-2.2470473065572825,-0.38639412991793815
Q9NSY1,BMP2K,Lasso,-0.6659068088096516,-0.38712589533018493
Q9NSY1,BMP2K,Lasso,-0.8757547938181397,-0.3577625002379576
Q9NSY1,BMP2K,Lasso,-3.4186459502488327,-0.39498103743368057
Q9NSY1,BMP2K,Lasso,1.4395826605992526,-0.3883905549738366
Q9NSY1,BMP2K,Lasso,0.7180895874325491,-0.3738282618311223
Q9NSY1,BMP2K,Lasso,-2.524855655251827,-0.3619896766099095
Q9NSY1,BMP2K,Lasso,-0.309805619943166,-0.37873539341994433
Q9NSY1,BMP2K,Lasso,-1.9583992433993456,-0.3812873481599568
Q9NSY1,BMP2K,Lasso,-0.5572002513157982,-0.37363958552196186
Q9NSY1,BMP2K,Lasso,1.0886646275984142,-0.37486327336983405
Q9NSY1,BMP2K,Lasso,-0.1786523790803466,-0.3877825430379815
Q9NSY1,BMP2K,Lasso,1.6458869420002704,-0.38112312742825794
Q9NSY1,BMP2K,Lasso,0.0101101349022911,-0.38748003170012624
Q9NSY1,BMP2K,Lasso,0.2010547600023098,-0.3930387389080129
Q9NSY1,BMP2K,Lasso,1.0987155069957617,-0.37386674569788064
Q9NSY1,BMP2K,ElasticNet,-0.492311311875057,-0.37691231094592964
Q9NSY1,BMP2K,ElasticNet,1.48903403292795,-0.32520639106795585
Q9NSY1,BMP2K,ElasticNet,0.336156880549829,-0.39200496934271656
Q9NSY1,BMP2K,ElasticNet,-2.2470473065572825,-0.4277015023398206
Q9NSY1,BMP2K,ElasticNet,-0.6659068088096516,-0.47587249642073287
Q9NSY1,BMP2K,ElasticNet,-0.8757547938181397,-0.20156673213262155
Q9NSY1,BMP2K,ElasticNet,-3.4186459502488327,-0.4823361010312005
Q9NSY1,BMP2K,ElasticNet,1.4395826605992526,-0.4376796198044753
Q9NSY1,BMP2K,ElasticNet,0.7180895874325491,-0.3369893604466706
Q9NSY1,BMP2K,ElasticNet,-2.524855655251827,-0.2652032265643351
Q9NSY1,BMP2K,ElasticNet,-0.309805619943166,-0.3652574067025991
Q9NSY1,BMP2K,ElasticNet,-1.9583992433993456,-0.3880660503971444
Q9NSY1,BMP2K,ElasticNet,-0.5572002513157982,-0.336047921996243
Q9NSY1,BMP2K,ElasticNet,1.0886646275984142,-0.3444557420252933
Q9NSY1,BMP2K,ElasticNet,-0.1786523790803466,-0.4179314612938694
Q9NSY1,BMP2K,ElasticNet,1.6458869420002704,-0.37356176029245863
Q9NSY1,BMP2K,ElasticNet,0.0101101349022911,-0.43390261377227035
Q9NSY1,BMP2K,ElasticNet,0.2010547600023098,-0.4753527836337235
Q9NSY1,BMP2K,ElasticNet,1.0987155069957617,-0.33355451070030123
Q9NSY1,BMP2K,GradientBoosting,-0.492311311875057,-0.6275347485269404
Q9NSY1,BMP2K,GradientBoosting,1.48903403292795,-0.853888479776657
Q9NSY1,BMP2K,GradientBoosting,0.336156880549829,-0.26870076853263036
Q9NSY1,BMP2K,GradientBoosting,-2.2470473065572825,-2.662976302191934
Q9NSY1,BMP2K,GradientBoosting,-0.6659068088096516,0.09155992740229553
Q9NSY1,BMP2K,GradientBoosting,-0.8757547938181397,0.4992746262573383
Q9NSY1,BMP2K,GradientBoosting,-3.4186459502488327,-2.452809402373347
Q9NSY1,BMP2K,GradientBoosting,1.4395826605992526,-0.06002821938703806
Q9NSY1,BMP2K,GradientBoosting,0.7180895874325491,-0.4937718997329893
Q9NSY1,BMP2K,GradientBoosting,-2.524855655251827,-1.924803372133478
Q9NSY1,BMP2K,GradientBoosting,-0.309805619943166,-0.8639011244282843
Q9NSY1,BMP2K,GradientBoosting,-1.9583992433993456,-0.1195782717439027
Q9NSY1,BMP2K,GradientBoosting,-0.5572002513157982,0.07729160584795765
Q9NSY1,BMP2K,GradientBoosting,1.0886646275984142,-1.11531904896163
Q9NSY1,BMP2K,GradientBoosting,-0.1786523790803466,-0.30899165410704366
Q9NSY1,BMP2K,GradientBoosting,1.6458869420002704,-0.10412225761571595
Q9NSY1,BMP2K,GradientBoosting,0.0101101349022911,-1.125837903599015
Q9NSY1,BMP2K,GradientBoosting,0.2010547600023098,-0.5048621164701511
Q9NSY1,BMP2K,GradientBoosting,1.0987155069957617,0.30148694724791447
Q9NSY1,BMP2K,MLP,-0.492311311875057,-0.44923406916238673
Q9NSY1,BMP2K,MLP,1.48903403292795,-0.06234237777957252
Q9NSY1,BMP2K,MLP,0.336156880549829,-0.5703697516302749
Q9NSY1,BMP2K,MLP,-2.2470473065572825,-0.5703697516302749
Q9NSY1,BMP2K,MLP,-0.6659068088096516,-0.5703697516302749
Q9NSY1,BMP2K,MLP,-0.8757547938181397,0.9312832562115364
Q9NSY1,BMP2K,MLP,-3.4186459502488327,-0.5703697516302749
Q9NSY1,BMP2K,MLP,1.4395826605992526,-0.5703697516302749
Q9NSY1,BMP2K,MLP,0.7180895874325491,-0.1426733224890684
Q9NSY1,BMP2K,MLP,-2.524855655251827,0.3325967285849689
Q9NSY1,BMP2K,MLP,-0.309805619943166,-0.33292838127476476
Q9NSY1,BMP2K,MLP,-1.9583992433993456,-0.5703697516302749
Q9NSY1,BMP2K,MLP,-0.5572002513157982,-0.1360177418174457
Q9NSY1,BMP2K,MLP,1.0886646275984142,-0.20702290796605333
Q9NSY1,BMP2K,MLP,-0.1786523790803466,-0.5703697516302749
Q9NSY1,BMP2K,MLP,1.6458869420002704,-0.3132434018366496
Q9NSY1,BMP2K,MLP,0.0101101349022911,-0.5703697516302749
Q9NSY1,BMP2K,MLP,0.2010547600023098,-0.5703697516302749
Q9NSY1,BMP2K,MLP,1.0987155069957617,-0.05907303959399102
Q9NYV4,CDK12,RandomForest,0.844150344014306,1.114198691746772
Q9NYV4,CDK12,RandomForest,-0.7792590351694275,0.08073507225479483
Q9NYV4,CDK12,RandomForest,0.4893020832543118,0.15117478703262774
Q9NYV4,CDK12,RandomForest,-0.1496775177188957,0.29814307272320695
Q9NYV4,CDK12,RandomForest,-0.594626458714056,0.014575809949499242
Q9NYV4,CDK12,RandomForest,-0.2058820903748782,0.27129078617531216
Q9NYV4,CDK12,RandomForest,1.489268741537226,0.4862573267158743
Q9NYV4,CDK12,RandomForest,-0.0714641858265051,0.3983652704470084
Q9NYV4,CDK12,RandomForest,-0.7689256316818859,-0.41801093109249315
Q9NYV4,CDK12,RandomForest,0.8906438440462622,0.6455343412434648
Q9NYV4,CDK12,RandomForest,-0.5130756400470884,1.0121014308611413
Q9NYV4,CDK12,RandomForest,0.4333434123266705,0.2710093404831628
Q9NYV4,CDK12,RandomForest,-0.1045615455408672,0.05177254421749225
Q9NYV4,CDK12,RandomForest,0.4295970036825903,0.2141045034310963
Q9NYV4,CDK12,RandomForest,0.7196217314510625,1.227378625154862
Q9NYV4,CDK12,RandomForest,0.1279914881030423,0.37323280729965147
Q9NYV4,CDK12,RandomForest,-1.0302768646915583,-0.536748281834901
Q9NYV4,CDK12,RandomForest,-1.086928617963207,1.2632762125694648
Q9NYV4,CDK12,RandomForest,-0.4733827982871867,0.17489027977971106
Q9NYV4,CDK12,XGBoost,0.844150344014306,1.2862128019332886
Q9NYV4,CDK12,XGBoost,-0.7792590351694275,0.2525482773780823
Q9NYV4,CDK12,XGBoost,0.4893020832543118,0.31605932116508484
Q9NYV4,CDK12,XGBoost,-0.1496775177188957,0.6118723154067993
Q9NYV4,CDK12,XGBoost,-0.594626458714056,-0.4529481530189514
Q9NYV4,CDK12,XGBoost,-0.2058820903748782,0.25872066617012024
Q9NYV4,CDK12,XGBoost,1.489268741537226,0.5168439745903015
Q9NYV4,CDK12,XGBoost,-0.0714641858265051,0.1913909763097763
Q9NYV4,CDK12,XGBoost,-0.7689256316818859,-0.7081159353256226
Q9NYV4,CDK12,XGBoost,0.8906438440462622,0.9602763652801514
Q9NYV4,CDK12,XGBoost,-0.5130756400470884,0.8250436782836914
Q9NYV4,CDK12,XGBoost,0.4333434123266705,0.5163168907165527
Q9NYV4,CDK12,XGBoost,-0.1045615455408672,0.010237505659461021
Q9NYV4,CDK12,XGBoost,0.4295970036825903,0.5721075534820557
Q9NYV4,CDK12,XGBoost,0.7196217314510625,2.58988881111145
Q9NYV4,CDK12,XGBoost,0.1279914881030423,0.9243887662887573
Q9NYV4,CDK12,XGBoost,-1.0302768646915583,-0.7524029016494751
Q9NYV4,CDK12,XGBoost,-1.086928617963207,0.5682392716407776
Q9NYV4,CDK12,XGBoost,-0.4733827982871867,-0.23918619751930237
Q9NYV4,CDK12,PLS,0.844150344014306,0.9276045417075088
Q9NYV4,CDK12,PLS,-0.7792590351694275,0.2539385634168665
Q9NYV4,CDK12,PLS,0.4893020832543118,-0.06844356930946566
Q9NYV4,CDK12,PLS,-0.1496775177188957,-0.04786761102488657
Q9NYV4,CDK12,PLS,-0.594626458714056,0.4847712194089474
Q9NYV4,CDK12,PLS,-0.2058820903748782,0.2059058477372769
Q9NYV4,CDK12,PLS,1.489268741537226,0.4334313478385266
Q9NYV4,CDK12,PLS,-0.0714641858265051,-0.6676408122970982
Q9NYV4,CDK12,PLS,-0.7689256316818859,-0.8401541748983763
Q9NYV4,CDK12,PLS,0.8906438440462622,1.0955549185424445
Q9NYV4,CDK12,PLS,-0.5130756400470884,0.6286769481818784
Q9NYV4,CDK12,PLS,0.4333434123266705,1.1284154902177435
Q9NYV4,CDK12,PLS,-0.1045615455408672,-0.06876144057871658
Q9NYV4,CDK12,PLS,0.4295970036825903,0.787850025482764
Q9NYV4,CDK12,PLS,0.7196217314510625,0.2981614782441424
Q9NYV4,CDK12,PLS,0.1279914881030423,-0.11191509874664574
Q9NYV4,CDK12,PLS,-1.0302768646915583,-0.9253496814981279
Q9NYV4,CDK12,PLS,-1.086928617963207,1.077991241923041
Q9NYV4,CDK12,PLS,-0.4733827982871867,0.007574282866133486
Q9NYV4,CDK12,SVR,0.844150344014306,0.33257672906739405
Q9NYV4,CDK12,SVR,-0.7792590351694275,-0.41586676718153476
Q9NYV4,CDK12,SVR,0.4893020832543118,0.07370019303608083
Q9NYV4,CDK12,SVR,-0.1496775177188957,-0.14556558997002406
Q9NYV4,CDK12,SVR,-0.594626458714056,-0.5892303933496621
Q9NYV4,CDK12,SVR,-0.2058820903748782,-0.13039362024973372
Q9NYV4,CDK12,SVR,1.489268741537226,0.5432122600875642
Q9NYV4,CDK12,SVR,-0.0714641858265051,-0.8872073169646193
Q9NYV4,CDK12,SVR,-0.7689256316818859,-0.31125751296742726
Q9NYV4,CDK12,SVR,0.8906438440462622,1.0329604864912267
Q9NYV4,CDK12,SVR,-0.5130756400470884,0.18584761536086197
Q9NYV4,CDK12,SVR,0.4333434123266705,1.0552588263152998
Q9NYV4,CDK12,SVR,-0.1045615455408672,0.054190981711848496
Q9NYV4,CDK12,SVR,0.4295970036825903,0.2954692903244574
Q9NYV4,CDK12,SVR,0.7196217314510625,-0.01006190785484512
Q9NYV4,CDK12,SVR,0.1279914881030423,-0.10828052839410524
Q9NYV4,CDK12,SVR,-1.0302768646915583,-0.7338891340992693
Q9NYV4,CDK12,SVR,-1.086928617963207,0.5516715999434456
Q9NYV4,CDK12,SVR,-0.4733827982871867,0.186237756219575
Q9NYV4,CDK12,Lasso,0.844150344014306,0.6131627927109919
Q9NYV4,CDK12,Lasso,-0.7792590351694275,0.4938448859493115
Q9NYV4,CDK12,Lasso,0.4893020832543118,0.11952877144018076
Q9NYV4,CDK12,Lasso,-0.1496775177188957,0.22479591387569348
Q9NYV4,CDK12,Lasso,-0.594626458714056,0.031745313051009694
Q9NYV4,CDK12,Lasso,-0.2058820903748782,0.17252319522586793
Q9NYV4,CDK12,Lasso,1.489268741537226,0.29349920503403526
Q9NYV4,CDK12,Lasso,-0.0714641858265051,-0.03719150763489004
Q9NYV4,CDK12,Lasso,-0.7689256316818859,-0.35960697865966706
Q9NYV4,CDK12,Lasso,0.8906438440462622,0.446724254108708
Q9NYV4,CDK12,Lasso,-0.5130756400470884,0.5005452463572901
Q9NYV4,CDK12,Lasso,0.4333434123266705,0.6456849708234149
Q9NYV4,CDK12,Lasso,-0.1045615455408672,0.10042804027413163
Q9NYV4,CDK12,Lasso,0.4295970036825903,0.514477771178136
Q9NYV4,CDK12,Lasso,0.7196217314510625,0.6811870261600174
Q9NYV4,CDK12,Lasso,0.1279914881030423,0.12236074526056018
Q9NYV4,CDK12,Lasso,-1.0302768646915583,-0.3657936288002319
Q9NYV4,CDK12,Lasso,-1.086928617963207,0.8589993332861479
Q9NYV4,CDK12,Lasso,-0.4733827982871867,0.22915551591639555
Q9NYV4,CDK12,ElasticNet,0.844150344014306,0.7638797928607071
Q9NYV4,CDK12,ElasticNet,-0.7792590351694275,0.40118844238424667
Q9NYV4,CDK12,ElasticNet,0.4893020832543118,0.02587138396819194
Q9NYV4,CDK12,ElasticNet,-0.1496775177188957,0.2863352253212635
Q9NYV4,CDK12,ElasticNet,-0.594626458714056,0.0326211905536149
Q9NYV4,CDK12,ElasticNet,-0.2058820903748782,0.006858361431493265
Q9NYV4,CDK12,ElasticNet,1.489268741537226,0.3070184088952114
Q9NYV4,CDK12,ElasticNet,-0.0714641858265051,-0.23069856046388215
Q9NYV4,CDK12,ElasticNet,-0.7689256316818859,-0.5404823539516296
Q9NYV4,CDK12,ElasticNet,0.8906438440462622,0.6853047560368115
Q9NYV4,CDK12,ElasticNet,-0.5130756400470884,0.5959865524482928
Q9NYV4,CDK12,ElasticNet,0.4333434123266705,0.8348687270169951
Q9NYV4,CDK12,ElasticNet,-0.1045615455408672,0.09180899308110163
Q9NYV4,CDK12,ElasticNet,0.4295970036825903,0.5586478057398915
Q9NYV4,CDK12,ElasticNet,0.7196217314510625,0.4279631895004113
Q9NYV4,CDK12,ElasticNet,0.1279914881030423,0.027798916027346243
Q9NYV4,CDK12,ElasticNet,-1.0302768646915583,-0.574966291665518
Q9NYV4,CDK12,ElasticNet,-1.086928617963207,1.0517591159851796
Q9NYV4,CDK12,ElasticNet,-0.4733827982871867,0.2852910884543164
Q9NYV4,CDK12,GradientBoosting,0.844150344014306,1.0084899451014457
Q9NYV4,CDK12,GradientBoosting,-0.7792590351694275,0.1977166269745505
Q9NYV4,CDK12,GradientBoosting,0.4893020832543118,-0.3084626627794862
Q9NYV4,CDK12,GradientBoosting,-0.1496775177188957,0.8476029397339598
Q9NYV4,CDK12,GradientBoosting,-0.594626458714056,0.15693667962932942
Q9NYV4,CDK12,GradientBoosting,-0.2058820903748782,0.31179012804780315
Q9NYV4,CDK12,GradientBoosting,1.489268741537226,0.4099657211310896
Q9NYV4,CDK12,GradientBoosting,-0.0714641858265051,-0.30807615358007223
Q9NYV4,CDK12,GradientBoosting,-0.7689256316818859,-0.657270780113924
Q9NYV4,CDK12,GradientBoosting,0.8906438440462622,0.6563253850857121
Q9NYV4,CDK12,GradientBoosting,-0.5130756400470884,0.13650290805863627
Q9NYV4,CDK12,GradientBoosting,0.4333434123266705,0.28562571883524956
Q9NYV4,CDK12,GradientBoosting,-0.1045615455408672,0.006526297745546586
Q9NYV4,CDK12,GradientBoosting,0.4295970036825903,0.25955744395823654
Q9NYV4,CDK12,GradientBoosting,0.7196217314510625,2.134077505039535
Q9NYV4,CDK12,GradientBoosting,0.1279914881030423,0.11082940635285227
Q9NYV4,CDK12,GradientBoosting,-1.0302768646915583,-0.5869456342006865
Q9NYV4,CDK12,GradientBoosting,-1.086928617963207,2.2657277448972963
Q9NYV4,CDK12,GradientBoosting,-0.4733827982871867,-0.19707573885162605
Q9NYV4,CDK12,MLP,0.844150344014306,2.024682618452279
Q9NYV4,CDK12,MLP,-0.7792590351694275,0.7998877466292139
Q9NYV4,CDK12,MLP,0.4893020832543118,-0.2381811857919768
Q9NYV4,CDK12,MLP,-0.1496775177188957,-0.007672387242943751
Q9NYV4,CDK12,MLP,-0.594626458714056,-0.9639360483721192
Q9NYV4,CDK12,MLP,-0.2058820903748782,-0.36841882729834724
Q9NYV4,CDK12,MLP,1.489268741537226,0.08633061777477033
Q9NYV4,CDK12,MLP,-0.0714641858265051,-1.3009253554621618
Q9NYV4,CDK12,MLP,-0.7689256316818859,-0.3440567922074609
Q9NYV4,CDK12,MLP,0.8906438440462622,1.7005563049751977
Q9NYV4,CDK12,MLP,-0.5130756400470884,1.2045831731523449
Q9NYV4,CDK12,MLP,0.4333434123266705,2.1078808440118353
Q9NYV4,CDK12,MLP,-0.1045615455408672,-0.011630955832742956
Q9NYV4,CDK12,MLP,0.4295970036825903,0.22556921977604114
Q9NYV4,CDK12,MLP,0.7196217314510625,1.1130379229864875
Q9NYV4,CDK12,MLP,0.1279914881030423,0.9819688564988167
Q9NYV4,CDK12,MLP,-1.0302768646915583,-1.4266281497582907
Q9NYV4,CDK12,MLP,-1.086928617963207,2.3894980319712373
Q9NYV4,CDK12,MLP,-0.4733827982871867,0.14420896377314
Q9UKE5,TNIK,RandomForest,0.0169754841730653,-0.10969722277482054
Q9UKE5,TNIK,RandomForest,0.5464705688005547,0.3199234705757946
Q9UKE5,TNIK,RandomForest,-0.0943286940494622,-0.1373495793363414
Q9UKE5,TNIK,RandomForest,-0.5425283133458253,-0.6223209918771371
Q9UKE5,TNIK,RandomForest,-0.088113383367528,0.22245931613336922
Q9UKE5,TNIK,RandomForest,0.1000843012806998,0.2376813975175285
Q9UKE5,TNIK,RandomForest,0.0513424061304892,-0.10806174556397767
Q9UKE5,TNIK,RandomForest,0.3483514600691729,0.15340169904323964
Q9UKE5,TNIK,RandomForest,-0.104739424968386,-0.09167498092176458
Q9UKE5,TNIK,RandomForest,-1.342822831469689,-1.1436761857953683
Q9UKE5,TNIK,RandomForest,0.0695973391105717,0.05467500459221714
Q9UKE5,TNIK,RandomForest,-0.3489518422613057,-0.6396472344140725
Q9UKE5,TNIK,RandomForest,-1.3273958530309111,-1.1147312752477117
Q9UKE5,TNIK,RandomForest,0.201243314146739,0.1004867709036111
Q9UKE5,TNIK,RandomForest,1.1988675083776177,1.017724992682456
Q9UKE5,TNIK,RandomForest,-0.2245579649189772,-0.21488909911058685
Q9UKE5,TNIK,RandomForest,-1.3955032414362658,-1.1374843587441845
Q9UKE5,TNIK,RandomForest,0.7019801271285417,0.5263878805785104
Q9UKE5,TNIK,RandomForest,0.035946155924922,0.054337397733109166
Q9UKE5,TNIK,XGBoost,0.0169754841730653,-0.09767241775989532
Q9UKE5,TNIK,XGBoost,0.5464705688005547,0.3088706433773041
Q9UKE5,TNIK,XGBoost,-0.0943286940494622,-0.19041040539741516
Q9UKE5,TNIK,XGBoost,-0.5425283133458253,-0.5596737861633301
Q9UKE5,TNIK,XGBoost,-0.088113383367528,0.05237025022506714
Q9UKE5,TNIK,XGBoost,0.1000843012806998,0.15897543728351593
Q9UKE5,TNIK,XGBoost,0.0513424061304892,-0.14453786611557007
Q9UKE5,TNIK,XGBoost,0.3483514600691729,0.25919145345687866
Q9UKE5,TNIK,XGBoost,-0.104739424968386,-0.2113560438156128
Q9UKE5,TNIK,XGBoost,-1.342822831469689,-1.134291410446167
Q9UKE5,TNIK,XGBoost,0.0695973391105717,0.08853638172149658
Q9UKE5,TNIK,XGBoost,-0.3489518422613057,-0.5520633459091187
Q9UKE5,TNIK,XGBoost,-1.3273958530309111,-1.442808985710144
Q9UKE5,TNIK,XGBoost,0.201243314146739,0.12935078144073486
Q9UKE5,TNIK,XGBoost,1.1988675083776177,0.7670049667358398
Q9UKE5,TNIK,XGBoost,-0.2245579649189772,-0.15099841356277466
Q9UKE5,TNIK,XGBoost,-1.3955032414362658,-0.997203528881073
Q9UKE5,TNIK,XGBoost,0.7019801271285417,0.4896174967288971
Q9UKE5,TNIK,XGBoost,0.035946155924922,0.15001280605793
Q9UKE5,TNIK,PLS,0.0169754841730653,-0.09648927291687762
Q9UKE5,TNIK,PLS,0.5464705688005547,0.43589182917833136
Q9UKE5,TNIK,PLS,-0.0943286940494622,-0.12944990123096095
Q9UKE5,TNIK,PLS,-0.5425283133458253,-0.5250127488260444
Q9UKE5,TNIK,PLS,-0.088113383367528,0.02875831061007103
Q9UKE5,TNIK,PLS,0.1000843012806998,0.22439664701690826
Q9UKE5,TNIK,PLS,0.0513424061304892,-0.0025996066293354353
Q9UKE5,TNIK,PLS,0.3483514600691729,0.2587903987453987
Q9UKE5,TNIK,PLS,-0.104739424968386,-0.15514786992010815
Q9UKE5,TNIK,PLS,-1.342822831469689,-1.3356771735292092
Q9UKE5,TNIK,PLS,0.0695973391105717,0.017490684397984804
Q9UKE5,TNIK,PLS,-0.3489518422613057,-0.2929462553356773
Q9UKE5,TNIK,PLS,-1.3273958530309111,-1.025413227389738
Q9UKE5,TNIK,PLS,0.201243314146739,0.17629055092250556
Q9UKE5,TNIK,PLS,1.1988675083776177,1.1278501088001698
Q9UKE5,TNIK,PLS,-0.2245579649189772,-0.2617838004119382
Q9UKE5,TNIK,PLS,-1.3955032414362658,-1.5706229019557492
Q9UKE5,TNIK,PLS,0.7019801271285417,0.707494692495064
Q9UKE5,TNIK,PLS,0.035946155924922,0.00483235377495541
Q9UKE5,TNIK,SVR,0.0169754841730653,-0.11515005906203976
Q9UKE5,TNIK,SVR,0.5464705688005547,0.43137252120538094
Q9UKE5,TNIK,SVR,-0.0943286940494622,-0.1640720791438642
Q9UKE5,TNIK,SVR,-0.5425283133458253,-0.537055565365105
Q9UKE5,TNIK,SVR,-0.088113383367528,-0.0020997544110039346
Q9UKE5,TNIK,SVR,0.1000843012806998,0.20788284087269318
Q9UKE5,TNIK,SVR,0.0513424061304892,0.0040974447398849645
Q9UKE5,TNIK,SVR,0.3483514600691729,0.26031826475103537
Q9UKE5,TNIK,SVR,-0.104739424968386,-0.1664908555929274
Q9UKE5,TNIK,SVR,-1.342822831469689,-1.349920988139786
Q9UKE5,TNIK,SVR,0.0695973391105717,0.0057230557308909635
Q9UKE5,TNIK,SVR,-0.3489518422613057,-0.3300509589469527
Q9UKE5,TNIK,SVR,-1.3273958530309111,-1.0502336309035052
Q9UKE5,TNIK,SVR,0.201243314146739,0.16193883157572955
Q9UKE5,TNIK,SVR,1.1988675083776177,1.135585456447517
Q9UKE5,TNIK,SVR,-0.2245579649189772,-0.29610412188724744
Q9UKE5,TNIK,SVR,-1.3955032414362658,-1.5857802620254746
Q9UKE5,TNIK,SVR,0.7019801271285417,0.6636585041315715
Q9UKE5,TNIK,SVR,0.035946155924922,-0.012546982834964665
Q9UKE5,TNIK,Lasso,0.0169754841730653,-0.17575772179073484
Q9UKE5,TNIK,Lasso,0.5464705688005547,0.2671244404729506
Q9UKE5,TNIK,Lasso,-0.0943286940494622,-0.18451239981721665
Q9UKE5,TNIK,Lasso,-0.5425283133458253,-0.341661957634473
Q9UKE5,TNIK,Lasso,-0.088113383367528,0.20118168064521375
Q9UKE5,TNIK,Lasso,0.1000843012806998,0.18371268004770258
Q9UKE5,TNIK,Lasso,0.0513424061304892,-0.06784428184179028
Q9UKE5,TNIK,Lasso,0.3483514600691729,0.13852779165238766
Q9UKE5,TNIK,Lasso,-0.104739424968386,-0.04842819522160843
Q9UKE5,TNIK,Lasso,-1.342822831469689,-1.0641141281919886
Q9UKE5,TNIK,Lasso,0.0695973391105717,0.04863987991270341
Q9UKE5,TNIK,Lasso,-0.3489518422613057,-0.3566614522662796
Q9UKE5,TNIK,Lasso,-1.3273958530309111,-0.9059515283702871
Q9UKE5,TNIK,Lasso,0.201243314146739,0.04838859165262718
Q9UKE5,TNIK,Lasso,1.1988675083776177,0.8886081129409574
Q9UKE5,TNIK,Lasso,-0.2245579649189772,-0.14269870385345093
Q9UKE5,TNIK,Lasso,-1.3955032414362658,-1.2004308533101322
Q9UKE5,TNIK,Lasso,0.7019801271285417,0.34201604201445923
Q9UKE5,TNIK,Lasso,0.035946155924922,0.06437474737990602
Q9UKE5,TNIK,ElasticNet,0.0169754841730653,-0.11567516253000971
Q9UKE5,TNIK,ElasticNet,0.5464705688005547,0.325171290560626
Q9UKE5,TNIK,ElasticNet,-0.0943286940494622,-0.16761203475292502
Q9UKE5,TNIK,ElasticNet,-0.5425283133458253,-0.4022390540614055
Q9UKE5,TNIK,ElasticNet,-0.088113383367528,0.062092167951602995
Q9UKE5,TNIK,ElasticNet,0.1000843012806998,0.1492102743665508
Q9UKE5,TNIK,ElasticNet,0.0513424061304892,-0.05179752756184033
Q9UKE5,TNIK,ElasticNet,0.3483514600691729,0.21431800916569518
Q9UKE5,TNIK,ElasticNet,-0.104739424968386,-0.08452874958550924
Q9UKE5,TNIK,ElasticNet,-1.342822831469689,-1.1416885217931896
Q9UKE5,TNIK,ElasticNet,0.0695973391105717,0.04426836252337825
Q9UKE5,TNIK,ElasticNet,-0.3489518422613057,-0.3586924233961536
Q9UKE5,TNIK,ElasticNet,-1.3273958530309111,-0.9106709461239777
Q9UKE5,TNIK,ElasticNet,0.201243314146739,0.08087200809477926
Q9UKE5,TNIK,ElasticNet,1.1988675083776177,0.9611701940646142
Q9UKE5,TNIK,ElasticNet,-0.2245579649189772,-0.19799753980855447
Q9UKE5,TNIK,ElasticNet,-1.3955032414362658,-1.2807717541966384
Q9UKE5,TNIK,ElasticNet,0.7019801271285417,0.4719142716735232
Q9UKE5,TNIK,ElasticNet,0.035946155924922,0.0503568345014629
Q9UKE5,TNIK,GradientBoosting,0.0169754841730653,-0.10406397437411227
Q9UKE5,TNIK,GradientBoosting,0.5464705688005547,0.3537652778360342
Q9UKE5,TNIK,GradientBoosting,-0.0943286940494622,-0.24614167529622358
Q9UKE5,TNIK,GradientBoosting,-0.5425283133458253,-0.5796675071943335
Q9UKE5,TNIK,GradientBoosting,-0.088113383367528,0.17408596620231304
Q9UKE5,TNIK,GradientBoosting,0.1000843012806998,0.13340374834667854
Q9UKE5,TNIK,GradientBoosting,0.0513424061304892,-0.06869831382579669
Q9UKE5,TNIK,GradientBoosting,0.3483514600691729,0.2208415038352656
Q9UKE5,TNIK,GradientBoosting,-0.104739424968386,-0.08518936382311373
Q9UKE5,TNIK,GradientBoosting,-1.342822831469689,-1.3012437400329353
Q9UKE5,TNIK,GradientBoosting,0.0695973391105717,0.10050629375811815
Q9UKE5,TNIK,GradientBoosting,-0.3489518422613057,-0.6673743236708031
Q9UKE5,TNIK,GradientBoosting,-1.3273958530309111,-1.3301304726854484
Q9UKE5,TNIK,GradientBoosting,0.201243314146739,0.1253088035787155
Q9UKE5,TNIK,GradientBoosting,1.1988675083776177,1.090303564079312
Q9UKE5,TNIK,GradientBoosting,-0.2245579649189772,-0.2331538198688679
Q9UKE5,TNIK,GradientBoosting,-1.3955032414362658,-1.1873869317484487
Q9UKE5,TNIK,GradientBoosting,0.7019801271285417,0.4993099794959989
Q9UKE5,TNIK,GradientBoosting,0.035946155924922,0.06575696718018986
Q9UKE5,TNIK,MLP,0.0169754841730653,-0.6098262780971158
Q9UKE5,TNIK,MLP,0.5464705688005547,0.5822266056191099
Q9UKE5,TNIK,MLP,-0.0943286940494622,0.011283978059862143
Q9UKE5,TNIK,MLP,-0.5425283133458253,-0.6911198204873679
Q9UKE5,TNIK,MLP,-0.088113383367528,0.013447446420775888
Q9UKE5,TNIK,MLP,0.1000843012806998,0.2778094893771865
Q9UKE5,TNIK,MLP,0.0513424061304892,0.3936388320337043
Q9UKE5,TNIK,MLP,0.3483514600691729,0.5732289256235064
Q9UKE5,TNIK,MLP,-0.104739424968386,0.24392173228700398
Q9UKE5,TNIK,MLP,-1.342822831469689,-1.5881752951348462
Q9UKE5,TNIK,MLP,0.0695973391105717,0.331523797031155
Q9UKE5,TNIK,MLP,-0.3489518422613057,0.17603530814891866
Q9UKE5,TNIK,MLP,-1.3273958530309111,-1.1076004109313835
Q9UKE5,TNIK,MLP,0.201243314146739,0.619757429884935
Q9UKE5,TNIK,MLP,1.1988675083776177,1.1423867689907516
Q9UKE5,TNIK,MLP,-0.2245579649189772,0.35008940239920355
Q9UKE5,TNIK,MLP,-1.3955032414362658,-2.0979620147322278
Q9UKE5,TNIK,MLP,0.7019801271285417,0.6380979187324585
Q9UKE5,TNIK,MLP,0.035946155924922,0.25653799667534855
Q9Y2K2,SIK3,RandomForest,-0.696810625456354,-0.29877006513807025
Q9Y2K2,SIK3,RandomForest,-0.1177058413892024,-0.23805996163691437
Q9Y2K2,SIK3,RandomForest,-0.570058563732033,0.802463684571839
Q9Y2K2,SIK3,RandomForest,-0.0113598639187281,-0.3559725223597857
Q9Y2K2,SIK3,RandomForest,0.4156460541933693,0.5871127179491087
Q9Y2K2,SIK3,RandomForest,-1.0492636136808982,0.42523130891265654
Q9Y2K2,SIK3,RandomForest,0.1311414907522523,-0.40197927272273615
Q9Y2K2,SIK3,RandomForest,0.8178041233191325,-0.4036468452784914
Q9Y2K2,SIK3,RandomForest,-0.2890946736947819,-0.6950953906526106
Q9Y2K2,SIK3,RandomForest,-0.0906766391960367,-0.1241985276889682
Q9Y2K2,SIK3,RandomForest,1.9451563880295415,-0.5352839002349331
Q9Y2K2,SIK3,RandomForest,-0.2750045314972183,0.5409866100595271
Q9Y2K2,SIK3,RandomForest,-1.0327034246927325,-0.5100160865007213
Q9Y2K2,SIK3,RandomForest,-0.1916064224486753,-0.5235171434620378
Q9Y2K2,SIK3,RandomForest,-1.5275850662196004,-0.7164641350360672
Q9Y2K2,SIK3,RandomForest,1.1384781726738615,-0.5780987634298842
Q9Y2K2,SIK3,RandomForest,-0.0301072010738754,-0.9033740301804951
Q9Y2K2,SIK3,RandomForest,0.1576686751411008,-0.28829980215029005
Q9Y2K2,SIK3,RandomForest,0.3282034030979014,0.19548244427228004
Q9Y2K2,SIK3,XGBoost,-0.696810625456354,-0.13626277446746826
Q9Y2K2,SIK3,XGBoost,-0.1177058413892024,-0.7791138887405396
Q9Y2K2,SIK3,XGBoost,-0.570058563732033,0.4653916358947754
Q9Y2K2,SIK3,XGBoost,-0.0113598639187281,-0.26679110527038574
Q9Y2K2,SIK3,XGBoost,0.4156460541933693,1.1350363492965698
Q9Y2K2,SIK3,XGBoost,-1.0492636136808982,0.4206925928592682
Q9Y2K2,SIK3,XGBoost,0.1311414907522523,-0.27603018283843994
Q9Y2K2,SIK3,XGBoost,0.8178041233191325,-0.4867687523365021
Q9Y2K2,SIK3,XGBoost,-0.2890946736947819,1.5264503955841064
Q9Y2K2,SIK3,XGBoost,-0.0906766391960367,-0.3728507161140442
Q9Y2K2,SIK3,XGBoost,1.9451563880295415,-0.47417744994163513
Q9Y2K2,SIK3,XGBoost,-0.2750045314972183,0.446740984916687
Q9Y2K2,SIK3,XGBoost,-1.0327034246927325,2.6656620502471924
Q9Y2K2,SIK3,XGBoost,-0.1916064224486753,-0.8614553809165955
Q9Y2K2,SIK3,XGBoost,-1.5275850662196004,-0.23020312190055847
Q9Y2K2,SIK3,XGBoost,1.1384781726738615,-0.6407137513160706
Q9Y2K2,SIK3,XGBoost,-0.0301072010738754,-2.0806469917297363
Q9Y2K2,SIK3,XGBoost,0.1576686751411008,-0.2557564377784729
Q9Y2K2,SIK3,XGBoost,0.3282034030979014,0.12228154391050339
Q9Y2K2,SIK3,PLS,-0.696810625456354,-0.22962289616191578
Q9Y2K2,SIK3,PLS,-0.1177058413892024,0.27710239008114157
Q9Y2K2,SIK3,PLS,-0.570058563732033,-0.24236544471611482
Q9Y2K2,SIK3,PLS,-0.0113598639187281,0.09460220968095283
Q9Y2K2,SIK3,PLS,0.4156460541933693,-0.0643254019237176
Q9Y2K2,SIK3,PLS,-1.0492636136808982,-0.3204733861244976
Q9Y2K2,SIK3,PLS,0.1311414907522523,-0.26762761014618475
Q9Y2K2,SIK3,PLS,0.8178041233191325,-0.5331556962271828
Q9Y2K2,SIK3,PLS,-0.2890946736947819,-0.2463341087827116
Q9Y2K2,SIK3,PLS,-0.0906766391960367,0.3084840591633569
Q9Y2K2,SIK3,PLS,1.9451563880295415,0.1659767607191867
Q9Y2K2,SIK3,PLS,-0.2750045314972183,0.2434019067624169
Q9Y2K2,SIK3,PLS,-1.0327034246927325,0.17709764800847572
Q9Y2K2,SIK3,PLS,-0.1916064224486753,0.12772715934568535
Q9Y2K2,SIK3,PLS,-1.5275850662196004,-0.6286364649115753
Q9Y2K2,SIK3,PLS,1.1384781726738615,-0.14379492970041977
Q9Y2K2,SIK3,PLS,-0.0301072010738754,-0.6327271296856583
Q9Y2K2,SIK3,PLS,0.1576686751411008,-0.2252790205540277
Q9Y2K2,SIK3,PLS,0.3282034030979014,0.7762239760854718
Q9Y2K2,SIK3,SVR,-0.696810625456354,-0.31156988487759146
Q9Y2K2,SIK3,SVR,-0.1177058413892024,0.12597018974434537
Q9Y2K2,SIK3,SVR,-0.570058563732033,-0.3033901531590818
Q9Y2K2,SIK3,SVR,-0.0113598639187281,0.11833693951205415
Q9Y2K2,SIK3,SVR,0.4156460541933693,-0.22040931929117907
Q9Y2K2,SIK3,SVR,-1.0492636136808982,-0.42504066615000835
Q9Y2K2,SIK3,SVR,0.1311414907522523,-0.20467549872605262
Q9Y2K2,SIK3,SVR,0.8178041233191325,-0.5656677419805768
Q9Y2K2,SIK3,SVR,-0.2890946736947819,-0.5145468698180236
Q9Y2K2,SIK3,SVR,-0.0906766391960367,0.2753878748160874
Q9Y2K2,SIK3,SVR,1.9451563880295415,-0.04634924897214843
Q9Y2K2,SIK3,SVR,-0.2750045314972183,0.12338372786711105
Q9Y2K2,SIK3,SVR,-1.0327034246927325,-0.12909133095704783
Q9Y2K2,SIK3,SVR,-0.1916064224486753,0.011629648583836805
Q9Y2K2,SIK3,SVR,-1.5275850662196004,-0.6210914914298049
Q9Y2K2,SIK3,SVR,1.1384781726738615,-0.27952974323515484
Q9Y2K2,SIK3,SVR,-0.0301072010738754,-0.7682391615497224
Q9Y2K2,SIK3,SVR,0.1576686751411008,-0.22983170721826762
Q9Y2K2,SIK3,SVR,0.3282034030979014,0.30567783681755
Q9Y2K2,SIK3,Lasso,-0.696810625456354,-0.08844006096693245
Q9Y2K2,SIK3,Lasso,-0.1177058413892024,0.0487906753043844
Q9Y2K2,SIK3,Lasso,-0.570058563732033,-0.2687014036762204
Q9Y2K2,SIK3,Lasso,-0.0113598639187281,0.030783291907674024
Q9Y2K2,SIK3,Lasso,0.4156460541933693,-0.09296544250385719
Q9Y2K2,SIK3,Lasso,-1.0492636136808982,-0.15906390409665266
Q9Y2K2,SIK3,Lasso,0.1311414907522523,-0.08528444349152164
Q9Y2K2,SIK3,Lasso,0.8178041233191325,-0.2725315587028373
Q9Y2K2,SIK3,Lasso,-0.2890946736947819,-0.1010905622288443
Q9Y2K2,SIK3,Lasso,-0.0906766391960367,0.11776602500121777
Q9Y2K2,SIK3,Lasso,1.9451563880295415,0.04262595463334087
Q9Y2K2,SIK3,Lasso,-0.2750045314972183,0.03951240786995566
Q9Y2K2,SIK3,Lasso,-1.0327034246927325,0.049686504127374714
Q9Y2K2,SIK3,Lasso,-0.1916064224486753,0.0002743648726682424
Q9Y2K2,SIK3,Lasso,-1.5275850662196004,-0.29424912405003534
Q9Y2K2,SIK3,Lasso,1.1384781726738615,-0.07093380987430013
Q9Y2K2,SIK3,Lasso,-0.0301072010738754,-0.35683522522673783
Q9Y2K2,SIK3,Lasso,0.1576686751411008,-0.09768635083158264
Q9Y2K2,SIK3,Lasso,0.3282034030979014,0.21619321301581432
Q9Y2K2,SIK3,ElasticNet,-0.696810625456354,-0.13929269955276005
Q9Y2K2,SIK3,ElasticNet,-0.1177058413892024,0.1301281281544446
Q9Y2K2,SIK3,ElasticNet,-0.570058563732033,-0.32240505648447126
Q9Y2K2,SIK3,ElasticNet,-0.0113598639187281,0.10355092445404135
Q9Y2K2,SIK3,ElasticNet,0.4156460541933693,-0.10627646852953682
Q9Y2K2,SIK3,ElasticNet,-1.0492636136808982,-0.2312017699855788
Q9Y2K2,SIK3,ElasticNet,0.1311414907522523,-0.1315579426855099
Q9Y2K2,SIK3,ElasticNet,0.8178041233191325,-0.3712579717520311
Q9Y2K2,SIK3,ElasticNet,-0.2890946736947819,-0.19174426352416732
Q9Y2K2,SIK3,ElasticNet,-0.0906766391960367,0.26716495411534624
Q9Y2K2,SIK3,ElasticNet,1.9451563880295415,0.0941394376252159
Q9Y2K2,SIK3,ElasticNet,-0.2750045314972183,0.10631037560611534
Q9Y2K2,SIK3,ElasticNet,-1.0327034246927325,0.08175944260364026
Q9Y2K2,SIK3,ElasticNet,-0.1916064224486753,0.04963645149007635
Q9Y2K2,SIK3,ElasticNet,-1.5275850662196004,-0.44880744626044244
Q9Y2K2,SIK3,ElasticNet,1.1384781726738615,-0.1255214387601814
Q9Y2K2,SIK3,ElasticNet,-0.0301072010738754,-0.49219654917045685
Q9Y2K2,SIK3,ElasticNet,0.1576686751411008,-0.12963683511253365
Q9Y2K2,SIK3,ElasticNet,0.3282034030979014,0.47724005814034043
Q9Y2K2,SIK3,GradientBoosting,-0.696810625456354,-0.2281149662275725
Q9Y2K2,SIK3,GradientBoosting,-0.1177058413892024,-0.1597905324739197
Q9Y2K2,SIK3,GradientBoosting,-0.570058563732033,0.76061477177516
Q9Y2K2,SIK3,GradientBoosting,-0.0113598639187281,-0.057078728680277205
Q9Y2K2,SIK3,GradientBoosting,0.4156460541933693,0.665475963447587
Q9Y2K2,SIK3,GradientBoosting,-1.0492636136808982,0.5376610969034118
Q9Y2K2,SIK3,GradientBoosting,0.1311414907522523,-0.2658956949155712
Q9Y2K2,SIK3,GradientBoosting,0.8178041233191325,-0.178889691136589
Q9Y2K2,SIK3,GradientBoosting,-0.2890946736947819,-0.11172304414912683
Q9Y2K2,SIK3,GradientBoosting,-0.0906766391960367,-0.10231604298982204
Q9Y2K2,SIK3,GradientBoosting,1.9451563880295415,-0.5144429726642648
Q9Y2K2,SIK3,GradientBoosting,-0.2750045314972183,0.5576712554731335
Q9Y2K2,SIK3,GradientBoosting,-1.0327034246927325,-0.4954364625532736
Q9Y2K2,SIK3,GradientBoosting,-0.1916064224486753,-0.5409170293521117
Q9Y2K2,SIK3,GradientBoosting,-1.5275850662196004,-0.9586295619528358
Q9Y2K2,SIK3,GradientBoosting,1.1384781726738615,-0.6479060978497234
Q9Y2K2,SIK3,GradientBoosting,-0.0301072010738754,-1.076482495768861
Q9Y2K2,SIK3,GradientBoosting,0.1576686751411008,-0.05418149674172926
Q9Y2K2,SIK3,GradientBoosting,0.3282034030979014,0.16888670693436802
Q9Y2K2,SIK3,MLP,-0.696810625456354,-0.13072869874905652
Q9Y2K2,SIK3,MLP,-0.1177058413892024,0.22803478144578493
Q9Y2K2,SIK3,MLP,-0.570058563732033,1.13299659160249
Q9Y2K2,SIK3,MLP,-0.0113598639187281,0.832600902396951
Q9Y2K2,SIK3,MLP,0.4156460541933693,0.3458524549483349
Q9Y2K2,SIK3,MLP,-1.0492636136808982,-0.5159261302261713
Q9Y2K2,SIK3,MLP,0.1311414907522523,-0.2615691626596463
Q9Y2K2,SIK3,MLP,0.8178041233191325,-0.9143338503316145
Q9Y2K2,SIK3,MLP,-0.2890946736947819,0.6745604382944308
Q9Y2K2,SIK3,MLP,-0.0906766391960367,-0.13177479603076475
Q9Y2K2,SIK3,MLP,1.9451563880295415,-0.08294318423313396
Q9Y2K2,SIK3,MLP,-0.2750045314972183,0.7574505947430699
Q9Y2K2,SIK3,MLP,-1.0327034246927325,0.8469028695098046
Q9Y2K2,SIK3,MLP,-0.1916064224486753,-0.01783307148400487
Q9Y2K2,SIK3,MLP,-1.5275850662196004,-0.5329030323259383
Q9Y2K2,SIK3,MLP,1.1384781726738615,-0.375391659916201
Q9Y2K2,SIK3,MLP,-0.0301072010738754,-0.9313836161517459
Q9Y2K2,SIK3,MLP,0.1576686751411008,-0.49151852751058717
Q9Y2K2,SIK3,MLP,0.3282034030979014,-0.5908689748996927
Q9Y2U5,MAP3K2,RandomForest,-1.7766850746731002,0.24776540016032123
Q9Y2U5,MAP3K2,RandomForest,0.3689533992510106,-0.7945487148197473
Q9Y2U5,MAP3K2,RandomForest,-1.0337661077974594,-2.0888517488540725
Q9Y2U5,MAP3K2,RandomForest,2.145579358706055,0.23432163478812812
Q9Y2U5,MAP3K2,RandomForest,0.545256294269295,-1.2077410709356573
Q9Y2U5,MAP3K2,RandomForest,-1.0312318909530604,-0.765331011259608
Q9Y2U5,MAP3K2,RandomForest,3.541979995825033,-0.07169432467061586
Q9Y2U5,MAP3K2,RandomForest,-0.0582547489321225,-1.549171997510951
Q9Y2U5,MAP3K2,RandomForest,0.1263706677182297,-3.200375922015953
Q9Y2U5,MAP3K2,RandomForest,1.0296165452572676,0.33154574004077875
Q9Y2U5,MAP3K2,RandomForest,-3.174690858948477,-0.8213130384652801
Q9Y2U5,MAP3K2,RandomForest,0.4331880444318364,-1.7781429502648256
Q9Y2U5,MAP3K2,RandomForest,-1.9512950096295936,-1.8708616502732998
Q9Y2U5,MAP3K2,RandomForest,-6.937834521658833,-0.25917814932558303
Q9Y2U5,MAP3K2,RandomForest,2.861068570233716,0.020875047050230248
Q9Y2U5,MAP3K2,RandomForest,0.9584294462134202,0.33558760673597265
Q9Y2U5,MAP3K2,RandomForest,-5.610117286295897,-1.4638271932268092
Q9Y2U5,MAP3K2,RandomForest,0.3223356766851811,-1.3230962825663388
Q9Y2U5,MAP3K2,RandomForest,0.2666398839162138,-1.1835152542576228
Q9Y2U5,MAP3K2,XGBoost,-1.7766850746731002,2.2070236206054688
Q9Y2U5,MAP3K2,XGBoost,0.3689533992510106,1.4463746547698975
Q9Y2U5,MAP3K2,XGBoost,-1.0337661077974594,-2.0156853199005127
Q9Y2U5,MAP3K2,XGBoost,2.145579358706055,2.2574589252471924
Q9Y2U5,MAP3K2,XGBoost,0.545256294269295,-1.2618056535720825
Q9Y2U5,MAP3K2,XGBoost,-1.0312318909530604,0.7489346861839294
Q9Y2U5,MAP3K2,XGBoost,3.541979995825033,0.646781861782074
Q9Y2U5,MAP3K2,XGBoost,-0.0582547489321225,-1.2854844331741333
Q9Y2U5,MAP3K2,XGBoost,0.1263706677182297,-3.6636240482330322
Q9Y2U5,MAP3K2,XGBoost,1.0296165452572676,1.7112246751785278
Q9Y2U5,MAP3K2,XGBoost,-3.174690858948477,-0.15114669501781464
Q9Y2U5,MAP3K2,XGBoost,0.4331880444318364,-1.6188820600509644
Q9Y2U5,MAP3K2,XGBoost,-1.9512950096295936,-2.3267126083374023
Q9Y2U5,MAP3K2,XGBoost,-6.937834521658833,1.1932018995285034
Q9Y2U5,MAP3K2,XGBoost,2.861068570233716,1.2140858173370361
Q9Y2U5,MAP3K2,XGBoost,0.9584294462134202,-0.5562458038330078
Q9Y2U5,MAP3K2,XGBoost,-5.610117286295897,-2.150954484939575
Q9Y2U5,MAP3K2,XGBoost,0.3223356766851811,-0.6178174018859863
Q9Y2U5,MAP3K2,XGBoost,0.2666398839162138,0.6295920014381409
Q9Y2U5,MAP3K2,PLS,-1.7766850746731002,0.5255679478315132
Q9Y2U5,MAP3K2,PLS,0.3689533992510106,-0.31779916277902837
Q9Y2U5,MAP3K2,PLS,-1.0337661077974594,-1.416498995409079
Q9Y2U5,MAP3K2,PLS,2.145579358706055,0.05952995232835612
Q9Y2U5,MAP3K2,PLS,0.545256294269295,-0.7309897310791732
Q9Y2U5,MAP3K2,PLS,-1.0312318909530604,-0.7005533637954671
Q9Y2U5,MAP3K2,PLS,3.541979995825033,2.2659075827077633
Q9Y2U5,MAP3K2,PLS,-0.0582547489321225,-1.4626600709968287
Q9Y2U5,MAP3K2,PLS,0.1263706677182297,-4.433907448165508
Q9Y2U5,MAP3K2,PLS,1.0296165452572676,-0.5465999039294683
Q9Y2U5,MAP3K2,PLS,-3.174690858948477,-0.7537493210405602
Q9Y2U5,MAP3K2,PLS,0.4331880444318364,-1.7503833041929004
Q9Y2U5,MAP3K2,PLS,-1.9512950096295936,-1.0137133405243686
Q9Y2U5,MAP3K2,PLS,-6.937834521658833,-0.5649280120412854
Q9Y2U5,MAP3K2,PLS,2.861068570233716,0.1353630627401754
Q9Y2U5,MAP3K2,PLS,0.9584294462134202,0.839949913451165
Q9Y2U5,MAP3K2,PLS,-5.610117286295897,-0.4491490297126502
Q9Y2U5,MAP3K2,PLS,0.3223356766851811,-0.15883490700747516
Q9Y2U5,MAP3K2,PLS,0.2666398839162138,-0.5768132532615526
Q9Y2U5,MAP3K2,SVR,-1.7766850746731002,0.1016436650818272
Q9Y2U5,MAP3K2,SVR,0.3689533992510106,-0.6263425485664816
Q9Y2U5,MAP3K2,SVR,-1.0337661077974594,-1.4661352952987223
Q9Y2U5,MAP3K2,SVR,2.145579358706055,0.49039654669331567
Q9Y2U5,MAP3K2,SVR,0.545256294269295,-1.031382126568154
Q9Y2U5,MAP3K2,SVR,-1.0312318909530604,-1.6465387413748593
Q9Y2U5,MAP3K2,SVR,3.541979995825033,-0.27307568214684685
Q9Y2U5,MAP3K2,SVR,-0.0582547489321225,-0.3770653751903733
Q9Y2U5,MAP3K2,SVR,0.1263706677182297,-2.914284810809637
Q9Y2U5,MAP3K2,SVR,1.0296165452572676,0.2517471467882305
Q9Y2U5,MAP3K2,SVR,-3.174690858948477,-0.3730653435884109
Q9Y2U5,MAP3K2,SVR,0.4331880444318364,-1.4497449683863448
Q9Y2U5,MAP3K2,SVR,-1.9512950096295936,-0.526878380762881
Q9Y2U5,MAP3K2,SVR,-6.937834521658833,-0.7702114533286767
Q9Y2U5,MAP3K2,SVR,2.861068570233716,-0.7626216622921843
Q9Y2U5,MAP3K2,SVR,0.9584294462134202,0.7715062739568591
Q9Y2U5,MAP3K2,SVR,-5.610117286295897,-0.35536275534400763
Q9Y2U5,MAP3K2,SVR,0.3223356766851811,-0.9517852860533007
Q9Y2U5,MAP3K2,SVR,0.2666398839162138,-0.4300943841691026
Q9Y2U5,MAP3K2,Lasso,-1.7766850746731002,0.22911721189833612
Q9Y2U5,MAP3K2,Lasso,0.3689533992510106,-0.4843106507610256
Q9Y2U5,MAP3K2,Lasso,-1.0337661077974594,-1.5899585921483683
Q9Y2U5,MAP3K2,Lasso,2.145579358706055,-0.09380710512150725
Q9Y2U5,MAP3K2,Lasso,0.545256294269295,-0.890616403911591
Q9Y2U5,MAP3K2,Lasso,-1.0312318909530604,-0.865985158767288
Q9Y2U5,MAP3K2,Lasso,3.541979995825033,1.4079655124204258
Q9Y2U5,MAP3K2,Lasso,-0.0582547489321225,-1.2180935204108152
Q9Y2U5,MAP3K2,Lasso,0.1263706677182297,-3.8413742400890722
Q9Y2U5,MAP3K2,Lasso,1.0296165452572676,-0.6268625264044083
Q9Y2U5,MAP3K2,Lasso,-3.174690858948477,-0.7435157063801975
Q9Y2U5,MAP3K2,Lasso,0.4331880444318364,-1.7764366836591619
Q9Y2U5,MAP3K2,Lasso,-1.9512950096295936,-1.0131781147718604
Q9Y2U5,MAP3K2,Lasso,-6.937834521658833,-0.547792197502912
Q9Y2U5,MAP3K2,Lasso,2.861068570233716,-0.10291991768264919
Q9Y2U5,MAP3K2,Lasso,0.9584294462134202,0.5916322360691655
Q9Y2U5,MAP3K2,Lasso,-5.610117286295897,-0.5873094010723146
Q9Y2U5,MAP3K2,Lasso,0.3223356766851811,-0.21264665039923747
Q9Y2U5,MAP3K2,Lasso,0.2666398839162138,-0.5788551658090433
Q9Y2U5,MAP3K2,ElasticNet,-1.7766850746731002,0.30382062163026136
Q9Y2U5,MAP3K2,ElasticNet,0.3689533992510106,-0.48557440666816704
Q9Y2U5,MAP3K2,ElasticNet,-1.0337661077974594,-1.5951017670997407
Q9Y2U5,MAP3K2,ElasticNet,2.145579358706055,-0.01970654573327779
Q9Y2U5,MAP3K2,ElasticNet,0.545256294269295,-0.9184462788302301
Q9Y2U5,MAP3K2,ElasticNet,-1.0312318909530604,-0.8755450927951067
Q9Y2U5,MAP3K2,ElasticNet,3.541979995825033,1.5083489725332306
Q9Y2U5,MAP3K2,ElasticNet,-0.0582547489321225,-1.2148292128361193
Q9Y2U5,MAP3K2,ElasticNet,0.1263706677182297,-4.029498331496786
Q9Y2U5,MAP3K2,ElasticNet,1.0296165452572676,-0.5675856194137365
Q9Y2U5,MAP3K2,ElasticNet,-3.174690858948477,-0.7293023696479762
Q9Y2U5,MAP3K2,ElasticNet,0.4331880444318364,-1.7924392017981834
Q9Y2U5,MAP3K2,ElasticNet,-1.9512950096295936,-0.9930693022071072
Q9Y2U5,MAP3K2,ElasticNet,-6.937834521658833,-0.5542443753555564
Q9Y2U5,MAP3K2,ElasticNet,2.861068570233716,-0.06667536684442277
Q9Y2U5,MAP3K2,ElasticNet,0.9584294462134202,0.6779793161273381
Q9Y2U5,MAP3K2,ElasticNet,-5.610117286295897,-0.5794604486026302
Q9Y2U5,MAP3K2,ElasticNet,0.3223356766851811,-0.15291658848318423
Q9Y2U5,MAP3K2,ElasticNet,0.2666398839162138,-0.5723830895988924
Q9Y2U5,MAP3K2,GradientBoosting,-1.7766850746731002,2.2759579821588565
Q9Y2U5,MAP3K2,GradientBoosting,0.3689533992510106,-0.882929180098478
Q9Y2U5,MAP3K2,GradientBoosting,-1.0337661077974594,-1.9653269862144518
Q9Y2U5,MAP3K2,GradientBoosting,2.145579358706055,1.4326520608436635
Q9Y2U5,MAP3K2,GradientBoosting,0.545256294269295,-0.7770103546925592
Q9Y2U5,MAP3K2,GradientBoosting,-1.0312318909530604,-1.5615747756770642
Q9Y2U5,MAP3K2,GradientBoosting,3.541979995825033,0.866661881286176
Q9Y2U5,MAP3K2,GradientBoosting,-0.0582547489321225,-3.3551643110709386
Q9Y2U5,MAP3K2,GradientBoosting,0.1263706677182297,-4.291170918488329
Q9Y2U5,MAP3K2,GradientBoosting,1.0296165452572676,0.10277312075840817
Q9Y2U5,MAP3K2,GradientBoosting,-3.174690858948477,-0.48449821643171553
Q9Y2U5,MAP3K2,GradientBoosting,0.4331880444318364,-1.2615574857784126
Q9Y2U5,MAP3K2,GradientBoosting,-1.9512950096295936,-1.8415870912659273
Q9Y2U5,MAP3K2,GradientBoosting,-6.937834521658833,-0.007099325881504155
Q9Y2U5,MAP3K2,GradientBoosting,2.861068570233716,0.32304011482248457
Q9Y2U5,MAP3K2,GradientBoosting,0.9584294462134202,0.44893400345554585
Q9Y2U5,MAP3K2,GradientBoosting,-5.610117286295897,-1.770097490048745
Q9Y2U5,MAP3K2,GradientBoosting,0.3223356766851811,0.555764287509074
Q9Y2U5,MAP3K2,GradientBoosting,0.2666398839162138,0.6016473506676274
Q9Y2U5,MAP3K2,MLP,-1.7766850746731002,0.14096048208778786
Q9Y2U5,MAP3K2,MLP,0.3689533992510106,-1.1862812585046467
Q9Y2U5,MAP3K2,MLP,-1.0337661077974594,-4.734164957280189
Q9Y2U5,MAP3K2,MLP,2.145579358706055,1.477679095992708
Q9Y2U5,MAP3K2,MLP,0.545256294269295,-4.326887675798229
Q9Y2U5,MAP3K2,MLP,-1.0312318909530604,1.2048667258876733
Q9Y2U5,MAP3K2,MLP,3.541979995825033,0.14096048208778786
Q9Y2U5,MAP3K2,MLP,-0.0582547489321225,-0.8122193246284422
Q9Y2U5,MAP3K2,MLP,0.1263706677182297,-10.266510513401917
Q9Y2U5,MAP3K2,MLP,1.0296165452572676,1.8023835098412466
Q9Y2U5,MAP3K2,MLP,-3.174690858948477,0.10537182873132388
Q9Y2U5,MAP3K2,MLP,0.4331880444318364,-0.6069041588539401
Q9Y2U5,MAP3K2,MLP,-1.9512950096295936,-2.8729828766603314
Q9Y2U5,MAP3K2,MLP,-6.937834521658833,0.06073687242341949
Q9Y2U5,MAP3K2,MLP,2.861068570233716,0.5469470462988131
Q9Y2U5,MAP3K2,MLP,0.9584294462134202,0.14096048208778786
Q9Y2U5,MAP3K2,MLP,-5.610117286295897,-0.12050263069682413
Q9Y2U5,MAP3K2,MLP,0.3223356766851811,3.888886054326027
Q9Y2U5,MAP3K2,MLP,0.2666398839162138,0.14096048208778786
Q9Y3S1,WNK2,RandomForest,2.0669060879342998,-5.7291803169729745
Q9Y3S1,WNK2,RandomForest,0.2875385194651875,-0.019824905245871584
Q9Y3S1,WNK2,RandomForest,-1.1519710305004598,0.2655132777805545
Q9Y3S1,WNK2,RandomForest,0.2470987600394863,2.1269517305914207
Q9Y3S1,WNK2,RandomForest,1.0187403578450096,0.59996575861905
Q9Y3S1,WNK2,RandomForest,0.1140034216837399,1.305806990702169
Q9Y3S1,WNK2,RandomForest,0.8316683673935381,-2.135316257638385
Q9Y3S1,WNK2,RandomForest,1.109341314270551,2.523128698357276
Q9Y3S1,WNK2,RandomForest,1.4115680292467234,2.320520683783665
Q9Y3S1,WNK2,RandomForest,0.7599413194593889,0.8874036309582045
Q9Y3S1,WNK2,RandomForest,2.6849652735949805,2.081383148951834
Q9Y3S1,WNK2,RandomForest,-3.895105219465945,2.1261110760260236
Q9Y3S1,WNK2,RandomForest,2.5067393863333964,2.889625405428398
Q9Y3S1,WNK2,RandomForest,0.2151087928857945,0.464507642500646
Q9Y3S1,WNK2,RandomForest,0.2148813144985895,2.857141554906584
Q9Y3S1,WNK2,RandomForest,1.9979100387695328,-0.6227915535622998
Q9Y3S1,WNK2,RandomForest,1.766566014738007,0.8470579615538532
Q9Y3S1,WNK2,RandomForest,3.5164809915887387,-2.601722841188381
Q9Y3S1,WNK2,RandomForest,-0.1006608205820701,2.065569194985819
Q9Y3S1,WNK2,XGBoost,2.0669060879342998,-6.495776653289795
Q9Y3S1,WNK2,XGBoost,0.2875385194651875,-3.037816047668457
Q9Y3S1,WNK2,XGBoost,-1.1519710305004598,-3.2592906951904297
Q9Y3S1,WNK2,XGBoost,0.2470987600394863,1.4484421014785767
Q9Y3S1,WNK2,XGBoost,1.0187403578450096,0.17347584664821625
Q9Y3S1,WNK2,XGBoost,0.1140034216837399,0.8555718660354614
Q9Y3S1,WNK2,XGBoost,0.8316683673935381,-2.663419246673584
Q9Y3S1,WNK2,XGBoost,1.109341314270551,2.366403102874756
Q9Y3S1,WNK2,XGBoost,1.4115680292467234,1.2520688772201538
Q9Y3S1,WNK2,XGBoost,0.7599413194593889,-0.27781742811203003
Q9Y3S1,WNK2,XGBoost,2.6849652735949805,2.141449451446533
Q9Y3S1,WNK2,XGBoost,-3.895105219465945,3.196977138519287
Q9Y3S1,WNK2,XGBoost,2.5067393863333964,2.4436919689178467
Q9Y3S1,WNK2,XGBoost,0.2151087928857945,0.24611739814281464
Q9Y3S1,WNK2,XGBoost,0.2148813144985895,1.7463440895080566
Q9Y3S1,WNK2,XGBoost,1.9979100387695328,2.4099254608154297
Q9Y3S1,WNK2,XGBoost,1.766566014738007,1.7946159839630127
Q9Y3S1,WNK2,XGBoost,3.5164809915887387,-2.724947929382324
Q9Y3S1,WNK2,XGBoost,-0.1006608205820701,1.138824462890625
Q9Y3S1,WNK2,PLS,2.0669060879342998,-2.9408597119587276
Q9Y3S1,WNK2,PLS,0.2875385194651875,0.057684481020031764
Q9Y3S1,WNK2,PLS,-1.1519710305004598,0.4980843293602441
Q9Y3S1,WNK2,PLS,0.2470987600394863,1.2522460101529704
Q9Y3S1,WNK2,PLS,1.0187403578450096,0.28156889075926417
Q9Y3S1,WNK2,PLS,0.1140034216837399,-0.13887766644879995
Q9Y3S1,WNK2,PLS,0.8316683673935381,-0.8842483557787646
Q9Y3S1,WNK2,PLS,1.109341314270551,1.463841584585092
Q9Y3S1,WNK2,PLS,1.4115680292467234,1.5765676582491361
Q9Y3S1,WNK2,PLS,0.7599413194593889,0.8281974186247789
Q9Y3S1,WNK2,PLS,2.6849652735949805,0.5768350574041897
Q9Y3S1,WNK2,PLS,-3.895105219465945,0.5459825216699803
Q9Y3S1,WNK2,PLS,2.5067393863333964,0.34249241225621774
Q9Y3S1,WNK2,PLS,0.2151087928857945,0.25438630421599934
Q9Y3S1,WNK2,PLS,0.2148813144985895,3.620333440161935
Q9Y3S1,WNK2,PLS,1.9979100387695328,-1.0905481016327456
Q9Y3S1,WNK2,PLS,1.766566014738007,1.167440160296549
Q9Y3S1,WNK2,PLS,3.5164809915887387,-0.7992726504182339
Q9Y3S1,WNK2,PLS,-0.1006608205820701,2.4511640742593532
Q9Y3S1,WNK2,SVR,2.0669060879342998,-1.1030130355641097
Q9Y3S1,WNK2,SVR,0.2875385194651875,0.2843339924225683
Q9Y3S1,WNK2,SVR,-1.1519710305004598,0.671923545255412
Q9Y3S1,WNK2,SVR,0.2470987600394863,1.362008012358915
Q9Y3S1,WNK2,SVR,1.0187403578450096,0.5423895384808106
Q9Y3S1,WNK2,SVR,0.1140034216837399,0.4730511874805874
Q9Y3S1,WNK2,SVR,0.8316683673935381,-0.17674382342968076
Q9Y3S1,WNK2,SVR,1.109341314270551,1.551598523947233
Q9Y3S1,WNK2,SVR,1.4115680292467234,1.7658179855155947
Q9Y3S1,WNK2,SVR,0.7599413194593889,0.789525241814411
Q9Y3S1,WNK2,SVR,2.6849652735949805,1.085023603987362
Q9Y3S1,WNK2,SVR,-3.895105219465945,0.8288503290195985
Q9Y3S1,WNK2,SVR,2.5067393863333964,1.054484970723978
Q9Y3S1,WNK2,SVR,0.2151087928857945,0.4663698877886504
Q9Y3S1,WNK2,SVR,0.2148813144985895,2.5903165579426966
Q9Y3S1,WNK2,SVR,1.9979100387695328,0.9480845900011983
Q9Y3S1,WNK2,SVR,1.766566014738007,1.5471840832188803
Q9Y3S1,WNK2,SVR,3.5164809915887387,0.1429507247926205
Q9Y3S1,WNK2,SVR,-0.1006608205820701,1.8809673084867178
Q9Y3S1,WNK2,Lasso,2.0669060879342998,-2.583024488932609
Q9Y3S1,WNK2,Lasso,0.2875385194651875,0.0671587368755534
Q9Y3S1,WNK2,Lasso,-1.1519710305004598,0.5246506250780969
Q9Y3S1,WNK2,Lasso,0.2470987600394863,1.159197764501633
Q9Y3S1,WNK2,Lasso,1.0187403578450096,0.29102114665098144
Q9Y3S1,WNK2,Lasso,0.1140034216837399,-0.05694827038592226
Q9Y3S1,WNK2,Lasso,0.8316683673935381,-0.7997224685245732
Q9Y3S1,WNK2,Lasso,1.109341314270551,1.3847630976647816
Q9Y3S1,WNK2,Lasso,1.4115680292467234,1.459776542150441
Q9Y3S1,WNK2,Lasso,0.7599413194593889,0.7940187218239315
Q9Y3S1,WNK2,Lasso,2.6849652735949805,0.5154473443002419
Q9Y3S1,WNK2,Lasso,-3.895105219465945,0.4955346537944951
Q9Y3S1,WNK2,Lasso,2.5067393863333964,0.35514021098188225
Q9Y3S1,WNK2,Lasso,0.2151087928857945,0.25256453889255565
Q9Y3S1,WNK2,Lasso,0.2148813144985895,3.379366081498623
Q9Y3S1,WNK2,Lasso,1.9979100387695328,-0.7945644889648302
Q9Y3S1,WNK2,Lasso,1.766566014738007,1.0427283403496408
Q9Y3S1,WNK2,Lasso,3.5164809915887387,-0.7787161206111681
Q9Y3S1,WNK2,Lasso,-0.1006608205820701,2.2900902341099756
Q9Y3S1,WNK2,ElasticNet,2.0669060879342998,-2.635353651505243
Q9Y3S1,WNK2,ElasticNet,0.2875385194651875,0.04511041703032176
Q9Y3S1,WNK2,ElasticNet,-1.1519710305004598,0.4783772663089851
Q9Y3S1,WNK2,ElasticNet,0.2470987600394863,1.1887524159539151
Q9Y3S1,WNK2,ElasticNet,1.0187403578450096,0.2711443606148026
Q9Y3S1,WNK2,ElasticNet,0.1140034216837399,-0.08310916482336395
Q9Y3S1,WNK2,ElasticNet,0.8316683673935381,-0.8082130954126556
Q9Y3S1,WNK2,ElasticNet,1.109341314270551,1.3987041525505712
Q9Y3S1,WNK2,ElasticNet,1.4115680292467234,1.51446530312951
Q9Y3S1,WNK2,ElasticNet,0.7599413194593889,0.7637128431144437
Q9Y3S1,WNK2,ElasticNet,2.6849652735949805,0.5785515010571481
Q9Y3S1,WNK2,ElasticNet,-3.895105219465945,0.5216946918479562
Q9Y3S1,WNK2,ElasticNet,2.5067393863333964,0.3900384897347419
Q9Y3S1,WNK2,ElasticNet,0.2151087928857945,0.23532602121576762
Q9Y3S1,WNK2,ElasticNet,0.2148813144985895,3.352498959412093
Q9Y3S1,WNK2,ElasticNet,1.9979100387695328,-0.7922154055023591
Q9Y3S1,WNK2,ElasticNet,1.766566014738007,1.1319595846872588
Q9Y3S1,WNK2,ElasticNet,3.5164809915887387,-0.7090149148663678
Q9Y3S1,WNK2,ElasticNet,-0.1006608205820701,2.2726377943085536
Q9Y3S1,WNK2,GradientBoosting,2.0669060879342998,-8.984028442007196
Q9Y3S1,WNK2,GradientBoosting,0.2875385194651875,-0.6013566853179315
Q9Y3S1,WNK2,GradientBoosting,-1.1519710305004598,-0.25328317782085197
Q9Y3S1,WNK2,GradientBoosting,0.2470987600394863,2.014501468397725
Q9Y3S1,WNK2,GradientBoosting,1.0187403578450096,0.21521710256886464
Q9Y3S1,WNK2,GradientBoosting,0.1140034216837399,2.1884259800231303
Q9Y3S1,WNK2,GradientBoosting,0.8316683673935381,-2.031891051775899
Q9Y3S1,WNK2,GradientBoosting,1.109341314270551,2.4255191089256063
Q9Y3S1,WNK2,GradientBoosting,1.4115680292467234,2.13543003395688
Q9Y3S1,WNK2,GradientBoosting,0.7599413194593889,1.1824903893245855
Q9Y3S1,WNK2,GradientBoosting,2.6849652735949805,1.853833087623484
Q9Y3S1,WNK2,GradientBoosting,-3.895105219465945,3.1436852492890566
Q9Y3S1,WNK2,GradientBoosting,2.5067393863333964,2.620640110407614
Q9Y3S1,WNK2,GradientBoosting,0.2151087928857945,0.5086462128936771
Q9Y3S1,WNK2,GradientBoosting,0.2148813144985895,3.159763038122669
Q9Y3S1,WNK2,GradientBoosting,1.9979100387695328,2.82342272700866
Q9Y3S1,WNK2,GradientBoosting,1.766566014738007,0.16208996898775727
Q9Y3S1,WNK2,GradientBoosting,3.5164809915887387,-3.713742972690136
Q9Y3S1,WNK2,GradientBoosting,-0.1006608205820701,2.006011138985784
Q9Y3S1,WNK2,MLP,2.0669060879342998,-4.294607153129504
Q9Y3S1,WNK2,MLP,0.2875385194651875,0.5684881546914635
Q9Y3S1,WNK2,MLP,-1.1519710305004598,0.7595618887003583
Q9Y3S1,WNK2,MLP,0.2470987600394863,1.531429006438586
Q9Y3S1,WNK2,MLP,1.0187403578450096,0.6144807090145776
Q9Y3S1,WNK2,MLP,0.1140034216837399,0.4024807892549152
Q9Y3S1,WNK2,MLP,0.8316683673935381,-0.799481142170789
Q9Y3S1,WNK2,MLP,1.109341314270551,1.7302126816245278
Q9Y3S1,WNK2,MLP,1.4115680292467234,1.9505474357486086
Q9Y3S1,WNK2,MLP,0.7599413194593889,0.9354439041161853
Q9Y3S1,WNK2,MLP,2.6849652735949805,0.9729608313395852
Q9Y3S1,WNK2,MLP,-3.895105219465945,0.9301561698786003
Q9Y3S1,WNK2,MLP,2.5067393863333964,0.8825870799548405
Q9Y3S1,WNK2,MLP,0.2151087928857945,0.545705395455077
Q9Y3S1,WNK2,MLP,0.2148813144985895,3.050225069059047
Q9Y3S1,WNK2,MLP,1.9979100387695328,0.3822497203464104
Q9Y3S1,WNK2,MLP,1.766566014738007,1.6924158732877985
Q9Y3S1,WNK2,MLP,3.5164809915887387,-1.404910051106246
Q9Y3S1,WNK2,MLP,-0.1006608205820701,2.206553696294824
