UniprotID,GeneName,Perturbation,CellLine,KSEA_z_score
P12931,SRC,AZD6482,NTERA2,1.8120984013305013
P12931,SRC,CAL101,NTERA2,1.146268935639134
P12931,SRC,GDC0941,NTERA2,1.631653197692287
P12931,SRC,HS173,NTERA2,1.7448425253394528
P12931,SRC,PIK294,NTERA2,-0.22849858863891417
P12931,SRC,TGX221,NTERA2,2.3783270610390095
P12931,SRC,CX4945,NTERA2,-1.163378595006103
P12931,SRC,GO6983,NTERA2,-0.9490714941210489
P12931,SRC,KN93,NTERA2,-0.8715974741122962
P12931,SRC,MK2206,NTERA2,-1.0292742533880979
P12931,SRC,AZD5438,NTERA2,0.2696874162077504
P12931,SRC,FRAX486,NTERA2,0.7136367091998778
P12931,SRC,Ku0063794,NTERA2,1.0383066216135066
P12931,SRC,PD153035,NTERA2,0.9103373514953655
P12931,SRC,PF3758309,NTERA2,0.5587170955519201
P12931,SRC,Torin,NTERA2,0.670991819180358
P12931,SRC,Trametinib,NTERA2,1.5514337123002038
P12931,SRC,AZD1480,NTERA2,-0.18272991949665984
P12931,SRC,AZD5363,NTERA2,0.6987080693354507
P12931,SRC,BX912,NTERA2,0.4838110577265852
P12931,SRC,CHIR99021,NTERA2,-1.422459830901767
P12931,SRC,GSK2334470,NTERA2,-1.3483285489419041
P12931,SRC,Ipatasertib,NTERA2,-0.605792207017952
P12931,SRC,LY2090314,NTERA2,-3.3011371538745156
P12931,SRC,Tofacitinib,NTERA2,0.2921192320934538
P12931,SRC,AZD8055,NTERA2,0.6504360341808711
P12931,SRC,GDC0994,NTERA2,-0.8729820665505723
P12931,SRC,JNK,NTERA2,-0.39163236483585406
P12931,SRC,LY2584702,NTERA2,0.19880997066290712
P12931,SRC,PH797804,NTERA2,0.02587744772180227
P12931,SRC,Selumetinib,NTERA2,0.274838041430627
P12931,SRC,U73122,NTERA2,0.12408863285469685
P12931,SRC,Ulixertinib,NTERA2,-0.5745553300501289
P12931,SRC,Amuvatinib,NTERA2,1.4961430847709325
P12931,SRC,AZD3759,NTERA2,0.846154928779796
P12931,SRC,GSK690693,NTERA2,-0.23287544970035667
P12931,SRC,JNJ,NTERA2,0.5282697462706784
P12931,SRC,KN62,NTERA2,1.7156826028647638
P12931,SRC,Linsitinib,NTERA2,0.3139505909956789
P12931,SRC,LY2835219,NTERA2,-0.12966580995887247
P12931,SRC,Ribociclib,NTERA2,0.580180953324212
P12931,SRC,AC220,NTERA2,-0.14555267111007694
P12931,SRC,Edelfosine,NTERA2,0.7057409036451734
P12931,SRC,GF109203X,NTERA2,-0.5790661449972165
P12931,SRC,Go6976,NTERA2,-1.452210840535711
P12931,SRC,PF4708671,NTERA2,0.2794131882827952
P12931,SRC,SP600125,NTERA2,1.7013269113602818
P12931,SRC,TAK715,NTERA2,-0.589781566841782
P12931,SRC,TBCA,NTERA2,0.5235560269784131
P12931,SRC,AT13148,NTERA2,0.9171500369254763
P12931,SRC,AZ20,NTERA2,-1.2099567258107602
P12931,SRC,AZD6738,NTERA2,0.24468865049384592
P12931,SRC,Bosutinib,NTERA2,-1.5680885522181445
P12931,SRC,Dabrafenib,NTERA2,-0.1835843117685791
P12931,SRC,Dasatinib,NTERA2,-3.9856261603456775
P12931,SRC,DNAPK,NTERA2,-0.933883238680229
P12931,SRC,H89,NTERA2,-0.789074860301736
P12931,SRC,KD025,NTERA2,-0.27186151168018047
P12931,SRC,NU7441,NTERA2,0.14969476950813154
P12931,SRC,Ripasudil,NTERA2,-0.8699149038995526
P12931,SRC,Vemurafenib,NTERA2,-0.6100351492288049
P00519,ABL1,AZD6482,NTERA2,-0.8257414686387687
P00519,ABL1,CAL101,NTERA2,-0.9293877102914697
P00519,ABL1,GDC0941,NTERA2,-0.8898202389860821
P00519,ABL1,HS173,NTERA2,-1.0893283855831934
P00519,ABL1,PIK294,NTERA2,-0.39026573406054604
P00519,ABL1,TGX221,NTERA2,-0.3002998771757388
P00519,ABL1,CX4945,NTERA2,0.22418811243584494
P00519,ABL1,GO6983,NTERA2,-1.986603462426615
P00519,ABL1,KN93,NTERA2,-0.2444983034274119
P00519,ABL1,MK2206,NTERA2,0.3471323610729631
P00519,ABL1,AZD5438,NTERA2,1.8797119916545348
P00519,ABL1,FRAX486,NTERA2,-0.8874780790767373
P00519,ABL1,Ku0063794,NTERA2,0.9546318072912886
P00519,ABL1,PD153035,NTERA2,1.4558322558260663
P00519,ABL1,PF3758309,NTERA2,-0.17767921296773737
P00519,ABL1,Torin,NTERA2,0.9661102890665341
P00519,ABL1,Trametinib,NTERA2,0.13412414508794604
P00519,ABL1,AZD1480,NTERA2,-0.7411786018648803
P00519,ABL1,AZD5363,NTERA2,-1.1643803705388942
P00519,ABL1,BX912,NTERA2,0.38460518428243573
P00519,ABL1,CHIR99021,NTERA2,-0.7923502482177925
P00519,ABL1,GSK2334470,NTERA2,0.02909703083188215
P00519,ABL1,Ipatasertib,NTERA2,-0.11041042318315036
P00519,ABL1,LY2090314,NTERA2,-0.8586363795779982
P00519,ABL1,Tofacitinib,NTERA2,-1.0564617914380796
P00519,ABL1,AZD8055,NTERA2,1.0127355638909783
P00519,ABL1,GDC0994,NTERA2,1.1365137909644973
P00519,ABL1,JNK,NTERA2,0.6429009635411592
P00519,ABL1,LY2584702,NTERA2,0.7893764260205224
P00519,ABL1,PH797804,NTERA2,0.5505828397331949
P00519,ABL1,Selumetinib,NTERA2,0.6654734888211422
P00519,ABL1,U73122,NTERA2,0.2726615673220949
P00519,ABL1,Ulixertinib,NTERA2,0.7199748917951146
P00519,ABL1,Amuvatinib,NTERA2,-0.08507484746756606
P00519,ABL1,AZD3759,NTERA2,0.018988737274030384
P00519,ABL1,GSK690693,NTERA2,-0.649624888915398
P00519,ABL1,JNJ,NTERA2,0.7731783273696979
P00519,ABL1,KN62,NTERA2,0.04081017787927205
P00519,ABL1,Linsitinib,NTERA2,0.30683820747408275
P00519,ABL1,LY2835219,NTERA2,-0.30222806209317576
P00519,ABL1,Ribociclib,NTERA2,1.0644977585793058
P00519,ABL1,AC220,NTERA2,1.2291908987702886
P00519,ABL1,Edelfosine,NTERA2,1.8588845059304937
P00519,ABL1,GF109203X,NTERA2,0.045785374363886064
P00519,ABL1,Go6976,NTERA2,-0.07537017616358355
P00519,ABL1,PF4708671,NTERA2,1.333376756217192
P00519,ABL1,SP600125,NTERA2,0.17680324887149282
P00519,ABL1,TAK715,NTERA2,-0.30117164052596257
P00519,ABL1,TBCA,NTERA2,0.07287432637640012
P00519,ABL1,AT13148,NTERA2,-0.307781346394098
P00519,ABL1,AZ20,NTERA2,-0.9438951326420965
P00519,ABL1,AZD6738,NTERA2,0.4538523778092556
P00519,ABL1,Bosutinib,NTERA2,-1.7881985022604385
P00519,ABL1,Dabrafenib,NTERA2,-0.26634603305104293
P00519,ABL1,Dasatinib,NTERA2,-1.6990721780902815
P00519,ABL1,DNAPK,NTERA2,0.4023808128448137
P00519,ABL1,H89,NTERA2,-0.04591886257944157
P00519,ABL1,KD025,NTERA2,0.12376852599249154
P00519,ABL1,NU7441,NTERA2,0.8261463148877346
P00519,ABL1,Ripasudil,NTERA2,-0.14265268633784764
P00519,ABL1,Vemurafenib,NTERA2,-0.7975301180179496
P24941,CDK2,AZD6482,NTERA2,0.28525311106416235
P24941,CDK2,CAL101,NTERA2,-0.7593827429885662
P24941,CDK2,GDC0941,NTERA2,-0.13701720349849367
P24941,CDK2,HS173,NTERA2,1.165936186952521
P24941,CDK2,PIK294,NTERA2,0.9384029786055468
P24941,CDK2,TGX221,NTERA2,1.4089199206892236
P24941,CDK2,CX4945,NTERA2,-0.016738425805559815
P24941,CDK2,GO6983,NTERA2,2.299680143702294
P24941,CDK2,KN93,NTERA2,1.6271969394475068
P24941,CDK2,MK2206,NTERA2,-0.22318189144265563
P24941,CDK2,AZD5438,NTERA2,-3.1199810407239665
P24941,CDK2,FRAX486,NTERA2,1.954707570150536
P24941,CDK2,Ku0063794,NTERA2,2.606456345153809
P24941,CDK2,PD153035,NTERA2,1.3008549812124042
P24941,CDK2,PF3758309,NTERA2,2.312386955180042
P24941,CDK2,Torin,NTERA2,2.4384976720072618
P24941,CDK2,Trametinib,NTERA2,1.5416501901486996
P24941,CDK2,AZD1480,NTERA2,3.7526669022131607
P24941,CDK2,AZD5363,NTERA2,2.981252755090646
P24941,CDK2,BX912,NTERA2,1.9038773081154263
P24941,CDK2,CHIR99021,NTERA2,0.6645566395227082
P24941,CDK2,GSK2334470,NTERA2,2.2708274281487504
P24941,CDK2,Ipatasertib,NTERA2,1.3637616790223412
P24941,CDK2,LY2090314,NTERA2,0.9980079502063299
P24941,CDK2,Tofacitinib,NTERA2,1.1737242318859216
P24941,CDK2,AZD8055,NTERA2,1.818794606379327
P24941,CDK2,GDC0994,NTERA2,0.5182779409608665
P24941,CDK2,JNK,NTERA2,2.134692811588616
P24941,CDK2,LY2584702,NTERA2,1.9668431461881462
P24941,CDK2,PH797804,NTERA2,0.805123332208147
P24941,CDK2,Selumetinib,NTERA2,1.5159175574788417
P24941,CDK2,U73122,NTERA2,0.405407315637476
P24941,CDK2,Ulixertinib,NTERA2,0.7800703053969001
P24941,CDK2,Amuvatinib,NTERA2,2.6954794509315754
P24941,CDK2,AZD3759,NTERA2,1.7174558376162163
P24941,CDK2,GSK690693,NTERA2,3.633060949891113
P24941,CDK2,JNJ,NTERA2,1.5865755261115169
P24941,CDK2,KN62,NTERA2,1.135983541129665
P24941,CDK2,Linsitinib,NTERA2,1.4443108677069436
P24941,CDK2,LY2835219,NTERA2,-0.6263047627422518
P24941,CDK2,Ribociclib,NTERA2,0.9820059009225954
P24941,CDK2,AC220,NTERA2,1.7752065375453003
P24941,CDK2,Edelfosine,NTERA2,-1.2093244414423021
P24941,CDK2,GF109203X,NTERA2,1.7761126907252707
P24941,CDK2,Go6976,NTERA2,1.9573969584829276
P24941,CDK2,PF4708671,NTERA2,2.1406178807773
P24941,CDK2,SP600125,NTERA2,1.940071771403185
P24941,CDK2,TAK715,NTERA2,2.608148617659059
P24941,CDK2,TBCA,NTERA2,-0.7112773362269591
P24941,CDK2,AT13148,NTERA2,1.6639637740324478
P24941,CDK2,AZ20,NTERA2,2.2559141357028274
P24941,CDK2,AZD6738,NTERA2,1.455543405748755
P24941,CDK2,Bosutinib,NTERA2,1.592692175050072
P24941,CDK2,Dabrafenib,NTERA2,0.8285707332662783
P24941,CDK2,Dasatinib,NTERA2,1.8822902913380934
P24941,CDK2,DNAPK,NTERA2,0.9946882072337015
P24941,CDK2,H89,NTERA2,0.6192972806384458
P24941,CDK2,KD025,NTERA2,0.47167908569373324
P24941,CDK2,NU7441,NTERA2,0.5273989306352431
P24941,CDK2,Ripasudil,NTERA2,1.080468893719627
P24941,CDK2,Vemurafenib,NTERA2,0.6866132269776786
O14757,CHEK1,AZD6482,NTERA2,1.0780555198220436
O14757,CHEK1,CAL101,NTERA2,1.7186073664747477
O14757,CHEK1,GDC0941,NTERA2,1.0372147635453488
O14757,CHEK1,HS173,NTERA2,1.4552950708169774
O14757,CHEK1,PIK294,NTERA2,1.0991357994068809
O14757,CHEK1,TGX221,NTERA2,1.6927771834568894
O14757,CHEK1,CX4945,NTERA2,-1.4409358990837404
O14757,CHEK1,GO6983,NTERA2,-0.7935666040636477
O14757,CHEK1,KN93,NTERA2,-0.8034313667442157
O14757,CHEK1,MK2206,NTERA2,-0.12787141574348973
O14757,CHEK1,AZD5438,NTERA2,0.6955024406140483
O14757,CHEK1,FRAX486,NTERA2,-0.6011853426788887
O14757,CHEK1,Ku0063794,NTERA2,-0.012604795461156998
O14757,CHEK1,PD153035,NTERA2,-1.2201951330684517
O14757,CHEK1,PF3758309,NTERA2,-2.02214581393676
O14757,CHEK1,Torin,NTERA2,-0.6774201459992726
O14757,CHEK1,Trametinib,NTERA2,-0.03396381024458268
O14757,CHEK1,AZD1480,NTERA2,1.1773770234801777
O14757,CHEK1,AZD5363,NTERA2,0.93653682393552
O14757,CHEK1,BX912,NTERA2,-0.9950661449153022
O14757,CHEK1,CHIR99021,NTERA2,1.0814110429054353
O14757,CHEK1,GSK2334470,NTERA2,0.12513297282433647
O14757,CHEK1,Ipatasertib,NTERA2,-0.14039773158976226
O14757,CHEK1,LY2090314,NTERA2,-0.5628902021200304
O14757,CHEK1,Tofacitinib,NTERA2,0.4309218460165873
O14757,CHEK1,AZD8055,NTERA2,0.7984188226904692
O14757,CHEK1,GDC0994,NTERA2,-0.6046356763756903
O14757,CHEK1,JNK,NTERA2,0.3675125720708845
O14757,CHEK1,LY2584702,NTERA2,0.14320577121480074
O14757,CHEK1,PH797804,NTERA2,0.9499514188234779
O14757,CHEK1,Selumetinib,NTERA2,0.7340228970780032
O14757,CHEK1,U73122,NTERA2,1.1010430201093087
O14757,CHEK1,Ulixertinib,NTERA2,0.5883697164224521
O14757,CHEK1,Amuvatinib,NTERA2,0.8643531562233475
O14757,CHEK1,AZD3759,NTERA2,0.8569908640145424
O14757,CHEK1,GSK690693,NTERA2,-0.23114765230336815
O14757,CHEK1,JNJ,NTERA2,0.8291575842613176
O14757,CHEK1,KN62,NTERA2,0.4216958373748878
O14757,CHEK1,Linsitinib,NTERA2,0.4434069777767242
O14757,CHEK1,LY2835219,NTERA2,0.2693439733920083
O14757,CHEK1,Ribociclib,NTERA2,-0.8584569393850001
O14757,CHEK1,AC220,NTERA2,0.32840438767492514
O14757,CHEK1,Edelfosine,NTERA2,0.01720832602641326
O14757,CHEK1,GF109203X,NTERA2,1.8855502213817885
O14757,CHEK1,Go6976,NTERA2,-0.06992457749850935
O14757,CHEK1,PF4708671,NTERA2,-0.5024601077804082
O14757,CHEK1,SP600125,NTERA2,0.31561410634037884
O14757,CHEK1,TAK715,NTERA2,2.507570055635686
O14757,CHEK1,TBCA,NTERA2,-0.8879264834470737
O14757,CHEK1,AT13148,NTERA2,0.3018349967925289
O14757,CHEK1,AZ20,NTERA2,-0.7430486256955071
O14757,CHEK1,AZD6738,NTERA2,-0.10898927002557669
O14757,CHEK1,Bosutinib,NTERA2,-0.6393149666404679
O14757,CHEK1,Dabrafenib,NTERA2,0.22884552255139676
O14757,CHEK1,Dasatinib,NTERA2,0.1498826365693008
O14757,CHEK1,DNAPK,NTERA2,0.49439445040515445
O14757,CHEK1,H89,NTERA2,-0.735843270257839
O14757,CHEK1,KD025,NTERA2,0.6422950316740293
O14757,CHEK1,NU7441,NTERA2,-0.9427516667673235
O14757,CHEK1,Ripasudil,NTERA2,0.5282295079379213
O14757,CHEK1,Vemurafenib,NTERA2,-0.4858005084223374
P06493,CDK1,AZD6482,NTERA2,0.5890585249889683
P06493,CDK1,CAL101,NTERA2,0.14748493295615994
P06493,CDK1,GDC0941,NTERA2,0.4405908946647144
P06493,CDK1,HS173,NTERA2,2.3461662986572045
P06493,CDK1,PIK294,NTERA2,1.8284872580545344
P06493,CDK1,TGX221,NTERA2,-0.005094969813982174
P06493,CDK1,CX4945,NTERA2,0.17622371215219335
P06493,CDK1,GO6983,NTERA2,0.7054750306562119
P06493,CDK1,KN93,NTERA2,0.7464055542332219
P06493,CDK1,MK2206,NTERA2,-0.2529312452502357
P06493,CDK1,AZD5438,NTERA2,-4.608548521620923
P06493,CDK1,FRAX486,NTERA2,0.9764612581859766
P06493,CDK1,Ku0063794,NTERA2,0.14306238181086295
P06493,CDK1,PD153035,NTERA2,0.08233200014219871
P06493,CDK1,PF3758309,NTERA2,2.7605875995958775
P06493,CDK1,Torin,NTERA2,0.9430355659987035
P06493,CDK1,Trametinib,NTERA2,0.6981241779108508
P06493,CDK1,AZD1480,NTERA2,3.5795915132371574
P06493,CDK1,AZD5363,NTERA2,2.1197593111985538
P06493,CDK1,BX912,NTERA2,1.6321047231166703
P06493,CDK1,CHIR99021,NTERA2,2.0778558541587597
P06493,CDK1,GSK2334470,NTERA2,2.5429680107843433
P06493,CDK1,Ipatasertib,NTERA2,2.399095740046342
P06493,CDK1,LY2090314,NTERA2,2.6633241470661173
P06493,CDK1,Tofacitinib,NTERA2,1.5965173106924917
P06493,CDK1,AZD8055,NTERA2,0.531180282914996
P06493,CDK1,GDC0994,NTERA2,0.9539137231944154
P06493,CDK1,JNK,NTERA2,-0.26966420826130844
P06493,CDK1,LY2584702,NTERA2,0.306630222366041
P06493,CDK1,PH797804,NTERA2,2.055099986007835
P06493,CDK1,Selumetinib,NTERA2,0.6421705058028631
P06493,CDK1,U73122,NTERA2,0.8553914248325876
P06493,CDK1,Ulixertinib,NTERA2,0.18108244559889286
P06493,CDK1,Amuvatinib,NTERA2,1.6042982640701822
P06493,CDK1,AZD3759,NTERA2,2.005101744209106
P06493,CDK1,GSK690693,NTERA2,2.797788273961462
P06493,CDK1,JNJ,NTERA2,1.705454735357432
P06493,CDK1,KN62,NTERA2,1.6228098086262286
P06493,CDK1,Linsitinib,NTERA2,1.794403750363496
P06493,CDK1,LY2835219,NTERA2,0.00922831374003648
P06493,CDK1,Ribociclib,NTERA2,0.47851653553177964
P06493,CDK1,AC220,NTERA2,-0.10617852152665896
P06493,CDK1,Edelfosine,NTERA2,-3.337680541034125
P06493,CDK1,GF109203X,NTERA2,2.4611112009483174
P06493,CDK1,Go6976,NTERA2,1.715117090752276
P06493,CDK1,PF4708671,NTERA2,1.1276516856485597
P06493,CDK1,SP600125,NTERA2,0.9097862967234386
P06493,CDK1,TAK715,NTERA2,1.3217072341367269
P06493,CDK1,TBCA,NTERA2,0.047277673572774126
P06493,CDK1,AT13148,NTERA2,0.61522315146697
P06493,CDK1,AZ20,NTERA2,2.6951792885894523
P06493,CDK1,AZD6738,NTERA2,2.1499787045785532
P06493,CDK1,Bosutinib,NTERA2,1.9446057348653365
P06493,CDK1,Dabrafenib,NTERA2,0.4931033344280282
P06493,CDK1,Dasatinib,NTERA2,1.682795527280485
P06493,CDK1,DNAPK,NTERA2,-0.11548808090351627
P06493,CDK1,H89,NTERA2,0.17186238839549167
P06493,CDK1,KD025,NTERA2,-0.3241589573183748
P06493,CDK1,NU7441,NTERA2,-0.4512500596230676
P06493,CDK1,Ripasudil,NTERA2,-0.08159921422112244
P06493,CDK1,Vemurafenib,NTERA2,0.5300415850735919
O15530,PDPK1,AZD6482,NTERA2,1.2949939438625602
O15530,PDPK1,CAL101,NTERA2,0.48347544042651763
O15530,PDPK1,GDC0941,NTERA2,-0.06684290663046631
O15530,PDPK1,HS173,NTERA2,0.05748941109980865
O15530,PDPK1,PIK294,NTERA2,0.7189154221577675
O15530,PDPK1,TGX221,NTERA2,0.6893508635854053
O15530,PDPK1,CX4945,NTERA2,-0.055806500591537064
O15530,PDPK1,GO6983,NTERA2,-0.20663620301241967
O15530,PDPK1,KN93,NTERA2,0.975886674184783
O15530,PDPK1,MK2206,NTERA2,0.7055962875071757
O15530,PDPK1,AZD5438,NTERA2,1.6354534549672917
O15530,PDPK1,FRAX486,NTERA2,1.882434572942439
O15530,PDPK1,Ku0063794,NTERA2,1.64426757497017
O15530,PDPK1,PD153035,NTERA2,0.9727641671035856
O15530,PDPK1,PF3758309,NTERA2,1.7863760662792212
O15530,PDPK1,Torin,NTERA2,1.3783839536175373
O15530,PDPK1,Trametinib,NTERA2,0.7018877005787406
O15530,PDPK1,AZD1480,NTERA2,0.10763529696060886
O15530,PDPK1,AZD5363,NTERA2,1.815101389650513
O15530,PDPK1,BX912,NTERA2,0.7861607795513235
O15530,PDPK1,CHIR99021,NTERA2,1.2710740037176684
O15530,PDPK1,GSK2334470,NTERA2,0.7953137892905288
O15530,PDPK1,Ipatasertib,NTERA2,0.8632850557527632
O15530,PDPK1,LY2090314,NTERA2,1.6309014823214476
O15530,PDPK1,Tofacitinib,NTERA2,0.43515695589659187
O15530,PDPK1,AZD8055,NTERA2,-0.12953736465147228
O15530,PDPK1,GDC0994,NTERA2,0.5798022370790564
O15530,PDPK1,JNK,NTERA2,1.5828424620501567
O15530,PDPK1,LY2584702,NTERA2,-1.9563335789950678
O15530,PDPK1,PH797804,NTERA2,1.9746619973755684
O15530,PDPK1,Selumetinib,NTERA2,-0.8193704240672772
O15530,PDPK1,U73122,NTERA2,0.9099633958773472
O15530,PDPK1,Ulixertinib,NTERA2,-0.11595925189118145
O15530,PDPK1,Amuvatinib,NTERA2,-0.049803735815276216
O15530,PDPK1,AZD3759,NTERA2,0.6847508207090499
O15530,PDPK1,GSK690693,NTERA2,0.05829990211708861
O15530,PDPK1,JNJ,NTERA2,0.6159608768085895
O15530,PDPK1,KN62,NTERA2,0.8033457453839983
O15530,PDPK1,Linsitinib,NTERA2,0.5804367885642826
O15530,PDPK1,LY2835219,NTERA2,0.4181572038421855
O15530,PDPK1,Ribociclib,NTERA2,0.09304465505863388
O15530,PDPK1,AC220,NTERA2,-3.346763553453836
O15530,PDPK1,Edelfosine,NTERA2,-1.428337262888308
O15530,PDPK1,GF109203X,NTERA2,0.6926814847604994
O15530,PDPK1,Go6976,NTERA2,-0.3899190948170803
O15530,PDPK1,PF4708671,NTERA2,-2.2454898538682904
O15530,PDPK1,SP600125,NTERA2,-2.2796387753452207
O15530,PDPK1,TAK715,NTERA2,0.20793186752022863
O15530,PDPK1,TBCA,NTERA2,-1.572938932215937
O15530,PDPK1,AT13148,NTERA2,-4.972769293489845
O15530,PDPK1,AZ20,NTERA2,-3.31439162155709
O15530,PDPK1,AZD6738,NTERA2,-3.014141256343525
O15530,PDPK1,Bosutinib,NTERA2,-4.045857702604963
O15530,PDPK1,Dabrafenib,NTERA2,-3.9868250834049723
O15530,PDPK1,Dasatinib,NTERA2,-3.4430980337258523
O15530,PDPK1,DNAPK,NTERA2,-2.6585640425337993
O15530,PDPK1,H89,NTERA2,-3.675288289440149
O15530,PDPK1,KD025,NTERA2,-1.2963499064225936
O15530,PDPK1,NU7441,NTERA2,-5.2863166221840965
O15530,PDPK1,Ripasudil,NTERA2,-3.1745883140487527
O15530,PDPK1,Vemurafenib,NTERA2,-4.833605388022217
P07949,RET,AZD6482,NTERA2,-0.8836875849021985
P07949,RET,CAL101,NTERA2,-0.4326287157094518
P07949,RET,GDC0941,NTERA2,-1.0554016964578992
P07949,RET,HS173,NTERA2,-0.7292305556845835
P07949,RET,PIK294,NTERA2,0.2473303243974095
P07949,RET,TGX221,NTERA2,-0.0831822342520022
P07949,RET,CX4945,NTERA2,0.8774314183292221
P07949,RET,GO6983,NTERA2,0.3187081783601304
P07949,RET,KN93,NTERA2,-0.260897955282852
P07949,RET,MK2206,NTERA2,0.44185700866038774
P07949,RET,AZD5438,NTERA2,0.575131273969646
P07949,RET,FRAX486,NTERA2,-4.749230316071852
P07949,RET,Ku0063794,NTERA2,0.41959501068454885
P07949,RET,PD153035,NTERA2,0.5751891241882873
P07949,RET,PF3758309,NTERA2,-0.29631243108628497
P07949,RET,Torin,NTERA2,0.6106656258101544
P07949,RET,Trametinib,NTERA2,-5.823002416815419
P07949,RET,AZD1480,NTERA2,-6.407995999586801
P07949,RET,AZD5363,NTERA2,0.9298214815728706
P07949,RET,BX912,NTERA2,-2.870721647134867
P07949,RET,CHIR99021,NTERA2,0.12874161360551697
P07949,RET,GSK2334470,NTERA2,0.8254117442947299
P07949,RET,Ipatasertib,NTERA2,0.9924278713551045
P07949,RET,LY2090314,NTERA2,-0.4787759160576763
P07949,RET,Tofacitinib,NTERA2,-0.49797692874958593
P07949,RET,AZD8055,NTERA2,-0.2292334727914779
P07949,RET,GDC0994,NTERA2,1.2445835398014191
P07949,RET,JNK,NTERA2,-0.5382621974195151
P07949,RET,LY2584702,NTERA2,-0.27441769788491255
P07949,RET,PH797804,NTERA2,-0.09855759972048708
P07949,RET,Selumetinib,NTERA2,-2.55262535547392
P07949,RET,U73122,NTERA2,-0.009783784491014793
P07949,RET,Ulixertinib,NTERA2,1.4034231763992695
P07949,RET,Amuvatinib,NTERA2,0.3405085916749981
P07949,RET,AZD3759,NTERA2,0.8378328378115547
P07949,RET,GSK690693,NTERA2,0.9302914319824217
P07949,RET,JNJ,NTERA2,0.13742257900754223
P07949,RET,KN62,NTERA2,-0.06680677702542427
P07949,RET,Linsitinib,NTERA2,-0.6622734204564702
P07949,RET,LY2835219,NTERA2,0.624734836499848
P07949,RET,Ribociclib,NTERA2,1.0499741238170357
P07949,RET,AC220,NTERA2,-0.1521610659791748
P07949,RET,Edelfosine,NTERA2,2.6080669754348107
P07949,RET,GF109203X,NTERA2,1.3557052170941255
P07949,RET,Go6976,NTERA2,0.1922983194672107
P07949,RET,PF4708671,NTERA2,0.17676051739667067
P07949,RET,SP600125,NTERA2,-0.2559943634546549
P07949,RET,TAK715,NTERA2,-0.2835359645138441
P07949,RET,TBCA,NTERA2,-0.2360582445751165
P07949,RET,AT13148,NTERA2,0.4405086078871309
P07949,RET,AZ20,NTERA2,-0.0962821836134681
P07949,RET,AZD6738,NTERA2,-0.04054050435953191
P07949,RET,Bosutinib,NTERA2,1.0390895915966536
P07949,RET,Dabrafenib,NTERA2,1.9895103160218024
P07949,RET,Dasatinib,NTERA2,0.22914663952472172
P07949,RET,DNAPK,NTERA2,-0.645919962321988
P07949,RET,H89,NTERA2,-1.7933399062883073
P07949,RET,KD025,NTERA2,0.3928472173505311
P07949,RET,NU7441,NTERA2,0.49917528014648493
P07949,RET,Ripasudil,NTERA2,0.9945946488133425
P07949,RET,Vemurafenib,NTERA2,0.8808833942021141
O43318,MAP3K7,AZD6482,NTERA2,0.718039050361012
O43318,MAP3K7,CAL101,NTERA2,1.592595237866966
O43318,MAP3K7,GDC0941,NTERA2,0.16450281125210756
O43318,MAP3K7,HS173,NTERA2,0.469152828270773
O43318,MAP3K7,PIK294,NTERA2,1.8281281604692798
O43318,MAP3K7,TGX221,NTERA2,1.7450340572249199
O43318,MAP3K7,CX4945,NTERA2,0.969936473279945
O43318,MAP3K7,GO6983,NTERA2,1.2808332663859188
O43318,MAP3K7,KN93,NTERA2,1.5658292874737505
O43318,MAP3K7,MK2206,NTERA2,1.8882191835631996
O43318,MAP3K7,AZD5438,NTERA2,0.23804588730280749
O43318,MAP3K7,FRAX486,NTERA2,1.020475465297602
O43318,MAP3K7,Ku0063794,NTERA2,0.7459425841528392
O43318,MAP3K7,PD153035,NTERA2,0.15692176479967915
O43318,MAP3K7,PF3758309,NTERA2,1.3370165908109386
O43318,MAP3K7,Torin,NTERA2,1.0230308074548915
O43318,MAP3K7,Trametinib,NTERA2,0.20259444586125808
O43318,MAP3K7,AZD1480,NTERA2,-0.04906361197468614
O43318,MAP3K7,AZD5363,NTERA2,0.28591229724199774
O43318,MAP3K7,BX912,NTERA2,0.6634778014083161
O43318,MAP3K7,CHIR99021,NTERA2,0.6285223661996102
O43318,MAP3K7,GSK2334470,NTERA2,-0.3756415112891858
O43318,MAP3K7,Ipatasertib,NTERA2,0.3388019495417571
O43318,MAP3K7,LY2090314,NTERA2,0.994347767915482
O43318,MAP3K7,Tofacitinib,NTERA2,-0.8447005320545907
O43318,MAP3K7,AZD8055,NTERA2,-0.8542925015169686
O43318,MAP3K7,GDC0994,NTERA2,0.5119649148502949
O43318,MAP3K7,JNK,NTERA2,0.11207203692074497
O43318,MAP3K7,LY2584702,NTERA2,0.11800776844331035
O43318,MAP3K7,PH797804,NTERA2,-0.2918742803259142
O43318,MAP3K7,Selumetinib,NTERA2,0.15959149142724724
O43318,MAP3K7,U73122,NTERA2,-0.5807487343539455
O43318,MAP3K7,Ulixertinib,NTERA2,0.019423018048043382
O43318,MAP3K7,Amuvatinib,NTERA2,-0.5727578044721502
O43318,MAP3K7,AZD3759,NTERA2,0.14873481929000273
O43318,MAP3K7,GSK690693,NTERA2,0.9729890813277982
O43318,MAP3K7,JNJ,NTERA2,0.17303087272651846
O43318,MAP3K7,KN62,NTERA2,1.0145515601752113
O43318,MAP3K7,Linsitinib,NTERA2,0.875310683066443
O43318,MAP3K7,LY2835219,NTERA2,-0.9784570911888929
O43318,MAP3K7,Ribociclib,NTERA2,-0.2853538561650886
O43318,MAP3K7,AC220,NTERA2,0.5035503642451963
O43318,MAP3K7,Edelfosine,NTERA2,-0.2955697376857786
O43318,MAP3K7,GF109203X,NTERA2,1.495780807413031
O43318,MAP3K7,Go6976,NTERA2,0.21077860975641569
O43318,MAP3K7,PF4708671,NTERA2,0.9151433660511731
O43318,MAP3K7,SP600125,NTERA2,0.3825110835488655
O43318,MAP3K7,TAK715,NTERA2,0.8650846877453743
O43318,MAP3K7,TBCA,NTERA2,-0.41334510577521033
O43318,MAP3K7,AT13148,NTERA2,-0.8416443704789647
O43318,MAP3K7,AZ20,NTERA2,0.7393380028155724
O43318,MAP3K7,AZD6738,NTERA2,-0.040624053885975314
O43318,MAP3K7,Bosutinib,NTERA2,-0.36519073720451445
O43318,MAP3K7,Dabrafenib,NTERA2,-0.43110149763747013
O43318,MAP3K7,Dasatinib,NTERA2,-0.19402875755940588
O43318,MAP3K7,DNAPK,NTERA2,-0.9213734425800364
O43318,MAP3K7,H89,NTERA2,-1.206855994269595
O43318,MAP3K7,KD025,NTERA2,0.2102502073957336
O43318,MAP3K7,NU7441,NTERA2,-1.1883227018067075
O43318,MAP3K7,Ripasudil,NTERA2,0.264886733680533
O43318,MAP3K7,Vemurafenib,NTERA2,0.15674642941220082
Q04759,PRKCQ,AZD6482,NTERA2,-1.2054484199710487
Q04759,PRKCQ,CAL101,NTERA2,-1.6041948916614435
Q04759,PRKCQ,GDC0941,NTERA2,0.019143888084075456
Q04759,PRKCQ,HS173,NTERA2,0.6633124550931518
Q04759,PRKCQ,PIK294,NTERA2,-0.17955922997786225
Q04759,PRKCQ,TGX221,NTERA2,-2.0571339035769087
Q04759,PRKCQ,CX4945,NTERA2,0.013889959810931536
Q04759,PRKCQ,GO6983,NTERA2,0.49930659129005567
Q04759,PRKCQ,KN93,NTERA2,0.7388348972806359
Q04759,PRKCQ,MK2206,NTERA2,0.48402162751107486
Q04759,PRKCQ,AZD5438,NTERA2,-0.9593363104364212
Q04759,PRKCQ,FRAX486,NTERA2,-2.1527316756565287
Q04759,PRKCQ,Ku0063794,NTERA2,-1.4962142412282085
Q04759,PRKCQ,PD153035,NTERA2,-0.864525763003262
Q04759,PRKCQ,PF3758309,NTERA2,-1.1386885884489004
Q04759,PRKCQ,Torin,NTERA2,0.3916817242097213
Q04759,PRKCQ,Trametinib,NTERA2,-3.702574654582271
Q04759,PRKCQ,AZD1480,NTERA2,-3.1845152589874828
Q04759,PRKCQ,AZD5363,NTERA2,1.6818828427390622
Q04759,PRKCQ,BX912,NTERA2,-1.1896389915896137
Q04759,PRKCQ,CHIR99021,NTERA2,1.4613793818466212
Q04759,PRKCQ,GSK2334470,NTERA2,1.1909738965672856
Q04759,PRKCQ,Ipatasertib,NTERA2,1.6381077202353482
Q04759,PRKCQ,LY2090314,NTERA2,0.7609991747959173
Q04759,PRKCQ,Tofacitinib,NTERA2,0.7577811052011705
Q04759,PRKCQ,AZD8055,NTERA2,-0.13353182712316863
Q04759,PRKCQ,GDC0994,NTERA2,0.7481675867833782
Q04759,PRKCQ,JNK,NTERA2,1.1324836426294258
Q04759,PRKCQ,LY2584702,NTERA2,-0.6383919916174047
Q04759,PRKCQ,PH797804,NTERA2,0.9513913975255285
Q04759,PRKCQ,Selumetinib,NTERA2,-1.448520810213521
Q04759,PRKCQ,U73122,NTERA2,2.323179330651223
Q04759,PRKCQ,Ulixertinib,NTERA2,2.6651156869963875
Q04759,PRKCQ,Amuvatinib,NTERA2,-2.177110439085342
Q04759,PRKCQ,AZD3759,NTERA2,-0.15599738952168812
Q04759,PRKCQ,GSK690693,NTERA2,-0.19665949425212395
Q04759,PRKCQ,JNJ,NTERA2,0.019958167991572653
Q04759,PRKCQ,KN62,NTERA2,0.6812497858531742
Q04759,PRKCQ,Linsitinib,NTERA2,-1.0306743656142736
Q04759,PRKCQ,LY2835219,NTERA2,0.2504408538965955
Q04759,PRKCQ,Ribociclib,NTERA2,0.24269586199251547
Q04759,PRKCQ,AC220,NTERA2,1.0030147057371015
Q04759,PRKCQ,Edelfosine,NTERA2,3.8085455921579987
Q04759,PRKCQ,GF109203X,NTERA2,1.9212552212533076
Q04759,PRKCQ,Go6976,NTERA2,1.0286980001446275
Q04759,PRKCQ,PF4708671,NTERA2,1.0340291219375302
Q04759,PRKCQ,SP600125,NTERA2,0.31537907516113217
Q04759,PRKCQ,TAK715,NTERA2,0.11985504650623978
Q04759,PRKCQ,TBCA,NTERA2,0.6588606340983759
Q04759,PRKCQ,AT13148,NTERA2,0.4338972312008838
Q04759,PRKCQ,AZ20,NTERA2,2.307277972664922
Q04759,PRKCQ,AZD6738,NTERA2,2.7652276961863786
Q04759,PRKCQ,Bosutinib,NTERA2,1.972815896086009
Q04759,PRKCQ,Dabrafenib,NTERA2,2.022291646213575
Q04759,PRKCQ,Dasatinib,NTERA2,-0.7073798645290812
Q04759,PRKCQ,DNAPK,NTERA2,2.0539077381103015
Q04759,PRKCQ,H89,NTERA2,0.9899647180823624
Q04759,PRKCQ,KD025,NTERA2,0.9134514505086759
Q04759,PRKCQ,NU7441,NTERA2,2.0308058757401843
Q04759,PRKCQ,Ripasudil,NTERA2,1.2894723114563504
Q04759,PRKCQ,Vemurafenib,NTERA2,-0.14494331956294876
O14920,IKBKB,AZD6482,NTERA2,1.026565986412401
O14920,IKBKB,CAL101,NTERA2,0.6118790912540062
O14920,IKBKB,GDC0941,NTERA2,-0.6979316344860623
O14920,IKBKB,HS173,NTERA2,-0.28393362477951684
O14920,IKBKB,PIK294,NTERA2,0.3605010633717317
O14920,IKBKB,TGX221,NTERA2,0.2896656896196155
O14920,IKBKB,CX4945,NTERA2,-1.3217621634877845
O14920,IKBKB,GO6983,NTERA2,0.34085512798815637
O14920,IKBKB,KN93,NTERA2,1.2073119331879558
O14920,IKBKB,MK2206,NTERA2,-1.1393913355888352
O14920,IKBKB,AZD5438,NTERA2,0.8486528965878746
O14920,IKBKB,FRAX486,NTERA2,0.866211550416442
O14920,IKBKB,Ku0063794,NTERA2,-0.7209722926400365
O14920,IKBKB,PD153035,NTERA2,0.2096972674740301
O14920,IKBKB,PF3758309,NTERA2,0.4144269746174645
O14920,IKBKB,Torin,NTERA2,-1.8063804335841764
O14920,IKBKB,Trametinib,NTERA2,0.09450292839530552
O14920,IKBKB,AZD1480,NTERA2,-1.2132319207235147
O14920,IKBKB,AZD5363,NTERA2,0.1591353112728922
O14920,IKBKB,BX912,NTERA2,-0.31019825424940317
O14920,IKBKB,CHIR99021,NTERA2,-0.20482551635259122
O14920,IKBKB,GSK2334470,NTERA2,-0.9904462381864719
O14920,IKBKB,Ipatasertib,NTERA2,-1.7202134971694947
O14920,IKBKB,LY2090314,NTERA2,-1.841698432493409
O14920,IKBKB,Tofacitinib,NTERA2,-0.34338797294725604
O14920,IKBKB,AZD8055,NTERA2,2.5620643705854875
O14920,IKBKB,GDC0994,NTERA2,0.3411408840042924
O14920,IKBKB,JNK,NTERA2,0.987383857664654
O14920,IKBKB,LY2584702,NTERA2,1.2126996701079715
O14920,IKBKB,PH797804,NTERA2,1.337785215794995
O14920,IKBKB,Selumetinib,NTERA2,1.2025896761429793
O14920,IKBKB,U73122,NTERA2,1.104661684084336
O14920,IKBKB,Ulixertinib,NTERA2,0.7499811458462952
O14920,IKBKB,Amuvatinib,NTERA2,1.6636742822562391
O14920,IKBKB,AZD3759,NTERA2,1.8378018246730639
O14920,IKBKB,GSK690693,NTERA2,-0.2513857674899205
O14920,IKBKB,JNJ,NTERA2,0.9405557892089212
O14920,IKBKB,KN62,NTERA2,1.5962550520343073
O14920,IKBKB,Linsitinib,NTERA2,-0.27192963722518143
O14920,IKBKB,LY2835219,NTERA2,1.1871669961074636
O14920,IKBKB,Ribociclib,NTERA2,1.1674751190853656
O14920,IKBKB,AC220,NTERA2,-0.33491870230365606
O14920,IKBKB,Edelfosine,NTERA2,0.38484763861993027
O14920,IKBKB,GF109203X,NTERA2,1.2202686743037159
O14920,IKBKB,Go6976,NTERA2,-1.157140261629287
O14920,IKBKB,PF4708671,NTERA2,1.407475950851106
O14920,IKBKB,SP600125,NTERA2,0.2663131539948556
O14920,IKBKB,TAK715,NTERA2,0.5038628552473585
O14920,IKBKB,TBCA,NTERA2,0.41728132338449714
O14920,IKBKB,AT13148,NTERA2,-0.3273664791774535
O14920,IKBKB,AZ20,NTERA2,-0.6354940948478823
O14920,IKBKB,AZD6738,NTERA2,-2.2489410508749037
O14920,IKBKB,Bosutinib,NTERA2,-0.7343703566604644
O14920,IKBKB,Dabrafenib,NTERA2,0.29595067110856527
O14920,IKBKB,Dasatinib,NTERA2,-0.29227413110386125
O14920,IKBKB,DNAPK,NTERA2,0.44074952913263576
O14920,IKBKB,H89,NTERA2,-0.055250069651415684
O14920,IKBKB,KD025,NTERA2,-0.6043465130584827
O14920,IKBKB,NU7441,NTERA2,0.08520237569694415
O14920,IKBKB,Ripasudil,NTERA2,-0.1427450830978247
O14920,IKBKB,Vemurafenib,NTERA2,-0.31929916555175497
O60674,JAK2,AZD6482,NTERA2,-0.8836875849021985
O60674,JAK2,CAL101,NTERA2,-0.4326287157094518
O60674,JAK2,GDC0941,NTERA2,-1.0554016964578992
O60674,JAK2,HS173,NTERA2,-0.7292305556845835
O60674,JAK2,PIK294,NTERA2,0.2473303243974095
O60674,JAK2,TGX221,NTERA2,-0.0831822342520022
O60674,JAK2,CX4945,NTERA2,0.8774314183292221
O60674,JAK2,GO6983,NTERA2,0.3187081783601304
O60674,JAK2,KN93,NTERA2,-0.260897955282852
O60674,JAK2,MK2206,NTERA2,0.44185700866038774
O60674,JAK2,AZD5438,NTERA2,0.575131273969646
O60674,JAK2,FRAX486,NTERA2,-4.749230316071852
O60674,JAK2,Ku0063794,NTERA2,0.41959501068454885
O60674,JAK2,PD153035,NTERA2,0.5751891241882873
O60674,JAK2,PF3758309,NTERA2,-0.29631243108628497
O60674,JAK2,Torin,NTERA2,0.6106656258101544
O60674,JAK2,Trametinib,NTERA2,-5.823002416815419
O60674,JAK2,AZD1480,NTERA2,-6.407995999586801
O60674,JAK2,AZD5363,NTERA2,0.9298214815728706
O60674,JAK2,BX912,NTERA2,-2.870721647134867
O60674,JAK2,CHIR99021,NTERA2,0.12874161360551697
O60674,JAK2,GSK2334470,NTERA2,0.8254117442947299
O60674,JAK2,Ipatasertib,NTERA2,0.9924278713551045
O60674,JAK2,LY2090314,NTERA2,-0.4787759160576763
O60674,JAK2,Tofacitinib,NTERA2,-0.49797692874958593
O60674,JAK2,AZD8055,NTERA2,-0.2292334727914779
O60674,JAK2,GDC0994,NTERA2,1.2445835398014191
O60674,JAK2,JNK,NTERA2,-0.5382621974195151
O60674,JAK2,LY2584702,NTERA2,-0.27441769788491255
O60674,JAK2,PH797804,NTERA2,-0.09855759972048708
O60674,JAK2,Selumetinib,NTERA2,-2.55262535547392
O60674,JAK2,U73122,NTERA2,-0.009783784491014793
O60674,JAK2,Ulixertinib,NTERA2,1.4034231763992695
O60674,JAK2,Amuvatinib,NTERA2,0.3405085916749981
O60674,JAK2,AZD3759,NTERA2,0.8378328378115547
O60674,JAK2,GSK690693,NTERA2,0.9302914319824217
O60674,JAK2,JNJ,NTERA2,0.13742257900754223
O60674,JAK2,KN62,NTERA2,-0.06680677702542427
O60674,JAK2,Linsitinib,NTERA2,-0.6622734204564702
O60674,JAK2,LY2835219,NTERA2,0.624734836499848
O60674,JAK2,Ribociclib,NTERA2,1.0499741238170357
O60674,JAK2,AC220,NTERA2,-0.1521610659791748
O60674,JAK2,Edelfosine,NTERA2,2.6080669754348107
O60674,JAK2,GF109203X,NTERA2,1.3557052170941255
O60674,JAK2,Go6976,NTERA2,0.1922983194672107
O60674,JAK2,PF4708671,NTERA2,0.17676051739667067
O60674,JAK2,SP600125,NTERA2,-0.2559943634546549
O60674,JAK2,TAK715,NTERA2,-0.2835359645138441
O60674,JAK2,TBCA,NTERA2,-0.2360582445751165
O60674,JAK2,AT13148,NTERA2,0.4405086078871309
O60674,JAK2,AZ20,NTERA2,-0.0962821836134681
O60674,JAK2,AZD6738,NTERA2,-0.04054050435953191
O60674,JAK2,Bosutinib,NTERA2,1.0390895915966536
O60674,JAK2,Dabrafenib,NTERA2,1.9895103160218024
O60674,JAK2,Dasatinib,NTERA2,0.22914663952472172
O60674,JAK2,DNAPK,NTERA2,-0.645919962321988
O60674,JAK2,H89,NTERA2,-1.7933399062883073
O60674,JAK2,KD025,NTERA2,0.3928472173505311
O60674,JAK2,NU7441,NTERA2,0.49917528014648493
O60674,JAK2,Ripasudil,NTERA2,0.9945946488133425
O60674,JAK2,Vemurafenib,NTERA2,0.8808833942021141
Q13315,ATM,AZD6482,NTERA2,0.43127860167680954
Q13315,ATM,CAL101,NTERA2,0.4781673139184418
Q13315,ATM,GDC0941,NTERA2,-0.6750303688688417
Q13315,ATM,HS173,NTERA2,0.8557524855833507
Q13315,ATM,PIK294,NTERA2,0.8110508516028716
Q13315,ATM,TGX221,NTERA2,0.32429491204419825
Q13315,ATM,CX4945,NTERA2,-0.6133257350503144
Q13315,ATM,GO6983,NTERA2,-0.196766542800252
Q13315,ATM,KN93,NTERA2,0.6059842493773732
Q13315,ATM,MK2206,NTERA2,-0.018204789067446346
Q13315,ATM,AZD5438,NTERA2,0.33832657593391874
Q13315,ATM,FRAX486,NTERA2,1.0037618130505315
Q13315,ATM,Ku0063794,NTERA2,-0.39170664694442947
Q13315,ATM,PD153035,NTERA2,-0.605219099369035
Q13315,ATM,PF3758309,NTERA2,-0.37091009897389937
Q13315,ATM,Torin,NTERA2,-0.8887929501303794
Q13315,ATM,Trametinib,NTERA2,-1.0611946521006845
Q13315,ATM,AZD1480,NTERA2,1.178355391440139
Q13315,ATM,AZD5363,NTERA2,-0.7501809153054799
Q13315,ATM,BX912,NTERA2,0.5020199602543302
Q13315,ATM,CHIR99021,NTERA2,1.320126181019684
Q13315,ATM,GSK2334470,NTERA2,0.2498921398228512
Q13315,ATM,Ipatasertib,NTERA2,1.5346275228741693
Q13315,ATM,LY2090314,NTERA2,1.287734619934927
Q13315,ATM,Tofacitinib,NTERA2,0.7229693760663612
Q13315,ATM,AZD8055,NTERA2,-0.06649648201091773
Q13315,ATM,GDC0994,NTERA2,-0.18562440593129
Q13315,ATM,JNK,NTERA2,0.3069319530700362
Q13315,ATM,LY2584702,NTERA2,-0.8172872092451093
Q13315,ATM,PH797804,NTERA2,-1.6580115881245738
Q13315,ATM,Selumetinib,NTERA2,0.3127812859649546
Q13315,ATM,U73122,NTERA2,-0.6682726160795716
Q13315,ATM,Ulixertinib,NTERA2,0.19271973196992137
Q13315,ATM,Amuvatinib,NTERA2,-2.1604336761794993
Q13315,ATM,AZD3759,NTERA2,-0.23361630886949325
Q13315,ATM,GSK690693,NTERA2,1.1243660633839971
Q13315,ATM,JNJ,NTERA2,-1.4210885743076693
Q13315,ATM,KN62,NTERA2,-0.21447571376154248
Q13315,ATM,Linsitinib,NTERA2,-1.9360173617843055
Q13315,ATM,LY2835219,NTERA2,0.06837828569935064
Q13315,ATM,Ribociclib,NTERA2,1.6893813893861898
Q13315,ATM,AC220,NTERA2,-2.3668397330927324
Q13315,ATM,Edelfosine,NTERA2,-1.1765440180598723
Q13315,ATM,GF109203X,NTERA2,-0.3600988254121758
Q13315,ATM,Go6976,NTERA2,0.12019325309701884
Q13315,ATM,PF4708671,NTERA2,-0.8119151454110243
Q13315,ATM,SP600125,NTERA2,-0.030609499636131545
Q13315,ATM,TAK715,NTERA2,-1.911718786974961
Q13315,ATM,TBCA,NTERA2,0.04790826386996294
Q13315,ATM,AT13148,NTERA2,1.3492146866047758
Q13315,ATM,AZ20,NTERA2,-2.2043497417162174
Q13315,ATM,AZD6738,NTERA2,-0.5539061175568056
Q13315,ATM,Bosutinib,NTERA2,0.2887854274310056
Q13315,ATM,Dabrafenib,NTERA2,0.8828218135475541
Q13315,ATM,Dasatinib,NTERA2,-0.33092878018754035
Q13315,ATM,DNAPK,NTERA2,-0.49873530294583857
Q13315,ATM,H89,NTERA2,-0.18600077653719416
Q13315,ATM,KD025,NTERA2,0.3234575382665814
Q13315,ATM,NU7441,NTERA2,-0.6656417887734427
Q13315,ATM,Ripasudil,NTERA2,0.5804350772732407
Q13315,ATM,Vemurafenib,NTERA2,-0.3028108543540253
P33981,TTK,AZD6482,NTERA2,0.9806407024886189
P33981,TTK,CAL101,NTERA2,0.6824147895095324
P33981,TTK,GDC0941,NTERA2,0.15454175522925415
P33981,TTK,HS173,NTERA2,0.827524168307174
P33981,TTK,PIK294,NTERA2,0.6316861032403074
P33981,TTK,TGX221,NTERA2,0.8380942997001405
P33981,TTK,CX4945,NTERA2,-0.12177382569560734
P33981,TTK,GO6983,NTERA2,-1.3350102228630958
P33981,TTK,KN93,NTERA2,1.3183525757534253
P33981,TTK,MK2206,NTERA2,-0.4506100384339945
P33981,TTK,AZD5438,NTERA2,-0.12167205923868693
P33981,TTK,FRAX486,NTERA2,-1.0764498264663465
P33981,TTK,Ku0063794,NTERA2,0.09959157428313056
P33981,TTK,PD153035,NTERA2,-0.04185087930465241
P33981,TTK,PF3758309,NTERA2,-1.5535786374414717
P33981,TTK,Torin,NTERA2,0.8989246809426371
P33981,TTK,Trametinib,NTERA2,1.8540047519957177
P33981,TTK,AZD1480,NTERA2,0.27891194948510206
P33981,TTK,AZD5363,NTERA2,0.0099684360571067
P33981,TTK,BX912,NTERA2,-0.12760950263546322
P33981,TTK,CHIR99021,NTERA2,0.5785917430756671
P33981,TTK,GSK2334470,NTERA2,-0.8622698794231832
P33981,TTK,Ipatasertib,NTERA2,-0.27726357549063874
P33981,TTK,LY2090314,NTERA2,0.5044048508363175
P33981,TTK,Tofacitinib,NTERA2,0.03314190758023228
P33981,TTK,AZD8055,NTERA2,-1.1053944355130325
P33981,TTK,GDC0994,NTERA2,-0.13810494551792696
P33981,TTK,JNK,NTERA2,0.040366750832233345
P33981,TTK,LY2584702,NTERA2,-0.7355659935397093
P33981,TTK,PH797804,NTERA2,-0.7485105182548606
P33981,TTK,Selumetinib,NTERA2,-0.8587458502870939
P33981,TTK,U73122,NTERA2,-0.2832536877962602
P33981,TTK,Ulixertinib,NTERA2,-0.423769546201161
P33981,TTK,Amuvatinib,NTERA2,1.4780803791036854
P33981,TTK,AZD3759,NTERA2,0.9528993522470991
P33981,TTK,GSK690693,NTERA2,0.7381017921879518
P33981,TTK,JNJ,NTERA2,0.07233521096162819
P33981,TTK,KN62,NTERA2,1.3923921439832383
P33981,TTK,Linsitinib,NTERA2,1.4038612534328112
P33981,TTK,LY2835219,NTERA2,1.1942426651626656
P33981,TTK,Ribociclib,NTERA2,1.0253756699045928
P33981,TTK,AC220,NTERA2,0.5456227849915813
P33981,TTK,Edelfosine,NTERA2,0.5605884072040455
P33981,TTK,GF109203X,NTERA2,-0.42568073311126337
P33981,TTK,Go6976,NTERA2,-0.8886261696566762
P33981,TTK,PF4708671,NTERA2,1.2093963565228132
P33981,TTK,SP600125,NTERA2,-1.3480110483042533
P33981,TTK,TAK715,NTERA2,0.7162331679784378
P33981,TTK,TBCA,NTERA2,-1.2171114959637659
P33981,TTK,AT13148,NTERA2,1.0574295309859258
P33981,TTK,AZ20,NTERA2,0.1433780734609762
P33981,TTK,AZD6738,NTERA2,1.2434380742536268
P33981,TTK,Bosutinib,NTERA2,0.950320035475512
P33981,TTK,Dabrafenib,NTERA2,1.6998297178011008
P33981,TTK,Dasatinib,NTERA2,0.8086731732386696
P33981,TTK,DNAPK,NTERA2,2.2905487185970492
P33981,TTK,H89,NTERA2,1.735371351658937
P33981,TTK,KD025,NTERA2,1.687570675901847
P33981,TTK,NU7441,NTERA2,0.8593172320512761
P33981,TTK,Ripasudil,NTERA2,1.7671037076034153
P33981,TTK,Vemurafenib,NTERA2,1.5630250219312711
P53350,PLK1,AZD6482,NTERA2,-0.8514028004969959
P53350,PLK1,CAL101,NTERA2,-0.7272407937549706
P53350,PLK1,GDC0941,NTERA2,-1.475911665178236
P53350,PLK1,HS173,NTERA2,-1.1541124982205313
P53350,PLK1,PIK294,NTERA2,-1.0471591596651384
P53350,PLK1,TGX221,NTERA2,-1.5462091261253823
P53350,PLK1,CX4945,NTERA2,0.9449307278673038
P53350,PLK1,GO6983,NTERA2,1.0186550341116936
P53350,PLK1,KN93,NTERA2,0.7372622458926178
P53350,PLK1,MK2206,NTERA2,1.4366345581082727
P53350,PLK1,AZD5438,NTERA2,1.635592834110987
P53350,PLK1,FRAX486,NTERA2,1.5878033812378654
P53350,PLK1,Ku0063794,NTERA2,1.6704809928801434
P53350,PLK1,PD153035,NTERA2,1.8922847901619417
P53350,PLK1,PF3758309,NTERA2,2.054667443005709
P53350,PLK1,Torin,NTERA2,1.1554176482774183
P53350,PLK1,Trametinib,NTERA2,1.8693595486085044
P53350,PLK1,AZD1480,NTERA2,-1.3455524746085206
P53350,PLK1,AZD5363,NTERA2,0.06404293029431853
P53350,PLK1,BX912,NTERA2,0.01708385396408882
P53350,PLK1,CHIR99021,NTERA2,0.9872362855995991
P53350,PLK1,GSK2334470,NTERA2,0.8820857016856303
P53350,PLK1,Ipatasertib,NTERA2,1.4144940096873182
P53350,PLK1,LY2090314,NTERA2,0.49413793335630046
P53350,PLK1,Tofacitinib,NTERA2,-0.78306544643547
P53350,PLK1,AZD8055,NTERA2,0.02903343193400491
P53350,PLK1,GDC0994,NTERA2,1.5231613719921957
P53350,PLK1,JNK,NTERA2,0.3351807476428364
P53350,PLK1,LY2584702,NTERA2,0.30629054503373604
P53350,PLK1,PH797804,NTERA2,-0.21878620441558977
P53350,PLK1,Selumetinib,NTERA2,0.5550886511056097
P53350,PLK1,U73122,NTERA2,-0.2900775969788739
P53350,PLK1,Ulixertinib,NTERA2,0.2377557985460833
P53350,PLK1,Amuvatinib,NTERA2,-0.5886271082907645
P53350,PLK1,AZD3759,NTERA2,1.583214179449384
P53350,PLK1,GSK690693,NTERA2,2.038244188090254
P53350,PLK1,JNJ,NTERA2,1.5651518691084652
P53350,PLK1,KN62,NTERA2,1.104323282871708
P53350,PLK1,Linsitinib,NTERA2,0.9267819184769863
P53350,PLK1,LY2835219,NTERA2,1.0199760723899072
P53350,PLK1,Ribociclib,NTERA2,2.071372260447843
P53350,PLK1,AC220,NTERA2,0.14290694348186112
P53350,PLK1,Edelfosine,NTERA2,-0.26757782516726863
P53350,PLK1,GF109203X,NTERA2,-0.11742890018825346
P53350,PLK1,Go6976,NTERA2,0.7866278409657896
P53350,PLK1,PF4708671,NTERA2,0.5286252507170693
P53350,PLK1,SP600125,NTERA2,-0.09872041771426744
P53350,PLK1,TAK715,NTERA2,2.080789675546005
P53350,PLK1,TBCA,NTERA2,0.620369275896235
P53350,PLK1,AT13148,NTERA2,0.8747008835673933
P53350,PLK1,AZ20,NTERA2,2.0259855741695394
P53350,PLK1,AZD6738,NTERA2,1.20666413073359
P53350,PLK1,Bosutinib,NTERA2,2.2845034475283494
P53350,PLK1,Dabrafenib,NTERA2,-0.38754309122522196
P53350,PLK1,Dasatinib,NTERA2,0.5289429653352125
P53350,PLK1,DNAPK,NTERA2,2.391846742095724
P53350,PLK1,H89,NTERA2,2.3213157285049237
P53350,PLK1,KD025,NTERA2,2.630432943593723
P53350,PLK1,NU7441,NTERA2,1.8698966746666792
P53350,PLK1,Ripasudil,NTERA2,1.5360267472591742
P53350,PLK1,Vemurafenib,NTERA2,0.5204903853924802
P27361,MAPK3,AZD6482,NTERA2,-1.199601649733039
P27361,MAPK3,CAL101,NTERA2,-0.9658972271633492
P27361,MAPK3,GDC0941,NTERA2,-2.010263085381896
P27361,MAPK3,HS173,NTERA2,-2.476162208039882
P27361,MAPK3,PIK294,NTERA2,-0.5125580369796574
P27361,MAPK3,TGX221,NTERA2,-0.9426946237252936
P27361,MAPK3,CX4945,NTERA2,1.2824291083822845
P27361,MAPK3,GO6983,NTERA2,1.1884487349489097
P27361,MAPK3,KN93,NTERA2,-0.05204456478705596
P27361,MAPK3,MK2206,NTERA2,1.709812149565996
P27361,MAPK3,AZD5438,NTERA2,0.8365418475289023
P27361,MAPK3,FRAX486,NTERA2,-0.8330514912627333
P27361,MAPK3,Ku0063794,NTERA2,-0.3782714821997812
P27361,MAPK3,PD153035,NTERA2,0.5869382825761522
P27361,MAPK3,PF3758309,NTERA2,0.8397458998694035
P27361,MAPK3,Torin,NTERA2,0.9551877686615692
P27361,MAPK3,Trametinib,NTERA2,-2.803379065380448
P27361,MAPK3,AZD1480,NTERA2,0.043478144141689615
P27361,MAPK3,AZD5363,NTERA2,2.613230819611722
P27361,MAPK3,BX912,NTERA2,0.20905034582166457
P27361,MAPK3,CHIR99021,NTERA2,-0.158265985219341
P27361,MAPK3,GSK2334470,NTERA2,1.793600506348262
P27361,MAPK3,Ipatasertib,NTERA2,2.815794313880173
P27361,MAPK3,LY2090314,NTERA2,1.8832092564450527
P27361,MAPK3,Tofacitinib,NTERA2,0.10840505584760128
P27361,MAPK3,AZD8055,NTERA2,0.24950049745908065
P27361,MAPK3,GDC0994,NTERA2,0.10953181893084389
P27361,MAPK3,JNK,NTERA2,-1.0666052313698213
P27361,MAPK3,LY2584702,NTERA2,1.40718170799464
P27361,MAPK3,PH797804,NTERA2,1.8982552286002587
P27361,MAPK3,Selumetinib,NTERA2,-0.14070669605853386
P27361,MAPK3,U73122,NTERA2,0.5448057724598168
P27361,MAPK3,Ulixertinib,NTERA2,0.9404031869242035
P27361,MAPK3,Amuvatinib,NTERA2,0.511752350468734
P27361,MAPK3,AZD3759,NTERA2,0.800644927687605
P27361,MAPK3,GSK690693,NTERA2,0.8323373471576824
P27361,MAPK3,JNJ,NTERA2,0.8502744785793814
P27361,MAPK3,KN62,NTERA2,0.56499355776116
P27361,MAPK3,Linsitinib,NTERA2,-0.038987836844292335
P27361,MAPK3,LY2835219,NTERA2,-0.06584196794180486
P27361,MAPK3,Ribociclib,NTERA2,0.4859465061952557
P27361,MAPK3,AC220,NTERA2,-0.8554765384070024
P27361,MAPK3,Edelfosine,NTERA2,1.563586039406261
P27361,MAPK3,GF109203X,NTERA2,1.4354593101402904
P27361,MAPK3,Go6976,NTERA2,0.5379505555950063
P27361,MAPK3,PF4708671,NTERA2,1.0879113792778712
P27361,MAPK3,SP600125,NTERA2,0.3574416926602148
P27361,MAPK3,TAK715,NTERA2,0.4007362506056795
P27361,MAPK3,TBCA,NTERA2,0.5752007729309786
P27361,MAPK3,AT13148,NTERA2,-1.8606817950249221
P27361,MAPK3,AZ20,NTERA2,0.7664607134120285
P27361,MAPK3,AZD6738,NTERA2,-0.6278906308083969
P27361,MAPK3,Bosutinib,NTERA2,-0.9280491552271148
P27361,MAPK3,Dabrafenib,NTERA2,-0.2770932769948424
P27361,MAPK3,Dasatinib,NTERA2,1.2056937166501283
P27361,MAPK3,DNAPK,NTERA2,-0.4674890663097411
P27361,MAPK3,H89,NTERA2,-1.3014601953022766
P27361,MAPK3,KD025,NTERA2,-0.12119985232770755
P27361,MAPK3,NU7441,NTERA2,-0.3664176794372
P27361,MAPK3,Ripasudil,NTERA2,-1.7398823872567557
P27361,MAPK3,Vemurafenib,NTERA2,-0.24306383623932448
P28482,MAPK1,AZD6482,NTERA2,-0.2817695129795112
P28482,MAPK1,CAL101,NTERA2,-1.0519789501381207
P28482,MAPK1,GDC0941,NTERA2,-2.1774385595175216
P28482,MAPK1,HS173,NTERA2,-1.8208203626239154
P28482,MAPK1,PIK294,NTERA2,-0.7436292592363257
P28482,MAPK1,TGX221,NTERA2,-1.0370964813072139
P28482,MAPK1,CX4945,NTERA2,1.7428536483625259
P28482,MAPK1,GO6983,NTERA2,1.401664847821879
P28482,MAPK1,KN93,NTERA2,0.09408306031376763
P28482,MAPK1,MK2206,NTERA2,1.7597400478896996
P28482,MAPK1,AZD5438,NTERA2,0.296136517331181
P28482,MAPK1,FRAX486,NTERA2,-1.6999877419370228
P28482,MAPK1,Ku0063794,NTERA2,-0.2761994892400837
P28482,MAPK1,PD153035,NTERA2,0.170486677127154
P28482,MAPK1,PF3758309,NTERA2,1.6232298454361433
P28482,MAPK1,Torin,NTERA2,0.9224567057334072
P28482,MAPK1,Trametinib,NTERA2,-3.764079475260668
P28482,MAPK1,AZD1480,NTERA2,-1.1760728816476065
P28482,MAPK1,AZD5363,NTERA2,2.7846602675083183
P28482,MAPK1,BX912,NTERA2,0.16187864926435486
P28482,MAPK1,CHIR99021,NTERA2,0.20728827695042912
P28482,MAPK1,GSK2334470,NTERA2,1.2615080292929195
P28482,MAPK1,Ipatasertib,NTERA2,2.7596637107517825
P28482,MAPK1,LY2090314,NTERA2,2.3429598504043687
P28482,MAPK1,Tofacitinib,NTERA2,-0.383336238635093
P28482,MAPK1,AZD8055,NTERA2,-0.071808957600387
P28482,MAPK1,GDC0994,NTERA2,-0.06857610793988703
P28482,MAPK1,JNK,NTERA2,0.5246212767583324
P28482,MAPK1,LY2584702,NTERA2,1.5616518622349809
P28482,MAPK1,PH797804,NTERA2,1.8320203695442412
P28482,MAPK1,Selumetinib,NTERA2,-0.20555932045828101
P28482,MAPK1,U73122,NTERA2,1.1349327196302508
P28482,MAPK1,Ulixertinib,NTERA2,-0.46328314859264697
P28482,MAPK1,Amuvatinib,NTERA2,0.8863511800790492
P28482,MAPK1,AZD3759,NTERA2,0.1729039076863323
P28482,MAPK1,GSK690693,NTERA2,0.6662846018116495
P28482,MAPK1,JNJ,NTERA2,0.7707978831918428
P28482,MAPK1,KN62,NTERA2,0.9849780500327264
P28482,MAPK1,Linsitinib,NTERA2,0.4283447967330871
P28482,MAPK1,LY2835219,NTERA2,-0.09600281532306476
P28482,MAPK1,Ribociclib,NTERA2,0.6082624225322251
P28482,MAPK1,AC220,NTERA2,0.006169783564997637
P28482,MAPK1,Edelfosine,NTERA2,0.5711478306248781
P28482,MAPK1,GF109203X,NTERA2,2.3377346581067706
P28482,MAPK1,Go6976,NTERA2,0.1076091722902142
P28482,MAPK1,PF4708671,NTERA2,1.1567678625648854
P28482,MAPK1,SP600125,NTERA2,-0.01034469037021304
P28482,MAPK1,TAK715,NTERA2,-0.30086739823678815
P28482,MAPK1,TBCA,NTERA2,0.028037700084453936
P28482,MAPK1,AT13148,NTERA2,-0.3249842789752414
P28482,MAPK1,AZ20,NTERA2,1.4728379326384833
P28482,MAPK1,AZD6738,NTERA2,0.44040082202112635
P28482,MAPK1,Bosutinib,NTERA2,1.0133498316192062
P28482,MAPK1,Dabrafenib,NTERA2,1.2834832803587355
P28482,MAPK1,Dasatinib,NTERA2,2.0470845387955294
P28482,MAPK1,DNAPK,NTERA2,-0.3633366683441359
P28482,MAPK1,H89,NTERA2,-1.701191074654805
P28482,MAPK1,KD025,NTERA2,0.7066068191439794
P28482,MAPK1,NU7441,NTERA2,0.4855707223564147
P28482,MAPK1,Ripasudil,NTERA2,-0.41458468905960427
P28482,MAPK1,Vemurafenib,NTERA2,1.317652254445119
P00533,EGFR,AZD6482,NTERA2,1.4278569894001933
P00533,EGFR,CAL101,NTERA2,0.669374744191304
P00533,EGFR,GDC0941,NTERA2,0.788412485700853
P00533,EGFR,HS173,NTERA2,-2.062482476213214
P00533,EGFR,PIK294,NTERA2,0.517999755317085
P00533,EGFR,TGX221,NTERA2,-1.145178255746116
P00533,EGFR,CX4945,NTERA2,0.966633741119956
P00533,EGFR,GO6983,NTERA2,-3.584572026974993
P00533,EGFR,KN93,NTERA2,-0.20410576943154807
P00533,EGFR,MK2206,NTERA2,1.2343073680563355
P00533,EGFR,AZD5438,NTERA2,0.07225358015827081
P00533,EGFR,FRAX486,NTERA2,-0.4665955749916161
P00533,EGFR,Ku0063794,NTERA2,-0.01320158167252849
P00533,EGFR,PD153035,NTERA2,-0.8591649594027504
P00533,EGFR,PF3758309,NTERA2,-1.0593685833569984
P00533,EGFR,Torin,NTERA2,0.289580889247321
P00533,EGFR,Trametinib,NTERA2,-1.0512523028067424
P00533,EGFR,AZD1480,NTERA2,-1.7998292128746
P00533,EGFR,AZD5363,NTERA2,-1.2963763276039295
P00533,EGFR,BX912,NTERA2,-1.3215746233322034
P00533,EGFR,CHIR99021,NTERA2,-0.0732337943762048
P00533,EGFR,GSK2334470,NTERA2,-1.171703624285939
P00533,EGFR,Ipatasertib,NTERA2,-0.6806213164660747
P00533,EGFR,LY2090314,NTERA2,-0.1621395889697982
P00533,EGFR,Tofacitinib,NTERA2,-2.622069481844515
P00533,EGFR,AZD8055,NTERA2,-0.09388466462610719
P00533,EGFR,GDC0994,NTERA2,-1.0121473825525142
P00533,EGFR,JNK,NTERA2,-0.46944045955974595
P00533,EGFR,LY2584702,NTERA2,-1.5729676901455207
P00533,EGFR,PH797804,NTERA2,-0.054894348254543535
P00533,EGFR,Selumetinib,NTERA2,-0.6662219121378118
P00533,EGFR,U73122,NTERA2,-1.107976554395178
P00533,EGFR,Ulixertinib,NTERA2,-0.9914202731089646
P00533,EGFR,Amuvatinib,NTERA2,-0.5948582993686343
P00533,EGFR,AZD3759,NTERA2,-0.8088171477450381
P00533,EGFR,GSK690693,NTERA2,-2.621451704594592
P00533,EGFR,JNJ,NTERA2,-2.316237677525658
P00533,EGFR,KN62,NTERA2,-1.1215994682126518
P00533,EGFR,Linsitinib,NTERA2,-1.5215152448664866
P00533,EGFR,LY2835219,NTERA2,-1.3665368483129117
P00533,EGFR,Ribociclib,NTERA2,-1.2829709730489778
P00533,EGFR,AC220,NTERA2,-2.4328782649022815
P00533,EGFR,Edelfosine,NTERA2,2.19767790921106
P00533,EGFR,GF109203X,NTERA2,-2.763438901651089
P00533,EGFR,Go6976,NTERA2,-4.14383264223519
P00533,EGFR,PF4708671,NTERA2,-1.887449932417109
P00533,EGFR,SP600125,NTERA2,-1.1886624893373823
P00533,EGFR,TAK715,NTERA2,-3.6312604189428828
P00533,EGFR,TBCA,NTERA2,0.1548098921579012
P00533,EGFR,AT13148,NTERA2,-0.19504689895362504
P00533,EGFR,AZ20,NTERA2,-0.4265880408393022
P00533,EGFR,AZD6738,NTERA2,-1.354425208123679
P00533,EGFR,Bosutinib,NTERA2,-0.22163078750778537
P00533,EGFR,Dabrafenib,NTERA2,0.5283606333026943
P00533,EGFR,Dasatinib,NTERA2,-0.9506446209176129
P00533,EGFR,DNAPK,NTERA2,-1.247214041185634
P00533,EGFR,H89,NTERA2,-0.6359387733542148
P00533,EGFR,KD025,NTERA2,-3.5606768801955377
P00533,EGFR,NU7441,NTERA2,-3.339627147732575
P00533,EGFR,Ripasudil,NTERA2,0.3942163962578506
P00533,EGFR,Vemurafenib,NTERA2,-3.1590518793701294
P17252,PRKCA,AZD6482,NTERA2,2.50862402562881
P17252,PRKCA,CAL101,NTERA2,3.2422532625125826
P17252,PRKCA,GDC0941,NTERA2,2.7316989417737183
P17252,PRKCA,HS173,NTERA2,2.5386564379630414
P17252,PRKCA,PIK294,NTERA2,2.563733424330396
P17252,PRKCA,TGX221,NTERA2,1.4910350014903648
P17252,PRKCA,CX4945,NTERA2,1.0889653296648476
P17252,PRKCA,GO6983,NTERA2,-2.3174523781201146
P17252,PRKCA,KN93,NTERA2,0.8234156376770295
P17252,PRKCA,MK2206,NTERA2,1.0363095165949034
P17252,PRKCA,AZD5438,NTERA2,0.26440951351204856
P17252,PRKCA,FRAX486,NTERA2,-1.7805662387176842
P17252,PRKCA,Ku0063794,NTERA2,0.9248743944216995
P17252,PRKCA,PD153035,NTERA2,-0.04620030273663433
P17252,PRKCA,PF3758309,NTERA2,-1.3642285611823686
P17252,PRKCA,Torin,NTERA2,0.517225908365139
P17252,PRKCA,Trametinib,NTERA2,-1.2636163548683585
P17252,PRKCA,AZD1480,NTERA2,-2.402692376674976
P17252,PRKCA,AZD5363,NTERA2,-1.724794132784745
P17252,PRKCA,BX912,NTERA2,-3.324389259781835
P17252,PRKCA,CHIR99021,NTERA2,-0.4636963059271274
P17252,PRKCA,GSK2334470,NTERA2,-0.06272963164218942
P17252,PRKCA,Ipatasertib,NTERA2,-0.9368348276859684
P17252,PRKCA,LY2090314,NTERA2,0.0239496561256482
P17252,PRKCA,Tofacitinib,NTERA2,-1.1950519917032516
P17252,PRKCA,AZD8055,NTERA2,-0.4427350641790879
P17252,PRKCA,GDC0994,NTERA2,0.2958549958203998
P17252,PRKCA,JNK,NTERA2,0.9836561987873996
P17252,PRKCA,LY2584702,NTERA2,-0.5768743758021785
P17252,PRKCA,PH797804,NTERA2,2.891615761728726
P17252,PRKCA,Selumetinib,NTERA2,1.1219824750545928
P17252,PRKCA,U73122,NTERA2,2.200463386844177
P17252,PRKCA,Ulixertinib,NTERA2,2.141809938608217
P17252,PRKCA,Amuvatinib,NTERA2,-1.2334007705188912
P17252,PRKCA,AZD3759,NTERA2,1.5993044263556324
P17252,PRKCA,GSK690693,NTERA2,-1.7334572040672915
P17252,PRKCA,JNJ,NTERA2,-0.7932057041764462
P17252,PRKCA,KN62,NTERA2,0.5356289987731694
P17252,PRKCA,Linsitinib,NTERA2,0.8998849385116321
P17252,PRKCA,LY2835219,NTERA2,1.6482411325761868
P17252,PRKCA,Ribociclib,NTERA2,-0.8587392429382815
P17252,PRKCA,AC220,NTERA2,-3.0834478467863096
P17252,PRKCA,Edelfosine,NTERA2,2.504491119520214
P17252,PRKCA,GF109203X,NTERA2,-1.2797087452182354
P17252,PRKCA,Go6976,NTERA2,-2.9226160831412593
P17252,PRKCA,PF4708671,NTERA2,0.5326134021273723
P17252,PRKCA,SP600125,NTERA2,-0.7137953595967943
P17252,PRKCA,TAK715,NTERA2,-0.9932214203294497
P17252,PRKCA,TBCA,NTERA2,-1.4898600668223985
P17252,PRKCA,AT13148,NTERA2,-0.035490471713830254
P17252,PRKCA,AZ20,NTERA2,-1.1493794516500817
P17252,PRKCA,AZD6738,NTERA2,0.5193149257661774
P17252,PRKCA,Bosutinib,NTERA2,0.13953763005461367
P17252,PRKCA,Dabrafenib,NTERA2,1.3234706136986198
P17252,PRKCA,Dasatinib,NTERA2,-0.6543982164169736
P17252,PRKCA,DNAPK,NTERA2,3.9226512531271496
P17252,PRKCA,H89,NTERA2,3.342665396805162
P17252,PRKCA,KD025,NTERA2,2.840430243768656
P17252,PRKCA,NU7441,NTERA2,0.36203390111090966
P17252,PRKCA,Ripasudil,NTERA2,1.0090812720637963
P17252,PRKCA,Vemurafenib,NTERA2,-1.440562858670379
P49840,GSK3A,AZD6482,NTERA2,-2.2430493891209644
P49840,GSK3A,CAL101,NTERA2,-1.38907717078611
P49840,GSK3A,GDC0941,NTERA2,-0.7483291116827062
P49840,GSK3A,HS173,NTERA2,-0.6205111038520902
P49840,GSK3A,PIK294,NTERA2,-2.8444774336027994
P49840,GSK3A,TGX221,NTERA2,-0.8856120968052722
P49840,GSK3A,CX4945,NTERA2,-0.06104725461940939
P49840,GSK3A,GO6983,NTERA2,-1.7335091209484006
P49840,GSK3A,KN93,NTERA2,-1.1699517416794973
P49840,GSK3A,MK2206,NTERA2,0.017177732789858364
P49840,GSK3A,AZD5438,NTERA2,-1.829462850241466
P49840,GSK3A,FRAX486,NTERA2,-0.7945700670742897
P49840,GSK3A,Ku0063794,NTERA2,-0.3973288270702547
P49840,GSK3A,PD153035,NTERA2,-0.3217216153960244
P49840,GSK3A,PF3758309,NTERA2,-1.6693104056503978
P49840,GSK3A,Torin,NTERA2,-1.5670292044362857
P49840,GSK3A,Trametinib,NTERA2,-1.7412585996600562
P49840,GSK3A,AZD1480,NTERA2,-3.7177408742640763
P49840,GSK3A,AZD5363,NTERA2,-2.546715788514856
P49840,GSK3A,BX912,NTERA2,-3.130115448241623
P49840,GSK3A,CHIR99021,NTERA2,-2.8144533212569853
P49840,GSK3A,GSK2334470,NTERA2,-0.9713986714923875
P49840,GSK3A,Ipatasertib,NTERA2,-1.5158358861051455
P49840,GSK3A,LY2090314,NTERA2,-4.1942329512216086
P49840,GSK3A,Tofacitinib,NTERA2,-3.4923988569789772
P49840,GSK3A,AZD8055,NTERA2,0.4952825275856913
P49840,GSK3A,GDC0994,NTERA2,-1.0678785480902746
P49840,GSK3A,JNK,NTERA2,-2.0458415997583237
P49840,GSK3A,LY2584702,NTERA2,-1.5525490636531556
P49840,GSK3A,PH797804,NTERA2,-1.1263849767025504
P49840,GSK3A,Selumetinib,NTERA2,-0.6099426798036067
P49840,GSK3A,U73122,NTERA2,-2.3533122061654934
P49840,GSK3A,Ulixertinib,NTERA2,-2.1380923633792204
P49840,GSK3A,Amuvatinib,NTERA2,-2.623753932046818
P49840,GSK3A,AZD3759,NTERA2,-2.329958682725077
P49840,GSK3A,GSK690693,NTERA2,-1.694224550526989
P49840,GSK3A,JNJ,NTERA2,-2.1754975796398988
P49840,GSK3A,KN62,NTERA2,-2.8024970016417186
P49840,GSK3A,Linsitinib,NTERA2,-3.0672625756213123
P49840,GSK3A,LY2835219,NTERA2,-1.9850390746829496
P49840,GSK3A,Ribociclib,NTERA2,-1.9939104231060716
P49840,GSK3A,AC220,NTERA2,-1.9231475078389364
P49840,GSK3A,Edelfosine,NTERA2,-0.23460585931408087
P49840,GSK3A,GF109203X,NTERA2,-1.7440436069972303
P49840,GSK3A,Go6976,NTERA2,-1.4855221825052725
P49840,GSK3A,PF4708671,NTERA2,-2.8201959786222215
P49840,GSK3A,SP600125,NTERA2,-2.1926988415766293
P49840,GSK3A,TAK715,NTERA2,-2.924120208768846
P49840,GSK3A,TBCA,NTERA2,-0.729219576528435
P49840,GSK3A,AT13148,NTERA2,-0.4635298214324402
P49840,GSK3A,AZ20,NTERA2,-1.4573874573172634
P49840,GSK3A,AZD6738,NTERA2,-2.181413844111886
P49840,GSK3A,Bosutinib,NTERA2,-1.1811316627181327
P49840,GSK3A,Dabrafenib,NTERA2,-1.7014935594609506
P49840,GSK3A,Dasatinib,NTERA2,-1.5371071988433573
P49840,GSK3A,DNAPK,NTERA2,-1.4214858340187229
P49840,GSK3A,H89,NTERA2,-2.47991602880836
P49840,GSK3A,KD025,NTERA2,-1.7693334641139733
P49840,GSK3A,NU7441,NTERA2,1.408982555599438
P49840,GSK3A,Ripasudil,NTERA2,-2.25768278658746
P49840,GSK3A,Vemurafenib,NTERA2,-2.9166528721568232
P49841,GSK3B,AZD6482,NTERA2,0.2926682397887541
P49841,GSK3B,CAL101,NTERA2,-0.275190826607136
P49841,GSK3B,GDC0941,NTERA2,0.2883413896682889
P49841,GSK3B,HS173,NTERA2,-0.48877308363536487
P49841,GSK3B,PIK294,NTERA2,1.579109842057957
P49841,GSK3B,TGX221,NTERA2,1.0353193578202367
P49841,GSK3B,CX4945,NTERA2,0.2861476256216457
P49841,GSK3B,GO6983,NTERA2,0.4269723203023841
P49841,GSK3B,KN93,NTERA2,2.7903924284860944
P49841,GSK3B,MK2206,NTERA2,0.8963217310055486
P49841,GSK3B,AZD5438,NTERA2,1.050405249624966
P49841,GSK3B,FRAX486,NTERA2,-0.2681076920661058
P49841,GSK3B,Ku0063794,NTERA2,0.7313193839753298
P49841,GSK3B,PD153035,NTERA2,-0.3897629124775532
P49841,GSK3B,PF3758309,NTERA2,1.6067683411679687
P49841,GSK3B,Torin,NTERA2,-0.5194794884563618
P49841,GSK3B,Trametinib,NTERA2,-1.2230740632491608
P49841,GSK3B,AZD1480,NTERA2,1.8899900069199107
P49841,GSK3B,AZD5363,NTERA2,2.8229317719696767
P49841,GSK3B,BX912,NTERA2,3.675925167469431
P49841,GSK3B,CHIR99021,NTERA2,0.5933051278667608
P49841,GSK3B,GSK2334470,NTERA2,2.0654658156835777
P49841,GSK3B,Ipatasertib,NTERA2,2.5049071897238897
P49841,GSK3B,LY2090314,NTERA2,-0.5355131620675593
P49841,GSK3B,Tofacitinib,NTERA2,1.8944746404248622
P49841,GSK3B,AZD8055,NTERA2,-0.9273089947729569
P49841,GSK3B,GDC0994,NTERA2,-2.17105613460996
P49841,GSK3B,JNK,NTERA2,-1.7320635345576585
P49841,GSK3B,LY2584702,NTERA2,0.6257283638000285
P49841,GSK3B,PH797804,NTERA2,-1.2345282966411457
P49841,GSK3B,Selumetinib,NTERA2,-1.0657004885239882
P49841,GSK3B,U73122,NTERA2,-2.054048578763076
P49841,GSK3B,Ulixertinib,NTERA2,-1.101081899055287
P49841,GSK3B,Amuvatinib,NTERA2,0.35076800469825525
P49841,GSK3B,AZD3759,NTERA2,-0.10525581823998786
P49841,GSK3B,GSK690693,NTERA2,0.11367360394927807
P49841,GSK3B,JNJ,NTERA2,0.060435772403708586
P49841,GSK3B,KN62,NTERA2,-0.5102171795101345
P49841,GSK3B,Linsitinib,NTERA2,-0.19934516732875057
P49841,GSK3B,LY2835219,NTERA2,-1.0333858363907238
P49841,GSK3B,Ribociclib,NTERA2,0.2306462488753892
P49841,GSK3B,AC220,NTERA2,-0.6092824208008357
P49841,GSK3B,Edelfosine,NTERA2,-1.5903962902489484
P49841,GSK3B,GF109203X,NTERA2,0.38487752095539335
P49841,GSK3B,Go6976,NTERA2,-0.41347737268120915
P49841,GSK3B,PF4708671,NTERA2,-0.11905718049462612
P49841,GSK3B,SP600125,NTERA2,-0.44842161343769016
P49841,GSK3B,TAK715,NTERA2,0.1392964205174335
P49841,GSK3B,TBCA,NTERA2,-0.8155739359803211
P49841,GSK3B,AT13148,NTERA2,0.43434892883384757
P49841,GSK3B,AZ20,NTERA2,-0.20678513834950915
P49841,GSK3B,AZD6738,NTERA2,-0.41108315986465976
P49841,GSK3B,Bosutinib,NTERA2,0.6161460119106955
P49841,GSK3B,Dabrafenib,NTERA2,0.6899281825297223
P49841,GSK3B,Dasatinib,NTERA2,0.46946066503309297
P49841,GSK3B,DNAPK,NTERA2,0.6483103965203272
P49841,GSK3B,H89,NTERA2,0.3231485209046987
P49841,GSK3B,KD025,NTERA2,-0.7469216213180875
P49841,GSK3B,NU7441,NTERA2,0.7147481007318626
P49841,GSK3B,Ripasudil,NTERA2,0.2655053687250834
P49841,GSK3B,Vemurafenib,NTERA2,1.84695569187035
Q13153,PAK1,AZD6482,NTERA2,-0.3142224599305441
Q13153,PAK1,CAL101,NTERA2,0.11871055471107005
Q13153,PAK1,GDC0941,NTERA2,-0.887820525244293
Q13153,PAK1,HS173,NTERA2,0.009426744939320117
Q13153,PAK1,PIK294,NTERA2,-3.150631754082917
Q13153,PAK1,TGX221,NTERA2,-0.3278422286789904
Q13153,PAK1,CX4945,NTERA2,-0.48338930390085094
Q13153,PAK1,GO6983,NTERA2,-1.273004001245552
Q13153,PAK1,KN93,NTERA2,-0.4692035143731818
Q13153,PAK1,MK2206,NTERA2,0.9904338065426644
Q13153,PAK1,AZD5438,NTERA2,-1.2456328818647564
Q13153,PAK1,FRAX486,NTERA2,0.19016290414501547
Q13153,PAK1,Ku0063794,NTERA2,-0.4940739859871951
Q13153,PAK1,PD153035,NTERA2,0.22741463358315028
Q13153,PAK1,PF3758309,NTERA2,-0.11136255485035286
Q13153,PAK1,Torin,NTERA2,-0.09994743303258682
Q13153,PAK1,Trametinib,NTERA2,0.7364180786971039
Q13153,PAK1,AZD1480,NTERA2,-1.5126105909617538
Q13153,PAK1,AZD5363,NTERA2,-0.8425637128878636
Q13153,PAK1,BX912,NTERA2,-2.5819418567737435
Q13153,PAK1,CHIR99021,NTERA2,-0.8732057269508879
Q13153,PAK1,GSK2334470,NTERA2,-0.37200697443412967
Q13153,PAK1,Ipatasertib,NTERA2,-1.1119323400837817
Q13153,PAK1,LY2090314,NTERA2,-0.1723911371587148
Q13153,PAK1,Tofacitinib,NTERA2,-1.3569463174533072
Q13153,PAK1,AZD8055,NTERA2,-0.3164291509910299
Q13153,PAK1,GDC0994,NTERA2,0.23369142178112207
Q13153,PAK1,JNK,NTERA2,0.13797989155451343
Q13153,PAK1,LY2584702,NTERA2,0.09656108666956341
Q13153,PAK1,PH797804,NTERA2,0.4961614276615854
Q13153,PAK1,Selumetinib,NTERA2,0.4363700189628106
Q13153,PAK1,U73122,NTERA2,0.3143950777430381
Q13153,PAK1,Ulixertinib,NTERA2,0.23365913469527838
Q13153,PAK1,Amuvatinib,NTERA2,-0.9910238203006754
Q13153,PAK1,AZD3759,NTERA2,1.8456561650377963
Q13153,PAK1,GSK690693,NTERA2,1.731130485663919
Q13153,PAK1,JNJ,NTERA2,1.6779392571941856
Q13153,PAK1,KN62,NTERA2,1.7403040354660275
Q13153,PAK1,Linsitinib,NTERA2,1.8012824101309552
Q13153,PAK1,LY2835219,NTERA2,0.8556228893800268
Q13153,PAK1,Ribociclib,NTERA2,-0.2166446960400873
Q13153,PAK1,AC220,NTERA2,-0.3175747827995672
Q13153,PAK1,Edelfosine,NTERA2,1.0650178948193398
Q13153,PAK1,GF109203X,NTERA2,-0.3196909055877662
Q13153,PAK1,Go6976,NTERA2,-0.012574358587284132
Q13153,PAK1,PF4708671,NTERA2,-0.04291223041509477
Q13153,PAK1,SP600125,NTERA2,-0.39775048692180887
Q13153,PAK1,TAK715,NTERA2,1.7216602343053784
Q13153,PAK1,TBCA,NTERA2,0.7012345179735917
Q13153,PAK1,AT13148,NTERA2,-0.37922653696700703
Q13153,PAK1,AZ20,NTERA2,-0.7640208310379043
Q13153,PAK1,AZD6738,NTERA2,-2.4673839547695224
Q13153,PAK1,Bosutinib,NTERA2,-1.3319849056437676
Q13153,PAK1,Dabrafenib,NTERA2,-0.18070643284561588
Q13153,PAK1,Dasatinib,NTERA2,-2.899855698020481
Q13153,PAK1,DNAPK,NTERA2,-1.5872399576240086
Q13153,PAK1,H89,NTERA2,-1.130822666414352
Q13153,PAK1,KD025,NTERA2,-2.245222463149071
Q13153,PAK1,NU7441,NTERA2,0.3597457256494136
Q13153,PAK1,Ripasudil,NTERA2,-1.5093546959623245
Q13153,PAK1,Vemurafenib,NTERA2,-1.550650706209828
P50613,CDK7,AZD6482,NTERA2,0.37980948442405266
P50613,CDK7,CAL101,NTERA2,-0.27104675342137946
P50613,CDK7,GDC0941,NTERA2,0.4861720067143428
P50613,CDK7,HS173,NTERA2,2.148927837383918
P50613,CDK7,PIK294,NTERA2,0.9974153806877648
P50613,CDK7,TGX221,NTERA2,0.29694335718156145
P50613,CDK7,CX4945,NTERA2,-0.5534736544844875
P50613,CDK7,GO6983,NTERA2,0.7664074579139605
P50613,CDK7,KN93,NTERA2,-0.0688330008780789
P50613,CDK7,MK2206,NTERA2,0.022104291611289885
P50613,CDK7,AZD5438,NTERA2,-2.4210958650388634
P50613,CDK7,FRAX486,NTERA2,1.1112121678530043
P50613,CDK7,Ku0063794,NTERA2,-0.13179379834530702
P50613,CDK7,PD153035,NTERA2,0.33929498862994256
P50613,CDK7,PF3758309,NTERA2,1.5550700229685246
P50613,CDK7,Torin,NTERA2,1.8472629721911098
P50613,CDK7,Trametinib,NTERA2,0.9431549298299546
P50613,CDK7,AZD1480,NTERA2,1.0492223113106207
P50613,CDK7,AZD5363,NTERA2,1.5071082471206456
P50613,CDK7,BX912,NTERA2,0.9051878338926246
P50613,CDK7,CHIR99021,NTERA2,0.44597067470726676
P50613,CDK7,GSK2334470,NTERA2,1.409435220342204
P50613,CDK7,Ipatasertib,NTERA2,1.7182741395859369
P50613,CDK7,LY2090314,NTERA2,2.2734564740478715
P50613,CDK7,Tofacitinib,NTERA2,1.3440113633384831
P50613,CDK7,AZD8055,NTERA2,0.5947874312020341
P50613,CDK7,GDC0994,NTERA2,-0.659634665988835
P50613,CDK7,JNK,NTERA2,-0.7078510405022269
P50613,CDK7,LY2584702,NTERA2,1.6053386611954026
P50613,CDK7,PH797804,NTERA2,1.0696068264686094
P50613,CDK7,Selumetinib,NTERA2,0.16178606586978925
P50613,CDK7,U73122,NTERA2,-0.1702850772644153
P50613,CDK7,Ulixertinib,NTERA2,0.6353446923802746
P50613,CDK7,Amuvatinib,NTERA2,0.14093052758098804
P50613,CDK7,AZD3759,NTERA2,-0.5842967044974936
P50613,CDK7,GSK690693,NTERA2,-0.019270607294879605
P50613,CDK7,JNJ,NTERA2,-0.8223184526540822
P50613,CDK7,KN62,NTERA2,0.6717429895975211
P50613,CDK7,Linsitinib,NTERA2,-0.10428022540727018
P50613,CDK7,LY2835219,NTERA2,-1.9174395265192399
P50613,CDK7,Ribociclib,NTERA2,-0.3460021820096961
P50613,CDK7,AC220,NTERA2,-1.2400431803015517
P50613,CDK7,Edelfosine,NTERA2,-1.7064998804557252
P50613,CDK7,GF109203X,NTERA2,1.1994051004372333
P50613,CDK7,Go6976,NTERA2,1.6738027130420199
P50613,CDK7,PF4708671,NTERA2,0.5049261714200389
P50613,CDK7,SP600125,NTERA2,0.9266516039438486
P50613,CDK7,TAK715,NTERA2,1.4913365427639527
P50613,CDK7,TBCA,NTERA2,0.4122239554775326
P50613,CDK7,AT13148,NTERA2,-1.1941718828364716
P50613,CDK7,AZ20,NTERA2,1.0156917429497345
P50613,CDK7,AZD6738,NTERA2,0.5260552828078011
P50613,CDK7,Bosutinib,NTERA2,-0.041190167428714314
P50613,CDK7,Dabrafenib,NTERA2,-0.3229516133350299
P50613,CDK7,Dasatinib,NTERA2,2.1128572981941294
P50613,CDK7,DNAPK,NTERA2,0.0920417900622636
P50613,CDK7,H89,NTERA2,0.023605199577233043
P50613,CDK7,KD025,NTERA2,-0.2982611562225176
P50613,CDK7,NU7441,NTERA2,-0.42673005757023275
P50613,CDK7,Ripasudil,NTERA2,-0.4514095407059582
P50613,CDK7,Vemurafenib,NTERA2,0.5568071070703091
Q8IVT5,KSR1,AZD6482,NTERA2,-1.3237788752318773
Q8IVT5,KSR1,CAL101,NTERA2,-0.437960233392845
Q8IVT5,KSR1,GDC0941,NTERA2,-1.2333271289140648
Q8IVT5,KSR1,HS173,NTERA2,-0.10891601045184308
Q8IVT5,KSR1,PIK294,NTERA2,0.24753978893481532
Q8IVT5,KSR1,TGX221,NTERA2,0.30597630831183836
Q8IVT5,KSR1,CX4945,NTERA2,1.0386959488958754
Q8IVT5,KSR1,GO6983,NTERA2,0.43900274418749224
Q8IVT5,KSR1,KN93,NTERA2,0.31167029421786707
Q8IVT5,KSR1,MK2206,NTERA2,-0.10365831895965708
Q8IVT5,KSR1,AZD5438,NTERA2,1.1378381684482544
Q8IVT5,KSR1,FRAX486,NTERA2,-6.267990279061223
Q8IVT5,KSR1,Ku0063794,NTERA2,0.7201534842955714
Q8IVT5,KSR1,PD153035,NTERA2,0.8654275560655231
Q8IVT5,KSR1,PF3758309,NTERA2,-0.7668542000561932
Q8IVT5,KSR1,Torin,NTERA2,0.3532391299111976
Q8IVT5,KSR1,Trametinib,NTERA2,-7.404000933746989
Q8IVT5,KSR1,AZD1480,NTERA2,-5.536667070801182
Q8IVT5,KSR1,AZD5363,NTERA2,2.056075824826892
Q8IVT5,KSR1,BX912,NTERA2,-3.9604655081128755
Q8IVT5,KSR1,CHIR99021,NTERA2,0.656238110090203
Q8IVT5,KSR1,GSK2334470,NTERA2,1.0927627291370896
Q8IVT5,KSR1,Ipatasertib,NTERA2,0.8042960166155614
Q8IVT5,KSR1,LY2090314,NTERA2,-0.5502282015598108
Q8IVT5,KSR1,Tofacitinib,NTERA2,-0.03294467219211914
Q8IVT5,KSR1,AZD8055,NTERA2,-0.7574584516584506
Q8IVT5,KSR1,GDC0994,NTERA2,1.6015793037490438
Q8IVT5,KSR1,JNK,NTERA2,-0.5712898634775356
Q8IVT5,KSR1,LY2584702,NTERA2,-0.3318151014587899
Q8IVT5,KSR1,PH797804,NTERA2,-0.6103030339221304
Q8IVT5,KSR1,Selumetinib,NTERA2,-4.010692490130625
Q8IVT5,KSR1,U73122,NTERA2,-0.06915850476593723
Q8IVT5,KSR1,Ulixertinib,NTERA2,2.39207362065485
Q8IVT5,KSR1,Amuvatinib,NTERA2,0.5653441910569847
Q8IVT5,KSR1,AZD3759,NTERA2,1.428297926936621
Q8IVT5,KSR1,GSK690693,NTERA2,1.2173839265724917
Q8IVT5,KSR1,JNJ,NTERA2,0.05165120797926444
Q8IVT5,KSR1,KN62,NTERA2,0.375531293166728
Q8IVT5,KSR1,Linsitinib,NTERA2,-0.6273265219771346
Q8IVT5,KSR1,LY2835219,NTERA2,1.182452114295682
Q8IVT5,KSR1,Ribociclib,NTERA2,1.1443589549435733
Q8IVT5,KSR1,AC220,NTERA2,0.004157670446207924
Q8IVT5,KSR1,Edelfosine,NTERA2,4.0887960645712615
Q8IVT5,KSR1,GF109203X,NTERA2,1.6368531388508436
Q8IVT5,KSR1,Go6976,NTERA2,0.0917826564002958
Q8IVT5,KSR1,PF4708671,NTERA2,0.1879417743374922
Q8IVT5,KSR1,SP600125,NTERA2,0.3805772734611444
Q8IVT5,KSR1,TAK715,NTERA2,0.4849969199638349
Q8IVT5,KSR1,TBCA,NTERA2,-0.20397948039483824
Q8IVT5,KSR1,AT13148,NTERA2,1.0506515076611245
Q8IVT5,KSR1,AZ20,NTERA2,0.3145078930931574
Q8IVT5,KSR1,AZD6738,NTERA2,0.3358661855992507
Q8IVT5,KSR1,Bosutinib,NTERA2,1.7014591078618084
Q8IVT5,KSR1,Dabrafenib,NTERA2,2.978905239461558
Q8IVT5,KSR1,Dasatinib,NTERA2,0.1556293171348554
Q8IVT5,KSR1,DNAPK,NTERA2,-0.8834749242851381
Q8IVT5,KSR1,H89,NTERA2,-2.4251010087724483
Q8IVT5,KSR1,KD025,NTERA2,0.8694250878633899
Q8IVT5,KSR1,NU7441,NTERA2,1.1236938644813028
Q8IVT5,KSR1,Ripasudil,NTERA2,1.6699372095277403
Q8IVT5,KSR1,Vemurafenib,NTERA2,1.61974244935086
P78527,PRKDC,AZD6482,NTERA2,1.737759039725134
P78527,PRKDC,CAL101,NTERA2,0.8927932731654101
P78527,PRKDC,GDC0941,NTERA2,2.0547527670567454
P78527,PRKDC,HS173,NTERA2,1.9150958639545865
P78527,PRKDC,PIK294,NTERA2,1.905646439082575
P78527,PRKDC,TGX221,NTERA2,1.4826723884084474
P78527,PRKDC,CX4945,NTERA2,-0.3663366744327671
P78527,PRKDC,GO6983,NTERA2,-1.451793968973734
P78527,PRKDC,KN93,NTERA2,1.1206416029352717
P78527,PRKDC,MK2206,NTERA2,0.9718065010500614
P78527,PRKDC,AZD5438,NTERA2,0.7622896171800261
P78527,PRKDC,FRAX486,NTERA2,0.7277987171297405
P78527,PRKDC,Ku0063794,NTERA2,0.7352715486612824
P78527,PRKDC,PD153035,NTERA2,-1.2908469617581713
P78527,PRKDC,PF3758309,NTERA2,-1.7116686245354544
P78527,PRKDC,Torin,NTERA2,0.07553175091684941
P78527,PRKDC,Trametinib,NTERA2,-0.2694931453364549
P78527,PRKDC,AZD1480,NTERA2,-1.157595649962723
P78527,PRKDC,AZD5363,NTERA2,-1.569174221898587
P78527,PRKDC,BX912,NTERA2,-1.5596574441976097
P78527,PRKDC,CHIR99021,NTERA2,-0.661128725852338
P78527,PRKDC,GSK2334470,NTERA2,-0.34262580083326666
P78527,PRKDC,Ipatasertib,NTERA2,0.030161383789513163
P78527,PRKDC,LY2090314,NTERA2,0.5348798389719535
P78527,PRKDC,Tofacitinib,NTERA2,-0.5573174071719224
P78527,PRKDC,AZD8055,NTERA2,0.47431844633624076
P78527,PRKDC,GDC0994,NTERA2,0.783095570140199
P78527,PRKDC,JNK,NTERA2,0.3734678046291844
P78527,PRKDC,LY2584702,NTERA2,-0.908284678915455
P78527,PRKDC,PH797804,NTERA2,-0.4393000037124625
P78527,PRKDC,Selumetinib,NTERA2,0.5378435613263618
P78527,PRKDC,U73122,NTERA2,0.5233609666562372
P78527,PRKDC,Ulixertinib,NTERA2,0.9553033267814363
P78527,PRKDC,Amuvatinib,NTERA2,-0.9395472540152823
P78527,PRKDC,AZD3759,NTERA2,1.4877346907866176
P78527,PRKDC,GSK690693,NTERA2,1.519623128764277
P78527,PRKDC,JNJ,NTERA2,1.3961047991628053
P78527,PRKDC,KN62,NTERA2,0.8423209974285675
P78527,PRKDC,Linsitinib,NTERA2,1.2496376208726019
P78527,PRKDC,LY2835219,NTERA2,1.5485922319342837
P78527,PRKDC,Ribociclib,NTERA2,1.5305220541401796
P78527,PRKDC,AC220,NTERA2,-0.22711627648251992
P78527,PRKDC,Edelfosine,NTERA2,0.43269199644432343
P78527,PRKDC,GF109203X,NTERA2,-0.4933713843468653
P78527,PRKDC,Go6976,NTERA2,0.4187177971468957
P78527,PRKDC,PF4708671,NTERA2,-0.7115135159431014
P78527,PRKDC,SP600125,NTERA2,0.7903797503083971
P78527,PRKDC,TAK715,NTERA2,0.040654643902254484
P78527,PRKDC,TBCA,NTERA2,0.0344192711815047
P78527,PRKDC,AT13148,NTERA2,0.2678669923239609
P78527,PRKDC,AZ20,NTERA2,-2.533114163334781
P78527,PRKDC,AZD6738,NTERA2,-0.19009138150135754
P78527,PRKDC,Bosutinib,NTERA2,-1.02552631552831
P78527,PRKDC,Dabrafenib,NTERA2,-0.9819126523430689
P78527,PRKDC,Dasatinib,NTERA2,-2.2699889454729285
P78527,PRKDC,DNAPK,NTERA2,0.041686594400871975
P78527,PRKDC,H89,NTERA2,-0.07903117652283684
P78527,PRKDC,KD025,NTERA2,0.1074591522341226
P78527,PRKDC,NU7441,NTERA2,-1.4767773571789882
P78527,PRKDC,Ripasudil,NTERA2,-0.7678564601144493
P78527,PRKDC,Vemurafenib,NTERA2,-1.2855661628182633
P04626,ERBB2,AZD6482,NTERA2,0.2881264109194515
P04626,ERBB2,CAL101,NTERA2,0.22208995747461613
P04626,ERBB2,GDC0941,NTERA2,0.09102533078052531
P04626,ERBB2,HS173,NTERA2,0.4304913881104376
P04626,ERBB2,PIK294,NTERA2,0.12307011568561572
P04626,ERBB2,TGX221,NTERA2,0.6625617149275116
P04626,ERBB2,CX4945,NTERA2,-1.3120780301087334
P04626,ERBB2,GO6983,NTERA2,-0.4974202401365928
P04626,ERBB2,KN93,NTERA2,-1.038571411290753
P04626,ERBB2,MK2206,NTERA2,-1.859575599489157
P04626,ERBB2,AZD5438,NTERA2,-0.2561050201425475
P04626,ERBB2,FRAX486,NTERA2,-0.15113054113835966
P04626,ERBB2,Ku0063794,NTERA2,-2.708712088623047
P04626,ERBB2,PD153035,NTERA2,-1.0329467886784023
P04626,ERBB2,PF3758309,NTERA2,0.13196006884430805
P04626,ERBB2,Torin,NTERA2,-0.6707707654813057
P04626,ERBB2,Trametinib,NTERA2,1.1335904170596616
P04626,ERBB2,AZD1480,NTERA2,0.45743700044256885
P04626,ERBB2,AZD5363,NTERA2,0.5921579082778464
P04626,ERBB2,BX912,NTERA2,-0.2554271431737427
P04626,ERBB2,CHIR99021,NTERA2,0.8605160278001063
P04626,ERBB2,GSK2334470,NTERA2,-0.8836900842290061
P04626,ERBB2,Ipatasertib,NTERA2,-0.5982775268570819
P04626,ERBB2,LY2090314,NTERA2,0.32008166696557355
P04626,ERBB2,Tofacitinib,NTERA2,0.4062696236133641
P04626,ERBB2,AZD8055,NTERA2,-0.7499343648532473
P04626,ERBB2,GDC0994,NTERA2,-1.5727175560319886
P04626,ERBB2,JNK,NTERA2,-0.09025957309685514
P04626,ERBB2,LY2584702,NTERA2,-0.6167091765636578
P04626,ERBB2,PH797804,NTERA2,-1.2007479869112077
P04626,ERBB2,Selumetinib,NTERA2,-2.192462037337069
P04626,ERBB2,U73122,NTERA2,-0.26110882821277853
P04626,ERBB2,Ulixertinib,NTERA2,-0.4231226043564946
P04626,ERBB2,Amuvatinib,NTERA2,0.35216256402877544
P04626,ERBB2,AZD3759,NTERA2,-0.16124866456148088
P04626,ERBB2,GSK690693,NTERA2,-0.9757765340218508
P04626,ERBB2,JNJ,NTERA2,0.3229911801502548
P04626,ERBB2,KN62,NTERA2,0.33599731522176507
P04626,ERBB2,Linsitinib,NTERA2,-2.8035197204931364
P04626,ERBB2,LY2835219,NTERA2,-0.17056716333906885
P04626,ERBB2,Ribociclib,NTERA2,0.3371709156165336
P04626,ERBB2,AC220,NTERA2,-0.8782780142498363
P04626,ERBB2,Edelfosine,NTERA2,-0.031939076786761125
P04626,ERBB2,GF109203X,NTERA2,-0.0392284545624888
P04626,ERBB2,Go6976,NTERA2,-0.26472619651493
P04626,ERBB2,PF4708671,NTERA2,-0.7333543601517934
P04626,ERBB2,SP600125,NTERA2,-0.652335884266789
P04626,ERBB2,TAK715,NTERA2,-0.7196713647906372
P04626,ERBB2,TBCA,NTERA2,-0.8041925225145706
P04626,ERBB2,AT13148,NTERA2,0.3843335126839346
P04626,ERBB2,AZ20,NTERA2,0.16769417546676396
P04626,ERBB2,AZD6738,NTERA2,-0.3506814396360105
P04626,ERBB2,Bosutinib,NTERA2,-0.19566794376817379
P04626,ERBB2,Dabrafenib,NTERA2,0.3558995140031705
P04626,ERBB2,Dasatinib,NTERA2,-0.8165404189552276
P04626,ERBB2,DNAPK,NTERA2,-0.17907909642585107
P04626,ERBB2,H89,NTERA2,-0.9913596255374352
P04626,ERBB2,KD025,NTERA2,0.4174347997390571
P04626,ERBB2,NU7441,NTERA2,-2.072647071490194
P04626,ERBB2,Ripasudil,NTERA2,-0.10154435201366639
P04626,ERBB2,Vemurafenib,NTERA2,0.042826663153718296
Q8IW41,MAPKAPK5,AZD6482,NTERA2,0.24662966376681653
Q8IW41,MAPKAPK5,CAL101,NTERA2,1.1349714640141189
Q8IW41,MAPKAPK5,GDC0941,NTERA2,0.47039592875985514
Q8IW41,MAPKAPK5,HS173,NTERA2,1.333736362319587
Q8IW41,MAPKAPK5,PIK294,NTERA2,1.5098689937321528
Q8IW41,MAPKAPK5,TGX221,NTERA2,0.5623322687489579
Q8IW41,MAPKAPK5,CX4945,NTERA2,-0.5057521273750333
Q8IW41,MAPKAPK5,GO6983,NTERA2,-1.1930005655313307
Q8IW41,MAPKAPK5,KN93,NTERA2,-0.3336492120491769
Q8IW41,MAPKAPK5,MK2206,NTERA2,0.6064089978771817
Q8IW41,MAPKAPK5,AZD5438,NTERA2,-0.6394132788250539
Q8IW41,MAPKAPK5,FRAX486,NTERA2,1.3474965816760809
Q8IW41,MAPKAPK5,Ku0063794,NTERA2,0.126618669085069
Q8IW41,MAPKAPK5,PD153035,NTERA2,0.939056630265592
Q8IW41,MAPKAPK5,PF3758309,NTERA2,2.656983466760128
Q8IW41,MAPKAPK5,Torin,NTERA2,1.183529019626907
Q8IW41,MAPKAPK5,Trametinib,NTERA2,0.5621974235966077
Q8IW41,MAPKAPK5,AZD1480,NTERA2,0.594450627025221
Q8IW41,MAPKAPK5,AZD5363,NTERA2,-0.12589663623240618
Q8IW41,MAPKAPK5,BX912,NTERA2,0.6155267815636667
Q8IW41,MAPKAPK5,CHIR99021,NTERA2,-0.5929138733979809
Q8IW41,MAPKAPK5,GSK2334470,NTERA2,0.8751606651003636
Q8IW41,MAPKAPK5,Ipatasertib,NTERA2,0.37760317185827297
Q8IW41,MAPKAPK5,LY2090314,NTERA2,-0.6591652322517666
Q8IW41,MAPKAPK5,Tofacitinib,NTERA2,-0.5930318201192826
Q8IW41,MAPKAPK5,AZD8055,NTERA2,0.25813796610955037
Q8IW41,MAPKAPK5,GDC0994,NTERA2,0.29699474847941837
Q8IW41,MAPKAPK5,JNK,NTERA2,-0.5071196805318469
Q8IW41,MAPKAPK5,LY2584702,NTERA2,0.8620802692307409
Q8IW41,MAPKAPK5,PH797804,NTERA2,0.033144766797525343
Q8IW41,MAPKAPK5,Selumetinib,NTERA2,-0.36450471074045876
Q8IW41,MAPKAPK5,U73122,NTERA2,0.1709215766480578
Q8IW41,MAPKAPK5,Ulixertinib,NTERA2,0.05772224425515052
Q8IW41,MAPKAPK5,Amuvatinib,NTERA2,-0.3141650879065984
Q8IW41,MAPKAPK5,AZD3759,NTERA2,0.330821458689226
Q8IW41,MAPKAPK5,GSK690693,NTERA2,0.7107169642474412
Q8IW41,MAPKAPK5,JNJ,NTERA2,0.6354473317554823
Q8IW41,MAPKAPK5,KN62,NTERA2,0.2793499715772688
Q8IW41,MAPKAPK5,Linsitinib,NTERA2,1.0580362343518714
Q8IW41,MAPKAPK5,LY2835219,NTERA2,-0.15332232561438225
Q8IW41,MAPKAPK5,Ribociclib,NTERA2,0.01079649689540438
Q8IW41,MAPKAPK5,AC220,NTERA2,-0.16027355606193933
Q8IW41,MAPKAPK5,Edelfosine,NTERA2,-0.7236965833387506
Q8IW41,MAPKAPK5,GF109203X,NTERA2,0.33434356236718193
Q8IW41,MAPKAPK5,Go6976,NTERA2,-0.0743963329421437
Q8IW41,MAPKAPK5,PF4708671,NTERA2,0.1772496100060275
Q8IW41,MAPKAPK5,SP600125,NTERA2,-0.20096195405930595
Q8IW41,MAPKAPK5,TAK715,NTERA2,-0.7369156826202883
Q8IW41,MAPKAPK5,TBCA,NTERA2,0.511326772283189
Q8IW41,MAPKAPK5,AT13148,NTERA2,-1.2141109527502967
Q8IW41,MAPKAPK5,AZ20,NTERA2,0.04821534369492899
Q8IW41,MAPKAPK5,AZD6738,NTERA2,-0.12275608566389963
Q8IW41,MAPKAPK5,Bosutinib,NTERA2,-0.8723331521017313
Q8IW41,MAPKAPK5,Dabrafenib,NTERA2,-0.9331895810391351
Q8IW41,MAPKAPK5,Dasatinib,NTERA2,-0.010903920449561377
Q8IW41,MAPKAPK5,DNAPK,NTERA2,-0.8618781180899091
Q8IW41,MAPKAPK5,H89,NTERA2,-1.3054377407364364
Q8IW41,MAPKAPK5,KD025,NTERA2,0.5867066648092205
Q8IW41,MAPKAPK5,NU7441,NTERA2,-0.2816309493386248
Q8IW41,MAPKAPK5,Ripasudil,NTERA2,-0.49220361504719945
Q8IW41,MAPKAPK5,Vemurafenib,NTERA2,-0.4824735449775744
Q92630,DYRK2,AZD6482,NTERA2,-0.9499233381806125
Q92630,DYRK2,CAL101,NTERA2,-0.5428027389243104
Q92630,DYRK2,GDC0941,NTERA2,-0.7281553516247448
Q92630,DYRK2,HS173,NTERA2,-1.5750864947259096
Q92630,DYRK2,PIK294,NTERA2,-0.08362356640231904
Q92630,DYRK2,TGX221,NTERA2,-0.7567966654874162
Q92630,DYRK2,CX4945,NTERA2,0.9544488878454893
Q92630,DYRK2,GO6983,NTERA2,-0.14643913103465697
Q92630,DYRK2,KN93,NTERA2,-0.23207164119895168
Q92630,DYRK2,MK2206,NTERA2,0.6960125322619057
Q92630,DYRK2,AZD5438,NTERA2,0.43875803954409853
Q92630,DYRK2,FRAX486,NTERA2,0.12276777435387949
Q92630,DYRK2,Ku0063794,NTERA2,0.2659728933600311
Q92630,DYRK2,PD153035,NTERA2,1.6248670559231564
Q92630,DYRK2,PF3758309,NTERA2,0.7510176166838474
Q92630,DYRK2,Torin,NTERA2,-0.2824708635032983
Q92630,DYRK2,Trametinib,NTERA2,-0.6621740073541763
Q92630,DYRK2,AZD1480,NTERA2,0.050948443662253845
Q92630,DYRK2,AZD5363,NTERA2,2.722569605055658
Q92630,DYRK2,BX912,NTERA2,1.0695926911892106
Q92630,DYRK2,CHIR99021,NTERA2,0.2990788740718004
Q92630,DYRK2,GSK2334470,NTERA2,1.6270105933194003
Q92630,DYRK2,Ipatasertib,NTERA2,0.7754483078594041
Q92630,DYRK2,LY2090314,NTERA2,1.1909258544382095
Q92630,DYRK2,Tofacitinib,NTERA2,1.2368717987913944
Q92630,DYRK2,AZD8055,NTERA2,-0.3151874414762777
Q92630,DYRK2,GDC0994,NTERA2,-1.188901104619746
Q92630,DYRK2,JNK,NTERA2,-0.17239161801426214
Q92630,DYRK2,LY2584702,NTERA2,-0.9458814612434562
Q92630,DYRK2,PH797804,NTERA2,-1.06324993322998
Q92630,DYRK2,Selumetinib,NTERA2,-0.7457131735382083
Q92630,DYRK2,U73122,NTERA2,-0.7353147911041812
Q92630,DYRK2,Ulixertinib,NTERA2,-2.19329163547473
Q92630,DYRK2,Amuvatinib,NTERA2,0.04765408178236465
Q92630,DYRK2,AZD3759,NTERA2,-0.9529519939435672
Q92630,DYRK2,GSK690693,NTERA2,0.18799661802105874
Q92630,DYRK2,JNJ,NTERA2,-0.39612217359238333
Q92630,DYRK2,KN62,NTERA2,0.045695679365700126
Q92630,DYRK2,Linsitinib,NTERA2,-0.498738440611662
Q92630,DYRK2,LY2835219,NTERA2,-1.0859210769378027
Q92630,DYRK2,Ribociclib,NTERA2,-1.244108043922579
Q92630,DYRK2,AC220,NTERA2,-0.22095162677324617
Q92630,DYRK2,Edelfosine,NTERA2,-0.1823548186330978
Q92630,DYRK2,GF109203X,NTERA2,-0.23259882511560637
Q92630,DYRK2,Go6976,NTERA2,-0.4262758951826263
Q92630,DYRK2,PF4708671,NTERA2,-0.2187282617146502
Q92630,DYRK2,SP600125,NTERA2,-1.574743390183557
Q92630,DYRK2,TAK715,NTERA2,-0.39852932104046884
Q92630,DYRK2,TBCA,NTERA2,0.46325019439993487
Q92630,DYRK2,AT13148,NTERA2,-0.3370654293749164
Q92630,DYRK2,AZ20,NTERA2,-1.5702400493589885
Q92630,DYRK2,AZD6738,NTERA2,0.06399025647105643
Q92630,DYRK2,Bosutinib,NTERA2,-0.7357437541103093
Q92630,DYRK2,Dabrafenib,NTERA2,0.15363250749090504
Q92630,DYRK2,Dasatinib,NTERA2,-0.12087856624582892
Q92630,DYRK2,DNAPK,NTERA2,0.4812869895073543
Q92630,DYRK2,H89,NTERA2,-0.6729552274520111
Q92630,DYRK2,KD025,NTERA2,-0.08256853614685797
Q92630,DYRK2,NU7441,NTERA2,-0.4565180594168695
Q92630,DYRK2,Ripasudil,NTERA2,-0.7931039472661895
Q92630,DYRK2,Vemurafenib,NTERA2,0.22238288367534745
Q9H2X6,HIPK2,AZD6482,NTERA2,-0.8288881750491224
Q9H2X6,HIPK2,CAL101,NTERA2,-0.7832093492903013
Q9H2X6,HIPK2,GDC0941,NTERA2,-0.26431981129262144
Q9H2X6,HIPK2,HS173,NTERA2,0.02306878047053518
Q9H2X6,HIPK2,PIK294,NTERA2,-0.3406841173256977
Q9H2X6,HIPK2,TGX221,NTERA2,0.4285186616547074
Q9H2X6,HIPK2,CX4945,NTERA2,-0.8021895969365189
Q9H2X6,HIPK2,GO6983,NTERA2,1.5816372776112855
Q9H2X6,HIPK2,KN93,NTERA2,0.7542936428334058
Q9H2X6,HIPK2,MK2206,NTERA2,-0.8667497822715831
Q9H2X6,HIPK2,AZD5438,NTERA2,-1.82727741072845
Q9H2X6,HIPK2,FRAX486,NTERA2,-0.2943885351689531
Q9H2X6,HIPK2,Ku0063794,NTERA2,0.45627088872595817
Q9H2X6,HIPK2,PD153035,NTERA2,0.4353289120759376
Q9H2X6,HIPK2,PF3758309,NTERA2,-0.2273058018964207
Q9H2X6,HIPK2,Torin,NTERA2,0.18230452784454476
Q9H2X6,HIPK2,Trametinib,NTERA2,-0.04140778674438091
Q9H2X6,HIPK2,AZD1480,NTERA2,0.30904227697179054
Q9H2X6,HIPK2,AZD5363,NTERA2,0.0944142962251295
Q9H2X6,HIPK2,BX912,NTERA2,-1.7809504416223216
Q9H2X6,HIPK2,CHIR99021,NTERA2,-1.3218550032017402
Q9H2X6,HIPK2,GSK2334470,NTERA2,-1.1639311974880466
Q9H2X6,HIPK2,Ipatasertib,NTERA2,-1.4273053499997304
Q9H2X6,HIPK2,LY2090314,NTERA2,-0.09700635870340334
Q9H2X6,HIPK2,Tofacitinib,NTERA2,-2.1580725496284416
Q9H2X6,HIPK2,AZD8055,NTERA2,-1.1481760870420372
Q9H2X6,HIPK2,GDC0994,NTERA2,-0.7662584331400836
Q9H2X6,HIPK2,JNK,NTERA2,0.4079365406098641
Q9H2X6,HIPK2,LY2584702,NTERA2,0.3811885954826465
Q9H2X6,HIPK2,PH797804,NTERA2,0.02043919956770888
Q9H2X6,HIPK2,Selumetinib,NTERA2,1.422652187135448
Q9H2X6,HIPK2,U73122,NTERA2,0.1552711213822862
Q9H2X6,HIPK2,Ulixertinib,NTERA2,0.0057955955332010135
Q9H2X6,HIPK2,Amuvatinib,NTERA2,1.8656963073576533
Q9H2X6,HIPK2,AZD3759,NTERA2,0.018056843734387124
Q9H2X6,HIPK2,GSK690693,NTERA2,0.8927359378273879
Q9H2X6,HIPK2,JNJ,NTERA2,0.6903871487456621
Q9H2X6,HIPK2,KN62,NTERA2,0.493712865750522
Q9H2X6,HIPK2,Linsitinib,NTERA2,0.6933397713862283
Q9H2X6,HIPK2,LY2835219,NTERA2,-0.562606636551873
Q9H2X6,HIPK2,Ribociclib,NTERA2,-0.9539905934351294
Q9H2X6,HIPK2,AC220,NTERA2,0.551845431872261
Q9H2X6,HIPK2,Edelfosine,NTERA2,-1.2937127683314602
Q9H2X6,HIPK2,GF109203X,NTERA2,0.4127021109216844
Q9H2X6,HIPK2,Go6976,NTERA2,-0.45486680219696796
Q9H2X6,HIPK2,PF4708671,NTERA2,0.7191755551143636
Q9H2X6,HIPK2,SP600125,NTERA2,0.02892979714490477
Q9H2X6,HIPK2,TAK715,NTERA2,0.5080187777335663
Q9H2X6,HIPK2,TBCA,NTERA2,0.8957954462784915
Q9H2X6,HIPK2,AT13148,NTERA2,0.37596046026740343
Q9H2X6,HIPK2,AZ20,NTERA2,-0.16540144497543305
Q9H2X6,HIPK2,AZD6738,NTERA2,-0.09687985429596907
Q9H2X6,HIPK2,Bosutinib,NTERA2,-0.018107113163055577
Q9H2X6,HIPK2,Dabrafenib,NTERA2,0.17029414132991408
Q9H2X6,HIPK2,Dasatinib,NTERA2,-0.03327378720692145
Q9H2X6,HIPK2,DNAPK,NTERA2,-0.13083782824588086
Q9H2X6,HIPK2,H89,NTERA2,-1.1795611566842235
Q9H2X6,HIPK2,KD025,NTERA2,-0.9680577663454267
Q9H2X6,HIPK2,NU7441,NTERA2,-1.128991303584029
Q9H2X6,HIPK2,Ripasudil,NTERA2,-0.8928055499943055
Q9H2X6,HIPK2,Vemurafenib,NTERA2,0.006253155946667296
Q9UBS0,RPS6KB2,AZD6482,NTERA2,-0.0038128062730117982
Q9UBS0,RPS6KB2,CAL101,NTERA2,-0.13069307971727537
Q9UBS0,RPS6KB2,GDC0941,NTERA2,-2.6517141221421054
Q9UBS0,RPS6KB2,HS173,NTERA2,-0.05188520878874877
Q9UBS0,RPS6KB2,PIK294,NTERA2,0.5465272327822465
Q9UBS0,RPS6KB2,TGX221,NTERA2,0.05305740610404051
Q9UBS0,RPS6KB2,CX4945,NTERA2,0.05294299103186561
Q9UBS0,RPS6KB2,GO6983,NTERA2,-0.4293536749546121
Q9UBS0,RPS6KB2,KN93,NTERA2,-0.17422181127358133
Q9UBS0,RPS6KB2,MK2206,NTERA2,-0.13287532327592272
Q9UBS0,RPS6KB2,AZD5438,NTERA2,0.20715564271356673
Q9UBS0,RPS6KB2,FRAX486,NTERA2,-0.157250218083615
Q9UBS0,RPS6KB2,Ku0063794,NTERA2,-2.1625115944786857
Q9UBS0,RPS6KB2,PD153035,NTERA2,0.26661197840502815
Q9UBS0,RPS6KB2,PF3758309,NTERA2,0.053898729359020306
Q9UBS0,RPS6KB2,Torin,NTERA2,-2.282686223591685
Q9UBS0,RPS6KB2,Trametinib,NTERA2,-0.5321242212634645
Q9UBS0,RPS6KB2,AZD1480,NTERA2,-0.13804224638642842
Q9UBS0,RPS6KB2,AZD5363,NTERA2,-0.6998998709159651
Q9UBS0,RPS6KB2,BX912,NTERA2,-0.27933455381227174
Q9UBS0,RPS6KB2,CHIR99021,NTERA2,-0.2379396493477114
Q9UBS0,RPS6KB2,GSK2334470,NTERA2,-1.5385175956852937
Q9UBS0,RPS6KB2,Ipatasertib,NTERA2,-0.6194595349026667
Q9UBS0,RPS6KB2,LY2090314,NTERA2,-0.43256093542464125
Q9UBS0,RPS6KB2,Tofacitinib,NTERA2,-0.7241251177290245
Q9UBS0,RPS6KB2,AZD8055,NTERA2,-2.5750619420611454
Q9UBS0,RPS6KB2,GDC0994,NTERA2,1.1966766776113653
Q9UBS0,RPS6KB2,JNK,NTERA2,0.9478255920917764
Q9UBS0,RPS6KB2,LY2584702,NTERA2,-1.918050624691391
Q9UBS0,RPS6KB2,PH797804,NTERA2,-0.22989600587747716
Q9UBS0,RPS6KB2,Selumetinib,NTERA2,-0.5959845969868558
Q9UBS0,RPS6KB2,U73122,NTERA2,-0.10918667348995179
Q9UBS0,RPS6KB2,Ulixertinib,NTERA2,-0.040356113831144964
Q9UBS0,RPS6KB2,Amuvatinib,NTERA2,0.4083797133268142
Q9UBS0,RPS6KB2,AZD3759,NTERA2,0.30663798284878785
Q9UBS0,RPS6KB2,GSK690693,NTERA2,0.24173113107530356
Q9UBS0,RPS6KB2,JNJ,NTERA2,0.707712318516454
Q9UBS0,RPS6KB2,KN62,NTERA2,-0.14175622269289484
Q9UBS0,RPS6KB2,Linsitinib,NTERA2,-1.3992211247660518
Q9UBS0,RPS6KB2,LY2835219,NTERA2,-0.3851747614610805
Q9UBS0,RPS6KB2,Ribociclib,NTERA2,0.11027549264789345
Q9UBS0,RPS6KB2,AC220,NTERA2,0.39432575322305274
Q9UBS0,RPS6KB2,Edelfosine,NTERA2,1.1347808178713528
Q9UBS0,RPS6KB2,GF109203X,NTERA2,0.0033901826991492986
Q9UBS0,RPS6KB2,Go6976,NTERA2,-0.8807894365938436
Q9UBS0,RPS6KB2,PF4708671,NTERA2,-0.7722091654224348
Q9UBS0,RPS6KB2,SP600125,NTERA2,0.31887456455517704
Q9UBS0,RPS6KB2,TAK715,NTERA2,-1.3703798208249893
Q9UBS0,RPS6KB2,TBCA,NTERA2,0.587038850300352
Q9UBS0,RPS6KB2,AT13148,NTERA2,-0.4633894846286709
Q9UBS0,RPS6KB2,AZ20,NTERA2,-2.1597234745722873
Q9UBS0,RPS6KB2,AZD6738,NTERA2,-1.0997721523327921
Q9UBS0,RPS6KB2,Bosutinib,NTERA2,-0.3995045619832896
Q9UBS0,RPS6KB2,Dabrafenib,NTERA2,-0.5491018803557387
Q9UBS0,RPS6KB2,Dasatinib,NTERA2,-0.7504893604995595
Q9UBS0,RPS6KB2,DNAPK,NTERA2,-0.0176225568553162
Q9UBS0,RPS6KB2,H89,NTERA2,-0.9643468992953165
Q9UBS0,RPS6KB2,KD025,NTERA2,-0.5387515548932788
Q9UBS0,RPS6KB2,NU7441,NTERA2,-0.5984149615969336
Q9UBS0,RPS6KB2,Ripasudil,NTERA2,-0.8739586634732371
Q9UBS0,RPS6KB2,Vemurafenib,NTERA2,-0.9719789439366678
Q15139,PRKD1,AZD6482,NTERA2,0.5099370375334834
Q15139,PRKD1,CAL101,NTERA2,1.2405069432912996
Q15139,PRKD1,GDC0941,NTERA2,1.1837015080733055
Q15139,PRKD1,HS173,NTERA2,0.4033776104604267
Q15139,PRKD1,PIK294,NTERA2,1.1778497966180563
Q15139,PRKD1,TGX221,NTERA2,-0.22430693427890497
Q15139,PRKD1,CX4945,NTERA2,1.0528600354531832
Q15139,PRKD1,GO6983,NTERA2,-2.608074166951488
Q15139,PRKD1,KN93,NTERA2,2.1141381565795836
Q15139,PRKD1,MK2206,NTERA2,2.98819504614879
Q15139,PRKD1,AZD5438,NTERA2,0.6457866714000416
Q15139,PRKD1,FRAX486,NTERA2,-1.5950244578138888
Q15139,PRKD1,Ku0063794,NTERA2,0.9862898572074875
Q15139,PRKD1,PD153035,NTERA2,0.28363108268411447
Q15139,PRKD1,PF3758309,NTERA2,0.2822010601895073
Q15139,PRKD1,Torin,NTERA2,0.6118606349102708
Q15139,PRKD1,Trametinib,NTERA2,0.0512344288396651
Q15139,PRKD1,AZD1480,NTERA2,-1.230155846117216
Q15139,PRKD1,AZD5363,NTERA2,0.05824331522174291
Q15139,PRKD1,BX912,NTERA2,-0.5794124967857365
Q15139,PRKD1,CHIR99021,NTERA2,-1.3452102691852952
Q15139,PRKD1,GSK2334470,NTERA2,0.2201617852222271
Q15139,PRKD1,Ipatasertib,NTERA2,-0.2560870502190859
Q15139,PRKD1,LY2090314,NTERA2,-0.14444930734619005
Q15139,PRKD1,Tofacitinib,NTERA2,-0.28460104889765037
Q15139,PRKD1,AZD8055,NTERA2,-0.1688470543328445
Q15139,PRKD1,GDC0994,NTERA2,1.6971559414000486
Q15139,PRKD1,JNK,NTERA2,-1.24151490228815
Q15139,PRKD1,LY2584702,NTERA2,-0.7698970913446651
Q15139,PRKD1,PH797804,NTERA2,-0.741418507893925
Q15139,PRKD1,Selumetinib,NTERA2,0.49276600565516865
Q15139,PRKD1,U73122,NTERA2,0.027904137017567575
Q15139,PRKD1,Ulixertinib,NTERA2,0.9130280786846053
Q15139,PRKD1,Amuvatinib,NTERA2,-0.3144008106048057
Q15139,PRKD1,AZD3759,NTERA2,0.09603261523046731
Q15139,PRKD1,GSK690693,NTERA2,-1.0494372786878237
Q15139,PRKD1,JNJ,NTERA2,2.246181009613491
Q15139,PRKD1,KN62,NTERA2,0.2599824367866194
Q15139,PRKD1,Linsitinib,NTERA2,0.28787535952903454
Q15139,PRKD1,LY2835219,NTERA2,0.18124158353360284
Q15139,PRKD1,Ribociclib,NTERA2,-0.1121112273289019
Q15139,PRKD1,AC220,NTERA2,-1.0601911320607582
Q15139,PRKD1,Edelfosine,NTERA2,1.2412231844873007
Q15139,PRKD1,GF109203X,NTERA2,-0.07350291598252157
Q15139,PRKD1,Go6976,NTERA2,-0.44284733814496824
Q15139,PRKD1,PF4708671,NTERA2,-0.3827609840173106
Q15139,PRKD1,SP600125,NTERA2,-0.5389116675354804
Q15139,PRKD1,TAK715,NTERA2,-0.5467023791570145
Q15139,PRKD1,TBCA,NTERA2,-1.062067196738826
Q15139,PRKD1,AT13148,NTERA2,0.3986640662737624
Q15139,PRKD1,AZ20,NTERA2,-0.9657416059252012
Q15139,PRKD1,AZD6738,NTERA2,-0.3546129363470057
Q15139,PRKD1,Bosutinib,NTERA2,-0.3120529608862543
Q15139,PRKD1,Dabrafenib,NTERA2,-0.9460504965954102
Q15139,PRKD1,Dasatinib,NTERA2,0.17425583371603676
Q15139,PRKD1,DNAPK,NTERA2,0.20332679705154985
Q15139,PRKD1,H89,NTERA2,0.19739537109583472
Q15139,PRKD1,KD025,NTERA2,0.519504089043847
Q15139,PRKD1,NU7441,NTERA2,2.205241605664169
Q15139,PRKD1,Ripasudil,NTERA2,0.5306062052831977
Q15139,PRKD1,Vemurafenib,NTERA2,-1.0756170227813844
Q05655,PRKCD,AZD6482,NTERA2,2.70254917180038
Q05655,PRKCD,CAL101,NTERA2,1.996163121135531
Q05655,PRKCD,GDC0941,NTERA2,1.1363416426710227
Q05655,PRKCD,HS173,NTERA2,0.9548582861372614
Q05655,PRKCD,PIK294,NTERA2,1.5589262933669752
Q05655,PRKCD,TGX221,NTERA2,0.7784444981767474
Q05655,PRKCD,CX4945,NTERA2,1.127957973609451
Q05655,PRKCD,GO6983,NTERA2,-1.5543546687601888
Q05655,PRKCD,KN93,NTERA2,-0.19538590627235197
Q05655,PRKCD,MK2206,NTERA2,-1.2385976313411968
Q05655,PRKCD,AZD5438,NTERA2,0.2164703773895405
Q05655,PRKCD,FRAX486,NTERA2,0.12987748387203388
Q05655,PRKCD,Ku0063794,NTERA2,-0.389739240456812
Q05655,PRKCD,PD153035,NTERA2,-0.7919226080624885
Q05655,PRKCD,PF3758309,NTERA2,-1.2218307114128488
Q05655,PRKCD,Torin,NTERA2,0.3575606449625917
Q05655,PRKCD,Trametinib,NTERA2,0.4347855721485367
Q05655,PRKCD,AZD1480,NTERA2,0.664938021367378
Q05655,PRKCD,AZD5363,NTERA2,-0.8635216217643552
Q05655,PRKCD,BX912,NTERA2,-3.2016889929357664
Q05655,PRKCD,CHIR99021,NTERA2,-1.2399159436334397
Q05655,PRKCD,GSK2334470,NTERA2,-0.5371643521512208
Q05655,PRKCD,Ipatasertib,NTERA2,0.11203855712253445
Q05655,PRKCD,LY2090314,NTERA2,-1.107380776449256
Q05655,PRKCD,Tofacitinib,NTERA2,0.26118680232976027
Q05655,PRKCD,AZD8055,NTERA2,-3.3844817344901474
Q05655,PRKCD,GDC0994,NTERA2,-0.6598050593854095
Q05655,PRKCD,JNK,NTERA2,0.017010699054445973
Q05655,PRKCD,LY2584702,NTERA2,-0.8436304067195086
Q05655,PRKCD,PH797804,NTERA2,0.9338515315479364
Q05655,PRKCD,Selumetinib,NTERA2,0.14117232356338347
Q05655,PRKCD,U73122,NTERA2,-0.6384246456716716
Q05655,PRKCD,Ulixertinib,NTERA2,-0.6949895031213443
Q05655,PRKCD,Amuvatinib,NTERA2,-0.06757992127716286
Q05655,PRKCD,AZD3759,NTERA2,1.629891528663036
Q05655,PRKCD,GSK690693,NTERA2,-0.8461791515652658
Q05655,PRKCD,JNJ,NTERA2,0.873831997707832
Q05655,PRKCD,KN62,NTERA2,0.4692978650101826
Q05655,PRKCD,Linsitinib,NTERA2,-0.43862779931640816
Q05655,PRKCD,LY2835219,NTERA2,0.5511718390889263
Q05655,PRKCD,Ribociclib,NTERA2,-1.313941291184677
Q05655,PRKCD,AC220,NTERA2,-0.979834917294549
Q05655,PRKCD,Edelfosine,NTERA2,1.7326353303374487
Q05655,PRKCD,GF109203X,NTERA2,-1.6737842985991878
Q05655,PRKCD,Go6976,NTERA2,-1.726913394524975
Q05655,PRKCD,PF4708671,NTERA2,1.2586389145572812
Q05655,PRKCD,SP600125,NTERA2,-0.4765934993442316
Q05655,PRKCD,TAK715,NTERA2,-0.8520932853899031
Q05655,PRKCD,TBCA,NTERA2,-2.4047315061973618
Q05655,PRKCD,AT13148,NTERA2,-1.631209468727124
Q05655,PRKCD,AZ20,NTERA2,-2.2507676790856617
Q05655,PRKCD,AZD6738,NTERA2,-0.8843119691235579
Q05655,PRKCD,Bosutinib,NTERA2,-1.2772865051278515
Q05655,PRKCD,Dabrafenib,NTERA2,-2.533784701078603
Q05655,PRKCD,Dasatinib,NTERA2,-1.581466785120564
Q05655,PRKCD,DNAPK,NTERA2,-0.27784600548221167
Q05655,PRKCD,H89,NTERA2,1.5804289298559078
Q05655,PRKCD,KD025,NTERA2,0.062191724092163364
Q05655,PRKCD,NU7441,NTERA2,-0.3199219015069992
Q05655,PRKCD,Ripasudil,NTERA2,-2.115802422406607
Q05655,PRKCD,Vemurafenib,NTERA2,-2.9430425740566863
P30291,WEE1,AZD6482,NTERA2,0.748029748398538
P30291,WEE1,CAL101,NTERA2,0.7589938139922991
P30291,WEE1,GDC0941,NTERA2,-0.7032507970589563
P30291,WEE1,HS173,NTERA2,-0.31857422558588844
P30291,WEE1,PIK294,NTERA2,-0.2733585835048111
P30291,WEE1,TGX221,NTERA2,0.034332693376087346
P30291,WEE1,CX4945,NTERA2,-0.45855990831462046
P30291,WEE1,GO6983,NTERA2,-1.0349237408980938
P30291,WEE1,KN93,NTERA2,0.1846532716855109
P30291,WEE1,MK2206,NTERA2,-0.04062736992986669
P30291,WEE1,AZD5438,NTERA2,0.04453797330038274
P30291,WEE1,FRAX486,NTERA2,0.39207987090290763
P30291,WEE1,Ku0063794,NTERA2,-1.6963149178211643
P30291,WEE1,PD153035,NTERA2,-1.1239902175283187
P30291,WEE1,PF3758309,NTERA2,-0.40155633777760574
P30291,WEE1,Torin,NTERA2,-0.4206282337308713
P30291,WEE1,Trametinib,NTERA2,-0.35617803788306984
P30291,WEE1,AZD1480,NTERA2,0.4286139208980134
P30291,WEE1,AZD5363,NTERA2,1.0508568649876655
P30291,WEE1,BX912,NTERA2,0.0625948721699983
P30291,WEE1,CHIR99021,NTERA2,-0.10153140645676914
P30291,WEE1,GSK2334470,NTERA2,-0.4523419143759436
P30291,WEE1,Ipatasertib,NTERA2,1.665754138700088
P30291,WEE1,LY2090314,NTERA2,1.5812750435822078
P30291,WEE1,Tofacitinib,NTERA2,1.2285500493145016
P30291,WEE1,AZD8055,NTERA2,0.038594553394616087
P30291,WEE1,GDC0994,NTERA2,0.6456653691936909
P30291,WEE1,JNK,NTERA2,1.1709518228822513
P30291,WEE1,LY2584702,NTERA2,-1.159700766805337
P30291,WEE1,PH797804,NTERA2,0.058389640424436166
P30291,WEE1,Selumetinib,NTERA2,-1.0781235040108845
P30291,WEE1,U73122,NTERA2,-1.1437823541677754
P30291,WEE1,Ulixertinib,NTERA2,0.8693424641103308
P30291,WEE1,Amuvatinib,NTERA2,-0.36672066518761187
P30291,WEE1,AZD3759,NTERA2,-0.5830158874952028
P30291,WEE1,GSK690693,NTERA2,0.1309341579052605
P30291,WEE1,JNJ,NTERA2,-0.960205225905389
P30291,WEE1,KN62,NTERA2,-0.9904015739436076
P30291,WEE1,Linsitinib,NTERA2,-0.9009158253455283
P30291,WEE1,LY2835219,NTERA2,-1.7664162212274988
P30291,WEE1,Ribociclib,NTERA2,-0.22434804999853716
P30291,WEE1,AC220,NTERA2,-1.753887084558051
P30291,WEE1,Edelfosine,NTERA2,-0.8526438562444826
P30291,WEE1,GF109203X,NTERA2,-0.6877637278659248
P30291,WEE1,Go6976,NTERA2,-2.5794540933188768
P30291,WEE1,PF4708671,NTERA2,-1.3046182859499156
P30291,WEE1,SP600125,NTERA2,-1.6826728663096668
P30291,WEE1,TAK715,NTERA2,-0.558602978018365
P30291,WEE1,TBCA,NTERA2,-1.5717260243784288
P30291,WEE1,AT13148,NTERA2,-3.6637075895912563
P30291,WEE1,AZ20,NTERA2,-1.498218696155846
P30291,WEE1,AZD6738,NTERA2,-3.918984539127314
P30291,WEE1,Bosutinib,NTERA2,-4.044320587655683
P30291,WEE1,Dabrafenib,NTERA2,-2.179566856010089
P30291,WEE1,Dasatinib,NTERA2,-1.9119283920449408
P30291,WEE1,DNAPK,NTERA2,-0.9247086021433777
P30291,WEE1,H89,NTERA2,-1.4152598806286107
P30291,WEE1,KD025,NTERA2,-1.896589718636354
P30291,WEE1,NU7441,NTERA2,-2.5506467215341937
P30291,WEE1,Ripasudil,NTERA2,-2.275976656025626
P30291,WEE1,Vemurafenib,NTERA2,-1.6978255949327838
Q9HBH9,MKNK2,AZD6482,NTERA2,0.975300636205752
Q9HBH9,MKNK2,CAL101,NTERA2,0.45964856715977925
Q9HBH9,MKNK2,GDC0941,NTERA2,3.269475767993301
Q9HBH9,MKNK2,HS173,NTERA2,2.5594159999057564
Q9HBH9,MKNK2,PIK294,NTERA2,-0.19983418842262748
Q9HBH9,MKNK2,TGX221,NTERA2,1.762397963032246
Q9HBH9,MKNK2,CX4945,NTERA2,-0.6730183897676323
Q9HBH9,MKNK2,GO6983,NTERA2,-0.6202087082004136
Q9HBH9,MKNK2,KN93,NTERA2,-0.06428946377341732
Q9HBH9,MKNK2,MK2206,NTERA2,0.5585141659878305
Q9HBH9,MKNK2,AZD5438,NTERA2,-0.26867814821660574
Q9HBH9,MKNK2,FRAX486,NTERA2,-1.969767569162815
Q9HBH9,MKNK2,Ku0063794,NTERA2,-0.5570425740538776
Q9HBH9,MKNK2,PD153035,NTERA2,-0.9417998600426113
Q9HBH9,MKNK2,PF3758309,NTERA2,-1.0494193563828054
Q9HBH9,MKNK2,Torin,NTERA2,-0.8234090586954756
Q9HBH9,MKNK2,Trametinib,NTERA2,-1.241024835737751
Q9HBH9,MKNK2,AZD1480,NTERA2,-0.4349350552022635
Q9HBH9,MKNK2,AZD5363,NTERA2,-1.2800914909264671
Q9HBH9,MKNK2,BX912,NTERA2,-0.7716966310969539
Q9HBH9,MKNK2,CHIR99021,NTERA2,0.22664700365006252
Q9HBH9,MKNK2,GSK2334470,NTERA2,-0.4918807220397559
Q9HBH9,MKNK2,Ipatasertib,NTERA2,-0.549508803372573
Q9HBH9,MKNK2,LY2090314,NTERA2,-0.5877092240400932
Q9HBH9,MKNK2,Tofacitinib,NTERA2,-1.7179595555471057
Q9HBH9,MKNK2,AZD8055,NTERA2,-0.28492087038171954
Q9HBH9,MKNK2,GDC0994,NTERA2,-1.076400812750789
Q9HBH9,MKNK2,JNK,NTERA2,-0.2535384603082294
Q9HBH9,MKNK2,LY2584702,NTERA2,-2.2199503444687814
Q9HBH9,MKNK2,PH797804,NTERA2,-0.8159607208092396
Q9HBH9,MKNK2,Selumetinib,NTERA2,-0.7753815070038454
Q9HBH9,MKNK2,U73122,NTERA2,-0.11146131498076564
Q9HBH9,MKNK2,Ulixertinib,NTERA2,-0.8220999694065618
Q9HBH9,MKNK2,Amuvatinib,NTERA2,-0.9585587083504432
Q9HBH9,MKNK2,AZD3759,NTERA2,-1.025459255491187
Q9HBH9,MKNK2,GSK690693,NTERA2,-1.1430344555420304
Q9HBH9,MKNK2,JNJ,NTERA2,0.24103782247532035
Q9HBH9,MKNK2,KN62,NTERA2,-0.2957695929850817
Q9HBH9,MKNK2,Linsitinib,NTERA2,-0.15092915136319968
Q9HBH9,MKNK2,LY2835219,NTERA2,-0.47468427637821126
Q9HBH9,MKNK2,Ribociclib,NTERA2,-1.3517270902632357
Q9HBH9,MKNK2,AC220,NTERA2,-0.7265456266108196
Q9HBH9,MKNK2,Edelfosine,NTERA2,-2.1375792901392607
Q9HBH9,MKNK2,GF109203X,NTERA2,-1.2912123849850194
Q9HBH9,MKNK2,Go6976,NTERA2,-0.26104154497502424
Q9HBH9,MKNK2,PF4708671,NTERA2,-1.6191805122643095
Q9HBH9,MKNK2,SP600125,NTERA2,-1.4791386446480201
Q9HBH9,MKNK2,TAK715,NTERA2,-2.0330941278228085
Q9HBH9,MKNK2,TBCA,NTERA2,-0.7851434067542908
Q9HBH9,MKNK2,AT13148,NTERA2,1.2013370660256295
Q9HBH9,MKNK2,AZ20,NTERA2,1.9841806102238466
Q9HBH9,MKNK2,AZD6738,NTERA2,0.8082949854005922
Q9HBH9,MKNK2,Bosutinib,NTERA2,-0.21185555794246635
Q9HBH9,MKNK2,Dabrafenib,NTERA2,1.0648545011933295
Q9HBH9,MKNK2,Dasatinib,NTERA2,0.6547795347837058
Q9HBH9,MKNK2,DNAPK,NTERA2,0.9199418401428866
Q9HBH9,MKNK2,H89,NTERA2,-0.5513304170833289
Q9HBH9,MKNK2,KD025,NTERA2,2.2568474358311366
Q9HBH9,MKNK2,NU7441,NTERA2,1.431009109513532
Q9HBH9,MKNK2,Ripasudil,NTERA2,2.091131617405587
Q9HBH9,MKNK2,Vemurafenib,NTERA2,-0.9490965963095526
P25098,GRK2,AZD6482,NTERA2,1.541581154336532
P25098,GRK2,CAL101,NTERA2,1.0675970288004197
P25098,GRK2,GDC0941,NTERA2,0.9525947445388783
P25098,GRK2,HS173,NTERA2,1.394103382519548
P25098,GRK2,PIK294,NTERA2,0.7125899757077295
P25098,GRK2,TGX221,NTERA2,-0.15405730354253377
P25098,GRK2,CX4945,NTERA2,1.4216036671047423
P25098,GRK2,GO6983,NTERA2,0.32685159096928784
P25098,GRK2,KN93,NTERA2,1.2747107269416167
P25098,GRK2,MK2206,NTERA2,2.299026954346667
P25098,GRK2,AZD5438,NTERA2,-1.0998899624370182
P25098,GRK2,FRAX486,NTERA2,-0.7911045043139451
P25098,GRK2,Ku0063794,NTERA2,-1.2274132892328151
P25098,GRK2,PD153035,NTERA2,-2.3611917051577826
P25098,GRK2,PF3758309,NTERA2,0.8574930704474811
P25098,GRK2,Torin,NTERA2,-1.0187327243751454
P25098,GRK2,Trametinib,NTERA2,0.521395672306578
P25098,GRK2,AZD1480,NTERA2,1.8066913212230626
P25098,GRK2,AZD5363,NTERA2,0.28394810421187994
P25098,GRK2,BX912,NTERA2,2.800202582189758
P25098,GRK2,CHIR99021,NTERA2,1.8232498169376734
P25098,GRK2,GSK2334470,NTERA2,0.2859871562288711
P25098,GRK2,Ipatasertib,NTERA2,2.7028879224329705
P25098,GRK2,LY2090314,NTERA2,1.6214282003194207
P25098,GRK2,Tofacitinib,NTERA2,2.5946811075549876
P25098,GRK2,AZD8055,NTERA2,0.2884850492018327
P25098,GRK2,GDC0994,NTERA2,1.1832663699463164
P25098,GRK2,JNK,NTERA2,-0.16913842854238526
P25098,GRK2,LY2584702,NTERA2,0.21742516592948627
P25098,GRK2,PH797804,NTERA2,0.1012007877384948
P25098,GRK2,Selumetinib,NTERA2,0.352532830823406
P25098,GRK2,U73122,NTERA2,-0.015339351058998328
P25098,GRK2,Ulixertinib,NTERA2,1.1197381875255643
P25098,GRK2,Amuvatinib,NTERA2,-3.525036655329119
P25098,GRK2,AZD3759,NTERA2,-2.6376754157181206
P25098,GRK2,GSK690693,NTERA2,-0.83317517742357
P25098,GRK2,JNJ,NTERA2,-1.3386072458934832
P25098,GRK2,KN62,NTERA2,-1.8634521577346717
P25098,GRK2,Linsitinib,NTERA2,-1.8632767086217892
P25098,GRK2,LY2835219,NTERA2,-1.2635292545724948
P25098,GRK2,Ribociclib,NTERA2,-0.2862736810099577
P25098,GRK2,AC220,NTERA2,-1.5662169892234037
P25098,GRK2,Edelfosine,NTERA2,0.48916547167277813
P25098,GRK2,GF109203X,NTERA2,-1.2501700555610893
P25098,GRK2,Go6976,NTERA2,0.5099652822837152
P25098,GRK2,PF4708671,NTERA2,-1.7180458951700275
P25098,GRK2,SP600125,NTERA2,0.7377948222446868
P25098,GRK2,TAK715,NTERA2,-1.3454574578006098
P25098,GRK2,TBCA,NTERA2,0.20434442292394386
P25098,GRK2,AT13148,NTERA2,0.2814967325080078
P25098,GRK2,AZ20,NTERA2,0.9473281983145073
P25098,GRK2,AZD6738,NTERA2,0.8632308486753039
P25098,GRK2,Bosutinib,NTERA2,-0.03170785185291877
P25098,GRK2,Dabrafenib,NTERA2,0.5434778278295592
P25098,GRK2,Dasatinib,NTERA2,-1.0297309187999473
P25098,GRK2,DNAPK,NTERA2,1.4605022532580583
P25098,GRK2,H89,NTERA2,0.895248018890231
P25098,GRK2,KD025,NTERA2,0.3309657484131469
P25098,GRK2,NU7441,NTERA2,0.0701627998604586
P25098,GRK2,Ripasudil,NTERA2,0.2859866223237982
P25098,GRK2,Vemurafenib,NTERA2,0.2808840884382155
P08581,MET,AZD6482,NTERA2,-0.04897695965843441
P08581,MET,CAL101,NTERA2,-0.27457914885483653
P08581,MET,GDC0941,NTERA2,-0.19057209799437577
P08581,MET,HS173,NTERA2,-0.12249088327820148
P08581,MET,PIK294,NTERA2,-0.07742540472808031
P08581,MET,TGX221,NTERA2,0.08052280722985475
P08581,MET,CX4945,NTERA2,-0.12981759694589173
P08581,MET,GO6983,NTERA2,0.13910895865165251
P08581,MET,KN93,NTERA2,0.12981715970376373
P08581,MET,MK2206,NTERA2,0.1474570114076521
P08581,MET,AZD5438,NTERA2,0.35181414867763855
P08581,MET,FRAX486,NTERA2,-0.4578197278096208
P08581,MET,Ku0063794,NTERA2,0.2901154134963414
P08581,MET,PD153035,NTERA2,0.28189922528033184
P08581,MET,PF3758309,NTERA2,0.2785886169503926
P08581,MET,Torin,NTERA2,-0.29677779241522234
P08581,MET,Trametinib,NTERA2,0.30602807974810525
P08581,MET,AZD1480,NTERA2,-0.277814847958297
P08581,MET,AZD5363,NTERA2,0.2399909398680274
P08581,MET,BX912,NTERA2,-0.06491954658721695
P08581,MET,CHIR99021,NTERA2,-0.5868695875979287
P08581,MET,GSK2334470,NTERA2,0.13460300613463383
P08581,MET,Ipatasertib,NTERA2,-0.9613325696930884
P08581,MET,LY2090314,NTERA2,0.18624554459122925
P08581,MET,Tofacitinib,NTERA2,0.3236487496077799
P08581,MET,AZD8055,NTERA2,-0.1301074659130709
P08581,MET,GDC0994,NTERA2,-0.01695336077414123
P08581,MET,JNK,NTERA2,0.004328795746597585
P08581,MET,LY2584702,NTERA2,-0.07356150349093689
P08581,MET,PH797804,NTERA2,-0.08334199639559346
P08581,MET,Selumetinib,NTERA2,-0.1890892053263798
P08581,MET,U73122,NTERA2,0.04553845555437282
P08581,MET,Ulixertinib,NTERA2,0.06461870696663366
P08581,MET,Amuvatinib,NTERA2,0.4011753683260733
P08581,MET,AZD3759,NTERA2,0.05483982100919833
P08581,MET,GSK690693,NTERA2,0.31924488635693793
P08581,MET,JNJ,NTERA2,0.10636062059921668
P08581,MET,KN62,NTERA2,0.32017958554608866
P08581,MET,Linsitinib,NTERA2,0.3941716803961867
P08581,MET,LY2835219,NTERA2,0.27557194555450787
P08581,MET,Ribociclib,NTERA2,0.42923830167093063
P08581,MET,AC220,NTERA2,0.233575080290619
P08581,MET,Edelfosine,NTERA2,0.7258804991302764
P08581,MET,GF109203X,NTERA2,0.06095652405778415
P08581,MET,Go6976,NTERA2,0.028721132033892465
P08581,MET,PF4708671,NTERA2,0.1704781562141504
P08581,MET,SP600125,NTERA2,0.07180760326466938
P08581,MET,TAK715,NTERA2,0.06800045353247798
P08581,MET,TBCA,NTERA2,-0.14777729728730987
P08581,MET,AT13148,NTERA2,0.42140881600242097
P08581,MET,AZ20,NTERA2,0.09303103752004258
P08581,MET,AZD6738,NTERA2,0.15278608165535154
P08581,MET,Bosutinib,NTERA2,0.04967577700453014
P08581,MET,Dabrafenib,NTERA2,0.3959487222794457
P08581,MET,Dasatinib,NTERA2,-0.015992680559385918
P08581,MET,DNAPK,NTERA2,0.014514163177021526
P08581,MET,H89,NTERA2,0.0932476471795094
P08581,MET,KD025,NTERA2,0.09248372773838143
P08581,MET,NU7441,NTERA2,0.08629486624838327
P08581,MET,Ripasudil,NTERA2,0.3743476634729449
P08581,MET,Vemurafenib,NTERA2,0.2694006864668029
P08631,HCK,AZD6482,NTERA2,-0.5236032656863914
P08631,HCK,CAL101,NTERA2,-0.5614797553636165
P08631,HCK,GDC0941,NTERA2,0.11036545648774033
P08631,HCK,HS173,NTERA2,-0.22142898323514473
P08631,HCK,PIK294,NTERA2,0.2391493914273501
P08631,HCK,TGX221,NTERA2,0.015659469595832528
P08631,HCK,CX4945,NTERA2,0.07281478561670096
P08631,HCK,GO6983,NTERA2,-0.4280690247237929
P08631,HCK,KN93,NTERA2,-0.1840189586613215
P08631,HCK,MK2206,NTERA2,-0.22594924763545038
P08631,HCK,AZD5438,NTERA2,0.03378915355168552
P08631,HCK,FRAX486,NTERA2,-0.18533465042837824
P08631,HCK,Ku0063794,NTERA2,0.16243698444058832
P08631,HCK,PD153035,NTERA2,0.11726352987704504
P08631,HCK,PF3758309,NTERA2,0.15362467694029036
P08631,HCK,Torin,NTERA2,0.08752604199799695
P08631,HCK,Trametinib,NTERA2,0.2588439799146759
P08631,HCK,AZD1480,NTERA2,-0.02599455105843767
P08631,HCK,AZD5363,NTERA2,-0.522724625541626
P08631,HCK,BX912,NTERA2,-0.5024000096420168
P08631,HCK,CHIR99021,NTERA2,-0.003647032494946662
P08631,HCK,GSK2334470,NTERA2,-0.34957174133004615
P08631,HCK,Ipatasertib,NTERA2,-0.3225718398387628
P08631,HCK,LY2090314,NTERA2,-0.04751120397823667
P08631,HCK,Tofacitinib,NTERA2,0.06769525507139433
P08631,HCK,AZD8055,NTERA2,0.10884500522156226
P08631,HCK,GDC0994,NTERA2,-0.2618405384979033
P08631,HCK,JNK,NTERA2,0.048693127450858166
P08631,HCK,LY2584702,NTERA2,-0.16380603828419965
P08631,HCK,PH797804,NTERA2,-0.5606970300126989
P08631,HCK,Selumetinib,NTERA2,-0.1497830420466138
P08631,HCK,U73122,NTERA2,-0.35118859901582367
P08631,HCK,Ulixertinib,NTERA2,0.18048262579071628
P08631,HCK,Amuvatinib,NTERA2,-0.37559233005254794
P08631,HCK,AZD3759,NTERA2,-0.46710363628363316
P08631,HCK,GSK690693,NTERA2,-0.5149624394291802
P08631,HCK,JNJ,NTERA2,0.05225350474818344
P08631,HCK,KN62,NTERA2,-0.6944242141200682
P08631,HCK,Linsitinib,NTERA2,-0.3809861204279104
P08631,HCK,LY2835219,NTERA2,-0.39718932423053893
P08631,HCK,Ribociclib,NTERA2,0.21186776799255824
P08631,HCK,AC220,NTERA2,-0.02089190549446566
P08631,HCK,Edelfosine,NTERA2,0.021598662613491883
P08631,HCK,GF109203X,NTERA2,-0.3377208347719499
P08631,HCK,Go6976,NTERA2,0.0774932194438376
P08631,HCK,PF4708671,NTERA2,-0.1674115260271991
P08631,HCK,SP600125,NTERA2,-0.0013412945852710931
P08631,HCK,TAK715,NTERA2,-0.31479842882524345
P08631,HCK,TBCA,NTERA2,0.10418476213534712
P08631,HCK,AT13148,NTERA2,-0.2659166124727344
P08631,HCK,AZ20,NTERA2,-0.15229575312271224
P08631,HCK,AZD6738,NTERA2,0.09912094632554809
P08631,HCK,Bosutinib,NTERA2,0.0170696965387514
P08631,HCK,Dabrafenib,NTERA2,-0.3947532279650581
P08631,HCK,Dasatinib,NTERA2,-0.2735453647195653
P08631,HCK,DNAPK,NTERA2,0.003578685251632299
P08631,HCK,H89,NTERA2,0.4974778328522381
P08631,HCK,KD025,NTERA2,-0.2296554209762709
P08631,HCK,NU7441,NTERA2,-0.09484749253797119
P08631,HCK,Ripasudil,NTERA2,-0.14055582190885915
P08631,HCK,Vemurafenib,NTERA2,0.09403366070132634
Q13464,ROCK1,AZD6482,NTERA2,0.4842482412492172
Q13464,ROCK1,CAL101,NTERA2,0.2424358550479197
Q13464,ROCK1,GDC0941,NTERA2,0.6080098266259447
Q13464,ROCK1,HS173,NTERA2,1.395429823553591
Q13464,ROCK1,PIK294,NTERA2,-0.20730752219803517
Q13464,ROCK1,TGX221,NTERA2,-0.17547921591902288
Q13464,ROCK1,CX4945,NTERA2,1.2781272702386584
Q13464,ROCK1,GO6983,NTERA2,0.4997111433467696
Q13464,ROCK1,KN93,NTERA2,1.522452643437879
Q13464,ROCK1,MK2206,NTERA2,2.444812969006315
Q13464,ROCK1,AZD5438,NTERA2,-1.4430594297396382
Q13464,ROCK1,FRAX486,NTERA2,-1.0829716012943462
Q13464,ROCK1,Ku0063794,NTERA2,-1.2551068510143797
Q13464,ROCK1,PD153035,NTERA2,-2.402888964784169
Q13464,ROCK1,PF3758309,NTERA2,0.5862533361407796
Q13464,ROCK1,Torin,NTERA2,-0.8788808656423992
Q13464,ROCK1,Trametinib,NTERA2,-1.42722545638475
Q13464,ROCK1,AZD1480,NTERA2,-1.1339820365074131
Q13464,ROCK1,AZD5363,NTERA2,-4.238344506156438
Q13464,ROCK1,BX912,NTERA2,-0.9124755089722436
Q13464,ROCK1,CHIR99021,NTERA2,-0.134009631672799
Q13464,ROCK1,GSK2334470,NTERA2,-2.795892021735694
Q13464,ROCK1,Ipatasertib,NTERA2,-0.3630337787596985
Q13464,ROCK1,LY2090314,NTERA2,-0.0040600866568654016
Q13464,ROCK1,Tofacitinib,NTERA2,-1.1899522103403004
Q13464,ROCK1,AZD8055,NTERA2,1.5784476547504622
Q13464,ROCK1,GDC0994,NTERA2,1.5272446268374964
Q13464,ROCK1,JNK,NTERA2,1.825872480622783
Q13464,ROCK1,LY2584702,NTERA2,1.068354045335653
Q13464,ROCK1,PH797804,NTERA2,1.3877140478023176
Q13464,ROCK1,Selumetinib,NTERA2,1.8339174409975163
Q13464,ROCK1,U73122,NTERA2,1.6961149239699713
Q13464,ROCK1,Ulixertinib,NTERA2,1.2230444717683064
Q13464,ROCK1,Amuvatinib,NTERA2,-1.0425895022048228
Q13464,ROCK1,AZD3759,NTERA2,0.2767196937104151
Q13464,ROCK1,GSK690693,NTERA2,0.011020764610484728
Q13464,ROCK1,JNJ,NTERA2,-0.3398722071018841
Q13464,ROCK1,KN62,NTERA2,-0.6303228010988214
Q13464,ROCK1,Linsitinib,NTERA2,0.5916120627575754
Q13464,ROCK1,LY2835219,NTERA2,0.9386274744955796
Q13464,ROCK1,Ribociclib,NTERA2,-0.2311673202802718
Q13464,ROCK1,AC220,NTERA2,1.0451068861334494
Q13464,ROCK1,Edelfosine,NTERA2,2.409835689505115
Q13464,ROCK1,GF109203X,NTERA2,1.414033322092094
Q13464,ROCK1,Go6976,NTERA2,1.5505470654650095
Q13464,ROCK1,PF4708671,NTERA2,-0.08500507423421165
Q13464,ROCK1,SP600125,NTERA2,1.1338809906087914
Q13464,ROCK1,TAK715,NTERA2,2.3278401263506976
Q13464,ROCK1,TBCA,NTERA2,-0.3251201212024322
Q13464,ROCK1,AT13148,NTERA2,-2.2555007576848456
Q13464,ROCK1,AZ20,NTERA2,0.6352281545151336
Q13464,ROCK1,AZD6738,NTERA2,0.39814105808824896
Q13464,ROCK1,Bosutinib,NTERA2,-0.033971048551772395
Q13464,ROCK1,Dabrafenib,NTERA2,0.6883464575547713
Q13464,ROCK1,Dasatinib,NTERA2,-0.8259423926050469
Q13464,ROCK1,DNAPK,NTERA2,0.9755329625624236
Q13464,ROCK1,H89,NTERA2,0.45174001428609617
Q13464,ROCK1,KD025,NTERA2,1.9276982312154465
Q13464,ROCK1,NU7441,NTERA2,0.5233525378689717
Q13464,ROCK1,Ripasudil,NTERA2,-0.46803257930129966
Q13464,ROCK1,Vemurafenib,NTERA2,-0.36193896162692796
P23443,RPS6KB1,AZD6482,NTERA2,1.062744704846054
P23443,RPS6KB1,CAL101,NTERA2,-0.1902749199875175
P23443,RPS6KB1,GDC0941,NTERA2,-1.0025897034773203
P23443,RPS6KB1,HS173,NTERA2,0.7066173101888776
P23443,RPS6KB1,PIK294,NTERA2,0.6809772036513368
P23443,RPS6KB1,TGX221,NTERA2,-0.5683073383567492
P23443,RPS6KB1,CX4945,NTERA2,-1.0875330184895458
P23443,RPS6KB1,GO6983,NTERA2,-1.0874348133532157
P23443,RPS6KB1,KN93,NTERA2,-2.3256336131070814
P23443,RPS6KB1,MK2206,NTERA2,-0.9724366173393431
P23443,RPS6KB1,AZD5438,NTERA2,-0.333875157857582
P23443,RPS6KB1,FRAX486,NTERA2,-0.8420613833119975
P23443,RPS6KB1,Ku0063794,NTERA2,-2.98610176405592
P23443,RPS6KB1,PD153035,NTERA2,-0.40503212859357957
P23443,RPS6KB1,PF3758309,NTERA2,-1.1224044805344122
P23443,RPS6KB1,Torin,NTERA2,-3.362868220905026
P23443,RPS6KB1,Trametinib,NTERA2,-0.8239634548934759
P23443,RPS6KB1,AZD1480,NTERA2,-1.4184262690755722
P23443,RPS6KB1,AZD5363,NTERA2,-1.8183519264554238
P23443,RPS6KB1,BX912,NTERA2,0.7264607559910531
P23443,RPS6KB1,CHIR99021,NTERA2,-0.11739618175953438
P23443,RPS6KB1,GSK2334470,NTERA2,-2.7711863987469116
P23443,RPS6KB1,Ipatasertib,NTERA2,-1.663628571684355
P23443,RPS6KB1,LY2090314,NTERA2,0.22768291247813216
P23443,RPS6KB1,Tofacitinib,NTERA2,-0.7364125040517924
P23443,RPS6KB1,AZD8055,NTERA2,-0.7723152175393848
P23443,RPS6KB1,GDC0994,NTERA2,0.8848600772085577
P23443,RPS6KB1,JNK,NTERA2,1.1880611851607747
P23443,RPS6KB1,LY2584702,NTERA2,-1.1494190244789873
P23443,RPS6KB1,PH797804,NTERA2,2.0093688699469423
P23443,RPS6KB1,Selumetinib,NTERA2,0.9427167421892001
P23443,RPS6KB1,U73122,NTERA2,1.8946341316247501
P23443,RPS6KB1,Ulixertinib,NTERA2,0.7549823396660144
P23443,RPS6KB1,Amuvatinib,NTERA2,-0.21867891840297118
P23443,RPS6KB1,AZD3759,NTERA2,3.0492532892613107
P23443,RPS6KB1,GSK690693,NTERA2,-0.2564593442683818
P23443,RPS6KB1,JNJ,NTERA2,0.21962276709164114
P23443,RPS6KB1,KN62,NTERA2,2.623528576582138
P23443,RPS6KB1,Linsitinib,NTERA2,-1.147123596815435
P23443,RPS6KB1,LY2835219,NTERA2,0.9275872955784297
P23443,RPS6KB1,Ribociclib,NTERA2,1.3181426057325707
P23443,RPS6KB1,AC220,NTERA2,-0.48963412183557925
P23443,RPS6KB1,Edelfosine,NTERA2,1.7557417521848664
P23443,RPS6KB1,GF109203X,NTERA2,-1.8551274984714294
P23443,RPS6KB1,Go6976,NTERA2,-0.6216034931344848
P23443,RPS6KB1,PF4708671,NTERA2,-1.1303153268628772
P23443,RPS6KB1,SP600125,NTERA2,-0.9299785903234752
P23443,RPS6KB1,TAK715,NTERA2,-0.9292282789459696
P23443,RPS6KB1,TBCA,NTERA2,1.535645124262427
P23443,RPS6KB1,AT13148,NTERA2,-1.4409887204382656
P23443,RPS6KB1,AZ20,NTERA2,-2.495194334287733
P23443,RPS6KB1,AZD6738,NTERA2,-1.6581988657885351
P23443,RPS6KB1,Bosutinib,NTERA2,-0.26660928924401145
P23443,RPS6KB1,Dabrafenib,NTERA2,-0.31885723558457074
P23443,RPS6KB1,Dasatinib,NTERA2,-1.2979638589968492
P23443,RPS6KB1,DNAPK,NTERA2,-1.333366960715122
P23443,RPS6KB1,H89,NTERA2,-0.6173008399374132
P23443,RPS6KB1,KD025,NTERA2,-1.248317672103362
P23443,RPS6KB1,NU7441,NTERA2,-0.3467688523127797
P23443,RPS6KB1,Ripasudil,NTERA2,-0.37529817814987215
P23443,RPS6KB1,Vemurafenib,NTERA2,-0.3726814346118935
P11362,FGFR1,AZD6482,NTERA2,
P11362,FGFR1,CAL101,NTERA2,
P11362,FGFR1,GDC0941,NTERA2,
P11362,FGFR1,HS173,NTERA2,
P11362,FGFR1,PIK294,NTERA2,
P11362,FGFR1,TGX221,NTERA2,
P11362,FGFR1,CX4945,NTERA2,
P11362,FGFR1,GO6983,NTERA2,
P11362,FGFR1,KN93,NTERA2,
P11362,FGFR1,MK2206,NTERA2,
P11362,FGFR1,AZD5438,NTERA2,
P11362,FGFR1,FRAX486,NTERA2,
P11362,FGFR1,Ku0063794,NTERA2,
P11362,FGFR1,PD153035,NTERA2,
P11362,FGFR1,PF3758309,NTERA2,
P11362,FGFR1,Torin,NTERA2,
P11362,FGFR1,Trametinib,NTERA2,
P11362,FGFR1,AZD1480,NTERA2,
P11362,FGFR1,AZD5363,NTERA2,
P11362,FGFR1,BX912,NTERA2,
P11362,FGFR1,CHIR99021,NTERA2,
P11362,FGFR1,GSK2334470,NTERA2,
P11362,FGFR1,Ipatasertib,NTERA2,
P11362,FGFR1,LY2090314,NTERA2,
P11362,FGFR1,Tofacitinib,NTERA2,
P11362,FGFR1,AZD8055,NTERA2,
P11362,FGFR1,GDC0994,NTERA2,
P11362,FGFR1,JNK,NTERA2,
P11362,FGFR1,LY2584702,NTERA2,
P11362,FGFR1,PH797804,NTERA2,
P11362,FGFR1,Selumetinib,NTERA2,
P11362,FGFR1,U73122,NTERA2,
P11362,FGFR1,Ulixertinib,NTERA2,
P11362,FGFR1,Amuvatinib,NTERA2,
P11362,FGFR1,AZD3759,NTERA2,
P11362,FGFR1,GSK690693,NTERA2,
P11362,FGFR1,JNJ,NTERA2,
P11362,FGFR1,KN62,NTERA2,
P11362,FGFR1,Linsitinib,NTERA2,
P11362,FGFR1,LY2835219,NTERA2,
P11362,FGFR1,Ribociclib,NTERA2,
P11362,FGFR1,AC220,NTERA2,
P11362,FGFR1,Edelfosine,NTERA2,
P11362,FGFR1,GF109203X,NTERA2,
P11362,FGFR1,Go6976,NTERA2,
P11362,FGFR1,PF4708671,NTERA2,
P11362,FGFR1,SP600125,NTERA2,
P11362,FGFR1,TAK715,NTERA2,
P11362,FGFR1,TBCA,NTERA2,
P11362,FGFR1,AT13148,NTERA2,
P11362,FGFR1,AZ20,NTERA2,
P11362,FGFR1,AZD6738,NTERA2,
P11362,FGFR1,Bosutinib,NTERA2,
P11362,FGFR1,Dabrafenib,NTERA2,
P11362,FGFR1,Dasatinib,NTERA2,
P11362,FGFR1,DNAPK,NTERA2,
P11362,FGFR1,H89,NTERA2,
P11362,FGFR1,KD025,NTERA2,
P11362,FGFR1,NU7441,NTERA2,
P11362,FGFR1,Ripasudil,NTERA2,
P11362,FGFR1,Vemurafenib,NTERA2,
Q05397,PTK2,AZD6482,NTERA2,4.288246362837296
Q05397,PTK2,CAL101,NTERA2,2.762964096577995
Q05397,PTK2,GDC0941,NTERA2,3.2105855183812038
Q05397,PTK2,HS173,NTERA2,3.488346515017067
Q05397,PTK2,PIK294,NTERA2,0.12410199554142025
Q05397,PTK2,TGX221,NTERA2,3.823831823817467
Q05397,PTK2,CX4945,NTERA2,-1.419462235283393
Q05397,PTK2,GO6983,NTERA2,-0.7348406894182019
Q05397,PTK2,KN93,NTERA2,-0.1024404939463767
Q05397,PTK2,MK2206,NTERA2,-0.5462897651897577
Q05397,PTK2,AZD5438,NTERA2,-0.33111146403109676
Q05397,PTK2,FRAX486,NTERA2,-0.3860848677286653
Q05397,PTK2,Ku0063794,NTERA2,1.4036072806450333
Q05397,PTK2,PD153035,NTERA2,0.898222822087857
Q05397,PTK2,PF3758309,NTERA2,0.345644481790778
Q05397,PTK2,Torin,NTERA2,1.0984258548807195
Q05397,PTK2,Trametinib,NTERA2,-0.04294617565121662
Q05397,PTK2,AZD1480,NTERA2,0.08935979375452137
Q05397,PTK2,AZD5363,NTERA2,-0.29545321670928054
Q05397,PTK2,BX912,NTERA2,-0.5528659496078135
Q05397,PTK2,CHIR99021,NTERA2,-1.9889539872182482
Q05397,PTK2,GSK2334470,NTERA2,-0.008688018180612211
Q05397,PTK2,Ipatasertib,NTERA2,0.21843615023924573
Q05397,PTK2,LY2090314,NTERA2,-2.0353136295994823
Q05397,PTK2,Tofacitinib,NTERA2,-0.01678223682137761
Q05397,PTK2,AZD8055,NTERA2,1.6981962394751104
Q05397,PTK2,GDC0994,NTERA2,0.08188005071406407
Q05397,PTK2,JNK,NTERA2,0.6617060695306406
Q05397,PTK2,LY2584702,NTERA2,0.8938179503365232
Q05397,PTK2,PH797804,NTERA2,0.2625755686537058
Q05397,PTK2,Selumetinib,NTERA2,0.33335145313689335
Q05397,PTK2,U73122,NTERA2,0.4986474136912448
Q05397,PTK2,Ulixertinib,NTERA2,0.6985445796202245
Q05397,PTK2,Amuvatinib,NTERA2,-0.16418582172816515
Q05397,PTK2,AZD3759,NTERA2,-0.2591394443802245
Q05397,PTK2,GSK690693,NTERA2,0.03456370519551421
Q05397,PTK2,JNJ,NTERA2,0.30644067430792266
Q05397,PTK2,KN62,NTERA2,0.240828408101922
Q05397,PTK2,Linsitinib,NTERA2,0.6973068460379901
Q05397,PTK2,LY2835219,NTERA2,-1.5458187409910848
Q05397,PTK2,Ribociclib,NTERA2,0.5226328513104094
Q05397,PTK2,AC220,NTERA2,0.933849912133205
Q05397,PTK2,Edelfosine,NTERA2,1.258813608423066
Q05397,PTK2,GF109203X,NTERA2,-0.20972578303107653
Q05397,PTK2,Go6976,NTERA2,1.272503171858184
Q05397,PTK2,PF4708671,NTERA2,0.9912914738030237
Q05397,PTK2,SP600125,NTERA2,0.014498815163515283
Q05397,PTK2,TAK715,NTERA2,0.5406160371913327
Q05397,PTK2,TBCA,NTERA2,0.3140794148656078
Q05397,PTK2,AT13148,NTERA2,-1.540025864688692
Q05397,PTK2,AZ20,NTERA2,0.8325532353522748
Q05397,PTK2,AZD6738,NTERA2,1.2707127667343618
Q05397,PTK2,Bosutinib,NTERA2,-1.2386792328246674
Q05397,PTK2,Dabrafenib,NTERA2,-0.04780295346506234
Q05397,PTK2,Dasatinib,NTERA2,0.3434446003445172
Q05397,PTK2,DNAPK,NTERA2,0.6892804050953568
Q05397,PTK2,H89,NTERA2,0.23468359171310674
Q05397,PTK2,KD025,NTERA2,0.18001848783223662
Q05397,PTK2,NU7441,NTERA2,0.5619863259258362
Q05397,PTK2,Ripasudil,NTERA2,0.7849724973269976
Q05397,PTK2,Vemurafenib,NTERA2,0.2781924721166545
P48730,CSNK1D,AZD6482,NTERA2,-1.0906025387303757
P48730,CSNK1D,CAL101,NTERA2,-1.0240098496343815
P48730,CSNK1D,GDC0941,NTERA2,-1.4836014334095193
P48730,CSNK1D,HS173,NTERA2,-2.1887671022111186
P48730,CSNK1D,PIK294,NTERA2,-2.2827482461506152
P48730,CSNK1D,TGX221,NTERA2,-1.7785166894662898
P48730,CSNK1D,CX4945,NTERA2,-0.05263053196226751
P48730,CSNK1D,GO6983,NTERA2,-0.43075236576561704
P48730,CSNK1D,KN93,NTERA2,-0.4037054961505365
P48730,CSNK1D,MK2206,NTERA2,0.39685937893742945
P48730,CSNK1D,AZD5438,NTERA2,1.036948031131177
P48730,CSNK1D,FRAX486,NTERA2,0.8270892103487943
P48730,CSNK1D,Ku0063794,NTERA2,-2.4960370145162525
P48730,CSNK1D,PD153035,NTERA2,0.05171079478347474
P48730,CSNK1D,PF3758309,NTERA2,1.099041895551401
P48730,CSNK1D,Torin,NTERA2,-2.1376618814803963
P48730,CSNK1D,Trametinib,NTERA2,-1.0999407694840788
P48730,CSNK1D,AZD1480,NTERA2,-0.04382679358780056
P48730,CSNK1D,AZD5363,NTERA2,-0.06672979457833872
P48730,CSNK1D,BX912,NTERA2,1.0621364447824375
P48730,CSNK1D,CHIR99021,NTERA2,-1.3184127473782097
P48730,CSNK1D,GSK2334470,NTERA2,-0.8639636067912134
P48730,CSNK1D,Ipatasertib,NTERA2,1.0313389339656773
P48730,CSNK1D,LY2090314,NTERA2,0.013947035497235902
P48730,CSNK1D,Tofacitinib,NTERA2,-0.8019362374939607
P48730,CSNK1D,AZD8055,NTERA2,-1.2507964248171761
P48730,CSNK1D,GDC0994,NTERA2,0.04038284522928759
P48730,CSNK1D,JNK,NTERA2,-0.7859591123418646
P48730,CSNK1D,LY2584702,NTERA2,-1.5717234505083808
P48730,CSNK1D,PH797804,NTERA2,-1.5357869895972847
P48730,CSNK1D,Selumetinib,NTERA2,-2.3240667157695323
P48730,CSNK1D,U73122,NTERA2,-2.0048166795131306
P48730,CSNK1D,Ulixertinib,NTERA2,-1.6204190092598934
P48730,CSNK1D,Amuvatinib,NTERA2,-1.213498379255533
P48730,CSNK1D,AZD3759,NTERA2,-2.8728204004915012
P48730,CSNK1D,GSK690693,NTERA2,-2.5908280097214873
P48730,CSNK1D,JNJ,NTERA2,-2.8318927332771344
P48730,CSNK1D,KN62,NTERA2,0.4559607193944914
P48730,CSNK1D,Linsitinib,NTERA2,-1.3645531795899428
P48730,CSNK1D,LY2835219,NTERA2,-1.6220728832380409
P48730,CSNK1D,Ribociclib,NTERA2,-0.5634451242714774
P48730,CSNK1D,AC220,NTERA2,-1.7812930815604693
P48730,CSNK1D,Edelfosine,NTERA2,0.7915961905400744
P48730,CSNK1D,GF109203X,NTERA2,0.2041833562548727
P48730,CSNK1D,Go6976,NTERA2,-0.8124001492792622
P48730,CSNK1D,PF4708671,NTERA2,-2.2484907938036702
P48730,CSNK1D,SP600125,NTERA2,1.4408015544615933
P48730,CSNK1D,TAK715,NTERA2,-1.1118862045946851
P48730,CSNK1D,TBCA,NTERA2,1.1055797519573802
P48730,CSNK1D,AT13148,NTERA2,-0.4436214666896693
P48730,CSNK1D,AZ20,NTERA2,-0.4275669355093732
P48730,CSNK1D,AZD6738,NTERA2,0.0920062045861807
P48730,CSNK1D,Bosutinib,NTERA2,-0.3902511555462694
P48730,CSNK1D,Dabrafenib,NTERA2,-0.5109806931387781
P48730,CSNK1D,Dasatinib,NTERA2,0.8951667009628614
P48730,CSNK1D,DNAPK,NTERA2,0.08421719626942263
P48730,CSNK1D,H89,NTERA2,-0.4403493718509725
P48730,CSNK1D,KD025,NTERA2,1.099869918156499
P48730,CSNK1D,NU7441,NTERA2,1.279038128300745
P48730,CSNK1D,Ripasudil,NTERA2,-0.4893493296842138
P48730,CSNK1D,Vemurafenib,NTERA2,0.10910024018483981
Q00535,CDK5,AZD6482,NTERA2,-0.7975785430541661
Q00535,CDK5,CAL101,NTERA2,-0.3195311584215652
Q00535,CDK5,GDC0941,NTERA2,0.21441592095379747
Q00535,CDK5,HS173,NTERA2,1.7565801728559325
Q00535,CDK5,PIK294,NTERA2,-0.5100283598596642
Q00535,CDK5,TGX221,NTERA2,-0.3523634763137362
Q00535,CDK5,CX4945,NTERA2,0.22584643653636294
Q00535,CDK5,GO6983,NTERA2,1.4673651650929163
Q00535,CDK5,KN93,NTERA2,2.042212061310288
Q00535,CDK5,MK2206,NTERA2,0.8554489433500079
Q00535,CDK5,AZD5438,NTERA2,-2.0058661213739497
Q00535,CDK5,FRAX486,NTERA2,1.4495213460774607
Q00535,CDK5,Ku0063794,NTERA2,1.7010757959909337
Q00535,CDK5,PD153035,NTERA2,1.2034874863644753
Q00535,CDK5,PF3758309,NTERA2,2.6384019138021495
Q00535,CDK5,Torin,NTERA2,2.610088340967709
Q00535,CDK5,Trametinib,NTERA2,0.6212575467865282
Q00535,CDK5,AZD1480,NTERA2,1.3591869144391864
Q00535,CDK5,AZD5363,NTERA2,2.6212562475449848
Q00535,CDK5,BX912,NTERA2,-0.2869772998013887
Q00535,CDK5,CHIR99021,NTERA2,0.27449894511758577
Q00535,CDK5,GSK2334470,NTERA2,0.9369529387592254
Q00535,CDK5,Ipatasertib,NTERA2,2.499752654217037
Q00535,CDK5,LY2090314,NTERA2,1.546364199733809
Q00535,CDK5,Tofacitinib,NTERA2,1.2184590242389268
Q00535,CDK5,AZD8055,NTERA2,0.8778449990437044
Q00535,CDK5,GDC0994,NTERA2,0.09661226698589812
Q00535,CDK5,JNK,NTERA2,1.590032082701006
Q00535,CDK5,LY2584702,NTERA2,2.468131717083872
Q00535,CDK5,PH797804,NTERA2,0.9532138612879975
Q00535,CDK5,Selumetinib,NTERA2,0.5432766927955776
Q00535,CDK5,U73122,NTERA2,1.5444388851474946
Q00535,CDK5,Ulixertinib,NTERA2,1.1305686365455887
Q00535,CDK5,Amuvatinib,NTERA2,2.303940357860845
Q00535,CDK5,AZD3759,NTERA2,2.2550025151118525
Q00535,CDK5,GSK690693,NTERA2,3.0429064194064126
Q00535,CDK5,JNJ,NTERA2,1.98437466649207
Q00535,CDK5,KN62,NTERA2,2.932922359987011
Q00535,CDK5,Linsitinib,NTERA2,2.705065701163772
Q00535,CDK5,LY2835219,NTERA2,0.9529687779029988
Q00535,CDK5,Ribociclib,NTERA2,0.814280578380898
Q00535,CDK5,AC220,NTERA2,0.2684267016158536
Q00535,CDK5,Edelfosine,NTERA2,-1.1692401606631242
Q00535,CDK5,GF109203X,NTERA2,1.159293822469892
Q00535,CDK5,Go6976,NTERA2,3.1510187986253184
Q00535,CDK5,PF4708671,NTERA2,1.2462170527481917
Q00535,CDK5,SP600125,NTERA2,1.02700370917836
Q00535,CDK5,TAK715,NTERA2,2.7229616365203757
Q00535,CDK5,TBCA,NTERA2,1.0678001556619452
Q00535,CDK5,AT13148,NTERA2,-1.2070453082779555
Q00535,CDK5,AZ20,NTERA2,1.318617922366159
Q00535,CDK5,AZD6738,NTERA2,1.3075828313325195
Q00535,CDK5,Bosutinib,NTERA2,-1.5339305846629117
Q00535,CDK5,Dabrafenib,NTERA2,-1.263005313074481
Q00535,CDK5,Dasatinib,NTERA2,1.36029637361119
Q00535,CDK5,DNAPK,NTERA2,0.42670125530430436
Q00535,CDK5,H89,NTERA2,-1.0681661938599354
Q00535,CDK5,KD025,NTERA2,-0.4822172720403201
Q00535,CDK5,NU7441,NTERA2,-0.587423420284305
Q00535,CDK5,Ripasudil,NTERA2,-0.44981193604866127
Q00535,CDK5,Vemurafenib,NTERA2,-0.30998938350206356
O43293,DAPK3,AZD6482,NTERA2,0.4248296457917986
O43293,DAPK3,CAL101,NTERA2,0.693278162081098
O43293,DAPK3,GDC0941,NTERA2,0.3191453068138395
O43293,DAPK3,HS173,NTERA2,0.5742867662426114
O43293,DAPK3,PIK294,NTERA2,0.15613120961424518
O43293,DAPK3,TGX221,NTERA2,-0.24367235645604315
O43293,DAPK3,CX4945,NTERA2,0.42837391944485187
O43293,DAPK3,GO6983,NTERA2,-0.38179821829502164
O43293,DAPK3,KN93,NTERA2,-0.3464050711380513
O43293,DAPK3,MK2206,NTERA2,0.6816319265767166
O43293,DAPK3,AZD5438,NTERA2,0.1059786321208896
O43293,DAPK3,FRAX486,NTERA2,0.3682846251429641
O43293,DAPK3,Ku0063794,NTERA2,0.2770949952652791
O43293,DAPK3,PD153035,NTERA2,0.48631230358075533
O43293,DAPK3,PF3758309,NTERA2,0.7467677686357019
O43293,DAPK3,Torin,NTERA2,0.8515275374803568
O43293,DAPK3,Trametinib,NTERA2,0.027590500364437442
O43293,DAPK3,AZD1480,NTERA2,-0.39919333082672803
O43293,DAPK3,AZD5363,NTERA2,-4.829677574391715
O43293,DAPK3,BX912,NTERA2,-0.09932947188789822
O43293,DAPK3,CHIR99021,NTERA2,-0.5209761797556337
O43293,DAPK3,GSK2334470,NTERA2,-0.7872533557514505
O43293,DAPK3,Ipatasertib,NTERA2,0.07620963166215612
O43293,DAPK3,LY2090314,NTERA2,0.16592160466276115
O43293,DAPK3,Tofacitinib,NTERA2,-1.5046231755307395
O43293,DAPK3,AZD8055,NTERA2,0.8376085895094704
O43293,DAPK3,GDC0994,NTERA2,1.528400604884824
O43293,DAPK3,JNK,NTERA2,1.3860756596885866
O43293,DAPK3,LY2584702,NTERA2,1.6013540467524983
O43293,DAPK3,PH797804,NTERA2,0.7132558269999608
O43293,DAPK3,Selumetinib,NTERA2,1.1001501064533823
O43293,DAPK3,U73122,NTERA2,0.9202965130911871
O43293,DAPK3,Ulixertinib,NTERA2,1.4814387790450736
O43293,DAPK3,Amuvatinib,NTERA2,-1.023217329474107
O43293,DAPK3,AZD3759,NTERA2,-0.3197523579869929
O43293,DAPK3,GSK690693,NTERA2,0.35569329266341343
O43293,DAPK3,JNJ,NTERA2,-0.4725499004519876
O43293,DAPK3,KN62,NTERA2,-0.6958594672628386
O43293,DAPK3,Linsitinib,NTERA2,-0.5058505521547572
O43293,DAPK3,LY2835219,NTERA2,-1.260458063975978
O43293,DAPK3,Ribociclib,NTERA2,-1.1854555636983992
O43293,DAPK3,AC220,NTERA2,1.6092461834935141
O43293,DAPK3,Edelfosine,NTERA2,1.4625953642601612
O43293,DAPK3,GF109203X,NTERA2,0.8371130067795646
O43293,DAPK3,Go6976,NTERA2,1.1683612636915146
O43293,DAPK3,PF4708671,NTERA2,0.3937995249783489
O43293,DAPK3,SP600125,NTERA2,0.4948683565798226
O43293,DAPK3,TAK715,NTERA2,1.858263708274478
O43293,DAPK3,TBCA,NTERA2,-0.9319954999037329
O43293,DAPK3,AT13148,NTERA2,-3.668763785458249
O43293,DAPK3,AZ20,NTERA2,-0.4990001795767258
O43293,DAPK3,AZD6738,NTERA2,-1.7774377457847659
O43293,DAPK3,Bosutinib,NTERA2,-0.4879680017115488
O43293,DAPK3,Dabrafenib,NTERA2,-0.7974285220567919
O43293,DAPK3,Dasatinib,NTERA2,-1.0757631622057768
O43293,DAPK3,DNAPK,NTERA2,-1.35959561804059
O43293,DAPK3,H89,NTERA2,-0.029792436450421837
O43293,DAPK3,KD025,NTERA2,1.4863011693258272
O43293,DAPK3,NU7441,NTERA2,0.31545676076860496
O43293,DAPK3,Ripasudil,NTERA2,-0.25794105719416976
O43293,DAPK3,Vemurafenib,NTERA2,-1.3974701401690421
P51812,RPS6KA3,AZD6482,NTERA2,0.4395815378706948
P51812,RPS6KA3,CAL101,NTERA2,1.482298866404758
P51812,RPS6KA3,GDC0941,NTERA2,1.2314315533869555
P51812,RPS6KA3,HS173,NTERA2,0.2750739093086878
P51812,RPS6KA3,PIK294,NTERA2,1.5613280749766085
P51812,RPS6KA3,TGX221,NTERA2,-0.5449821583347909
P51812,RPS6KA3,CX4945,NTERA2,0.9493106450455098
P51812,RPS6KA3,GO6983,NTERA2,1.7901328619479762
P51812,RPS6KA3,KN93,NTERA2,1.0315365650783455
P51812,RPS6KA3,MK2206,NTERA2,-0.14023147520588258
P51812,RPS6KA3,AZD5438,NTERA2,-0.45479252458885466
P51812,RPS6KA3,FRAX486,NTERA2,-2.7161407096101744
P51812,RPS6KA3,Ku0063794,NTERA2,-2.0476834255641143
P51812,RPS6KA3,PD153035,NTERA2,-2.3855553711275457
P51812,RPS6KA3,PF3758309,NTERA2,-3.4231059287397456
P51812,RPS6KA3,Torin,NTERA2,-3.590446167915551
P51812,RPS6KA3,Trametinib,NTERA2,-2.246580372379884
P51812,RPS6KA3,AZD1480,NTERA2,-0.5106390029338047
P51812,RPS6KA3,AZD5363,NTERA2,-1.9779492577220552
P51812,RPS6KA3,BX912,NTERA2,-2.8679449258380587
P51812,RPS6KA3,CHIR99021,NTERA2,-1.171592784111399
P51812,RPS6KA3,GSK2334470,NTERA2,-1.5065255520672738
P51812,RPS6KA3,Ipatasertib,NTERA2,-3.190590178184975
P51812,RPS6KA3,LY2090314,NTERA2,-0.31467088694342027
P51812,RPS6KA3,Tofacitinib,NTERA2,0.36994532907839595
P51812,RPS6KA3,AZD8055,NTERA2,-3.5353521952467815
P51812,RPS6KA3,GDC0994,NTERA2,-0.4703193677586699
P51812,RPS6KA3,JNK,NTERA2,-0.4202148926473554
P51812,RPS6KA3,LY2584702,NTERA2,-0.6734677628627288
P51812,RPS6KA3,PH797804,NTERA2,-0.1426325946720603
P51812,RPS6KA3,Selumetinib,NTERA2,-0.49502385271181376
P51812,RPS6KA3,U73122,NTERA2,-0.3012178494574955
P51812,RPS6KA3,Ulixertinib,NTERA2,0.24345785429357744
P51812,RPS6KA3,Amuvatinib,NTERA2,-0.15359716572380872
P51812,RPS6KA3,AZD3759,NTERA2,0.003438131959575934
P51812,RPS6KA3,GSK690693,NTERA2,-0.12691667146458827
P51812,RPS6KA3,JNJ,NTERA2,-0.20386948485868653
P51812,RPS6KA3,KN62,NTERA2,-0.42543319633741045
P51812,RPS6KA3,Linsitinib,NTERA2,-2.147113188205918
P51812,RPS6KA3,LY2835219,NTERA2,-0.6086504290554529
P51812,RPS6KA3,Ribociclib,NTERA2,-1.0506589118848528
P51812,RPS6KA3,AC220,NTERA2,-2.5190601966688027
P51812,RPS6KA3,Edelfosine,NTERA2,1.390550487436468
P51812,RPS6KA3,GF109203X,NTERA2,-2.0210751682538866
P51812,RPS6KA3,Go6976,NTERA2,-1.3454724259618553
P51812,RPS6KA3,PF4708671,NTERA2,0.2966787586012617
P51812,RPS6KA3,SP600125,NTERA2,-1.73478806311681
P51812,RPS6KA3,TAK715,NTERA2,-2.0391819033014116
P51812,RPS6KA3,TBCA,NTERA2,-2.4000067735268966
P51812,RPS6KA3,AT13148,NTERA2,-0.9236758800013779
P51812,RPS6KA3,AZ20,NTERA2,-1.9493103983935114
P51812,RPS6KA3,AZD6738,NTERA2,-1.2556525748811986
P51812,RPS6KA3,Bosutinib,NTERA2,-0.5752007659364506
P51812,RPS6KA3,Dabrafenib,NTERA2,0.6933139369954388
P51812,RPS6KA3,Dasatinib,NTERA2,-0.7465508239884774
P51812,RPS6KA3,DNAPK,NTERA2,1.310978318630011
P51812,RPS6KA3,H89,NTERA2,0.701575639622566
P51812,RPS6KA3,KD025,NTERA2,0.27611839396240445
P51812,RPS6KA3,NU7441,NTERA2,0.3925755032334974
P51812,RPS6KA3,Ripasudil,NTERA2,-0.9883658479607076
P51812,RPS6KA3,Vemurafenib,NTERA2,0.47958195967236733
Q16566,CAMK4,AZD6482,NTERA2,-0.41996996168445955
Q16566,CAMK4,CAL101,NTERA2,-0.48525964542583033
Q16566,CAMK4,GDC0941,NTERA2,-0.47045284573720086
Q16566,CAMK4,HS173,NTERA2,-0.1074928577099304
Q16566,CAMK4,PIK294,NTERA2,-0.0029945100146395163
Q16566,CAMK4,TGX221,NTERA2,-0.3681717940971693
Q16566,CAMK4,CX4945,NTERA2,-0.7465405395920082
Q16566,CAMK4,GO6983,NTERA2,-0.2443109384088879
Q16566,CAMK4,KN93,NTERA2,-1.6876982762802808
Q16566,CAMK4,MK2206,NTERA2,0.6501727494135456
Q16566,CAMK4,AZD5438,NTERA2,-2.9004666128087306
Q16566,CAMK4,FRAX486,NTERA2,-0.608966641563263
Q16566,CAMK4,Ku0063794,NTERA2,-0.16965299828544217
Q16566,CAMK4,PD153035,NTERA2,-0.23328873827013852
Q16566,CAMK4,PF3758309,NTERA2,-0.1907409070245952
Q16566,CAMK4,Torin,NTERA2,-0.22471145744734444
Q16566,CAMK4,Trametinib,NTERA2,-1.1583125608041336
Q16566,CAMK4,AZD1480,NTERA2,-0.7438580207087016
Q16566,CAMK4,AZD5363,NTERA2,0.7982551847455127
Q16566,CAMK4,BX912,NTERA2,-0.9509401946561528
Q16566,CAMK4,CHIR99021,NTERA2,-2.4914107418270177
Q16566,CAMK4,GSK2334470,NTERA2,-1.5758875955193128
Q16566,CAMK4,Ipatasertib,NTERA2,0.9683272892111793
Q16566,CAMK4,LY2090314,NTERA2,-1.042990148575152
Q16566,CAMK4,Tofacitinib,NTERA2,-0.4692866619614448
Q16566,CAMK4,AZD8055,NTERA2,0.4483256959690967
Q16566,CAMK4,GDC0994,NTERA2,0.3434205101448778
Q16566,CAMK4,JNK,NTERA2,-0.8827827883921008
Q16566,CAMK4,LY2584702,NTERA2,-1.0240903747305519
Q16566,CAMK4,PH797804,NTERA2,0.3866027998803779
Q16566,CAMK4,Selumetinib,NTERA2,0.5262077753595208
Q16566,CAMK4,U73122,NTERA2,0.52686927364845
Q16566,CAMK4,Ulixertinib,NTERA2,-1.6275383286252774
Q16566,CAMK4,Amuvatinib,NTERA2,1.4531191598727813
Q16566,CAMK4,AZD3759,NTERA2,1.1449071903225299
Q16566,CAMK4,GSK690693,NTERA2,-0.8066130937611864
Q16566,CAMK4,JNJ,NTERA2,0.3967756211726439
Q16566,CAMK4,KN62,NTERA2,0.6117205650153332
Q16566,CAMK4,Linsitinib,NTERA2,0.7836878214478099
Q16566,CAMK4,LY2835219,NTERA2,0.4725977429956464
Q16566,CAMK4,Ribociclib,NTERA2,-0.9833582532047211
Q16566,CAMK4,AC220,NTERA2,2.1472315583211086
Q16566,CAMK4,Edelfosine,NTERA2,1.1324854908616868
Q16566,CAMK4,GF109203X,NTERA2,1.1158838733592802
Q16566,CAMK4,Go6976,NTERA2,3.1571097115172186
Q16566,CAMK4,PF4708671,NTERA2,-0.16144813028008684
Q16566,CAMK4,SP600125,NTERA2,2.1077890280508575
Q16566,CAMK4,TAK715,NTERA2,1.138820980657683
Q16566,CAMK4,TBCA,NTERA2,2.0699604313970505
Q16566,CAMK4,AT13148,NTERA2,-1.2460848353606113
Q16566,CAMK4,AZ20,NTERA2,0.3864048075532858
Q16566,CAMK4,AZD6738,NTERA2,-1.4174667347318546
Q16566,CAMK4,Bosutinib,NTERA2,-1.9022566505751672
Q16566,CAMK4,Dabrafenib,NTERA2,-1.0565910858919
Q16566,CAMK4,Dasatinib,NTERA2,-1.1054951905469916
Q16566,CAMK4,DNAPK,NTERA2,-2.5675318627531762
Q16566,CAMK4,H89,NTERA2,-2.409568708662458
Q16566,CAMK4,KD025,NTERA2,-2.0078054395481275
Q16566,CAMK4,NU7441,NTERA2,-0.5865422751028365
Q16566,CAMK4,Ripasudil,NTERA2,-0.43473932021280437
Q16566,CAMK4,Vemurafenib,NTERA2,-3.118409908645615
Q13535,ATR,AZD6482,NTERA2,0.07487980295608675
Q13535,ATR,CAL101,NTERA2,-0.2598522438866566
Q13535,ATR,GDC0941,NTERA2,0.34856247100710797
Q13535,ATR,HS173,NTERA2,0.7261356002659485
Q13535,ATR,PIK294,NTERA2,-0.12443920806879122
Q13535,ATR,TGX221,NTERA2,1.012176308296047
Q13535,ATR,CX4945,NTERA2,-0.6436645440747878
Q13535,ATR,GO6983,NTERA2,-1.989806633731808
Q13535,ATR,KN93,NTERA2,-1.0984517579595887
Q13535,ATR,MK2206,NTERA2,-1.8449849212315395
Q13535,ATR,AZD5438,NTERA2,-0.37268130934806604
Q13535,ATR,FRAX486,NTERA2,-0.4409418035140032
Q13535,ATR,Ku0063794,NTERA2,-1.1653478922021852
Q13535,ATR,PD153035,NTERA2,-0.538271398241261
Q13535,ATR,PF3758309,NTERA2,-1.403811273072174
Q13535,ATR,Torin,NTERA2,-1.4426400620390585
Q13535,ATR,Trametinib,NTERA2,-1.6907572583565587
Q13535,ATR,AZD1480,NTERA2,0.8774711335458264
Q13535,ATR,AZD5363,NTERA2,1.4175881057982935
Q13535,ATR,BX912,NTERA2,0.9432341254231694
Q13535,ATR,CHIR99021,NTERA2,-0.11396765799144785
Q13535,ATR,GSK2334470,NTERA2,-0.5094774967401435
Q13535,ATR,Ipatasertib,NTERA2,2.2567955290240036
Q13535,ATR,LY2090314,NTERA2,0.02122110329343735
Q13535,ATR,Tofacitinib,NTERA2,-0.45671088855320313
Q13535,ATR,AZD8055,NTERA2,1.224383001144232
Q13535,ATR,GDC0994,NTERA2,1.0157692599738464
Q13535,ATR,JNK,NTERA2,-0.38466583552274536
Q13535,ATR,LY2584702,NTERA2,0.7900707610452785
Q13535,ATR,PH797804,NTERA2,0.9500417194476842
Q13535,ATR,Selumetinib,NTERA2,0.46323612930391894
Q13535,ATR,U73122,NTERA2,0.6138706839970779
Q13535,ATR,Ulixertinib,NTERA2,1.2933555003624762
Q13535,ATR,Amuvatinib,NTERA2,0.019020238721879957
Q13535,ATR,AZD3759,NTERA2,0.3409115019910254
Q13535,ATR,GSK690693,NTERA2,1.2680687908072081
Q13535,ATR,JNJ,NTERA2,0.7651942914048574
Q13535,ATR,KN62,NTERA2,0.38612373754377677
Q13535,ATR,Linsitinib,NTERA2,-0.38422652913364475
Q13535,ATR,LY2835219,NTERA2,0.5781783852138364
Q13535,ATR,Ribociclib,NTERA2,1.0146167022781438
Q13535,ATR,AC220,NTERA2,-0.4665297058107702
Q13535,ATR,Edelfosine,NTERA2,0.214591713702071
Q13535,ATR,GF109203X,NTERA2,-0.7862106984192946
Q13535,ATR,Go6976,NTERA2,0.13903806068656047
Q13535,ATR,PF4708671,NTERA2,0.2133064826001919
Q13535,ATR,SP600125,NTERA2,-0.003572331672895298
Q13535,ATR,TAK715,NTERA2,-1.4661166283921436
Q13535,ATR,TBCA,NTERA2,-1.4684543422212453
Q13535,ATR,AT13148,NTERA2,-0.1369625265794013
Q13535,ATR,AZ20,NTERA2,-1.4253420952759581
Q13535,ATR,AZD6738,NTERA2,-0.17635657694194048
Q13535,ATR,Bosutinib,NTERA2,-0.4567031999624475
Q13535,ATR,Dabrafenib,NTERA2,1.2299898554610846
Q13535,ATR,Dasatinib,NTERA2,-0.03633631906713309
Q13535,ATR,DNAPK,NTERA2,-0.4935259764210099
Q13535,ATR,H89,NTERA2,-0.5236357758650094
Q13535,ATR,KD025,NTERA2,0.027180407192421957
Q13535,ATR,NU7441,NTERA2,-0.49169252283274667
Q13535,ATR,Ripasudil,NTERA2,0.9346503205207024
Q13535,ATR,Vemurafenib,NTERA2,0.39659439365497823
P29597,TYK2,AZD6482,NTERA2,1.0158625197182958
P29597,TYK2,CAL101,NTERA2,-1.3446555099581614
P29597,TYK2,GDC0941,NTERA2,0.5771320470576919
P29597,TYK2,HS173,NTERA2,0.18376363269202045
P29597,TYK2,PIK294,NTERA2,-1.3722168548609925
P29597,TYK2,TGX221,NTERA2,-0.6287284992434647
P29597,TYK2,CX4945,NTERA2,-1.3358694404820144
P29597,TYK2,GO6983,NTERA2,-1.605179413949011
P29597,TYK2,KN93,NTERA2,0.3590858134800678
P29597,TYK2,MK2206,NTERA2,-1.583072271957496
P29597,TYK2,AZD5438,NTERA2,0.17332270882202763
P29597,TYK2,FRAX486,NTERA2,-0.7484049612402233
P29597,TYK2,Ku0063794,NTERA2,-0.3523040633864342
P29597,TYK2,PD153035,NTERA2,-0.714387645702985
P29597,TYK2,PF3758309,NTERA2,-1.0293697591162783
P29597,TYK2,Torin,NTERA2,1.535191443597923
P29597,TYK2,Trametinib,NTERA2,0.0655520391174072
P29597,TYK2,AZD1480,NTERA2,-0.6930937585089627
P29597,TYK2,AZD5363,NTERA2,-0.228154093374439
P29597,TYK2,BX912,NTERA2,-1.1610834897409612
P29597,TYK2,CHIR99021,NTERA2,-0.3809437869932399
P29597,TYK2,GSK2334470,NTERA2,-2.1305598978544977
P29597,TYK2,Ipatasertib,NTERA2,-0.8797699118995906
P29597,TYK2,LY2090314,NTERA2,-0.16333398293593082
P29597,TYK2,Tofacitinib,NTERA2,-2.3869612806909077
P29597,TYK2,AZD8055,NTERA2,0.10360901945861663
P29597,TYK2,GDC0994,NTERA2,-0.24363931234990777
P29597,TYK2,JNK,NTERA2,0.1578561215182082
P29597,TYK2,LY2584702,NTERA2,-0.12986395970814202
P29597,TYK2,PH797804,NTERA2,0.3039074789326834
P29597,TYK2,Selumetinib,NTERA2,-0.20148053429591958
P29597,TYK2,U73122,NTERA2,-0.5428752072665287
P29597,TYK2,Ulixertinib,NTERA2,0.5884082794598814
P29597,TYK2,Amuvatinib,NTERA2,1.7543776753754965
P29597,TYK2,AZD3759,NTERA2,1.7966933703852819
P29597,TYK2,GSK690693,NTERA2,-1.0401042263122258
P29597,TYK2,JNJ,NTERA2,3.249800819642815
P29597,TYK2,KN62,NTERA2,2.0743017327916897
P29597,TYK2,Linsitinib,NTERA2,1.750976842295745
P29597,TYK2,LY2835219,NTERA2,1.6419958154611123
P29597,TYK2,Ribociclib,NTERA2,2.096699718049341
P29597,TYK2,AC220,NTERA2,0.40580467432111067
P29597,TYK2,Edelfosine,NTERA2,1.0037625363980798
P29597,TYK2,GF109203X,NTERA2,1.5733754201653214
P29597,TYK2,Go6976,NTERA2,0.013031175763416003
P29597,TYK2,PF4708671,NTERA2,1.1744237109712812
P29597,TYK2,SP600125,NTERA2,0.4740958711462257
P29597,TYK2,TAK715,NTERA2,-0.005376919790676999
P29597,TYK2,TBCA,NTERA2,0.10778023803285992
P29597,TYK2,AT13148,NTERA2,-1.2022588183198588
P29597,TYK2,AZ20,NTERA2,-0.028858383449318997
P29597,TYK2,AZD6738,NTERA2,-0.5828873614181929
P29597,TYK2,Bosutinib,NTERA2,-0.6832803484048805
P29597,TYK2,Dabrafenib,NTERA2,0.14685301037543122
P29597,TYK2,Dasatinib,NTERA2,-1.360607063131608
P29597,TYK2,DNAPK,NTERA2,-3.6638341446274083
P29597,TYK2,H89,NTERA2,-1.155999324274236
P29597,TYK2,KD025,NTERA2,0.6872282810674172
P29597,TYK2,NU7441,NTERA2,-1.5444511475321503
P29597,TYK2,Ripasudil,NTERA2,-0.10424964070491699
P29597,TYK2,Vemurafenib,NTERA2,0.2391060019822073
Q15418,RPS6KA1,AZD6482,NTERA2,1.1082605614373182
Q15418,RPS6KA1,CAL101,NTERA2,0.45106903951979094
Q15418,RPS6KA1,GDC0941,NTERA2,-0.24390807074320095
Q15418,RPS6KA1,HS173,NTERA2,0.7408719743009687
Q15418,RPS6KA1,PIK294,NTERA2,0.9090067433374783
Q15418,RPS6KA1,TGX221,NTERA2,0.6687372826222201
Q15418,RPS6KA1,CX4945,NTERA2,0.9115437979121802
Q15418,RPS6KA1,GO6983,NTERA2,1.1601595401089038
Q15418,RPS6KA1,KN93,NTERA2,0.9705906365811102
Q15418,RPS6KA1,MK2206,NTERA2,1.084579466948856
Q15418,RPS6KA1,AZD5438,NTERA2,1.1207395341135942
Q15418,RPS6KA1,FRAX486,NTERA2,-2.016392518509993
Q15418,RPS6KA1,Ku0063794,NTERA2,-1.3707914519366708
Q15418,RPS6KA1,PD153035,NTERA2,0.8017941155968397
Q15418,RPS6KA1,PF3758309,NTERA2,-3.2290955300402393
Q15418,RPS6KA1,Torin,NTERA2,-2.728214597466849
Q15418,RPS6KA1,Trametinib,NTERA2,-1.4945713138535033
Q15418,RPS6KA1,AZD1480,NTERA2,-3.1990051883763475
Q15418,RPS6KA1,AZD5363,NTERA2,-3.1200929008862555
Q15418,RPS6KA1,BX912,NTERA2,-3.3681091898185307
Q15418,RPS6KA1,CHIR99021,NTERA2,-1.4490458173787641
Q15418,RPS6KA1,GSK2334470,NTERA2,-4.659127800225107
Q15418,RPS6KA1,Ipatasertib,NTERA2,-3.675557521242946
Q15418,RPS6KA1,LY2090314,NTERA2,-1.853256386427183
Q15418,RPS6KA1,Tofacitinib,NTERA2,-2.3913873717102505
Q15418,RPS6KA1,AZD8055,NTERA2,-1.92666777696466
Q15418,RPS6KA1,GDC0994,NTERA2,-0.8425147178115643
Q15418,RPS6KA1,JNK,NTERA2,1.8125837281071093
Q15418,RPS6KA1,LY2584702,NTERA2,-1.2007261267553002
Q15418,RPS6KA1,PH797804,NTERA2,0.9660198318219476
Q15418,RPS6KA1,Selumetinib,NTERA2,0.1418102983574096
Q15418,RPS6KA1,U73122,NTERA2,1.1243936130506755
Q15418,RPS6KA1,Ulixertinib,NTERA2,0.9856383337723275
Q15418,RPS6KA1,Amuvatinib,NTERA2,0.6703673987646929
Q15418,RPS6KA1,AZD3759,NTERA2,-0.015900428947796454
Q15418,RPS6KA1,GSK690693,NTERA2,-0.2906488340319414
Q15418,RPS6KA1,JNJ,NTERA2,0.010544159180858425
Q15418,RPS6KA1,KN62,NTERA2,1.2165183403903557
Q15418,RPS6KA1,Linsitinib,NTERA2,-1.6684879799860313
Q15418,RPS6KA1,LY2835219,NTERA2,0.3682048325213771
Q15418,RPS6KA1,Ribociclib,NTERA2,0.48089468394042617
Q15418,RPS6KA1,AC220,NTERA2,-1.6306977912432858
Q15418,RPS6KA1,Edelfosine,NTERA2,2.5580362957341163
Q15418,RPS6KA1,GF109203X,NTERA2,-3.306007397662252
Q15418,RPS6KA1,Go6976,NTERA2,-2.8369179255672186
Q15418,RPS6KA1,PF4708671,NTERA2,-2.7301277285579486
Q15418,RPS6KA1,SP600125,NTERA2,-1.8090181035961213
Q15418,RPS6KA1,TAK715,NTERA2,-0.527167761662774
Q15418,RPS6KA1,TBCA,NTERA2,-0.15283979397284775
Q15418,RPS6KA1,AT13148,NTERA2,-0.7362203743796785
Q15418,RPS6KA1,AZ20,NTERA2,-2.3190851755306907
Q15418,RPS6KA1,AZD6738,NTERA2,0.5803452055908884
Q15418,RPS6KA1,Bosutinib,NTERA2,1.1833431596849346
Q15418,RPS6KA1,Dabrafenib,NTERA2,0.5466927154244464
Q15418,RPS6KA1,Dasatinib,NTERA2,-0.6348086995498341
Q15418,RPS6KA1,DNAPK,NTERA2,0.13907791536453756
Q15418,RPS6KA1,H89,NTERA2,0.21738975932376425
Q15418,RPS6KA1,KD025,NTERA2,-1.0720817915623686
Q15418,RPS6KA1,NU7441,NTERA2,0.29290494227743064
Q15418,RPS6KA1,Ripasudil,NTERA2,0.03684193958063029
Q15418,RPS6KA1,Vemurafenib,NTERA2,-0.5254399654813677
Q00526,CDK3,AZD6482,NTERA2,-1.0719718749189369
Q00526,CDK3,CAL101,NTERA2,-1.7251824503608444
Q00526,CDK3,GDC0941,NTERA2,0.6142433686676233
Q00526,CDK3,HS173,NTERA2,0.5577742393538103
Q00526,CDK3,PIK294,NTERA2,-0.3898810141131822
Q00526,CDK3,TGX221,NTERA2,-0.945563316892195
Q00526,CDK3,CX4945,NTERA2,0.6342393251737576
Q00526,CDK3,GO6983,NTERA2,1.3494226039621326
Q00526,CDK3,KN93,NTERA2,0.6606063923907906
Q00526,CDK3,MK2206,NTERA2,0.06441504662860376
Q00526,CDK3,AZD5438,NTERA2,0.002745766870884187
Q00526,CDK3,FRAX486,NTERA2,0.3647121204058872
Q00526,CDK3,Ku0063794,NTERA2,1.205195465610586
Q00526,CDK3,PD153035,NTERA2,1.4559556951955377
Q00526,CDK3,PF3758309,NTERA2,1.5312366535425352
Q00526,CDK3,Torin,NTERA2,1.6090727528908015
Q00526,CDK3,Trametinib,NTERA2,0.8408746299450772
Q00526,CDK3,AZD1480,NTERA2,0.8900224362475858
Q00526,CDK3,AZD5363,NTERA2,-0.5437191627481475
Q00526,CDK3,BX912,NTERA2,0.8796675291920587
Q00526,CDK3,CHIR99021,NTERA2,0.7405837125208105
Q00526,CDK3,GSK2334470,NTERA2,0.685922265948725
Q00526,CDK3,Ipatasertib,NTERA2,1.0703795137029488
Q00526,CDK3,LY2090314,NTERA2,1.4060819683656218
Q00526,CDK3,Tofacitinib,NTERA2,0.6995105035844749
Q00526,CDK3,AZD8055,NTERA2,-0.6905814410836542
Q00526,CDK3,GDC0994,NTERA2,-0.15402297774255383
Q00526,CDK3,JNK,NTERA2,-1.717853960023798
Q00526,CDK3,LY2584702,NTERA2,1.3069622462075408
Q00526,CDK3,PH797804,NTERA2,-0.23966268473197155
Q00526,CDK3,Selumetinib,NTERA2,-0.12211277566585585
Q00526,CDK3,U73122,NTERA2,0.08721853495251199
Q00526,CDK3,Ulixertinib,NTERA2,-0.05751889370566061
Q00526,CDK3,Amuvatinib,NTERA2,0.06889875830431119
Q00526,CDK3,AZD3759,NTERA2,-0.335945556243978
Q00526,CDK3,GSK690693,NTERA2,1.0494558028514898
Q00526,CDK3,JNJ,NTERA2,-0.37879505766364435
Q00526,CDK3,KN62,NTERA2,0.977181261774688
Q00526,CDK3,Linsitinib,NTERA2,0.49079705716618605
Q00526,CDK3,LY2835219,NTERA2,0.11199280272131916
Q00526,CDK3,Ribociclib,NTERA2,0.5442673923968417
Q00526,CDK3,AC220,NTERA2,0.43016215333606245
Q00526,CDK3,Edelfosine,NTERA2,1.2963206605517676
Q00526,CDK3,GF109203X,NTERA2,1.679162013220412
Q00526,CDK3,Go6976,NTERA2,1.0028300784044795
Q00526,CDK3,PF4708671,NTERA2,1.0505794859312028
Q00526,CDK3,SP600125,NTERA2,1.7892394066995427
Q00526,CDK3,TAK715,NTERA2,2.8908177850117753
Q00526,CDK3,TBCA,NTERA2,0.9213956802965613
Q00526,CDK3,AT13148,NTERA2,0.25306626296907125
Q00526,CDK3,AZ20,NTERA2,-1.6781757840514406
Q00526,CDK3,AZD6738,NTERA2,-0.030629499685928367
Q00526,CDK3,Bosutinib,NTERA2,-0.27287945249810786
Q00526,CDK3,Dabrafenib,NTERA2,0.5538056476684179
Q00526,CDK3,Dasatinib,NTERA2,0.5646797113258899
Q00526,CDK3,DNAPK,NTERA2,1.0504289509729088
Q00526,CDK3,H89,NTERA2,0.048261647345018865
Q00526,CDK3,KD025,NTERA2,-0.5348716520851039
Q00526,CDK3,NU7441,NTERA2,0.004921210191832705
Q00526,CDK3,Ripasudil,NTERA2,-0.38560106177928255
Q00526,CDK3,Vemurafenib,NTERA2,-0.3388780967286155
P43405,SYK,AZD6482,NTERA2,-0.19667871530530825
P43405,SYK,CAL101,NTERA2,-1.2440826232334938
P43405,SYK,GDC0941,NTERA2,-0.9671114348484087
P43405,SYK,HS173,NTERA2,-0.30294283395897537
P43405,SYK,PIK294,NTERA2,-0.5768788948220277
P43405,SYK,TGX221,NTERA2,-0.22408654846008436
P43405,SYK,CX4945,NTERA2,1.7022463327774957
P43405,SYK,GO6983,NTERA2,1.2430047046212225
P43405,SYK,KN93,NTERA2,2.1101985819604905
P43405,SYK,MK2206,NTERA2,1.6722387304958986
P43405,SYK,AZD5438,NTERA2,1.0761788755952353
P43405,SYK,FRAX486,NTERA2,0.6310051737527254
P43405,SYK,Ku0063794,NTERA2,0.6969699648265463
P43405,SYK,PD153035,NTERA2,0.26125898984635076
P43405,SYK,PF3758309,NTERA2,0.26522435673873673
P43405,SYK,Torin,NTERA2,0.8923912371141824
P43405,SYK,Trametinib,NTERA2,0.13213602481585027
P43405,SYK,AZD1480,NTERA2,0.2003848130330711
P43405,SYK,AZD5363,NTERA2,-0.28969105468836465
P43405,SYK,BX912,NTERA2,-2.169200001219577
P43405,SYK,CHIR99021,NTERA2,-1.2832140662075557
P43405,SYK,GSK2334470,NTERA2,-1.0339385619779757
P43405,SYK,Ipatasertib,NTERA2,-0.39789613645558347
P43405,SYK,LY2090314,NTERA2,-2.723360645398412
P43405,SYK,Tofacitinib,NTERA2,-0.6015120454030988
P43405,SYK,AZD8055,NTERA2,2.664609366573563
P43405,SYK,GDC0994,NTERA2,2.95913400056864
P43405,SYK,JNK,NTERA2,3.1872956014384326
P43405,SYK,LY2584702,NTERA2,2.240474290615019
P43405,SYK,PH797804,NTERA2,2.055914935862716
P43405,SYK,Selumetinib,NTERA2,1.009260191766454
P43405,SYK,U73122,NTERA2,1.8900479357524098
P43405,SYK,Ulixertinib,NTERA2,1.3246296717083696
P43405,SYK,Amuvatinib,NTERA2,-3.440756929719673
P43405,SYK,AZD3759,NTERA2,-2.174628028828082
P43405,SYK,GSK690693,NTERA2,-2.1174153978110084
P43405,SYK,JNJ,NTERA2,-1.2948332453921436
P43405,SYK,KN62,NTERA2,-2.0357702684353027
P43405,SYK,Linsitinib,NTERA2,-2.2825988807065025
P43405,SYK,LY2835219,NTERA2,-2.023450468526335
P43405,SYK,Ribociclib,NTERA2,-1.269181600223802
P43405,SYK,AC220,NTERA2,-0.21686642923362207
P43405,SYK,Edelfosine,NTERA2,0.25715347727559706
P43405,SYK,GF109203X,NTERA2,-0.7848488153144227
P43405,SYK,Go6976,NTERA2,-0.5784377961664604
P43405,SYK,PF4708671,NTERA2,-0.679972425073829
P43405,SYK,SP600125,NTERA2,-0.0696977928199502
P43405,SYK,TAK715,NTERA2,-0.3114184431749776
P43405,SYK,TBCA,NTERA2,0.32629346589019287
P43405,SYK,AT13148,NTERA2,-0.5705765429343488
P43405,SYK,AZ20,NTERA2,-2.2899836312065633
P43405,SYK,AZD6738,NTERA2,-2.8999828164696586
P43405,SYK,Bosutinib,NTERA2,-3.041584429191973
P43405,SYK,Dabrafenib,NTERA2,-2.120204538723008
P43405,SYK,Dasatinib,NTERA2,-2.0969386878677905
P43405,SYK,DNAPK,NTERA2,-3.6935100423583456
P43405,SYK,H89,NTERA2,-1.177413792080121
P43405,SYK,KD025,NTERA2,-2.5322180208458938
P43405,SYK,NU7441,NTERA2,-2.6286491763979645
P43405,SYK,Ripasudil,NTERA2,-2.368054545836331
P43405,SYK,Vemurafenib,NTERA2,-0.8677740859377092
O15111,CHUK,AZD6482,NTERA2,0.326017699376592
O15111,CHUK,CAL101,NTERA2,0.33756865052375545
O15111,CHUK,GDC0941,NTERA2,-0.4701993311937224
O15111,CHUK,HS173,NTERA2,-0.4178799544555173
O15111,CHUK,PIK294,NTERA2,1.155165430236381
O15111,CHUK,TGX221,NTERA2,0.046763890938077556
O15111,CHUK,CX4945,NTERA2,-2.0471515550330617
O15111,CHUK,GO6983,NTERA2,-1.4835087245211385
O15111,CHUK,KN93,NTERA2,-1.0101326980561485
O15111,CHUK,MK2206,NTERA2,-1.2654787918419832
O15111,CHUK,AZD5438,NTERA2,-0.04442098315786366
O15111,CHUK,FRAX486,NTERA2,0.9050519351345188
O15111,CHUK,Ku0063794,NTERA2,-0.04328184440882546
O15111,CHUK,PD153035,NTERA2,0.2702753189074318
O15111,CHUK,PF3758309,NTERA2,-0.07663291913291549
O15111,CHUK,Torin,NTERA2,-0.8656753061500697
O15111,CHUK,Trametinib,NTERA2,-0.13914970833726437
O15111,CHUK,AZD1480,NTERA2,-0.349386323535537
O15111,CHUK,AZD5363,NTERA2,0.009250239341736962
O15111,CHUK,BX912,NTERA2,-0.8167269479793737
O15111,CHUK,CHIR99021,NTERA2,-0.36263427843417884
O15111,CHUK,GSK2334470,NTERA2,-0.8753529542460923
O15111,CHUK,Ipatasertib,NTERA2,-0.6229668196987893
O15111,CHUK,LY2090314,NTERA2,-0.9331990614842658
O15111,CHUK,Tofacitinib,NTERA2,-1.7139738474670627
O15111,CHUK,AZD8055,NTERA2,4.056472952866193
O15111,CHUK,GDC0994,NTERA2,3.075696566519602
O15111,CHUK,JNK,NTERA2,3.1199286454638737
O15111,CHUK,LY2584702,NTERA2,3.914164607933618
O15111,CHUK,PH797804,NTERA2,2.7787812029193075
O15111,CHUK,Selumetinib,NTERA2,3.165194890953084
O15111,CHUK,U73122,NTERA2,4.065751813726362
O15111,CHUK,Ulixertinib,NTERA2,3.3152154390293633
O15111,CHUK,Amuvatinib,NTERA2,1.6150853888079715
O15111,CHUK,AZD3759,NTERA2,1.0587482938925457
O15111,CHUK,GSK690693,NTERA2,0.0065051162092485465
O15111,CHUK,JNJ,NTERA2,1.2599925891031947
O15111,CHUK,KN62,NTERA2,0.9406798430710083
O15111,CHUK,Linsitinib,NTERA2,-0.03269245068048209
O15111,CHUK,LY2835219,NTERA2,1.3786397741586531
O15111,CHUK,Ribociclib,NTERA2,0.35953429596682646
O15111,CHUK,AC220,NTERA2,0.8798320581697185
O15111,CHUK,Edelfosine,NTERA2,0.5670629526111549
O15111,CHUK,GF109203X,NTERA2,0.5805500897849261
O15111,CHUK,Go6976,NTERA2,-0.817307516679363
O15111,CHUK,PF4708671,NTERA2,0.6396508952972767
O15111,CHUK,SP600125,NTERA2,0.3623959162384418
O15111,CHUK,TAK715,NTERA2,0.2749848500653127
O15111,CHUK,TBCA,NTERA2,-0.19599939730833785
O15111,CHUK,AT13148,NTERA2,-0.1133132341870492
O15111,CHUK,AZ20,NTERA2,-0.7392690783243815
O15111,CHUK,AZD6738,NTERA2,-0.7028012641005914
O15111,CHUK,Bosutinib,NTERA2,-0.6500672882639733
O15111,CHUK,Dabrafenib,NTERA2,0.781831878928481
O15111,CHUK,Dasatinib,NTERA2,-0.30073025538777354
O15111,CHUK,DNAPK,NTERA2,-0.10534641730988348
O15111,CHUK,H89,NTERA2,-0.8343024827582189
O15111,CHUK,KD025,NTERA2,-0.5341886914541013
O15111,CHUK,NU7441,NTERA2,-0.46688241077681925
O15111,CHUK,Ripasudil,NTERA2,0.23704738396358177
O15111,CHUK,Vemurafenib,NTERA2,-0.29075581547548707
P42345,MTOR,AZD6482,NTERA2,-0.5217853167193104
P42345,MTOR,CAL101,NTERA2,0.64419174596256
P42345,MTOR,GDC0941,NTERA2,-2.870375092808945
P42345,MTOR,HS173,NTERA2,-2.415394248894714
P42345,MTOR,PIK294,NTERA2,1.1340935174639604
P42345,MTOR,TGX221,NTERA2,0.19568174756360912
P42345,MTOR,CX4945,NTERA2,0.6838403661853399
P42345,MTOR,GO6983,NTERA2,0.9075411821602044
P42345,MTOR,KN93,NTERA2,-0.03258926353589831
P42345,MTOR,MK2206,NTERA2,0.9687736641368744
P42345,MTOR,AZD5438,NTERA2,-0.46981787026606375
P42345,MTOR,FRAX486,NTERA2,0.805174910586796
P42345,MTOR,Ku0063794,NTERA2,-7.756535492620818
P42345,MTOR,PD153035,NTERA2,-1.8395802499786114
P42345,MTOR,PF3758309,NTERA2,0.47084775078953656
P42345,MTOR,Torin,NTERA2,-6.814523502527259
P42345,MTOR,Trametinib,NTERA2,-0.06061519446225107
P42345,MTOR,AZD1480,NTERA2,0.0875690576051018
P42345,MTOR,AZD5363,NTERA2,-0.7711529097077852
P42345,MTOR,BX912,NTERA2,1.345669273383694
P42345,MTOR,CHIR99021,NTERA2,-0.938658252907526
P42345,MTOR,GSK2334470,NTERA2,-0.5195694384740502
P42345,MTOR,Ipatasertib,NTERA2,-0.37040330548272593
P42345,MTOR,LY2090314,NTERA2,-1.3083765539402235
P42345,MTOR,Tofacitinib,NTERA2,-0.9865450661851194
P42345,MTOR,AZD8055,NTERA2,-5.333559950862535
P42345,MTOR,GDC0994,NTERA2,2.317996824992256
P42345,MTOR,JNK,NTERA2,2.042157769793143
P42345,MTOR,LY2584702,NTERA2,1.0900451913938238
P42345,MTOR,PH797804,NTERA2,0.5335755179734515
P42345,MTOR,Selumetinib,NTERA2,0.9355830387695113
P42345,MTOR,U73122,NTERA2,-0.311715153702258
P42345,MTOR,Ulixertinib,NTERA2,2.5776916482111116
P42345,MTOR,Amuvatinib,NTERA2,-0.2745375569687675
P42345,MTOR,AZD3759,NTERA2,-0.05256955490845963
P42345,MTOR,GSK690693,NTERA2,0.3773041891850366
P42345,MTOR,JNJ,NTERA2,1.0153871013377533
P42345,MTOR,KN62,NTERA2,0.11966261097896642
P42345,MTOR,Linsitinib,NTERA2,-2.139677813560611
P42345,MTOR,LY2835219,NTERA2,1.865067177099663
P42345,MTOR,Ribociclib,NTERA2,1.0574326106130547
P42345,MTOR,AC220,NTERA2,-0.49456221784359833
P42345,MTOR,Edelfosine,NTERA2,-2.861115555920642
P42345,MTOR,GF109203X,NTERA2,1.4885226932521047
P42345,MTOR,Go6976,NTERA2,0.3211724946705353
P42345,MTOR,PF4708671,NTERA2,0.9697175852501995
P42345,MTOR,SP600125,NTERA2,0.25867113477003917
P42345,MTOR,TAK715,NTERA2,-0.3109821588878911
P42345,MTOR,TBCA,NTERA2,0.4523250842974229
P42345,MTOR,AT13148,NTERA2,-0.43331381030620153
P42345,MTOR,AZ20,NTERA2,-3.6342139366832806
P42345,MTOR,AZD6738,NTERA2,-1.0727137134230367
P42345,MTOR,Bosutinib,NTERA2,-0.7659698513516807
P42345,MTOR,Dabrafenib,NTERA2,0.6634810855514167
P42345,MTOR,Dasatinib,NTERA2,-1.7152606086680537
P42345,MTOR,DNAPK,NTERA2,-0.6881739254565289
P42345,MTOR,H89,NTERA2,-1.7484426160415067
P42345,MTOR,KD025,NTERA2,1.1562213001835828
P42345,MTOR,NU7441,NTERA2,-0.3865785140162919
P42345,MTOR,Ripasudil,NTERA2,-0.8669997707436191
P42345,MTOR,Vemurafenib,NTERA2,-0.6550209318807927
P53667,LIMK1,AZD6482,NTERA2,0.024359972940816946
P53667,LIMK1,CAL101,NTERA2,-0.07433268515989476
P53667,LIMK1,GDC0941,NTERA2,0.11945673767523213
P53667,LIMK1,HS173,NTERA2,0.3907027031818875
P53667,LIMK1,PIK294,NTERA2,0.602263359503753
P53667,LIMK1,TGX221,NTERA2,0.4134600291473798
P53667,LIMK1,CX4945,NTERA2,0.02075924702593744
P53667,LIMK1,GO6983,NTERA2,0.5524390753930253
P53667,LIMK1,KN93,NTERA2,0.10001036765008745
P53667,LIMK1,MK2206,NTERA2,-0.3321056383046289
P53667,LIMK1,AZD5438,NTERA2,0.16192859219532704
P53667,LIMK1,FRAX486,NTERA2,-0.09999192357662873
P53667,LIMK1,Ku0063794,NTERA2,-0.006933286773294444
P53667,LIMK1,PD153035,NTERA2,0.27924665445726565
P53667,LIMK1,PF3758309,NTERA2,0.6155404490272395
P53667,LIMK1,Torin,NTERA2,-0.24668540357161384
P53667,LIMK1,Trametinib,NTERA2,0.19560509982400542
P53667,LIMK1,AZD1480,NTERA2,0.4034960775139456
P53667,LIMK1,AZD5363,NTERA2,-0.16820248550553965
P53667,LIMK1,BX912,NTERA2,-0.060584414576025286
P53667,LIMK1,CHIR99021,NTERA2,0.509559939441151
P53667,LIMK1,GSK2334470,NTERA2,-1.0131914187675528
P53667,LIMK1,Ipatasertib,NTERA2,-0.37188643422922735
P53667,LIMK1,LY2090314,NTERA2,0.24730067393280847
P53667,LIMK1,Tofacitinib,NTERA2,0.014630935535995008
P53667,LIMK1,AZD8055,NTERA2,0.39561899002940676
P53667,LIMK1,GDC0994,NTERA2,0.18412256449846393
P53667,LIMK1,JNK,NTERA2,0.6252342481729297
P53667,LIMK1,LY2584702,NTERA2,0.1967541253578558
P53667,LIMK1,PH797804,NTERA2,0.34639564481165586
P53667,LIMK1,Selumetinib,NTERA2,0.2618031959946365
P53667,LIMK1,U73122,NTERA2,0.2830188335880862
P53667,LIMK1,Ulixertinib,NTERA2,0.389652920710233
P53667,LIMK1,Amuvatinib,NTERA2,0.4112575265865152
P53667,LIMK1,AZD3759,NTERA2,0.3804261757371525
P53667,LIMK1,GSK690693,NTERA2,0.44646493232872436
P53667,LIMK1,JNJ,NTERA2,0.25019890934455447
P53667,LIMK1,KN62,NTERA2,0.5284268374418641
P53667,LIMK1,Linsitinib,NTERA2,0.2763353734455863
P53667,LIMK1,LY2835219,NTERA2,0.16661041309033153
P53667,LIMK1,Ribociclib,NTERA2,-0.6972962767343877
P53667,LIMK1,AC220,NTERA2,0.46588063110285016
P53667,LIMK1,Edelfosine,NTERA2,-0.575286013323791
P53667,LIMK1,GF109203X,NTERA2,0.20764227117914585
P53667,LIMK1,Go6976,NTERA2,0.12644264451245835
P53667,LIMK1,PF4708671,NTERA2,0.262083228966547
P53667,LIMK1,SP600125,NTERA2,0.34220602442801246
P53667,LIMK1,TAK715,NTERA2,0.2879155564940585
P53667,LIMK1,TBCA,NTERA2,0.06447308946149966
P53667,LIMK1,AT13148,NTERA2,-1.0980200256543557
P53667,LIMK1,AZ20,NTERA2,0.24898044403969058
P53667,LIMK1,AZD6738,NTERA2,-0.134574373028916
P53667,LIMK1,Bosutinib,NTERA2,-0.4333587338916931
P53667,LIMK1,Dabrafenib,NTERA2,-4.387708399408954
P53667,LIMK1,Dasatinib,NTERA2,-1.0518245547381322
P53667,LIMK1,DNAPK,NTERA2,-0.33164017893959086
P53667,LIMK1,H89,NTERA2,-0.4186783273526251
P53667,LIMK1,KD025,NTERA2,0.174119755970585
P53667,LIMK1,NU7441,NTERA2,-0.36092529345486013
P53667,LIMK1,Ripasudil,NTERA2,-0.3888297972361137
P53667,LIMK1,Vemurafenib,NTERA2,-0.21918688061857422
Q96S53,TESK2,AZD6482,NTERA2,-0.09082578447858329
Q96S53,TESK2,CAL101,NTERA2,-0.3584922610540508
Q96S53,TESK2,GDC0941,NTERA2,0.27091733035782206
Q96S53,TESK2,HS173,NTERA2,0.5562262979723936
Q96S53,TESK2,PIK294,NTERA2,0.24608697327469084
Q96S53,TESK2,TGX221,NTERA2,0.21075233896400028
Q96S53,TESK2,CX4945,NTERA2,0.04635251937138215
Q96S53,TESK2,GO6983,NTERA2,0.5318732563421054
Q96S53,TESK2,KN93,NTERA2,0.5381423872877694
Q96S53,TESK2,MK2206,NTERA2,-0.004186758941367648
Q96S53,TESK2,AZD5438,NTERA2,0.47864701572186547
Q96S53,TESK2,FRAX486,NTERA2,-0.3141403537656983
Q96S53,TESK2,Ku0063794,NTERA2,0.21856888085188667
Q96S53,TESK2,PD153035,NTERA2,0.33250386655433917
Q96S53,TESK2,PF3758309,NTERA2,0.29744939120132324
Q96S53,TESK2,Torin,NTERA2,0.04308461573294849
Q96S53,TESK2,Trametinib,NTERA2,0.13806929510965174
Q96S53,TESK2,AZD1480,NTERA2,0.07210658511477196
Q96S53,TESK2,AZD5363,NTERA2,-0.6978315855585325
Q96S53,TESK2,BX912,NTERA2,-0.02116785394703364
Q96S53,TESK2,CHIR99021,NTERA2,0.2504123355587758
Q96S53,TESK2,GSK2334470,NTERA2,-0.650856817898076
Q96S53,TESK2,Ipatasertib,NTERA2,-0.2100328345813865
Q96S53,TESK2,LY2090314,NTERA2,0.2742978401262545
Q96S53,TESK2,Tofacitinib,NTERA2,0.0499513468721937
Q96S53,TESK2,AZD8055,NTERA2,0.3837048766471351
Q96S53,TESK2,GDC0994,NTERA2,0.07514195141229223
Q96S53,TESK2,JNK,NTERA2,0.25668437628380586
Q96S53,TESK2,LY2584702,NTERA2,0.13123455123835004
Q96S53,TESK2,PH797804,NTERA2,0.20413298611846128
Q96S53,TESK2,Selumetinib,NTERA2,0.1452245520577825
Q96S53,TESK2,U73122,NTERA2,0.11650071095560514
Q96S53,TESK2,Ulixertinib,NTERA2,0.24600173408730402
Q96S53,TESK2,Amuvatinib,NTERA2,0.24594968104538828
Q96S53,TESK2,AZD3759,NTERA2,0.3027359317503237
Q96S53,TESK2,GSK690693,NTERA2,0.3754401602334388
Q96S53,TESK2,JNJ,NTERA2,0.13303689889674292
Q96S53,TESK2,KN62,NTERA2,0.43235675408944996
Q96S53,TESK2,Linsitinib,NTERA2,0.2534101210917864
Q96S53,TESK2,LY2835219,NTERA2,0.27517382307329524
Q96S53,TESK2,Ribociclib,NTERA2,-0.3338414654477427
Q96S53,TESK2,AC220,NTERA2,0.41943445863898154
Q96S53,TESK2,Edelfosine,NTERA2,0.30242754947835104
Q96S53,TESK2,GF109203X,NTERA2,0.129719023681131
Q96S53,TESK2,Go6976,NTERA2,0.16013683389198569
Q96S53,TESK2,PF4708671,NTERA2,0.14334753428706168
Q96S53,TESK2,SP600125,NTERA2,0.27189128041845795
Q96S53,TESK2,TAK715,NTERA2,0.22546651616844732
Q96S53,TESK2,TBCA,NTERA2,-0.1915173675899521
Q96S53,TESK2,AT13148,NTERA2,-0.9254983451914166
Q96S53,TESK2,AZ20,NTERA2,0.2538260297363983
Q96S53,TESK2,AZD6738,NTERA2,-0.005001394807057525
Q96S53,TESK2,Bosutinib,NTERA2,-0.052913723079564205
Q96S53,TESK2,Dabrafenib,NTERA2,-4.1538534714301125
Q96S53,TESK2,Dasatinib,NTERA2,-0.9630782491579234
Q96S53,TESK2,DNAPK,NTERA2,0.11256908333141824
Q96S53,TESK2,H89,NTERA2,0.034787384597901566
Q96S53,TESK2,KD025,NTERA2,0.034008024559634344
Q96S53,TESK2,NU7441,NTERA2,-0.003956137017823307
Q96S53,TESK2,Ripasudil,NTERA2,-0.2595718560515763
Q96S53,TESK2,Vemurafenib,NTERA2,-0.13531176837893152
Q13177,PAK2,AZD6482,NTERA2,0.27572863887868293
Q13177,PAK2,CAL101,NTERA2,-0.2630508028151143
Q13177,PAK2,GDC0941,NTERA2,-1.6475981796681496
Q13177,PAK2,HS173,NTERA2,0.43735346792176316
Q13177,PAK2,PIK294,NTERA2,0.65565438768358
Q13177,PAK2,TGX221,NTERA2,-0.0488857142300759
Q13177,PAK2,CX4945,NTERA2,-0.04871654410255783
Q13177,PAK2,GO6983,NTERA2,-0.2587609862585878
Q13177,PAK2,KN93,NTERA2,-0.5181674935710147
Q13177,PAK2,MK2206,NTERA2,0.4600389304734447
Q13177,PAK2,AZD5438,NTERA2,0.015290572691199579
Q13177,PAK2,FRAX486,NTERA2,-0.05059835858628219
Q13177,PAK2,Ku0063794,NTERA2,-3.1147336867811144
Q13177,PAK2,PD153035,NTERA2,0.19334339346809173
Q13177,PAK2,PF3758309,NTERA2,0.2780065053730586
Q13177,PAK2,Torin,NTERA2,-2.0872043515633014
Q13177,PAK2,Trametinib,NTERA2,0.8671331274534902
Q13177,PAK2,AZD1480,NTERA2,-0.09721979811873126
Q13177,PAK2,AZD5363,NTERA2,-2.8343071557757
Q13177,PAK2,BX912,NTERA2,-0.11862360525203507
Q13177,PAK2,CHIR99021,NTERA2,-0.18895163480535795
Q13177,PAK2,GSK2334470,NTERA2,-1.9832619151369082
Q13177,PAK2,Ipatasertib,NTERA2,-0.6233826965721485
Q13177,PAK2,LY2090314,NTERA2,-0.7331650328000989
Q13177,PAK2,Tofacitinib,NTERA2,-0.9812008427141157
Q13177,PAK2,AZD8055,NTERA2,-2.6893158439399385
Q13177,PAK2,GDC0994,NTERA2,0.5819130728983466
Q13177,PAK2,JNK,NTERA2,1.23458160043773
Q13177,PAK2,LY2584702,NTERA2,-0.34544735136526883
Q13177,PAK2,PH797804,NTERA2,0.11134884192982501
Q13177,PAK2,Selumetinib,NTERA2,0.2257897979224927
Q13177,PAK2,U73122,NTERA2,0.7361710900653728
Q13177,PAK2,Ulixertinib,NTERA2,1.3207451406170911
Q13177,PAK2,Amuvatinib,NTERA2,-0.44490294158344773
Q13177,PAK2,AZD3759,NTERA2,-0.25076046514847894
Q13177,PAK2,GSK690693,NTERA2,-0.029335140072877228
Q13177,PAK2,JNJ,NTERA2,-0.05982434525567994
Q13177,PAK2,KN62,NTERA2,-0.42960092606420325
Q13177,PAK2,Linsitinib,NTERA2,-1.3480058785954934
Q13177,PAK2,LY2835219,NTERA2,-0.278164221093627
Q13177,PAK2,Ribociclib,NTERA2,-0.040294214195072536
Q13177,PAK2,AC220,NTERA2,1.487945239733823
Q13177,PAK2,Edelfosine,NTERA2,0.895175317651164
Q13177,PAK2,GF109203X,NTERA2,1.061892837494996
Q13177,PAK2,Go6976,NTERA2,0.7968689337460576
Q13177,PAK2,PF4708671,NTERA2,0.08258554008059933
Q13177,PAK2,SP600125,NTERA2,-0.02751363722950571
Q13177,PAK2,TAK715,NTERA2,1.6081425659034312
Q13177,PAK2,TBCA,NTERA2,-0.7421417613371103
Q13177,PAK2,AT13148,NTERA2,-1.2601111308593527
Q13177,PAK2,AZ20,NTERA2,-1.921208781424501
Q13177,PAK2,AZD6738,NTERA2,-0.6663155193025067
Q13177,PAK2,Bosutinib,NTERA2,-0.3085392445087535
Q13177,PAK2,Dabrafenib,NTERA2,-1.489810458456364
Q13177,PAK2,Dasatinib,NTERA2,-1.0772876046166548
Q13177,PAK2,DNAPK,NTERA2,0.0455595603242201
Q13177,PAK2,H89,NTERA2,-0.12020537211170813
Q13177,PAK2,KD025,NTERA2,0.3691953614073847
Q13177,PAK2,NU7441,NTERA2,-0.5913023030819212
Q13177,PAK2,Ripasudil,NTERA2,-0.4704206686046759
Q13177,PAK2,Vemurafenib,NTERA2,-1.1386080008826616
P50750,CDK9,AZD6482,NTERA2,-0.9980534488034456
P50750,CDK9,CAL101,NTERA2,-0.6277496226403186
P50750,CDK9,GDC0941,NTERA2,0.2338041078224777
P50750,CDK9,HS173,NTERA2,0.3787767964030271
P50750,CDK9,PIK294,NTERA2,-0.021124233483324165
P50750,CDK9,TGX221,NTERA2,-0.42728970669671695
P50750,CDK9,CX4945,NTERA2,0.6606263628529329
P50750,CDK9,GO6983,NTERA2,0.552664438743029
P50750,CDK9,KN93,NTERA2,0.7420065574552058
P50750,CDK9,MK2206,NTERA2,-0.559044963403675
P50750,CDK9,AZD5438,NTERA2,-1.5583989191336725
P50750,CDK9,FRAX486,NTERA2,0.5254071109121621
P50750,CDK9,Ku0063794,NTERA2,1.5502863949719654
P50750,CDK9,PD153035,NTERA2,1.224831519566713
P50750,CDK9,PF3758309,NTERA2,-0.6007021587602006
P50750,CDK9,Torin,NTERA2,0.7740757904268214
P50750,CDK9,Trametinib,NTERA2,1.4761372123468042
P50750,CDK9,AZD1480,NTERA2,-0.15560132546622008
P50750,CDK9,AZD5363,NTERA2,-0.5084998228793528
P50750,CDK9,BX912,NTERA2,0.3486507472383524
P50750,CDK9,CHIR99021,NTERA2,-0.8192732746971242
P50750,CDK9,GSK2334470,NTERA2,1.0333480217977682
P50750,CDK9,Ipatasertib,NTERA2,0.4814036710266296
P50750,CDK9,LY2090314,NTERA2,-0.02063019468782043
P50750,CDK9,Tofacitinib,NTERA2,-0.06785479948039909
P50750,CDK9,AZD8055,NTERA2,0.8105476379022655
P50750,CDK9,GDC0994,NTERA2,-0.5235469460259583
P50750,CDK9,JNK,NTERA2,0.13685566299572605
P50750,CDK9,LY2584702,NTERA2,1.7388526699534612
P50750,CDK9,PH797804,NTERA2,0.9212522162605619
P50750,CDK9,Selumetinib,NTERA2,1.4097635939712974
P50750,CDK9,U73122,NTERA2,0.9149608247186289
P50750,CDK9,Ulixertinib,NTERA2,0.9224151677447839
P50750,CDK9,Amuvatinib,NTERA2,0.9920606908149698
P50750,CDK9,AZD3759,NTERA2,0.29973834323304227
P50750,CDK9,GSK690693,NTERA2,-0.2608869088867727
P50750,CDK9,JNJ,NTERA2,-0.2773908981732172
P50750,CDK9,KN62,NTERA2,1.1618900900861056
P50750,CDK9,Linsitinib,NTERA2,-0.4930490780264003
P50750,CDK9,LY2835219,NTERA2,-1.8419262120064122
P50750,CDK9,Ribociclib,NTERA2,0.20682337697767364
P50750,CDK9,AC220,NTERA2,-0.5558646912214226
P50750,CDK9,Edelfosine,NTERA2,0.14221009589180647
P50750,CDK9,GF109203X,NTERA2,1.0453443454383573
P50750,CDK9,Go6976,NTERA2,1.7562513615852748
P50750,CDK9,PF4708671,NTERA2,0.5279555934108513
P50750,CDK9,SP600125,NTERA2,1.7381406766725307
P50750,CDK9,TAK715,NTERA2,2.012084398834679
P50750,CDK9,TBCA,NTERA2,1.041098888580176
P50750,CDK9,AT13148,NTERA2,-0.6448984775110738
P50750,CDK9,AZ20,NTERA2,-0.1821615967271173
P50750,CDK9,AZD6738,NTERA2,-0.1991812194503776
P50750,CDK9,Bosutinib,NTERA2,0.4051331697547434
P50750,CDK9,Dabrafenib,NTERA2,-0.32481444207587784
P50750,CDK9,Dasatinib,NTERA2,0.6380743112530292
P50750,CDK9,DNAPK,NTERA2,-0.25211166357344683
P50750,CDK9,H89,NTERA2,-0.0962392384766248
P50750,CDK9,KD025,NTERA2,-0.30499476438632456
P50750,CDK9,NU7441,NTERA2,0.5936849313318697
P50750,CDK9,Ripasudil,NTERA2,-0.1725650553791325
P50750,CDK9,Vemurafenib,NTERA2,-0.46668497300442613
P49674,CSNK1E,AZD6482,NTERA2,-1.0556522618913644
P49674,CSNK1E,CAL101,NTERA2,-0.36849230031688407
P49674,CSNK1E,GDC0941,NTERA2,-2.3736912633981286
P49674,CSNK1E,HS173,NTERA2,-2.783391920396581
P49674,CSNK1E,PIK294,NTERA2,-2.1489769659141165
P49674,CSNK1E,TGX221,NTERA2,-2.6573427029123926
P49674,CSNK1E,CX4945,NTERA2,-0.3619673402959237
P49674,CSNK1E,GO6983,NTERA2,-1.099029932712113
P49674,CSNK1E,KN93,NTERA2,-1.0467582082813185
P49674,CSNK1E,MK2206,NTERA2,0.2858948475422605
P49674,CSNK1E,AZD5438,NTERA2,-0.7857958127304262
P49674,CSNK1E,FRAX486,NTERA2,0.1878100915111508
P49674,CSNK1E,Ku0063794,NTERA2,-2.510333757571356
P49674,CSNK1E,PD153035,NTERA2,-0.08846061999414372
P49674,CSNK1E,PF3758309,NTERA2,-0.01645340799885819
P49674,CSNK1E,Torin,NTERA2,-1.2828039191041407
P49674,CSNK1E,Trametinib,NTERA2,0.820073276590942
P49674,CSNK1E,AZD1480,NTERA2,-1.884110131096374
P49674,CSNK1E,AZD5363,NTERA2,-0.9789918678619628
P49674,CSNK1E,BX912,NTERA2,-0.20669489138689778
P49674,CSNK1E,CHIR99021,NTERA2,-1.2939599526907843
P49674,CSNK1E,GSK2334470,NTERA2,-0.10963493394055594
P49674,CSNK1E,Ipatasertib,NTERA2,1.7359768046038984
P49674,CSNK1E,LY2090314,NTERA2,-1.3564988801568674
P49674,CSNK1E,Tofacitinib,NTERA2,0.20422196814025653
P49674,CSNK1E,AZD8055,NTERA2,-0.34636750052949733
P49674,CSNK1E,GDC0994,NTERA2,-1.3151844484887285
P49674,CSNK1E,JNK,NTERA2,-1.7559447315255172
P49674,CSNK1E,LY2584702,NTERA2,-0.25448645529002456
P49674,CSNK1E,PH797804,NTERA2,-3.837725914854162
P49674,CSNK1E,Selumetinib,NTERA2,-1.1807440450709819
P49674,CSNK1E,U73122,NTERA2,-2.083323417202573
P49674,CSNK1E,Ulixertinib,NTERA2,-1.0282958346454036
P49674,CSNK1E,Amuvatinib,NTERA2,-4.004166401358867
P49674,CSNK1E,AZD3759,NTERA2,-3.4751063330171914
P49674,CSNK1E,GSK690693,NTERA2,0.39449752605171895
P49674,CSNK1E,JNJ,NTERA2,-2.27528428452939
P49674,CSNK1E,KN62,NTERA2,-3.847099901579933
P49674,CSNK1E,Linsitinib,NTERA2,-2.200313473193183
P49674,CSNK1E,LY2835219,NTERA2,-0.47975672130362806
P49674,CSNK1E,Ribociclib,NTERA2,2.5118663005946975
P49674,CSNK1E,AC220,NTERA2,0.3570515497846526
P49674,CSNK1E,Edelfosine,NTERA2,0.06375076322986414
P49674,CSNK1E,GF109203X,NTERA2,-0.1043838186481519
P49674,CSNK1E,Go6976,NTERA2,0.381032747863539
P49674,CSNK1E,PF4708671,NTERA2,-1.7046938434774328
P49674,CSNK1E,SP600125,NTERA2,1.037251583790706
P49674,CSNK1E,TAK715,NTERA2,-2.37477245111316
P49674,CSNK1E,TBCA,NTERA2,1.5937941606360198
P49674,CSNK1E,AT13148,NTERA2,1.4665785845581751
P49674,CSNK1E,AZ20,NTERA2,-0.48362569621529927
P49674,CSNK1E,AZD6738,NTERA2,-0.16186283504313964
P49674,CSNK1E,Bosutinib,NTERA2,0.12054289717293364
P49674,CSNK1E,Dabrafenib,NTERA2,-0.39040096943427544
P49674,CSNK1E,Dasatinib,NTERA2,0.9354789340968468
P49674,CSNK1E,DNAPK,NTERA2,-1.0343740994485224
P49674,CSNK1E,H89,NTERA2,-0.8514484597207941
P49674,CSNK1E,KD025,NTERA2,-0.9331171779044528
P49674,CSNK1E,NU7441,NTERA2,0.5031362074732632
P49674,CSNK1E,Ripasudil,NTERA2,-0.7492155695627656
P49674,CSNK1E,Vemurafenib,NTERA2,1.6250102902364607
Q13418,ILK,AZD6482,NTERA2,0.8554602300718529
Q13418,ILK,CAL101,NTERA2,0.9017616314824342
Q13418,ILK,GDC0941,NTERA2,-0.051665783464482064
Q13418,ILK,HS173,NTERA2,1.7762933480255962
Q13418,ILK,PIK294,NTERA2,0.9913809968041243
Q13418,ILK,TGX221,NTERA2,0.5130921363691318
Q13418,ILK,CX4945,NTERA2,0.39218618287837537
Q13418,ILK,GO6983,NTERA2,-0.1639930557045346
Q13418,ILK,KN93,NTERA2,1.1778195931793736
Q13418,ILK,MK2206,NTERA2,1.8909982066290971
Q13418,ILK,AZD5438,NTERA2,1.1053263575490144
Q13418,ILK,FRAX486,NTERA2,1.3450378084493555
Q13418,ILK,Ku0063794,NTERA2,1.1382765067923153
Q13418,ILK,PD153035,NTERA2,1.1335330557988312
Q13418,ILK,PF3758309,NTERA2,1.914265374644475
Q13418,ILK,Torin,NTERA2,1.3067216425885537
Q13418,ILK,Trametinib,NTERA2,0.3078777202497959
Q13418,ILK,AZD1480,NTERA2,-1.2879653726550773
Q13418,ILK,AZD5363,NTERA2,-4.725140057221186
Q13418,ILK,BX912,NTERA2,-1.2626997556983683
Q13418,ILK,CHIR99021,NTERA2,-0.758140272702873
Q13418,ILK,GSK2334470,NTERA2,-2.1113481742693785
Q13418,ILK,Ipatasertib,NTERA2,-0.7846176711564277
Q13418,ILK,LY2090314,NTERA2,-0.7403151507043747
Q13418,ILK,Tofacitinib,NTERA2,-1.2765684142849456
Q13418,ILK,AZD8055,NTERA2,-0.06567370833994282
Q13418,ILK,GDC0994,NTERA2,1.3971526038091693
Q13418,ILK,JNK,NTERA2,1.4745103105159847
Q13418,ILK,LY2584702,NTERA2,0.5112035386648436
Q13418,ILK,PH797804,NTERA2,0.35220961420364144
Q13418,ILK,Selumetinib,NTERA2,0.4639566361880147
Q13418,ILK,U73122,NTERA2,0.9813392374596271
Q13418,ILK,Ulixertinib,NTERA2,1.250909077017245
Q13418,ILK,Amuvatinib,NTERA2,-2.0625103557740196
Q13418,ILK,AZD3759,NTERA2,0.09162642437828737
Q13418,ILK,GSK690693,NTERA2,0.1922308298075528
Q13418,ILK,JNJ,NTERA2,0.17456417143740546
Q13418,ILK,KN62,NTERA2,-0.5171510554056239
Q13418,ILK,Linsitinib,NTERA2,0.057718276374222256
Q13418,ILK,LY2835219,NTERA2,-0.322623158501323
Q13418,ILK,Ribociclib,NTERA2,-0.5540457206564733
Q13418,ILK,AC220,NTERA2,-0.11417924822578764
Q13418,ILK,Edelfosine,NTERA2,1.60950821047413
Q13418,ILK,GF109203X,NTERA2,1.0209314668501444
Q13418,ILK,Go6976,NTERA2,0.3967091433500074
Q13418,ILK,PF4708671,NTERA2,-1.5145894498608343
Q13418,ILK,SP600125,NTERA2,1.4151432904283714
Q13418,ILK,TAK715,NTERA2,0.9816396506769983
Q13418,ILK,TBCA,NTERA2,-0.23891469125477233
Q13418,ILK,AT13148,NTERA2,-2.21501059213868
Q13418,ILK,AZ20,NTERA2,-1.2303050180686832
Q13418,ILK,AZD6738,NTERA2,-1.8006627478079256
Q13418,ILK,Bosutinib,NTERA2,-0.7952227046379348
Q13418,ILK,Dabrafenib,NTERA2,-2.0194513897663815
Q13418,ILK,Dasatinib,NTERA2,-2.0541276962901445
Q13418,ILK,DNAPK,NTERA2,-1.9806976853560065
Q13418,ILK,H89,NTERA2,-1.02352440248206
Q13418,ILK,KD025,NTERA2,1.4846434085804927
Q13418,ILK,NU7441,NTERA2,-0.7670370729896044
Q13418,ILK,Ripasudil,NTERA2,0.041154197384075254
Q13418,ILK,Vemurafenib,NTERA2,-2.745761043151576
Q96QT4,TRPM7,AZD6482,NTERA2,0.09165872299106292
Q96QT4,TRPM7,CAL101,NTERA2,-0.10907361612724346
Q96QT4,TRPM7,GDC0941,NTERA2,1.8009364966381014
Q96QT4,TRPM7,HS173,NTERA2,0.011021487058077768
Q96QT4,TRPM7,PIK294,NTERA2,-0.8165012922982767
Q96QT4,TRPM7,TGX221,NTERA2,-0.7413954330883921
Q96QT4,TRPM7,CX4945,NTERA2,1.2691246621247985
Q96QT4,TRPM7,GO6983,NTERA2,1.6970975201739982
Q96QT4,TRPM7,KN93,NTERA2,1.2652887363059075
Q96QT4,TRPM7,MK2206,NTERA2,1.7255245308941338
Q96QT4,TRPM7,AZD5438,NTERA2,0.44517147605446405
Q96QT4,TRPM7,FRAX486,NTERA2,0.9793417699273905
Q96QT4,TRPM7,Ku0063794,NTERA2,0.1337363925982026
Q96QT4,TRPM7,PD153035,NTERA2,-0.459264991401342
Q96QT4,TRPM7,PF3758309,NTERA2,0.32078490510321606
Q96QT4,TRPM7,Torin,NTERA2,-0.17682581592233163
Q96QT4,TRPM7,Trametinib,NTERA2,-1.1879251267571882
Q96QT4,TRPM7,AZD1480,NTERA2,0.4029390497442704
Q96QT4,TRPM7,AZD5363,NTERA2,-0.15894946639935367
Q96QT4,TRPM7,BX912,NTERA2,1.0080512228174106
Q96QT4,TRPM7,CHIR99021,NTERA2,-0.8233040739457439
Q96QT4,TRPM7,GSK2334470,NTERA2,1.048161549644373
Q96QT4,TRPM7,Ipatasertib,NTERA2,-1.1128226122021145
Q96QT4,TRPM7,LY2090314,NTERA2,-0.4732187325209846
Q96QT4,TRPM7,Tofacitinib,NTERA2,0.21017053598745258
Q96QT4,TRPM7,AZD8055,NTERA2,0.3874687356836514
Q96QT4,TRPM7,GDC0994,NTERA2,0.42872952609202003
Q96QT4,TRPM7,JNK,NTERA2,0.3028533661832201
Q96QT4,TRPM7,LY2584702,NTERA2,3.3328068380205975
Q96QT4,TRPM7,PH797804,NTERA2,0.49516136853223147
Q96QT4,TRPM7,Selumetinib,NTERA2,0.8369122572034686
Q96QT4,TRPM7,U73122,NTERA2,0.6907583017243406
Q96QT4,TRPM7,Ulixertinib,NTERA2,0.6685259014101609
Q96QT4,TRPM7,Amuvatinib,NTERA2,0.42608103807211384
Q96QT4,TRPM7,AZD3759,NTERA2,-0.3331604212187748
Q96QT4,TRPM7,GSK690693,NTERA2,0.2325464268955171
Q96QT4,TRPM7,JNJ,NTERA2,0.28436674503154796
Q96QT4,TRPM7,KN62,NTERA2,-1.1603542895626253
Q96QT4,TRPM7,Linsitinib,NTERA2,-0.4885027716815612
Q96QT4,TRPM7,LY2835219,NTERA2,0.27173238048570214
Q96QT4,TRPM7,Ribociclib,NTERA2,-0.5473967518873862
Q96QT4,TRPM7,AC220,NTERA2,-0.8792272891623099
Q96QT4,TRPM7,Edelfosine,NTERA2,0.4393896800000994
Q96QT4,TRPM7,GF109203X,NTERA2,-0.25591272271103693
Q96QT4,TRPM7,Go6976,NTERA2,0.46578628153838303
Q96QT4,TRPM7,PF4708671,NTERA2,-0.19275781590097252
Q96QT4,TRPM7,SP600125,NTERA2,-0.07938537988872255
Q96QT4,TRPM7,TAK715,NTERA2,0.9159011743038558
Q96QT4,TRPM7,TBCA,NTERA2,-1.1496615115825612
Q96QT4,TRPM7,AT13148,NTERA2,2.3180959585205354
Q96QT4,TRPM7,AZ20,NTERA2,0.211884305142275
Q96QT4,TRPM7,AZD6738,NTERA2,1.6040186765907307
Q96QT4,TRPM7,Bosutinib,NTERA2,1.4922525931035913
Q96QT4,TRPM7,Dabrafenib,NTERA2,2.040903676946673
Q96QT4,TRPM7,Dasatinib,NTERA2,0.2685717739404356
Q96QT4,TRPM7,DNAPK,NTERA2,1.8617602555638435
Q96QT4,TRPM7,H89,NTERA2,2.468488777441517
Q96QT4,TRPM7,KD025,NTERA2,1.3451400669270193
Q96QT4,TRPM7,NU7441,NTERA2,1.4259180226203703
Q96QT4,TRPM7,Ripasudil,NTERA2,0.8512896773971038
Q96QT4,TRPM7,Vemurafenib,NTERA2,-0.23913593254914534
P37173,TGFBR2,AZD6482,NTERA2,
P37173,TGFBR2,CAL101,NTERA2,
P37173,TGFBR2,GDC0941,NTERA2,
P37173,TGFBR2,HS173,NTERA2,
P37173,TGFBR2,PIK294,NTERA2,
P37173,TGFBR2,TGX221,NTERA2,
P37173,TGFBR2,CX4945,NTERA2,
P37173,TGFBR2,GO6983,NTERA2,
P37173,TGFBR2,KN93,NTERA2,
P37173,TGFBR2,MK2206,NTERA2,
P37173,TGFBR2,AZD5438,NTERA2,
P37173,TGFBR2,FRAX486,NTERA2,
P37173,TGFBR2,Ku0063794,NTERA2,
P37173,TGFBR2,PD153035,NTERA2,
P37173,TGFBR2,PF3758309,NTERA2,
P37173,TGFBR2,Torin,NTERA2,
P37173,TGFBR2,Trametinib,NTERA2,
P37173,TGFBR2,AZD1480,NTERA2,
P37173,TGFBR2,AZD5363,NTERA2,
P37173,TGFBR2,BX912,NTERA2,
P37173,TGFBR2,CHIR99021,NTERA2,
P37173,TGFBR2,GSK2334470,NTERA2,
P37173,TGFBR2,Ipatasertib,NTERA2,
P37173,TGFBR2,LY2090314,NTERA2,
P37173,TGFBR2,Tofacitinib,NTERA2,
P37173,TGFBR2,AZD8055,NTERA2,
P37173,TGFBR2,GDC0994,NTERA2,
P37173,TGFBR2,JNK,NTERA2,
P37173,TGFBR2,LY2584702,NTERA2,
P37173,TGFBR2,PH797804,NTERA2,
P37173,TGFBR2,Selumetinib,NTERA2,
P37173,TGFBR2,U73122,NTERA2,
P37173,TGFBR2,Ulixertinib,NTERA2,
P37173,TGFBR2,Amuvatinib,NTERA2,
P37173,TGFBR2,AZD3759,NTERA2,
P37173,TGFBR2,GSK690693,NTERA2,
P37173,TGFBR2,JNJ,NTERA2,
P37173,TGFBR2,KN62,NTERA2,
P37173,TGFBR2,Linsitinib,NTERA2,
P37173,TGFBR2,LY2835219,NTERA2,
P37173,TGFBR2,Ribociclib,NTERA2,
P37173,TGFBR2,AC220,NTERA2,
P37173,TGFBR2,Edelfosine,NTERA2,
P37173,TGFBR2,GF109203X,NTERA2,
P37173,TGFBR2,Go6976,NTERA2,
P37173,TGFBR2,PF4708671,NTERA2,
P37173,TGFBR2,SP600125,NTERA2,
P37173,TGFBR2,TAK715,NTERA2,
P37173,TGFBR2,TBCA,NTERA2,
P37173,TGFBR2,AT13148,NTERA2,
P37173,TGFBR2,AZ20,NTERA2,
P37173,TGFBR2,AZD6738,NTERA2,
P37173,TGFBR2,Bosutinib,NTERA2,
P37173,TGFBR2,Dabrafenib,NTERA2,
P37173,TGFBR2,Dasatinib,NTERA2,
P37173,TGFBR2,DNAPK,NTERA2,
P37173,TGFBR2,H89,NTERA2,
P37173,TGFBR2,KD025,NTERA2,
P37173,TGFBR2,NU7441,NTERA2,
P37173,TGFBR2,Ripasudil,NTERA2,
P37173,TGFBR2,Vemurafenib,NTERA2,
Q9Y463,DYRK1B,AZD6482,NTERA2,0.3132026969743645
Q9Y463,DYRK1B,CAL101,NTERA2,0.3658463862057104
Q9Y463,DYRK1B,GDC0941,NTERA2,-0.36089905383285703
Q9Y463,DYRK1B,HS173,NTERA2,-0.7181346874583732
Q9Y463,DYRK1B,PIK294,NTERA2,-0.4526628731976784
Q9Y463,DYRK1B,TGX221,NTERA2,-0.47904097245645705
Q9Y463,DYRK1B,CX4945,NTERA2,0.49796434787445903
Q9Y463,DYRK1B,GO6983,NTERA2,0.59804331369497
Q9Y463,DYRK1B,KN93,NTERA2,0.39995509797880985
Q9Y463,DYRK1B,MK2206,NTERA2,1.337255733970865
Q9Y463,DYRK1B,AZD5438,NTERA2,-2.131865383054063
Q9Y463,DYRK1B,FRAX486,NTERA2,-1.1480302917901806
Q9Y463,DYRK1B,Ku0063794,NTERA2,-1.1730888295699609
Q9Y463,DYRK1B,PD153035,NTERA2,-1.5756848945377513
Q9Y463,DYRK1B,PF3758309,NTERA2,-0.7361030464029789
Q9Y463,DYRK1B,Torin,NTERA2,-0.21981085647287482
Q9Y463,DYRK1B,Trametinib,NTERA2,-2.710285745011831
Q9Y463,DYRK1B,AZD1480,NTERA2,-2.0592408812641665
Q9Y463,DYRK1B,AZD5363,NTERA2,-0.17418113733855115
Q9Y463,DYRK1B,BX912,NTERA2,-2.3019886551318836
Q9Y463,DYRK1B,CHIR99021,NTERA2,-2.242999283918545
Q9Y463,DYRK1B,GSK2334470,NTERA2,-1.427140512005191
Q9Y463,DYRK1B,Ipatasertib,NTERA2,2.259614694228033
Q9Y463,DYRK1B,LY2090314,NTERA2,0.1851182088218431
Q9Y463,DYRK1B,Tofacitinib,NTERA2,-1.0938967735697638
Q9Y463,DYRK1B,AZD8055,NTERA2,0.2719881466104449
Q9Y463,DYRK1B,GDC0994,NTERA2,-0.02590804302176971
Q9Y463,DYRK1B,JNK,NTERA2,0.6202079940415154
Q9Y463,DYRK1B,LY2584702,NTERA2,0.9185453155085075
Q9Y463,DYRK1B,PH797804,NTERA2,0.10042600757895147
Q9Y463,DYRK1B,Selumetinib,NTERA2,0.07867757110454054
Q9Y463,DYRK1B,U73122,NTERA2,0.6496677905086697
Q9Y463,DYRK1B,Ulixertinib,NTERA2,1.4977467474719892
Q9Y463,DYRK1B,Amuvatinib,NTERA2,0.9269719800388625
Q9Y463,DYRK1B,AZD3759,NTERA2,0.8792440914701054
Q9Y463,DYRK1B,GSK690693,NTERA2,0.5418311692768849
Q9Y463,DYRK1B,JNJ,NTERA2,0.9925447747369215
Q9Y463,DYRK1B,KN62,NTERA2,0.8360368883860521
Q9Y463,DYRK1B,Linsitinib,NTERA2,0.5756358406569613
Q9Y463,DYRK1B,LY2835219,NTERA2,0.2671389226709806
Q9Y463,DYRK1B,Ribociclib,NTERA2,0.6357266417338852
Q9Y463,DYRK1B,AC220,NTERA2,0.5401864531915549
Q9Y463,DYRK1B,Edelfosine,NTERA2,0.7885680666703043
Q9Y463,DYRK1B,GF109203X,NTERA2,0.1314513710208172
Q9Y463,DYRK1B,Go6976,NTERA2,0.3682106372812153
Q9Y463,DYRK1B,PF4708671,NTERA2,0.4918945835975166
Q9Y463,DYRK1B,SP600125,NTERA2,0.4646441401904678
Q9Y463,DYRK1B,TAK715,NTERA2,0.36350349829452483
Q9Y463,DYRK1B,TBCA,NTERA2,0.8417868952310298
Q9Y463,DYRK1B,AT13148,NTERA2,-0.5108905997590677
Q9Y463,DYRK1B,AZ20,NTERA2,0.4839777694308811
Q9Y463,DYRK1B,AZD6738,NTERA2,0.7970071601678125
Q9Y463,DYRK1B,Bosutinib,NTERA2,-0.6168382140326815
Q9Y463,DYRK1B,Dabrafenib,NTERA2,0.5464776103280313
Q9Y463,DYRK1B,Dasatinib,NTERA2,1.6085099107287564
Q9Y463,DYRK1B,DNAPK,NTERA2,0.13872096790944344
Q9Y463,DYRK1B,H89,NTERA2,0.1929350504907557
Q9Y463,DYRK1B,KD025,NTERA2,1.1171953752971544
Q9Y463,DYRK1B,NU7441,NTERA2,1.2111741501848303
Q9Y463,DYRK1B,Ripasudil,NTERA2,0.696091263358524
Q9Y463,DYRK1B,Vemurafenib,NTERA2,1.47575597035868
P51617,IRAK1,AZD6482,NTERA2,0.040843191741509334
P51617,IRAK1,CAL101,NTERA2,-0.18615735715057297
P51617,IRAK1,GDC0941,NTERA2,-1.2253286248486484
P51617,IRAK1,HS173,NTERA2,-1.211376695968097
P51617,IRAK1,PIK294,NTERA2,-1.283672316794032
P51617,IRAK1,TGX221,NTERA2,-0.9239589424917646
P51617,IRAK1,CX4945,NTERA2,0.2514628670595578
P51617,IRAK1,GO6983,NTERA2,-0.16196176227748016
P51617,IRAK1,KN93,NTERA2,0.45331736353543634
P51617,IRAK1,MK2206,NTERA2,1.9343109549960702
P51617,IRAK1,AZD5438,NTERA2,0.23363185007165585
P51617,IRAK1,FRAX486,NTERA2,-0.05679302630392715
P51617,IRAK1,Ku0063794,NTERA2,0.7706803133406588
P51617,IRAK1,PD153035,NTERA2,0.7555246973674125
P51617,IRAK1,PF3758309,NTERA2,-0.5672756553388608
P51617,IRAK1,Torin,NTERA2,0.40645911515452127
P51617,IRAK1,Trametinib,NTERA2,-1.4026179757317898
P51617,IRAK1,AZD1480,NTERA2,0.6983667050852868
P51617,IRAK1,AZD5363,NTERA2,-1.0088896220709878
P51617,IRAK1,BX912,NTERA2,-0.6071520170147957
P51617,IRAK1,CHIR99021,NTERA2,-0.7716644334448309
P51617,IRAK1,GSK2334470,NTERA2,1.85629733109396
P51617,IRAK1,Ipatasertib,NTERA2,1.3692613054638414
P51617,IRAK1,LY2090314,NTERA2,0.3257977267031466
P51617,IRAK1,Tofacitinib,NTERA2,1.041866950233665
P51617,IRAK1,AZD8055,NTERA2,0.7161988066778671
P51617,IRAK1,GDC0994,NTERA2,0.18352154920449976
P51617,IRAK1,JNK,NTERA2,0.3999519385753757
P51617,IRAK1,LY2584702,NTERA2,1.091548114429963
P51617,IRAK1,PH797804,NTERA2,1.0483235379708533
P51617,IRAK1,Selumetinib,NTERA2,0.44848280547487507
P51617,IRAK1,U73122,NTERA2,1.0987377867255543
P51617,IRAK1,Ulixertinib,NTERA2,1.3572938902989191
P51617,IRAK1,Amuvatinib,NTERA2,0.5888768628060705
P51617,IRAK1,AZD3759,NTERA2,1.8731364895392673
P51617,IRAK1,GSK690693,NTERA2,1.1322992699051218
P51617,IRAK1,JNJ,NTERA2,0.0902569960785568
P51617,IRAK1,KN62,NTERA2,0.8607561925735188
P51617,IRAK1,Linsitinib,NTERA2,0.6271104835488666
P51617,IRAK1,LY2835219,NTERA2,0.7087069129137192
P51617,IRAK1,Ribociclib,NTERA2,-1.6997812355613453
P51617,IRAK1,AC220,NTERA2,-0.9145614846236669
P51617,IRAK1,Edelfosine,NTERA2,0.7225365046431548
P51617,IRAK1,GF109203X,NTERA2,-0.14295098782905474
P51617,IRAK1,Go6976,NTERA2,-0.23138677391839343
P51617,IRAK1,PF4708671,NTERA2,-0.36107486619254014
P51617,IRAK1,SP600125,NTERA2,-1.1748894807340367
P51617,IRAK1,TAK715,NTERA2,-0.7496981844887216
P51617,IRAK1,TBCA,NTERA2,-0.35580114382434774
P51617,IRAK1,AT13148,NTERA2,-0.4177186197568403
P51617,IRAK1,AZ20,NTERA2,0.46232578040812794
P51617,IRAK1,AZD6738,NTERA2,0.13106296708710588
P51617,IRAK1,Bosutinib,NTERA2,-0.9499119695292595
P51617,IRAK1,Dabrafenib,NTERA2,-0.38522674389092154
P51617,IRAK1,Dasatinib,NTERA2,-0.025751417430308704
P51617,IRAK1,DNAPK,NTERA2,0.953498587372389
P51617,IRAK1,H89,NTERA2,0.6286048222109802
P51617,IRAK1,KD025,NTERA2,0.4646770919378454
P51617,IRAK1,NU7441,NTERA2,-0.7218567569336097
P51617,IRAK1,Ripasudil,NTERA2,-0.4356251539001568
P51617,IRAK1,Vemurafenib,NTERA2,0.3023247810412327
Q06187,BTK,AZD6482,NTERA2,-0.3893568652855098
Q06187,BTK,CAL101,NTERA2,-1.0064056890381183
Q06187,BTK,GDC0941,NTERA2,-0.2864545378964802
Q06187,BTK,HS173,NTERA2,-0.28245079012930735
Q06187,BTK,PIK294,NTERA2,-0.591287944578947
Q06187,BTK,TGX221,NTERA2,-0.4358919030766899
Q06187,BTK,CX4945,NTERA2,0.20968794729649448
Q06187,BTK,GO6983,NTERA2,1.0109470080850709
Q06187,BTK,KN93,NTERA2,0.19252164168407002
Q06187,BTK,MK2206,NTERA2,-0.456891275545477
Q06187,BTK,AZD5438,NTERA2,1.154301602350615
Q06187,BTK,FRAX486,NTERA2,-0.9157646802022289
Q06187,BTK,Ku0063794,NTERA2,0.8708447615552107
Q06187,BTK,PD153035,NTERA2,0.9550513690760151
Q06187,BTK,PF3758309,NTERA2,0.3834565412283398
Q06187,BTK,Torin,NTERA2,0.3689146228983208
Q06187,BTK,Trametinib,NTERA2,-1.0814740487427073
Q06187,BTK,AZD1480,NTERA2,-0.10492482091379614
Q06187,BTK,AZD5363,NTERA2,-1.3614103911605206
Q06187,BTK,BX912,NTERA2,-0.6387378065188003
Q06187,BTK,CHIR99021,NTERA2,0.07778730513887165
Q06187,BTK,GSK2334470,NTERA2,-0.23940586523613244
Q06187,BTK,Ipatasertib,NTERA2,0.5935310504912387
Q06187,BTK,LY2090314,NTERA2,0.6228109999768622
Q06187,BTK,Tofacitinib,NTERA2,-0.18532213850466706
Q06187,BTK,AZD8055,NTERA2,1.2307551434732116
Q06187,BTK,GDC0994,NTERA2,1.3080746457796049
Q06187,BTK,JNK,NTERA2,0.8431765877778973
Q06187,BTK,LY2584702,NTERA2,1.4157227283960931
Q06187,BTK,PH797804,NTERA2,1.2984508638146293
Q06187,BTK,Selumetinib,NTERA2,1.0755618350821097
Q06187,BTK,U73122,NTERA2,1.0021925080625642
Q06187,BTK,Ulixertinib,NTERA2,1.3951990073355358
Q06187,BTK,Amuvatinib,NTERA2,-0.49099816965052406
Q06187,BTK,AZD3759,NTERA2,-0.05266837716288367
Q06187,BTK,GSK690693,NTERA2,-0.2739828662605301
Q06187,BTK,JNJ,NTERA2,0.3540645100742464
Q06187,BTK,KN62,NTERA2,0.3988031648733812
Q06187,BTK,Linsitinib,NTERA2,0.22499795572747927
Q06187,BTK,LY2835219,NTERA2,0.35969675540666657
Q06187,BTK,Ribociclib,NTERA2,0.7301802226905907
Q06187,BTK,AC220,NTERA2,1.7261871832526023
Q06187,BTK,Edelfosine,NTERA2,2.240040390090304
Q06187,BTK,GF109203X,NTERA2,1.8114545815297651
Q06187,BTK,Go6976,NTERA2,1.7714131029551599
Q06187,BTK,PF4708671,NTERA2,1.8787366007011896
Q06187,BTK,SP600125,NTERA2,-0.6718820690457077
Q06187,BTK,TAK715,NTERA2,1.7974136110614667
Q06187,BTK,TBCA,NTERA2,1.6887549485881235
Q06187,BTK,AT13148,NTERA2,-5.225492777929659
Q06187,BTK,AZ20,NTERA2,-1.1095067993308552
Q06187,BTK,AZD6738,NTERA2,1.0624174582299422
Q06187,BTK,Bosutinib,NTERA2,-3.7760140071124195
Q06187,BTK,Dabrafenib,NTERA2,0.09940168588154438
Q06187,BTK,Dasatinib,NTERA2,-0.6377451710747869
Q06187,BTK,DNAPK,NTERA2,0.965060391557031
Q06187,BTK,H89,NTERA2,-0.366714085077888
Q06187,BTK,KD025,NTERA2,-0.05755956651049009
Q06187,BTK,NU7441,NTERA2,0.9944140703281903
Q06187,BTK,Ripasudil,NTERA2,0.9573086097078762
Q06187,BTK,Vemurafenib,NTERA2,-0.20164999126490454
O14733,MAP2K7,AZD6482,NTERA2,0.09385161461944709
O14733,MAP2K7,CAL101,NTERA2,0.5441141691678435
O14733,MAP2K7,GDC0941,NTERA2,-0.5757422036328949
O14733,MAP2K7,HS173,NTERA2,-0.5704264439912727
O14733,MAP2K7,PIK294,NTERA2,0.6693770452225662
O14733,MAP2K7,TGX221,NTERA2,-0.23178467390369473
O14733,MAP2K7,CX4945,NTERA2,-0.28397333278759035
O14733,MAP2K7,GO6983,NTERA2,0.03104951002002458
O14733,MAP2K7,KN93,NTERA2,-0.17318092575651228
O14733,MAP2K7,MK2206,NTERA2,0.1294725526872911
O14733,MAP2K7,AZD5438,NTERA2,-0.4944063593526737
O14733,MAP2K7,FRAX486,NTERA2,0.5597987808223488
O14733,MAP2K7,Ku0063794,NTERA2,-0.33688024211438705
O14733,MAP2K7,PD153035,NTERA2,0.2602292865854419
O14733,MAP2K7,PF3758309,NTERA2,0.06644871563040385
O14733,MAP2K7,Torin,NTERA2,-1.001038689150816
O14733,MAP2K7,Trametinib,NTERA2,0.35208531209089255
O14733,MAP2K7,AZD1480,NTERA2,0.3423865144181816
O14733,MAP2K7,AZD5363,NTERA2,-0.06337822191029328
O14733,MAP2K7,BX912,NTERA2,-0.5160512474827268
O14733,MAP2K7,CHIR99021,NTERA2,0.06269009089634105
O14733,MAP2K7,GSK2334470,NTERA2,0.45185694824785205
O14733,MAP2K7,Ipatasertib,NTERA2,0.4948777511898096
O14733,MAP2K7,LY2090314,NTERA2,-0.4264214782794122
O14733,MAP2K7,Tofacitinib,NTERA2,-0.42263754423062294
O14733,MAP2K7,AZD8055,NTERA2,0.2825910713765084
O14733,MAP2K7,GDC0994,NTERA2,0.6007053668156326
O14733,MAP2K7,JNK,NTERA2,0.5473937654540384
O14733,MAP2K7,LY2584702,NTERA2,-0.028954226861788432
O14733,MAP2K7,PH797804,NTERA2,-0.7858777809446161
O14733,MAP2K7,Selumetinib,NTERA2,0.5129266765304209
O14733,MAP2K7,U73122,NTERA2,-0.6796437199224766
O14733,MAP2K7,Ulixertinib,NTERA2,0.23010097967607643
O14733,MAP2K7,Amuvatinib,NTERA2,0.20744013366138347
O14733,MAP2K7,AZD3759,NTERA2,0.9232030890689825
O14733,MAP2K7,GSK690693,NTERA2,-0.328244057629478
O14733,MAP2K7,JNJ,NTERA2,-0.008071041497647674
O14733,MAP2K7,KN62,NTERA2,0.4910338677437374
O14733,MAP2K7,Linsitinib,NTERA2,0.5966495249620459
O14733,MAP2K7,LY2835219,NTERA2,0.4239516055873047
O14733,MAP2K7,Ribociclib,NTERA2,-0.40938818169021873
O14733,MAP2K7,AC220,NTERA2,0.10334221263570935
O14733,MAP2K7,Edelfosine,NTERA2,-0.6392665014208532
O14733,MAP2K7,GF109203X,NTERA2,-0.2901939811541474
O14733,MAP2K7,Go6976,NTERA2,0.015175147442269842
O14733,MAP2K7,PF4708671,NTERA2,0.8728221716332722
O14733,MAP2K7,SP600125,NTERA2,-0.28459675653257754
O14733,MAP2K7,TAK715,NTERA2,-0.20262653861477048
O14733,MAP2K7,TBCA,NTERA2,-0.6594216970675454
O14733,MAP2K7,AT13148,NTERA2,0.20652587447585713
O14733,MAP2K7,AZ20,NTERA2,-0.2517200793359437
O14733,MAP2K7,AZD6738,NTERA2,0.104562245074221
O14733,MAP2K7,Bosutinib,NTERA2,0.0171536518227201
O14733,MAP2K7,Dabrafenib,NTERA2,0.042219178852560504
O14733,MAP2K7,Dasatinib,NTERA2,0.08512048572408037
O14733,MAP2K7,DNAPK,NTERA2,-0.0009222179772257887
O14733,MAP2K7,H89,NTERA2,0.01552949053694968
O14733,MAP2K7,KD025,NTERA2,0.1421564990168041
O14733,MAP2K7,NU7441,NTERA2,0.08398558168566236
O14733,MAP2K7,Ripasudil,NTERA2,0.10490103717262743
O14733,MAP2K7,Vemurafenib,NTERA2,-0.08942606964738763
Q13627,DYRK1A,AZD6482,NTERA2,1.2718286332278304
Q13627,DYRK1A,CAL101,NTERA2,0.6406832719654327
Q13627,DYRK1A,GDC0941,NTERA2,-0.0030626361422225108
Q13627,DYRK1A,HS173,NTERA2,0.18515858124708406
Q13627,DYRK1A,PIK294,NTERA2,-3.787181765372767
Q13627,DYRK1A,TGX221,NTERA2,0.792263090866965
Q13627,DYRK1A,CX4945,NTERA2,-1.6258391017330234
Q13627,DYRK1A,GO6983,NTERA2,-1.0059013043900704
Q13627,DYRK1A,KN93,NTERA2,-1.4382698369496034
Q13627,DYRK1A,MK2206,NTERA2,-0.09552586687305686
Q13627,DYRK1A,AZD5438,NTERA2,-0.339843624486622
Q13627,DYRK1A,FRAX486,NTERA2,0.5505871678615556
Q13627,DYRK1A,Ku0063794,NTERA2,0.9441490892001939
Q13627,DYRK1A,PD153035,NTERA2,0.682827027803583
Q13627,DYRK1A,PF3758309,NTERA2,-0.3663438950604292
Q13627,DYRK1A,Torin,NTERA2,0.46354244630363206
Q13627,DYRK1A,Trametinib,NTERA2,-0.2712047873834627
Q13627,DYRK1A,AZD1480,NTERA2,-1.729752835140344
Q13627,DYRK1A,AZD5363,NTERA2,0.3331498333009833
Q13627,DYRK1A,BX912,NTERA2,-0.42531742861143534
Q13627,DYRK1A,CHIR99021,NTERA2,-3.1051553644841348
Q13627,DYRK1A,GSK2334470,NTERA2,-0.33487995415017696
Q13627,DYRK1A,Ipatasertib,NTERA2,0.6358421217068814
Q13627,DYRK1A,LY2090314,NTERA2,-2.2336108447292364
Q13627,DYRK1A,Tofacitinib,NTERA2,-2.5945536709767096
Q13627,DYRK1A,AZD8055,NTERA2,0.9641500704834332
Q13627,DYRK1A,GDC0994,NTERA2,-0.6352544751422275
Q13627,DYRK1A,JNK,NTERA2,0.48466377697283286
Q13627,DYRK1A,LY2584702,NTERA2,0.301053821113939
Q13627,DYRK1A,PH797804,NTERA2,0.5896926331810584
Q13627,DYRK1A,Selumetinib,NTERA2,0.8918104850610125
Q13627,DYRK1A,U73122,NTERA2,0.01916074323785763
Q13627,DYRK1A,Ulixertinib,NTERA2,0.3341727384809481
Q13627,DYRK1A,Amuvatinib,NTERA2,-2.0360027053312373
Q13627,DYRK1A,AZD3759,NTERA2,-1.0637973680961674
Q13627,DYRK1A,GSK690693,NTERA2,-1.432100176192703
Q13627,DYRK1A,JNJ,NTERA2,-0.9278742692395285
Q13627,DYRK1A,KN62,NTERA2,-2.453316276003402
Q13627,DYRK1A,Linsitinib,NTERA2,-0.3743241009868544
Q13627,DYRK1A,LY2835219,NTERA2,-2.3949647877189597
Q13627,DYRK1A,Ribociclib,NTERA2,-1.305793477571742
Q13627,DYRK1A,AC220,NTERA2,-1.845567351781853
Q13627,DYRK1A,Edelfosine,NTERA2,-1.3739594258303056
Q13627,DYRK1A,GF109203X,NTERA2,-2.2054353980448025
Q13627,DYRK1A,Go6976,NTERA2,-0.4691963021370027
Q13627,DYRK1A,PF4708671,NTERA2,-1.077483595206367
Q13627,DYRK1A,SP600125,NTERA2,-0.9937231692516344
Q13627,DYRK1A,TAK715,NTERA2,-2.325208618099618
Q13627,DYRK1A,TBCA,NTERA2,-0.8520744900129316
Q13627,DYRK1A,AT13148,NTERA2,0.6694332679100865
Q13627,DYRK1A,AZ20,NTERA2,0.4632236057544663
Q13627,DYRK1A,AZD6738,NTERA2,0.5688396743463779
Q13627,DYRK1A,Bosutinib,NTERA2,-0.676358466369592
Q13627,DYRK1A,Dabrafenib,NTERA2,-0.6116199007501032
Q13627,DYRK1A,Dasatinib,NTERA2,0.3037278937621834
Q13627,DYRK1A,DNAPK,NTERA2,0.455846567432399
Q13627,DYRK1A,H89,NTERA2,-0.297908388650466
Q13627,DYRK1A,KD025,NTERA2,0.5863659961943217
Q13627,DYRK1A,NU7441,NTERA2,2.4687550214966465
Q13627,DYRK1A,Ripasudil,NTERA2,-0.23766400185339157
Q13627,DYRK1A,Vemurafenib,NTERA2,-0.18639506115674864
Q2M2I8,AAK1,AZD6482,NTERA2,0.2018654301038351
Q2M2I8,AAK1,CAL101,NTERA2,-0.6659068088096516
Q2M2I8,AAK1,GDC0941,NTERA2,-0.718004861501116
Q2M2I8,AAK1,HS173,NTERA2,-0.015179515314274855
Q2M2I8,AAK1,PIK294,NTERA2,-1.5003484814633432
Q2M2I8,AAK1,TGX221,NTERA2,-0.3026875453976937
Q2M2I8,AAK1,CX4945,NTERA2,1.0219353993023907
Q2M2I8,AAK1,GO6983,NTERA2,0.5037230250849062
Q2M2I8,AAK1,KN93,NTERA2,0.3918807286995538
Q2M2I8,AAK1,MK2206,NTERA2,1.0987155069957615
Q2M2I8,AAK1,AZD5438,NTERA2,0.2010547600023098
Q2M2I8,AAK1,FRAX486,NTERA2,-0.45209638039564076
Q2M2I8,AAK1,Ku0063794,NTERA2,-0.8954622685273765
Q2M2I8,AAK1,PD153035,NTERA2,-0.7224189604453857
Q2M2I8,AAK1,PF3758309,NTERA2,0.7225570009903688
Q2M2I8,AAK1,Torin,NTERA2,-0.9890998071694982
Q2M2I8,AAK1,Trametinib,NTERA2,-0.31544513653967043
Q2M2I8,AAK1,AZD1480,NTERA2,1.0886646275984142
Q2M2I8,AAK1,AZD5363,NTERA2,1.48903403292795
Q2M2I8,AAK1,BX912,NTERA2,-0.10110747444712777
Q2M2I8,AAK1,CHIR99021,NTERA2,1.1425779318038582
Q2M2I8,AAK1,GSK2334470,NTERA2,1.351122571863545
Q2M2I8,AAK1,Ipatasertib,NTERA2,0.4346392390189509
Q2M2I8,AAK1,LY2090314,NTERA2,-0.15437337315865443
Q2M2I8,AAK1,Tofacitinib,NTERA2,-0.8757547938181397
Q2M2I8,AAK1,AZD8055,NTERA2,0.07213331673408406
Q2M2I8,AAK1,GDC0994,NTERA2,-0.07027840217875539
Q2M2I8,AAK1,JNK,NTERA2,-0.8583253530668863
Q2M2I8,AAK1,LY2584702,NTERA2,-1.8072654083823947
Q2M2I8,AAK1,PH797804,NTERA2,0.33615688054982906
Q2M2I8,AAK1,Selumetinib,NTERA2,1.516993270977222
Q2M2I8,AAK1,U73122,NTERA2,-0.5100495887986863
Q2M2I8,AAK1,Ulixertinib,NTERA2,-1.9583992433993458
Q2M2I8,AAK1,Amuvatinib,NTERA2,-2.234743546089603
Q2M2I8,AAK1,AZD3759,NTERA2,-2.3391254836026896
Q2M2I8,AAK1,GSK690693,NTERA2,-2.2697935412349715
Q2M2I8,AAK1,JNJ,NTERA2,-2.2470473065572825
Q2M2I8,AAK1,KN62,NTERA2,-3.4186459502488327
Q2M2I8,AAK1,Linsitinib,NTERA2,-2.524855655251827
Q2M2I8,AAK1,LY2835219,NTERA2,-1.4217501046181937
Q2M2I8,AAK1,Ribociclib,NTERA2,0.2777934850966422
Q2M2I8,AAK1,AC220,NTERA2,-0.49231131187505706
Q2M2I8,AAK1,Edelfosine,NTERA2,0.3262907643319232
Q2M2I8,AAK1,GF109203X,NTERA2,-0.9567553125708352
Q2M2I8,AAK1,Go6976,NTERA2,1.4042404758606961
Q2M2I8,AAK1,PF4708671,NTERA2,-1.6316973732971891
Q2M2I8,AAK1,SP600125,NTERA2,-1.2200610627036554
Q2M2I8,AAK1,TAK715,NTERA2,0.577732929588617
Q2M2I8,AAK1,TBCA,NTERA2,-0.17865237908034665
Q2M2I8,AAK1,AT13148,NTERA2,-0.29937128999000345
Q2M2I8,AAK1,AZ20,NTERA2,-3.648582600212786
Q2M2I8,AAK1,AZD6738,NTERA2,0.010110134902291108
Q2M2I8,AAK1,Bosutinib,NTERA2,0.7180895874325491
Q2M2I8,AAK1,Dabrafenib,NTERA2,1.6458869420002704
Q2M2I8,AAK1,Dasatinib,NTERA2,-0.9336128898083452
Q2M2I8,AAK1,DNAPK,NTERA2,-0.5572002513157982
Q2M2I8,AAK1,H89,NTERA2,0.8074982918689126
Q2M2I8,AAK1,KD025,NTERA2,-0.309805619943166
Q2M2I8,AAK1,NU7441,NTERA2,-2.2926840810519895
Q2M2I8,AAK1,Ripasudil,NTERA2,1.4395826605992526
Q2M2I8,AAK1,Vemurafenib,NTERA2,1.9510343673679633
O94804,STK10,AZD6482,NTERA2,-0.18740349879095905
O94804,STK10,CAL101,NTERA2,-0.3496543655556848
O94804,STK10,GDC0941,NTERA2,0.8429842819184995
O94804,STK10,HS173,NTERA2,1.1747787314942864
O94804,STK10,PIK294,NTERA2,0.2641454192296569
O94804,STK10,TGX221,NTERA2,-0.6489328364615639
O94804,STK10,CX4945,NTERA2,0.4040605823627569
O94804,STK10,GO6983,NTERA2,-0.5394525018805091
O94804,STK10,KN93,NTERA2,1.1360759108265936
O94804,STK10,MK2206,NTERA2,1.6329591834409092
O94804,STK10,AZD5438,NTERA2,-1.3508461508187177
O94804,STK10,FRAX486,NTERA2,0.5096582249620155
O94804,STK10,Ku0063794,NTERA2,-1.365842226302825
O94804,STK10,PD153035,NTERA2,-2.373404439604157
O94804,STK10,PF3758309,NTERA2,0.32695274297927074
O94804,STK10,Torin,NTERA2,-0.08735541047672599
O94804,STK10,Trametinib,NTERA2,0.08200938568690043
O94804,STK10,AZD1480,NTERA2,1.5767588420048033
O94804,STK10,AZD5363,NTERA2,1.4657632145768422
O94804,STK10,BX912,NTERA2,2.357279881420409
O94804,STK10,CHIR99021,NTERA2,1.2993718644377852
O94804,STK10,GSK2334470,NTERA2,0.269355557492131
O94804,STK10,Ipatasertib,NTERA2,2.3478014263450255
O94804,STK10,LY2090314,NTERA2,1.2158966183196807
O94804,STK10,Tofacitinib,NTERA2,2.3060680021781987
O94804,STK10,AZD8055,NTERA2,-0.2633749259840326
O94804,STK10,GDC0994,NTERA2,0.08750158448438113
O94804,STK10,JNK,NTERA2,-0.4715318076287893
O94804,STK10,LY2584702,NTERA2,-1.9413823046351295
O94804,STK10,PH797804,NTERA2,0.2764447422816003
O94804,STK10,Selumetinib,NTERA2,-0.8091864066250489
O94804,STK10,U73122,NTERA2,0.2672424023893986
O94804,STK10,Ulixertinib,NTERA2,-0.8210316780173593
O94804,STK10,Amuvatinib,NTERA2,-2.242252707759833
O94804,STK10,AZD3759,NTERA2,-1.7655847599346897
O94804,STK10,GSK690693,NTERA2,-0.4467624944309774
O94804,STK10,JNJ,NTERA2,-1.0013753741983455
O94804,STK10,KN62,NTERA2,-0.361012791250292
O94804,STK10,Linsitinib,NTERA2,-1.0428553197754358
O94804,STK10,LY2835219,NTERA2,-0.7514758111613176
O94804,STK10,Ribociclib,NTERA2,-0.8228600460040001
O94804,STK10,AC220,NTERA2,-0.43919993603965946
O94804,STK10,Edelfosine,NTERA2,0.10875710466543989
O94804,STK10,GF109203X,NTERA2,-0.19446144075633692
O94804,STK10,Go6976,NTERA2,0.38698762990568975
O94804,STK10,PF4708671,NTERA2,0.027523787674560405
O94804,STK10,SP600125,NTERA2,0.39355620381716516
O94804,STK10,TAK715,NTERA2,0.7890932911632493
O94804,STK10,TBCA,NTERA2,0.17289179637989072
O94804,STK10,AT13148,NTERA2,0.030807877063329252
O94804,STK10,AZ20,NTERA2,2.459254214298451
O94804,STK10,AZD6738,NTERA2,1.8132065372231296
O94804,STK10,Bosutinib,NTERA2,1.0062080983186144
O94804,STK10,Dabrafenib,NTERA2,1.1181873869822834
O94804,STK10,Dasatinib,NTERA2,-0.48665803301495675
O94804,STK10,DNAPK,NTERA2,2.502307753674625
O94804,STK10,H89,NTERA2,0.6757932689772383
O94804,STK10,KD025,NTERA2,1.212039182145208
O94804,STK10,NU7441,NTERA2,0.9802772282866975
O94804,STK10,Ripasudil,NTERA2,0.4830508618605038
O94804,STK10,Vemurafenib,NTERA2,0.769166250595626
P04049,RAF1,AZD6482,NTERA2,-0.05104123358346616
P04049,RAF1,CAL101,NTERA2,0.44051237106214036
P04049,RAF1,GDC0941,NTERA2,-0.32381896686046574
P04049,RAF1,HS173,NTERA2,0.1570966760295239
P04049,RAF1,PIK294,NTERA2,0.10466608971633226
P04049,RAF1,TGX221,NTERA2,0.3418937135998172
P04049,RAF1,CX4945,NTERA2,0.6867382280780352
P04049,RAF1,GO6983,NTERA2,0.5791352133683143
P04049,RAF1,KN93,NTERA2,0.5010717544397434
P04049,RAF1,MK2206,NTERA2,0.55934438384811
P04049,RAF1,AZD5438,NTERA2,0.7456019354484889
P04049,RAF1,FRAX486,NTERA2,-4.416471387615562
P04049,RAF1,Ku0063794,NTERA2,0.9968466829476751
P04049,RAF1,PD153035,NTERA2,1.5653945237179756
P04049,RAF1,PF3758309,NTERA2,-0.1640071815569138
P04049,RAF1,Torin,NTERA2,0.12616405719658247
P04049,RAF1,Trametinib,NTERA2,-4.481718216565865
P04049,RAF1,AZD1480,NTERA2,-3.4204152792801876
P04049,RAF1,AZD5363,NTERA2,-0.5535569418740198
P04049,RAF1,BX912,NTERA2,-4.395211203666432
P04049,RAF1,CHIR99021,NTERA2,-0.3453051477280244
P04049,RAF1,GSK2334470,NTERA2,0.7173347924724758
P04049,RAF1,Ipatasertib,NTERA2,-0.2989117494796685
P04049,RAF1,LY2090314,NTERA2,-0.2717234372794877
P04049,RAF1,Tofacitinib,NTERA2,0.09326109909254778
P04049,RAF1,AZD8055,NTERA2,0.3715912702772506
P04049,RAF1,GDC0994,NTERA2,1.2338342196928802
P04049,RAF1,JNK,NTERA2,0.34277855152171455
P04049,RAF1,LY2584702,NTERA2,-0.717260924430135
P04049,RAF1,PH797804,NTERA2,0.4040865038756408
P04049,RAF1,Selumetinib,NTERA2,-1.7020437279867098
P04049,RAF1,U73122,NTERA2,1.0043343532660105
P04049,RAF1,Ulixertinib,NTERA2,2.854456930670905
P04049,RAF1,Amuvatinib,NTERA2,0.41172042253398683
P04049,RAF1,AZD3759,NTERA2,2.3702971211293966
P04049,RAF1,GSK690693,NTERA2,0.5044301922860376
P04049,RAF1,JNJ,NTERA2,-0.27660653668996255
P04049,RAF1,KN62,NTERA2,0.7560515901799273
P04049,RAF1,Linsitinib,NTERA2,-0.8555181516366394
P04049,RAF1,LY2835219,NTERA2,1.3065603342977423
P04049,RAF1,Ribociclib,NTERA2,0.6535240901195144
P04049,RAF1,AC220,NTERA2,0.3172777340627867
P04049,RAF1,Edelfosine,NTERA2,4.662202928301839
P04049,RAF1,GF109203X,NTERA2,0.6624161856800552
P04049,RAF1,Go6976,NTERA2,0.1426143707874707
P04049,RAF1,PF4708671,NTERA2,0.2394559197098055
P04049,RAF1,SP600125,NTERA2,0.09343769985323618
P04049,RAF1,TAK715,NTERA2,1.3061839256039691
P04049,RAF1,TBCA,NTERA2,0.5352967877853053
P04049,RAF1,AT13148,NTERA2,-0.560132141427898
P04049,RAF1,AZ20,NTERA2,0.6329952330486777
P04049,RAF1,AZD6738,NTERA2,0.7130285571260662
P04049,RAF1,Bosutinib,NTERA2,1.2954365866468989
P04049,RAF1,Dabrafenib,NTERA2,1.7019249024337244
P04049,RAF1,Dasatinib,NTERA2,-0.007798724107273638
P04049,RAF1,DNAPK,NTERA2,0.7774700869943951
P04049,RAF1,H89,NTERA2,-0.04244387584021404
P04049,RAF1,KD025,NTERA2,1.0865039705521393
P04049,RAF1,NU7441,NTERA2,0.8213188400909588
P04049,RAF1,Ripasudil,NTERA2,0.5514616086848891
P04049,RAF1,Vemurafenib,NTERA2,1.3014765831817483
P41279,MAP3K8,AZD6482,NTERA2,-1.2377095683048291
P41279,MAP3K8,CAL101,NTERA2,-0.8702276708626573
P41279,MAP3K8,GDC0941,NTERA2,-1.061943257318747
P41279,MAP3K8,HS173,NTERA2,0.1322149079615378
P41279,MAP3K8,PIK294,NTERA2,-0.431281543033256
P41279,MAP3K8,TGX221,NTERA2,-0.15154975562271025
P41279,MAP3K8,CX4945,NTERA2,1.64242770142515
P41279,MAP3K8,GO6983,NTERA2,0.19020216597319983
P41279,MAP3K8,KN93,NTERA2,1.041742131965755
P41279,MAP3K8,MK2206,NTERA2,1.3402918189664352
P41279,MAP3K8,AZD5438,NTERA2,0.1056529532761245
P41279,MAP3K8,FRAX486,NTERA2,-4.039503672975338
P41279,MAP3K8,Ku0063794,NTERA2,-0.23361716735382304
P41279,MAP3K8,PD153035,NTERA2,-0.3470954458901307
P41279,MAP3K8,PF3758309,NTERA2,-0.9921622100217998
P41279,MAP3K8,Torin,NTERA2,-0.6715395561452884
P41279,MAP3K8,Trametinib,NTERA2,-3.6583917389485463
P41279,MAP3K8,AZD1480,NTERA2,-4.1907592466789865
P41279,MAP3K8,AZD5363,NTERA2,0.8747470787378694
P41279,MAP3K8,BX912,NTERA2,-1.694389241162871
P41279,MAP3K8,CHIR99021,NTERA2,0.4125285141613281
P41279,MAP3K8,GSK2334470,NTERA2,0.29867072515042864
P41279,MAP3K8,Ipatasertib,NTERA2,2.5461768140485717
P41279,MAP3K8,LY2090314,NTERA2,-0.2058774857504507
P41279,MAP3K8,Tofacitinib,NTERA2,0.807993781073611
P41279,MAP3K8,AZD8055,NTERA2,-0.32443610860039096
P41279,MAP3K8,GDC0994,NTERA2,1.584227406432826
P41279,MAP3K8,JNK,NTERA2,-0.7076540875937496
P41279,MAP3K8,LY2584702,NTERA2,-1.7152841796982323
P41279,MAP3K8,PH797804,NTERA2,-0.2936023381829453
P41279,MAP3K8,Selumetinib,NTERA2,-3.1070833732452066
P41279,MAP3K8,U73122,NTERA2,0.6354392078429929
P41279,MAP3K8,Ulixertinib,NTERA2,0.9753297418384816
P41279,MAP3K8,Amuvatinib,NTERA2,0.2755604592620484
P41279,MAP3K8,AZD3759,NTERA2,0.6840178868194443
P41279,MAP3K8,GSK690693,NTERA2,1.396423100065193
P41279,MAP3K8,JNJ,NTERA2,0.01237698451345565
P41279,MAP3K8,KN62,NTERA2,0.7781918024448141
P41279,MAP3K8,Linsitinib,NTERA2,0.16104504534589517
P41279,MAP3K8,LY2835219,NTERA2,-0.20626172159164732
P41279,MAP3K8,Ribociclib,NTERA2,0.9771524919855327
P41279,MAP3K8,AC220,NTERA2,0.1441581995104757
P41279,MAP3K8,Edelfosine,NTERA2,3.809142023507553
P41279,MAP3K8,GF109203X,NTERA2,1.1502578890269737
P41279,MAP3K8,Go6976,NTERA2,-1.0425806286199328
P41279,MAP3K8,PF4708671,NTERA2,-0.17804090975038858
P41279,MAP3K8,SP600125,NTERA2,-0.9899574610823713
P41279,MAP3K8,TAK715,NTERA2,1.1212834600747212
P41279,MAP3K8,TBCA,NTERA2,-0.15534404575894342
P41279,MAP3K8,AT13148,NTERA2,1.1400573372799792
P41279,MAP3K8,AZ20,NTERA2,1.3507169480632615
P41279,MAP3K8,AZD6738,NTERA2,1.9035007064354665
P41279,MAP3K8,Bosutinib,NTERA2,3.2590720437161944
P41279,MAP3K8,Dabrafenib,NTERA2,2.7673523178846393
P41279,MAP3K8,Dasatinib,NTERA2,1.3731169813379407
P41279,MAP3K8,DNAPK,NTERA2,1.0993588720872691
P41279,MAP3K8,H89,NTERA2,-0.7077401967718325
P41279,MAP3K8,KD025,NTERA2,2.736010497707343
P41279,MAP3K8,NU7441,NTERA2,2.5260538810762125
P41279,MAP3K8,Ripasudil,NTERA2,2.8038702708159815
P41279,MAP3K8,Vemurafenib,NTERA2,0.6294073424181799
Q9H422,HIPK3,AZD6482,NTERA2,-0.11500709233044762
Q9H422,HIPK3,CAL101,NTERA2,0.047762640668878746
Q9H422,HIPK3,GDC0941,NTERA2,-0.7531573912831395
Q9H422,HIPK3,HS173,NTERA2,-0.01819081868555685
Q9H422,HIPK3,PIK294,NTERA2,-0.35664363037822916
Q9H422,HIPK3,TGX221,NTERA2,-0.08045196807099571
Q9H422,HIPK3,CX4945,NTERA2,0.18136410834917008
Q9H422,HIPK3,GO6983,NTERA2,-0.14746347247576194
Q9H422,HIPK3,KN93,NTERA2,0.21567324785340794
Q9H422,HIPK3,MK2206,NTERA2,0.4579128175976889
Q9H422,HIPK3,AZD5438,NTERA2,0.5622604367228576
Q9H422,HIPK3,FRAX486,NTERA2,0.21526795527291132
Q9H422,HIPK3,Ku0063794,NTERA2,0.14149478846621408
Q9H422,HIPK3,PD153035,NTERA2,0.22641072645616275
Q9H422,HIPK3,PF3758309,NTERA2,0.49332430970897434
Q9H422,HIPK3,Torin,NTERA2,0.3706869620933477
Q9H422,HIPK3,Trametinib,NTERA2,0.002549574913042509
Q9H422,HIPK3,AZD1480,NTERA2,0.1555171696641128
Q9H422,HIPK3,AZD5363,NTERA2,0.11286648231145802
Q9H422,HIPK3,BX912,NTERA2,-0.11364720919661557
Q9H422,HIPK3,CHIR99021,NTERA2,-0.1543608019904627
Q9H422,HIPK3,GSK2334470,NTERA2,0.6362463134708779
Q9H422,HIPK3,Ipatasertib,NTERA2,0.6465879612706456
Q9H422,HIPK3,LY2090314,NTERA2,-0.10702608282906818
Q9H422,HIPK3,Tofacitinib,NTERA2,-0.8163510952736903
Q9H422,HIPK3,AZD8055,NTERA2,-0.1619721713814954
Q9H422,HIPK3,GDC0994,NTERA2,0.06894465500533473
Q9H422,HIPK3,JNK,NTERA2,-0.1579404142030495
Q9H422,HIPK3,LY2584702,NTERA2,-0.43875640208982875
Q9H422,HIPK3,PH797804,NTERA2,-0.44927565687819027
Q9H422,HIPK3,Selumetinib,NTERA2,-0.12410549241375661
Q9H422,HIPK3,U73122,NTERA2,-0.9068291261063335
Q9H422,HIPK3,Ulixertinib,NTERA2,-0.6784328773795746
Q9H422,HIPK3,Amuvatinib,NTERA2,-1.1188807756552648
Q9H422,HIPK3,AZD3759,NTERA2,-0.7747183274960854
Q9H422,HIPK3,GSK690693,NTERA2,-0.28714624706095937
Q9H422,HIPK3,JNJ,NTERA2,-1.1645628821562812
Q9H422,HIPK3,KN62,NTERA2,-0.6531511794451411
Q9H422,HIPK3,Linsitinib,NTERA2,-1.0094050170897193
Q9H422,HIPK3,LY2835219,NTERA2,-2.638280398755138
Q9H422,HIPK3,Ribociclib,NTERA2,-1.1036415604774459
Q9H422,HIPK3,AC220,NTERA2,-0.3692352760961643
Q9H422,HIPK3,Edelfosine,NTERA2,-0.8382785563054201
Q9H422,HIPK3,GF109203X,NTERA2,-0.8302003218493601
Q9H422,HIPK3,Go6976,NTERA2,0.595572260447398
Q9H422,HIPK3,PF4708671,NTERA2,0.9494868376303611
Q9H422,HIPK3,SP600125,NTERA2,-1.0112568138861358
Q9H422,HIPK3,TAK715,NTERA2,-0.8487307784718269
Q9H422,HIPK3,TBCA,NTERA2,-0.9620608539199496
Q9H422,HIPK3,AT13148,NTERA2,0.5601260553139038
Q9H422,HIPK3,AZ20,NTERA2,0.7538982315457492
Q9H422,HIPK3,AZD6738,NTERA2,0.9657242947992412
Q9H422,HIPK3,Bosutinib,NTERA2,0.7522884003744893
Q9H422,HIPK3,Dabrafenib,NTERA2,-0.03552696908549714
Q9H422,HIPK3,Dasatinib,NTERA2,0.8751216983217296
Q9H422,HIPK3,DNAPK,NTERA2,0.28646472209348767
Q9H422,HIPK3,H89,NTERA2,0.4261699316907968
Q9H422,HIPK3,KD025,NTERA2,0.15746315172395953
Q9H422,HIPK3,NU7441,NTERA2,0.24860788956146265
Q9H422,HIPK3,Ripasudil,NTERA2,0.4594140193117201
Q9H422,HIPK3,Vemurafenib,NTERA2,0.045060881617878044
Q14289,PTK2B,AZD6482,NTERA2,4.70491031042185
Q14289,PTK2B,CAL101,NTERA2,2.6472191677196544
Q14289,PTK2B,GDC0941,NTERA2,3.4499843076465004
Q14289,PTK2B,HS173,NTERA2,3.5607811852127944
Q14289,PTK2B,PIK294,NTERA2,0.5648442319905966
Q14289,PTK2B,TGX221,NTERA2,3.918922220113188
Q14289,PTK2B,CX4945,NTERA2,-1.1005846062114648
Q14289,PTK2B,GO6983,NTERA2,-1.0648768765364398
Q14289,PTK2B,KN93,NTERA2,0.2081784728690739
Q14289,PTK2B,MK2206,NTERA2,0.5628735811088597
Q14289,PTK2B,AZD5438,NTERA2,-0.3180581059380801
Q14289,PTK2B,FRAX486,NTERA2,0.23319846930540641
Q14289,PTK2B,Ku0063794,NTERA2,1.1192076326469707
Q14289,PTK2B,PD153035,NTERA2,0.8241419950409076
Q14289,PTK2B,PF3758309,NTERA2,-0.028596817150435102
Q14289,PTK2B,Torin,NTERA2,0.9219912706364256
Q14289,PTK2B,Trametinib,NTERA2,0.20220156914211626
Q14289,PTK2B,AZD1480,NTERA2,-0.019563486695183353
Q14289,PTK2B,AZD5363,NTERA2,-1.5518096585865684
Q14289,PTK2B,BX912,NTERA2,-0.5405916394953956
Q14289,PTK2B,CHIR99021,NTERA2,-1.7802391341437738
Q14289,PTK2B,GSK2334470,NTERA2,-0.42633811140998307
Q14289,PTK2B,Ipatasertib,NTERA2,-0.46751262465359444
Q14289,PTK2B,LY2090314,NTERA2,-2.1166205439760604
Q14289,PTK2B,Tofacitinib,NTERA2,-0.4855356529089456
Q14289,PTK2B,AZD8055,NTERA2,0.8952622724318756
Q14289,PTK2B,GDC0994,NTERA2,0.0007623521005562583
Q14289,PTK2B,JNK,NTERA2,0.4703809814447059
Q14289,PTK2B,LY2584702,NTERA2,0.15936269213613194
Q14289,PTK2B,PH797804,NTERA2,-0.052315558097369375
Q14289,PTK2B,Selumetinib,NTERA2,0.01404493000464986
Q14289,PTK2B,U73122,NTERA2,0.4517791393128832
Q14289,PTK2B,Ulixertinib,NTERA2,0.6537080512519533
Q14289,PTK2B,Amuvatinib,NTERA2,0.5795273828935914
Q14289,PTK2B,AZD3759,NTERA2,1.093402471157625
Q14289,PTK2B,GSK690693,NTERA2,0.674354278588136
Q14289,PTK2B,JNJ,NTERA2,1.119628588128074
Q14289,PTK2B,KN62,NTERA2,0.551266291991673
Q14289,PTK2B,Linsitinib,NTERA2,1.0189560511856597
Q14289,PTK2B,LY2835219,NTERA2,-0.8349502355585358
Q14289,PTK2B,Ribociclib,NTERA2,0.5959188860180616
Q14289,PTK2B,AC220,NTERA2,0.45715629397254315
Q14289,PTK2B,Edelfosine,NTERA2,1.6590842908361834
Q14289,PTK2B,GF109203X,NTERA2,-1.2902851125969008
Q14289,PTK2B,Go6976,NTERA2,-0.3252085035933485
Q14289,PTK2B,PF4708671,NTERA2,0.3563962352770261
Q14289,PTK2B,SP600125,NTERA2,0.8233929315596918
Q14289,PTK2B,TAK715,NTERA2,0.8106748634328622
Q14289,PTK2B,TBCA,NTERA2,-0.8040895997483152
Q14289,PTK2B,AT13148,NTERA2,-0.4146340756863128
Q14289,PTK2B,AZ20,NTERA2,1.591625475449108
Q14289,PTK2B,AZD6738,NTERA2,0.3687894869772347
Q14289,PTK2B,Bosutinib,NTERA2,0.07978993086384145
Q14289,PTK2B,Dabrafenib,NTERA2,-0.021886253408867445
Q14289,PTK2B,Dasatinib,NTERA2,0.13273900627330207
Q14289,PTK2B,DNAPK,NTERA2,0.7678187634928172
Q14289,PTK2B,H89,NTERA2,0.3894697272760137
Q14289,PTK2B,KD025,NTERA2,0.4094035235975769
Q14289,PTK2B,NU7441,NTERA2,0.7987575159741287
Q14289,PTK2B,Ripasudil,NTERA2,0.07094442766897308
Q14289,PTK2B,Vemurafenib,NTERA2,-0.5321761355940526
Q15831,STK11,AZD6482,NTERA2,1.6347096861687531
Q15831,STK11,CAL101,NTERA2,1.101398999598004
Q15831,STK11,GDC0941,NTERA2,-0.3929188840117214
Q15831,STK11,HS173,NTERA2,1.563526022268879
Q15831,STK11,PIK294,NTERA2,1.985662746690669
Q15831,STK11,TGX221,NTERA2,1.14966966093509
Q15831,STK11,CX4945,NTERA2,-0.1711418211245077
Q15831,STK11,GO6983,NTERA2,-0.28381869316354136
Q15831,STK11,KN93,NTERA2,0.14485796278361615
Q15831,STK11,MK2206,NTERA2,-0.9325141039382951
Q15831,STK11,AZD5438,NTERA2,1.2738247156986822
Q15831,STK11,FRAX486,NTERA2,-0.3926161887996532
Q15831,STK11,Ku0063794,NTERA2,0.48009542993956206
Q15831,STK11,PD153035,NTERA2,0.6512202669786995
Q15831,STK11,PF3758309,NTERA2,-1.0836300128298033
Q15831,STK11,Torin,NTERA2,1.1019173961093531
Q15831,STK11,Trametinib,NTERA2,1.589434077807144
Q15831,STK11,AZD1480,NTERA2,-0.16722364846517415
Q15831,STK11,AZD5363,NTERA2,-1.8452689200207335
Q15831,STK11,BX912,NTERA2,-0.5065095265556274
Q15831,STK11,CHIR99021,NTERA2,0.19584979477596826
Q15831,STK11,GSK2334470,NTERA2,-0.23408481623893496
Q15831,STK11,Ipatasertib,NTERA2,-0.09895196312581346
Q15831,STK11,LY2090314,NTERA2,-0.5794876011494636
Q15831,STK11,Tofacitinib,NTERA2,1.4009815043722804
Q15831,STK11,AZD8055,NTERA2,-0.702811820335282
Q15831,STK11,GDC0994,NTERA2,0.927866468854832
Q15831,STK11,JNK,NTERA2,0.1422908384032208
Q15831,STK11,LY2584702,NTERA2,0.38274660948234507
Q15831,STK11,PH797804,NTERA2,0.9452151172206411
Q15831,STK11,Selumetinib,NTERA2,1.0529581002708952
Q15831,STK11,U73122,NTERA2,-0.7324578008598539
Q15831,STK11,Ulixertinib,NTERA2,-0.1539182964324799
Q15831,STK11,Amuvatinib,NTERA2,0.2912224135144475
Q15831,STK11,AZD3759,NTERA2,0.6436134404778752
Q15831,STK11,GSK690693,NTERA2,-1.0779784898219853
Q15831,STK11,JNJ,NTERA2,-0.42590473674949214
Q15831,STK11,KN62,NTERA2,0.8712493073766041
Q15831,STK11,Linsitinib,NTERA2,-0.7208437709098043
Q15831,STK11,LY2835219,NTERA2,-0.057829099348715836
Q15831,STK11,Ribociclib,NTERA2,1.058710014306307
Q15831,STK11,AC220,NTERA2,-0.7815681054857131
Q15831,STK11,Edelfosine,NTERA2,1.6319608937940735
Q15831,STK11,GF109203X,NTERA2,-0.19956087267462597
Q15831,STK11,Go6976,NTERA2,0.47533455081982934
Q15831,STK11,PF4708671,NTERA2,1.5492467131807703
Q15831,STK11,SP600125,NTERA2,0.6426794353909494
Q15831,STK11,TAK715,NTERA2,0.6900596715146937
Q15831,STK11,TBCA,NTERA2,0.6319645947411173
Q15831,STK11,AT13148,NTERA2,0.39599105648768435
Q15831,STK11,AZ20,NTERA2,-1.4566364030224037
Q15831,STK11,AZD6738,NTERA2,-0.8592253829436121
Q15831,STK11,Bosutinib,NTERA2,0.11836748608644136
Q15831,STK11,Dabrafenib,NTERA2,1.0405573875019658
Q15831,STK11,Dasatinib,NTERA2,-0.5213779930336248
Q15831,STK11,DNAPK,NTERA2,0.7669633464654517
Q15831,STK11,H89,NTERA2,0.8249990331752193
Q15831,STK11,KD025,NTERA2,-0.5368448332081837
Q15831,STK11,NU7441,NTERA2,0.507676364863401
Q15831,STK11,Ripasudil,NTERA2,1.1122073039645255
Q15831,STK11,Vemurafenib,NTERA2,0.47868393037752155
P52564,MAP2K6,AZD6482,NTERA2,0.12174234307053503
P52564,MAP2K6,CAL101,NTERA2,0.11411876003687489
P52564,MAP2K6,GDC0941,NTERA2,0.29721151222823056
P52564,MAP2K6,HS173,NTERA2,0.565835625725964
P52564,MAP2K6,PIK294,NTERA2,0.9385192839253154
P52564,MAP2K6,TGX221,NTERA2,0.40818245266330183
P52564,MAP2K6,CX4945,NTERA2,-0.16969139705625205
P52564,MAP2K6,GO6983,NTERA2,-2.39100419486232
P52564,MAP2K6,KN93,NTERA2,-0.5603746039756843
P52564,MAP2K6,MK2206,NTERA2,0.18075208724864253
P52564,MAP2K6,AZD5438,NTERA2,-0.550132133389951
P52564,MAP2K6,FRAX486,NTERA2,-0.9541022043894779
P52564,MAP2K6,Ku0063794,NTERA2,0.07552331339181047
P52564,MAP2K6,PD153035,NTERA2,-0.23486449769265394
P52564,MAP2K6,PF3758309,NTERA2,0.7090670536610281
P52564,MAP2K6,Torin,NTERA2,0.2380907595042982
P52564,MAP2K6,Trametinib,NTERA2,-0.26681000390678317
P52564,MAP2K6,AZD1480,NTERA2,0.05684483518713767
P52564,MAP2K6,AZD5363,NTERA2,-0.29990991441968234
P52564,MAP2K6,BX912,NTERA2,0.5186498977947216
P52564,MAP2K6,CHIR99021,NTERA2,0.020033956153437664
P52564,MAP2K6,GSK2334470,NTERA2,0.3835996751617028
P52564,MAP2K6,Ipatasertib,NTERA2,0.5823143495615671
P52564,MAP2K6,LY2090314,NTERA2,0.2901681759128033
P52564,MAP2K6,Tofacitinib,NTERA2,-0.28364592444418324
P52564,MAP2K6,AZD8055,NTERA2,0.2613720972898093
P52564,MAP2K6,GDC0994,NTERA2,0.27161197164271905
P52564,MAP2K6,JNK,NTERA2,-0.2871229709153608
P52564,MAP2K6,LY2584702,NTERA2,0.3485861645636691
P52564,MAP2K6,PH797804,NTERA2,-0.8592957010081458
P52564,MAP2K6,Selumetinib,NTERA2,0.21699224122154973
P52564,MAP2K6,U73122,NTERA2,0.46940404764296806
P52564,MAP2K6,Ulixertinib,NTERA2,0.22103615282500347
P52564,MAP2K6,Amuvatinib,NTERA2,-0.1414355963129522
P52564,MAP2K6,AZD3759,NTERA2,-0.20462694351083358
P52564,MAP2K6,GSK690693,NTERA2,0.23101572628842693
P52564,MAP2K6,JNJ,NTERA2,0.10860355217151463
P52564,MAP2K6,KN62,NTERA2,-0.04516287617288354
P52564,MAP2K6,Linsitinib,NTERA2,-0.036390779733309786
P52564,MAP2K6,LY2835219,NTERA2,-0.4844898231243975
P52564,MAP2K6,Ribociclib,NTERA2,-0.23582792648832304
P52564,MAP2K6,AC220,NTERA2,0.6969761349805266
P52564,MAP2K6,Edelfosine,NTERA2,2.3555241891032526
P52564,MAP2K6,GF109203X,NTERA2,0.8033027222796342
P52564,MAP2K6,Go6976,NTERA2,-0.003259962266527142
P52564,MAP2K6,PF4708671,NTERA2,0.2549894089094645
P52564,MAP2K6,SP600125,NTERA2,0.31183526746337975
P52564,MAP2K6,TAK715,NTERA2,-1.205767457667798
P52564,MAP2K6,TBCA,NTERA2,0.18580053633179697
P52564,MAP2K6,AT13148,NTERA2,-0.5464343144631834
P52564,MAP2K6,AZ20,NTERA2,-0.28662718085157735
P52564,MAP2K6,AZD6738,NTERA2,-0.02249323021169326
P52564,MAP2K6,Bosutinib,NTERA2,-0.8321050687597401
P52564,MAP2K6,Dabrafenib,NTERA2,-0.4608833973483617
P52564,MAP2K6,Dasatinib,NTERA2,-0.966452951616727
P52564,MAP2K6,DNAPK,NTERA2,-0.520195687576644
P52564,MAP2K6,H89,NTERA2,-0.4089992718402366
P52564,MAP2K6,KD025,NTERA2,-0.12534087100106736
P52564,MAP2K6,NU7441,NTERA2,0.42262059014587994
P52564,MAP2K6,Ripasudil,NTERA2,0.4805883529677669
P52564,MAP2K6,Vemurafenib,NTERA2,-0.5560888415480013
P07332,FES,AC220,NTERA2,
P07332,FES,AT13148,NTERA2,
P07332,FES,AZ20,NTERA2,
P07332,FES,AZD1480,NTERA2,
P07332,FES,AZD3759,NTERA2,
P07332,FES,AZD5363,NTERA2,
P07332,FES,AZD5438,NTERA2,
P07332,FES,AZD6482,NTERA2,
P07332,FES,AZD6738,NTERA2,
P07332,FES,AZD8055,NTERA2,
P07332,FES,Amuvatinib,NTERA2,
P07332,FES,BX912,NTERA2,
P07332,FES,Bosutinib,NTERA2,
P07332,FES,CAL101,NTERA2,
P07332,FES,CHIR99021,NTERA2,
P07332,FES,CX4945,NTERA2,
P07332,FES,DNAPK,NTERA2,
P07332,FES,Dabrafenib,NTERA2,
P07332,FES,Dasatinib,NTERA2,
P07332,FES,Edelfosine,NTERA2,
P07332,FES,FRAX486,NTERA2,
P07332,FES,GDC0941,NTERA2,
P07332,FES,GDC0994,NTERA2,
P07332,FES,GF109203X,NTERA2,
P07332,FES,GO6983,NTERA2,
P07332,FES,GSK2334470,NTERA2,
P07332,FES,GSK690693,NTERA2,
P07332,FES,Go6976,NTERA2,
P07332,FES,H89,NTERA2,
P07332,FES,HS173,NTERA2,
P07332,FES,Ipatasertib,NTERA2,
P07332,FES,JNJ,NTERA2,
P07332,FES,JNK,NTERA2,
P07332,FES,KD025,NTERA2,
P07332,FES,KN62,NTERA2,
P07332,FES,KN93,NTERA2,
P07332,FES,Ku0063794,NTERA2,
P07332,FES,LY2090314,NTERA2,
P07332,FES,LY2584702,NTERA2,
P07332,FES,LY2835219,NTERA2,
P07332,FES,Linsitinib,NTERA2,
P07332,FES,MK2206,NTERA2,
P07332,FES,NU7441,NTERA2,
P07332,FES,PD153035,NTERA2,
P07332,FES,PF3758309,NTERA2,
P07332,FES,PF4708671,NTERA2,
P07332,FES,PH797804,NTERA2,
P07332,FES,PIK294,NTERA2,
P07332,FES,Ribociclib,NTERA2,
P07332,FES,Ripasudil,NTERA2,
P07332,FES,SP600125,NTERA2,
P07332,FES,Selumetinib,NTERA2,
P07332,FES,TAK715,NTERA2,
P07332,FES,TBCA,NTERA2,
P07332,FES,TGX221,NTERA2,
P07332,FES,Tofacitinib,NTERA2,
P07332,FES,Torin,NTERA2,
P07332,FES,Trametinib,NTERA2,
P07332,FES,U73122,NTERA2,
P07332,FES,Ulixertinib,NTERA2,
P07332,FES,Vemurafenib,NTERA2,
P17612,PRKACA,AZD6482,NTERA2,1.3086960204984586
P17612,PRKACA,CAL101,NTERA2,2.839833236070003
P17612,PRKACA,GDC0941,NTERA2,3.4008568939682013
P17612,PRKACA,HS173,NTERA2,2.410118196310954
P17612,PRKACA,PIK294,NTERA2,1.647115536902568
P17612,PRKACA,TGX221,NTERA2,1.1166602049930752
P17612,PRKACA,CX4945,NTERA2,0.21451970351484406
P17612,PRKACA,GO6983,NTERA2,-1.2073268482773412
P17612,PRKACA,KN93,NTERA2,0.1401275732647304
P17612,PRKACA,MK2206,NTERA2,-0.5242065990813456
P17612,PRKACA,AZD5438,NTERA2,1.7095942443932506
P17612,PRKACA,FRAX486,NTERA2,-0.7109471568608243
P17612,PRKACA,Ku0063794,NTERA2,-1.4222893315471403
P17612,PRKACA,PD153035,NTERA2,0.33690313085111095
P17612,PRKACA,PF3758309,NTERA2,-1.2801944820332665
P17612,PRKACA,Torin,NTERA2,-0.7429673690544596
P17612,PRKACA,Trametinib,NTERA2,-0.42916542701261057
P17612,PRKACA,AZD1480,NTERA2,-0.7690543182045143
P17612,PRKACA,AZD5363,NTERA2,-0.8583661042896259
P17612,PRKACA,BX912,NTERA2,-1.7103384462550226
P17612,PRKACA,CHIR99021,NTERA2,1.8651965432677053
P17612,PRKACA,GSK2334470,NTERA2,0.030611968197373714
P17612,PRKACA,Ipatasertib,NTERA2,-2.1200403406929547
P17612,PRKACA,LY2090314,NTERA2,2.586798038356261
P17612,PRKACA,Tofacitinib,NTERA2,0.0708618141850467
P17612,PRKACA,AZD8055,NTERA2,0.18112750702513689
P17612,PRKACA,GDC0994,NTERA2,-0.14906312176504016
P17612,PRKACA,JNK,NTERA2,0.7689848846776277
P17612,PRKACA,LY2584702,NTERA2,-0.43882112393972006
P17612,PRKACA,PH797804,NTERA2,1.2127373447452332
P17612,PRKACA,Selumetinib,NTERA2,1.2135796203666167
P17612,PRKACA,U73122,NTERA2,1.7032635224825647
P17612,PRKACA,Ulixertinib,NTERA2,1.3424094960575337
P17612,PRKACA,Amuvatinib,NTERA2,1.4879172645034866
P17612,PRKACA,AZD3759,NTERA2,1.4147902142689481
P17612,PRKACA,GSK690693,NTERA2,-1.6630821701657952
P17612,PRKACA,JNJ,NTERA2,1.7091257111307832
P17612,PRKACA,KN62,NTERA2,1.1135061908882598
P17612,PRKACA,Linsitinib,NTERA2,0.7284329660643943
P17612,PRKACA,LY2835219,NTERA2,1.2125696242490074
P17612,PRKACA,Ribociclib,NTERA2,1.016903778193103
P17612,PRKACA,AC220,NTERA2,-1.5820282147123388
P17612,PRKACA,Edelfosine,NTERA2,2.4253436589538175
P17612,PRKACA,GF109203X,NTERA2,-1.6395057354294598
P17612,PRKACA,Go6976,NTERA2,-3.1970965586405127
P17612,PRKACA,PF4708671,NTERA2,-0.47674151272148413
P17612,PRKACA,SP600125,NTERA2,0.22250016460445515
P17612,PRKACA,TAK715,NTERA2,-0.23195441362089153
P17612,PRKACA,TBCA,NTERA2,-2.2156611401540975
P17612,PRKACA,AT13148,NTERA2,-1.0253943741390446
P17612,PRKACA,AZ20,NTERA2,-1.8444359302268238
P17612,PRKACA,AZD6738,NTERA2,-1.631022689472789
P17612,PRKACA,Bosutinib,NTERA2,-1.0212581195943629
P17612,PRKACA,Dabrafenib,NTERA2,1.4337237039012722
P17612,PRKACA,Dasatinib,NTERA2,0.27623018015200174
P17612,PRKACA,DNAPK,NTERA2,0.8621492943851766
P17612,PRKACA,H89,NTERA2,0.8565059598624161
P17612,PRKACA,KD025,NTERA2,-1.3984276736877657
P17612,PRKACA,NU7441,NTERA2,0.27698474409249324
P17612,PRKACA,Ripasudil,NTERA2,0.24248394192338082
P17612,PRKACA,Vemurafenib,NTERA2,-0.7678652022414484
P22607,FGFR3,AZD6482,NTERA2,-0.8340676589746118
P22607,FGFR3,CAL101,NTERA2,-0.6288194389717056
P22607,FGFR3,GDC0941,NTERA2,-0.04422691305150543
P22607,FGFR3,HS173,NTERA2,0.3739614734064233
P22607,FGFR3,PIK294,NTERA2,-0.7215014878460589
P22607,FGFR3,TGX221,NTERA2,-0.7000346605139527
P22607,FGFR3,CX4945,NTERA2,-0.34678457464947277
P22607,FGFR3,GO6983,NTERA2,0.4918670664633194
P22607,FGFR3,KN93,NTERA2,0.03803177893211955
P22607,FGFR3,MK2206,NTERA2,0.22227901121196442
P22607,FGFR3,AZD5438,NTERA2,-0.2585124096254708
P22607,FGFR3,FRAX486,NTERA2,-0.7439719603999657
P22607,FGFR3,Ku0063794,NTERA2,0.4804059774267778
P22607,FGFR3,PD153035,NTERA2,0.022241947407934934
P22607,FGFR3,PF3758309,NTERA2,0.8976359392508445
P22607,FGFR3,Torin,NTERA2,0.17639033859333733
P22607,FGFR3,Trametinib,NTERA2,-0.10410830632738367
P22607,FGFR3,AZD1480,NTERA2,-0.48175133619424504
P22607,FGFR3,AZD5363,NTERA2,-0.5261495109367694
P22607,FGFR3,BX912,NTERA2,0.18009737453815586
P22607,FGFR3,CHIR99021,NTERA2,1.1811171082681664
P22607,FGFR3,GSK2334470,NTERA2,0.17287844950077494
P22607,FGFR3,Ipatasertib,NTERA2,-0.47507172654258795
P22607,FGFR3,LY2090314,NTERA2,1.3323078762824447
P22607,FGFR3,Tofacitinib,NTERA2,-0.516316224015576
P22607,FGFR3,AZD8055,NTERA2,0.8493964389899855
P22607,FGFR3,GDC0994,NTERA2,0.9070224521080384
P22607,FGFR3,JNK,NTERA2,0.35380219499024856
P22607,FGFR3,LY2584702,NTERA2,0.8749751903918639
P22607,FGFR3,PH797804,NTERA2,1.9344102856706138
P22607,FGFR3,Selumetinib,NTERA2,2.04213840016155
P22607,FGFR3,U73122,NTERA2,1.846954731707454
P22607,FGFR3,Ulixertinib,NTERA2,1.78768393840465
P22607,FGFR3,Amuvatinib,NTERA2,-0.04063510318939826
P22607,FGFR3,AZD3759,NTERA2,5.644078322856649
P22607,FGFR3,GSK690693,NTERA2,5.329289285920851
P22607,FGFR3,JNJ,NTERA2,3.5792037861783044
P22607,FGFR3,KN62,NTERA2,4.265251760747997
P22607,FGFR3,Linsitinib,NTERA2,3.9899481323242205
P22607,FGFR3,LY2835219,NTERA2,4.652244586151554
P22607,FGFR3,Ribociclib,NTERA2,5.7940360656392595
P22607,FGFR3,AC220,NTERA2,-0.6162282553531302
P22607,FGFR3,Edelfosine,NTERA2,-0.7685091127557467
P22607,FGFR3,GF109203X,NTERA2,-1.0154939087887105
P22607,FGFR3,Go6976,NTERA2,1.0433168535549133
P22607,FGFR3,PF4708671,NTERA2,0.7494362213390536
P22607,FGFR3,SP600125,NTERA2,-0.4978038371576867
P22607,FGFR3,TAK715,NTERA2,0.18558961515182545
P22607,FGFR3,TBCA,NTERA2,-0.3246759863204343
P22607,FGFR3,AT13148,NTERA2,0.2673435536014713
P22607,FGFR3,AZ20,NTERA2,0.921251135222651
P22607,FGFR3,AZD6738,NTERA2,0.6519028738537623
P22607,FGFR3,Bosutinib,NTERA2,0.6693496083149791
P22607,FGFR3,Dabrafenib,NTERA2,-0.26722420889708215
P22607,FGFR3,Dasatinib,NTERA2,0.7814660691450535
P22607,FGFR3,DNAPK,NTERA2,0.45392731298668815
P22607,FGFR3,H89,NTERA2,0.6982300851424714
P22607,FGFR3,KD025,NTERA2,0.07211456471233078
P22607,FGFR3,NU7441,NTERA2,0.1040548450925169
P22607,FGFR3,Ripasudil,NTERA2,0.316173984300643
P22607,FGFR3,Vemurafenib,NTERA2,-0.5171194410363354
P10721,KIT,AZD6482,NTERA2,
P10721,KIT,CAL101,NTERA2,
P10721,KIT,GDC0941,NTERA2,
P10721,KIT,HS173,NTERA2,
P10721,KIT,PIK294,NTERA2,
P10721,KIT,TGX221,NTERA2,
P10721,KIT,CX4945,NTERA2,
P10721,KIT,GO6983,NTERA2,
P10721,KIT,KN93,NTERA2,
P10721,KIT,MK2206,NTERA2,
P10721,KIT,AZD5438,NTERA2,
P10721,KIT,FRAX486,NTERA2,
P10721,KIT,Ku0063794,NTERA2,
P10721,KIT,PD153035,NTERA2,
P10721,KIT,PF3758309,NTERA2,
P10721,KIT,Torin,NTERA2,
P10721,KIT,Trametinib,NTERA2,
P10721,KIT,AZD1480,NTERA2,
P10721,KIT,AZD5363,NTERA2,
P10721,KIT,BX912,NTERA2,
P10721,KIT,CHIR99021,NTERA2,
P10721,KIT,GSK2334470,NTERA2,
P10721,KIT,Ipatasertib,NTERA2,
P10721,KIT,LY2090314,NTERA2,
P10721,KIT,Tofacitinib,NTERA2,
P10721,KIT,AZD8055,NTERA2,
P10721,KIT,GDC0994,NTERA2,
P10721,KIT,JNK,NTERA2,
P10721,KIT,LY2584702,NTERA2,
P10721,KIT,PH797804,NTERA2,
P10721,KIT,Selumetinib,NTERA2,
P10721,KIT,U73122,NTERA2,
P10721,KIT,Ulixertinib,NTERA2,
P10721,KIT,Amuvatinib,NTERA2,
P10721,KIT,AZD3759,NTERA2,
P10721,KIT,GSK690693,NTERA2,
P10721,KIT,JNJ,NTERA2,
P10721,KIT,KN62,NTERA2,
P10721,KIT,Linsitinib,NTERA2,
P10721,KIT,LY2835219,NTERA2,
P10721,KIT,Ribociclib,NTERA2,
P10721,KIT,AC220,NTERA2,
P10721,KIT,Edelfosine,NTERA2,
P10721,KIT,GF109203X,NTERA2,
P10721,KIT,Go6976,NTERA2,
P10721,KIT,PF4708671,NTERA2,
P10721,KIT,SP600125,NTERA2,
P10721,KIT,TAK715,NTERA2,
P10721,KIT,TBCA,NTERA2,
P10721,KIT,AT13148,NTERA2,
P10721,KIT,AZ20,NTERA2,
P10721,KIT,AZD6738,NTERA2,
P10721,KIT,Bosutinib,NTERA2,
P10721,KIT,Dabrafenib,NTERA2,
P10721,KIT,Dasatinib,NTERA2,
P10721,KIT,DNAPK,NTERA2,
P10721,KIT,H89,NTERA2,
P10721,KIT,KD025,NTERA2,
P10721,KIT,NU7441,NTERA2,
P10721,KIT,Ripasudil,NTERA2,
P10721,KIT,Vemurafenib,NTERA2,
P49759,CLK1,AZD6482,NTERA2,0.1663674704764328
P49759,CLK1,CAL101,NTERA2,0.4164713516549237
P49759,CLK1,GDC0941,NTERA2,-0.3395829889229618
P49759,CLK1,HS173,NTERA2,0.3143094615562346
P49759,CLK1,PIK294,NTERA2,1.285993523691635
P49759,CLK1,TGX221,NTERA2,0.8878159135291587
P49759,CLK1,CX4945,NTERA2,0.9234937221995636
P49759,CLK1,GO6983,NTERA2,1.3684552709930382
P49759,CLK1,KN93,NTERA2,-0.46342388280894403
P49759,CLK1,MK2206,NTERA2,0.7212845309722684
P49759,CLK1,AZD5438,NTERA2,0.5433107399225368
P49759,CLK1,FRAX486,NTERA2,0.06081107258434279
P49759,CLK1,Ku0063794,NTERA2,-1.4872330614423745
P49759,CLK1,PD153035,NTERA2,0.3930890912845518
P49759,CLK1,PF3758309,NTERA2,-0.9739297888192101
P49759,CLK1,Torin,NTERA2,-1.2756872421992977
P49759,CLK1,Trametinib,NTERA2,-1.341504933481443
P49759,CLK1,AZD1480,NTERA2,0.3349683982443897
P49759,CLK1,AZD5363,NTERA2,-0.9153722348085969
P49759,CLK1,BX912,NTERA2,-0.5235620017719415
P49759,CLK1,CHIR99021,NTERA2,0.3230051710720795
P49759,CLK1,GSK2334470,NTERA2,0.31496923309093683
P49759,CLK1,Ipatasertib,NTERA2,-0.7155650357533809
P49759,CLK1,LY2090314,NTERA2,0.32825135946852846
P49759,CLK1,Tofacitinib,NTERA2,0.6584196665113586
P49759,CLK1,AZD8055,NTERA2,0.3105328697252221
P49759,CLK1,GDC0994,NTERA2,-0.30964902599998223
P49759,CLK1,JNK,NTERA2,-0.5575124209779233
P49759,CLK1,LY2584702,NTERA2,-0.02664760835928745
P49759,CLK1,PH797804,NTERA2,-0.11899315822381289
P49759,CLK1,Selumetinib,NTERA2,-0.4973153571822072
P49759,CLK1,U73122,NTERA2,0.13503537885230776
P49759,CLK1,Ulixertinib,NTERA2,0.08863558100133094
P49759,CLK1,Amuvatinib,NTERA2,-1.0241771910895896
P49759,CLK1,AZD3759,NTERA2,-2.1663218985992
P49759,CLK1,GSK690693,NTERA2,-2.858746312798576
P49759,CLK1,JNJ,NTERA2,-4.13063125550434
P49759,CLK1,KN62,NTERA2,-1.4351164174676962
P49759,CLK1,Linsitinib,NTERA2,-1.0444334031403564
P49759,CLK1,LY2835219,NTERA2,-1.6276334681001594
P49759,CLK1,Ribociclib,NTERA2,-0.8610259069994606
P49759,CLK1,AC220,NTERA2,-0.1361819681300103
P49759,CLK1,Edelfosine,NTERA2,-0.06846533093304547
P49759,CLK1,GF109203X,NTERA2,-0.39774433216837923
P49759,CLK1,Go6976,NTERA2,-1.3276920778489687
P49759,CLK1,PF4708671,NTERA2,-0.08732605736920185
P49759,CLK1,SP600125,NTERA2,-1.1194395551528575
P49759,CLK1,TAK715,NTERA2,-0.29661606173566135
P49759,CLK1,TBCA,NTERA2,-0.32029186844427554
P49759,CLK1,AT13148,NTERA2,0.04139817581842624
P49759,CLK1,AZ20,NTERA2,-0.9326083740333727
P49759,CLK1,AZD6738,NTERA2,0.3303678715946488
P49759,CLK1,Bosutinib,NTERA2,-0.020570574412801683
P49759,CLK1,Dabrafenib,NTERA2,-0.3624971844436547
P49759,CLK1,Dasatinib,NTERA2,0.29243495731165575
P49759,CLK1,DNAPK,NTERA2,0.7615105328840978
P49759,CLK1,H89,NTERA2,0.545077924845902
P49759,CLK1,KD025,NTERA2,0.9172729396338479
P49759,CLK1,NU7441,NTERA2,0.1318416219852982
P49759,CLK1,Ripasudil,NTERA2,0.3585658629266028
P49759,CLK1,Vemurafenib,NTERA2,0.5076663375326651
Q9UKI8,TLK1,AZD6482,NTERA2,
Q9UKI8,TLK1,CAL101,NTERA2,
Q9UKI8,TLK1,GDC0941,NTERA2,
Q9UKI8,TLK1,HS173,NTERA2,
Q9UKI8,TLK1,PIK294,NTERA2,
Q9UKI8,TLK1,TGX221,NTERA2,
Q9UKI8,TLK1,CX4945,NTERA2,
Q9UKI8,TLK1,GO6983,NTERA2,
Q9UKI8,TLK1,KN93,NTERA2,
Q9UKI8,TLK1,MK2206,NTERA2,
Q9UKI8,TLK1,AZD5438,NTERA2,
Q9UKI8,TLK1,FRAX486,NTERA2,
Q9UKI8,TLK1,Ku0063794,NTERA2,
Q9UKI8,TLK1,PD153035,NTERA2,
Q9UKI8,TLK1,PF3758309,NTERA2,
Q9UKI8,TLK1,Torin,NTERA2,
Q9UKI8,TLK1,Trametinib,NTERA2,
Q9UKI8,TLK1,AZD1480,NTERA2,
Q9UKI8,TLK1,AZD5363,NTERA2,
Q9UKI8,TLK1,BX912,NTERA2,
Q9UKI8,TLK1,CHIR99021,NTERA2,
Q9UKI8,TLK1,GSK2334470,NTERA2,
Q9UKI8,TLK1,Ipatasertib,NTERA2,
Q9UKI8,TLK1,LY2090314,NTERA2,
Q9UKI8,TLK1,Tofacitinib,NTERA2,
Q9UKI8,TLK1,AZD8055,NTERA2,
Q9UKI8,TLK1,GDC0994,NTERA2,
Q9UKI8,TLK1,JNK,NTERA2,
Q9UKI8,TLK1,LY2584702,NTERA2,
Q9UKI8,TLK1,PH797804,NTERA2,
Q9UKI8,TLK1,Selumetinib,NTERA2,
Q9UKI8,TLK1,U73122,NTERA2,
Q9UKI8,TLK1,Ulixertinib,NTERA2,
Q9UKI8,TLK1,Amuvatinib,NTERA2,
Q9UKI8,TLK1,AZD3759,NTERA2,
Q9UKI8,TLK1,GSK690693,NTERA2,
Q9UKI8,TLK1,JNJ,NTERA2,
Q9UKI8,TLK1,KN62,NTERA2,
Q9UKI8,TLK1,Linsitinib,NTERA2,
Q9UKI8,TLK1,LY2835219,NTERA2,
Q9UKI8,TLK1,Ribociclib,NTERA2,
Q9UKI8,TLK1,AC220,NTERA2,
Q9UKI8,TLK1,Edelfosine,NTERA2,
Q9UKI8,TLK1,GF109203X,NTERA2,
Q9UKI8,TLK1,Go6976,NTERA2,
Q9UKI8,TLK1,PF4708671,NTERA2,
Q9UKI8,TLK1,SP600125,NTERA2,
Q9UKI8,TLK1,TAK715,NTERA2,
Q9UKI8,TLK1,TBCA,NTERA2,
Q9UKI8,TLK1,AT13148,NTERA2,
Q9UKI8,TLK1,AZ20,NTERA2,
Q9UKI8,TLK1,AZD6738,NTERA2,
Q9UKI8,TLK1,Bosutinib,NTERA2,
Q9UKI8,TLK1,Dabrafenib,NTERA2,
Q9UKI8,TLK1,Dasatinib,NTERA2,
Q9UKI8,TLK1,DNAPK,NTERA2,
Q9UKI8,TLK1,H89,NTERA2,
Q9UKI8,TLK1,KD025,NTERA2,
Q9UKI8,TLK1,NU7441,NTERA2,
Q9UKI8,TLK1,Ripasudil,NTERA2,
Q9UKI8,TLK1,Vemurafenib,NTERA2,
Q9HC98,NEK6,AZD6482,NTERA2,-0.20419217608295667
Q9HC98,NEK6,CAL101,NTERA2,-0.37001199141002555
Q9HC98,NEK6,GDC0941,NTERA2,0.07480298804388157
Q9HC98,NEK6,HS173,NTERA2,0.6198774112218539
Q9HC98,NEK6,PIK294,NTERA2,-0.24432813314214438
Q9HC98,NEK6,TGX221,NTERA2,-0.991182612787658
Q9HC98,NEK6,CX4945,NTERA2,0.20029453636675124
Q9HC98,NEK6,GO6983,NTERA2,0.05400528925834587
Q9HC98,NEK6,KN93,NTERA2,-0.0598502785199096
Q9HC98,NEK6,MK2206,NTERA2,0.3778534642189845
Q9HC98,NEK6,AZD5438,NTERA2,-0.6327247869826529
Q9HC98,NEK6,FRAX486,NTERA2,1.0297627028484582
Q9HC98,NEK6,Ku0063794,NTERA2,0.9051056224383669
Q9HC98,NEK6,PD153035,NTERA2,0.8966634511639224
Q9HC98,NEK6,PF3758309,NTERA2,2.15622896678909
Q9HC98,NEK6,Torin,NTERA2,1.3709410891662723
Q9HC98,NEK6,Trametinib,NTERA2,0.4064512305653612
Q9HC98,NEK6,AZD1480,NTERA2,-0.8004598213946628
Q9HC98,NEK6,AZD5363,NTERA2,-1.036442362304738
Q9HC98,NEK6,BX912,NTERA2,-0.8358557947487463
Q9HC98,NEK6,CHIR99021,NTERA2,-0.2995306313489689
Q9HC98,NEK6,GSK2334470,NTERA2,-0.35899914151759804
Q9HC98,NEK6,Ipatasertib,NTERA2,-0.5082163591315297
Q9HC98,NEK6,LY2090314,NTERA2,-0.41532777857797476
Q9HC98,NEK6,Tofacitinib,NTERA2,-1.513809026197881
Q9HC98,NEK6,AZD8055,NTERA2,0.3933486442263411
Q9HC98,NEK6,GDC0994,NTERA2,-0.2581659723487601
Q9HC98,NEK6,JNK,NTERA2,-0.14874579933528884
Q9HC98,NEK6,LY2584702,NTERA2,0.4066341467812956
Q9HC98,NEK6,PH797804,NTERA2,0.3293387024989033
Q9HC98,NEK6,Selumetinib,NTERA2,-0.03893083394700332
Q9HC98,NEK6,U73122,NTERA2,0.5313778801558132
Q9HC98,NEK6,Ulixertinib,NTERA2,-0.0644374069100845
Q9HC98,NEK6,Amuvatinib,NTERA2,-0.3662787368173016
Q9HC98,NEK6,AZD3759,NTERA2,-0.975861475146586
Q9HC98,NEK6,GSK690693,NTERA2,0.9739371227752329
Q9HC98,NEK6,JNJ,NTERA2,-0.4036828116899276
Q9HC98,NEK6,KN62,NTERA2,-0.11695158467250213
Q9HC98,NEK6,Linsitinib,NTERA2,-1.2382126502052189
Q9HC98,NEK6,LY2835219,NTERA2,-0.47068828861883877
Q9HC98,NEK6,Ribociclib,NTERA2,0.10259696982895918
Q9HC98,NEK6,AC220,NTERA2,-0.2561425207399122
Q9HC98,NEK6,Edelfosine,NTERA2,0.5786933088184393
Q9HC98,NEK6,GF109203X,NTERA2,-0.2526128774976562
Q9HC98,NEK6,Go6976,NTERA2,1.3193494079324426
Q9HC98,NEK6,PF4708671,NTERA2,0.013235772689667413
Q9HC98,NEK6,SP600125,NTERA2,0.28169620896650355
Q9HC98,NEK6,TAK715,NTERA2,-0.2950991404165254
Q9HC98,NEK6,TBCA,NTERA2,0.3018298948966278
Q9HC98,NEK6,AT13148,NTERA2,1.1639350727670863
Q9HC98,NEK6,AZ20,NTERA2,1.4704975203022146
Q9HC98,NEK6,AZD6738,NTERA2,1.3638861098120079
Q9HC98,NEK6,Bosutinib,NTERA2,1.8241109710280548
Q9HC98,NEK6,Dabrafenib,NTERA2,0.91636440856399
Q9HC98,NEK6,Dasatinib,NTERA2,1.2412422678144204
Q9HC98,NEK6,DNAPK,NTERA2,0.49245746183309425
Q9HC98,NEK6,H89,NTERA2,0.6823435929857827
Q9HC98,NEK6,KD025,NTERA2,1.060355997278868
Q9HC98,NEK6,NU7441,NTERA2,0.5656460051822791
Q9HC98,NEK6,Ripasudil,NTERA2,0.4630978856360579
Q9HC98,NEK6,Vemurafenib,NTERA2,0.4202380783632704
P43250,GRK6,AZD6482,NTERA2,-2.374615434920507
P43250,GRK6,CAL101,NTERA2,-2.4237862397762546
P43250,GRK6,GDC0941,NTERA2,-0.9445406495586206
P43250,GRK6,HS173,NTERA2,-2.169532169209793
P43250,GRK6,PIK294,NTERA2,-2.121572851010257
P43250,GRK6,TGX221,NTERA2,-3.8108525900146546
P43250,GRK6,CX4945,NTERA2,-0.48413182848567754
P43250,GRK6,GO6983,NTERA2,-3.7805770500297524
P43250,GRK6,KN93,NTERA2,0.5154596409273514
P43250,GRK6,MK2206,NTERA2,3.2219041028028412
P43250,GRK6,AZD5438,NTERA2,4.66220788571888
P43250,GRK6,FRAX486,NTERA2,2.472364625929955
P43250,GRK6,Ku0063794,NTERA2,2.605924742536369
P43250,GRK6,PD153035,NTERA2,3.29693620556937
P43250,GRK6,PF3758309,NTERA2,3.1174473068369384
P43250,GRK6,Torin,NTERA2,3.428816029338069
P43250,GRK6,Trametinib,NTERA2,2.296751697188519
P43250,GRK6,AZD1480,NTERA2,-0.29777617465006695
P43250,GRK6,AZD5363,NTERA2,0.8415903481248501
P43250,GRK6,BX912,NTERA2,0.6388949689173339
P43250,GRK6,CHIR99021,NTERA2,-1.6183919460331038
P43250,GRK6,GSK2334470,NTERA2,-0.984605695168078
P43250,GRK6,Ipatasertib,NTERA2,-0.7920229580608857
P43250,GRK6,LY2090314,NTERA2,-0.7716244607532913
P43250,GRK6,Tofacitinib,NTERA2,-1.6076015517571702
P43250,GRK6,AZD8055,NTERA2,-0.5944739290892928
P43250,GRK6,GDC0994,NTERA2,-0.3553873491722704
P43250,GRK6,JNK,NTERA2,0.0015448642691371164
P43250,GRK6,LY2584702,NTERA2,-2.8470874339342576
P43250,GRK6,PH797804,NTERA2,0.31383378278496615
P43250,GRK6,Selumetinib,NTERA2,0.03751175461255933
P43250,GRK6,U73122,NTERA2,-1.3429781955144686
P43250,GRK6,Ulixertinib,NTERA2,-1.0068558014898792
P43250,GRK6,Amuvatinib,NTERA2,1.6487499842002376
P43250,GRK6,AZD3759,NTERA2,1.562812178120003
P43250,GRK6,GSK690693,NTERA2,-0.24875181340063957
P43250,GRK6,JNJ,NTERA2,3.2614309235857033
P43250,GRK6,KN62,NTERA2,0.02836878888355418
P43250,GRK6,Linsitinib,NTERA2,0.28734910960488463
P43250,GRK6,LY2835219,NTERA2,0.16002979747941984
P43250,GRK6,Ribociclib,NTERA2,-0.2864424267437122
P43250,GRK6,AC220,NTERA2,1.7641696245764504
P43250,GRK6,Edelfosine,NTERA2,-1.213273145259488
P43250,GRK6,GF109203X,NTERA2,-0.057085590255863086
P43250,GRK6,Go6976,NTERA2,5.5398118003234815
P43250,GRK6,PF4708671,NTERA2,5.478515361686084
P43250,GRK6,SP600125,NTERA2,-0.28379099421146015
P43250,GRK6,TAK715,NTERA2,0.003849851157198698
P43250,GRK6,TBCA,NTERA2,-0.7765226080841414
P43250,GRK6,AT13148,NTERA2,1.0726082956867238
P43250,GRK6,AZ20,NTERA2,-2.2593660131515403
P43250,GRK6,AZD6738,NTERA2,-0.625726532753964
P43250,GRK6,Bosutinib,NTERA2,0.2396275339378594
P43250,GRK6,Dabrafenib,NTERA2,-0.865736324921218
P43250,GRK6,Dasatinib,NTERA2,2.016366653420053
P43250,GRK6,DNAPK,NTERA2,-1.2071924000335532
P43250,GRK6,H89,NTERA2,3.3748314345245585
P43250,GRK6,KD025,NTERA2,-0.27668075859810765
P43250,GRK6,NU7441,NTERA2,2.97546162694273
P43250,GRK6,Ripasudil,NTERA2,0.32102825474603947
P43250,GRK6,Vemurafenib,NTERA2,0.1512414564437654
Q9BQI3,EIF2AK1,AZD6482,NTERA2,
Q9BQI3,EIF2AK1,CAL101,NTERA2,
Q9BQI3,EIF2AK1,GDC0941,NTERA2,
Q9BQI3,EIF2AK1,HS173,NTERA2,
Q9BQI3,EIF2AK1,PIK294,NTERA2,
Q9BQI3,EIF2AK1,TGX221,NTERA2,
Q9BQI3,EIF2AK1,CX4945,NTERA2,
Q9BQI3,EIF2AK1,GO6983,NTERA2,
Q9BQI3,EIF2AK1,KN93,NTERA2,
Q9BQI3,EIF2AK1,MK2206,NTERA2,
Q9BQI3,EIF2AK1,AZD5438,NTERA2,
Q9BQI3,EIF2AK1,FRAX486,NTERA2,
Q9BQI3,EIF2AK1,Ku0063794,NTERA2,
Q9BQI3,EIF2AK1,PD153035,NTERA2,
Q9BQI3,EIF2AK1,PF3758309,NTERA2,
Q9BQI3,EIF2AK1,Torin,NTERA2,
Q9BQI3,EIF2AK1,Trametinib,NTERA2,
Q9BQI3,EIF2AK1,AZD1480,NTERA2,
Q9BQI3,EIF2AK1,AZD5363,NTERA2,
Q9BQI3,EIF2AK1,BX912,NTERA2,
Q9BQI3,EIF2AK1,CHIR99021,NTERA2,
Q9BQI3,EIF2AK1,GSK2334470,NTERA2,
Q9BQI3,EIF2AK1,Ipatasertib,NTERA2,
Q9BQI3,EIF2AK1,LY2090314,NTERA2,
Q9BQI3,EIF2AK1,Tofacitinib,NTERA2,
Q9BQI3,EIF2AK1,AZD8055,NTERA2,
Q9BQI3,EIF2AK1,GDC0994,NTERA2,
Q9BQI3,EIF2AK1,JNK,NTERA2,
Q9BQI3,EIF2AK1,LY2584702,NTERA2,
Q9BQI3,EIF2AK1,PH797804,NTERA2,
Q9BQI3,EIF2AK1,Selumetinib,NTERA2,
Q9BQI3,EIF2AK1,U73122,NTERA2,
Q9BQI3,EIF2AK1,Ulixertinib,NTERA2,
Q9BQI3,EIF2AK1,Amuvatinib,NTERA2,
Q9BQI3,EIF2AK1,AZD3759,NTERA2,
Q9BQI3,EIF2AK1,GSK690693,NTERA2,
Q9BQI3,EIF2AK1,JNJ,NTERA2,
Q9BQI3,EIF2AK1,KN62,NTERA2,
Q9BQI3,EIF2AK1,Linsitinib,NTERA2,
Q9BQI3,EIF2AK1,LY2835219,NTERA2,
Q9BQI3,EIF2AK1,Ribociclib,NTERA2,
Q9BQI3,EIF2AK1,AC220,NTERA2,
Q9BQI3,EIF2AK1,Edelfosine,NTERA2,
Q9BQI3,EIF2AK1,GF109203X,NTERA2,
Q9BQI3,EIF2AK1,Go6976,NTERA2,
Q9BQI3,EIF2AK1,PF4708671,NTERA2,
Q9BQI3,EIF2AK1,SP600125,NTERA2,
Q9BQI3,EIF2AK1,TAK715,NTERA2,
Q9BQI3,EIF2AK1,TBCA,NTERA2,
Q9BQI3,EIF2AK1,AT13148,NTERA2,
Q9BQI3,EIF2AK1,AZ20,NTERA2,
Q9BQI3,EIF2AK1,AZD6738,NTERA2,
Q9BQI3,EIF2AK1,Bosutinib,NTERA2,
Q9BQI3,EIF2AK1,Dabrafenib,NTERA2,
Q9BQI3,EIF2AK1,Dasatinib,NTERA2,
Q9BQI3,EIF2AK1,DNAPK,NTERA2,
Q9BQI3,EIF2AK1,H89,NTERA2,
Q9BQI3,EIF2AK1,KD025,NTERA2,
Q9BQI3,EIF2AK1,NU7441,NTERA2,
Q9BQI3,EIF2AK1,Ripasudil,NTERA2,
Q9BQI3,EIF2AK1,Vemurafenib,NTERA2,
Q9NZJ5,EIF2AK3,AZD6482,NTERA2,
Q9NZJ5,EIF2AK3,CAL101,NTERA2,
Q9NZJ5,EIF2AK3,GDC0941,NTERA2,
Q9NZJ5,EIF2AK3,HS173,NTERA2,
Q9NZJ5,EIF2AK3,PIK294,NTERA2,
Q9NZJ5,EIF2AK3,TGX221,NTERA2,
Q9NZJ5,EIF2AK3,CX4945,NTERA2,
Q9NZJ5,EIF2AK3,GO6983,NTERA2,
Q9NZJ5,EIF2AK3,KN93,NTERA2,
Q9NZJ5,EIF2AK3,MK2206,NTERA2,
Q9NZJ5,EIF2AK3,AZD5438,NTERA2,
Q9NZJ5,EIF2AK3,FRAX486,NTERA2,
Q9NZJ5,EIF2AK3,Ku0063794,NTERA2,
Q9NZJ5,EIF2AK3,PD153035,NTERA2,
Q9NZJ5,EIF2AK3,PF3758309,NTERA2,
Q9NZJ5,EIF2AK3,Torin,NTERA2,
Q9NZJ5,EIF2AK3,Trametinib,NTERA2,
Q9NZJ5,EIF2AK3,AZD1480,NTERA2,
Q9NZJ5,EIF2AK3,AZD5363,NTERA2,
Q9NZJ5,EIF2AK3,BX912,NTERA2,
Q9NZJ5,EIF2AK3,CHIR99021,NTERA2,
Q9NZJ5,EIF2AK3,GSK2334470,NTERA2,
Q9NZJ5,EIF2AK3,Ipatasertib,NTERA2,
Q9NZJ5,EIF2AK3,LY2090314,NTERA2,
Q9NZJ5,EIF2AK3,Tofacitinib,NTERA2,
Q9NZJ5,EIF2AK3,AZD8055,NTERA2,
Q9NZJ5,EIF2AK3,GDC0994,NTERA2,
Q9NZJ5,EIF2AK3,JNK,NTERA2,
Q9NZJ5,EIF2AK3,LY2584702,NTERA2,
Q9NZJ5,EIF2AK3,PH797804,NTERA2,
Q9NZJ5,EIF2AK3,Selumetinib,NTERA2,
Q9NZJ5,EIF2AK3,U73122,NTERA2,
Q9NZJ5,EIF2AK3,Ulixertinib,NTERA2,
Q9NZJ5,EIF2AK3,Amuvatinib,NTERA2,
Q9NZJ5,EIF2AK3,AZD3759,NTERA2,
Q9NZJ5,EIF2AK3,GSK690693,NTERA2,
Q9NZJ5,EIF2AK3,JNJ,NTERA2,
Q9NZJ5,EIF2AK3,KN62,NTERA2,
Q9NZJ5,EIF2AK3,Linsitinib,NTERA2,
Q9NZJ5,EIF2AK3,LY2835219,NTERA2,
Q9NZJ5,EIF2AK3,Ribociclib,NTERA2,
Q9NZJ5,EIF2AK3,AC220,NTERA2,
Q9NZJ5,EIF2AK3,Edelfosine,NTERA2,
Q9NZJ5,EIF2AK3,GF109203X,NTERA2,
Q9NZJ5,EIF2AK3,Go6976,NTERA2,
Q9NZJ5,EIF2AK3,PF4708671,NTERA2,
Q9NZJ5,EIF2AK3,SP600125,NTERA2,
Q9NZJ5,EIF2AK3,TAK715,NTERA2,
Q9NZJ5,EIF2AK3,TBCA,NTERA2,
Q9NZJ5,EIF2AK3,AT13148,NTERA2,
Q9NZJ5,EIF2AK3,AZ20,NTERA2,
Q9NZJ5,EIF2AK3,AZD6738,NTERA2,
Q9NZJ5,EIF2AK3,Bosutinib,NTERA2,
Q9NZJ5,EIF2AK3,Dabrafenib,NTERA2,
Q9NZJ5,EIF2AK3,Dasatinib,NTERA2,
Q9NZJ5,EIF2AK3,DNAPK,NTERA2,
Q9NZJ5,EIF2AK3,H89,NTERA2,
Q9NZJ5,EIF2AK3,KD025,NTERA2,
Q9NZJ5,EIF2AK3,NU7441,NTERA2,
Q9NZJ5,EIF2AK3,Ripasudil,NTERA2,
Q9NZJ5,EIF2AK3,Vemurafenib,NTERA2,
Q14012,CAMK1,AZD6482,NTERA2,-0.33426394097377027
Q14012,CAMK1,CAL101,NTERA2,0.253930474852023
Q14012,CAMK1,GDC0941,NTERA2,0.20833659220247414
Q14012,CAMK1,HS173,NTERA2,0.014719763073773718
Q14012,CAMK1,PIK294,NTERA2,1.6436654922248608
Q14012,CAMK1,TGX221,NTERA2,0.33382254413742696
Q14012,CAMK1,CX4945,NTERA2,-0.9827215053187375
Q14012,CAMK1,GO6983,NTERA2,-0.768893935864461
Q14012,CAMK1,KN93,NTERA2,-0.5082529054001502
Q14012,CAMK1,MK2206,NTERA2,1.0349144533466546
Q14012,CAMK1,AZD5438,NTERA2,-0.5375232319094025
Q14012,CAMK1,FRAX486,NTERA2,-0.15045917019723073
Q14012,CAMK1,Ku0063794,NTERA2,-0.21181608934364468
Q14012,CAMK1,PD153035,NTERA2,0.43378996324073144
Q14012,CAMK1,PF3758309,NTERA2,-0.22000405260105546
Q14012,CAMK1,Torin,NTERA2,0.056586206854658073
Q14012,CAMK1,Trametinib,NTERA2,-0.3980103847763694
Q14012,CAMK1,AZD1480,NTERA2,-0.809860986206617
Q14012,CAMK1,AZD5363,NTERA2,-0.8666075061704003
Q14012,CAMK1,BX912,NTERA2,-0.5428465901481592
Q14012,CAMK1,CHIR99021,NTERA2,-1.8497062318533541
Q14012,CAMK1,GSK2334470,NTERA2,-1.2274285971058783
Q14012,CAMK1,Ipatasertib,NTERA2,-1.0443038645571152
Q14012,CAMK1,LY2090314,NTERA2,-0.02710345596592255
Q14012,CAMK1,Tofacitinib,NTERA2,-1.2308764629101379
Q14012,CAMK1,AZD8055,NTERA2,-0.0051181564497169586
Q14012,CAMK1,GDC0994,NTERA2,1.1137579337953447
Q14012,CAMK1,JNK,NTERA2,-0.16454248983239542
Q14012,CAMK1,LY2584702,NTERA2,0.1747509910082563
Q14012,CAMK1,PH797804,NTERA2,0.40293872603821385
Q14012,CAMK1,Selumetinib,NTERA2,-0.13406614210520798
Q14012,CAMK1,U73122,NTERA2,0.025700041998654923
Q14012,CAMK1,Ulixertinib,NTERA2,0.4053861747559965
Q14012,CAMK1,Amuvatinib,NTERA2,-0.3576548979389162
Q14012,CAMK1,AZD3759,NTERA2,-0.17850949605038807
Q14012,CAMK1,GSK690693,NTERA2,-0.22299181319550052
Q14012,CAMK1,JNJ,NTERA2,-0.2705614866933297
Q14012,CAMK1,KN62,NTERA2,-0.7583072434962952
Q14012,CAMK1,Linsitinib,NTERA2,0.09739758466087639
Q14012,CAMK1,LY2835219,NTERA2,0.02349147334216705
Q14012,CAMK1,Ribociclib,NTERA2,-0.14489430686571914
Q14012,CAMK1,AC220,NTERA2,0.2572785295071241
Q14012,CAMK1,Edelfosine,NTERA2,-0.6376494607935597
Q14012,CAMK1,GF109203X,NTERA2,0.27033589078163034
Q14012,CAMK1,Go6976,NTERA2,-0.4859847913301022
Q14012,CAMK1,PF4708671,NTERA2,-0.03322779945452079
Q14012,CAMK1,SP600125,NTERA2,-0.5100457556455014
Q14012,CAMK1,TAK715,NTERA2,-0.08970857320780393
Q14012,CAMK1,TBCA,NTERA2,-1.6319519777465294
Q14012,CAMK1,AT13148,NTERA2,-1.3964996090332018
Q14012,CAMK1,AZ20,NTERA2,-0.4465346706999937
Q14012,CAMK1,AZD6738,NTERA2,-0.620641792903494
Q14012,CAMK1,Bosutinib,NTERA2,-0.5380947763574685
Q14012,CAMK1,Dabrafenib,NTERA2,-0.3615531401994992
Q14012,CAMK1,Dasatinib,NTERA2,-0.19352735984196523
Q14012,CAMK1,DNAPK,NTERA2,-1.1122060247284202
Q14012,CAMK1,H89,NTERA2,-0.7796340270657086
Q14012,CAMK1,KD025,NTERA2,0.4039310667056571
Q14012,CAMK1,NU7441,NTERA2,0.06341562579802877
Q14012,CAMK1,Ripasudil,NTERA2,-0.17238784072741847
Q14012,CAMK1,Vemurafenib,NTERA2,-1.6210371897129785
Q13523,PRP4K,AZD6482,NTERA2,
Q13523,PRP4K,CAL101,NTERA2,
Q13523,PRP4K,GDC0941,NTERA2,
Q13523,PRP4K,HS173,NTERA2,
Q13523,PRP4K,PIK294,NTERA2,
Q13523,PRP4K,TGX221,NTERA2,
Q13523,PRP4K,CX4945,NTERA2,
Q13523,PRP4K,GO6983,NTERA2,
Q13523,PRP4K,KN93,NTERA2,
Q13523,PRP4K,MK2206,NTERA2,
Q13523,PRP4K,AZD5438,NTERA2,
Q13523,PRP4K,FRAX486,NTERA2,
Q13523,PRP4K,Ku0063794,NTERA2,
Q13523,PRP4K,PD153035,NTERA2,
Q13523,PRP4K,PF3758309,NTERA2,
Q13523,PRP4K,Torin,NTERA2,
Q13523,PRP4K,Trametinib,NTERA2,
Q13523,PRP4K,AZD1480,NTERA2,
Q13523,PRP4K,AZD5363,NTERA2,
Q13523,PRP4K,BX912,NTERA2,
Q13523,PRP4K,CHIR99021,NTERA2,
Q13523,PRP4K,GSK2334470,NTERA2,
Q13523,PRP4K,Ipatasertib,NTERA2,
Q13523,PRP4K,LY2090314,NTERA2,
Q13523,PRP4K,Tofacitinib,NTERA2,
Q13523,PRP4K,AZD8055,NTERA2,
Q13523,PRP4K,GDC0994,NTERA2,
Q13523,PRP4K,JNK,NTERA2,
Q13523,PRP4K,LY2584702,NTERA2,
Q13523,PRP4K,PH797804,NTERA2,
Q13523,PRP4K,Selumetinib,NTERA2,
Q13523,PRP4K,U73122,NTERA2,
Q13523,PRP4K,Ulixertinib,NTERA2,
Q13523,PRP4K,Amuvatinib,NTERA2,
Q13523,PRP4K,AZD3759,NTERA2,
Q13523,PRP4K,GSK690693,NTERA2,
Q13523,PRP4K,JNJ,NTERA2,
Q13523,PRP4K,KN62,NTERA2,
Q13523,PRP4K,Linsitinib,NTERA2,
Q13523,PRP4K,LY2835219,NTERA2,
Q13523,PRP4K,Ribociclib,NTERA2,
Q13523,PRP4K,AC220,NTERA2,
Q13523,PRP4K,Edelfosine,NTERA2,
Q13523,PRP4K,GF109203X,NTERA2,
Q13523,PRP4K,Go6976,NTERA2,
Q13523,PRP4K,PF4708671,NTERA2,
Q13523,PRP4K,SP600125,NTERA2,
Q13523,PRP4K,TAK715,NTERA2,
Q13523,PRP4K,TBCA,NTERA2,
Q13523,PRP4K,AT13148,NTERA2,
Q13523,PRP4K,AZ20,NTERA2,
Q13523,PRP4K,AZD6738,NTERA2,
Q13523,PRP4K,Bosutinib,NTERA2,
Q13523,PRP4K,Dabrafenib,NTERA2,
Q13523,PRP4K,Dasatinib,NTERA2,
Q13523,PRP4K,DNAPK,NTERA2,
Q13523,PRP4K,H89,NTERA2,
Q13523,PRP4K,KD025,NTERA2,
Q13523,PRP4K,NU7441,NTERA2,
Q13523,PRP4K,Ripasudil,NTERA2,
Q13523,PRP4K,Vemurafenib,NTERA2,
Q16584,MAP3K11,AZD6482,NTERA2,-0.277409584230535
Q16584,MAP3K11,CAL101,NTERA2,-0.7067081049633452
Q16584,MAP3K11,GDC0941,NTERA2,0.07282892524152061
Q16584,MAP3K11,HS173,NTERA2,0.22035673640906334
Q16584,MAP3K11,PIK294,NTERA2,-0.10300221597873915
Q16584,MAP3K11,TGX221,NTERA2,-0.2334972618156168
Q16584,MAP3K11,CX4945,NTERA2,0.15955331945737822
Q16584,MAP3K11,GO6983,NTERA2,-0.31765062681366624
Q16584,MAP3K11,KN93,NTERA2,-0.1899903079651084
Q16584,MAP3K11,MK2206,NTERA2,-0.2965840418062373
Q16584,MAP3K11,AZD5438,NTERA2,-0.293707304515737
Q16584,MAP3K11,FRAX486,NTERA2,-0.13025042434712047
Q16584,MAP3K11,Ku0063794,NTERA2,0.43134619925852774
Q16584,MAP3K11,PD153035,NTERA2,-0.07116739211579338
Q16584,MAP3K11,PF3758309,NTERA2,0.3914201620168937
Q16584,MAP3K11,Torin,NTERA2,0.8464363327674868
Q16584,MAP3K11,Trametinib,NTERA2,1.600454672919127
Q16584,MAP3K11,AZD1480,NTERA2,-0.2120763464190931
Q16584,MAP3K11,AZD5363,NTERA2,-0.5887388629875951
Q16584,MAP3K11,BX912,NTERA2,-1.3482605206355647
Q16584,MAP3K11,CHIR99021,NTERA2,-0.32989700895681295
Q16584,MAP3K11,GSK2334470,NTERA2,-0.27688945151317695
Q16584,MAP3K11,Ipatasertib,NTERA2,-0.27049746755801823
Q16584,MAP3K11,LY2090314,NTERA2,-0.12029656837248487
Q16584,MAP3K11,Tofacitinib,NTERA2,-0.10402396787451601
Q16584,MAP3K11,AZD8055,NTERA2,0.22103248109622495
Q16584,MAP3K11,GDC0994,NTERA2,0.09995599640744746
Q16584,MAP3K11,JNK,NTERA2,0.03463362681227905
Q16584,MAP3K11,LY2584702,NTERA2,0.2462824156045304
Q16584,MAP3K11,PH797804,NTERA2,-0.2845729241109056
Q16584,MAP3K11,Selumetinib,NTERA2,0.04502452935185215
Q16584,MAP3K11,U73122,NTERA2,-0.033528554601940944
Q16584,MAP3K11,Ulixertinib,NTERA2,0.38620401234900237
Q16584,MAP3K11,Amuvatinib,NTERA2,-0.11885619599063033
Q16584,MAP3K11,AZD3759,NTERA2,-0.012808812491212386
Q16584,MAP3K11,GSK690693,NTERA2,-0.20852972130538516
Q16584,MAP3K11,JNJ,NTERA2,0.19962457064833838
Q16584,MAP3K11,KN62,NTERA2,-0.16066978199299506
Q16584,MAP3K11,Linsitinib,NTERA2,-0.5281451775572245
Q16584,MAP3K11,LY2835219,NTERA2,-0.40369975197903346
Q16584,MAP3K11,Ribociclib,NTERA2,-0.33999372500404174
Q16584,MAP3K11,AC220,NTERA2,0.2804356853827407
Q16584,MAP3K11,Edelfosine,NTERA2,1.7893988393838565
Q16584,MAP3K11,GF109203X,NTERA2,-0.09381001720799995
Q16584,MAP3K11,Go6976,NTERA2,0.5636342906319818
Q16584,MAP3K11,PF4708671,NTERA2,0.10253648164360007
Q16584,MAP3K11,SP600125,NTERA2,0.07822677023576281
Q16584,MAP3K11,TAK715,NTERA2,0.0563301048204861
Q16584,MAP3K11,TBCA,NTERA2,0.3376453921763602
Q16584,MAP3K11,AT13148,NTERA2,-0.680346109681373
Q16584,MAP3K11,AZ20,NTERA2,0.14178161546389545
Q16584,MAP3K11,AZD6738,NTERA2,0.4984124243406395
Q16584,MAP3K11,Bosutinib,NTERA2,0.1351188626326725
Q16584,MAP3K11,Dabrafenib,NTERA2,0.010688717218836637
Q16584,MAP3K11,Dasatinib,NTERA2,0.08154525130861379
Q16584,MAP3K11,DNAPK,NTERA2,-0.591646705578036
Q16584,MAP3K11,H89,NTERA2,0.24655876012041267
Q16584,MAP3K11,KD025,NTERA2,0.16013321645450426
Q16584,MAP3K11,NU7441,NTERA2,-0.18370388975606095
Q16584,MAP3K11,Ripasudil,NTERA2,0.037792801306174975
Q16584,MAP3K11,Vemurafenib,NTERA2,-0.030007832242294787
Q5VT25,CDC42BPA,AZD6482,NTERA2,-1.245357895067763
Q5VT25,CDC42BPA,CAL101,NTERA2,0.27082573460878845
Q5VT25,CDC42BPA,GDC0941,NTERA2,0.9013063529473293
Q5VT25,CDC42BPA,HS173,NTERA2,-0.28290741873983355
Q5VT25,CDC42BPA,PIK294,NTERA2,0.03510084786319921
Q5VT25,CDC42BPA,TGX221,NTERA2,-0.6913049742224194
Q5VT25,CDC42BPA,CX4945,NTERA2,0.2998839507358879
Q5VT25,CDC42BPA,GO6983,NTERA2,-0.07268430338785019
Q5VT25,CDC42BPA,KN93,NTERA2,-0.33741546397489075
Q5VT25,CDC42BPA,MK2206,NTERA2,1.5603464987995999
Q5VT25,CDC42BPA,AZD5438,NTERA2,0.2472079863493574
Q5VT25,CDC42BPA,FRAX486,NTERA2,0.84735556038674
Q5VT25,CDC42BPA,Ku0063794,NTERA2,0.7628887019673819
Q5VT25,CDC42BPA,PD153035,NTERA2,0.12440301973585055
Q5VT25,CDC42BPA,PF3758309,NTERA2,0.22953480645720226
Q5VT25,CDC42BPA,Torin,NTERA2,0.4508671919123462
Q5VT25,CDC42BPA,Trametinib,NTERA2,0.05802729395914239
Q5VT25,CDC42BPA,AZD1480,NTERA2,0.375011698964138
Q5VT25,CDC42BPA,AZD5363,NTERA2,-3.2238650286662245
Q5VT25,CDC42BPA,BX912,NTERA2,1.3300985837301535
Q5VT25,CDC42BPA,CHIR99021,NTERA2,0.42767549478172473
Q5VT25,CDC42BPA,GSK2334470,NTERA2,-0.6977494279867247
Q5VT25,CDC42BPA,Ipatasertib,NTERA2,0.7957270819197576
Q5VT25,CDC42BPA,LY2090314,NTERA2,1.2421764476118002
Q5VT25,CDC42BPA,Tofacitinib,NTERA2,-0.3000108535787504
Q5VT25,CDC42BPA,AZD8055,NTERA2,0.14541103161199967
Q5VT25,CDC42BPA,GDC0994,NTERA2,-0.4961455069030997
Q5VT25,CDC42BPA,JNK,NTERA2,0.8310900195194805
Q5VT25,CDC42BPA,LY2584702,NTERA2,0.7696130266460984
Q5VT25,CDC42BPA,PH797804,NTERA2,0.39245231779130474
Q5VT25,CDC42BPA,Selumetinib,NTERA2,-0.08030787388808656
Q5VT25,CDC42BPA,U73122,NTERA2,-0.31915971142714966
Q5VT25,CDC42BPA,Ulixertinib,NTERA2,1.2082667284233684
Q5VT25,CDC42BPA,Amuvatinib,NTERA2,-1.7121802410424118
Q5VT25,CDC42BPA,AZD3759,NTERA2,-1.3481863050567549
Q5VT25,CDC42BPA,GSK690693,NTERA2,0.2607235384559494
Q5VT25,CDC42BPA,JNJ,NTERA2,-1.6856604769020909
Q5VT25,CDC42BPA,KN62,NTERA2,-0.6456596869313553
Q5VT25,CDC42BPA,Linsitinib,NTERA2,1.8208089090613861
Q5VT25,CDC42BPA,LY2835219,NTERA2,-0.5488362109710696
Q5VT25,CDC42BPA,Ribociclib,NTERA2,-0.4125193309279653
Q5VT25,CDC42BPA,AC220,NTERA2,-0.08976336278730028
Q5VT25,CDC42BPA,Edelfosine,NTERA2,1.201194092945316
Q5VT25,CDC42BPA,GF109203X,NTERA2,-0.36635970224974934
Q5VT25,CDC42BPA,Go6976,NTERA2,-0.09296746351324371
Q5VT25,CDC42BPA,PF4708671,NTERA2,-0.25204973201202807
Q5VT25,CDC42BPA,SP600125,NTERA2,-1.0237471052774818
Q5VT25,CDC42BPA,TAK715,NTERA2,0.12287041219364574
Q5VT25,CDC42BPA,TBCA,NTERA2,-2.2928975042363082
Q5VT25,CDC42BPA,AT13148,NTERA2,-0.9260868422392824
Q5VT25,CDC42BPA,AZ20,NTERA2,-1.8147456330534555
Q5VT25,CDC42BPA,AZD6738,NTERA2,-0.5471024947494183
Q5VT25,CDC42BPA,Bosutinib,NTERA2,0.22462713799051937
Q5VT25,CDC42BPA,Dabrafenib,NTERA2,-2.252779520758554
Q5VT25,CDC42BPA,Dasatinib,NTERA2,0.48499005812066587
Q5VT25,CDC42BPA,DNAPK,NTERA2,0.35023095980716434
Q5VT25,CDC42BPA,H89,NTERA2,1.760657207877982
Q5VT25,CDC42BPA,KD025,NTERA2,1.712809998722418
Q5VT25,CDC42BPA,NU7441,NTERA2,1.352554728528799
Q5VT25,CDC42BPA,Ripasudil,NTERA2,1.115874804710965
Q5VT25,CDC42BPA,Vemurafenib,NTERA2,0.735678691623739
Q07912,TNK2,AZD6482,NTERA2,-0.16836678567362576
Q07912,TNK2,CAL101,NTERA2,-0.9387411846630855
Q07912,TNK2,GDC0941,NTERA2,-0.8481296082015435
Q07912,TNK2,HS173,NTERA2,-0.4846758370449687
Q07912,TNK2,PIK294,NTERA2,-0.296581651250475
Q07912,TNK2,TGX221,NTERA2,-0.3226645501643355
Q07912,TNK2,CX4945,NTERA2,0.23034969201902353
Q07912,TNK2,GO6983,NTERA2,0.9167085441452604
Q07912,TNK2,KN93,NTERA2,0.22809740891401992
Q07912,TNK2,MK2206,NTERA2,-0.07159803353716665
Q07912,TNK2,AZD5438,NTERA2,0.13496598957723735
Q07912,TNK2,FRAX486,NTERA2,-0.29543324469730314
Q07912,TNK2,Ku0063794,NTERA2,0.5424105493872959
Q07912,TNK2,PD153035,NTERA2,1.0157831211444583
Q07912,TNK2,PF3758309,NTERA2,0.29292558785943346
Q07912,TNK2,Torin,NTERA2,0.699543971189957
Q07912,TNK2,Trametinib,NTERA2,-0.5391892931684248
Q07912,TNK2,AZD1480,NTERA2,0.18684702522084196
Q07912,TNK2,AZD5363,NTERA2,-1.317049519564363
Q07912,TNK2,BX912,NTERA2,-0.7193325564532342
Q07912,TNK2,CHIR99021,NTERA2,-0.28619414781735286
Q07912,TNK2,GSK2334470,NTERA2,-0.42757792569794384
Q07912,TNK2,Ipatasertib,NTERA2,0.4111745838117538
Q07912,TNK2,LY2090314,NTERA2,-0.003480921157454516
Q07912,TNK2,Tofacitinib,NTERA2,-0.4181562269280282
Q07912,TNK2,AZD8055,NTERA2,0.8912967180076673
Q07912,TNK2,GDC0994,NTERA2,1.0037786794185097
Q07912,TNK2,JNK,NTERA2,0.6628568525448055
Q07912,TNK2,LY2584702,NTERA2,1.069122698182163
Q07912,TNK2,PH797804,NTERA2,0.7902362910309947
Q07912,TNK2,Selumetinib,NTERA2,0.7134712154536408
Q07912,TNK2,U73122,NTERA2,0.6812247420200128
Q07912,TNK2,Ulixertinib,NTERA2,0.8309349527374462
Q07912,TNK2,Amuvatinib,NTERA2,-0.249686522833722
Q07912,TNK2,AZD3759,NTERA2,-0.2885335836271023
Q07912,TNK2,GSK690693,NTERA2,0.09767465386883281
Q07912,TNK2,JNJ,NTERA2,0.24872261259344441
Q07912,TNK2,KN62,NTERA2,0.3828452036002662
Q07912,TNK2,Linsitinib,NTERA2,0.2927717442035711
Q07912,TNK2,LY2835219,NTERA2,-0.4763246565580573
Q07912,TNK2,Ribociclib,NTERA2,0.4418500456520867
Q07912,TNK2,AC220,NTERA2,1.3063561097009286
Q07912,TNK2,Edelfosine,NTERA2,1.4146378740475356
Q07912,TNK2,GF109203X,NTERA2,1.2778149251364863
Q07912,TNK2,Go6976,NTERA2,1.014735238596855
Q07912,TNK2,PF4708671,NTERA2,1.3613227615719388
Q07912,TNK2,SP600125,NTERA2,-0.38352306577593803
Q07912,TNK2,TAK715,NTERA2,1.292569991633006
Q07912,TNK2,TBCA,NTERA2,1.2268190104757284
Q07912,TNK2,AT13148,NTERA2,-3.193120094743933
Q07912,TNK2,AZ20,NTERA2,-0.6723772465905264
Q07912,TNK2,AZD6738,NTERA2,0.9090545348762551
Q07912,TNK2,Bosutinib,NTERA2,-2.479471842411083
Q07912,TNK2,Dabrafenib,NTERA2,-0.41695089579953953
Q07912,TNK2,Dasatinib,NTERA2,0.2860624457329153
Q07912,TNK2,DNAPK,NTERA2,0.8962569404498844
Q07912,TNK2,H89,NTERA2,-0.1204493405246254
Q07912,TNK2,KD025,NTERA2,-0.008038975346148353
Q07912,TNK2,NU7441,NTERA2,0.6803141258138986
Q07912,TNK2,Ripasudil,NTERA2,1.0439238149139598
Q07912,TNK2,Vemurafenib,NTERA2,0.1843946739217554
Q13043,STK4,AZD6482,NTERA2,1.013491931079201
Q13043,STK4,CAL101,NTERA2,1.1235560995281686
Q13043,STK4,GDC0941,NTERA2,-0.12770775103741672
Q13043,STK4,HS173,NTERA2,1.7785799443539365
Q13043,STK4,PIK294,NTERA2,1.1346634088857392
Q13043,STK4,TGX221,NTERA2,1.8216758412903655
Q13043,STK4,CX4945,NTERA2,0.006794647630077843
Q13043,STK4,GO6983,NTERA2,0.7115952150888907
Q13043,STK4,KN93,NTERA2,0.7640768200227358
Q13043,STK4,MK2206,NTERA2,-0.2711819267102805
Q13043,STK4,AZD5438,NTERA2,-0.25102127910931005
Q13043,STK4,FRAX486,NTERA2,1.275779140413576
Q13043,STK4,Ku0063794,NTERA2,-1.724209475329787
Q13043,STK4,PD153035,NTERA2,0.6806962974929525
Q13043,STK4,PF3758309,NTERA2,0.17433592111394167
Q13043,STK4,Torin,NTERA2,0.7759045690311169
Q13043,STK4,Trametinib,NTERA2,0.8463186356172075
Q13043,STK4,AZD1480,NTERA2,-1.1271871106185465
Q13043,STK4,AZD5363,NTERA2,-1.3379766494535974
Q13043,STK4,BX912,NTERA2,-0.06104168546520832
Q13043,STK4,CHIR99021,NTERA2,-1.0981955786497155
Q13043,STK4,GSK2334470,NTERA2,-1.656675083638186
Q13043,STK4,Ipatasertib,NTERA2,-1.228736389736982
Q13043,STK4,LY2090314,NTERA2,0.6234522949911977
Q13043,STK4,Tofacitinib,NTERA2,-1.839079641992565
Q13043,STK4,AZD8055,NTERA2,-0.03673841021974787
Q13043,STK4,GDC0994,NTERA2,0.33259271792073913
Q13043,STK4,JNK,NTERA2,-1.5918101807126586
Q13043,STK4,LY2584702,NTERA2,-0.1844072404108507
Q13043,STK4,PH797804,NTERA2,1.432313346439267
Q13043,STK4,Selumetinib,NTERA2,-0.29972423423648153
Q13043,STK4,U73122,NTERA2,0.7120854535842583
Q13043,STK4,Ulixertinib,NTERA2,-0.10581200293173028
Q13043,STK4,Amuvatinib,NTERA2,1.268351512131119
Q13043,STK4,AZD3759,NTERA2,1.1336266854660568
Q13043,STK4,GSK690693,NTERA2,0.03340548870793997
Q13043,STK4,JNJ,NTERA2,0.41187701718790354
Q13043,STK4,KN62,NTERA2,2.1340003966099763
Q13043,STK4,Linsitinib,NTERA2,2.438319064180775
Q13043,STK4,LY2835219,NTERA2,3.0781752976746786
Q13043,STK4,Ribociclib,NTERA2,3.073987928695128
Q13043,STK4,AC220,NTERA2,0.28614341646632324
Q13043,STK4,Edelfosine,NTERA2,0.10180695472590653
Q13043,STK4,GF109203X,NTERA2,-0.21532130646424213
Q13043,STK4,Go6976,NTERA2,-1.3958777561033708
Q13043,STK4,PF4708671,NTERA2,0.18553949358001903
Q13043,STK4,SP600125,NTERA2,-1.907857202005515
Q13043,STK4,TAK715,NTERA2,0.35260389691421795
Q13043,STK4,TBCA,NTERA2,-0.35285964740675696
Q13043,STK4,AT13148,NTERA2,2.1439293229145675
Q13043,STK4,AZ20,NTERA2,0.04434804469243534
Q13043,STK4,AZD6738,NTERA2,1.9617817628018739
Q13043,STK4,Bosutinib,NTERA2,0.7894115049490503
Q13043,STK4,Dabrafenib,NTERA2,1.1163338602163286
Q13043,STK4,Dasatinib,NTERA2,2.1003363840486404
Q13043,STK4,DNAPK,NTERA2,1.6259189616290848
Q13043,STK4,H89,NTERA2,1.0367964856513137
Q13043,STK4,KD025,NTERA2,1.843633765793951
Q13043,STK4,NU7441,NTERA2,1.1692410709202345
Q13043,STK4,Ripasudil,NTERA2,1.9501764928841083
Q13043,STK4,Vemurafenib,NTERA2,0.30829428279819665
Q8TD19,NEK9,AZD6482,NTERA2,-0.7958559342111698
Q8TD19,NEK9,CAL101,NTERA2,-0.04372287913772887
Q8TD19,NEK9,GDC0941,NTERA2,-1.5591185130914873
Q8TD19,NEK9,HS173,NTERA2,0.4149355883188093
Q8TD19,NEK9,PIK294,NTERA2,0.7125872612028137
Q8TD19,NEK9,TGX221,NTERA2,0.28323132829026876
Q8TD19,NEK9,CX4945,NTERA2,-0.3912025871587562
Q8TD19,NEK9,GO6983,NTERA2,-0.1739876620956184
Q8TD19,NEK9,KN93,NTERA2,-0.10686560432477532
Q8TD19,NEK9,MK2206,NTERA2,0.12313838052129221
Q8TD19,NEK9,AZD5438,NTERA2,1.5264433047361972
Q8TD19,NEK9,FRAX486,NTERA2,3.869378763671968
Q8TD19,NEK9,Ku0063794,NTERA2,1.6184980967386127
Q8TD19,NEK9,PD153035,NTERA2,3.03313212979551
Q8TD19,NEK9,PF3758309,NTERA2,3.7923037006282705
Q8TD19,NEK9,Torin,NTERA2,3.48976323079771
Q8TD19,NEK9,Trametinib,NTERA2,1.559983269259802
Q8TD19,NEK9,AZD1480,NTERA2,-0.15099895307284844
Q8TD19,NEK9,AZD5363,NTERA2,-0.7278822637588113
Q8TD19,NEK9,BX912,NTERA2,0.4814685497150471
Q8TD19,NEK9,CHIR99021,NTERA2,0.5057764209646782
Q8TD19,NEK9,GSK2334470,NTERA2,-0.47624079738487735
Q8TD19,NEK9,Ipatasertib,NTERA2,-0.19676622041738476
Q8TD19,NEK9,LY2090314,NTERA2,0.8500971744777911
Q8TD19,NEK9,Tofacitinib,NTERA2,-0.8305843449552165
Q8TD19,NEK9,AZD8055,NTERA2,-0.7110529514782016
Q8TD19,NEK9,GDC0994,NTERA2,-0.08190269653774825
Q8TD19,NEK9,JNK,NTERA2,-1.429278651519138
Q8TD19,NEK9,LY2584702,NTERA2,0.5526035463887164
Q8TD19,NEK9,PH797804,NTERA2,1.007734281223688
Q8TD19,NEK9,Selumetinib,NTERA2,-0.49993425271510916
Q8TD19,NEK9,U73122,NTERA2,0.436071065816712
Q8TD19,NEK9,Ulixertinib,NTERA2,-0.3309683213881092
Q8TD19,NEK9,Amuvatinib,NTERA2,-0.2878428735821277
Q8TD19,NEK9,AZD3759,NTERA2,-0.18789566820314643
Q8TD19,NEK9,GSK690693,NTERA2,-1.2855972513191531
Q8TD19,NEK9,JNJ,NTERA2,0.8663860012813625
Q8TD19,NEK9,KN62,NTERA2,1.024591370558764
Q8TD19,NEK9,Linsitinib,NTERA2,0.5218860563705185
Q8TD19,NEK9,LY2835219,NTERA2,0.9634292698489717
Q8TD19,NEK9,Ribociclib,NTERA2,0.18756776383059856
Q8TD19,NEK9,AC220,NTERA2,-2.2964024040243247
Q8TD19,NEK9,Edelfosine,NTERA2,-0.9537928981090862
Q8TD19,NEK9,GF109203X,NTERA2,-0.6444524549525092
Q8TD19,NEK9,Go6976,NTERA2,-1.9062985735936666
Q8TD19,NEK9,PF4708671,NTERA2,-2.0226267752150733
Q8TD19,NEK9,SP600125,NTERA2,-1.2212627134960607
Q8TD19,NEK9,TAK715,NTERA2,-1.5087517614634913
Q8TD19,NEK9,TBCA,NTERA2,-0.37894273152321256
Q8TD19,NEK9,AT13148,NTERA2,-0.7682051007397728
Q8TD19,NEK9,AZ20,NTERA2,0.5709263176465756
Q8TD19,NEK9,AZD6738,NTERA2,0.5631530438137439
Q8TD19,NEK9,Bosutinib,NTERA2,1.3253860270823992
Q8TD19,NEK9,Dabrafenib,NTERA2,-0.47752794923528114
Q8TD19,NEK9,Dasatinib,NTERA2,-0.16647828618325544
Q8TD19,NEK9,DNAPK,NTERA2,-0.5391766701944799
Q8TD19,NEK9,H89,NTERA2,-0.49879565800984177
Q8TD19,NEK9,KD025,NTERA2,1.100416955863843
Q8TD19,NEK9,NU7441,NTERA2,-0.5727934384009434
Q8TD19,NEK9,Ripasudil,NTERA2,-0.1491615839324783
Q8TD19,NEK9,Vemurafenib,NTERA2,-0.11506039828946434
Q96RG2,PASK,AZD6482,NTERA2,-0.35321980729656927
Q96RG2,PASK,CAL101,NTERA2,-0.3882560267982106
Q96RG2,PASK,GDC0941,NTERA2,-0.07960819917160585
Q96RG2,PASK,HS173,NTERA2,-0.5283485277261443
Q96RG2,PASK,PIK294,NTERA2,0.21139890179279086
Q96RG2,PASK,TGX221,NTERA2,-0.08373399148938442
Q96RG2,PASK,CX4945,NTERA2,0.15912620196603214
Q96RG2,PASK,GO6983,NTERA2,-0.42230734933647357
Q96RG2,PASK,KN93,NTERA2,-0.09677727498222011
Q96RG2,PASK,MK2206,NTERA2,0.2281612113007564
Q96RG2,PASK,AZD5438,NTERA2,-0.4661850855495757
Q96RG2,PASK,FRAX486,NTERA2,0.17776805027273246
Q96RG2,PASK,Ku0063794,NTERA2,0.8292550722976769
Q96RG2,PASK,PD153035,NTERA2,0.4333418201844429
Q96RG2,PASK,PF3758309,NTERA2,0.22001654226854142
Q96RG2,PASK,Torin,NTERA2,0.5480447034470003
Q96RG2,PASK,Trametinib,NTERA2,0.5911357028470663
Q96RG2,PASK,AZD1480,NTERA2,-0.022789659570153088
Q96RG2,PASK,AZD5363,NTERA2,-0.4671982927096549
Q96RG2,PASK,BX912,NTERA2,0.4066774081732428
Q96RG2,PASK,CHIR99021,NTERA2,-2.340327596026763
Q96RG2,PASK,GSK2334470,NTERA2,0.2759822299295526
Q96RG2,PASK,Ipatasertib,NTERA2,-0.128930248208342
Q96RG2,PASK,LY2090314,NTERA2,-2.049205302077403
Q96RG2,PASK,Tofacitinib,NTERA2,0.09368611066636068
Q96RG2,PASK,AZD8055,NTERA2,0.05573739220193405
Q96RG2,PASK,GDC0994,NTERA2,-0.43823967022256294
Q96RG2,PASK,JNK,NTERA2,-0.09357722222180224
Q96RG2,PASK,LY2584702,NTERA2,0.5030998672790212
Q96RG2,PASK,PH797804,NTERA2,-0.2894569733445183
Q96RG2,PASK,Selumetinib,NTERA2,0.4311863570580114
Q96RG2,PASK,U73122,NTERA2,0.3734584621146838
Q96RG2,PASK,Ulixertinib,NTERA2,0.0376472748865799
Q96RG2,PASK,Amuvatinib,NTERA2,-0.06362216927616057
Q96RG2,PASK,AZD3759,NTERA2,-0.4998191372846918
Q96RG2,PASK,GSK690693,NTERA2,0.014249376945635902
Q96RG2,PASK,JNJ,NTERA2,-0.03940361721324872
Q96RG2,PASK,KN62,NTERA2,-0.19636591825478458
Q96RG2,PASK,Linsitinib,NTERA2,0.02182302515408915
Q96RG2,PASK,LY2835219,NTERA2,-0.6060260957967678
Q96RG2,PASK,Ribociclib,NTERA2,0.44744260121131574
Q96RG2,PASK,AC220,NTERA2,-0.007240709960668519
Q96RG2,PASK,Edelfosine,NTERA2,-0.2876839351853138
Q96RG2,PASK,GF109203X,NTERA2,-1.343899361439675
Q96RG2,PASK,Go6976,NTERA2,0.008031830439314302
Q96RG2,PASK,PF4708671,NTERA2,-0.11990817508152361
Q96RG2,PASK,SP600125,NTERA2,0.11460515486374015
Q96RG2,PASK,TAK715,NTERA2,0.01660701909863608
Q96RG2,PASK,TBCA,NTERA2,-0.04256096778332258
Q96RG2,PASK,AT13148,NTERA2,-0.0709219870187497
Q96RG2,PASK,AZ20,NTERA2,-0.3401135563936846
Q96RG2,PASK,AZD6738,NTERA2,-0.19851944333119487
Q96RG2,PASK,Bosutinib,NTERA2,-0.3075490971899109
Q96RG2,PASK,Dabrafenib,NTERA2,-0.1284873598466495
Q96RG2,PASK,Dasatinib,NTERA2,-0.1253772524998855
Q96RG2,PASK,DNAPK,NTERA2,-0.11469512266575405
Q96RG2,PASK,H89,NTERA2,-0.1878255204462272
Q96RG2,PASK,KD025,NTERA2,-0.13474252553080218
Q96RG2,PASK,NU7441,NTERA2,-0.3733235780620224
Q96RG2,PASK,Ripasudil,NTERA2,-0.257694276993735
Q96RG2,PASK,Vemurafenib,NTERA2,-0.4528239169366596
Q9H4A3,WNK1,AZD6482,NTERA2,1.7801063095529541
Q9H4A3,WNK1,CAL101,NTERA2,2.5514940316138497
Q9H4A3,WNK1,GDC0941,NTERA2,1.3562195469779736
Q9H4A3,WNK1,HS173,NTERA2,2.291768790827341
Q9H4A3,WNK1,PIK294,NTERA2,0.991113711024742
Q9H4A3,WNK1,TGX221,NTERA2,1.9208147157302473
Q9H4A3,WNK1,CX4945,NTERA2,1.2360428011414624
Q9H4A3,WNK1,GO6983,NTERA2,2.2908045609252516
Q9H4A3,WNK1,KN93,NTERA2,1.6169344622294919
Q9H4A3,WNK1,MK2206,NTERA2,-0.4373550724978251
Q9H4A3,WNK1,AZD5438,NTERA2,2.3049451337585154
Q9H4A3,WNK1,FRAX486,NTERA2,4.00037857402304
Q9H4A3,WNK1,Ku0063794,NTERA2,1.266434818476091
Q9H4A3,WNK1,PD153035,NTERA2,5.923161627925965
Q9H4A3,WNK1,PF3758309,NTERA2,-0.1765848471421521
Q9H4A3,WNK1,Torin,NTERA2,2.5301500840229534
Q9H4A3,WNK1,Trametinib,NTERA2,0.3189019856031521
Q9H4A3,WNK1,AZD1480,NTERA2,1.8101159143003476
Q9H4A3,WNK1,AZD5363,NTERA2,1.8411859485217787
Q9H4A3,WNK1,BX912,NTERA2,0.03850146489324023
Q9H4A3,WNK1,CHIR99021,NTERA2,1.095090183046911
Q9H4A3,WNK1,GSK2334470,NTERA2,1.3363476050686407
Q9H4A3,WNK1,Ipatasertib,NTERA2,2.219485620232676
Q9H4A3,WNK1,LY2090314,NTERA2,0.32282575005294334
Q9H4A3,WNK1,Tofacitinib,NTERA2,1.217318017989518
Q9H4A3,WNK1,AZD8055,NTERA2,-2.0190374517887544
Q9H4A3,WNK1,GDC0994,NTERA2,-2.4357192175283187
Q9H4A3,WNK1,JNK,NTERA2,-9.453485369772881
Q9H4A3,WNK1,LY2584702,NTERA2,-2.165568796290313
Q9H4A3,WNK1,PH797804,NTERA2,-0.9796469083826681
Q9H4A3,WNK1,Selumetinib,NTERA2,-1.9423873012728101
Q9H4A3,WNK1,U73122,NTERA2,-3.1123577899010333
Q9H4A3,WNK1,Ulixertinib,NTERA2,-3.2305716508567506
Q9H4A3,WNK1,Amuvatinib,NTERA2,0.08219681165366012
Q9H4A3,WNK1,AZD3759,NTERA2,0.4273920849855004
Q9H4A3,WNK1,GSK690693,NTERA2,0.300009800466811
Q9H4A3,WNK1,JNJ,NTERA2,0.5442884581823227
Q9H4A3,WNK1,KN62,NTERA2,0.974081706764259
Q9H4A3,WNK1,Linsitinib,NTERA2,2.5175046041495532
Q9H4A3,WNK1,LY2835219,NTERA2,1.884141528398696
Q9H4A3,WNK1,Ribociclib,NTERA2,0.514026355548973
Q9H4A3,WNK1,AC220,NTERA2,-0.20428770729647508
Q9H4A3,WNK1,Edelfosine,NTERA2,0.13174270284870038
Q9H4A3,WNK1,GF109203X,NTERA2,1.7271900166595864
Q9H4A3,WNK1,Go6976,NTERA2,0.35178854135089926
Q9H4A3,WNK1,PF4708671,NTERA2,0.47530121334591563
Q9H4A3,WNK1,SP600125,NTERA2,0.8884434115998578
Q9H4A3,WNK1,TAK715,NTERA2,0.730147373970733
Q9H4A3,WNK1,TBCA,NTERA2,1.5391733928413032
Q9H4A3,WNK1,AT13148,NTERA2,1.5857668679489612
Q9H4A3,WNK1,AZ20,NTERA2,1.5533541976598868
Q9H4A3,WNK1,AZD6738,NTERA2,1.808068830097587
Q9H4A3,WNK1,Bosutinib,NTERA2,1.6677681210591477
Q9H4A3,WNK1,Dabrafenib,NTERA2,0.4307419877107386
Q9H4A3,WNK1,Dasatinib,NTERA2,1.6496077091511834
Q9H4A3,WNK1,DNAPK,NTERA2,1.4803411282690928
Q9H4A3,WNK1,H89,NTERA2,1.3249765394899813
Q9H4A3,WNK1,KD025,NTERA2,1.3492243232507342
Q9H4A3,WNK1,NU7441,NTERA2,0.9069251580104142
Q9H4A3,WNK1,Ripasudil,NTERA2,0.6123897202890888
Q9H4A3,WNK1,Vemurafenib,NTERA2,1.2003882007768214
P42684,ABL2,AZD6482,NTERA2,
P42684,ABL2,CAL101,NTERA2,
P42684,ABL2,GDC0941,NTERA2,
P42684,ABL2,HS173,NTERA2,
P42684,ABL2,PIK294,NTERA2,
P42684,ABL2,TGX221,NTERA2,
P42684,ABL2,CX4945,NTERA2,
P42684,ABL2,GO6983,NTERA2,
P42684,ABL2,KN93,NTERA2,
P42684,ABL2,MK2206,NTERA2,
P42684,ABL2,AZD5438,NTERA2,
P42684,ABL2,FRAX486,NTERA2,
P42684,ABL2,Ku0063794,NTERA2,
P42684,ABL2,PD153035,NTERA2,
P42684,ABL2,PF3758309,NTERA2,
P42684,ABL2,Torin,NTERA2,
P42684,ABL2,Trametinib,NTERA2,
P42684,ABL2,AZD1480,NTERA2,
P42684,ABL2,AZD5363,NTERA2,
P42684,ABL2,BX912,NTERA2,
P42684,ABL2,CHIR99021,NTERA2,
P42684,ABL2,GSK2334470,NTERA2,
P42684,ABL2,Ipatasertib,NTERA2,
P42684,ABL2,LY2090314,NTERA2,
P42684,ABL2,Tofacitinib,NTERA2,
P42684,ABL2,AZD8055,NTERA2,
P42684,ABL2,GDC0994,NTERA2,
P42684,ABL2,JNK,NTERA2,
P42684,ABL2,LY2584702,NTERA2,
P42684,ABL2,PH797804,NTERA2,
P42684,ABL2,Selumetinib,NTERA2,
P42684,ABL2,U73122,NTERA2,
P42684,ABL2,Ulixertinib,NTERA2,
P42684,ABL2,Amuvatinib,NTERA2,
P42684,ABL2,AZD3759,NTERA2,
P42684,ABL2,GSK690693,NTERA2,
P42684,ABL2,JNJ,NTERA2,
P42684,ABL2,KN62,NTERA2,
P42684,ABL2,Linsitinib,NTERA2,
P42684,ABL2,LY2835219,NTERA2,
P42684,ABL2,Ribociclib,NTERA2,
P42684,ABL2,AC220,NTERA2,
P42684,ABL2,Edelfosine,NTERA2,
P42684,ABL2,GF109203X,NTERA2,
P42684,ABL2,Go6976,NTERA2,
P42684,ABL2,PF4708671,NTERA2,
P42684,ABL2,SP600125,NTERA2,
P42684,ABL2,TAK715,NTERA2,
P42684,ABL2,TBCA,NTERA2,
P42684,ABL2,AT13148,NTERA2,
P42684,ABL2,AZ20,NTERA2,
P42684,ABL2,AZD6738,NTERA2,
P42684,ABL2,Bosutinib,NTERA2,
P42684,ABL2,Dabrafenib,NTERA2,
P42684,ABL2,Dasatinib,NTERA2,
P42684,ABL2,DNAPK,NTERA2,
P42684,ABL2,H89,NTERA2,
P42684,ABL2,KD025,NTERA2,
P42684,ABL2,NU7441,NTERA2,
P42684,ABL2,Ripasudil,NTERA2,
P42684,ABL2,Vemurafenib,NTERA2,
P41743,PRKCI,AZD6482,NTERA2,-0.2059121268369558
P41743,PRKCI,CAL101,NTERA2,0.4510954271333771
P41743,PRKCI,GDC0941,NTERA2,0.6962023019127493
P41743,PRKCI,HS173,NTERA2,-0.0499794346166061
P41743,PRKCI,PIK294,NTERA2,-0.4197910502526308
P41743,PRKCI,TGX221,NTERA2,-1.1104229592226382
P41743,PRKCI,CX4945,NTERA2,0.7570082900639391
P41743,PRKCI,GO6983,NTERA2,1.0159923013698617
P41743,PRKCI,KN93,NTERA2,1.4754317205565566
P41743,PRKCI,MK2206,NTERA2,0.40850739901630617
P41743,PRKCI,AZD5438,NTERA2,0.4168283736403416
P41743,PRKCI,FRAX486,NTERA2,-0.608186480959221
P41743,PRKCI,Ku0063794,NTERA2,0.9029810881392608
P41743,PRKCI,PD153035,NTERA2,-0.47296990057839894
P41743,PRKCI,PF3758309,NTERA2,-0.4927258102301247
P41743,PRKCI,Torin,NTERA2,-0.5675731994433593
P41743,PRKCI,Trametinib,NTERA2,0.1110597152416335
P41743,PRKCI,AZD1480,NTERA2,1.128631743230453
P41743,PRKCI,AZD5363,NTERA2,0.9714381152354237
P41743,PRKCI,BX912,NTERA2,0.5728199263970318
P41743,PRKCI,CHIR99021,NTERA2,1.5362222067286513
P41743,PRKCI,GSK2334470,NTERA2,1.0802803566886845
P41743,PRKCI,Ipatasertib,NTERA2,-0.01724222404691776
P41743,PRKCI,LY2090314,NTERA2,0.3756500782349033
P41743,PRKCI,Tofacitinib,NTERA2,0.6083515767973082
P41743,PRKCI,AZD8055,NTERA2,1.3041499368623541
P41743,PRKCI,GDC0994,NTERA2,2.9013619379971285
P41743,PRKCI,JNK,NTERA2,0.46191558203739924
P41743,PRKCI,LY2584702,NTERA2,2.1416920624879263
P41743,PRKCI,PH797804,NTERA2,3.8262948787037834
P41743,PRKCI,Selumetinib,NTERA2,1.2145378593051102
P41743,PRKCI,U73122,NTERA2,2.5863639218201593
P41743,PRKCI,Ulixertinib,NTERA2,0.9899250252009948
P41743,PRKCI,Amuvatinib,NTERA2,-0.5018855157181412
P41743,PRKCI,AZD3759,NTERA2,2.592358011184749
P41743,PRKCI,GSK690693,NTERA2,0.2849739385618812
P41743,PRKCI,JNJ,NTERA2,0.39040671928315074
P41743,PRKCI,KN62,NTERA2,1.7160781759529062
P41743,PRKCI,Linsitinib,NTERA2,1.1282441774937975
P41743,PRKCI,LY2835219,NTERA2,2.6542164293695834
P41743,PRKCI,Ribociclib,NTERA2,-0.1810262634034214
P41743,PRKCI,AC220,NTERA2,0.07739287079965629
P41743,PRKCI,Edelfosine,NTERA2,1.3370701361313366
P41743,PRKCI,GF109203X,NTERA2,0.10524709238650896
P41743,PRKCI,Go6976,NTERA2,0.289086365103739
P41743,PRKCI,PF4708671,NTERA2,0.6123490902716652
P41743,PRKCI,SP600125,NTERA2,0.11914487822468009
P41743,PRKCI,TAK715,NTERA2,1.7076690496709355
P41743,PRKCI,TBCA,NTERA2,0.42385368309263427
P41743,PRKCI,AT13148,NTERA2,-2.2025825635648695
P41743,PRKCI,AZ20,NTERA2,0.807228738434222
P41743,PRKCI,AZD6738,NTERA2,-0.00041987826179129003
P41743,PRKCI,Bosutinib,NTERA2,-1.1434135924161182
P41743,PRKCI,Dabrafenib,NTERA2,-0.9314660879663419
P41743,PRKCI,Dasatinib,NTERA2,-0.9722645576310742
P41743,PRKCI,DNAPK,NTERA2,1.9064131396735198
P41743,PRKCI,H89,NTERA2,0.5741524899465519
P41743,PRKCI,KD025,NTERA2,-1.6899342128695767
P41743,PRKCI,NU7441,NTERA2,-0.30253705649592477
P41743,PRKCI,Ripasudil,NTERA2,-0.7407651554199989
P41743,PRKCI,Vemurafenib,NTERA2,0.014489022003157886
Q9BZL6,PRKD2,AZD6482,NTERA2,0.22750163268155257
Q9BZL6,PRKD2,CAL101,NTERA2,0.5415838844738423
Q9BZL6,PRKD2,GDC0941,NTERA2,0.9202905921051134
Q9BZL6,PRKD2,HS173,NTERA2,0.15777654440508576
Q9BZL6,PRKD2,PIK294,NTERA2,0.3928446926555559
Q9BZL6,PRKD2,TGX221,NTERA2,0.10456141665384293
Q9BZL6,PRKD2,CX4945,NTERA2,-2.390754111611747
Q9BZL6,PRKD2,GO6983,NTERA2,-1.328970052512191
Q9BZL6,PRKD2,KN93,NTERA2,-0.8788349841719361
Q9BZL6,PRKD2,MK2206,NTERA2,-3.185873684036154
Q9BZL6,PRKD2,AZD5438,NTERA2,-1.9036543599360174
Q9BZL6,PRKD2,FRAX486,NTERA2,-2.511570114859533
Q9BZL6,PRKD2,Ku0063794,NTERA2,-0.9696669437512285
Q9BZL6,PRKD2,PD153035,NTERA2,-0.08472319010984684
Q9BZL6,PRKD2,PF3758309,NTERA2,0.06921108591907592
Q9BZL6,PRKD2,Torin,NTERA2,0.04296094602651128
Q9BZL6,PRKD2,Trametinib,NTERA2,-3.0588567770255795
Q9BZL6,PRKD2,AZD1480,NTERA2,-0.9759332469922816
Q9BZL6,PRKD2,AZD5363,NTERA2,-1.4997001971037698
Q9BZL6,PRKD2,BX912,NTERA2,-0.4992909528172919
Q9BZL6,PRKD2,CHIR99021,NTERA2,-1.4170772059452752
Q9BZL6,PRKD2,GSK2334470,NTERA2,-0.7950962350077615
Q9BZL6,PRKD2,Ipatasertib,NTERA2,-1.504522427007249
Q9BZL6,PRKD2,LY2090314,NTERA2,-1.489805073300336
Q9BZL6,PRKD2,Tofacitinib,NTERA2,-0.1840698812570473
Q9BZL6,PRKD2,AZD8055,NTERA2,-0.8460817658732616
Q9BZL6,PRKD2,GDC0994,NTERA2,0.23527751427229654
Q9BZL6,PRKD2,JNK,NTERA2,-1.1588015897842996
Q9BZL6,PRKD2,LY2584702,NTERA2,-2.051016935452769
Q9BZL6,PRKD2,PH797804,NTERA2,-1.4068508582570263
Q9BZL6,PRKD2,Selumetinib,NTERA2,-1.4640996135468916
Q9BZL6,PRKD2,U73122,NTERA2,-1.2273833210152783
Q9BZL6,PRKD2,Ulixertinib,NTERA2,-1.2764050933461086
Q9BZL6,PRKD2,Amuvatinib,NTERA2,-0.3369236978579701
Q9BZL6,PRKD2,AZD3759,NTERA2,-0.27531606400289765
Q9BZL6,PRKD2,GSK690693,NTERA2,-1.614273744358169
Q9BZL6,PRKD2,JNJ,NTERA2,-0.516592076756394
Q9BZL6,PRKD2,KN62,NTERA2,-0.4260232365436377
Q9BZL6,PRKD2,Linsitinib,NTERA2,-0.9441755270502837
Q9BZL6,PRKD2,LY2835219,NTERA2,-0.002673908784912118
Q9BZL6,PRKD2,Ribociclib,NTERA2,-0.9744746717017764
Q9BZL6,PRKD2,AC220,NTERA2,-1.5681145983559979
Q9BZL6,PRKD2,Edelfosine,NTERA2,-0.37860155149874697
Q9BZL6,PRKD2,GF109203X,NTERA2,-2.1775587973837847
Q9BZL6,PRKD2,Go6976,NTERA2,-1.9369537328397157
Q9BZL6,PRKD2,PF4708671,NTERA2,-1.2444846040981412
Q9BZL6,PRKD2,SP600125,NTERA2,-0.0439775055329602
Q9BZL6,PRKD2,TAK715,NTERA2,-2.2999798360308517
Q9BZL6,PRKD2,TBCA,NTERA2,-1.8172891092798498
Q9BZL6,PRKD2,AT13148,NTERA2,-1.739107694019286
Q9BZL6,PRKD2,AZ20,NTERA2,0.35102414504881124
Q9BZL6,PRKD2,AZD6738,NTERA2,-0.07281713821451213
Q9BZL6,PRKD2,Bosutinib,NTERA2,-0.056858069776252476
Q9BZL6,PRKD2,Ripasudil,NTERA2,0.3785126046004871
Q9BZL6,PRKD2,Vemurafenib,NTERA2,0.1429375741032164
Q8N5S9,CAMKK1,AZD6482,NTERA2,0.0302144859740444
Q8N5S9,CAMKK1,CAL101,NTERA2,-0.02774005627785693
Q8N5S9,CAMKK1,GDC0941,NTERA2,-0.9580495062329286
Q8N5S9,CAMKK1,HS173,NTERA2,-1.0155562467237795
Q8N5S9,CAMKK1,PIK294,NTERA2,1.0669072082785913
Q8N5S9,CAMKK1,TGX221,NTERA2,-0.5251682768932622
Q8N5S9,CAMKK1,CX4945,NTERA2,-0.1773910647078222
Q8N5S9,CAMKK1,GO6983,NTERA2,0.5377592105367074
Q8N5S9,CAMKK1,KN93,NTERA2,0.11748710424099305
Q8N5S9,CAMKK1,MK2206,NTERA2,1.5640344968953273
Q8N5S9,CAMKK1,AZD5438,NTERA2,0.40818741389382135
Q8N5S9,CAMKK1,FRAX486,NTERA2,0.2880541826396809
Q8N5S9,CAMKK1,Ku0063794,NTERA2,0.015502421198244435
Q8N5S9,CAMKK1,PD153035,NTERA2,-0.1258880901491115
Q8N5S9,CAMKK1,PF3758309,NTERA2,0.5831457337029559
Q8N5S9,CAMKK1,Torin,NTERA2,0.4377891124202903
Q8N5S9,CAMKK1,Trametinib,NTERA2,0.3214752880235354
Q8N5S9,CAMKK1,AZD1480,NTERA2,-0.7038180710345704
Q8N5S9,CAMKK1,AZD5363,NTERA2,0.30787873475026867
Q8N5S9,CAMKK1,BX912,NTERA2,-0.07273285863902841
Q8N5S9,CAMKK1,CHIR99021,NTERA2,-0.7450730673136166
Q8N5S9,CAMKK1,GSK2334470,NTERA2,0.048886880832392336
Q8N5S9,CAMKK1,Ipatasertib,NTERA2,-0.009793958019110455
Q8N5S9,CAMKK1,LY2090314,NTERA2,1.1523561139149079
Q8N5S9,CAMKK1,Tofacitinib,NTERA2,-0.8794522861017495
Q8N5S9,CAMKK1,AZD8055,NTERA2,0.05168680482919866
Q8N5S9,CAMKK1,GDC0994,NTERA2,0.6267406965966819
Q8N5S9,CAMKK1,JNK,NTERA2,0.5333001683091719
Q8N5S9,CAMKK1,LY2584702,NTERA2,0.1716855186346146
Q8N5S9,CAMKK1,PH797804,NTERA2,-0.7028563315086497
Q8N5S9,CAMKK1,Selumetinib,NTERA2,-0.31620383731647256
Q8N5S9,CAMKK1,U73122,NTERA2,0.23593933932869504
Q8N5S9,CAMKK1,Ulixertinib,NTERA2,0.5160022560578871
Q8N5S9,CAMKK1,Amuvatinib,NTERA2,-0.2867857314305315
Q8N5S9,CAMKK1,AZD3759,NTERA2,0.022635307199641047
Q8N5S9,CAMKK1,GSK690693,NTERA2,-0.7680886989311546
Q8N5S9,CAMKK1,JNJ,NTERA2,-0.4924032743484561
Q8N5S9,CAMKK1,KN62,NTERA2,-0.6380583537920387
Q8N5S9,CAMKK1,Linsitinib,NTERA2,-0.8171940213066701
Q8N5S9,CAMKK1,LY2835219,NTERA2,-0.2952684238087317
Q8N5S9,CAMKK1,Ribociclib,NTERA2,-0.4365235285986903
Q8N5S9,CAMKK1,AC220,NTERA2,-0.29607754143216375
Q8N5S9,CAMKK1,Edelfosine,NTERA2,-0.9806765425715537
Q8N5S9,CAMKK1,GF109203X,NTERA2,-0.7645067482652993
Q8N5S9,CAMKK1,Go6976,NTERA2,-1.8407428131903882
Q8N5S9,CAMKK1,PF4708671,NTERA2,-0.14449894873754
Q8N5S9,CAMKK1,SP600125,NTERA2,-1.0866756275523541
Q8N5S9,CAMKK1,TAK715,NTERA2,-1.2187965176176812
Q8N5S9,CAMKK1,TBCA,NTERA2,-1.3581305619259771
Q8N5S9,CAMKK1,AT13148,NTERA2,-1.6925019131381978
Q8N5S9,CAMKK1,AZ20,NTERA2,-0.07831659213049816
Q8N5S9,CAMKK1,AZD6738,NTERA2,-1.695663604678905
Q8N5S9,CAMKK1,Bosutinib,NTERA2,-2.026043582097569
Q8N5S9,CAMKK1,Dabrafenib,NTERA2,-1.132155510008645
Q8N5S9,CAMKK1,Dasatinib,NTERA2,-1.7012645042618064
Q8N5S9,CAMKK1,DNAPK,NTERA2,-1.3432822647446239
Q8N5S9,CAMKK1,H89,NTERA2,-2.766935422432588
Q8N5S9,CAMKK1,KD025,NTERA2,-1.4536713814251103
Q8N5S9,CAMKK1,NU7441,NTERA2,-1.6287947695075375
Q8N5S9,CAMKK1,Ripasudil,NTERA2,-1.3605879394957827
Q8N5S9,CAMKK1,Vemurafenib,NTERA2,-2.391257323542745
Q13233,MAP3K1,AZD6482,NTERA2,-1.0650335118654275
Q13233,MAP3K1,CAL101,NTERA2,-0.4879193864048969
Q13233,MAP3K1,GDC0941,NTERA2,-1.415265484048989
Q13233,MAP3K1,HS173,NTERA2,-0.5345223393711591
Q13233,MAP3K1,PIK294,NTERA2,0.16288243651820408
Q13233,MAP3K1,TGX221,NTERA2,-0.20377563343782779
Q13233,MAP3K1,CX4945,NTERA2,0.8348800956499153
Q13233,MAP3K1,GO6983,NTERA2,0.07785384102842015
Q13233,MAP3K1,KN93,NTERA2,-0.3235703008346306
Q13233,MAP3K1,MK2206,NTERA2,0.5465501688185793
Q13233,MAP3K1,AZD5438,NTERA2,0.32714585346400704
Q13233,MAP3K1,FRAX486,NTERA2,-4.512408521968667
Q13233,MAP3K1,Ku0063794,NTERA2,0.3256200373541352
Q13233,MAP3K1,PD153035,NTERA2,0.5440318137412852
Q13233,MAP3K1,PF3758309,NTERA2,-0.4262142785761762
Q13233,MAP3K1,Torin,NTERA2,0.3715158434078569
Q13233,MAP3K1,Trametinib,NTERA2,-5.686465229610771
Q13233,MAP3K1,AZD1480,NTERA2,-4.295834670895665
Q13233,MAP3K1,AZD5363,NTERA2,0.417902471224933
Q13233,MAP3K1,BX912,NTERA2,-2.818869944469758
Q13233,MAP3K1,CHIR99021,NTERA2,-0.004641915013592046
Q13233,MAP3K1,GSK2334470,NTERA2,0.7054275388786239
Q13233,MAP3K1,Ipatasertib,NTERA2,0.7513707803200528
Q13233,MAP3K1,LY2090314,NTERA2,-0.5935044950507763
Q13233,MAP3K1,Tofacitinib,NTERA2,-0.7860773274152892
Q13233,MAP3K1,AZD8055,NTERA2,-0.03562381328698444
Q13233,MAP3K1,GDC0994,NTERA2,1.1798351926425172
Q13233,MAP3K1,JNK,NTERA2,-0.442643852667383
Q13233,MAP3K1,LY2584702,NTERA2,-0.26575328853254826
Q13233,MAP3K1,PH797804,NTERA2,-0.19652573212421667
Q13233,MAP3K1,Selumetinib,NTERA2,-3.315801837707361
Q13233,MAP3K1,U73122,NTERA2,-0.2891753475270889
Q13233,MAP3K1,Ulixertinib,NTERA2,1.823055193330938
Q13233,MAP3K1,Amuvatinib,NTERA2,-0.0008167601878661669
Q13233,MAP3K1,AZD3759,NTERA2,0.823782343457227
Q13233,MAP3K1,GSK690693,NTERA2,1.073928436632969
Q13233,MAP3K1,JNJ,NTERA2,0.3443911099347112
Q13233,MAP3K1,KN62,NTERA2,0.1384224847300238
Q13233,MAP3K1,Linsitinib,NTERA2,-1.0300377127212768
Q13233,MAP3K1,LY2835219,NTERA2,0.1360792917682877
Q13233,MAP3K1,Ribociclib,NTERA2,1.1106625147536575
Q13233,MAP3K1,AC220,NTERA2,-0.21758785175996906
Q13233,MAP3K1,Edelfosine,NTERA2,2.3276942511602603
Q13233,MAP3K1,GF109203X,NTERA2,1.3460551582350717
Q13233,MAP3K1,Go6976,NTERA2,0.25741827979454107
Q13233,MAP3K1,PF4708671,NTERA2,0.49060087837398647
Q13233,MAP3K1,SP600125,NTERA2,-0.606318994277272
Q13233,MAP3K1,TAK715,NTERA2,-0.40533436881048457
Q13233,MAP3K1,TBCA,NTERA2,-0.6445921886866446
Q13233,MAP3K1,AT13148,NTERA2,0.8005081835001094
Q13233,MAP3K1,AZ20,NTERA2,0.24786955501289681
Q13233,MAP3K1,AZD6738,NTERA2,0.3751919587145512
Q13233,MAP3K1,Bosutinib,NTERA2,1.1675237965323304
Q13233,MAP3K1,Dabrafenib,NTERA2,1.9266638697287377
Q13233,MAP3K1,Dasatinib,NTERA2,0.46510533240104013
Q13233,MAP3K1,DNAPK,NTERA2,-0.14764729061161394
Q13233,MAP3K1,H89,NTERA2,-1.2228718326462253
Q13233,MAP3K1,KD025,NTERA2,0.7169080474462499
Q13233,MAP3K1,NU7441,NTERA2,0.5901261023978195
Q13233,MAP3K1,Ripasudil,NTERA2,1.197322708081629
Q13233,MAP3K1,Vemurafenib,NTERA2,0.8848515747436346
Q12851,MAP4K2,AZD6482,NTERA2,0.30213045122649046
Q12851,MAP4K2,CAL101,NTERA2,0.35213345707819604
Q12851,MAP4K2,GDC0941,NTERA2,0.44079265168390525
Q12851,MAP4K2,HS173,NTERA2,0.5127928236928586
Q12851,MAP4K2,PIK294,NTERA2,0.6219177859826535
Q12851,MAP4K2,TGX221,NTERA2,0.3869144978127082
Q12851,MAP4K2,CX4945,NTERA2,0.6071555020214753
Q12851,MAP4K2,GO6983,NTERA2,0.3352619927083787
Q12851,MAP4K2,KN93,NTERA2,0.7448013613338631
Q12851,MAP4K2,MK2206,NTERA2,0.31252913100042107
Q12851,MAP4K2,AZD5438,NTERA2,0.45492744454498435
Q12851,MAP4K2,FRAX486,NTERA2,0.24231338834996122
Q12851,MAP4K2,Ku0063794,NTERA2,0.2717713420607216
Q12851,MAP4K2,PD153035,NTERA2,0.28309854336346896
Q12851,MAP4K2,PF3758309,NTERA2,0.24700680957060456
Q12851,MAP4K2,Torin,NTERA2,0.1965784567406403
Q12851,MAP4K2,Trametinib,NTERA2,0.26865699290779055
Q12851,MAP4K2,AZD1480,NTERA2,-0.23856919897630643
Q12851,MAP4K2,AZD5363,NTERA2,0.007088456179190945
Q12851,MAP4K2,BX912,NTERA2,0.22893000771713723
Q12851,MAP4K2,CHIR99021,NTERA2,0.3124884342414847
Q12851,MAP4K2,GSK2334470,NTERA2,-0.5893726094364842
Q12851,MAP4K2,Ipatasertib,NTERA2,-0.22993237398057753
Q12851,MAP4K2,LY2090314,NTERA2,0.045435440166279525
Q12851,MAP4K2,Tofacitinib,NTERA2,-0.17603913605137483
Q12851,MAP4K2,AZD8055,NTERA2,0.11237157442407833
Q12851,MAP4K2,GDC0994,NTERA2,-0.5088242704889662
Q12851,MAP4K2,JNK,NTERA2,-0.20935102667666441
Q12851,MAP4K2,LY2584702,NTERA2,0.07462151623099658
Q12851,MAP4K2,PH797804,NTERA2,0.07935725078539715
Q12851,MAP4K2,Selumetinib,NTERA2,-0.0732350842099827
Q12851,MAP4K2,U73122,NTERA2,-0.030324970447430034
Q12851,MAP4K2,Ulixertinib,NTERA2,-0.17985510791487352
Q12851,MAP4K2,Amuvatinib,NTERA2,0.39297538852411584
Q12851,MAP4K2,AZD3759,NTERA2,0.19128761675580072
Q12851,MAP4K2,GSK690693,NTERA2,0.22070564551859292
Q12851,MAP4K2,JNJ,NTERA2,0.023243708678610944
Q12851,MAP4K2,KN62,NTERA2,0.43236581424895026
Q12851,MAP4K2,Linsitinib,NTERA2,-0.05313465974514181
Q12851,MAP4K2,LY2835219,NTERA2,0.45295130751579127
Q12851,MAP4K2,Ribociclib,NTERA2,0.0639429042052363
Q12851,MAP4K2,AC220,NTERA2,0.17020392959783373
Q12851,MAP4K2,Edelfosine,NTERA2,0.45380031973832574
Q12851,MAP4K2,GF109203X,NTERA2,-0.20589161030808056
Q12851,MAP4K2,Go6976,NTERA2,0.011261556020907407
Q12851,MAP4K2,PF4708671,NTERA2,0.552371548186368
Q12851,MAP4K2,SP600125,NTERA2,0.43321058884225305
Q12851,MAP4K2,TAK715,NTERA2,0.4136498288848795
Q12851,MAP4K2,TBCA,NTERA2,-0.32382751367379997
Q12851,MAP4K2,AT13148,NTERA2,0.2509540208562587
Q12851,MAP4K2,AZ20,NTERA2,0.058705723955614506
Q12851,MAP4K2,AZD6738,NTERA2,0.08690659327831178
Q12851,MAP4K2,Bosutinib,NTERA2,0.010903561880870622
Q12851,MAP4K2,Dabrafenib,NTERA2,0.29150852595275223
Q12851,MAP4K2,Dasatinib,NTERA2,-0.02419398737959921
Q12851,MAP4K2,DNAPK,NTERA2,0.3087667306000023
Q12851,MAP4K2,H89,NTERA2,0.2652679443850661
Q12851,MAP4K2,KD025,NTERA2,0.07206598525613442
Q12851,MAP4K2,NU7441,NTERA2,-0.012641858473244075
Q12851,MAP4K2,Ripasudil,NTERA2,0.30292432749435916
Q12851,MAP4K2,Vemurafenib,NTERA2,0.007557383614419109
P31749,AKT1,AZD6482,NTERA2,1.0709987973415032
P31749,AKT1,CAL101,NTERA2,2.344213981234828
P31749,AKT1,GDC0941,NTERA2,1.732849955938877
P31749,AKT1,HS173,NTERA2,-0.5224375887352232
P31749,AKT1,PIK294,NTERA2,1.5383971653258361
P31749,AKT1,TGX221,NTERA2,1.6106469419433056
P31749,AKT1,CX4945,NTERA2,1.0024468401531588
P31749,AKT1,GO6983,NTERA2,1.6325189324927871
P31749,AKT1,KN93,NTERA2,-1.5439680218266014
P31749,AKT1,MK2206,NTERA2,-1.2809363102534221
P31749,AKT1,AZD5438,NTERA2,-1.150582945199049
P31749,AKT1,FRAX486,NTERA2,-3.9495644488736095
P31749,AKT1,Ku0063794,NTERA2,-3.121196328307161
P31749,AKT1,PD153035,NTERA2,-2.810111183838154
P31749,AKT1,PF3758309,NTERA2,-4.811271055826175
P31749,AKT1,Torin,NTERA2,-6.719505395821148
P31749,AKT1,Trametinib,NTERA2,-3.495139958063423
P31749,AKT1,AZD1480,NTERA2,-0.33103964869735253
P31749,AKT1,AZD5363,NTERA2,-5.242525157477053
P31749,AKT1,BX912,NTERA2,-3.227905415919238
P31749,AKT1,CHIR99021,NTERA2,-2.6330293947483376
P31749,AKT1,GSK2334470,NTERA2,-4.941514276726133
P31749,AKT1,Ipatasertib,NTERA2,-3.257790924828678
P31749,AKT1,LY2090314,NTERA2,-0.9603162253297847
P31749,AKT1,Tofacitinib,NTERA2,-1.3892388777177191
P31749,AKT1,AZD8055,NTERA2,-2.8699616722951746
P31749,AKT1,GDC0994,NTERA2,-1.6054169518358026
P31749,AKT1,JNK,NTERA2,-0.28778849859253397
P31749,AKT1,LY2584702,NTERA2,0.14558413771575737
P31749,AKT1,PH797804,NTERA2,1.1833549212344974
P31749,AKT1,Selumetinib,NTERA2,0.7643070127342936
P31749,AKT1,U73122,NTERA2,0.22174229819376612
P31749,AKT1,Ulixertinib,NTERA2,0.7008840752509857
P31749,AKT1,Amuvatinib,NTERA2,-0.7214515088968612
P31749,AKT1,AZD3759,NTERA2,0.5480520683948811
P31749,AKT1,GSK690693,NTERA2,-2.0865631315464968
P31749,AKT1,JNJ,NTERA2,0.6456733892546058
P31749,AKT1,KN62,NTERA2,0.3518079917647949
P31749,AKT1,Linsitinib,NTERA2,-1.700636176503551
P31749,AKT1,LY2835219,NTERA2,0.47151150177577034
P31749,AKT1,Ribociclib,NTERA2,-0.35913023841775593
P31749,AKT1,AC220,NTERA2,-1.9797920758868912
P31749,AKT1,Edelfosine,NTERA2,1.5548209972130602
P31749,AKT1,GF109203X,NTERA2,-1.1646514750455288
P31749,AKT1,Go6976,NTERA2,-1.5871059850697227
P31749,AKT1,PF4708671,NTERA2,-2.850687917908555
P31749,AKT1,SP600125,NTERA2,-1.3777020554752182
P31749,AKT1,TAK715,NTERA2,-0.7183439824933557
P31749,AKT1,TBCA,NTERA2,0.49597147785116535
P31749,AKT1,AT13148,NTERA2,-2.756111395023749
P31749,AKT1,AZ20,NTERA2,-3.857239858701061
P31749,AKT1,AZD6738,NTERA2,-2.6204448295139615
P31749,AKT1,Bosutinib,NTERA2,-1.8618413412264305
P31749,AKT1,Dabrafenib,NTERA2,-0.7930469910517068
P31749,AKT1,Dasatinib,NTERA2,-3.7144189910278844
P31749,AKT1,DNAPK,NTERA2,-0.5283522026621251
P31749,AKT1,H89,NTERA2,0.3482109856810023
P31749,AKT1,KD025,NTERA2,-1.4951233549700516
P31749,AKT1,NU7441,NTERA2,-1.7276804706544753
P31749,AKT1,Ripasudil,NTERA2,-1.79848659198694
P31749,AKT1,Vemurafenib,NTERA2,-1.4626734574658007
P78362,SRPK2,AZD6482,NTERA2,-3.1638721847214453
P78362,SRPK2,CAL101,NTERA2,-1.3373757350713928
P78362,SRPK2,GDC0941,NTERA2,-2.603740753048943
P78362,SRPK2,HS173,NTERA2,-1.9163693238372463
P78362,SRPK2,PIK294,NTERA2,-2.7214210054342445
P78362,SRPK2,TGX221,NTERA2,-1.766026070402711
P78362,SRPK2,CX4945,NTERA2,0.05002462528000177
P78362,SRPK2,GO6983,NTERA2,-1.0469352088975847
P78362,SRPK2,KN93,NTERA2,0.009745416719802781
P78362,SRPK2,MK2206,NTERA2,0.4065659295215524
P78362,SRPK2,AZD5438,NTERA2,-0.49747377702563506
P78362,SRPK2,FRAX486,NTERA2,-0.6116844359432729
P78362,SRPK2,Ku0063794,NTERA2,-2.130495165672208
P78362,SRPK2,PD153035,NTERA2,-1.9885388937929371
P78362,SRPK2,PF3758309,NTERA2,-2.092642956351696
P78362,SRPK2,Torin,NTERA2,-1.9709639814752313
P78362,SRPK2,Trametinib,NTERA2,-0.2991394408319568
P78362,SRPK2,AZD1480,NTERA2,-2.596444937012835
P78362,SRPK2,AZD5363,NTERA2,-1.7823778787099578
P78362,SRPK2,BX912,NTERA2,-1.8071495447540646
P78362,SRPK2,CHIR99021,NTERA2,-1.6101366074103889
P78362,SRPK2,GSK2334470,NTERA2,-3.2800327537933387
P78362,SRPK2,Ipatasertib,NTERA2,-0.40603306879198064
P78362,SRPK2,LY2090314,NTERA2,1.2241333113923265
P78362,SRPK2,Tofacitinib,NTERA2,-0.0766386941125648
P78362,SRPK2,AZD8055,NTERA2,-0.5994080404394224
P78362,SRPK2,GDC0994,NTERA2,-0.026720909336581385
P78362,SRPK2,JNK,NTERA2,-0.30415099656934586
P78362,SRPK2,LY2584702,NTERA2,-1.908264938043563
P78362,SRPK2,PH797804,NTERA2,-0.5608404642737969
P78362,SRPK2,Selumetinib,NTERA2,0.4309546585315574
P78362,SRPK2,U73122,NTERA2,-0.4696504960671326
P78362,SRPK2,Ulixertinib,NTERA2,0.739581843558416
P78362,SRPK2,Amuvatinib,NTERA2,-3.7909968999892643
P78362,SRPK2,AZD3759,NTERA2,-0.9648090498937658
P78362,SRPK2,GSK690693,NTERA2,-3.1618186802026327
P78362,SRPK2,JNJ,NTERA2,-0.7236380482746854
P78362,SRPK2,KN62,NTERA2,-2.033643269570807
P78362,SRPK2,Linsitinib,NTERA2,-2.632428117524137
P78362,SRPK2,LY2835219,NTERA2,-0.633150557935263
P78362,SRPK2,Ribociclib,NTERA2,0.35329565224066195
P78362,SRPK2,AC220,NTERA2,-0.5985846313637724
P78362,SRPK2,Edelfosine,NTERA2,0.8891212847162134
P78362,SRPK2,GF109203X,NTERA2,-1.6791259575657689
P78362,SRPK2,Go6976,NTERA2,-0.2275550385646884
P78362,SRPK2,PF4708671,NTERA2,-1.147208757829278
P78362,SRPK2,SP600125,NTERA2,-0.388796587049188
P78362,SRPK2,TAK715,NTERA2,0.16246824011020164
P78362,SRPK2,TBCA,NTERA2,1.1226326860315265
P78362,SRPK2,AT13148,NTERA2,-1.4716512717670622
P78362,SRPK2,AZ20,NTERA2,-1.2230078013080696
P78362,SRPK2,AZD6738,NTERA2,-0.7436667240825763
P78362,SRPK2,Bosutinib,NTERA2,-0.864104266538546
P78362,SRPK2,Dabrafenib,NTERA2,-0.827267501909593
P78362,SRPK2,Dasatinib,NTERA2,-0.4231979372561435
P78362,SRPK2,DNAPK,NTERA2,-0.6999366174497812
P78362,SRPK2,H89,NTERA2,0.06480052528739551
P78362,SRPK2,KD025,NTERA2,0.5949303307423848
P78362,SRPK2,NU7441,NTERA2,1.434780797091726
P78362,SRPK2,Ripasudil,NTERA2,-0.8359553912418743
P78362,SRPK2,Vemurafenib,NTERA2,-0.01212439395770251
O96013,PAK4,AZD6482,NTERA2,0.9861100280054603
O96013,PAK4,CAL101,NTERA2,1.5539048845223207
O96013,PAK4,GDC0941,NTERA2,2.6693407331014365
O96013,PAK4,HS173,NTERA2,0.593776399921346
O96013,PAK4,PIK294,NTERA2,0.8554507893390635
O96013,PAK4,TGX221,NTERA2,-0.45677184261450365
O96013,PAK4,CX4945,NTERA2,-2.8288574721883135
O96013,PAK4,GO6983,NTERA2,-2.3209378042594535
O96013,PAK4,KN93,NTERA2,-2.6666852540276715
O96013,PAK4,MK2206,NTERA2,-1.28189637473578
O96013,PAK4,AZD5438,NTERA2,-0.3336142225058557
O96013,PAK4,FRAX486,NTERA2,0.03584899866146962
O96013,PAK4,Ku0063794,NTERA2,-0.620460938475803
O96013,PAK4,PD153035,NTERA2,-1.5319107871478062
O96013,PAK4,PF3758309,NTERA2,-0.6900287040230558
O96013,PAK4,Torin,NTERA2,-0.8506618940439789
O96013,PAK4,Trametinib,NTERA2,0.3903629256306561
O96013,PAK4,AZD1480,NTERA2,-2.448397210103495
O96013,PAK4,AZD5363,NTERA2,-1.4251952956849097
O96013,PAK4,BX912,NTERA2,0.20781727109511128
O96013,PAK4,CHIR99021,NTERA2,0.4394033975865522
O96013,PAK4,GSK2334470,NTERA2,-0.16696811899621353
O96013,PAK4,Ipatasertib,NTERA2,-1.74053543292413
O96013,PAK4,LY2090314,NTERA2,-0.53639584626062
O96013,PAK4,Tofacitinib,NTERA2,-1.1292022004325806
O96013,PAK4,AZD8055,NTERA2,-0.9730683521822553
O96013,PAK4,GDC0994,NTERA2,-0.48966331034870697
O96013,PAK4,JNK,NTERA2,-1.1021276182379884
O96013,PAK4,LY2584702,NTERA2,0.11560750897522099
O96013,PAK4,PH797804,NTERA2,-0.36376268313324045
O96013,PAK4,Selumetinib,NTERA2,0.6848122000406168
O96013,PAK4,U73122,NTERA2,-1.5536001777246706
O96013,PAK4,Ulixertinib,NTERA2,0.20449784019863051
O96013,PAK4,Amuvatinib,NTERA2,1.2942851814131633
O96013,PAK4,AZD3759,NTERA2,0.4986161272378702
O96013,PAK4,GSK690693,NTERA2,0.026737405109463878
O96013,PAK4,JNJ,NTERA2,0.8283571100969758
O96013,PAK4,KN62,NTERA2,1.765618304464307
O96013,PAK4,Linsitinib,NTERA2,1.8475447441228148
O96013,PAK4,LY2835219,NTERA2,0.4533225801187364
O96013,PAK4,Ribociclib,NTERA2,0.23731718187577075
O96013,PAK4,AC220,NTERA2,0.2403831764020895
O96013,PAK4,Edelfosine,NTERA2,0.28706211574392404
O96013,PAK4,GF109203X,NTERA2,1.9949192102191549
O96013,PAK4,Go6976,NTERA2,-1.0027582361562661
O96013,PAK4,PF4708671,NTERA2,-0.6403158048420459
O96013,PAK4,SP600125,NTERA2,0.18529315233164378
O96013,PAK4,TAK715,NTERA2,2.7048696203108133
O96013,PAK4,TBCA,NTERA2,1.1857706870906348
O96013,PAK4,AT13148,NTERA2,-1.3054918572216176
O96013,PAK4,AZ20,NTERA2,-1.5728608242980757
O96013,PAK4,AZD6738,NTERA2,-3.7266353216236956
O96013,PAK4,Bosutinib,NTERA2,-2.122411902973839
O96013,PAK4,Dabrafenib,NTERA2,-0.44732679349832044
O96013,PAK4,Dasatinib,NTERA2,-3.051750885658728
O96013,PAK4,DNAPK,NTERA2,-0.12562733390247088
O96013,PAK4,H89,NTERA2,-0.26854512680577824
O96013,PAK4,KD025,NTERA2,-0.580258797630696
O96013,PAK4,NU7441,NTERA2,-1.956985534527894
O96013,PAK4,Ripasudil,NTERA2,-1.1705827468813628
O96013,PAK4,Vemurafenib,NTERA2,-1.3763720172410507
Q86UE8,TLK2,AZD6482,NTERA2,
Q86UE8,TLK2,CAL101,NTERA2,
Q86UE8,TLK2,GDC0941,NTERA2,
Q86UE8,TLK2,HS173,NTERA2,
Q86UE8,TLK2,PIK294,NTERA2,
Q86UE8,TLK2,TGX221,NTERA2,
Q86UE8,TLK2,CX4945,NTERA2,
Q86UE8,TLK2,GO6983,NTERA2,
Q86UE8,TLK2,KN93,NTERA2,
Q86UE8,TLK2,MK2206,NTERA2,
Q86UE8,TLK2,AZD5438,NTERA2,
Q86UE8,TLK2,FRAX486,NTERA2,
Q86UE8,TLK2,Ku0063794,NTERA2,
Q86UE8,TLK2,PD153035,NTERA2,
Q86UE8,TLK2,PF3758309,NTERA2,
Q86UE8,TLK2,Torin,NTERA2,
Q86UE8,TLK2,Trametinib,NTERA2,
Q86UE8,TLK2,AZD1480,NTERA2,
Q86UE8,TLK2,AZD5363,NTERA2,
Q86UE8,TLK2,BX912,NTERA2,
Q86UE8,TLK2,CHIR99021,NTERA2,
Q86UE8,TLK2,GSK2334470,NTERA2,
Q86UE8,TLK2,Ipatasertib,NTERA2,
Q86UE8,TLK2,LY2090314,NTERA2,
Q86UE8,TLK2,Tofacitinib,NTERA2,
Q86UE8,TLK2,AZD8055,NTERA2,
Q86UE8,TLK2,GDC0994,NTERA2,
Q86UE8,TLK2,JNK,NTERA2,
Q86UE8,TLK2,LY2584702,NTERA2,
Q86UE8,TLK2,PH797804,NTERA2,
Q86UE8,TLK2,Selumetinib,NTERA2,
Q86UE8,TLK2,U73122,NTERA2,
Q86UE8,TLK2,Ulixertinib,NTERA2,
Q86UE8,TLK2,Amuvatinib,NTERA2,
Q86UE8,TLK2,AZD3759,NTERA2,
Q86UE8,TLK2,GSK690693,NTERA2,
Q86UE8,TLK2,JNJ,NTERA2,
Q86UE8,TLK2,KN62,NTERA2,
Q86UE8,TLK2,Linsitinib,NTERA2,
Q86UE8,TLK2,LY2835219,NTERA2,
Q86UE8,TLK2,Ribociclib,NTERA2,
Q86UE8,TLK2,AC220,NTERA2,
Q86UE8,TLK2,Edelfosine,NTERA2,
Q86UE8,TLK2,GF109203X,NTERA2,
Q86UE8,TLK2,Go6976,NTERA2,
Q86UE8,TLK2,PF4708671,NTERA2,
Q86UE8,TLK2,SP600125,NTERA2,
Q86UE8,TLK2,TAK715,NTERA2,
Q86UE8,TLK2,TBCA,NTERA2,
Q86UE8,TLK2,AT13148,NTERA2,
Q86UE8,TLK2,AZ20,NTERA2,
Q86UE8,TLK2,AZD6738,NTERA2,
Q86UE8,TLK2,Bosutinib,NTERA2,
Q86UE8,TLK2,Dabrafenib,NTERA2,
Q86UE8,TLK2,Dasatinib,NTERA2,
Q86UE8,TLK2,DNAPK,NTERA2,
Q86UE8,TLK2,H89,NTERA2,
Q86UE8,TLK2,KD025,NTERA2,
Q86UE8,TLK2,NU7441,NTERA2,
Q86UE8,TLK2,Ripasudil,NTERA2,
Q86UE8,TLK2,Vemurafenib,NTERA2,
Q9H0K1,SIK2,AZD6482,NTERA2,0.031134697529135415
Q9H0K1,SIK2,CAL101,NTERA2,0.2014808044096706
Q9H0K1,SIK2,GDC0941,NTERA2,0.6313284420502853
Q9H0K1,SIK2,HS173,NTERA2,0.6215077554771807
Q9H0K1,SIK2,PIK294,NTERA2,0.7111611317894007
Q9H0K1,SIK2,TGX221,NTERA2,0.36113145650061085
Q9H0K1,SIK2,CX4945,NTERA2,-0.04427368203807248
Q9H0K1,SIK2,GO6983,NTERA2,-1.8218556877114138
Q9H0K1,SIK2,KN93,NTERA2,-1.3092741517765267
Q9H0K1,SIK2,MK2206,NTERA2,-2.821750663475417
Q9H0K1,SIK2,AZD5438,NTERA2,0.17788009127784418
Q9H0K1,SIK2,FRAX486,NTERA2,-0.6517745198640961
Q9H0K1,SIK2,Ku0063794,NTERA2,-0.4410574397206435
Q9H0K1,SIK2,PD153035,NTERA2,-0.02385421473178695
Q9H0K1,SIK2,PF3758309,NTERA2,-0.2574333646760439
Q9H0K1,SIK2,Torin,NTERA2,0.27731604193482673
Q9H0K1,SIK2,Trametinib,NTERA2,-0.10074425949922082
Q9H0K1,SIK2,AZD1480,NTERA2,-0.8704576817182791
Q9H0K1,SIK2,AZD5363,NTERA2,-2.90940187226303
Q9H0K1,SIK2,BX912,NTERA2,-1.098561679909077
Q9H0K1,SIK2,CHIR99021,NTERA2,-1.148192918357292
Q9H0K1,SIK2,GSK2334470,NTERA2,-0.6679033674609087
Q9H0K1,SIK2,Ipatasertib,NTERA2,-1.976415879895205
Q9H0K1,SIK2,LY2090314,NTERA2,-1.033319387410332
Q9H0K1,SIK2,Tofacitinib,NTERA2,0.12401988749508064
Q9H0K1,SIK2,AZD8055,NTERA2,-0.8296159581424314
Q9H0K1,SIK2,GDC0994,NTERA2,-0.5710895839052147
Q9H0K1,SIK2,JNK,NTERA2,0.6170989866622162
Q9H0K1,SIK2,LY2584702,NTERA2,-0.3952044958685049
Q9H0K1,SIK2,PH797804,NTERA2,-0.6767951569575547
Q9H0K1,SIK2,Selumetinib,NTERA2,-0.20000425431144594
Q9H0K1,SIK2,U73122,NTERA2,0.23409376910867322
Q9H0K1,SIK2,Ulixertinib,NTERA2,-1.8017453541832071
Q9H0K1,SIK2,Amuvatinib,NTERA2,-0.3494659355136065
Q9H0K1,SIK2,AZD3759,NTERA2,-0.455754135144498
Q9H0K1,SIK2,GSK690693,NTERA2,-0.3096558786359757
Q9H0K1,SIK2,JNJ,NTERA2,-1.0496753300654753
Q9H0K1,SIK2,KN62,NTERA2,-0.2733643949000131
Q9H0K1,SIK2,Linsitinib,NTERA2,-0.8588450189713555
Q9H0K1,SIK2,LY2835219,NTERA2,-0.3257727449754011
Q9H0K1,SIK2,Ribociclib,NTERA2,-0.6914098981214523
Q9H0K1,SIK2,AC220,NTERA2,-0.6309819747189479
Q9H0K1,SIK2,Edelfosine,NTERA2,1.2659498995892713
Q9H0K1,SIK2,GF109203X,NTERA2,0.07936275680598967
Q9H0K1,SIK2,Go6976,NTERA2,0.38086259793547583
Q9H0K1,SIK2,PF4708671,NTERA2,0.7777748519865471
Q9H0K1,SIK2,SP600125,NTERA2,0.0034873576494998553
Q9H0K1,SIK2,TAK715,NTERA2,-0.4544609808499039
Q9H0K1,SIK2,TBCA,NTERA2,0.9546324970752176
Q9H0K1,SIK2,AT13148,NTERA2,-0.1576902471266045
Q9H0K1,SIK2,AZ20,NTERA2,-0.8855744166471693
Q9H0K1,SIK2,AZD6738,NTERA2,-0.08698741592908683
Q9H0K1,SIK2,Bosutinib,NTERA2,-0.0007124899715594973
Q9H0K1,SIK2,Dabrafenib,NTERA2,-0.0556051260093663
Q9H0K1,SIK2,Dasatinib,NTERA2,-0.9952218424672362
Q9H0K1,SIK2,DNAPK,NTERA2,-0.5665642083165738
Q9H0K1,SIK2,H89,NTERA2,-0.829390351722736
Q9H0K1,SIK2,KD025,NTERA2,-0.2761956739390195
Q9H0K1,SIK2,NU7441,NTERA2,-0.3524093361232998
Q9H0K1,SIK2,Ripasudil,NTERA2,-0.4554198502862807
Q9H0K1,SIK2,Vemurafenib,NTERA2,-0.4734143153086239
P54646,PRKAA2,AZD6482,NTERA2,1.3537438400907158
P54646,PRKAA2,CAL101,NTERA2,0.7244821949899257
P54646,PRKAA2,GDC0941,NTERA2,1.5135519161239321
P54646,PRKAA2,HS173,NTERA2,0.8005459597323076
P54646,PRKAA2,PIK294,NTERA2,-0.27788706129677976
P54646,PRKAA2,TGX221,NTERA2,0.5925431203266616
P54646,PRKAA2,CX4945,NTERA2,1.1509792676448078
P54646,PRKAA2,GO6983,NTERA2,1.4225265041421826
P54646,PRKAA2,KN93,NTERA2,1.6663496382993201
P54646,PRKAA2,MK2206,NTERA2,2.568832695639927
P54646,PRKAA2,AZD5438,NTERA2,0.8772158954551933
P54646,PRKAA2,FRAX486,NTERA2,-0.19190883384384394
P54646,PRKAA2,Ku0063794,NTERA2,0.11823009456688917
P54646,PRKAA2,PD153035,NTERA2,0.40874435467538106
P54646,PRKAA2,PF3758309,NTERA2,-2.7579050437726997
P54646,PRKAA2,Torin,NTERA2,-0.5679737534620286
P54646,PRKAA2,Trametinib,NTERA2,-0.13809164110818417
P54646,PRKAA2,AZD1480,NTERA2,-0.8133103936917502
P54646,PRKAA2,AZD5363,NTERA2,-1.5961823393026737
P54646,PRKAA2,BX912,NTERA2,-0.7178965029247159
P54646,PRKAA2,CHIR99021,NTERA2,-0.8178354599162903
P54646,PRKAA2,GSK2334470,NTERA2,-0.02908130129071802
P54646,PRKAA2,Ipatasertib,NTERA2,-1.9887846189986313
P54646,PRKAA2,LY2090314,NTERA2,0.5552801804912669
P54646,PRKAA2,Tofacitinib,NTERA2,0.28049531797037325
P54646,PRKAA2,AZD8055,NTERA2,-0.056755118310749385
P54646,PRKAA2,GDC0994,NTERA2,0.8110156344028596
P54646,PRKAA2,JNK,NTERA2,0.4795637544592904
P54646,PRKAA2,LY2584702,NTERA2,1.2040449113386924
P54646,PRKAA2,PH797804,NTERA2,0.1887619848759815
P54646,PRKAA2,Selumetinib,NTERA2,0.7300384311644983
P54646,PRKAA2,U73122,NTERA2,-0.5213118062005685
P54646,PRKAA2,Ulixertinib,NTERA2,1.2572976155763498
P54646,PRKAA2,Amuvatinib,NTERA2,-1.3509595400657488
P54646,PRKAA2,AZD3759,NTERA2,-0.26406260845912416
P54646,PRKAA2,GSK690693,NTERA2,-0.726774219507906
P54646,PRKAA2,JNJ,NTERA2,0.36190303216246494
P54646,PRKAA2,KN62,NTERA2,-0.24884602826742686
P54646,PRKAA2,Linsitinib,NTERA2,-0.8959699206253207
P54646,PRKAA2,LY2835219,NTERA2,1.8804672955393176
P54646,PRKAA2,Ribociclib,NTERA2,0.8583569202592314
P54646,PRKAA2,AC220,NTERA2,-0.641566946211996
P54646,PRKAA2,Edelfosine,NTERA2,-0.25166091970215704
P54646,PRKAA2,GF109203X,NTERA2,0.7361281275168079
P54646,PRKAA2,Go6976,NTERA2,-1.4458981252606102
P54646,PRKAA2,PF4708671,NTERA2,0.5563992645813857
P54646,PRKAA2,SP600125,NTERA2,0.0321857918741611
P54646,PRKAA2,TAK715,NTERA2,0.030005439159601726
P54646,PRKAA2,TBCA,NTERA2,-1.3868472013363933
P54646,PRKAA2,AT13148,NTERA2,1.1060658608765175
P54646,PRKAA2,AZ20,NTERA2,-1.382718979490896
P54646,PRKAA2,AZD6738,NTERA2,-0.09335517404700093
P54646,PRKAA2,Bosutinib,NTERA2,0.19543492705135074
P54646,PRKAA2,Dabrafenib,NTERA2,0.8092573407146914
P54646,PRKAA2,Dasatinib,NTERA2,0.0012674633019650044
P54646,PRKAA2,DNAPK,NTERA2,1.7800573061987128
P54646,PRKAA2,H89,NTERA2,0.8523251471252944
P54646,PRKAA2,KD025,NTERA2,-0.10309562793951538
P54646,PRKAA2,NU7441,NTERA2,0.681577067477142
P54646,PRKAA2,Ripasudil,NTERA2,1.777091359741541
P54646,PRKAA2,Vemurafenib,NTERA2,0.2121761645174016
Q7KZI7,MARK2,AZD6482,NTERA2,0.7222960828137326
Q7KZI7,MARK2,CAL101,NTERA2,0.10327917737658864
Q7KZI7,MARK2,GDC0941,NTERA2,1.2275346778855645
Q7KZI7,MARK2,HS173,NTERA2,-0.11579328687823912
Q7KZI7,MARK2,PIK294,NTERA2,2.539839131257506
Q7KZI7,MARK2,TGX221,NTERA2,1.0555156762465376
Q7KZI7,MARK2,CX4945,NTERA2,0.9811619858884416
Q7KZI7,MARK2,GO6983,NTERA2,2.62480706894144
Q7KZI7,MARK2,KN93,NTERA2,1.3234507355837366
Q7KZI7,MARK2,MK2206,NTERA2,1.8856075190683925
Q7KZI7,MARK2,AZD5438,NTERA2,2.1833447556022723
Q7KZI7,MARK2,FRAX486,NTERA2,0.4641007166207625
Q7KZI7,MARK2,Ku0063794,NTERA2,0.8672049792675484
Q7KZI7,MARK2,PD153035,NTERA2,0.5719760196372111
Q7KZI7,MARK2,PF3758309,NTERA2,-1.7575502425633194
Q7KZI7,MARK2,Torin,NTERA2,0.40019047272074376
Q7KZI7,MARK2,Trametinib,NTERA2,0.5045168653418082
Q7KZI7,MARK2,AZD1480,NTERA2,-0.4948834492797011
Q7KZI7,MARK2,AZD5363,NTERA2,0.08433573610752085
Q7KZI7,MARK2,BX912,NTERA2,-0.9492130667819113
Q7KZI7,MARK2,CHIR99021,NTERA2,1.6232341151630787
Q7KZI7,MARK2,GSK2334470,NTERA2,-0.7938715370403189
Q7KZI7,MARK2,Ipatasertib,NTERA2,0.18133733606318045
Q7KZI7,MARK2,LY2090314,NTERA2,1.0458062472116025
Q7KZI7,MARK2,Tofacitinib,NTERA2,-0.6100179617547081
Q7KZI7,MARK2,AZD8055,NTERA2,0.17826442866675166
Q7KZI7,MARK2,GDC0994,NTERA2,1.410637532021645
Q7KZI7,MARK2,JNK,NTERA2,0.48437901098031844
Q7KZI7,MARK2,LY2584702,NTERA2,1.4481534834562915
Q7KZI7,MARK2,PH797804,NTERA2,1.7372624579306064
Q7KZI7,MARK2,Selumetinib,NTERA2,0.7006078149302578
Q7KZI7,MARK2,U73122,NTERA2,2.2172428338696273
Q7KZI7,MARK2,Ulixertinib,NTERA2,1.8456742788109002
Q7KZI7,MARK2,Amuvatinib,NTERA2,0.11881311470504105
Q7KZI7,MARK2,AZD3759,NTERA2,0.8205350951465112
Q7KZI7,MARK2,GSK690693,NTERA2,-0.9951836947674325
Q7KZI7,MARK2,JNJ,NTERA2,-0.19527039169180097
Q7KZI7,MARK2,KN62,NTERA2,0.6550626363955288
Q7KZI7,MARK2,Linsitinib,NTERA2,0.5230138259594366
Q7KZI7,MARK2,LY2835219,NTERA2,1.1942909676414843
Q7KZI7,MARK2,Ribociclib,NTERA2,-0.18054948254750808
Q7KZI7,MARK2,AC220,NTERA2,0.15818726516168816
Q7KZI7,MARK2,Edelfosine,NTERA2,-0.24248759656889113
Q7KZI7,MARK2,GF109203X,NTERA2,1.325588581658212
Q7KZI7,MARK2,Go6976,NTERA2,-0.0028664914477248937
Q7KZI7,MARK2,PF4708671,NTERA2,-0.10021378941074524
Q7KZI7,MARK2,SP600125,NTERA2,0.392507056740448
Q7KZI7,MARK2,TAK715,NTERA2,1.7192894141774457
Q7KZI7,MARK2,TBCA,NTERA2,-2.4541569337145006
Q7KZI7,MARK2,AT13148,NTERA2,0.3668862666327081
Q7KZI7,MARK2,AZ20,NTERA2,-0.661986674715612
Q7KZI7,MARK2,AZD6738,NTERA2,-1.409355128291477
Q7KZI7,MARK2,Bosutinib,NTERA2,-0.31701960716456135
Q7KZI7,MARK2,Dabrafenib,NTERA2,0.7720554395773552
Q7KZI7,MARK2,Dasatinib,NTERA2,-2.2062480169358767
Q7KZI7,MARK2,DNAPK,NTERA2,1.4335187882516625
Q7KZI7,MARK2,H89,NTERA2,0.7119196055750003
Q7KZI7,MARK2,KD025,NTERA2,-0.6002740361538651
Q7KZI7,MARK2,NU7441,NTERA2,-0.5515312809116674
Q7KZI7,MARK2,Ripasudil,NTERA2,0.14756654438681846
Q7KZI7,MARK2,Vemurafenib,NTERA2,-0.3310971349021644
Q96BR1,SGK3,AZD6482,NTERA2,1.9157453074655886
Q96BR1,SGK3,CAL101,NTERA2,1.7550136373133731
Q96BR1,SGK3,GDC0941,NTERA2,-0.033879599856747614
Q96BR1,SGK3,HS173,NTERA2,1.6623714434007344
Q96BR1,SGK3,PIK294,NTERA2,1.787841688233611
Q96BR1,SGK3,TGX221,NTERA2,2.923830953351447
Q96BR1,SGK3,CX4945,NTERA2,0.35237276569443643
Q96BR1,SGK3,GO6983,NTERA2,1.2212472939948535
Q96BR1,SGK3,KN93,NTERA2,0.8541146855748263
Q96BR1,SGK3,MK2206,NTERA2,-1.4448172124021532
Q96BR1,SGK3,AZD5438,NTERA2,2.087103039839102
Q96BR1,SGK3,FRAX486,NTERA2,-1.294551766305389
Q96BR1,SGK3,Ku0063794,NTERA2,-1.1092837357637804
Q96BR1,SGK3,PD153035,NTERA2,-0.046163225406969495
Q96BR1,SGK3,PF3758309,NTERA2,-2.0501067431394153
Q96BR1,SGK3,Torin,NTERA2,-3.8221135124079946
Q96BR1,SGK3,Trametinib,NTERA2,-1.1568997883330072
Q96BR1,SGK3,AZD1480,NTERA2,-0.38900947829315147
Q96BR1,SGK3,AZD5363,NTERA2,-3.365218594829721
Q96BR1,SGK3,BX912,NTERA2,-2.5721089341323546
Q96BR1,SGK3,CHIR99021,NTERA2,-0.47052515097181663
Q96BR1,SGK3,GSK2334470,NTERA2,-3.621611265349091
Q96BR1,SGK3,Ipatasertib,NTERA2,-4.097609205818219
Q96BR1,SGK3,LY2090314,NTERA2,-0.450508677773697
Q96BR1,SGK3,Tofacitinib,NTERA2,-1.4250945355409752
Q96BR1,SGK3,AZD8055,NTERA2,-0.47440661218893243
Q96BR1,SGK3,GDC0994,NTERA2,0.41982668690802377
Q96BR1,SGK3,JNK,NTERA2,2.9561429417134915
Q96BR1,SGK3,LY2584702,NTERA2,-0.3532927296757721
Q96BR1,SGK3,PH797804,NTERA2,-0.7264708868568396
Q96BR1,SGK3,Selumetinib,NTERA2,1.131128665246912
Q96BR1,SGK3,U73122,NTERA2,2.05093264350084
Q96BR1,SGK3,Ulixertinib,NTERA2,1.4241954867740096
Q96BR1,SGK3,Amuvatinib,NTERA2,0.32430407737650097
Q96BR1,SGK3,AZD3759,NTERA2,0.2374750019790467
Q96BR1,SGK3,GSK690693,NTERA2,-1.3249907695402443
Q96BR1,SGK3,JNJ,NTERA2,0.3889204329865745
Q96BR1,SGK3,KN62,NTERA2,-0.13618088594109243
Q96BR1,SGK3,Linsitinib,NTERA2,-1.0440748429493856
Q96BR1,SGK3,LY2835219,NTERA2,-1.0397020084643083
Q96BR1,SGK3,Ribociclib,NTERA2,-1.0310242095873576
Q96BR1,SGK3,AC220,NTERA2,-4.085709149220926
Q96BR1,SGK3,Edelfosine,NTERA2,-0.2061795592847452
Q96BR1,SGK3,GF109203X,NTERA2,-0.9987336515684822
Q96BR1,SGK3,Go6976,NTERA2,-2.296118874377737
Q96BR1,SGK3,PF4708671,NTERA2,-1.789749249901087
Q96BR1,SGK3,SP600125,NTERA2,-0.7034965640284109
Q96BR1,SGK3,TAK715,NTERA2,-3.637672755635853
Q96BR1,SGK3,TBCA,NTERA2,-2.2594972735290235
Q96BR1,SGK3,AT13148,NTERA2,0.7056133408871308
Q96BR1,SGK3,AZ20,NTERA2,-1.7878003346926985
Q96BR1,SGK3,AZD6738,NTERA2,-0.4576431695489707
Q96BR1,SGK3,Bosutinib,NTERA2,0.46628714369075414
Q96BR1,SGK3,Dabrafenib,NTERA2,1.7111338593076793
Q96BR1,SGK3,Dasatinib,NTERA2,-0.7573909505061913
Q96BR1,SGK3,DNAPK,NTERA2,-0.9668087788196337
Q96BR1,SGK3,H89,NTERA2,-0.477034692923036
Q96BR1,SGK3,KD025,NTERA2,0.19469560230374233
Q96BR1,SGK3,NU7441,NTERA2,-0.7611514930033157
Q96BR1,SGK3,Ripasudil,NTERA2,1.4273112570633706
Q96BR1,SGK3,Vemurafenib,NTERA2,-0.7276715570250589
Q13555,CAMK2G,AZD6482,NTERA2,-2.1336944740238986
Q13555,CAMK2G,CAL101,NTERA2,-1.9402033039956041
Q13555,CAMK2G,GDC0941,NTERA2,-0.8714337096464281
Q13555,CAMK2G,HS173,NTERA2,-1.1291765381019068
Q13555,CAMK2G,PIK294,NTERA2,-2.6422850037695196
Q13555,CAMK2G,TGX221,NTERA2,-3.049313795116251
Q13555,CAMK2G,CX4945,NTERA2,1.3119609716662897
Q13555,CAMK2G,GO6983,NTERA2,-0.4417791547845297
Q13555,CAMK2G,KN93,NTERA2,1.5529013475163482
Q13555,CAMK2G,MK2206,NTERA2,2.2179451449923984
Q13555,CAMK2G,AZD5438,NTERA2,0.00032954364679027814
Q13555,CAMK2G,FRAX486,NTERA2,-0.7793354816415329
Q13555,CAMK2G,Ku0063794,NTERA2,-0.3931275596614665
Q13555,CAMK2G,PD153035,NTERA2,0.6863629277853641
Q13555,CAMK2G,PF3758309,NTERA2,-1.2671727734594735
Q13555,CAMK2G,Torin,NTERA2,-0.31803195074537693
Q13555,CAMK2G,Trametinib,NTERA2,-0.02461883703313847
Q13555,CAMK2G,AZD1480,NTERA2,-1.0515943747364556
Q13555,CAMK2G,AZD5363,NTERA2,-2.5859773850227277
Q13555,CAMK2G,BX912,NTERA2,-1.331721338413202
Q13555,CAMK2G,CHIR99021,NTERA2,-2.7760770493127347
Q13555,CAMK2G,GSK2334470,NTERA2,-0.6818711046441117
Q13555,CAMK2G,Ipatasertib,NTERA2,-1.4404685544809315
Q13555,CAMK2G,LY2090314,NTERA2,-0.694520024818321
Q13555,CAMK2G,Tofacitinib,NTERA2,-0.7418588676691333
Q13555,CAMK2G,AZD8055,NTERA2,0.7121873088328474
Q13555,CAMK2G,GDC0994,NTERA2,0.3725642684763776
Q13555,CAMK2G,JNK,NTERA2,-0.673799425388654
Q13555,CAMK2G,LY2584702,NTERA2,-0.8213634646072593
Q13555,CAMK2G,PH797804,NTERA2,0.6391406148438656
Q13555,CAMK2G,Selumetinib,NTERA2,0.38745335085710586
Q13555,CAMK2G,U73122,NTERA2,0.4733785916148491
Q13555,CAMK2G,Ulixertinib,NTERA2,-0.15181859028455816
Q13555,CAMK2G,Amuvatinib,NTERA2,-0.92100378590515
Q13555,CAMK2G,AZD3759,NTERA2,-0.9816960857506455
Q13555,CAMK2G,GSK690693,NTERA2,-0.08619803128729553
Q13555,CAMK2G,JNJ,NTERA2,-1.112301146183537
Q13555,CAMK2G,KN62,NTERA2,-1.963915855714347
Q13555,CAMK2G,Linsitinib,NTERA2,-1.2236581950326537
Q13555,CAMK2G,LY2835219,NTERA2,-1.7118310364097953
Q13555,CAMK2G,Ribociclib,NTERA2,-0.7571515605987891
Q13555,CAMK2G,AC220,NTERA2,-0.5098830563672541
Q13555,CAMK2G,Edelfosine,NTERA2,0.6540662367507298
Q13555,CAMK2G,GF109203X,NTERA2,1.2639557994519262
Q13555,CAMK2G,Go6976,NTERA2,0.3071814327867278
Q13555,CAMK2G,PF4708671,NTERA2,1.277212593206724
Q13555,CAMK2G,SP600125,NTERA2,0.05548220077475418
Q13555,CAMK2G,TAK715,NTERA2,-1.0494678684078986
Q13555,CAMK2G,TBCA,NTERA2,-0.39008979062445004
Q13555,CAMK2G,AT13148,NTERA2,1.8079510652794955
Q13555,CAMK2G,AZ20,NTERA2,0.17295469592111992
Q13555,CAMK2G,AZD6738,NTERA2,0.061644971565324475
Q13555,CAMK2G,Bosutinib,NTERA2,1.2135658802766163
Q13555,CAMK2G,Dabrafenib,NTERA2,1.8236745879269078
Q13555,CAMK2G,Dasatinib,NTERA2,1.8370088678950212
Q13555,CAMK2G,DNAPK,NTERA2,1.806390497548663
Q13555,CAMK2G,H89,NTERA2,1.7871877278145025
Q13555,CAMK2G,KD025,NTERA2,1.3027067249819704
Q13555,CAMK2G,NU7441,NTERA2,0.5550449279072668
Q13555,CAMK2G,Ripasudil,NTERA2,1.5338614383388067
Q13555,CAMK2G,Vemurafenib,NTERA2,-0.2646855553094435
Q13188,STK3,AZD6482,NTERA2,1.4631448459573453
Q13188,STK3,CAL101,NTERA2,1.1124429165932934
Q13188,STK3,GDC0941,NTERA2,0.4176655131735587
Q13188,STK3,HS173,NTERA2,0.4183968582339174
Q13188,STK3,PIK294,NTERA2,0.9979369998804918
Q13188,STK3,TGX221,NTERA2,1.74594477714856
Q13188,STK3,CX4945,NTERA2,-0.011443556980163616
Q13188,STK3,GO6983,NTERA2,0.7747085828070845
Q13188,STK3,KN93,NTERA2,0.5332075012749724
Q13188,STK3,MK2206,NTERA2,-0.27779689295883
Q13188,STK3,AZD5438,NTERA2,0.09721797518055496
Q13188,STK3,FRAX486,NTERA2,-1.0678079258521966
Q13188,STK3,Ku0063794,NTERA2,-0.7179226391017393
Q13188,STK3,PD153035,NTERA2,-0.08736900695298518
Q13188,STK3,PF3758309,NTERA2,-2.013646397788109
Q13188,STK3,Torin,NTERA2,-0.28041334072400675
Q13188,STK3,Trametinib,NTERA2,0.1340577288717128
Q13188,STK3,AZD1480,NTERA2,-0.8176288383963428
Q13188,STK3,AZD5363,NTERA2,-0.9796501706233637
Q13188,STK3,BX912,NTERA2,-0.33775388711374815
Q13188,STK3,CHIR99021,NTERA2,-0.36980402198289875
Q13188,STK3,GSK2334470,NTERA2,-1.2104306508314093
Q13188,STK3,Ipatasertib,NTERA2,-0.6335140500698799
Q13188,STK3,LY2090314,NTERA2,0.19333342971701956
Q13188,STK3,Tofacitinib,NTERA2,-1.0133935082362044
Q13188,STK3,AZD8055,NTERA2,0.004382363593655061
Q13188,STK3,GDC0994,NTERA2,0.5370031584366038
Q13188,STK3,JNK,NTERA2,0.006990188292632174
Q13188,STK3,LY2584702,NTERA2,0.11728636536996379
Q13188,STK3,PH797804,NTERA2,0.7079292205211754
Q13188,STK3,Selumetinib,NTERA2,0.32382774930495234
Q13188,STK3,U73122,NTERA2,1.2825102464842126
Q13188,STK3,Ulixertinib,NTERA2,0.4255439224014956
Q13188,STK3,Amuvatinib,NTERA2,1.84402956782997
Q13188,STK3,AZD3759,NTERA2,1.6358583805665419
Q13188,STK3,GSK690693,NTERA2,0.6497468491428958
Q13188,STK3,JNJ,NTERA2,-0.09095743075870237
Q13188,STK3,KN62,NTERA2,2.060019091370141
Q13188,STK3,Linsitinib,NTERA2,1.7608398779195868
Q13188,STK3,LY2835219,NTERA2,2.2334546041057637
Q13188,STK3,Ribociclib,NTERA2,2.626531256242139
Q13188,STK3,AC220,NTERA2,1.5206973257929939
Q13188,STK3,Edelfosine,NTERA2,1.1076670265321342
Q13188,STK3,GF109203X,NTERA2,0.11413013529395091
Q13188,STK3,Go6976,NTERA2,-1.3408816622435014
Q13188,STK3,PF4708671,NTERA2,0.5818153677860488
Q13188,STK3,SP600125,NTERA2,-1.3971839028986581
Q13188,STK3,TAK715,NTERA2,0.8167975096659781
Q13188,STK3,TBCA,NTERA2,-1.9052502915400553
Q13188,STK3,AT13148,NTERA2,1.2608363569525676
Q13188,STK3,AZ20,NTERA2,-0.662930083409337
Q13188,STK3,AZD6738,NTERA2,0.6612852010367695
Q13188,STK3,Bosutinib,NTERA2,-0.6931275436768041
Q13188,STK3,Dabrafenib,NTERA2,1.2988086619931587
Q13188,STK3,Dasatinib,NTERA2,0.5451051613562506
Q13188,STK3,DNAPK,NTERA2,2.0531121340000515
Q13188,STK3,H89,NTERA2,0.29237112061363113
Q13188,STK3,KD025,NTERA2,1.4694522124204596
Q13188,STK3,NU7441,NTERA2,0.6710172008534386
Q13188,STK3,Ripasudil,NTERA2,1.4682929395529218
Q13188,STK3,Vemurafenib,NTERA2,1.0477657736274442
O94921,CDK14,AZD6482,NTERA2,0.6936157299495707
O94921,CDK14,CAL101,NTERA2,0.1463619169318905
O94921,CDK14,GDC0941,NTERA2,-0.4408160154093183
O94921,CDK14,HS173,NTERA2,0.05270736083584895
O94921,CDK14,PIK294,NTERA2,0.2915041519675971
O94921,CDK14,TGX221,NTERA2,-0.08884328906015787
O94921,CDK14,CX4945,NTERA2,0.4804163075423288
O94921,CDK14,GO6983,NTERA2,0.17965903470928601
O94921,CDK14,KN93,NTERA2,0.27983980310553797
O94921,CDK14,MK2206,NTERA2,0.34292902434543326
O94921,CDK14,AZD5438,NTERA2,0.37736782010886616
O94921,CDK14,FRAX486,NTERA2,0.23255851583973047
O94921,CDK14,Ku0063794,NTERA2,-0.1017914783358233
O94921,CDK14,PD153035,NTERA2,-0.14392704115096974
O94921,CDK14,PF3758309,NTERA2,-0.5098565373821701
O94921,CDK14,Torin,NTERA2,0.08527736340492867
O94921,CDK14,Trametinib,NTERA2,0.29269169740513257
O94921,CDK14,AZD1480,NTERA2,0.5238613867637781
O94921,CDK14,AZD5363,NTERA2,0.1741788555198426
O94921,CDK14,BX912,NTERA2,0.7315070210298108
O94921,CDK14,CHIR99021,NTERA2,-0.2836031510254808
O94921,CDK14,GSK2334470,NTERA2,0.7180348237097536
O94921,CDK14,Ipatasertib,NTERA2,-0.28323485109912655
O94921,CDK14,LY2090314,NTERA2,-0.7656020824532299
O94921,CDK14,Tofacitinib,NTERA2,-0.6270360732867257
O94921,CDK14,AZD8055,NTERA2,0.2184251689543687
O94921,CDK14,GDC0994,NTERA2,1.5801975220378448
O94921,CDK14,JNK,NTERA2,0.6506573470621789
O94921,CDK14,LY2584702,NTERA2,0.47070066799914784
O94921,CDK14,PH797804,NTERA2,-0.04316460707011105
O94921,CDK14,Selumetinib,NTERA2,-0.06883129009681292
O94921,CDK14,U73122,NTERA2,0.7641696320604351
O94921,CDK14,Ulixertinib,NTERA2,0.6082415854652384
O94921,CDK14,Amuvatinib,NTERA2,0.9308169059341206
O94921,CDK14,AZD3759,NTERA2,0.20733141463653237
O94921,CDK14,GSK690693,NTERA2,0.6629452347076723
O94921,CDK14,JNJ,NTERA2,0.3391453955624883
O94921,CDK14,KN62,NTERA2,-0.8830080294120356
O94921,CDK14,Linsitinib,NTERA2,0.3379213369111774
O94921,CDK14,LY2835219,NTERA2,1.5175009378508797
O94921,CDK14,Ribociclib,NTERA2,1.0070198312917513
O94921,CDK14,AC220,NTERA2,-1.0817008728297508
O94921,CDK14,Edelfosine,NTERA2,0.8257660650360819
O94921,CDK14,GF109203X,NTERA2,0.44164628730488054
O94921,CDK14,Go6976,NTERA2,0.869490671363827
O94921,CDK14,PF4708671,NTERA2,0.28996047346918363
O94921,CDK14,SP600125,NTERA2,0.4133152020533708
O94921,CDK14,TAK715,NTERA2,-0.020611019603373613
O94921,CDK14,TBCA,NTERA2,0.3441262333437238
O94921,CDK14,AT13148,NTERA2,0.843667543611764
O94921,CDK14,AZ20,NTERA2,1.213129619798792
O94921,CDK14,AZD6738,NTERA2,0.4154608539986808
O94921,CDK14,Bosutinib,NTERA2,-0.20984072500055787
O94921,CDK14,Dabrafenib,NTERA2,0.2480799839145677
O94921,CDK14,Dasatinib,NTERA2,-0.5387761249081287
O94921,CDK14,DNAPK,NTERA2,1.2948344699753298
O94921,CDK14,H89,NTERA2,0.5388884187498613
O94921,CDK14,KD025,NTERA2,1.1384095684228346
O94921,CDK14,NU7441,NTERA2,0.5236226022233945
O94921,CDK14,Ripasudil,NTERA2,-0.15378434914279754
O94921,CDK14,Vemurafenib,NTERA2,0.8017316891776055
Q15746,MYLK,AZD6482,NTERA2,-0.5026965869719418
Q15746,MYLK,CAL101,NTERA2,0.4433061649313402
Q15746,MYLK,GDC0941,NTERA2,-0.2429015298580864
Q15746,MYLK,HS173,NTERA2,0.503202667081056
Q15746,MYLK,PIK294,NTERA2,0.025272202427991008
Q15746,MYLK,TGX221,NTERA2,-0.51370619695616
Q15746,MYLK,CX4945,NTERA2,0.6421698344843183
Q15746,MYLK,GO6983,NTERA2,-0.7543035779586159
Q15746,MYLK,KN93,NTERA2,-0.4748460345447816
Q15746,MYLK,MK2206,NTERA2,1.4441926975191612
Q15746,MYLK,AZD5438,NTERA2,0.37781368656135605
Q15746,MYLK,FRAX486,NTERA2,0.9621846359114731
Q15746,MYLK,Ku0063794,NTERA2,0.46885743188112927
Q15746,MYLK,PD153035,NTERA2,0.17290851958394285
Q15746,MYLK,PF3758309,NTERA2,1.3425429557873483
Q15746,MYLK,Torin,NTERA2,1.7005206993477842
Q15746,MYLK,Trametinib,NTERA2,0.9365676955580926
Q15746,MYLK,AZD1480,NTERA2,-0.9504749785459811
Q15746,MYLK,AZD5363,NTERA2,-5.381156055225643
Q15746,MYLK,BX912,NTERA2,-0.41640748612819617
Q15746,MYLK,CHIR99021,NTERA2,-0.7729476355153299
Q15746,MYLK,GSK2334470,NTERA2,-1.875064574827817
Q15746,MYLK,Ipatasertib,NTERA2,-0.11076012244180035
Q15746,MYLK,LY2090314,NTERA2,-1.0403592517388671
Q15746,MYLK,Tofacitinib,NTERA2,-1.4558876739906
Q15746,MYLK,AZD8055,NTERA2,1.288530396937083
Q15746,MYLK,GDC0994,NTERA2,2.005276346934939
Q15746,MYLK,JNK,NTERA2,1.5510875978869778
Q15746,MYLK,LY2584702,NTERA2,2.0732419453993
Q15746,MYLK,PH797804,NTERA2,0.8491060527832288
Q15746,MYLK,Selumetinib,NTERA2,1.2639112629266647
Q15746,MYLK,U73122,NTERA2,0.9215240790905023
Q15746,MYLK,Ulixertinib,NTERA2,1.8879885772043257
Q15746,MYLK,Amuvatinib,NTERA2,-1.940685969262933
Q15746,MYLK,AZD3759,NTERA2,-0.8919159198464336
Q15746,MYLK,GSK690693,NTERA2,-0.008433361372259519
Q15746,MYLK,JNJ,NTERA2,-1.001846800296553
Q15746,MYLK,KN62,NTERA2,-1.5419627166866252
Q15746,MYLK,Linsitinib,NTERA2,0.3777225698743444
Q15746,MYLK,LY2835219,NTERA2,-0.24690107683527532
Q15746,MYLK,Ribociclib,NTERA2,-0.27209510854045
Q15746,MYLK,AC220,NTERA2,2.622173880449059
Q15746,MYLK,Edelfosine,NTERA2,1.0720974358774535
Q15746,MYLK,GF109203X,NTERA2,2.580093348395546
Q15746,MYLK,Go6976,NTERA2,1.1573665772306676
Q15746,MYLK,PF4708671,NTERA2,1.1449411440067667
Q15746,MYLK,SP600125,NTERA2,-0.1878688463279991
Q15746,MYLK,TAK715,NTERA2,1.7004550764367277
Q15746,MYLK,TBCA,NTERA2,-1.4136758042545687
Q15746,MYLK,AT13148,NTERA2,-2.0632967717270727
Q15746,MYLK,AZ20,NTERA2,-0.3258458549583244
Q15746,MYLK,AZD6738,NTERA2,-1.6190861099772784
Q15746,MYLK,Bosutinib,NTERA2,-1.219671273720523
Q15746,MYLK,Dabrafenib,NTERA2,-1.4559078053116616
Q15746,MYLK,Dasatinib,NTERA2,-0.8067261505892642
Q15746,MYLK,DNAPK,NTERA2,-1.552316365549654
Q15746,MYLK,H89,NTERA2,-0.5415144735875038
Q15746,MYLK,KD025,NTERA2,1.188795940860384
Q15746,MYLK,NU7441,NTERA2,-0.17478335701890502
Q15746,MYLK,Ripasudil,NTERA2,0.21697150323573403
Q15746,MYLK,Vemurafenib,NTERA2,-0.848962145491764
Q14680,MELK,AZD6482,NTERA2,-0.8663398582494131
Q14680,MELK,CAL101,NTERA2,-1.1269101853639092
Q14680,MELK,GDC0941,NTERA2,0.064196952367039
Q14680,MELK,HS173,NTERA2,-1.2670023464683302
Q14680,MELK,PIK294,NTERA2,-0.22343723510947697
Q14680,MELK,TGX221,NTERA2,-0.38936380017128264
Q14680,MELK,CX4945,NTERA2,0.9542189407013306
Q14680,MELK,GO6983,NTERA2,1.6176272699057308
Q14680,MELK,KN93,NTERA2,0.6532155436925666
Q14680,MELK,MK2206,NTERA2,0.23011031573053906
Q14680,MELK,AZD5438,NTERA2,0.21897432120825908
Q14680,MELK,FRAX486,NTERA2,0.33238241093702825
Q14680,MELK,Ku0063794,NTERA2,0.2532258119826439
Q14680,MELK,PD153035,NTERA2,0.57282130945518
Q14680,MELK,PF3758309,NTERA2,-2.2783865714147886
Q14680,MELK,Torin,NTERA2,-0.6715571771625548
Q14680,MELK,Trametinib,NTERA2,1.0676603722414801
Q14680,MELK,AZD1480,NTERA2,-0.26262632760367605
Q14680,MELK,AZD5363,NTERA2,-0.5124300105433096
Q14680,MELK,BX912,NTERA2,-0.8959444210217604
Q14680,MELK,CHIR99021,NTERA2,-0.9653081465307477
Q14680,MELK,GSK2334470,NTERA2,-0.8898197367740435
Q14680,MELK,Ipatasertib,NTERA2,-1.0566055600515833
Q14680,MELK,LY2090314,NTERA2,-0.2895413319844901
Q14680,MELK,Tofacitinib,NTERA2,0.015907235110936606
Q14680,MELK,AZD8055,NTERA2,-0.017909141026685286
Q14680,MELK,GDC0994,NTERA2,0.051367442652461306
Q14680,MELK,JNK,NTERA2,0.08327807474276455
Q14680,MELK,LY2584702,NTERA2,-2.5493378935043514
Q14680,MELK,PH797804,NTERA2,-0.339803324831509
Q14680,MELK,Selumetinib,NTERA2,0.0036057506774094463
Q14680,MELK,U73122,NTERA2,-0.1682883231980826
Q14680,MELK,Ulixertinib,NTERA2,0.09575000622302948
Q14680,MELK,Amuvatinib,NTERA2,0.0857501802920168
Q14680,MELK,AZD3759,NTERA2,-0.024086971183896067
Q14680,MELK,GSK690693,NTERA2,-0.5446681201488979
Q14680,MELK,JNJ,NTERA2,-0.4602564256263342
Q14680,MELK,KN62,NTERA2,-0.48540984461722236
Q14680,MELK,Linsitinib,NTERA2,-0.604563414461695
Q14680,MELK,LY2835219,NTERA2,-0.13338387520767753
Q14680,MELK,Ribociclib,NTERA2,-0.3534361760249921
Q14680,MELK,AC220,NTERA2,0.3543623452360393
Q14680,MELK,Edelfosine,NTERA2,0.07432785644797354
Q14680,MELK,GF109203X,NTERA2,0.17896382788786994
Q14680,MELK,Go6976,NTERA2,-0.07667125402965363
Q14680,MELK,PF4708671,NTERA2,-0.201082957291904
Q14680,MELK,SP600125,NTERA2,0.1949162775867807
Q14680,MELK,TAK715,NTERA2,0.13774622149301138
Q14680,MELK,TBCA,NTERA2,0.043360882797592155
Q14680,MELK,AT13148,NTERA2,-0.581502992662002
Q14680,MELK,AZ20,NTERA2,-0.6843424563809731
Q14680,MELK,AZD6738,NTERA2,0.09689481976670966
Q14680,MELK,Bosutinib,NTERA2,0.07284282735273624
Q14680,MELK,Dabrafenib,NTERA2,0.493811426086525
Q14680,MELK,Dasatinib,NTERA2,0.3705280716580158
Q14680,MELK,DNAPK,NTERA2,1.148264811661155
Q14680,MELK,H89,NTERA2,0.7235124948984533
Q14680,MELK,KD025,NTERA2,1.2162291558719551
Q14680,MELK,NU7441,NTERA2,0.9029024966683129
Q14680,MELK,Ripasudil,NTERA2,0.2723867239563929
Q14680,MELK,Vemurafenib,NTERA2,0.011534682715919117
Q8NE63,HIPK4,AZD6482,NTERA2,0.06332495806555535
Q8NE63,HIPK4,CAL101,NTERA2,0.07702611212274463
Q8NE63,HIPK4,GDC0941,NTERA2,0.029931145875228563
Q8NE63,HIPK4,HS173,NTERA2,0.02643889691583633
Q8NE63,HIPK4,PIK294,NTERA2,0.05546910728135145
Q8NE63,HIPK4,TGX221,NTERA2,0.04752630626406723
Q8NE63,HIPK4,CX4945,NTERA2,0.05106206039131035
Q8NE63,HIPK4,GO6983,NTERA2,0.37555839549738607
Q8NE63,HIPK4,KN93,NTERA2,1.1755729584995118
Q8NE63,HIPK4,MK2206,NTERA2,0.06585656347980896
Q8NE63,HIPK4,AZD5438,NTERA2,0.12124812222316389
Q8NE63,HIPK4,FRAX486,NTERA2,0.06171953661290537
Q8NE63,HIPK4,Ku0063794,NTERA2,0.10350803608197527
Q8NE63,HIPK4,PD153035,NTERA2,0.11743276842045201
Q8NE63,HIPK4,PF3758309,NTERA2,0.04234991939660682
Q8NE63,HIPK4,Torin,NTERA2,0.05684495172242182
Q8NE63,HIPK4,Trametinib,NTERA2,0.08679246945720538
Q8NE63,HIPK4,AZD1480,NTERA2,0.1154930620725753
Q8NE63,HIPK4,AZD5363,NTERA2,0.10431470393042261
Q8NE63,HIPK4,BX912,NTERA2,0.09753191698455246
Q8NE63,HIPK4,CHIR99021,NTERA2,0.08680321892040993
Q8NE63,HIPK4,GSK2334470,NTERA2,0.05914360517756311
Q8NE63,HIPK4,Ipatasertib,NTERA2,0.04299991595599201
Q8NE63,HIPK4,LY2090314,NTERA2,0.06167271289776231
Q8NE63,HIPK4,Tofacitinib,NTERA2,0.04501682181607878
Q8NE63,HIPK4,AZD8055,NTERA2,0.09373750633378493
Q8NE63,HIPK4,GDC0994,NTERA2,0.09565720294353622
Q8NE63,HIPK4,JNK,NTERA2,0.11721884593629343
Q8NE63,HIPK4,LY2584702,NTERA2,2.0613117358536814
Q8NE63,HIPK4,PH797804,NTERA2,0.07801142961823086
Q8NE63,HIPK4,Selumetinib,NTERA2,0.08624810017651335
Q8NE63,HIPK4,U73122,NTERA2,0.08811736839207587
Q8NE63,HIPK4,Ulixertinib,NTERA2,1.7553927855657572
Q8NE63,HIPK4,Amuvatinib,NTERA2,0.17974744911357513
Q8NE63,HIPK4,AZD3759,NTERA2,0.49287906861689584
Q8NE63,HIPK4,GSK690693,NTERA2,0.13029515762965085
Q8NE63,HIPK4,JNJ,NTERA2,1.9678794518770002
Q8NE63,HIPK4,KN62,NTERA2,0.6056603545262356
Q8NE63,HIPK4,Linsitinib,NTERA2,0.10037853238416354
Q8NE63,HIPK4,LY2835219,NTERA2,1.8382474420668404
Q8NE63,HIPK4,Ribociclib,NTERA2,0.0582258653871872
Q8NE63,HIPK4,AC220,NTERA2,0.12989278991919992
Q8NE63,HIPK4,Edelfosine,NTERA2,0.024720186130642592
Q8NE63,HIPK4,GF109203X,NTERA2,0.07075492901686155
Q8NE63,HIPK4,Go6976,NTERA2,0.08082794751734915
Q8NE63,HIPK4,PF4708671,NTERA2,0.07971798469508531
Q8NE63,HIPK4,SP600125,NTERA2,0.11422881037060387
Q8NE63,HIPK4,TAK715,NTERA2,0.07526250966274751
Q8NE63,HIPK4,TBCA,NTERA2,0.00011644286962576969
Q8NE63,HIPK4,AT13148,NTERA2,0.0783155427622285
Q8NE63,HIPK4,AZ20,NTERA2,0.09237924562978327
Q8NE63,HIPK4,AZD6738,NTERA2,0.09989973237286529
Q8NE63,HIPK4,Bosutinib,NTERA2,0.0779293021982491
Q8NE63,HIPK4,Dabrafenib,NTERA2,0.08163560365431563
Q8NE63,HIPK4,Dasatinib,NTERA2,0.04016982781182947
Q8NE63,HIPK4,DNAPK,NTERA2,0.12452093189117568
Q8NE63,HIPK4,H89,NTERA2,0.07168829472988965
Q8NE63,HIPK4,KD025,NTERA2,0.08854790263618695
Q8NE63,HIPK4,NU7441,NTERA2,0.03951981562161483
Q8NE63,HIPK4,Ripasudil,NTERA2,0.06445227191579984
Q8NE63,HIPK4,Vemurafenib,NTERA2,0.06404954419935037
P49760,CLK2,AZD6482,NTERA2,-0.23633636557447796
P49760,CLK2,CAL101,NTERA2,-0.9444068752531235
P49760,CLK2,GDC0941,NTERA2,-0.7811891522839537
P49760,CLK2,HS173,NTERA2,0.3906930257530277
P49760,CLK2,PIK294,NTERA2,-0.8657691620018815
P49760,CLK2,TGX221,NTERA2,-0.5198509530728406
P49760,CLK2,CX4945,NTERA2,0.27913184731366397
P49760,CLK2,GO6983,NTERA2,0.6664576380036503
P49760,CLK2,KN93,NTERA2,1.2442047381406547
P49760,CLK2,MK2206,NTERA2,-0.26707478874290563
P49760,CLK2,AZD5438,NTERA2,-0.36361859868238444
P49760,CLK2,FRAX486,NTERA2,0.48215877305531546
P49760,CLK2,Ku0063794,NTERA2,0.6918794464575138
P49760,CLK2,PD153035,NTERA2,-0.45812478763370196
P49760,CLK2,PF3758309,NTERA2,0.7697647256875352
P49760,CLK2,Torin,NTERA2,0.5055317874498754
P49760,CLK2,Trametinib,NTERA2,-0.35971278196964857
P49760,CLK2,AZD1480,NTERA2,-1.5202086936902872
P49760,CLK2,AZD5363,NTERA2,-0.3937420562441174
P49760,CLK2,BX912,NTERA2,-0.72315091831649
P49760,CLK2,CHIR99021,NTERA2,-0.705098782176245
P49760,CLK2,GSK2334470,NTERA2,-1.3875545541778151
P49760,CLK2,Ipatasertib,NTERA2,-2.6546487371235643
P49760,CLK2,LY2090314,NTERA2,-1.6822330485667514
P49760,CLK2,Tofacitinib,NTERA2,-0.726013844666115
P49760,CLK2,AZD8055,NTERA2,1.4760375058023179
P49760,CLK2,GDC0994,NTERA2,0.09578977673984353
P49760,CLK2,JNK,NTERA2,1.254119357175822
P49760,CLK2,LY2584702,NTERA2,0.08085462057816309
P49760,CLK2,PH797804,NTERA2,-0.7838259435641933
P49760,CLK2,Selumetinib,NTERA2,0.3002974005451327
P49760,CLK2,U73122,NTERA2,0.8695613604057181
P49760,CLK2,Ulixertinib,NTERA2,-0.3029715664223018
P49760,CLK2,Amuvatinib,NTERA2,0.6599922866042677
P49760,CLK2,AZD3759,NTERA2,1.1032496916399432
P49760,CLK2,GSK690693,NTERA2,1.3797864298297147
P49760,CLK2,JNJ,NTERA2,-0.07290533836721078
P49760,CLK2,KN62,NTERA2,1.6573540118220191
P49760,CLK2,Linsitinib,NTERA2,-0.1585095804868297
P49760,CLK2,LY2835219,NTERA2,0.5871923896291271
P49760,CLK2,Ribociclib,NTERA2,0.5651179353694309
P49760,CLK2,AC220,NTERA2,-1.4175813151540673
P49760,CLK2,Edelfosine,NTERA2,-0.21161272079520632
P49760,CLK2,GF109203X,NTERA2,-1.870137132137577
P49760,CLK2,Go6976,NTERA2,-3.1835310972707664
P49760,CLK2,PF4708671,NTERA2,-1.7862463235630304
P49760,CLK2,SP600125,NTERA2,-1.6244105606907049
P49760,CLK2,TAK715,NTERA2,-1.5628452347523865
P49760,CLK2,TBCA,NTERA2,-2.0328045990425676
P49760,CLK2,AT13148,NTERA2,-1.3696944691965094
P49760,CLK2,AZ20,NTERA2,1.210684969797171
P49760,CLK2,AZD6738,NTERA2,-1.0657876822115213
P49760,CLK2,Bosutinib,NTERA2,0.603763596129623
P49760,CLK2,Dabrafenib,NTERA2,-1.0217004603638982
P49760,CLK2,Dasatinib,NTERA2,-0.6861732130476484
P49760,CLK2,DNAPK,NTERA2,-1.7149247563741599
P49760,CLK2,H89,NTERA2,-1.6062354847516338
P49760,CLK2,KD025,NTERA2,-1.306691634333229
P49760,CLK2,NU7441,NTERA2,-1.1346401964292328
P49760,CLK2,Ripasudil,NTERA2,0.5149433349112051
P49760,CLK2,Vemurafenib,NTERA2,-0.9765509552402999
Q13557,CAMK2D,AZD6482,NTERA2,4.411586215964204
Q13557,CAMK2D,CAL101,NTERA2,4.785272099853522
Q13557,CAMK2D,GDC0941,NTERA2,3.8299844095123365
Q13557,CAMK2D,HS173,NTERA2,2.30260763850169
Q13557,CAMK2D,PIK294,NTERA2,2.323232495101079
Q13557,CAMK2D,TGX221,NTERA2,2.4560319960659087
Q13557,CAMK2D,CX4945,NTERA2,-0.6833270515043122
Q13557,CAMK2D,GO6983,NTERA2,-0.8653034440458894
Q13557,CAMK2D,KN93,NTERA2,-2.1701972236637235
Q13557,CAMK2D,MK2206,NTERA2,-1.8733943676468838
Q13557,CAMK2D,AZD5438,NTERA2,0.3477702074963689
Q13557,CAMK2D,FRAX486,NTERA2,0.09421594905417849
Q13557,CAMK2D,Ku0063794,NTERA2,0.4524716302200505
Q13557,CAMK2D,PD153035,NTERA2,0.336700385750212
Q13557,CAMK2D,PF3758309,NTERA2,-1.0143666292097957
Q13557,CAMK2D,Torin,NTERA2,-0.05808064611925505
Q13557,CAMK2D,Trametinib,NTERA2,-0.3979925046155107
Q13557,CAMK2D,AZD1480,NTERA2,0.62643839855055
Q13557,CAMK2D,AZD5363,NTERA2,-0.845242522565768
Q13557,CAMK2D,BX912,NTERA2,-0.37349181088346795
Q13557,CAMK2D,CHIR99021,NTERA2,0.15736888635724652
Q13557,CAMK2D,GSK2334470,NTERA2,-0.11525322356252693
Q13557,CAMK2D,Ipatasertib,NTERA2,0.7773783800041187
Q13557,CAMK2D,LY2090314,NTERA2,0.9207650357736032
Q13557,CAMK2D,Tofacitinib,NTERA2,-0.20052056366959475
Q13557,CAMK2D,AZD8055,NTERA2,0.25583823220824237
Q13557,CAMK2D,GDC0994,NTERA2,-0.17418879526423728
Q13557,CAMK2D,JNK,NTERA2,-0.6879306906228484
Q13557,CAMK2D,LY2584702,NTERA2,-0.5683911424086908
Q13557,CAMK2D,PH797804,NTERA2,1.1173363512393146
Q13557,CAMK2D,Selumetinib,NTERA2,1.0127143282073914
Q13557,CAMK2D,U73122,NTERA2,0.9838722974722561
Q13557,CAMK2D,Ulixertinib,NTERA2,-0.3064140081063623
Q13557,CAMK2D,Amuvatinib,NTERA2,-0.2001248531932556
Q13557,CAMK2D,AZD3759,NTERA2,1.961244167363043
Q13557,CAMK2D,GSK690693,NTERA2,2.628380775839911
Q13557,CAMK2D,JNJ,NTERA2,-0.7841901589418768
Q13557,CAMK2D,KN62,NTERA2,0.15666315107865017
Q13557,CAMK2D,Linsitinib,NTERA2,0.920803284563231
Q13557,CAMK2D,LY2835219,NTERA2,-1.7455183724431498
Q13557,CAMK2D,Ribociclib,NTERA2,0.9335610884219161
Q13557,CAMK2D,AC220,NTERA2,-0.6303866644296683
Q13557,CAMK2D,Edelfosine,NTERA2,-0.43450013941355425
Q13557,CAMK2D,GF109203X,NTERA2,2.388594480136309
Q13557,CAMK2D,Go6976,NTERA2,-1.4219195894952124
Q13557,CAMK2D,PF4708671,NTERA2,-0.4693244991886033
Q13557,CAMK2D,SP600125,NTERA2,-1.0196553174025613
Q13557,CAMK2D,TAK715,NTERA2,-0.9374612081191976
Q13557,CAMK2D,TBCA,NTERA2,-1.3598766277261605
Q13557,CAMK2D,AT13148,NTERA2,1.6917851603190566
Q13557,CAMK2D,AZ20,NTERA2,-0.41338125343432713
Q13557,CAMK2D,AZD6738,NTERA2,-0.30584226610084086
Q13557,CAMK2D,Bosutinib,NTERA2,0.9043941877918533
Q13557,CAMK2D,Dabrafenib,NTERA2,0.6946107373480436
Q13557,CAMK2D,Dasatinib,NTERA2,2.060637056178266
Q13557,CAMK2D,DNAPK,NTERA2,0.5699719445594799
Q13557,CAMK2D,H89,NTERA2,0.3690476167477944
Q13557,CAMK2D,KD025,NTERA2,-1.0607496596088462
Q13557,CAMK2D,NU7441,NTERA2,1.7267531839571901
Q13557,CAMK2D,Ripasudil,NTERA2,2.806429113880175
Q13557,CAMK2D,Vemurafenib,NTERA2,1.1700802456628003
Q13554,CAMK2B,AZD6482,NTERA2,-0.7356079760148087
Q13554,CAMK2B,CAL101,NTERA2,-0.5891678411882196
Q13554,CAMK2B,GDC0941,NTERA2,-1.243640576129161
Q13554,CAMK2B,HS173,NTERA2,-1.49389546160664
Q13554,CAMK2B,PIK294,NTERA2,-0.7934153441717765
Q13554,CAMK2B,TGX221,NTERA2,-1.1336202241283466
Q13554,CAMK2B,CX4945,NTERA2,0.13917303683430335
Q13554,CAMK2B,GO6983,NTERA2,0.5186986556048053
Q13554,CAMK2B,KN93,NTERA2,-0.39408490542672764
Q13554,CAMK2B,MK2206,NTERA2,0.9489190412721766
Q13554,CAMK2B,AZD5438,NTERA2,0.25966154555843524
Q13554,CAMK2B,FRAX486,NTERA2,-0.7565352009663933
Q13554,CAMK2B,Ku0063794,NTERA2,-0.1313229909959788
Q13554,CAMK2B,PD153035,NTERA2,0.27589665248847545
Q13554,CAMK2B,PF3758309,NTERA2,-1.0178574946337853
Q13554,CAMK2B,Torin,NTERA2,-0.06173058224096657
Q13554,CAMK2B,Trametinib,NTERA2,-0.07368818138034432
Q13554,CAMK2B,AZD1480,NTERA2,-0.8804481677175369
Q13554,CAMK2B,AZD5363,NTERA2,-1.4488493098438167
Q13554,CAMK2B,BX912,NTERA2,-2.056278530396244
Q13554,CAMK2B,CHIR99021,NTERA2,-1.1755448265591377
Q13554,CAMK2B,GSK2334470,NTERA2,-0.7950324103673683
Q13554,CAMK2B,Ipatasertib,NTERA2,-0.6275777869071272
Q13554,CAMK2B,LY2090314,NTERA2,0.08927452079679957
Q13554,CAMK2B,Tofacitinib,NTERA2,-0.2677792528229372
Q13554,CAMK2B,AZD8055,NTERA2,-0.6068340198266401
Q13554,CAMK2B,GDC0994,NTERA2,-0.46075564312045136
Q13554,CAMK2B,JNK,NTERA2,-0.2891222269676707
Q13554,CAMK2B,LY2584702,NTERA2,-0.5611815673620751
Q13554,CAMK2B,PH797804,NTERA2,0.23060512124824964
Q13554,CAMK2B,Selumetinib,NTERA2,0.0395272299073589
Q13554,CAMK2B,U73122,NTERA2,-0.3872568604412389
Q13554,CAMK2B,Ulixertinib,NTERA2,-0.2986373585201357
Q13554,CAMK2B,Amuvatinib,NTERA2,-0.5483213422734744
Q13554,CAMK2B,AZD3759,NTERA2,-0.39736378436631375
Q13554,CAMK2B,GSK690693,NTERA2,0.5866116439645944
Q13554,CAMK2B,JNJ,NTERA2,-0.24068070533293004
Q13554,CAMK2B,KN62,NTERA2,-0.5115490832991887
Q13554,CAMK2B,Linsitinib,NTERA2,-0.965353775334434
Q13554,CAMK2B,LY2835219,NTERA2,-2.5540973058809886
Q13554,CAMK2B,Ribociclib,NTERA2,-1.7302308648456033
Q13554,CAMK2B,AC220,NTERA2,0.350558396959124
Q13554,CAMK2B,Edelfosine,NTERA2,0.3968281137856352
Q13554,CAMK2B,GF109203X,NTERA2,1.558592640269456
Q13554,CAMK2B,Go6976,NTERA2,-1.1277336611761233
Q13554,CAMK2B,PF4708671,NTERA2,0.28830454918851217
Q13554,CAMK2B,SP600125,NTERA2,0.666486961692729
Q13554,CAMK2B,TAK715,NTERA2,-0.005275269810820291
Q13554,CAMK2B,TBCA,NTERA2,-2.062905632684088
Q13554,CAMK2B,AT13148,NTERA2,0.35858978917772155
Q13554,CAMK2B,AZ20,NTERA2,-1.0476633997940783
Q13554,CAMK2B,AZD6738,NTERA2,-1.7067727543704143
Q13554,CAMK2B,Bosutinib,NTERA2,-0.019515163195958814
Q13554,CAMK2B,Dabrafenib,NTERA2,1.2647596382164559
Q13554,CAMK2B,Dasatinib,NTERA2,-0.1073966560441521
Q13554,CAMK2B,DNAPK,NTERA2,-0.0005187806077018719
Q13554,CAMK2B,H89,NTERA2,0.024838825839158595
Q13554,CAMK2B,KD025,NTERA2,0.676940265400451
Q13554,CAMK2B,NU7441,NTERA2,-0.8640025655128188
Q13554,CAMK2B,Ripasudil,NTERA2,0.44905324455424006
Q13554,CAMK2B,Vemurafenib,NTERA2,-0.1178644429166772
Q5TCY1,TTBK1,AZD6482,NTERA2,1.9583852233506283
Q5TCY1,TTBK1,CAL101,NTERA2,2.006146052211068
Q5TCY1,TTBK1,GDC0941,NTERA2,-1.5455955585641714
Q5TCY1,TTBK1,HS173,NTERA2,-1.5472826673709854
Q5TCY1,TTBK1,PIK294,NTERA2,-2.7154674000750303
Q5TCY1,TTBK1,TGX221,NTERA2,-1.0572093730945107
Q5TCY1,TTBK1,CX4945,NTERA2,0.5788278166550068
Q5TCY1,TTBK1,GO6983,NTERA2,0.41145311903292364
Q5TCY1,TTBK1,KN93,NTERA2,0.7131494096239093
Q5TCY1,TTBK1,MK2206,NTERA2,0.8911589916387179
Q5TCY1,TTBK1,AZD5438,NTERA2,0.5780408998581876
Q5TCY1,TTBK1,FRAX486,NTERA2,-0.08217467678073843
Q5TCY1,TTBK1,Ku0063794,NTERA2,-3.3583637511446187
Q5TCY1,TTBK1,PD153035,NTERA2,-1.4541861591474576
Q5TCY1,TTBK1,PF3758309,NTERA2,0.33507417921873933
Q5TCY1,TTBK1,Torin,NTERA2,-2.8697379889865835
Q5TCY1,TTBK1,Trametinib,NTERA2,-2.069431634108476
Q5TCY1,TTBK1,AZD1480,NTERA2,-1.5616069403313042
Q5TCY1,TTBK1,AZD5363,NTERA2,-1.0771171354532814
Q5TCY1,TTBK1,BX912,NTERA2,0.9598637540946606
Q5TCY1,TTBK1,CHIR99021,NTERA2,0.5031149697020232
Q5TCY1,TTBK1,GSK2334470,NTERA2,-2.082335040531676
Q5TCY1,TTBK1,Ipatasertib,NTERA2,1.4102337960219309
Q5TCY1,TTBK1,LY2090314,NTERA2,0.3417067362284788
Q5TCY1,TTBK1,Tofacitinib,NTERA2,-0.14069926054482204
Q5TCY1,TTBK1,AZD8055,NTERA2,-1.9087567681839608
Q5TCY1,TTBK1,GDC0994,NTERA2,0.030291416529805798
Q5TCY1,TTBK1,JNK,NTERA2,-0.8632217755477792
Q5TCY1,TTBK1,LY2584702,NTERA2,-1.1985725321632148
Q5TCY1,TTBK1,PH797804,NTERA2,-1.307504640242564
Q5TCY1,TTBK1,Selumetinib,NTERA2,-1.476119444708815
Q5TCY1,TTBK1,U73122,NTERA2,-1.6375020311485347
Q5TCY1,TTBK1,Ulixertinib,NTERA2,-1.1089542088395001
Q5TCY1,TTBK1,Amuvatinib,NTERA2,-1.074349870889727
Q5TCY1,TTBK1,AZD3759,NTERA2,-1.5685007022378947
Q5TCY1,TTBK1,GSK690693,NTERA2,-1.043440004657295
Q5TCY1,TTBK1,JNJ,NTERA2,0.3124955213222113
Q5TCY1,TTBK1,KN62,NTERA2,-0.49193801480168503
Q5TCY1,TTBK1,Linsitinib,NTERA2,-0.26442661336743883
Q5TCY1,TTBK1,LY2835219,NTERA2,-1.196977312121965
Q5TCY1,TTBK1,Ribociclib,NTERA2,-0.4540787650233744
Q5TCY1,TTBK1,AC220,NTERA2,0.47700915687155454
Q5TCY1,TTBK1,Edelfosine,NTERA2,1.6824194311944256
Q5TCY1,TTBK1,GF109203X,NTERA2,-0.8994178504994274
Q5TCY1,TTBK1,Go6976,NTERA2,-1.8228782682614246
Q5TCY1,TTBK1,PF4708671,NTERA2,-2.2738849623588635
Q5TCY1,TTBK1,SP600125,NTERA2,2.026920387917309
Q5TCY1,TTBK1,TAK715,NTERA2,1.247867706876279
Q5TCY1,TTBK1,TBCA,NTERA2,1.0861163978479702
Q5TCY1,TTBK1,AT13148,NTERA2,0.2889400978009343
Q5TCY1,TTBK1,AZ20,NTERA2,-0.404548275893497
Q5TCY1,TTBK1,AZD6738,NTERA2,0.970009158076828
Q5TCY1,TTBK1,Bosutinib,NTERA2,0.0466799272285006
Q5TCY1,TTBK1,Dabrafenib,NTERA2,-0.7032027071069605
Q5TCY1,TTBK1,Dasatinib,NTERA2,0.7809271822424088
Q5TCY1,TTBK1,DNAPK,NTERA2,-1.3702521160868455
Q5TCY1,TTBK1,H89,NTERA2,-1.0803404469117348
Q5TCY1,TTBK1,KD025,NTERA2,1.7982448682941117
Q5TCY1,TTBK1,NU7441,NTERA2,-0.15224483353576052
Q5TCY1,TTBK1,Ripasudil,NTERA2,0.6109977331006822
Q5TCY1,TTBK1,Vemurafenib,NTERA2,0.7017881527018787
Q9P0L2,MARK1,AZD6482,NTERA2,0.24659372302958463
Q9P0L2,MARK1,CAL101,NTERA2,-0.19362549034821253
Q9P0L2,MARK1,GDC0941,NTERA2,-0.14252833777143684
Q9P0L2,MARK1,HS173,NTERA2,-1.2263012626749865
Q9P0L2,MARK1,PIK294,NTERA2,0.22992377462278293
Q9P0L2,MARK1,TGX221,NTERA2,-0.0280431418596855
Q9P0L2,MARK1,CX4945,NTERA2,-0.3153838817994657
Q9P0L2,MARK1,GO6983,NTERA2,0.9172915210681424
Q9P0L2,MARK1,KN93,NTERA2,-0.04310597480701565
Q9P0L2,MARK1,MK2206,NTERA2,-0.20334133923600817
Q9P0L2,MARK1,AZD5438,NTERA2,1.1354556333370767
Q9P0L2,MARK1,FRAX486,NTERA2,-0.22103236065872495
Q9P0L2,MARK1,Ku0063794,NTERA2,0.5087201293733727
Q9P0L2,MARK1,PD153035,NTERA2,0.28980525500226656
Q9P0L2,MARK1,PF3758309,NTERA2,-2.6460676327774495
Q9P0L2,MARK1,Torin,NTERA2,-0.6895881288651308
Q9P0L2,MARK1,Trametinib,NTERA2,0.4032219548638003
Q9P0L2,MARK1,AZD1480,NTERA2,0.5806487316318244
Q9P0L2,MARK1,AZD5363,NTERA2,0.04880250485990481
Q9P0L2,MARK1,BX912,NTERA2,-1.1667385198316536
Q9P0L2,MARK1,CHIR99021,NTERA2,-0.30884282849245376
Q9P0L2,MARK1,GSK2334470,NTERA2,0.4956635671080866
Q9P0L2,MARK1,Ipatasertib,NTERA2,0.30622780650169956
Q9P0L2,MARK1,LY2090314,NTERA2,1.031543852654458
Q9P0L2,MARK1,Tofacitinib,NTERA2,-0.249785107383655
Q9P0L2,MARK1,AZD8055,NTERA2,0.6004534804363968
Q9P0L2,MARK1,GDC0994,NTERA2,-0.31769482435671736
Q9P0L2,MARK1,JNK,NTERA2,0.2801307404136707
Q9P0L2,MARK1,LY2584702,NTERA2,0.8645476041711933
Q9P0L2,MARK1,PH797804,NTERA2,0.023027553461578785
Q9P0L2,MARK1,Selumetinib,NTERA2,-0.2682048236508251
Q9P0L2,MARK1,U73122,NTERA2,0.5560891901173065
Q9P0L2,MARK1,Ulixertinib,NTERA2,0.22016118819001018
Q9P0L2,MARK1,Amuvatinib,NTERA2,0.14802839124903397
Q9P0L2,MARK1,AZD3759,NTERA2,-0.6448544293468323
Q9P0L2,MARK1,GSK690693,NTERA2,-0.27307989278012573
Q9P0L2,MARK1,JNJ,NTERA2,-0.18498510125502163
Q9P0L2,MARK1,KN62,NTERA2,-0.4886199396931256
Q9P0L2,MARK1,Linsitinib,NTERA2,-0.42917279147460313
Q9P0L2,MARK1,LY2835219,NTERA2,0.5667527320272379
Q9P0L2,MARK1,Ribociclib,NTERA2,0.18638828061813348
Q9P0L2,MARK1,AC220,NTERA2,-0.2652432380916366
Q9P0L2,MARK1,Edelfosine,NTERA2,-0.8099332197724537
Q9P0L2,MARK1,GF109203X,NTERA2,0.6520650801673618
Q9P0L2,MARK1,Go6976,NTERA2,-0.0882874172636528
Q9P0L2,MARK1,PF4708671,NTERA2,-0.4071110822477813
Q9P0L2,MARK1,SP600125,NTERA2,-0.232191767177448
Q9P0L2,MARK1,TAK715,NTERA2,-0.3083002563400857
Q9P0L2,MARK1,TBCA,NTERA2,-1.8131961744148342
Q9P0L2,MARK1,AT13148,NTERA2,1.0572572324826677
Q9P0L2,MARK1,AZ20,NTERA2,-0.16299850379981232
Q9P0L2,MARK1,AZD6738,NTERA2,-0.44743292614439445
Q9P0L2,MARK1,Bosutinib,NTERA2,-0.5055988223198467
Q9P0L2,MARK1,Dabrafenib,NTERA2,0.8282948124153631
Q9P0L2,MARK1,Dasatinib,NTERA2,-0.4678093688352246
Q9P0L2,MARK1,DNAPK,NTERA2,0.6842834025848087
Q9P0L2,MARK1,H89,NTERA2,0.24410714255599825
Q9P0L2,MARK1,KD025,NTERA2,-0.6024035125044346
Q9P0L2,MARK1,NU7441,NTERA2,-0.3296384237927148
Q9P0L2,MARK1,Ripasudil,NTERA2,-0.40166087052119703
Q9P0L2,MARK1,Vemurafenib,NTERA2,0.12942311784083022
O75676,RPS6KA4,AC220,NTERA2,-0.27285403223866833
O75676,RPS6KA4,AT13148,NTERA2,-0.922393848132613
O75676,RPS6KA4,AZ20,NTERA2,-2.212750175054907
O75676,RPS6KA4,AZD1480,NTERA2,0.3579134878778895
O75676,RPS6KA4,AZD3759,NTERA2,0.392724390185297
O75676,RPS6KA4,AZD5363,NTERA2,0.3012320093944458
O75676,RPS6KA4,AZD5438,NTERA2,0.6324604801816277
O75676,RPS6KA4,AZD6482,NTERA2,1.2707399667996864
O75676,RPS6KA4,AZD6738,NTERA2,-1.7116153816704767
O75676,RPS6KA4,AZD8055,NTERA2,-2.8016641509689237
O75676,RPS6KA4,Amuvatinib,NTERA2,-0.04654635561391296
O75676,RPS6KA4,BX912,NTERA2,0.19778439387929478
O75676,RPS6KA4,Bosutinib,NTERA2,-1.2964490474251424
O75676,RPS6KA4,CAL101,NTERA2,0.10183841269140084
O75676,RPS6KA4,CHIR99021,NTERA2,0.8170667969692316
O75676,RPS6KA4,CX4945,NTERA2,0.03701354223744497
O75676,RPS6KA4,DNAPK,NTERA2,-0.32723363751323187
O75676,RPS6KA4,Dabrafenib,NTERA2,0.15227457920734902
O75676,RPS6KA4,Dasatinib,NTERA2,-0.10602195779865964
O75676,RPS6KA4,Edelfosine,NTERA2,0.7447111426269821
O75676,RPS6KA4,FRAX486,NTERA2,-1.5477228705873605
O75676,RPS6KA4,GDC0941,NTERA2,-1.894798216283736
O75676,RPS6KA4,GDC0994,NTERA2,0.7654631139134822
O75676,RPS6KA4,GF109203X,NTERA2,0.211353679096894
O75676,RPS6KA4,GO6983,NTERA2,-0.1800781051555887
O75676,RPS6KA4,GSK2334470,NTERA2,-0.6299659547052012
O75676,RPS6KA4,GSK690693,NTERA2,0.3300352124614089
O75676,RPS6KA4,Go6976,NTERA2,-0.5417241082864901
O75676,RPS6KA4,H89,NTERA2,-0.45659503739693574
O75676,RPS6KA4,HS173,NTERA2,0.08344799496376415
O75676,RPS6KA4,Ipatasertib,NTERA2,1.5693355421493342
O75676,RPS6KA4,JNJ,NTERA2,0.8619128371770585
O75676,RPS6KA4,JNK,NTERA2,0.7254655932314283
O75676,RPS6KA4,KD025,NTERA2,0.7995011620913968
O75676,RPS6KA4,KN62,NTERA2,1.0126211804741618
O75676,RPS6KA4,KN93,NTERA2,0.47515225550383744
O75676,RPS6KA4,Ku0063794,NTERA2,-3.962200899862771
O75676,RPS6KA4,LY2090314,NTERA2,1.39282897808095
O75676,RPS6KA4,LY2584702,NTERA2,0.3417036157652784
O75676,RPS6KA4,LY2835219,NTERA2,0.3093943183699557
O75676,RPS6KA4,Linsitinib,NTERA2,-0.8448100714472869
O75676,RPS6KA4,MK2206,NTERA2,0.6534459252279633
O75676,RPS6KA4,NU7441,NTERA2,-0.010956265700150037
O75676,RPS6KA4,PD153035,NTERA2,-0.5010693959623606
O75676,RPS6KA4,PF3758309,NTERA2,-2.934437325078403
O75676,RPS6KA4,PF4708671,NTERA2,0.25145637804680415
O75676,RPS6KA4,PH797804,NTERA2,-0.009381119433389196
O75676,RPS6KA4,PIK294,NTERA2,1.134828168186419
O75676,RPS6KA4,Ribociclib,NTERA2,0.5489726377986714
O75676,RPS6KA4,Ripasudil,NTERA2,-0.9949065341464928
O75676,RPS6KA4,SP600125,NTERA2,0.17040564236821348
O75676,RPS6KA4,Selumetinib,NTERA2,0.5419783862347682
O75676,RPS6KA4,TAK715,NTERA2,0.8213310572164273
O75676,RPS6KA4,TBCA,NTERA2,-0.31064866099405936
O75676,RPS6KA4,TGX221,NTERA2,0.7071318405948643
O75676,RPS6KA4,Tofacitinib,NTERA2,1.5391121684038351
O75676,RPS6KA4,Torin,NTERA2,-3.5760289741566815
O75676,RPS6KA4,Trametinib,NTERA2,-2.0172646449791034
O75676,RPS6KA4,U73122,NTERA2,0.6327651816095495
O75676,RPS6KA4,Ulixertinib,NTERA2,1.8299457232992022
O75676,RPS6KA4,Vemurafenib,NTERA2,0.23971297823684962
Q9NRM7,LATS2,AZD6482,NTERA2,0.8895942035840632
Q9NRM7,LATS2,CAL101,NTERA2,0.3197635962388032
Q9NRM7,LATS2,GDC0941,NTERA2,-0.21455193567586145
Q9NRM7,LATS2,HS173,NTERA2,0.8638864827978009
Q9NRM7,LATS2,PIK294,NTERA2,0.3529814673980969
Q9NRM7,LATS2,TGX221,NTERA2,0.2950195630305322
Q9NRM7,LATS2,CX4945,NTERA2,0.44123273835654214
Q9NRM7,LATS2,GO6983,NTERA2,0.19662785258811533
Q9NRM7,LATS2,KN93,NTERA2,-0.3359391641707631
Q9NRM7,LATS2,MK2206,NTERA2,0.5770409235572809
Q9NRM7,LATS2,AZD5438,NTERA2,-1.3050593429212045
Q9NRM7,LATS2,FRAX486,NTERA2,0.028692155273134803
Q9NRM7,LATS2,Ku0063794,NTERA2,-0.5933542671921643
Q9NRM7,LATS2,PD153035,NTERA2,-1.6394787155503623
Q9NRM7,LATS2,PF3758309,NTERA2,-1.1649989867885377
Q9NRM7,LATS2,Torin,NTERA2,-0.49701526390312384
Q9NRM7,LATS2,Trametinib,NTERA2,-0.47017628142227985
Q9NRM7,LATS2,AZD1480,NTERA2,1.1263720782213589
Q9NRM7,LATS2,AZD5363,NTERA2,0.03672806208202867
Q9NRM7,LATS2,BX912,NTERA2,0.35087929064019463
Q9NRM7,LATS2,CHIR99021,NTERA2,1.0486885536282358
Q9NRM7,LATS2,GSK2334470,NTERA2,0.40080441693481283
Q9NRM7,LATS2,Ipatasertib,NTERA2,1.2239578448270125
Q9NRM7,LATS2,LY2090314,NTERA2,0.8401896557583234
Q9NRM7,LATS2,Tofacitinib,NTERA2,0.6174733403892603
Q9NRM7,LATS2,AZD8055,NTERA2,0.7994483554516025
Q9NRM7,LATS2,GDC0994,NTERA2,0.7364348727276878
Q9NRM7,LATS2,JNK,NTERA2,1.100957484608422
Q9NRM7,LATS2,LY2584702,NTERA2,0.7299422538550617
Q9NRM7,LATS2,PH797804,NTERA2,-0.5601553364127008
Q9NRM7,LATS2,Selumetinib,NTERA2,0.033499569327786416
Q9NRM7,LATS2,U73122,NTERA2,0.5652046261614292
Q9NRM7,LATS2,Ulixertinib,NTERA2,-0.0454178360643972
Q9NRM7,LATS2,Amuvatinib,NTERA2,0.4651584708732145
Q9NRM7,LATS2,AZD3759,NTERA2,1.5808265002011173
Q9NRM7,LATS2,GSK690693,NTERA2,-1.5825259755284433
Q9NRM7,LATS2,JNJ,NTERA2,2.5590921937285103
Q9NRM7,LATS2,KN62,NTERA2,0.5501027036131
Q9NRM7,LATS2,Linsitinib,NTERA2,1.6073295023371716
Q9NRM7,LATS2,LY2835219,NTERA2,0.39409913093575055
Q9NRM7,LATS2,Ribociclib,NTERA2,-0.4335392087914739
Q9NRM7,LATS2,AC220,NTERA2,-0.466457329467436
Q9NRM7,LATS2,Edelfosine,NTERA2,1.39928967648836
Q9NRM7,LATS2,GF109203X,NTERA2,-0.3258610552565713
Q9NRM7,LATS2,Go6976,NTERA2,-1.4063518348880903
Q9NRM7,LATS2,PF4708671,NTERA2,0.5739181837930936
Q9NRM7,LATS2,SP600125,NTERA2,-1.5899703542833576
Q9NRM7,LATS2,TAK715,NTERA2,-0.45295303395318925
Q9NRM7,LATS2,TBCA,NTERA2,-1.6127421051271882
Q9NRM7,LATS2,AT13148,NTERA2,-1.109563720967182
Q9NRM7,LATS2,AZ20,NTERA2,0.051960863519377724
Q9NRM7,LATS2,AZD6738,NTERA2,-0.2350110108195497
Q9NRM7,LATS2,Bosutinib,NTERA2,-2.27011169775862
Q9NRM7,LATS2,Dabrafenib,NTERA2,-0.6968189804911832
Q9NRM7,LATS2,Dasatinib,NTERA2,0.5826694619166775
Q9NRM7,LATS2,DNAPK,NTERA2,-0.9003579835148364
Q9NRM7,LATS2,H89,NTERA2,-0.7797518002555556
Q9NRM7,LATS2,KD025,NTERA2,-1.5778687410222827
Q9NRM7,LATS2,NU7441,NTERA2,0.08678967209594501
Q9NRM7,LATS2,Ripasudil,NTERA2,-0.17279902742871978
Q9NRM7,LATS2,Vemurafenib,NTERA2,-1.3312995839839479
O95835,LATS1,AZD6482,NTERA2,0.877153945444476
O95835,LATS1,CAL101,NTERA2,0.13627927720011285
O95835,LATS1,GDC0941,NTERA2,-0.4183402050180412
O95835,LATS1,HS173,NTERA2,0.18387485602592885
O95835,LATS1,PIK294,NTERA2,0.0640124909159365
O95835,LATS1,TGX221,NTERA2,0.3616727590339723
O95835,LATS1,CX4945,NTERA2,-0.5788409319051111
O95835,LATS1,GO6983,NTERA2,0.1025871449631905
O95835,LATS1,KN93,NTERA2,-0.7192278503207364
O95835,LATS1,MK2206,NTERA2,0.17917042144650971
O95835,LATS1,AZD5438,NTERA2,-0.05208045934960593
O95835,LATS1,FRAX486,NTERA2,0.09466560286776175
O95835,LATS1,Ku0063794,NTERA2,0.11728383164540644
O95835,LATS1,PD153035,NTERA2,-1.0707926181919443
O95835,LATS1,PF3758309,NTERA2,-0.724395650843866
O95835,LATS1,Torin,NTERA2,-0.2904129025121971
O95835,LATS1,Trametinib,NTERA2,-0.09323412165744682
O95835,LATS1,AZD1480,NTERA2,1.2768209612005037
O95835,LATS1,AZD5363,NTERA2,0.18462093963063533
O95835,LATS1,BX912,NTERA2,0.23774940025500924
O95835,LATS1,CHIR99021,NTERA2,0.7317150558636496
O95835,LATS1,GSK2334470,NTERA2,0.8240432423296015
O95835,LATS1,Ipatasertib,NTERA2,0.7888166020413132
O95835,LATS1,LY2090314,NTERA2,0.7893374953138033
O95835,LATS1,Tofacitinib,NTERA2,0.190401802464899
O95835,LATS1,AZD8055,NTERA2,0.3955251396830326
O95835,LATS1,GDC0994,NTERA2,0.5966393190200762
O95835,LATS1,JNK,NTERA2,1.003221483630538
O95835,LATS1,LY2584702,NTERA2,0.6165368609394906
O95835,LATS1,PH797804,NTERA2,-0.6309589213068189
O95835,LATS1,Selumetinib,NTERA2,-0.01535795250372668
O95835,LATS1,U73122,NTERA2,0.3004839606448669
O95835,LATS1,Ulixertinib,NTERA2,0.19450803145626763
O95835,LATS1,Amuvatinib,NTERA2,0.757154943907494
O95835,LATS1,AZD3759,NTERA2,1.6952383993588531
O95835,LATS1,GSK690693,NTERA2,-0.9637732953134911
O95835,LATS1,JNJ,NTERA2,2.223619691675723
O95835,LATS1,KN62,NTERA2,0.8344846989193797
O95835,LATS1,Linsitinib,NTERA2,1.6985585051817698
O95835,LATS1,LY2835219,NTERA2,0.771372275323609
O95835,LATS1,Ribociclib,NTERA2,0.06415413746237109
O95835,LATS1,AC220,NTERA2,-0.18296029489417492
O95835,LATS1,Edelfosine,NTERA2,1.2648025365687239
O95835,LATS1,GF109203X,NTERA2,-0.706379140334387
O95835,LATS1,Go6976,NTERA2,-1.4435407390873167
O95835,LATS1,PF4708671,NTERA2,0.47356339814782306
O95835,LATS1,SP600125,NTERA2,-0.7699970833574067
O95835,LATS1,TAK715,NTERA2,-0.2037416042563577
O95835,LATS1,TBCA,NTERA2,-1.4046088120979803
O95835,LATS1,AT13148,NTERA2,-1.7275419561393253
O95835,LATS1,AZ20,NTERA2,-0.15703838380688595
O95835,LATS1,AZD6738,NTERA2,-0.465958667444292
O95835,LATS1,Bosutinib,NTERA2,-2.229337956880429
O95835,LATS1,Dabrafenib,NTERA2,-0.23491996455497474
O95835,LATS1,Dasatinib,NTERA2,-0.006432458189528845
O95835,LATS1,DNAPK,NTERA2,-0.687872105998341
O95835,LATS1,H89,NTERA2,-1.0975959366816033
O95835,LATS1,KD025,NTERA2,-0.8605736827454314
O95835,LATS1,NU7441,NTERA2,0.020149205785471008
O95835,LATS1,Ripasudil,NTERA2,-0.05901151390119077
O95835,LATS1,Vemurafenib,NTERA2,-0.9849384342366976
Q96RR4,CAMKK2,AZD6482,NTERA2,-0.5481618245183065
Q96RR4,CAMKK2,CAL101,NTERA2,0.09654718431010384
Q96RR4,CAMKK2,GDC0941,NTERA2,0.5313714830326308
Q96RR4,CAMKK2,HS173,NTERA2,-1.167043887752324
Q96RR4,CAMKK2,PIK294,NTERA2,1.9688434278823275
Q96RR4,CAMKK2,TGX221,NTERA2,-0.0266738433593084
Q96RR4,CAMKK2,CX4945,NTERA2,-0.49493885477601396
Q96RR4,CAMKK2,GO6983,NTERA2,0.4138857460311372
Q96RR4,CAMKK2,KN93,NTERA2,0.26262605821698526
Q96RR4,CAMKK2,MK2206,NTERA2,0.043712480120920216
Q96RR4,CAMKK2,AZD5438,NTERA2,0.5821513007638152
Q96RR4,CAMKK2,FRAX486,NTERA2,0.09477989320734218
Q96RR4,CAMKK2,Ku0063794,NTERA2,-0.30568460747245096
Q96RR4,CAMKK2,PD153035,NTERA2,0.21151518758368001
Q96RR4,CAMKK2,PF3758309,NTERA2,-0.8243247943310491
Q96RR4,CAMKK2,Torin,NTERA2,-0.3470390301086209
Q96RR4,CAMKK2,Trametinib,NTERA2,0.3699287151805298
Q96RR4,CAMKK2,AZD1480,NTERA2,0.4664441203156308
Q96RR4,CAMKK2,AZD5363,NTERA2,0.38393836403765624
Q96RR4,CAMKK2,BX912,NTERA2,-0.12519266868741097
Q96RR4,CAMKK2,CHIR99021,NTERA2,-0.2900748943834685
Q96RR4,CAMKK2,GSK2334470,NTERA2,-0.5565115603051936
Q96RR4,CAMKK2,Ipatasertib,NTERA2,-0.921351867482584
Q96RR4,CAMKK2,LY2090314,NTERA2,0.9815033829696782
Q96RR4,CAMKK2,Tofacitinib,NTERA2,-0.4912850207386941
Q96RR4,CAMKK2,AZD8055,NTERA2,0.1810506387012027
Q96RR4,CAMKK2,GDC0994,NTERA2,0.5349055768471137
Q96RR4,CAMKK2,JNK,NTERA2,0.2660590995177999
Q96RR4,CAMKK2,LY2584702,NTERA2,0.6695375384908606
Q96RR4,CAMKK2,PH797804,NTERA2,0.08017875862777754
Q96RR4,CAMKK2,Selumetinib,NTERA2,0.08325165004951851
Q96RR4,CAMKK2,U73122,NTERA2,-0.06850688409691295
Q96RR4,CAMKK2,Ulixertinib,NTERA2,0.3664013335870075
Q96RR4,CAMKK2,Amuvatinib,NTERA2,0.13408805460503517
Q96RR4,CAMKK2,AZD3759,NTERA2,-0.8954140356802288
Q96RR4,CAMKK2,GSK690693,NTERA2,0.2841777927967457
Q96RR4,CAMKK2,JNJ,NTERA2,0.7504758450953984
Q96RR4,CAMKK2,KN62,NTERA2,0.12710556062350567
Q96RR4,CAMKK2,Linsitinib,NTERA2,0.47841702635866706
Q96RR4,CAMKK2,LY2835219,NTERA2,-1.1471956863514368
Q96RR4,CAMKK2,Ribociclib,NTERA2,-0.5413482018670244
Q96RR4,CAMKK2,AC220,NTERA2,-0.06080114809119096
Q96RR4,CAMKK2,Edelfosine,NTERA2,-0.1501506644180021
Q96RR4,CAMKK2,GF109203X,NTERA2,0.2436808737612237
Q96RR4,CAMKK2,Go6976,NTERA2,0.08176163680614396
Q96RR4,CAMKK2,PF4708671,NTERA2,-0.10602493665790685
Q96RR4,CAMKK2,SP600125,NTERA2,0.09686583182066119
Q96RR4,CAMKK2,TAK715,NTERA2,-0.291651489311474
Q96RR4,CAMKK2,TBCA,NTERA2,0.9419049225984251
Q96RR4,CAMKK2,AT13148,NTERA2,-0.7985215945091328
Q96RR4,CAMKK2,AZ20,NTERA2,-0.5450106213260822
Q96RR4,CAMKK2,AZD6738,NTERA2,-0.4297069654583974
Q96RR4,CAMKK2,Bosutinib,NTERA2,-0.7667058356141575
Q96RR4,CAMKK2,Dabrafenib,NTERA2,-0.6033207102772382
Q96RR4,CAMKK2,Dasatinib,NTERA2,-1.1640159958843483
Q96RR4,CAMKK2,DNAPK,NTERA2,-0.4482659274381307
Q96RR4,CAMKK2,H89,NTERA2,-0.7044811806262797
Q96RR4,CAMKK2,KD025,NTERA2,-0.23163577227974014
Q96RR4,CAMKK2,NU7441,NTERA2,-0.6951467313390722
Q96RR4,CAMKK2,Ripasudil,NTERA2,-0.9258774498765686
Q96RR4,CAMKK2,Vemurafenib,NTERA2,-0.9773699844449091
Q99640,PKMYT1,AZD6482,NTERA2,-0.1595431448084644
Q99640,PKMYT1,CAL101,NTERA2,0.6703311300039253
Q99640,PKMYT1,GDC0941,NTERA2,0.035200723199678194
Q99640,PKMYT1,HS173,NTERA2,-0.2676753942028559
Q99640,PKMYT1,PIK294,NTERA2,-0.7152261748491839
Q99640,PKMYT1,TGX221,NTERA2,0.4676188986396213
Q99640,PKMYT1,CX4945,NTERA2,-1.514874068136216
Q99640,PKMYT1,GO6983,NTERA2,-1.1282090541800531
Q99640,PKMYT1,KN93,NTERA2,-1.8061529517618227
Q99640,PKMYT1,MK2206,NTERA2,-1.4428925330534932
Q99640,PKMYT1,AZD5438,NTERA2,1.0649875813527068
Q99640,PKMYT1,FRAX486,NTERA2,0.8532799858817927
Q99640,PKMYT1,Ku0063794,NTERA2,-0.5113375432299122
Q99640,PKMYT1,PD153035,NTERA2,0.009927705676146616
Q99640,PKMYT1,PF3758309,NTERA2,0.24579991227709733
Q99640,PKMYT1,Torin,NTERA2,-0.5551380622134418
Q99640,PKMYT1,Trametinib,NTERA2,-0.0433082286281938
Q99640,PKMYT1,AZD1480,NTERA2,0.7482137069302055
Q99640,PKMYT1,AZD5363,NTERA2,0.7708773912953143
Q99640,PKMYT1,BX912,NTERA2,0.15373586878206905
Q99640,PKMYT1,CHIR99021,NTERA2,-0.15556294469682855
Q99640,PKMYT1,GSK2334470,NTERA2,-0.14383618273674564
Q99640,PKMYT1,Ipatasertib,NTERA2,0.1120007553748202
Q99640,PKMYT1,LY2090314,NTERA2,0.06024092629605383
Q99640,PKMYT1,Tofacitinib,NTERA2,-0.1711720835808417
Q99640,PKMYT1,AZD8055,NTERA2,-0.6557925302273718
Q99640,PKMYT1,GDC0994,NTERA2,0.6576979089859014
Q99640,PKMYT1,JNK,NTERA2,0.4505782843021432
Q99640,PKMYT1,LY2584702,NTERA2,0.6316668136645016
Q99640,PKMYT1,PH797804,NTERA2,0.7001478623293403
Q99640,PKMYT1,Selumetinib,NTERA2,0.10954058438766645
Q99640,PKMYT1,U73122,NTERA2,0.15385348431061613
Q99640,PKMYT1,Ulixertinib,NTERA2,0.843212159550752
Q99640,PKMYT1,Amuvatinib,NTERA2,0.21391788158892008
Q99640,PKMYT1,AZD3759,NTERA2,-0.6357368366854224
Q99640,PKMYT1,GSK690693,NTERA2,-0.15845412671737213
Q99640,PKMYT1,JNJ,NTERA2,0.09717491439892158
Q99640,PKMYT1,KN62,NTERA2,-0.4895992065662309
Q99640,PKMYT1,Linsitinib,NTERA2,-0.3114826892663448
Q99640,PKMYT1,LY2835219,NTERA2,-0.5571233131707352
Q99640,PKMYT1,Ribociclib,NTERA2,-0.0601074288545233
Q99640,PKMYT1,AC220,NTERA2,-0.7039755633159004
Q99640,PKMYT1,Edelfosine,NTERA2,-0.4104748317347989
Q99640,PKMYT1,GF109203X,NTERA2,0.3696281593757629
Q99640,PKMYT1,Go6976,NTERA2,-1.7446023464405502
Q99640,PKMYT1,PF4708671,NTERA2,0.6678700704368077
Q99640,PKMYT1,SP600125,NTERA2,-0.4426799319469017
Q99640,PKMYT1,TAK715,NTERA2,-0.5113379907230541
Q99640,PKMYT1,TBCA,NTERA2,-1.1894150120434612
Q99640,PKMYT1,AT13148,NTERA2,0.496981347198138
Q99640,PKMYT1,AZ20,NTERA2,-0.5294814692360029
Q99640,PKMYT1,AZD6738,NTERA2,-0.7331649168015388
Q99640,PKMYT1,Bosutinib,NTERA2,0.4205726167725114
Q99640,PKMYT1,Dabrafenib,NTERA2,0.5220672391296697
Q99640,PKMYT1,Dasatinib,NTERA2,1.269019199559521
Q99640,PKMYT1,DNAPK,NTERA2,1.6838004837222844
Q99640,PKMYT1,H89,NTERA2,0.6776244811194786
Q99640,PKMYT1,KD025,NTERA2,2.1684390085578684
Q99640,PKMYT1,NU7441,NTERA2,0.32522005369138857
Q99640,PKMYT1,Ripasudil,NTERA2,-0.25242893216636214
Q99640,PKMYT1,Vemurafenib,NTERA2,0.17077636713986113
Q9NYL2,MAP3K20,AZD6482,NTERA2,
Q9NYL2,MAP3K20,CAL101,NTERA2,
Q9NYL2,MAP3K20,GDC0941,NTERA2,
Q9NYL2,MAP3K20,HS173,NTERA2,
Q9NYL2,MAP3K20,PIK294,NTERA2,
Q9NYL2,MAP3K20,TGX221,NTERA2,
Q9NYL2,MAP3K20,CX4945,NTERA2,
Q9NYL2,MAP3K20,GO6983,NTERA2,
Q9NYL2,MAP3K20,KN93,NTERA2,
Q9NYL2,MAP3K20,MK2206,NTERA2,
Q9NYL2,MAP3K20,AZD5438,NTERA2,
Q9NYL2,MAP3K20,FRAX486,NTERA2,
Q9NYL2,MAP3K20,Ku0063794,NTERA2,
Q9NYL2,MAP3K20,PD153035,NTERA2,
Q9NYL2,MAP3K20,PF3758309,NTERA2,
Q9NYL2,MAP3K20,Torin,NTERA2,
Q9NYL2,MAP3K20,Trametinib,NTERA2,
Q9NYL2,MAP3K20,AZD1480,NTERA2,
Q9NYL2,MAP3K20,AZD5363,NTERA2,
Q9NYL2,MAP3K20,BX912,NTERA2,
Q9NYL2,MAP3K20,CHIR99021,NTERA2,
Q9NYL2,MAP3K20,GSK2334470,NTERA2,
Q9NYL2,MAP3K20,Ipatasertib,NTERA2,
Q9NYL2,MAP3K20,LY2090314,NTERA2,
Q9NYL2,MAP3K20,Tofacitinib,NTERA2,
Q9NYL2,MAP3K20,AZD8055,NTERA2,
Q9NYL2,MAP3K20,GDC0994,NTERA2,
Q9NYL2,MAP3K20,JNK,NTERA2,
Q9NYL2,MAP3K20,LY2584702,NTERA2,
Q9NYL2,MAP3K20,PH797804,NTERA2,
Q9NYL2,MAP3K20,Selumetinib,NTERA2,
Q9NYL2,MAP3K20,U73122,NTERA2,
Q9NYL2,MAP3K20,Ulixertinib,NTERA2,
Q9NYL2,MAP3K20,Amuvatinib,NTERA2,
Q9NYL2,MAP3K20,AZD3759,NTERA2,
Q9NYL2,MAP3K20,GSK690693,NTERA2,
Q9NYL2,MAP3K20,JNJ,NTERA2,
Q9NYL2,MAP3K20,KN62,NTERA2,
Q9NYL2,MAP3K20,Linsitinib,NTERA2,
Q9NYL2,MAP3K20,LY2835219,NTERA2,
Q9NYL2,MAP3K20,Ribociclib,NTERA2,
Q9NYL2,MAP3K20,AC220,NTERA2,
Q9NYL2,MAP3K20,Edelfosine,NTERA2,
Q9NYL2,MAP3K20,GF109203X,NTERA2,
Q9NYL2,MAP3K20,Go6976,NTERA2,
Q9NYL2,MAP3K20,PF4708671,NTERA2,
Q9NYL2,MAP3K20,SP600125,NTERA2,
Q9NYL2,MAP3K20,TAK715,NTERA2,
Q9NYL2,MAP3K20,TBCA,NTERA2,
Q9NYL2,MAP3K20,AT13148,NTERA2,
Q9NYL2,MAP3K20,AZ20,NTERA2,
Q9NYL2,MAP3K20,AZD6738,NTERA2,
Q9NYL2,MAP3K20,Bosutinib,NTERA2,
Q9NYL2,MAP3K20,Dabrafenib,NTERA2,
Q9NYL2,MAP3K20,Dasatinib,NTERA2,
Q9NYL2,MAP3K20,DNAPK,NTERA2,
Q9NYL2,MAP3K20,H89,NTERA2,
Q9NYL2,MAP3K20,KD025,NTERA2,
Q9NYL2,MAP3K20,NU7441,NTERA2,
Q9NYL2,MAP3K20,Ripasudil,NTERA2,
Q9NYL2,MAP3K20,Vemurafenib,NTERA2,
Q7L7X3,TAOK1,AZD6482,NTERA2,
Q7L7X3,TAOK1,CAL101,NTERA2,
Q7L7X3,TAOK1,GDC0941,NTERA2,
Q7L7X3,TAOK1,HS173,NTERA2,
Q7L7X3,TAOK1,PIK294,NTERA2,
Q7L7X3,TAOK1,TGX221,NTERA2,
Q7L7X3,TAOK1,CX4945,NTERA2,
Q7L7X3,TAOK1,GO6983,NTERA2,
Q7L7X3,TAOK1,KN93,NTERA2,
Q7L7X3,TAOK1,MK2206,NTERA2,
Q7L7X3,TAOK1,AZD5438,NTERA2,
Q7L7X3,TAOK1,FRAX486,NTERA2,
Q7L7X3,TAOK1,Ku0063794,NTERA2,
Q7L7X3,TAOK1,PD153035,NTERA2,
Q7L7X3,TAOK1,PF3758309,NTERA2,
Q7L7X3,TAOK1,Torin,NTERA2,
Q7L7X3,TAOK1,Trametinib,NTERA2,
Q7L7X3,TAOK1,AZD1480,NTERA2,
Q7L7X3,TAOK1,AZD5363,NTERA2,
Q7L7X3,TAOK1,BX912,NTERA2,
Q7L7X3,TAOK1,CHIR99021,NTERA2,
Q7L7X3,TAOK1,GSK2334470,NTERA2,
Q7L7X3,TAOK1,Ipatasertib,NTERA2,
Q7L7X3,TAOK1,LY2090314,NTERA2,
Q7L7X3,TAOK1,Tofacitinib,NTERA2,
Q7L7X3,TAOK1,AZD8055,NTERA2,
Q7L7X3,TAOK1,GDC0994,NTERA2,
Q7L7X3,TAOK1,JNK,NTERA2,
Q7L7X3,TAOK1,LY2584702,NTERA2,
Q7L7X3,TAOK1,PH797804,NTERA2,
Q7L7X3,TAOK1,Selumetinib,NTERA2,
Q7L7X3,TAOK1,U73122,NTERA2,
Q7L7X3,TAOK1,Ulixertinib,NTERA2,
Q7L7X3,TAOK1,Amuvatinib,NTERA2,
Q7L7X3,TAOK1,AZD3759,NTERA2,
Q7L7X3,TAOK1,GSK690693,NTERA2,
Q7L7X3,TAOK1,JNJ,NTERA2,
Q7L7X3,TAOK1,KN62,NTERA2,
Q7L7X3,TAOK1,Linsitinib,NTERA2,
Q7L7X3,TAOK1,LY2835219,NTERA2,
Q7L7X3,TAOK1,Ribociclib,NTERA2,
Q7L7X3,TAOK1,AC220,NTERA2,
Q7L7X3,TAOK1,Edelfosine,NTERA2,
Q7L7X3,TAOK1,GF109203X,NTERA2,
Q7L7X3,TAOK1,Go6976,NTERA2,
Q7L7X3,TAOK1,PF4708671,NTERA2,
Q7L7X3,TAOK1,SP600125,NTERA2,
Q7L7X3,TAOK1,TAK715,NTERA2,
Q7L7X3,TAOK1,TBCA,NTERA2,
Q7L7X3,TAOK1,AT13148,NTERA2,
Q7L7X3,TAOK1,AZ20,NTERA2,
Q7L7X3,TAOK1,AZD6738,NTERA2,
Q7L7X3,TAOK1,Bosutinib,NTERA2,
Q7L7X3,TAOK1,Dabrafenib,NTERA2,
Q7L7X3,TAOK1,Dasatinib,NTERA2,
Q7L7X3,TAOK1,DNAPK,NTERA2,
Q7L7X3,TAOK1,H89,NTERA2,
Q7L7X3,TAOK1,KD025,NTERA2,
Q7L7X3,TAOK1,NU7441,NTERA2,
Q7L7X3,TAOK1,Ripasudil,NTERA2,
Q7L7X3,TAOK1,Vemurafenib,NTERA2,
P36507,MAP2K2,AZD6482,NTERA2,-1.4009072244123166
P36507,MAP2K2,CAL101,NTERA2,-0.9882915404938278
P36507,MAP2K2,GDC0941,NTERA2,-0.6623120777273938
P36507,MAP2K2,HS173,NTERA2,-0.9647787713948539
P36507,MAP2K2,PIK294,NTERA2,0.507721949089964
P36507,MAP2K2,TGX221,NTERA2,-1.7215343118067132
P36507,MAP2K2,CX4945,NTERA2,1.1081461586611066
P36507,MAP2K2,GO6983,NTERA2,0.555826939924536
P36507,MAP2K2,KN93,NTERA2,0.03356759394288103
P36507,MAP2K2,MK2206,NTERA2,-0.5483929094688214
P36507,MAP2K2,AZD5438,NTERA2,1.013156236038087
P36507,MAP2K2,FRAX486,NTERA2,-6.135817474686937
P36507,MAP2K2,Ku0063794,NTERA2,0.4516229803617823
P36507,MAP2K2,PD153035,NTERA2,1.1300840870226199
P36507,MAP2K2,PF3758309,NTERA2,-1.5254300593513117
P36507,MAP2K2,Torin,NTERA2,0.33010247519009134
P36507,MAP2K2,Trametinib,NTERA2,-7.08502095134568
P36507,MAP2K2,AZD1480,NTERA2,-6.111971129144068
P36507,MAP2K2,AZD5363,NTERA2,1.286421832417976
P36507,MAP2K2,BX912,NTERA2,-4.019900301455758
P36507,MAP2K2,CHIR99021,NTERA2,0.3012620826494102
P36507,MAP2K2,GSK2334470,NTERA2,0.7987985170412383
P36507,MAP2K2,Ipatasertib,NTERA2,0.9232497358288959
P36507,MAP2K2,LY2090314,NTERA2,-0.5906073429720629
P36507,MAP2K2,Tofacitinib,NTERA2,-0.6250749438588501
P36507,MAP2K2,AZD8055,NTERA2,-0.11306921229347203
P36507,MAP2K2,GDC0994,NTERA2,1.6059833610232401
P36507,MAP2K2,JNK,NTERA2,-0.6961118770800566
P36507,MAP2K2,LY2584702,NTERA2,-0.13700240560056529
P36507,MAP2K2,PH797804,NTERA2,-0.1994132987400171
P36507,MAP2K2,Selumetinib,NTERA2,-3.66488296984515
P36507,MAP2K2,U73122,NTERA2,-0.11192793940304213
P36507,MAP2K2,Ulixertinib,NTERA2,2.6118916573927056
P36507,MAP2K2,Amuvatinib,NTERA2,0.40655129926944944
P36507,MAP2K2,AZD3759,NTERA2,1.2032244597061905
P36507,MAP2K2,GSK690693,NTERA2,1.352449783378261
P36507,MAP2K2,JNJ,NTERA2,0.40087345738640445
P36507,MAP2K2,KN62,NTERA2,0.18619332490555024
P36507,MAP2K2,Linsitinib,NTERA2,-0.8446991245036768
P36507,MAP2K2,LY2835219,NTERA2,1.106031028476674
P36507,MAP2K2,Ribociclib,NTERA2,1.45353307421172
P36507,MAP2K2,AC220,NTERA2,0.7556202131874659
P36507,MAP2K2,Edelfosine,NTERA2,3.4055027356498524
P36507,MAP2K2,GF109203X,NTERA2,1.9125480822648917
P36507,MAP2K2,Go6976,NTERA2,0.7399153793663716
P36507,MAP2K2,PF4708671,NTERA2,0.8612937779960186
P36507,MAP2K2,SP600125,NTERA2,0.7736669404838469
P36507,MAP2K2,TAK715,NTERA2,0.812883150135985
P36507,MAP2K2,TBCA,NTERA2,0.4281356439502045
P36507,MAP2K2,AT13148,NTERA2,1.2438566947886498
P36507,MAP2K2,AZ20,NTERA2,0.2952507961717027
P36507,MAP2K2,AZD6738,NTERA2,0.643335139749123
P36507,MAP2K2,Bosutinib,NTERA2,2.0318064444632022
P36507,MAP2K2,Dabrafenib,NTERA2,3.1034470060897346
P36507,MAP2K2,Dasatinib,NTERA2,0.8155795999192683
P36507,MAP2K2,DNAPK,NTERA2,-0.3204312038183739
P36507,MAP2K2,H89,NTERA2,-1.762590143463577
P36507,MAP2K2,KD025,NTERA2,0.6841266012077734
P36507,MAP2K2,NU7441,NTERA2,1.1096804215461904
P36507,MAP2K2,Ripasudil,NTERA2,1.3853041015907408
P36507,MAP2K2,Vemurafenib,NTERA2,1.3659548078118
Q8N4C8,MINK1,AZD6482,NTERA2,
Q8N4C8,MINK1,CAL101,NTERA2,
Q8N4C8,MINK1,GDC0941,NTERA2,
Q8N4C8,MINK1,HS173,NTERA2,
Q8N4C8,MINK1,PIK294,NTERA2,
Q8N4C8,MINK1,TGX221,NTERA2,
Q8N4C8,MINK1,CX4945,NTERA2,
Q8N4C8,MINK1,GO6983,NTERA2,
Q8N4C8,MINK1,KN93,NTERA2,
Q8N4C8,MINK1,MK2206,NTERA2,
Q8N4C8,MINK1,AZD5438,NTERA2,
Q8N4C8,MINK1,FRAX486,NTERA2,
Q8N4C8,MINK1,Ku0063794,NTERA2,
Q8N4C8,MINK1,PD153035,NTERA2,
Q8N4C8,MINK1,PF3758309,NTERA2,
Q8N4C8,MINK1,Torin,NTERA2,
Q8N4C8,MINK1,Trametinib,NTERA2,
Q8N4C8,MINK1,AZD1480,NTERA2,
Q8N4C8,MINK1,AZD5363,NTERA2,
Q8N4C8,MINK1,BX912,NTERA2,
Q8N4C8,MINK1,CHIR99021,NTERA2,
Q8N4C8,MINK1,GSK2334470,NTERA2,
Q8N4C8,MINK1,Ipatasertib,NTERA2,
Q8N4C8,MINK1,LY2090314,NTERA2,
Q8N4C8,MINK1,Tofacitinib,NTERA2,
Q8N4C8,MINK1,AZD8055,NTERA2,
Q8N4C8,MINK1,GDC0994,NTERA2,
Q8N4C8,MINK1,JNK,NTERA2,
Q8N4C8,MINK1,LY2584702,NTERA2,
Q8N4C8,MINK1,PH797804,NTERA2,
Q8N4C8,MINK1,Selumetinib,NTERA2,
Q8N4C8,MINK1,U73122,NTERA2,
Q8N4C8,MINK1,Ulixertinib,NTERA2,
Q8N4C8,MINK1,Amuvatinib,NTERA2,
Q8N4C8,MINK1,AZD3759,NTERA2,
Q8N4C8,MINK1,GSK690693,NTERA2,
Q8N4C8,MINK1,JNJ,NTERA2,
Q8N4C8,MINK1,KN62,NTERA2,
Q8N4C8,MINK1,Linsitinib,NTERA2,
Q8N4C8,MINK1,LY2835219,NTERA2,
Q8N4C8,MINK1,Ribociclib,NTERA2,
Q8N4C8,MINK1,AC220,NTERA2,
Q8N4C8,MINK1,Edelfosine,NTERA2,
Q8N4C8,MINK1,GF109203X,NTERA2,
Q8N4C8,MINK1,Go6976,NTERA2,
Q8N4C8,MINK1,PF4708671,NTERA2,
Q8N4C8,MINK1,SP600125,NTERA2,
Q8N4C8,MINK1,TAK715,NTERA2,
Q8N4C8,MINK1,TBCA,NTERA2,
Q8N4C8,MINK1,AT13148,NTERA2,
Q8N4C8,MINK1,AZ20,NTERA2,
Q8N4C8,MINK1,AZD6738,NTERA2,
Q8N4C8,MINK1,Bosutinib,NTERA2,
Q8N4C8,MINK1,Dabrafenib,NTERA2,
Q8N4C8,MINK1,Dasatinib,NTERA2,
Q8N4C8,MINK1,DNAPK,NTERA2,
Q8N4C8,MINK1,H89,NTERA2,
Q8N4C8,MINK1,KD025,NTERA2,
Q8N4C8,MINK1,NU7441,NTERA2,
Q8N4C8,MINK1,Ripasudil,NTERA2,
Q8N4C8,MINK1,Vemurafenib,NTERA2,
Q13131,PRKAA1,AZD6482,NTERA2,0.811676056384424
Q13131,PRKAA1,CAL101,NTERA2,1.0897623128449394
Q13131,PRKAA1,GDC0941,NTERA2,1.7284553068665756
Q13131,PRKAA1,HS173,NTERA2,0.06432030174674024
Q13131,PRKAA1,PIK294,NTERA2,-0.24061582104960558
Q13131,PRKAA1,TGX221,NTERA2,0.03842192348428983
Q13131,PRKAA1,CX4945,NTERA2,0.5832323519745766
Q13131,PRKAA1,GO6983,NTERA2,1.010858447258973
Q13131,PRKAA1,KN93,NTERA2,0.8518354575832415
Q13131,PRKAA1,MK2206,NTERA2,2.2431221700917994
Q13131,PRKAA1,AZD5438,NTERA2,0.6338396339965623
Q13131,PRKAA1,FRAX486,NTERA2,-1.057202953630563
Q13131,PRKAA1,Ku0063794,NTERA2,-0.6509705183562564
Q13131,PRKAA1,PD153035,NTERA2,-0.10995613654003598
Q13131,PRKAA1,PF3758309,NTERA2,-3.5493481434687584
Q13131,PRKAA1,Torin,NTERA2,-1.8100074436153426
Q13131,PRKAA1,Trametinib,NTERA2,-0.5574774110504479
Q13131,PRKAA1,AZD1480,NTERA2,-1.0763654398463962
Q13131,PRKAA1,AZD5363,NTERA2,-2.069470542543264
Q13131,PRKAA1,BX912,NTERA2,-1.1976125274641078
Q13131,PRKAA1,CHIR99021,NTERA2,-1.5181705718292886
Q13131,PRKAA1,GSK2334470,NTERA2,-0.5888263197988133
Q13131,PRKAA1,Ipatasertib,NTERA2,-2.2950848770314605
Q13131,PRKAA1,LY2090314,NTERA2,0.5508405678809838
Q13131,PRKAA1,Tofacitinib,NTERA2,-0.6633824847158376
Q13131,PRKAA1,AZD8055,NTERA2,0.4908514163158074
Q13131,PRKAA1,GDC0994,NTERA2,0.7279175150892977
Q13131,PRKAA1,JNK,NTERA2,1.044378561762764
Q13131,PRKAA1,LY2584702,NTERA2,1.6563700466337803
Q13131,PRKAA1,PH797804,NTERA2,1.0673967797135309
Q13131,PRKAA1,Selumetinib,NTERA2,1.3600482767581503
Q13131,PRKAA1,U73122,NTERA2,0.32100996338678683
Q13131,PRKAA1,Ulixertinib,NTERA2,1.4077497920326343
Q13131,PRKAA1,Amuvatinib,NTERA2,0.2986969717760154
Q13131,PRKAA1,AZD3759,NTERA2,0.565540989968109
Q13131,PRKAA1,GSK690693,NTERA2,-0.2210771182296584
Q13131,PRKAA1,JNJ,NTERA2,0.184457112561087
Q13131,PRKAA1,KN62,NTERA2,0.41247262224953896
Q13131,PRKAA1,Linsitinib,NTERA2,-1.030823695567719
Q13131,PRKAA1,LY2835219,NTERA2,2.0815027597852778
Q13131,PRKAA1,Ribociclib,NTERA2,1.0371732934746913
Q13131,PRKAA1,AC220,NTERA2,-0.018315574593037707
Q13131,PRKAA1,Edelfosine,NTERA2,1.0519695483698854
Q13131,PRKAA1,GF109203X,NTERA2,-0.001083633749035475
Q13131,PRKAA1,Go6976,NTERA2,-0.8200155771457283
Q13131,PRKAA1,PF4708671,NTERA2,-0.03938621057083626
Q13131,PRKAA1,SP600125,NTERA2,0.3343369606302368
Q13131,PRKAA1,TAK715,NTERA2,0.22240633444432376
Q13131,PRKAA1,TBCA,NTERA2,-1.122160119402984
Q13131,PRKAA1,AT13148,NTERA2,0.5066765556843453
Q13131,PRKAA1,AZ20,NTERA2,-2.4807787849442398
Q13131,PRKAA1,AZD6738,NTERA2,-1.328663433486728
Q13131,PRKAA1,Bosutinib,NTERA2,0.16667655038474186
Q13131,PRKAA1,Dabrafenib,NTERA2,0.6329908782756245
Q13131,PRKAA1,Dasatinib,NTERA2,0.6493492446103964
Q13131,PRKAA1,DNAPK,NTERA2,1.5205011608123982
Q13131,PRKAA1,H89,NTERA2,1.6396964085645775
Q13131,PRKAA1,KD025,NTERA2,0.27292025155309685
Q13131,PRKAA1,NU7441,NTERA2,0.5448609401517477
Q13131,PRKAA1,Ripasudil,NTERA2,1.4081988201254982
Q13131,PRKAA1,Vemurafenib,NTERA2,0.8345724947173098
Q9NYV4,CDK12,AZD6482,NTERA2,-0.6490301754382805
Q9NYV4,CDK12,CAL101,NTERA2,-0.594626458714056
Q9NYV4,CDK12,GDC0941,NTERA2,0.5229837314917035
Q9NYV4,CDK12,HS173,NTERA2,0.13421278723726968
Q9NYV4,CDK12,PIK294,NTERA2,-0.22504623679487937
Q9NYV4,CDK12,TGX221,NTERA2,-0.12127339480262964
Q9NYV4,CDK12,CX4945,NTERA2,-0.570343575026203
Q9NYV4,CDK12,GO6983,NTERA2,0.21994320978107854
Q9NYV4,CDK12,KN93,NTERA2,0.10614959360241906
Q9NYV4,CDK12,MK2206,NTERA2,-0.4733827982871867
Q9NYV4,CDK12,AZD5438,NTERA2,-1.086928617963207
Q9NYV4,CDK12,FRAX486,NTERA2,0.6384991041794352
Q9NYV4,CDK12,Ku0063794,NTERA2,0.7602983098194893
Q9NYV4,CDK12,PD153035,NTERA2,-0.20182832582293564
Q9NYV4,CDK12,PF3758309,NTERA2,-0.6429034967217995
Q9NYV4,CDK12,Torin,NTERA2,2.526891943696943
Q9NYV4,CDK12,Trametinib,NTERA2,0.08958211861719659
Q9NYV4,CDK12,AZD1480,NTERA2,0.42959700368259035
Q9NYV4,CDK12,AZD5363,NTERA2,-0.7792590351694275
Q9NYV4,CDK12,BX912,NTERA2,0.603270528876187
Q9NYV4,CDK12,CHIR99021,NTERA2,-0.42300790696811463
Q9NYV4,CDK12,GSK2334470,NTERA2,0.7524082911410253
Q9NYV4,CDK12,Ipatasertib,NTERA2,-0.39722209609729864
Q9NYV4,CDK12,LY2090314,NTERA2,0.1588325026453731
Q9NYV4,CDK12,Tofacitinib,NTERA2,-0.20588209037487823
Q9NYV4,CDK12,AZD8055,NTERA2,0.6160598086176061
Q9NYV4,CDK12,GDC0994,NTERA2,-0.8719826894846665
Q9NYV4,CDK12,JNK,NTERA2,0.07956680222471968
Q9NYV4,CDK12,LY2584702,NTERA2,1.235093483498884
Q9NYV4,CDK12,PH797804,NTERA2,0.4893020832543118
Q9NYV4,CDK12,Selumetinib,NTERA2,0.4520109193108047
Q9NYV4,CDK12,U73122,NTERA2,0.3641016279243528
Q9NYV4,CDK12,Ulixertinib,NTERA2,0.43334341232667056
Q9NYV4,CDK12,Amuvatinib,NTERA2,0.6198751031930932
Q9NYV4,CDK12,AZD3759,NTERA2,0.8449876138201753
Q9NYV4,CDK12,GSK690693,NTERA2,0.7124389688169245
Q9NYV4,CDK12,JNJ,NTERA2,-0.14967751771889573
Q9NYV4,CDK12,KN62,NTERA2,1.489268741537226
Q9NYV4,CDK12,Linsitinib,NTERA2,0.8906438440462622
Q9NYV4,CDK12,LY2835219,NTERA2,-0.8440612378950808
Q9NYV4,CDK12,Ribociclib,NTERA2,0.527202628484965
Q9NYV4,CDK12,AC220,NTERA2,0.844150344014306
Q9NYV4,CDK12,Edelfosine,NTERA2,0.19319460878973063
Q9NYV4,CDK12,GF109203X,NTERA2,2.9353648345456618
Q9NYV4,CDK12,Go6976,NTERA2,1.0697733033263994
Q9NYV4,CDK12,PF4708671,NTERA2,0.4533277338257954
Q9NYV4,CDK12,SP600125,NTERA2,1.6991608124505664
Q9NYV4,CDK12,TAK715,NTERA2,3.063909820430639
Q9NYV4,CDK12,TBCA,NTERA2,0.7196217314510625
Q9NYV4,CDK12,AT13148,NTERA2,-0.4932546333769126
Q9NYV4,CDK12,AZ20,NTERA2,-1.2588017221779466
Q9NYV4,CDK12,AZD6738,NTERA2,-1.0302768646915583
Q9NYV4,CDK12,Bosutinib,NTERA2,-0.7689256316818859
Q9NYV4,CDK12,Dabrafenib,NTERA2,0.12799148810304237
Q9NYV4,CDK12,Dasatinib,NTERA2,0.38808835516597306
Q9NYV4,CDK12,DNAPK,NTERA2,-0.10456154554086725
Q9NYV4,CDK12,H89,NTERA2,-0.762582691650599
Q9NYV4,CDK12,KD025,NTERA2,-0.5130756400470884
Q9NYV4,CDK12,NU7441,NTERA2,0.3505021833631914
Q9NYV4,CDK12,Ripasudil,NTERA2,-0.07146418582650516
Q9NYV4,CDK12,Vemurafenib,NTERA2,-0.8957871001905761
Q9Y4A5,TRRAP,AZD6482,NTERA2,
Q9Y4A5,TRRAP,CAL101,NTERA2,
Q9Y4A5,TRRAP,GDC0941,NTERA2,
Q9Y4A5,TRRAP,HS173,NTERA2,
Q9Y4A5,TRRAP,PIK294,NTERA2,
Q9Y4A5,TRRAP,TGX221,NTERA2,
Q9Y4A5,TRRAP,CX4945,NTERA2,
Q9Y4A5,TRRAP,GO6983,NTERA2,
Q9Y4A5,TRRAP,KN93,NTERA2,
Q9Y4A5,TRRAP,MK2206,NTERA2,
Q9Y4A5,TRRAP,AZD5438,NTERA2,
Q9Y4A5,TRRAP,FRAX486,NTERA2,
Q9Y4A5,TRRAP,Ku0063794,NTERA2,
Q9Y4A5,TRRAP,PD153035,NTERA2,
Q9Y4A5,TRRAP,PF3758309,NTERA2,
Q9Y4A5,TRRAP,Torin,NTERA2,
Q9Y4A5,TRRAP,Trametinib,NTERA2,
Q9Y4A5,TRRAP,AZD1480,NTERA2,
Q9Y4A5,TRRAP,AZD5363,NTERA2,
Q9Y4A5,TRRAP,BX912,NTERA2,
Q9Y4A5,TRRAP,CHIR99021,NTERA2,
Q9Y4A5,TRRAP,GSK2334470,NTERA2,
Q9Y4A5,TRRAP,Ipatasertib,NTERA2,
Q9Y4A5,TRRAP,LY2090314,NTERA2,
Q9Y4A5,TRRAP,Tofacitinib,NTERA2,
Q9Y4A5,TRRAP,AZD8055,NTERA2,
Q9Y4A5,TRRAP,GDC0994,NTERA2,
Q9Y4A5,TRRAP,JNK,NTERA2,
Q9Y4A5,TRRAP,LY2584702,NTERA2,
Q9Y4A5,TRRAP,PH797804,NTERA2,
Q9Y4A5,TRRAP,Selumetinib,NTERA2,
Q9Y4A5,TRRAP,U73122,NTERA2,
Q9Y4A5,TRRAP,Ulixertinib,NTERA2,
Q9Y4A5,TRRAP,Amuvatinib,NTERA2,
Q9Y4A5,TRRAP,AZD3759,NTERA2,
Q9Y4A5,TRRAP,GSK690693,NTERA2,
Q9Y4A5,TRRAP,JNJ,NTERA2,
Q9Y4A5,TRRAP,KN62,NTERA2,
Q9Y4A5,TRRAP,Linsitinib,NTERA2,
Q9Y4A5,TRRAP,LY2835219,NTERA2,
Q9Y4A5,TRRAP,Ribociclib,NTERA2,
Q9Y4A5,TRRAP,AC220,NTERA2,
Q9Y4A5,TRRAP,Edelfosine,NTERA2,
Q9Y4A5,TRRAP,GF109203X,NTERA2,
Q9Y4A5,TRRAP,Go6976,NTERA2,
Q9Y4A5,TRRAP,PF4708671,NTERA2,
Q9Y4A5,TRRAP,SP600125,NTERA2,
Q9Y4A5,TRRAP,TAK715,NTERA2,
Q9Y4A5,TRRAP,TBCA,NTERA2,
Q9Y4A5,TRRAP,AT13148,NTERA2,
Q9Y4A5,TRRAP,AZ20,NTERA2,
Q9Y4A5,TRRAP,AZD6738,NTERA2,
Q9Y4A5,TRRAP,Bosutinib,NTERA2,
Q9Y4A5,TRRAP,Dabrafenib,NTERA2,
Q9Y4A5,TRRAP,Dasatinib,NTERA2,
Q9Y4A5,TRRAP,DNAPK,NTERA2,
Q9Y4A5,TRRAP,H89,NTERA2,
Q9Y4A5,TRRAP,KD025,NTERA2,
Q9Y4A5,TRRAP,NU7441,NTERA2,
Q9Y4A5,TRRAP,Ripasudil,NTERA2,
Q9Y4A5,TRRAP,Vemurafenib,NTERA2,
Q9UL54,TAOK2,AZD6482,NTERA2,0.043761706685465925
Q9UL54,TAOK2,CAL101,NTERA2,0.43790512480815885
Q9UL54,TAOK2,GDC0941,NTERA2,-2.279272016452518
Q9UL54,TAOK2,HS173,NTERA2,0.24936814044111855
Q9UL54,TAOK2,PIK294,NTERA2,1.116281734277695
Q9UL54,TAOK2,TGX221,NTERA2,0.6423046795795528
Q9UL54,TAOK2,CX4945,NTERA2,0.3286228598759537
Q9UL54,TAOK2,GO6983,NTERA2,0.4462626747024495
Q9UL54,TAOK2,KN93,NTERA2,0.5015575371451171
Q9UL54,TAOK2,MK2206,NTERA2,0.02403837650175073
Q9UL54,TAOK2,AZD5438,NTERA2,0.2107556416867455
Q9UL54,TAOK2,FRAX486,NTERA2,0.2950223848543262
Q9UL54,TAOK2,Ku0063794,NTERA2,-3.1681818985908836
Q9UL54,TAOK2,PD153035,NTERA2,0.053507833692467095
Q9UL54,TAOK2,PF3758309,NTERA2,0.3308269434781058
Q9UL54,TAOK2,Torin,NTERA2,-3.4429617234846575
Q9UL54,TAOK2,Trametinib,NTERA2,0.19918920044491836
Q9UL54,TAOK2,AZD1480,NTERA2,0.7247729287528033
Q9UL54,TAOK2,AZD5363,NTERA2,-0.1561856141581638
Q9UL54,TAOK2,BX912,NTERA2,0.040509419659506385
Q9UL54,TAOK2,CHIR99021,NTERA2,0.5904666472445694
Q9UL54,TAOK2,GSK2334470,NTERA2,-1.5452864287775536
Q9UL54,TAOK2,Ipatasertib,NTERA2,-1.142078948884387
Q9UL54,TAOK2,LY2090314,NTERA2,-0.07159777787530494
Q9UL54,TAOK2,Tofacitinib,NTERA2,0.04998168378325462
Q9UL54,TAOK2,AZD8055,NTERA2,-4.203903123794194
Q9UL54,TAOK2,GDC0994,NTERA2,-0.12923610559365906
Q9UL54,TAOK2,JNK,NTERA2,0.6544862659865542
Q9UL54,TAOK2,LY2584702,NTERA2,-2.01885720382732
Q9UL54,TAOK2,PH797804,NTERA2,-0.09088123394349613
Q9UL54,TAOK2,Selumetinib,NTERA2,0.0006860430401969444
Q9UL54,TAOK2,U73122,NTERA2,0.4519492619605131
Q9UL54,TAOK2,Ulixertinib,NTERA2,0.288785078976177
Q9UL54,TAOK2,Amuvatinib,NTERA2,0.12415473430128367
Q9UL54,TAOK2,AZD3759,NTERA2,0.23332100851229087
Q9UL54,TAOK2,GSK690693,NTERA2,0.216221096728895
Q9UL54,TAOK2,JNJ,NTERA2,-0.642956436715198
Q9UL54,TAOK2,KN62,NTERA2,-0.21268891346322297
Q9UL54,TAOK2,Linsitinib,NTERA2,-1.432699514140112
Q9UL54,TAOK2,LY2835219,NTERA2,-0.6103895830235982
Q9UL54,TAOK2,Ribociclib,NTERA2,-0.310152294625518
Q9UL54,TAOK2,AC220,NTERA2,0.33358425028576494
Q9UL54,TAOK2,Edelfosine,NTERA2,-0.08166914308087889
Q9UL54,TAOK2,GF109203X,NTERA2,0.24465533245179052
Q9UL54,TAOK2,Go6976,NTERA2,-0.6178893524752928
Q9UL54,TAOK2,PF4708671,NTERA2,0.13078423114458446
Q9UL54,TAOK2,SP600125,NTERA2,0.17277071411684694
Q9UL54,TAOK2,TAK715,NTERA2,0.26756990644641615
Q9UL54,TAOK2,TBCA,NTERA2,0.03743477572836425
Q9UL54,TAOK2,AT13148,NTERA2,-0.4707536838926278
Q9UL54,TAOK2,AZ20,NTERA2,-2.4149371350373654
Q9UL54,TAOK2,AZD6738,NTERA2,-0.31229881278001786
Q9UL54,TAOK2,Bosutinib,NTERA2,-1.0070501887627252
Q9UL54,TAOK2,Dabrafenib,NTERA2,-0.060843110459841504
Q9UL54,TAOK2,Dasatinib,NTERA2,-0.06853249081811658
Q9UL54,TAOK2,DNAPK,NTERA2,0.5750170590887288
Q9UL54,TAOK2,H89,NTERA2,0.3669799899197356
Q9UL54,TAOK2,KD025,NTERA2,0.09656012490166418
Q9UL54,TAOK2,NU7441,NTERA2,0.11856863095930775
Q9UL54,TAOK2,Ripasudil,NTERA2,-0.947105728277388
Q9UL54,TAOK2,Vemurafenib,NTERA2,-0.14597239639206036
Q96GX5,MASTL,AZD6482,NTERA2,-0.4559515752924344
Q96GX5,MASTL,CAL101,NTERA2,-0.3365656224987035
Q96GX5,MASTL,GDC0941,NTERA2,-0.3510050737207671
Q96GX5,MASTL,HS173,NTERA2,-0.30044427743482166
Q96GX5,MASTL,PIK294,NTERA2,-0.6057470848119058
Q96GX5,MASTL,TGX221,NTERA2,-0.19708686420763455
Q96GX5,MASTL,CX4945,NTERA2,-1.1315561089892856
Q96GX5,MASTL,GO6983,NTERA2,-0.429348171318759
Q96GX5,MASTL,KN93,NTERA2,-0.9363879881257301
Q96GX5,MASTL,MK2206,NTERA2,-0.9568612580344522
Q96GX5,MASTL,AZD5438,NTERA2,1.0133298323236284
Q96GX5,MASTL,FRAX486,NTERA2,0.40921360553001007
Q96GX5,MASTL,Ku0063794,NTERA2,-0.11225952694982895
Q96GX5,MASTL,PD153035,NTERA2,-0.15999845549650762
Q96GX5,MASTL,PF3758309,NTERA2,0.5604287035143688
Q96GX5,MASTL,Torin,NTERA2,-0.17786128558431694
Q96GX5,MASTL,Trametinib,NTERA2,0.5375235812998298
Q96GX5,MASTL,AZD1480,NTERA2,0.5542338910244641
Q96GX5,MASTL,AZD5363,NTERA2,0.379505480700161
Q96GX5,MASTL,BX912,NTERA2,-0.667612672655642
Q96GX5,MASTL,CHIR99021,NTERA2,0.2595916337351649
Q96GX5,MASTL,GSK2334470,NTERA2,-0.4162135081236378
Q96GX5,MASTL,Ipatasertib,NTERA2,-0.6793858201025973
Q96GX5,MASTL,LY2090314,NTERA2,0.029641805953520704
Q96GX5,MASTL,Tofacitinib,NTERA2,-0.1172504512542741
Q96GX5,MASTL,AZD8055,NTERA2,-0.046390716454415865
Q96GX5,MASTL,GDC0994,NTERA2,0.4305525524120235
Q96GX5,MASTL,JNK,NTERA2,0.4939114736514121
Q96GX5,MASTL,LY2584702,NTERA2,-0.08332358881190334
Q96GX5,MASTL,PH797804,NTERA2,-0.0026591154178244652
Q96GX5,MASTL,Selumetinib,NTERA2,-0.24422343093582766
Q96GX5,MASTL,U73122,NTERA2,0.1469159166682098
Q96GX5,MASTL,Ulixertinib,NTERA2,0.4620298536512875
Q96GX5,MASTL,Amuvatinib,NTERA2,0.4427485626693782
Q96GX5,MASTL,AZD3759,NTERA2,-0.09675808597779538
Q96GX5,MASTL,GSK690693,NTERA2,0.24228454774970395
Q96GX5,MASTL,JNJ,NTERA2,-0.23079772881708147
Q96GX5,MASTL,KN62,NTERA2,-0.016347008280534862
Q96GX5,MASTL,Linsitinib,NTERA2,-0.6973053662989749
Q96GX5,MASTL,LY2835219,NTERA2,0.15704750149688163
Q96GX5,MASTL,Ribociclib,NTERA2,0.06306290234315882
Q96GX5,MASTL,AC220,NTERA2,0.2669894485823102
Q96GX5,MASTL,Edelfosine,NTERA2,-0.21113920871186248
Q96GX5,MASTL,GF109203X,NTERA2,0.20930265803932233
Q96GX5,MASTL,Go6976,NTERA2,-0.5185458876554396
Q96GX5,MASTL,PF4708671,NTERA2,0.3758738008833068
Q96GX5,MASTL,SP600125,NTERA2,0.227823986011762
Q96GX5,MASTL,TAK715,NTERA2,-0.3246704532700002
Q96GX5,MASTL,TBCA,NTERA2,-0.1929262332036279
Q96GX5,MASTL,AT13148,NTERA2,-0.23486694678430228
Q96GX5,MASTL,AZ20,NTERA2,0.14659161548203187
Q96GX5,MASTL,AZD6738,NTERA2,-0.44746204344238827
Q96GX5,MASTL,Bosutinib,NTERA2,-0.21698800006028077
Q96GX5,MASTL,Dabrafenib,NTERA2,-0.07327433872505866
Q96GX5,MASTL,Dasatinib,NTERA2,-0.6857287027914312
Q96GX5,MASTL,DNAPK,NTERA2,0.19754186052535344
Q96GX5,MASTL,H89,NTERA2,-0.18630625111517843
Q96GX5,MASTL,KD025,NTERA2,0.6609222571960625
Q96GX5,MASTL,NU7441,NTERA2,-0.3592557488578433
Q96GX5,MASTL,Ripasudil,NTERA2,-0.4782596016051979
Q96GX5,MASTL,Vemurafenib,NTERA2,-0.12374190863758
Q16512,PKN1,AZD6482,NTERA2,0.7724260148182601
Q16512,PKN1,CAL101,NTERA2,2.4036513191170403
Q16512,PKN1,GDC0941,NTERA2,2.538362488631025
Q16512,PKN1,HS173,NTERA2,0.9868770461644049
Q16512,PKN1,PIK294,NTERA2,0.10429253081164945
Q16512,PKN1,TGX221,NTERA2,1.387572840327237
Q16512,PKN1,CX4945,NTERA2,-0.7736187289992881
Q16512,PKN1,GO6983,NTERA2,-1.76391491852731
Q16512,PKN1,KN93,NTERA2,-0.8557938058467686
Q16512,PKN1,MK2206,NTERA2,-0.021548000030384904
Q16512,PKN1,AZD5438,NTERA2,0.1425190801903201
Q16512,PKN1,FRAX486,NTERA2,0.5731464646496031
Q16512,PKN1,Ku0063794,NTERA2,0.2946002297853832
Q16512,PKN1,PD153035,NTERA2,-1.3909827065961082
Q16512,PKN1,PF3758309,NTERA2,0.8874700834808298
Q16512,PKN1,Torin,NTERA2,1.1912141818041964
Q16512,PKN1,Trametinib,NTERA2,1.3456577715056215
Q16512,PKN1,AZD1480,NTERA2,-1.5714567664818166
Q16512,PKN1,AZD5363,NTERA2,-0.05368677722786905
Q16512,PKN1,BX912,NTERA2,0.9805133832363323
Q16512,PKN1,CHIR99021,NTERA2,-0.9035604245779026
Q16512,PKN1,GSK2334470,NTERA2,-0.9165876435919378
Q16512,PKN1,Ipatasertib,NTERA2,-0.2911849776632779
Q16512,PKN1,LY2090314,NTERA2,0.3971516054780858
Q16512,PKN1,Tofacitinib,NTERA2,-1.5226198628406005
Q16512,PKN1,AZD8055,NTERA2,0.34408322328754853
Q16512,PKN1,GDC0994,NTERA2,1.3733371633235762
Q16512,PKN1,JNK,NTERA2,0.5161116908175343
Q16512,PKN1,LY2584702,NTERA2,1.0740439513193327
Q16512,PKN1,PH797804,NTERA2,0.96377043946742
Q16512,PKN1,Selumetinib,NTERA2,1.5792611164472048
Q16512,PKN1,U73122,NTERA2,0.7162465859064285
Q16512,PKN1,Ulixertinib,NTERA2,1.2947741478704007
Q16512,PKN1,Amuvatinib,NTERA2,-1.4403353566737604
Q16512,PKN1,AZD3759,NTERA2,-0.06729811650013647
Q16512,PKN1,GSK690693,NTERA2,-2.5181767572102665
Q16512,PKN1,JNJ,NTERA2,0.3265497914669012
Q16512,PKN1,KN62,NTERA2,0.9790065065603708
Q16512,PKN1,Linsitinib,NTERA2,0.38461608112511814
Q16512,PKN1,LY2835219,NTERA2,1.0057318266081545
Q16512,PKN1,Ribociclib,NTERA2,0.5521179992150014
Q16512,PKN1,AC220,NTERA2,0.532125384568635
Q16512,PKN1,Edelfosine,NTERA2,0.8463093075209206
Q16512,PKN1,GF109203X,NTERA2,-2.5447149241299463
Q16512,PKN1,Go6976,NTERA2,-0.4060609539321755
Q16512,PKN1,PF4708671,NTERA2,-0.50662670581252
Q16512,PKN1,SP600125,NTERA2,-2.1083391290708553
Q16512,PKN1,TAK715,NTERA2,-0.36239290421745257
Q16512,PKN1,TBCA,NTERA2,-1.080456426908213
Q16512,PKN1,AT13148,NTERA2,-0.02164702564437835
Q16512,PKN1,AZ20,NTERA2,-0.9702130407863688
Q16512,PKN1,AZD6738,NTERA2,-0.5265384097198753
Q16512,PKN1,Bosutinib,NTERA2,0.938031594786991
Q16512,PKN1,Dabrafenib,NTERA2,-1.0300000899312287
Q16512,PKN1,Dasatinib,NTERA2,-0.9635373143508825
Q16512,PKN1,DNAPK,NTERA2,-0.33925209160730163
Q16512,PKN1,H89,NTERA2,0.5388121298676244
Q16512,PKN1,KD025,NTERA2,0.6356337787699139
Q16512,PKN1,NU7441,NTERA2,1.0212213667502719
Q16512,PKN1,Ripasudil,NTERA2,0.2292578787733828
Q16512,PKN1,Vemurafenib,NTERA2,-1.6489261565925089
O43683,BUB1,AZD6482,NTERA2,-0.12361828771853577
O43683,BUB1,CAL101,NTERA2,-0.8954690997136501
O43683,BUB1,GDC0941,NTERA2,-2.1171930402721584
O43683,BUB1,HS173,NTERA2,-0.9930120602866145
O43683,BUB1,PIK294,NTERA2,-0.16452988821790243
O43683,BUB1,TGX221,NTERA2,-0.816342376507824
O43683,BUB1,CX4945,NTERA2,0.7633051394392153
O43683,BUB1,GO6983,NTERA2,-2.5955476811489806
O43683,BUB1,KN93,NTERA2,-1.7095144429098341
O43683,BUB1,MK2206,NTERA2,-0.19559045860025687
O43683,BUB1,AZD5438,NTERA2,0.28174464179521486
O43683,BUB1,FRAX486,NTERA2,1.8856189287623337
O43683,BUB1,Ku0063794,NTERA2,0.6256652561904844
O43683,BUB1,PD153035,NTERA2,0.9620868400877278
O43683,BUB1,PF3758309,NTERA2,1.1643322705072296
O43683,BUB1,Torin,NTERA2,1.5840605728098935
O43683,BUB1,Trametinib,NTERA2,1.2421521455514246
O43683,BUB1,AZD1480,NTERA2,-0.531670985907842
O43683,BUB1,AZD5363,NTERA2,-1.7229949758342398
O43683,BUB1,BX912,NTERA2,0.13772851449768495
O43683,BUB1,CHIR99021,NTERA2,-1.0015018754690772
O43683,BUB1,GSK2334470,NTERA2,-1.433058988206445
O43683,BUB1,Ipatasertib,NTERA2,-0.5741570569770356
O43683,BUB1,LY2090314,NTERA2,-1.0921339613569503
O43683,BUB1,Tofacitinib,NTERA2,-1.940018857472953
O43683,BUB1,AZD8055,NTERA2,0.7725883855871934
O43683,BUB1,GDC0994,NTERA2,0.887421326868761
O43683,BUB1,JNK,NTERA2,1.2059385761403136
O43683,BUB1,LY2584702,NTERA2,-1.6431678044098093
O43683,BUB1,PH797804,NTERA2,-1.8016515205940802
O43683,BUB1,Selumetinib,NTERA2,-1.282836369338477
O43683,BUB1,U73122,NTERA2,-0.9072304862389279
O43683,BUB1,Ulixertinib,NTERA2,0.3555534966161414
O43683,BUB1,Amuvatinib,NTERA2,0.47579994432187467
O43683,BUB1,AZD3759,NTERA2,-0.7877443672521238
O43683,BUB1,GSK690693,NTERA2,-0.18247906665194577
O43683,BUB1,JNJ,NTERA2,-1.1646669061793815
O43683,BUB1,KN62,NTERA2,-0.023107834039091616
O43683,BUB1,Linsitinib,NTERA2,-1.0633758005937677
O43683,BUB1,LY2835219,NTERA2,-0.5510200698124735
O43683,BUB1,Ribociclib,NTERA2,-3.4980852770146593
O43683,BUB1,AC220,NTERA2,0.15633807746184286
O43683,BUB1,Edelfosine,NTERA2,-1.384503013646
O43683,BUB1,GF109203X,NTERA2,-1.1787013379539641
O43683,BUB1,Go6976,NTERA2,-0.5764175914246471
O43683,BUB1,PF4708671,NTERA2,-0.702423964119512
O43683,BUB1,SP600125,NTERA2,-0.9274440756149805
O43683,BUB1,TAK715,NTERA2,-0.5553440729613027
O43683,BUB1,TBCA,NTERA2,0.10667246655739356
O43683,BUB1,AT13148,NTERA2,-0.751405567186257
O43683,BUB1,AZ20,NTERA2,0.10022968810819279
O43683,BUB1,AZD6738,NTERA2,0.6129436024991302
O43683,BUB1,Bosutinib,NTERA2,-0.15028864459722707
O43683,BUB1,Dabrafenib,NTERA2,-1.5877279291400577
O43683,BUB1,Dasatinib,NTERA2,1.0205678081008773
O43683,BUB1,DNAPK,NTERA2,-0.16990477424597866
O43683,BUB1,H89,NTERA2,0.44443885625807006
O43683,BUB1,KD025,NTERA2,-0.303268512265062
O43683,BUB1,NU7441,NTERA2,-0.22643929811532604
O43683,BUB1,Ripasudil,NTERA2,-0.09778385902520466
O43683,BUB1,Vemurafenib,NTERA2,-1.229093082311288
Q9P2K8,EIF2AK4,AZD6482,NTERA2,
Q9P2K8,EIF2AK4,CAL101,NTERA2,
Q9P2K8,EIF2AK4,GDC0941,NTERA2,
Q9P2K8,EIF2AK4,HS173,NTERA2,
Q9P2K8,EIF2AK4,PIK294,NTERA2,
Q9P2K8,EIF2AK4,TGX221,NTERA2,
Q9P2K8,EIF2AK4,CX4945,NTERA2,
Q9P2K8,EIF2AK4,GO6983,NTERA2,
Q9P2K8,EIF2AK4,KN93,NTERA2,
Q9P2K8,EIF2AK4,MK2206,NTERA2,
Q9P2K8,EIF2AK4,AZD5438,NTERA2,
Q9P2K8,EIF2AK4,FRAX486,NTERA2,
Q9P2K8,EIF2AK4,Ku0063794,NTERA2,
Q9P2K8,EIF2AK4,PD153035,NTERA2,
Q9P2K8,EIF2AK4,PF3758309,NTERA2,
Q9P2K8,EIF2AK4,Torin,NTERA2,
Q9P2K8,EIF2AK4,Trametinib,NTERA2,
Q9P2K8,EIF2AK4,AZD1480,NTERA2,
Q9P2K8,EIF2AK4,AZD5363,NTERA2,
Q9P2K8,EIF2AK4,BX912,NTERA2,
Q9P2K8,EIF2AK4,CHIR99021,NTERA2,
Q9P2K8,EIF2AK4,GSK2334470,NTERA2,
Q9P2K8,EIF2AK4,Ipatasertib,NTERA2,
Q9P2K8,EIF2AK4,LY2090314,NTERA2,
Q9P2K8,EIF2AK4,Tofacitinib,NTERA2,
Q9P2K8,EIF2AK4,AZD8055,NTERA2,
Q9P2K8,EIF2AK4,GDC0994,NTERA2,
Q9P2K8,EIF2AK4,JNK,NTERA2,
Q9P2K8,EIF2AK4,LY2584702,NTERA2,
Q9P2K8,EIF2AK4,PH797804,NTERA2,
Q9P2K8,EIF2AK4,Selumetinib,NTERA2,
Q9P2K8,EIF2AK4,U73122,NTERA2,
Q9P2K8,EIF2AK4,Ulixertinib,NTERA2,
Q9P2K8,EIF2AK4,Amuvatinib,NTERA2,
Q9P2K8,EIF2AK4,AZD3759,NTERA2,
Q9P2K8,EIF2AK4,GSK690693,NTERA2,
Q9P2K8,EIF2AK4,JNJ,NTERA2,
Q9P2K8,EIF2AK4,KN62,NTERA2,
Q9P2K8,EIF2AK4,Linsitinib,NTERA2,
Q9P2K8,EIF2AK4,LY2835219,NTERA2,
Q9P2K8,EIF2AK4,Ribociclib,NTERA2,
Q9P2K8,EIF2AK4,AC220,NTERA2,
Q9P2K8,EIF2AK4,Edelfosine,NTERA2,
Q9P2K8,EIF2AK4,GF109203X,NTERA2,
Q9P2K8,EIF2AK4,Go6976,NTERA2,
Q9P2K8,EIF2AK4,PF4708671,NTERA2,
Q9P2K8,EIF2AK4,SP600125,NTERA2,
Q9P2K8,EIF2AK4,TAK715,NTERA2,
Q9P2K8,EIF2AK4,TBCA,NTERA2,
Q9P2K8,EIF2AK4,AT13148,NTERA2,
Q9P2K8,EIF2AK4,AZ20,NTERA2,
Q9P2K8,EIF2AK4,AZD6738,NTERA2,
Q9P2K8,EIF2AK4,Bosutinib,NTERA2,
Q9P2K8,EIF2AK4,Dabrafenib,NTERA2,
Q9P2K8,EIF2AK4,Dasatinib,NTERA2,
Q9P2K8,EIF2AK4,DNAPK,NTERA2,
Q9P2K8,EIF2AK4,H89,NTERA2,
Q9P2K8,EIF2AK4,KD025,NTERA2,
Q9P2K8,EIF2AK4,NU7441,NTERA2,
Q9P2K8,EIF2AK4,Ripasudil,NTERA2,
Q9P2K8,EIF2AK4,Vemurafenib,NTERA2,
O14578,CIT,AZD6482,NTERA2,1.0231047233276813
O14578,CIT,CAL101,NTERA2,0.7638119755850151
O14578,CIT,GDC0941,NTERA2,1.0670808164450774
O14578,CIT,HS173,NTERA2,0.22720983709713732
O14578,CIT,PIK294,NTERA2,-0.1623201012178309
O14578,CIT,TGX221,NTERA2,0.30170283391464664
O14578,CIT,CX4945,NTERA2,0.17984732080280758
O14578,CIT,GO6983,NTERA2,-0.03931682561684496
O14578,CIT,KN93,NTERA2,0.125082452492266
O14578,CIT,MK2206,NTERA2,0.7783580861296043
O14578,CIT,AZD5438,NTERA2,-0.2265128412978275
O14578,CIT,FRAX486,NTERA2,0.28418597446741845
O14578,CIT,Ku0063794,NTERA2,-0.07637623556736285
O14578,CIT,PD153035,NTERA2,-0.11197790791789233
O14578,CIT,PF3758309,NTERA2,0.4421229561633243
O14578,CIT,Torin,NTERA2,0.7414334034557801
O14578,CIT,Trametinib,NTERA2,0.4889947662161027
O14578,CIT,AZD1480,NTERA2,0.16465137077805905
O14578,CIT,AZD5363,NTERA2,-0.8078551195149356
O14578,CIT,BX912,NTERA2,0.2307924455288826
O14578,CIT,CHIR99021,NTERA2,-0.4276118611674116
O14578,CIT,GSK2334470,NTERA2,-0.3573890828212519
O14578,CIT,Ipatasertib,NTERA2,0.6709336323967918
O14578,CIT,LY2090314,NTERA2,0.17491224439547345
O14578,CIT,Tofacitinib,NTERA2,-0.3935530432577364
O14578,CIT,AZD8055,NTERA2,0.8859014837750038
O14578,CIT,GDC0994,NTERA2,0.9333965348744647
O14578,CIT,JNK,NTERA2,0.5105611971018402
O14578,CIT,LY2584702,NTERA2,2.022590897275635
O14578,CIT,PH797804,NTERA2,1.2462702805238217
O14578,CIT,Selumetinib,NTERA2,0.7167902142981007
O14578,CIT,U73122,NTERA2,-0.18460874893091722
O14578,CIT,Ulixertinib,NTERA2,1.4525872938014237
O14578,CIT,Amuvatinib,NTERA2,-1.069415538131004
O14578,CIT,AZD3759,NTERA2,-0.43629157743142777
O14578,CIT,GSK690693,NTERA2,-0.18900431302620033
O14578,CIT,JNJ,NTERA2,-0.25647733597530087
O14578,CIT,KN62,NTERA2,-0.7659266265809068
O14578,CIT,Linsitinib,NTERA2,0.8777279811180628
O14578,CIT,LY2835219,NTERA2,0.5612417471684292
O14578,CIT,Ribociclib,NTERA2,0.21976669558515058
O14578,CIT,AC220,NTERA2,0.4411129549122385
O14578,CIT,Edelfosine,NTERA2,-0.8164941053491839
O14578,CIT,GF109203X,NTERA2,0.46545942815684566
O14578,CIT,Go6976,NTERA2,0.5800308896399606
O14578,CIT,PF4708671,NTERA2,0.22182667389852362
O14578,CIT,SP600125,NTERA2,-0.49397809623505
O14578,CIT,TAK715,NTERA2,0.866872620076137
O14578,CIT,TBCA,NTERA2,-1.2335278582707578
O14578,CIT,AT13148,NTERA2,-1.121255242572393
O14578,CIT,AZ20,NTERA2,-1.3880316905563355
O14578,CIT,AZD6738,NTERA2,-1.0670073247655512
O14578,CIT,Bosutinib,NTERA2,-0.906813541718485
O14578,CIT,Dabrafenib,NTERA2,-1.1595511107563832
O14578,CIT,Dasatinib,NTERA2,-0.27239976908001656
O14578,CIT,DNAPK,NTERA2,-0.18688529346782726
O14578,CIT,H89,NTERA2,1.5761066074577703
O14578,CIT,KD025,NTERA2,0.13889313658600552
O14578,CIT,NU7441,NTERA2,-0.030143788170490148
O14578,CIT,Ripasudil,NTERA2,-0.46964897739971895
O14578,CIT,Vemurafenib,NTERA2,-0.6746150189032716
P15056,BRAF,AZD6482,NTERA2,-1.1623317037545093
P15056,BRAF,CAL101,NTERA2,-0.6325244979047824
P15056,BRAF,GDC0941,NTERA2,-1.289940337915955
P15056,BRAF,HS173,NTERA2,-0.33663869437328187
P15056,BRAF,PIK294,NTERA2,0.10192891611931865
P15056,BRAF,TGX221,NTERA2,-0.0024761019866609154
P15056,BRAF,CX4945,NTERA2,1.0872732999652137
P15056,BRAF,GO6983,NTERA2,0.5458906246855316
P15056,BRAF,KN93,NTERA2,0.44424941116385297
P15056,BRAF,MK2206,NTERA2,0.26984527119414076
P15056,BRAF,AZD5438,NTERA2,1.0662583859986854
P15056,BRAF,FRAX486,NTERA2,-5.1129827394469896
P15056,BRAF,Ku0063794,NTERA2,0.472449413131403
P15056,BRAF,PD153035,NTERA2,1.4932513078164342
P15056,BRAF,PF3758309,NTERA2,0.33772705159157274
P15056,BRAF,Torin,NTERA2,-0.029186973783858275
P15056,BRAF,Trametinib,NTERA2,-6.5473952638212545
P15056,BRAF,AZD1480,NTERA2,-5.177086294037606
P15056,BRAF,AZD5363,NTERA2,1.6289868529511837
P15056,BRAF,BX912,NTERA2,-3.7282802252281337
P15056,BRAF,CHIR99021,NTERA2,0.19156970235087115
P15056,BRAF,GSK2334470,NTERA2,0.7726257341404769
P15056,BRAF,Ipatasertib,NTERA2,0.3912185497443011
P15056,BRAF,LY2090314,NTERA2,-0.21920404897144885
P15056,BRAF,Tofacitinib,NTERA2,-0.18020197637606525
P15056,BRAF,AZD8055,NTERA2,-0.4645337466639164
P15056,BRAF,GDC0994,NTERA2,0.5473926783853055
P15056,BRAF,JNK,NTERA2,-0.5511228761670798
P15056,BRAF,LY2584702,NTERA2,0.028159197620705647
P15056,BRAF,PH797804,NTERA2,-0.4395610834409715
P15056,BRAF,Selumetinib,NTERA2,-3.330283355660303
P15056,BRAF,U73122,NTERA2,-0.08098886980187087
P15056,BRAF,Ulixertinib,NTERA2,1.3933856075388693
P15056,BRAF,Amuvatinib,NTERA2,0.3595930856114965
P15056,BRAF,AZD3759,NTERA2,0.5046632809796439
P15056,BRAF,GSK690693,NTERA2,0.8158682872501657
P15056,BRAF,JNJ,NTERA2,0.20182357040438248
P15056,BRAF,KN62,NTERA2,0.11739964914605651
P15056,BRAF,Linsitinib,NTERA2,-0.20066571038561917
P15056,BRAF,LY2835219,NTERA2,1.9332619240667572
P15056,BRAF,Ribociclib,NTERA2,1.0274980876948143
P15056,BRAF,AC220,NTERA2,-0.044184508710402366
P15056,BRAF,Edelfosine,NTERA2,3.964480900699761
P15056,BRAF,GF109203X,NTERA2,1.2752016766393472
P15056,BRAF,Go6976,NTERA2,-0.23511851571273704
P15056,BRAF,PF4708671,NTERA2,-0.06380759893839517
P15056,BRAF,SP600125,NTERA2,0.5407537312440679
P15056,BRAF,TAK715,NTERA2,0.9235305620176334
P15056,BRAF,TBCA,NTERA2,0.22606186418054605
P15056,BRAF,AT13148,NTERA2,0.8119966253531744
P15056,BRAF,AZ20,NTERA2,-0.0834124265621169
P15056,BRAF,AZD6738,NTERA2,0.2851546278037251
P15056,BRAF,Bosutinib,NTERA2,1.8826597714271924
P15056,BRAF,Dabrafenib,NTERA2,2.3346622788092772
P15056,BRAF,Dasatinib,NTERA2,0.05655739466775408
P15056,BRAF,DNAPK,NTERA2,-0.6813826638567476
P15056,BRAF,H89,NTERA2,-1.5443140322770745
P15056,BRAF,KD025,NTERA2,0.47475305315860933
P15056,BRAF,NU7441,NTERA2,1.1543260380302593
P15056,BRAF,Ripasudil,NTERA2,0.9737464498676925
P15056,BRAF,Vemurafenib,NTERA2,1.0702547455698004
Q9H2K8,TAOK3,AZD6482,NTERA2,
Q9H2K8,TAOK3,CAL101,NTERA2,
Q9H2K8,TAOK3,GDC0941,NTERA2,
Q9H2K8,TAOK3,HS173,NTERA2,
Q9H2K8,TAOK3,PIK294,NTERA2,
Q9H2K8,TAOK3,TGX221,NTERA2,
Q9H2K8,TAOK3,CX4945,NTERA2,
Q9H2K8,TAOK3,GO6983,NTERA2,
Q9H2K8,TAOK3,KN93,NTERA2,
Q9H2K8,TAOK3,MK2206,NTERA2,
Q9H2K8,TAOK3,AZD5438,NTERA2,
Q9H2K8,TAOK3,FRAX486,NTERA2,
Q9H2K8,TAOK3,Ku0063794,NTERA2,
Q9H2K8,TAOK3,PD153035,NTERA2,
Q9H2K8,TAOK3,PF3758309,NTERA2,
Q9H2K8,TAOK3,Torin,NTERA2,
Q9H2K8,TAOK3,Trametinib,NTERA2,
Q9H2K8,TAOK3,AZD1480,NTERA2,
Q9H2K8,TAOK3,AZD5363,NTERA2,
Q9H2K8,TAOK3,BX912,NTERA2,
Q9H2K8,TAOK3,CHIR99021,NTERA2,
Q9H2K8,TAOK3,GSK2334470,NTERA2,
Q9H2K8,TAOK3,Ipatasertib,NTERA2,
Q9H2K8,TAOK3,LY2090314,NTERA2,
Q9H2K8,TAOK3,Tofacitinib,NTERA2,
Q9H2K8,TAOK3,AZD8055,NTERA2,
Q9H2K8,TAOK3,GDC0994,NTERA2,
Q9H2K8,TAOK3,JNK,NTERA2,
Q9H2K8,TAOK3,LY2584702,NTERA2,
Q9H2K8,TAOK3,PH797804,NTERA2,
Q9H2K8,TAOK3,Selumetinib,NTERA2,
Q9H2K8,TAOK3,U73122,NTERA2,
Q9H2K8,TAOK3,Ulixertinib,NTERA2,
Q9H2K8,TAOK3,Amuvatinib,NTERA2,
Q9H2K8,TAOK3,AZD3759,NTERA2,
Q9H2K8,TAOK3,GSK690693,NTERA2,
Q9H2K8,TAOK3,JNJ,NTERA2,
Q9H2K8,TAOK3,KN62,NTERA2,
Q9H2K8,TAOK3,Linsitinib,NTERA2,
Q9H2K8,TAOK3,LY2835219,NTERA2,
Q9H2K8,TAOK3,Ribociclib,NTERA2,
Q9H2K8,TAOK3,AC220,NTERA2,
Q9H2K8,TAOK3,Edelfosine,NTERA2,
Q9H2K8,TAOK3,GF109203X,NTERA2,
Q9H2K8,TAOK3,Go6976,NTERA2,
Q9H2K8,TAOK3,PF4708671,NTERA2,
Q9H2K8,TAOK3,SP600125,NTERA2,
Q9H2K8,TAOK3,TAK715,NTERA2,
Q9H2K8,TAOK3,TBCA,NTERA2,
Q9H2K8,TAOK3,AT13148,NTERA2,
Q9H2K8,TAOK3,AZ20,NTERA2,
Q9H2K8,TAOK3,AZD6738,NTERA2,
Q9H2K8,TAOK3,Bosutinib,NTERA2,
Q9H2K8,TAOK3,Dabrafenib,NTERA2,
Q9H2K8,TAOK3,Dasatinib,NTERA2,
Q9H2K8,TAOK3,DNAPK,NTERA2,
Q9H2K8,TAOK3,H89,NTERA2,
Q9H2K8,TAOK3,KD025,NTERA2,
Q9H2K8,TAOK3,NU7441,NTERA2,
Q9H2K8,TAOK3,Ripasudil,NTERA2,
Q9H2K8,TAOK3,Vemurafenib,NTERA2,
O43353,RIPK2,AZD6482,NTERA2,-1.017175893423874
O43353,RIPK2,CAL101,NTERA2,-1.1413704355915697
O43353,RIPK2,GDC0941,NTERA2,-0.6500826251216805
O43353,RIPK2,HS173,NTERA2,-1.7015819313033196
O43353,RIPK2,PIK294,NTERA2,-1.712997101533764
O43353,RIPK2,TGX221,NTERA2,-0.40203294141011636
O43353,RIPK2,CX4945,NTERA2,-0.0278035546074972
O43353,RIPK2,GO6983,NTERA2,0.032965376482819275
O43353,RIPK2,KN93,NTERA2,-1.68302199394057
O43353,RIPK2,MK2206,NTERA2,-0.3408790621030171
O43353,RIPK2,AZD5438,NTERA2,-1.552312541292894
O43353,RIPK2,FRAX486,NTERA2,-1.5976231118777175
O43353,RIPK2,Ku0063794,NTERA2,-0.3119722643371689
O43353,RIPK2,PD153035,NTERA2,-0.2281901474984318
O43353,RIPK2,PF3758309,NTERA2,0.31272093907204607
O43353,RIPK2,Torin,NTERA2,-0.3049264804685419
O43353,RIPK2,Trametinib,NTERA2,-0.8814321486229556
O43353,RIPK2,AZD1480,NTERA2,-0.38025945193704913
O43353,RIPK2,AZD5363,NTERA2,-0.7313288474407771
O43353,RIPK2,BX912,NTERA2,1.0262801593446678
O43353,RIPK2,CHIR99021,NTERA2,-0.6957162617914369
O43353,RIPK2,GSK2334470,NTERA2,-0.2017308926956659
O43353,RIPK2,Ipatasertib,NTERA2,-0.7714859218575454
O43353,RIPK2,LY2090314,NTERA2,-0.6213899312263436
O43353,RIPK2,Tofacitinib,NTERA2,-0.5799674764517486
O43353,RIPK2,AZD8055,NTERA2,-0.24408703918664665
O43353,RIPK2,GDC0994,NTERA2,-0.21402723143223543
O43353,RIPK2,JNK,NTERA2,-0.23054577589338668
O43353,RIPK2,LY2584702,NTERA2,-0.9502418903622354
O43353,RIPK2,PH797804,NTERA2,-0.20402159458816696
O43353,RIPK2,Selumetinib,NTERA2,-0.40534137480311583
O43353,RIPK2,U73122,NTERA2,-0.2578220387431051
O43353,RIPK2,Ulixertinib,NTERA2,-0.2722896725902916
O43353,RIPK2,Amuvatinib,NTERA2,0.04709796564019001
O43353,RIPK2,AZD3759,NTERA2,-0.21366812944278857
O43353,RIPK2,GSK690693,NTERA2,0.01096076187147485
O43353,RIPK2,JNJ,NTERA2,-0.48627373219040043
O43353,RIPK2,KN62,NTERA2,0.5864583603958975
O43353,RIPK2,Linsitinib,NTERA2,1.0741334183182751
O43353,RIPK2,LY2835219,NTERA2,-0.593661353839495
O43353,RIPK2,Ribociclib,NTERA2,-0.589555193770815
O43353,RIPK2,AC220,NTERA2,-3.020856231254827
O43353,RIPK2,Edelfosine,NTERA2,0.1915578185557612
O43353,RIPK2,GF109203X,NTERA2,0.8815554399314426
O43353,RIPK2,Go6976,NTERA2,-2.224249285687381
O43353,RIPK2,PF4708671,NTERA2,-0.4809405487899022
O43353,RIPK2,SP600125,NTERA2,0.8603356309503337
O43353,RIPK2,TAK715,NTERA2,0.923386617251172
O43353,RIPK2,TBCA,NTERA2,0.009802340372894935
O43353,RIPK2,AT13148,NTERA2,-0.30214543944302785
O43353,RIPK2,AZ20,NTERA2,0.13153277744283995
O43353,RIPK2,AZD6738,NTERA2,-4.011873914980153
O43353,RIPK2,Bosutinib,NTERA2,-0.10917751074568025
O43353,RIPK2,Dabrafenib,NTERA2,-0.5083069102997168
O43353,RIPK2,Dasatinib,NTERA2,-0.5744384192668461
O43353,RIPK2,DNAPK,NTERA2,-1.0424697011594561
O43353,RIPK2,H89,NTERA2,-0.385014624135219
O43353,RIPK2,KD025,NTERA2,-0.41292937176778505
O43353,RIPK2,NU7441,NTERA2,-1.082379151545484
O43353,RIPK2,Ripasudil,NTERA2,-3.5923337083498534
O43353,RIPK2,Vemurafenib,NTERA2,-0.9357300942431104
Q9UEW8,STK39,AZD6482,NTERA2,4.249110672426382
Q9UEW8,STK39,CAL101,NTERA2,3.2837157557164467
Q9UEW8,STK39,GDC0941,NTERA2,1.3499405987975848
Q9UEW8,STK39,HS173,NTERA2,1.3894195663116542
Q9UEW8,STK39,PIK294,NTERA2,4.385456498798732
Q9UEW8,STK39,TGX221,NTERA2,1.1014977572709745
Q9UEW8,STK39,CX4945,NTERA2,3.3981280870467008
Q9UEW8,STK39,GO6983,NTERA2,-0.4721813629693309
Q9UEW8,STK39,KN93,NTERA2,0.7410531799350303
Q9UEW8,STK39,MK2206,NTERA2,3.5357323080166347
Q9UEW8,STK39,AZD5438,NTERA2,-0.36983835079426547
Q9UEW8,STK39,FRAX486,NTERA2,-0.1393542784577509
Q9UEW8,STK39,Ku0063794,NTERA2,0.2450951851726596
Q9UEW8,STK39,PD153035,NTERA2,0.22651267228509395
Q9UEW8,STK39,PF3758309,NTERA2,-0.1836324650637342
Q9UEW8,STK39,Torin,NTERA2,0.6449527142872497
Q9UEW8,STK39,Trametinib,NTERA2,0.15771758854930296
Q9UEW8,STK39,AZD1480,NTERA2,0.2880005763709609
Q9UEW8,STK39,AZD5363,NTERA2,-0.16287454411576655
Q9UEW8,STK39,BX912,NTERA2,0.04739642913738259
Q9UEW8,STK39,CHIR99021,NTERA2,0.14766965167834253
Q9UEW8,STK39,GSK2334470,NTERA2,0.6306276695964715
Q9UEW8,STK39,Ipatasertib,NTERA2,0.22302176957620157
Q9UEW8,STK39,LY2090314,NTERA2,-0.1533226566286094
Q9UEW8,STK39,Tofacitinib,NTERA2,-0.0034123922784478353
Q9UEW8,STK39,AZD8055,NTERA2,-0.053226934834799594
Q9UEW8,STK39,GDC0994,NTERA2,0.11783469368612065
Q9UEW8,STK39,JNK,NTERA2,0.17714562163223627
Q9UEW8,STK39,LY2584702,NTERA2,0.46453620016609826
Q9UEW8,STK39,PH797804,NTERA2,0.5294512380870888
Q9UEW8,STK39,Selumetinib,NTERA2,-0.42266441904707336
Q9UEW8,STK39,U73122,NTERA2,0.16665770039201713
Q9UEW8,STK39,Ulixertinib,NTERA2,0.27075887294069073
Q9UEW8,STK39,Amuvatinib,NTERA2,0.46749339073942614
Q9UEW8,STK39,AZD3759,NTERA2,-0.2226526417588922
Q9UEW8,STK39,GSK690693,NTERA2,1.0054239611773583
Q9UEW8,STK39,JNJ,NTERA2,-0.45980277645433315
Q9UEW8,STK39,KN62,NTERA2,-0.7063714736561807
Q9UEW8,STK39,Linsitinib,NTERA2,2.0438116822617647
Q9UEW8,STK39,LY2835219,NTERA2,0.8063225292000016
Q9UEW8,STK39,Ribociclib,NTERA2,-1.8195935078455314
Q9UEW8,STK39,AC220,NTERA2,-2.676737781400844
Q9UEW8,STK39,Edelfosine,NTERA2,-0.46699586404574017
Q9UEW8,STK39,GF109203X,NTERA2,1.187589076504863
Q9UEW8,STK39,Go6976,NTERA2,-1.5054344213266257
Q9UEW8,STK39,PF4708671,NTERA2,0.5025108834415316
Q9UEW8,STK39,SP600125,NTERA2,-4.619418160022626
Q9UEW8,STK39,TAK715,NTERA2,1.6256813690949834
Q9UEW8,STK39,TBCA,NTERA2,-1.5147016840516634
Q9UEW8,STK39,AT13148,NTERA2,0.4076365913342065
Q9UEW8,STK39,AZ20,NTERA2,0.3143251286035681
Q9UEW8,STK39,AZD6738,NTERA2,-0.3831118076634491
Q9UEW8,STK39,Bosutinib,NTERA2,0.2707863374891519
Q9UEW8,STK39,Dabrafenib,NTERA2,-4.407279874640442
Q9UEW8,STK39,Dasatinib,NTERA2,-0.4051587694475848
Q9UEW8,STK39,DNAPK,NTERA2,0.13437482996917316
Q9UEW8,STK39,H89,NTERA2,-0.011612681298812674
Q9UEW8,STK39,KD025,NTERA2,-1.3227133297334597
Q9UEW8,STK39,NU7441,NTERA2,-0.23992508098678564
Q9UEW8,STK39,Ripasudil,NTERA2,0.2521634479981604
Q9UEW8,STK39,Vemurafenib,NTERA2,-0.9373354165009765
O00418,EEF2K,AZD6482,NTERA2,1.4678601508319535
O00418,EEF2K,CAL101,NTERA2,-0.3258917436061675
O00418,EEF2K,GDC0941,NTERA2,2.36453017044458
O00418,EEF2K,HS173,NTERA2,0.4619407827852143
O00418,EEF2K,PIK294,NTERA2,-0.039200292470269696
O00418,EEF2K,TGX221,NTERA2,-0.5101974490417905
O00418,EEF2K,CX4945,NTERA2,0.06307317059997546
O00418,EEF2K,GO6983,NTERA2,-0.11346852200290525
O00418,EEF2K,KN93,NTERA2,-0.5005040471677091
O00418,EEF2K,MK2206,NTERA2,-0.6609772009548968
O00418,EEF2K,AZD5438,NTERA2,-0.6189354230702951
O00418,EEF2K,FRAX486,NTERA2,0.7065248362044845
O00418,EEF2K,Ku0063794,NTERA2,0.33626332722087965
O00418,EEF2K,PD153035,NTERA2,1.3756218823731632
O00418,EEF2K,PF3758309,NTERA2,0.18321475341253254
O00418,EEF2K,Torin,NTERA2,0.10093016761412396
O00418,EEF2K,Trametinib,NTERA2,0.3591600602611084
O00418,EEF2K,AZD1480,NTERA2,-0.3959779576605783
O00418,EEF2K,AZD5363,NTERA2,-4.67319342880613
O00418,EEF2K,BX912,NTERA2,-0.2760441766645589
O00418,EEF2K,CHIR99021,NTERA2,-0.8191185856950269
O00418,EEF2K,GSK2334470,NTERA2,1.3151213514530082
O00418,EEF2K,Ipatasertib,NTERA2,-0.7924046962968175
O00418,EEF2K,LY2090314,NTERA2,-0.7817108816344425
O00418,EEF2K,Tofacitinib,NTERA2,-1.80203960063057
O00418,EEF2K,AZD8055,NTERA2,1.4171626475819317
O00418,EEF2K,GDC0994,NTERA2,-0.9122013018647394
O00418,EEF2K,JNK,NTERA2,0.16200419642694172
O00418,EEF2K,LY2584702,NTERA2,-1.232730462768206
O00418,EEF2K,PH797804,NTERA2,0.4434476496050184
O00418,EEF2K,Selumetinib,NTERA2,0.8142365461123551
O00418,EEF2K,U73122,NTERA2,1.8192434726336646
O00418,EEF2K,Ulixertinib,NTERA2,0.634543955493236
O00418,EEF2K,Amuvatinib,NTERA2,-0.9391451704630779
O00418,EEF2K,AZD3759,NTERA2,-0.34202635969410006
O00418,EEF2K,GSK690693,NTERA2,-0.06506657181505467
O00418,EEF2K,JNJ,NTERA2,-0.2631477261514258
O00418,EEF2K,KN62,NTERA2,-1.00978959835606
O00418,EEF2K,Linsitinib,NTERA2,-0.21596881528562112
O00418,EEF2K,LY2835219,NTERA2,1.9250365772786449
O00418,EEF2K,Ribociclib,NTERA2,-0.07148898786544833
O00418,EEF2K,AC220,NTERA2,-6.19963579416328
O00418,EEF2K,Edelfosine,NTERA2,1.8509025055565542
O00418,EEF2K,GF109203X,NTERA2,-1.8006873815480344
O00418,EEF2K,Go6976,NTERA2,-0.22004761219107077
O00418,EEF2K,PF4708671,NTERA2,-1.4979298150447493
O00418,EEF2K,SP600125,NTERA2,-1.461846331769611
O00418,EEF2K,TAK715,NTERA2,-0.9856671824433785
O00418,EEF2K,TBCA,NTERA2,-1.7923513505238442
O00418,EEF2K,AT13148,NTERA2,3.888057321245973
O00418,EEF2K,AZ20,NTERA2,3.6898727776840854
O00418,EEF2K,AZD6738,NTERA2,3.804864427303851
O00418,EEF2K,Bosutinib,NTERA2,4.664047947659815
O00418,EEF2K,Dabrafenib,NTERA2,3.216911861754783
O00418,EEF2K,Dasatinib,NTERA2,1.0041665149514942
O00418,EEF2K,DNAPK,NTERA2,7.4535110153187025
O00418,EEF2K,H89,NTERA2,4.54756446614788
O00418,EEF2K,KD025,NTERA2,-0.7639064914855568
O00418,EEF2K,NU7441,NTERA2,2.7624688139206186
O00418,EEF2K,Ripasudil,NTERA2,3.4029872498158085
O00418,EEF2K,Vemurafenib,NTERA2,1.9348129309937856
O94806,PRKD3,AZD6482,NTERA2,-1.0579074944308353
O94806,PRKD3,CAL101,NTERA2,-0.8174005705364256
O94806,PRKD3,GDC0941,NTERA2,-1.6549258341347557
O94806,PRKD3,HS173,NTERA2,-1.2908291046691276
O94806,PRKD3,PIK294,NTERA2,-0.9068501334621206
O94806,PRKD3,TGX221,NTERA2,-0.820719289729468
O94806,PRKD3,CX4945,NTERA2,0.6171147852598444
O94806,PRKD3,GO6983,NTERA2,-4.672859134774405
O94806,PRKD3,KN93,NTERA2,-0.01203110363694481
O94806,PRKD3,MK2206,NTERA2,1.0951051773692972
O94806,PRKD3,AZD5438,NTERA2,-1.1290968682309848
O94806,PRKD3,FRAX486,NTERA2,-0.7469339775520996
O94806,PRKD3,Ku0063794,NTERA2,-0.6086058058268718
O94806,PRKD3,PD153035,NTERA2,0.699267283068282
O94806,PRKD3,PF3758309,NTERA2,-0.8330027140647855
O94806,PRKD3,Torin,NTERA2,-0.7164910788288438
O94806,PRKD3,Trametinib,NTERA2,-0.5311016753746911
O94806,PRKD3,AZD1480,NTERA2,-1.2589021307477493
O94806,PRKD3,AZD5363,NTERA2,-2.162542037137689
O94806,PRKD3,BX912,NTERA2,-1.3000390068925753
O94806,PRKD3,CHIR99021,NTERA2,-2.9502717979717232
O94806,PRKD3,GSK2334470,NTERA2,-1.5553765340975976
O94806,PRKD3,Ipatasertib,NTERA2,-1.084041191703068
O94806,PRKD3,LY2090314,NTERA2,-2.283179000798475
O94806,PRKD3,Tofacitinib,NTERA2,-1.2306240876058578
O94806,PRKD3,AZD8055,NTERA2,-0.9194934445751434
O94806,PRKD3,GDC0994,NTERA2,0.9030622958778661
O94806,PRKD3,JNK,NTERA2,-0.6301979887159119
O94806,PRKD3,LY2584702,NTERA2,-0.37926381043562696
O94806,PRKD3,PH797804,NTERA2,-0.199655343913399
O94806,PRKD3,Selumetinib,NTERA2,0.0836299022799071
O94806,PRKD3,U73122,NTERA2,0.3096975981794933
O94806,PRKD3,Ulixertinib,NTERA2,0.2022662790294381
O94806,PRKD3,Amuvatinib,NTERA2,-0.5546645504889877
O94806,PRKD3,AZD3759,NTERA2,-0.7571202909394011
O94806,PRKD3,GSK690693,NTERA2,-3.0883827700155253
O94806,PRKD3,JNJ,NTERA2,-0.5743189656109033
O94806,PRKD3,KN62,NTERA2,-0.9036965403577245
O94806,PRKD3,Linsitinib,NTERA2,-1.3100265666433248
O94806,PRKD3,LY2835219,NTERA2,-0.8827537541661439
O94806,PRKD3,Ribociclib,NTERA2,-0.2684871580408311
O94806,PRKD3,AC220,NTERA2,-0.8672171223133357
O94806,PRKD3,Edelfosine,NTERA2,0.735319031518358
O94806,PRKD3,GF109203X,NTERA2,-2.409601637569117
O94806,PRKD3,Go6976,NTERA2,-0.731766156475793
O94806,PRKD3,PF4708671,NTERA2,-0.14773859194653438
O94806,PRKD3,SP600125,NTERA2,-0.3838769062582688
O94806,PRKD3,TAK715,NTERA2,-1.602957174475044
O94806,PRKD3,TBCA,NTERA2,-1.1356405271324745
O94806,PRKD3,AT13148,NTERA2,-0.0990054933186161
O94806,PRKD3,AZ20,NTERA2,0.049417111354416045
O94806,PRKD3,AZD6738,NTERA2,0.19133395518247914
O94806,PRKD3,Bosutinib,NTERA2,0.5389894448591113
O94806,PRKD3,Dabrafenib,NTERA2,0.5266078033782082
O94806,PRKD3,Dasatinib,NTERA2,0.8159175217072245
O94806,PRKD3,DNAPK,NTERA2,-0.8467032727490524
O94806,PRKD3,H89,NTERA2,-0.579945458516238
O94806,PRKD3,KD025,NTERA2,1.4421298553707411
O94806,PRKD3,NU7441,NTERA2,0.8278915397251514
O94806,PRKD3,Ripasudil,NTERA2,0.8958501336753042
O94806,PRKD3,Vemurafenib,NTERA2,0.008260004706498104
O95747,OXSR1,AZD6482,NTERA2,
O95747,OXSR1,CAL101,NTERA2,
O95747,OXSR1,GDC0941,NTERA2,
O95747,OXSR1,HS173,NTERA2,
O95747,OXSR1,PIK294,NTERA2,
O95747,OXSR1,TGX221,NTERA2,
O95747,OXSR1,CX4945,NTERA2,
O95747,OXSR1,GO6983,NTERA2,
O95747,OXSR1,KN93,NTERA2,
O95747,OXSR1,MK2206,NTERA2,
O95747,OXSR1,AZD5438,NTERA2,
O95747,OXSR1,FRAX486,NTERA2,
O95747,OXSR1,Ku0063794,NTERA2,
O95747,OXSR1,PD153035,NTERA2,
O95747,OXSR1,PF3758309,NTERA2,
O95747,OXSR1,Torin,NTERA2,
O95747,OXSR1,Trametinib,NTERA2,
O95747,OXSR1,AZD1480,NTERA2,
O95747,OXSR1,AZD5363,NTERA2,
O95747,OXSR1,BX912,NTERA2,
O95747,OXSR1,CHIR99021,NTERA2,
O95747,OXSR1,GSK2334470,NTERA2,
O95747,OXSR1,Ipatasertib,NTERA2,
O95747,OXSR1,LY2090314,NTERA2,
O95747,OXSR1,Tofacitinib,NTERA2,
O95747,OXSR1,AZD8055,NTERA2,
O95747,OXSR1,GDC0994,NTERA2,
O95747,OXSR1,JNK,NTERA2,
O95747,OXSR1,LY2584702,NTERA2,
O95747,OXSR1,PH797804,NTERA2,
O95747,OXSR1,Selumetinib,NTERA2,
O95747,OXSR1,U73122,NTERA2,
O95747,OXSR1,Ulixertinib,NTERA2,
O95747,OXSR1,Amuvatinib,NTERA2,
O95747,OXSR1,AZD3759,NTERA2,
O95747,OXSR1,GSK690693,NTERA2,
O95747,OXSR1,JNJ,NTERA2,
O95747,OXSR1,KN62,NTERA2,
O95747,OXSR1,Linsitinib,NTERA2,
O95747,OXSR1,LY2835219,NTERA2,
O95747,OXSR1,Ribociclib,NTERA2,
O95747,OXSR1,AC220,NTERA2,
O95747,OXSR1,Edelfosine,NTERA2,
O95747,OXSR1,GF109203X,NTERA2,
O95747,OXSR1,Go6976,NTERA2,
O95747,OXSR1,PF4708671,NTERA2,
O95747,OXSR1,SP600125,NTERA2,
O95747,OXSR1,TAK715,NTERA2,
O95747,OXSR1,TBCA,NTERA2,
O95747,OXSR1,AT13148,NTERA2,
O95747,OXSR1,AZ20,NTERA2,
O95747,OXSR1,AZD6738,NTERA2,
O95747,OXSR1,Bosutinib,NTERA2,
O95747,OXSR1,Dabrafenib,NTERA2,
O95747,OXSR1,Dasatinib,NTERA2,
O95747,OXSR1,DNAPK,NTERA2,
O95747,OXSR1,H89,NTERA2,
O95747,OXSR1,KD025,NTERA2,
O95747,OXSR1,NU7441,NTERA2,
O95747,OXSR1,Ripasudil,NTERA2,
O95747,OXSR1,Vemurafenib,NTERA2,
Q13546,RIPK1,AZD6482,NTERA2,0.08659338781607447
Q13546,RIPK1,CAL101,NTERA2,0.013587836013139587
Q13546,RIPK1,GDC0941,NTERA2,0.25780341612239344
Q13546,RIPK1,HS173,NTERA2,0.47210573127670086
Q13546,RIPK1,PIK294,NTERA2,0.24527424617451213
Q13546,RIPK1,TGX221,NTERA2,0.38933945737581177
Q13546,RIPK1,CX4945,NTERA2,-0.27000367695239375
Q13546,RIPK1,GO6983,NTERA2,0.033423967447318945
Q13546,RIPK1,KN93,NTERA2,-0.2918124452002321
Q13546,RIPK1,MK2206,NTERA2,-0.31532955075307767
Q13546,RIPK1,AZD5438,NTERA2,-0.4146609972821852
Q13546,RIPK1,FRAX486,NTERA2,0.14467493756318617
Q13546,RIPK1,Ku0063794,NTERA2,0.14323185899574745
Q13546,RIPK1,PD153035,NTERA2,0.2648805700916975
Q13546,RIPK1,PF3758309,NTERA2,0.33913860556893743
Q13546,RIPK1,Torin,NTERA2,0.1956625973907797
Q13546,RIPK1,Trametinib,NTERA2,-0.06503066445804852
Q13546,RIPK1,AZD1480,NTERA2,0.33890580331729986
Q13546,RIPK1,AZD5363,NTERA2,0.41549972122221385
Q13546,RIPK1,BX912,NTERA2,-0.16663722127454605
Q13546,RIPK1,CHIR99021,NTERA2,0.05225351847060399
Q13546,RIPK1,GSK2334470,NTERA2,-0.2279815629261348
Q13546,RIPK1,Ipatasertib,NTERA2,-0.08843950669881057
Q13546,RIPK1,LY2090314,NTERA2,0.13118648712445014
Q13546,RIPK1,Tofacitinib,NTERA2,-0.004098738095615245
Q13546,RIPK1,AZD8055,NTERA2,0.1169665552791929
Q13546,RIPK1,GDC0994,NTERA2,0.04344959014498048
Q13546,RIPK1,JNK,NTERA2,0.27081654197393107
Q13546,RIPK1,LY2584702,NTERA2,0.342703540507414
Q13546,RIPK1,PH797804,NTERA2,0.22031294648737187
Q13546,RIPK1,Selumetinib,NTERA2,0.24428356323805286
Q13546,RIPK1,U73122,NTERA2,0.19651550159919187
Q13546,RIPK1,Ulixertinib,NTERA2,0.170564922769318
Q13546,RIPK1,Amuvatinib,NTERA2,0.31892052582615704
Q13546,RIPK1,AZD3759,NTERA2,0.3744455130315952
Q13546,RIPK1,GSK690693,NTERA2,0.47600831218138073
Q13546,RIPK1,JNJ,NTERA2,0.3191081074131615
Q13546,RIPK1,KN62,NTERA2,0.23701010337038722
Q13546,RIPK1,Linsitinib,NTERA2,0.28094697869601437
Q13546,RIPK1,LY2835219,NTERA2,0.22390867270761355
Q13546,RIPK1,Ribociclib,NTERA2,0.03996937783992284
Q13546,RIPK1,AC220,NTERA2,0.46999488890551444
Q13546,RIPK1,Edelfosine,NTERA2,-0.21500894328098105
Q13546,RIPK1,GF109203X,NTERA2,0.06326389763539621
Q13546,RIPK1,Go6976,NTERA2,0.3002845836544045
Q13546,RIPK1,PF4708671,NTERA2,0.2204490239892721
Q13546,RIPK1,SP600125,NTERA2,0.1735975475798521
Q13546,RIPK1,TAK715,NTERA2,0.2082382451797735
Q13546,RIPK1,TBCA,NTERA2,-0.05423073877488779
Q13546,RIPK1,AT13148,NTERA2,0.053641957565446076
Q13546,RIPK1,AZ20,NTERA2,0.30837650782670045
Q13546,RIPK1,AZD6738,NTERA2,0.26917689920267474
Q13546,RIPK1,Bosutinib,NTERA2,0.2716819205121974
Q13546,RIPK1,Dabrafenib,NTERA2,0.06349778484349389
Q13546,RIPK1,Dasatinib,NTERA2,-0.023375323853757127
Q13546,RIPK1,DNAPK,NTERA2,0.11311662930339719
Q13546,RIPK1,H89,NTERA2,-0.055730696550392034
Q13546,RIPK1,KD025,NTERA2,0.2991502798832205
Q13546,RIPK1,NU7441,NTERA2,-0.16338053911627212
Q13546,RIPK1,Ripasudil,NTERA2,0.059766178468520184
Q13546,RIPK1,Vemurafenib,NTERA2,-0.09214663721076383
O76039,CDKL5,AZD6482,NTERA2,0.5318601026225802
O76039,CDKL5,CAL101,NTERA2,1.5358779710768868
O76039,CDKL5,GDC0941,NTERA2,0.886619945197684
O76039,CDKL5,HS173,NTERA2,1.434520810147237
O76039,CDKL5,PIK294,NTERA2,1.8953697402001315
O76039,CDKL5,TGX221,NTERA2,1.7934025839311354
O76039,CDKL5,CX4945,NTERA2,-0.9044181709928161
O76039,CDKL5,GO6983,NTERA2,0.37702905351466914
O76039,CDKL5,KN93,NTERA2,-1.1455043062542747
O76039,CDKL5,MK2206,NTERA2,-0.13030536763184372
O76039,CDKL5,AZD5438,NTERA2,-0.7983045842330989
O76039,CDKL5,FRAX486,NTERA2,-0.9982290959153134
O76039,CDKL5,Ku0063794,NTERA2,-1.334938923978714
O76039,CDKL5,PD153035,NTERA2,-0.2020859159437091
O76039,CDKL5,PF3758309,NTERA2,-0.43232080813179125
O76039,CDKL5,Torin,NTERA2,-1.0246640729225136
O76039,CDKL5,Trametinib,NTERA2,-0.31823014962260665
O76039,CDKL5,AZD1480,NTERA2,0.5160793989556955
O76039,CDKL5,AZD5363,NTERA2,0.10248741784269955
O76039,CDKL5,BX912,NTERA2,-0.31264418480569406
O76039,CDKL5,CHIR99021,NTERA2,1.0617419614597332
O76039,CDKL5,GSK2334470,NTERA2,-0.7810437520019206
O76039,CDKL5,Ipatasertib,NTERA2,-0.5459682451345453
O76039,CDKL5,LY2090314,NTERA2,0.8090859197083269
O76039,CDKL5,Tofacitinib,NTERA2,0.1374477526335377
O76039,CDKL5,AZD8055,NTERA2,0.5577699668875583
O76039,CDKL5,GDC0994,NTERA2,0.11108473106558475
O76039,CDKL5,JNK,NTERA2,-0.6293251254421418
O76039,CDKL5,LY2584702,NTERA2,-1.288503443030408
O76039,CDKL5,PH797804,NTERA2,0.3386390699243007
O76039,CDKL5,Selumetinib,NTERA2,0.6173812454853657
O76039,CDKL5,U73122,NTERA2,0.7330944214669877
O76039,CDKL5,Ulixertinib,NTERA2,0.4959728932405339
O76039,CDKL5,Amuvatinib,NTERA2,1.3451457837177927
O76039,CDKL5,AZD3759,NTERA2,0.7986101506664186
O76039,CDKL5,GSK690693,NTERA2,-0.17690816705064355
O76039,CDKL5,JNJ,NTERA2,0.833742757797465
O76039,CDKL5,KN62,NTERA2,0.8356774666562217
O76039,CDKL5,Linsitinib,NTERA2,0.5169198710330293
O76039,CDKL5,LY2835219,NTERA2,-0.5623472265889036
O76039,CDKL5,Ribociclib,NTERA2,-0.18757036230648855
O76039,CDKL5,AC220,NTERA2,0.3928518382035812
O76039,CDKL5,Edelfosine,NTERA2,0.7550213948683377
O76039,CDKL5,GF109203X,NTERA2,-1.7990181972319705
O76039,CDKL5,Go6976,NTERA2,-0.6184118532769388
O76039,CDKL5,PF4708671,NTERA2,0.41667102654245103
O76039,CDKL5,SP600125,NTERA2,0.47965178016706467
O76039,CDKL5,TAK715,NTERA2,0.7986321665179658
O76039,CDKL5,TBCA,NTERA2,-0.16949404577152843
O76039,CDKL5,AT13148,NTERA2,-2.4155120811055335
O76039,CDKL5,AZ20,NTERA2,-1.541489154135948
O76039,CDKL5,AZD6738,NTERA2,-0.9547017944864694
O76039,CDKL5,Bosutinib,NTERA2,-1.4377662885921476
O76039,CDKL5,Dabrafenib,NTERA2,-1.0585907780049852
O76039,CDKL5,Dasatinib,NTERA2,-0.8596181092169536
O76039,CDKL5,DNAPK,NTERA2,-0.5131665931414627
O76039,CDKL5,H89,NTERA2,-0.5204070852015197
O76039,CDKL5,KD025,NTERA2,-0.5116575092055117
O76039,CDKL5,NU7441,NTERA2,-1.3635742064225227
O76039,CDKL5,Ripasudil,NTERA2,-1.5296028567534876
O76039,CDKL5,Vemurafenib,NTERA2,-2.1908204557279505
Q9Y572,RIPK3,AZD6482,NTERA2,-0.02793891129443831
Q9Y572,RIPK3,CAL101,NTERA2,-0.11278099620349084
Q9Y572,RIPK3,GDC0941,NTERA2,-0.07218560121084276
Q9Y572,RIPK3,HS173,NTERA2,0.3909936348312202
Q9Y572,RIPK3,PIK294,NTERA2,0.3590204065561968
Q9Y572,RIPK3,TGX221,NTERA2,0.432107080416076
Q9Y572,RIPK3,CX4945,NTERA2,0.12497069558455116
Q9Y572,RIPK3,GO6983,NTERA2,0.27444848248039583
Q9Y572,RIPK3,KN93,NTERA2,0.2866182566132832
Q9Y572,RIPK3,MK2206,NTERA2,0.0367303167812111
Q9Y572,RIPK3,AZD5438,NTERA2,0.15981462936776095
Q9Y572,RIPK3,FRAX486,NTERA2,0.19647942103652025
Q9Y572,RIPK3,Ku0063794,NTERA2,0.2472033500721026
Q9Y572,RIPK3,PD153035,NTERA2,0.1895744951229497
Q9Y572,RIPK3,PF3758309,NTERA2,0.095987057160783
Q9Y572,RIPK3,Torin,NTERA2,0.10430912752996266
Q9Y572,RIPK3,Trametinib,NTERA2,0.05023131302574033
Q9Y572,RIPK3,AZD1480,NTERA2,-0.2553869716991626
Q9Y572,RIPK3,AZD5363,NTERA2,0.014513898540564965
Q9Y572,RIPK3,BX912,NTERA2,-0.7658895924298995
Q9Y572,RIPK3,CHIR99021,NTERA2,0.270447969677998
Q9Y572,RIPK3,GSK2334470,NTERA2,-0.330099553021917
Q9Y572,RIPK3,Ipatasertib,NTERA2,-0.23244279733425294
Q9Y572,RIPK3,LY2090314,NTERA2,0.16749065196914156
Q9Y572,RIPK3,Tofacitinib,NTERA2,0.01087673692752328
Q9Y572,RIPK3,AZD8055,NTERA2,0.2600423903164999
Q9Y572,RIPK3,GDC0994,NTERA2,-0.15838128669538593
Q9Y572,RIPK3,JNK,NTERA2,0.2520691016577536
Q9Y572,RIPK3,LY2584702,NTERA2,-0.039829811297586774
Q9Y572,RIPK3,PH797804,NTERA2,0.0016900777684123714
Q9Y572,RIPK3,Selumetinib,NTERA2,0.3231467825356207
Q9Y572,RIPK3,U73122,NTERA2,0.2870864054696222
Q9Y572,RIPK3,Ulixertinib,NTERA2,0.15724382390823957
Q9Y572,RIPK3,Amuvatinib,NTERA2,0.3231119736364637
Q9Y572,RIPK3,AZD3759,NTERA2,0.21380064796974335
Q9Y572,RIPK3,GSK690693,NTERA2,0.12291435619052235
Q9Y572,RIPK3,JNJ,NTERA2,0.09314145267451043
Q9Y572,RIPK3,KN62,NTERA2,0.3377681223867882
Q9Y572,RIPK3,Linsitinib,NTERA2,0.2058956945584478
Q9Y572,RIPK3,LY2835219,NTERA2,0.01276927568231976
Q9Y572,RIPK3,Ribociclib,NTERA2,-0.02147965079814625
Q9Y572,RIPK3,AC220,NTERA2,0.1474660555702208
Q9Y572,RIPK3,Edelfosine,NTERA2,0.2614184561993694
Q9Y572,RIPK3,GF109203X,NTERA2,-0.39405802092816766
Q9Y572,RIPK3,Go6976,NTERA2,-0.4831462155753203
Q9Y572,RIPK3,PF4708671,NTERA2,0.14616396100905238
Q9Y572,RIPK3,SP600125,NTERA2,-0.21949990186783647
Q9Y572,RIPK3,TAK715,NTERA2,-0.04111223993398167
Q9Y572,RIPK3,TBCA,NTERA2,-0.37326263565959256
Q9Y572,RIPK3,AT13148,NTERA2,0.13548700162357377
Q9Y572,RIPK3,AZ20,NTERA2,0.24113465643153273
Q9Y572,RIPK3,AZD6738,NTERA2,0.3149334788682184
Q9Y572,RIPK3,Bosutinib,NTERA2,0.23908046481978332
Q9Y572,RIPK3,Dabrafenib,NTERA2,0.17526152985265128
Q9Y572,RIPK3,Dasatinib,NTERA2,0.19221373704804315
Q9Y572,RIPK3,DNAPK,NTERA2,-0.0017135703060102397
Q9Y572,RIPK3,H89,NTERA2,-0.0053433497675195035
Q9Y572,RIPK3,KD025,NTERA2,0.18934611056448095
Q9Y572,RIPK3,NU7441,NTERA2,0.053293369369060525
Q9Y572,RIPK3,Ripasudil,NTERA2,0.3066638942032042
Q9Y572,RIPK3,Vemurafenib,NTERA2,0.05330896207479744
Q9Y2K2,SIK3,AZD6482,NTERA2,0.4894859213217596
Q9Y2K2,SIK3,CAL101,NTERA2,0.4156460541933693
Q9Y2K2,SIK3,GDC0941,NTERA2,-0.916755398841299
Q9Y2K2,SIK3,HS173,NTERA2,-0.08779747634674993
Q9Y2K2,SIK3,PIK294,NTERA2,-0.26554970253909044
Q9Y2K2,SIK3,TGX221,NTERA2,-0.011180259324295795
Q9Y2K2,SIK3,CX4945,NTERA2,0.1359127558682625
Q9Y2K2,SIK3,GO6983,NTERA2,0.1980360034558456
Q9Y2K2,SIK3,KN93,NTERA2,0.013282657691383806
Q9Y2K2,SIK3,MK2206,NTERA2,0.32820340309790147
Q9Y2K2,SIK3,AZD5438,NTERA2,0.1576686751411008
Q9Y2K2,SIK3,FRAX486,NTERA2,-0.491222347405617
Q9Y2K2,SIK3,Ku0063794,NTERA2,-0.10861964958643026
Q9Y2K2,SIK3,PD153035,NTERA2,0.005593384108947925
Q9Y2K2,SIK3,PF3758309,NTERA2,0.08871865200819887
Q9Y2K2,SIK3,Torin,NTERA2,0.10466540087107373
Q9Y2K2,SIK3,Trametinib,NTERA2,-0.013354346447799
Q9Y2K2,SIK3,AZD1480,NTERA2,-0.19160642244867532
Q9Y2K2,SIK3,AZD5363,NTERA2,-0.1177058413892024
Q9Y2K2,SIK3,BX912,NTERA2,-0.7660567323607553
Q9Y2K2,SIK3,CHIR99021,NTERA2,-0.7926762115014695
Q9Y2K2,SIK3,GSK2334470,NTERA2,0.6365076255659233
Q9Y2K2,SIK3,Ipatasertib,NTERA2,0.10008677159903315
Q9Y2K2,SIK3,LY2090314,NTERA2,-0.15825034541437613
Q9Y2K2,SIK3,Tofacitinib,NTERA2,-1.0492636136808982
Q9Y2K2,SIK3,AZD8055,NTERA2,1.1241902156553898
Q9Y2K2,SIK3,GDC0994,NTERA2,1.5458897590324607
Q9Y2K2,SIK3,JNK,NTERA2,1.1778702810447408
Q9Y2K2,SIK3,LY2584702,NTERA2,-0.43258246232791175
Q9Y2K2,SIK3,PH797804,NTERA2,-0.570058563732033
Q9Y2K2,SIK3,Selumetinib,NTERA2,0.16756157879046799
Q9Y2K2,SIK3,U73122,NTERA2,0.4836427798239643
Q9Y2K2,SIK3,Ulixertinib,NTERA2,-0.2750045314972183
Q9Y2K2,SIK3,Amuvatinib,NTERA2,-0.09200807065570123
Q9Y2K2,SIK3,AZD3759,NTERA2,-0.922388402996685
Q9Y2K2,SIK3,GSK690693,NTERA2,-0.019455232708044362
Q9Y2K2,SIK3,JNJ,NTERA2,-0.01135986391872817
Q9Y2K2,SIK3,KN62,NTERA2,0.1311414907522523
Q9Y2K2,SIK3,Linsitinib,NTERA2,-0.09067663919603673
Q9Y2K2,SIK3,LY2835219,NTERA2,-0.13129469479581637
Q9Y2K2,SIK3,Ribociclib,NTERA2,-0.03080927264061814
Q9Y2K2,SIK3,AC220,NTERA2,-0.696810625456354
Q9Y2K2,SIK3,Edelfosine,NTERA2,-1.1328867073105389
Q9Y2K2,SIK3,GF109203X,NTERA2,-1.2448773758912755
Q9Y2K2,SIK3,Go6976,NTERA2,-1.7762455629621139
Q9Y2K2,SIK3,PF4708671,NTERA2,-0.5875618122939051
Q9Y2K2,SIK3,SP600125,NTERA2,-1.029489959474268
Q9Y2K2,SIK3,TAK715,NTERA2,-0.4372187013694269
Q9Y2K2,SIK3,TBCA,NTERA2,-1.5275850662196004
Q9Y2K2,SIK3,AT13148,NTERA2,0.3340928803292868
Q9Y2K2,SIK3,AZ20,NTERA2,2.682423940497945
Q9Y2K2,SIK3,AZD6738,NTERA2,-0.030107201073875458
Q9Y2K2,SIK3,Bosutinib,NTERA2,-0.2890946736947819
Q9Y2K2,SIK3,Dabrafenib,NTERA2,1.1384781726738615
Q9Y2K2,SIK3,Dasatinib,NTERA2,1.5305917895671268
Q9Y2K2,SIK3,DNAPK,NTERA2,-1.0327034246927325
Q9Y2K2,SIK3,H89,NTERA2,-2.2599544750993696
Q9Y2K2,SIK3,KD025,NTERA2,1.9451563880295417
Q9Y2K2,SIK3,NU7441,NTERA2,0.06234803204277204
Q9Y2K2,SIK3,Ripasudil,NTERA2,0.8178041233191325
Q9Y2K2,SIK3,Vemurafenib,NTERA2,-0.38734642402586394
O60885,BRD4,AZD6482,NTERA2,-0.2613686165479483
O60885,BRD4,CAL101,NTERA2,-0.15133179090886437
O60885,BRD4,GDC0941,NTERA2,-0.27891590296080976
O60885,BRD4,HS173,NTERA2,-0.4794654706138714
O60885,BRD4,PIK294,NTERA2,-0.29879132261692365
O60885,BRD4,TGX221,NTERA2,-0.03516516084772234
O60885,BRD4,CX4945,NTERA2,0.040187450555517895
O60885,BRD4,GO6983,NTERA2,-0.9692415154704921
O60885,BRD4,KN93,NTERA2,-0.7150564389481894
O60885,BRD4,MK2206,NTERA2,0.1450495183549342
O60885,BRD4,AZD5438,NTERA2,-0.33053811731897226
O60885,BRD4,FRAX486,NTERA2,-0.025294604892832345
O60885,BRD4,Ku0063794,NTERA2,0.3348604045985332
O60885,BRD4,PD153035,NTERA2,-0.07595072486402264
O60885,BRD4,PF3758309,NTERA2,-0.11471359764712422
O60885,BRD4,Torin,NTERA2,0.38018989456328206
O60885,BRD4,Trametinib,NTERA2,-0.8953186742044579
O60885,BRD4,AZD1480,NTERA2,-1.7276234018681909
O60885,BRD4,AZD5363,NTERA2,-2.028688472283924
O60885,BRD4,BX912,NTERA2,-0.4831832312434637
O60885,BRD4,CHIR99021,NTERA2,-1.5753419048152082
O60885,BRD4,GSK2334470,NTERA2,0.7421459269374691
O60885,BRD4,Ipatasertib,NTERA2,0.2665052064130223
O60885,BRD4,LY2090314,NTERA2,-4.459295897519868
O60885,BRD4,Tofacitinib,NTERA2,-1.6493860527107367
O60885,BRD4,AZD8055,NTERA2,0.09685952177713943
O60885,BRD4,GDC0994,NTERA2,0.10442674377252312
O60885,BRD4,JNK,NTERA2,0.11845548542343301
O60885,BRD4,LY2584702,NTERA2,0.20900254926874082
O60885,BRD4,PH797804,NTERA2,0.06430482753818138
O60885,BRD4,Selumetinib,NTERA2,-0.1694993374192649
O60885,BRD4,U73122,NTERA2,-1.4694272114385432
O60885,BRD4,Ulixertinib,NTERA2,-0.36407551292677753
O60885,BRD4,Amuvatinib,NTERA2,-0.2270828762308094
O60885,BRD4,AZD3759,NTERA2,-0.18812414449517792
O60885,BRD4,GSK690693,NTERA2,-0.29877593214992487
O60885,BRD4,JNJ,NTERA2,-0.32266094489013575
O60885,BRD4,KN62,NTERA2,-0.7904006494757888
O60885,BRD4,Linsitinib,NTERA2,0.2527706206922282
O60885,BRD4,LY2835219,NTERA2,-0.9798101718019012
O60885,BRD4,Ribociclib,NTERA2,-0.40893904081660176
O60885,BRD4,AC220,NTERA2,0.1601166850098794
O60885,BRD4,Edelfosine,NTERA2,0.653095298839416
O60885,BRD4,GF109203X,NTERA2,-0.23179134301775023
O60885,BRD4,Go6976,NTERA2,-0.055483720518752604
O60885,BRD4,PF4708671,NTERA2,0.2349128462521649
O60885,BRD4,SP600125,NTERA2,-0.11600275182470611
O60885,BRD4,TAK715,NTERA2,-0.00147163750305002
O60885,BRD4,TBCA,NTERA2,-0.1748393752404481
O60885,BRD4,AT13148,NTERA2,0.5030434564767012
O60885,BRD4,AZ20,NTERA2,0.5182247002222671
O60885,BRD4,AZD6738,NTERA2,0.4109532671468716
O60885,BRD4,Bosutinib,NTERA2,0.41092192674860756
O60885,BRD4,Dabrafenib,NTERA2,0.30612759388869076
O60885,BRD4,Dasatinib,NTERA2,0.19160744680710023
O60885,BRD4,DNAPK,NTERA2,0.04055603500129077
O60885,BRD4,H89,NTERA2,-0.05917099567001015
O60885,BRD4,KD025,NTERA2,0.056441355131364876
O60885,BRD4,NU7441,NTERA2,0.20038786647354312
O60885,BRD4,Ripasudil,NTERA2,0.12421669535840422
O60885,BRD4,Vemurafenib,NTERA2,-0.209904581923419
Q9UQ88,CDK11A,AZD6482,NTERA2,
Q9UQ88,CDK11A,CAL101,NTERA2,
Q9UQ88,CDK11A,GDC0941,NTERA2,
Q9UQ88,CDK11A,HS173,NTERA2,
Q9UQ88,CDK11A,PIK294,NTERA2,
Q9UQ88,CDK11A,TGX221,NTERA2,
Q9UQ88,CDK11A,CX4945,NTERA2,
Q9UQ88,CDK11A,GO6983,NTERA2,
Q9UQ88,CDK11A,KN93,NTERA2,
Q9UQ88,CDK11A,MK2206,NTERA2,
Q9UQ88,CDK11A,AZD5438,NTERA2,
Q9UQ88,CDK11A,FRAX486,NTERA2,
Q9UQ88,CDK11A,Ku0063794,NTERA2,
Q9UQ88,CDK11A,PD153035,NTERA2,
Q9UQ88,CDK11A,PF3758309,NTERA2,
Q9UQ88,CDK11A,Torin,NTERA2,
Q9UQ88,CDK11A,Trametinib,NTERA2,
Q9UQ88,CDK11A,AZD1480,NTERA2,
Q9UQ88,CDK11A,AZD5363,NTERA2,
Q9UQ88,CDK11A,BX912,NTERA2,
Q9UQ88,CDK11A,CHIR99021,NTERA2,
Q9UQ88,CDK11A,GSK2334470,NTERA2,
Q9UQ88,CDK11A,Ipatasertib,NTERA2,
Q9UQ88,CDK11A,LY2090314,NTERA2,
Q9UQ88,CDK11A,Tofacitinib,NTERA2,
Q9UQ88,CDK11A,AZD8055,NTERA2,
Q9UQ88,CDK11A,GDC0994,NTERA2,
Q9UQ88,CDK11A,JNK,NTERA2,
Q9UQ88,CDK11A,LY2584702,NTERA2,
Q9UQ88,CDK11A,PH797804,NTERA2,
Q9UQ88,CDK11A,Selumetinib,NTERA2,
Q9UQ88,CDK11A,U73122,NTERA2,
Q9UQ88,CDK11A,Ulixertinib,NTERA2,
Q9UQ88,CDK11A,Amuvatinib,NTERA2,
Q9UQ88,CDK11A,AZD3759,NTERA2,
Q9UQ88,CDK11A,GSK690693,NTERA2,
Q9UQ88,CDK11A,JNJ,NTERA2,
Q9UQ88,CDK11A,KN62,NTERA2,
Q9UQ88,CDK11A,Linsitinib,NTERA2,
Q9UQ88,CDK11A,LY2835219,NTERA2,
Q9UQ88,CDK11A,Ribociclib,NTERA2,
Q9UQ88,CDK11A,AC220,NTERA2,
Q9UQ88,CDK11A,Edelfosine,NTERA2,
Q9UQ88,CDK11A,GF109203X,NTERA2,
Q9UQ88,CDK11A,Go6976,NTERA2,
Q9UQ88,CDK11A,PF4708671,NTERA2,
Q9UQ88,CDK11A,SP600125,NTERA2,
Q9UQ88,CDK11A,TAK715,NTERA2,
Q9UQ88,CDK11A,TBCA,NTERA2,
Q9UQ88,CDK11A,AT13148,NTERA2,
Q9UQ88,CDK11A,AZ20,NTERA2,
Q9UQ88,CDK11A,AZD6738,NTERA2,
Q9UQ88,CDK11A,Bosutinib,NTERA2,
Q9UQ88,CDK11A,Dabrafenib,NTERA2,
Q9UQ88,CDK11A,Dasatinib,NTERA2,
Q9UQ88,CDK11A,DNAPK,NTERA2,
Q9UQ88,CDK11A,H89,NTERA2,
Q9UQ88,CDK11A,KD025,NTERA2,
Q9UQ88,CDK11A,NU7441,NTERA2,
Q9UQ88,CDK11A,Ripasudil,NTERA2,
Q9UQ88,CDK11A,Vemurafenib,NTERA2,
Q96KB5,PBK,AZD6482,NTERA2,-0.3284074117677957
Q96KB5,PBK,CAL101,NTERA2,-0.1991951538266004
Q96KB5,PBK,GDC0941,NTERA2,-0.2925386196439344
Q96KB5,PBK,HS173,NTERA2,0.39205370136975926
Q96KB5,PBK,PIK294,NTERA2,0.32318281509240543
Q96KB5,PBK,TGX221,NTERA2,-0.06985016366665264
Q96KB5,PBK,CX4945,NTERA2,0.523319781973555
Q96KB5,PBK,GO6983,NTERA2,0.8521827641135291
Q96KB5,PBK,KN93,NTERA2,0.0432295054353614
Q96KB5,PBK,MK2206,NTERA2,-0.238487057095989
Q96KB5,PBK,AZD5438,NTERA2,-0.32402765604105765
Q96KB5,PBK,FRAX486,NTERA2,-0.9772060863544658
Q96KB5,PBK,Ku0063794,NTERA2,-0.4140764000325192
Q96KB5,PBK,PD153035,NTERA2,0.25520393037094036
Q96KB5,PBK,PF3758309,NTERA2,1.4807399485422803
Q96KB5,PBK,Torin,NTERA2,1.10701144306296
Q96KB5,PBK,Trametinib,NTERA2,0.46498041815969965
Q96KB5,PBK,AZD1480,NTERA2,0.6987345504518531
Q96KB5,PBK,AZD5363,NTERA2,0.13948320963830352
Q96KB5,PBK,BX912,NTERA2,-0.7155394925454708
Q96KB5,PBK,CHIR99021,NTERA2,0.6530147006957376
Q96KB5,PBK,GSK2334470,NTERA2,1.1057558642032606
Q96KB5,PBK,Ipatasertib,NTERA2,0.26475376513058047
Q96KB5,PBK,LY2090314,NTERA2,1.8812204695022057
Q96KB5,PBK,Tofacitinib,NTERA2,-0.4978894989948914
Q96KB5,PBK,AZD8055,NTERA2,-0.42114437060179083
Q96KB5,PBK,GDC0994,NTERA2,0.6186502005018834
Q96KB5,PBK,JNK,NTERA2,-2.751272126252871
Q96KB5,PBK,LY2584702,NTERA2,0.5274818055375232
Q96KB5,PBK,PH797804,NTERA2,1.2015551490748066
Q96KB5,PBK,Selumetinib,NTERA2,0.4361894702329003
Q96KB5,PBK,U73122,NTERA2,0.6961803515048419
Q96KB5,PBK,Ulixertinib,NTERA2,0.3397184926101151
Q96KB5,PBK,Amuvatinib,NTERA2,-0.19635289698290223
Q96KB5,PBK,AZD3759,NTERA2,-0.3281198087782868
Q96KB5,PBK,GSK690693,NTERA2,-0.32502888400030006
Q96KB5,PBK,JNJ,NTERA2,-0.5585760740154012
Q96KB5,PBK,KN62,NTERA2,-1.0283922328284054
Q96KB5,PBK,Linsitinib,NTERA2,0.15312024591240198
Q96KB5,PBK,LY2835219,NTERA2,0.5171541022351189
Q96KB5,PBK,Ribociclib,NTERA2,0.5082741617253916
Q96KB5,PBK,AC220,NTERA2,-0.6723593286732111
Q96KB5,PBK,Edelfosine,NTERA2,2.8565371548922176
Q96KB5,PBK,GF109203X,NTERA2,1.0607269784940991
Q96KB5,PBK,Go6976,NTERA2,-2.092002477706262
Q96KB5,PBK,PF4708671,NTERA2,-0.3900307057379674
Q96KB5,PBK,SP600125,NTERA2,-0.046055929303844514
Q96KB5,PBK,TAK715,NTERA2,1.0746092463049564
Q96KB5,PBK,TBCA,NTERA2,0.10636291486238655
Q96KB5,PBK,AT13148,NTERA2,0.687723417247344
Q96KB5,PBK,AZ20,NTERA2,-0.4774753677857259
Q96KB5,PBK,AZD6738,NTERA2,1.4314490801711297
Q96KB5,PBK,Bosutinib,NTERA2,0.5851422864621955
Q96KB5,PBK,Dabrafenib,NTERA2,1.479405016148336
Q96KB5,PBK,Dasatinib,NTERA2,1.6710828321036604
Q96KB5,PBK,DNAPK,NTERA2,2.778635483180557
Q96KB5,PBK,H89,NTERA2,0.8714862167765695
Q96KB5,PBK,KD025,NTERA2,1.8379656439496777
Q96KB5,PBK,NU7441,NTERA2,1.2611737369130362
Q96KB5,PBK,Ripasudil,NTERA2,0.05660547728147721
Q96KB5,PBK,Vemurafenib,NTERA2,2.1361807288996904
Q8WZ42,TTN,AZD6482,NTERA2,
Q8WZ42,TTN,CAL101,NTERA2,
Q8WZ42,TTN,GDC0941,NTERA2,
Q8WZ42,TTN,HS173,NTERA2,
Q8WZ42,TTN,PIK294,NTERA2,
Q8WZ42,TTN,TGX221,NTERA2,
Q8WZ42,TTN,CX4945,NTERA2,
Q8WZ42,TTN,GO6983,NTERA2,
Q8WZ42,TTN,KN93,NTERA2,
Q8WZ42,TTN,MK2206,NTERA2,
Q8WZ42,TTN,AZD5438,NTERA2,
Q8WZ42,TTN,FRAX486,NTERA2,
Q8WZ42,TTN,Ku0063794,NTERA2,
Q8WZ42,TTN,PD153035,NTERA2,
Q8WZ42,TTN,PF3758309,NTERA2,
Q8WZ42,TTN,Torin,NTERA2,
Q8WZ42,TTN,Trametinib,NTERA2,
Q8WZ42,TTN,AZD1480,NTERA2,
Q8WZ42,TTN,AZD5363,NTERA2,
Q8WZ42,TTN,BX912,NTERA2,
Q8WZ42,TTN,CHIR99021,NTERA2,
Q8WZ42,TTN,GSK2334470,NTERA2,
Q8WZ42,TTN,Ipatasertib,NTERA2,
Q8WZ42,TTN,LY2090314,NTERA2,
Q8WZ42,TTN,Tofacitinib,NTERA2,
Q8WZ42,TTN,AZD8055,NTERA2,
Q8WZ42,TTN,GDC0994,NTERA2,
Q8WZ42,TTN,JNK,NTERA2,
Q8WZ42,TTN,LY2584702,NTERA2,
Q8WZ42,TTN,PH797804,NTERA2,
Q8WZ42,TTN,Selumetinib,NTERA2,
Q8WZ42,TTN,U73122,NTERA2,
Q8WZ42,TTN,Ulixertinib,NTERA2,
Q8WZ42,TTN,Amuvatinib,NTERA2,
Q8WZ42,TTN,AZD3759,NTERA2,
Q8WZ42,TTN,GSK690693,NTERA2,
Q8WZ42,TTN,JNJ,NTERA2,
Q8WZ42,TTN,KN62,NTERA2,
Q8WZ42,TTN,Linsitinib,NTERA2,
Q8WZ42,TTN,LY2835219,NTERA2,
Q8WZ42,TTN,Ribociclib,NTERA2,
Q8WZ42,TTN,AC220,NTERA2,
Q8WZ42,TTN,Edelfosine,NTERA2,
Q8WZ42,TTN,GF109203X,NTERA2,
Q8WZ42,TTN,Go6976,NTERA2,
Q8WZ42,TTN,PF4708671,NTERA2,
Q8WZ42,TTN,SP600125,NTERA2,
Q8WZ42,TTN,TAK715,NTERA2,
Q8WZ42,TTN,TBCA,NTERA2,
Q8WZ42,TTN,AT13148,NTERA2,
Q8WZ42,TTN,AZ20,NTERA2,
Q8WZ42,TTN,AZD6738,NTERA2,
Q8WZ42,TTN,Bosutinib,NTERA2,
Q8WZ42,TTN,Dabrafenib,NTERA2,
Q8WZ42,TTN,Dasatinib,NTERA2,
Q8WZ42,TTN,DNAPK,NTERA2,
Q8WZ42,TTN,H89,NTERA2,
Q8WZ42,TTN,KD025,NTERA2,
Q8WZ42,TTN,NU7441,NTERA2,
Q8WZ42,TTN,Ripasudil,NTERA2,
Q8WZ42,TTN,Vemurafenib,NTERA2,
Q9HAZ1,CLK4,AZD6482,NTERA2,0.8222422007504336
Q9HAZ1,CLK4,CAL101,NTERA2,0.8758812335712706
Q9HAZ1,CLK4,GDC0941,NTERA2,0.1576284122912628
Q9HAZ1,CLK4,HS173,NTERA2,0.8445513453706416
Q9HAZ1,CLK4,PIK294,NTERA2,1.0511058127917328
Q9HAZ1,CLK4,TGX221,NTERA2,1.0916911515279528
Q9HAZ1,CLK4,CX4945,NTERA2,0.3152833427654195
Q9HAZ1,CLK4,GO6983,NTERA2,0.2122119958391104
Q9HAZ1,CLK4,KN93,NTERA2,0.4522220503120765
Q9HAZ1,CLK4,MK2206,NTERA2,0.0353118785092379
Q9HAZ1,CLK4,AZD5438,NTERA2,-0.9611986437122041
Q9HAZ1,CLK4,FRAX486,NTERA2,-1.7229829161699395
Q9HAZ1,CLK4,Ku0063794,NTERA2,-0.6849353802792322
Q9HAZ1,CLK4,PD153035,NTERA2,-0.24968983285683952
Q9HAZ1,CLK4,PF3758309,NTERA2,-2.990038006924326
Q9HAZ1,CLK4,Torin,NTERA2,-0.16651608792227485
Q9HAZ1,CLK4,Trametinib,NTERA2,-0.03833206084244557
Q9HAZ1,CLK4,AZD1480,NTERA2,-0.05489295489240922
Q9HAZ1,CLK4,AZD5363,NTERA2,-0.17369919497142947
Q9HAZ1,CLK4,BX912,NTERA2,0.01698711580108028
Q9HAZ1,CLK4,CHIR99021,NTERA2,0.012803428415843587
Q9HAZ1,CLK4,GSK2334470,NTERA2,-0.2977053503341105
Q9HAZ1,CLK4,Ipatasertib,NTERA2,-0.13689491143325522
Q9HAZ1,CLK4,LY2090314,NTERA2,0.06611973037403067
Q9HAZ1,CLK4,Tofacitinib,NTERA2,-0.19111339755015008
Q9HAZ1,CLK4,AZD8055,NTERA2,0.04081832580842496
Q9HAZ1,CLK4,GDC0994,NTERA2,-0.00915165549909245
Q9HAZ1,CLK4,JNK,NTERA2,-1.5760786368588682
Q9HAZ1,CLK4,LY2584702,NTERA2,0.5263183154942825
Q9HAZ1,CLK4,PH797804,NTERA2,1.0600439975506308
Q9HAZ1,CLK4,Selumetinib,NTERA2,-0.7429504337403425
Q9HAZ1,CLK4,U73122,NTERA2,1.310171287192189
Q9HAZ1,CLK4,Ulixertinib,NTERA2,-0.5139441180638948
Q9HAZ1,CLK4,Amuvatinib,NTERA2,1.1391504023366603
Q9HAZ1,CLK4,AZD3759,NTERA2,0.3324099237056549
Q9HAZ1,CLK4,GSK690693,NTERA2,0.49449818618592273
Q9HAZ1,CLK4,JNJ,NTERA2,-1.4526136542630885
Q9HAZ1,CLK4,KN62,NTERA2,0.9493579404867493
Q9HAZ1,CLK4,Linsitinib,NTERA2,1.4104955338250842
Q9HAZ1,CLK4,LY2835219,NTERA2,1.1158700963494008
Q9HAZ1,CLK4,Ribociclib,NTERA2,1.5442838678214401
Q9HAZ1,CLK4,AC220,NTERA2,-0.04860627490804806
Q9HAZ1,CLK4,Edelfosine,NTERA2,0.6338313607155861
Q9HAZ1,CLK4,GF109203X,NTERA2,-0.4208075804062283
Q9HAZ1,CLK4,Go6976,NTERA2,-3.333871728842029
Q9HAZ1,CLK4,PF4708671,NTERA2,-0.33593728205979867
Q9HAZ1,CLK4,SP600125,NTERA2,-4.42929231783744
Q9HAZ1,CLK4,TAK715,NTERA2,-0.7802278123625865
Q9HAZ1,CLK4,TBCA,NTERA2,-1.3654047149529487
Q9HAZ1,CLK4,AT13148,NTERA2,1.766068281209953
Q9HAZ1,CLK4,AZ20,NTERA2,-1.637226682448347
Q9HAZ1,CLK4,AZD6738,NTERA2,1.809125892724062
Q9HAZ1,CLK4,Bosutinib,NTERA2,1.4975051315620467
Q9HAZ1,CLK4,Dabrafenib,NTERA2,2.10594089093466
Q9HAZ1,CLK4,Dasatinib,NTERA2,2.231889525655674
Q9HAZ1,CLK4,DNAPK,NTERA2,2.823804912351362
Q9HAZ1,CLK4,H89,NTERA2,2.068642281794545
Q9HAZ1,CLK4,KD025,NTERA2,2.769199059141356
Q9HAZ1,CLK4,NU7441,NTERA2,1.6871777105918921
Q9HAZ1,CLK4,Ripasudil,NTERA2,2.4293871943903014
Q9HAZ1,CLK4,Vemurafenib,NTERA2,1.977969278526255
Q8IWQ3,BRSK2,AZD6482,NTERA2,0.8159062801778035
Q8IWQ3,BRSK2,CAL101,NTERA2,0.634185540901648
Q8IWQ3,BRSK2,GDC0941,NTERA2,0.7953963242247997
Q8IWQ3,BRSK2,HS173,NTERA2,0.8308692887584002
Q8IWQ3,BRSK2,PIK294,NTERA2,0.8082465299051673
Q8IWQ3,BRSK2,TGX221,NTERA2,1.023374129633882
Q8IWQ3,BRSK2,CX4945,NTERA2,-0.13431487227379665
Q8IWQ3,BRSK2,GO6983,NTERA2,-0.007127871717082665
Q8IWQ3,BRSK2,KN93,NTERA2,0.32313694360989453
Q8IWQ3,BRSK2,MK2206,NTERA2,0.5104439711158374
Q8IWQ3,BRSK2,AZD5438,NTERA2,0.5383789553981403
Q8IWQ3,BRSK2,FRAX486,NTERA2,0.3065559568665074
Q8IWQ3,BRSK2,Ku0063794,NTERA2,0.9836292341661573
Q8IWQ3,BRSK2,PD153035,NTERA2,0.7834959893877533
Q8IWQ3,BRSK2,PF3758309,NTERA2,0.3425561372227852
Q8IWQ3,BRSK2,Torin,NTERA2,0.38348676332886755
Q8IWQ3,BRSK2,Trametinib,NTERA2,0.4059483578801674
Q8IWQ3,BRSK2,AZD1480,NTERA2,0.38583781402400863
Q8IWQ3,BRSK2,AZD5363,NTERA2,0.3703652857586869
Q8IWQ3,BRSK2,BX912,NTERA2,-0.03072256398577077
Q8IWQ3,BRSK2,CHIR99021,NTERA2,0.4649371150428102
Q8IWQ3,BRSK2,GSK2334470,NTERA2,-0.4024866154029386
Q8IWQ3,BRSK2,Ipatasertib,NTERA2,-0.9228311411208605
Q8IWQ3,BRSK2,LY2090314,NTERA2,0.22695614561995361
Q8IWQ3,BRSK2,Tofacitinib,NTERA2,-0.16700731015163942
Q8IWQ3,BRSK2,AZD8055,NTERA2,0.7445747985440333
Q8IWQ3,BRSK2,GDC0994,NTERA2,0.9611104759072855
Q8IWQ3,BRSK2,JNK,NTERA2,0.840251825944605
Q8IWQ3,BRSK2,LY2584702,NTERA2,0.9417954681685962
Q8IWQ3,BRSK2,PH797804,NTERA2,1.2133022471824086
Q8IWQ3,BRSK2,Selumetinib,NTERA2,1.0986394594757676
Q8IWQ3,BRSK2,U73122,NTERA2,0.6332378272227284
Q8IWQ3,BRSK2,Ulixertinib,NTERA2,0.9073892628985918
Q8IWQ3,BRSK2,Amuvatinib,NTERA2,0.17289626769212002
Q8IWQ3,BRSK2,AZD3759,NTERA2,0.765822392124752
Q8IWQ3,BRSK2,GSK690693,NTERA2,-1.0270210663210386
Q8IWQ3,BRSK2,JNJ,NTERA2,0.11287936268907775
Q8IWQ3,BRSK2,KN62,NTERA2,0.8419561605443702
Q8IWQ3,BRSK2,Linsitinib,NTERA2,-0.19746979479219914
Q8IWQ3,BRSK2,LY2835219,NTERA2,0.39029558627929695
Q8IWQ3,BRSK2,Ribociclib,NTERA2,-0.5605875194613791
Q8IWQ3,BRSK2,AC220,NTERA2,0.6394784095289793
Q8IWQ3,BRSK2,Edelfosine,NTERA2,1.5462492742661846
Q8IWQ3,BRSK2,GF109203X,NTERA2,-0.1986515245216233
Q8IWQ3,BRSK2,Go6976,NTERA2,0.19588952715036798
Q8IWQ3,BRSK2,PF4708671,NTERA2,0.6962129698553073
Q8IWQ3,BRSK2,SP600125,NTERA2,1.246884877320365
Q8IWQ3,BRSK2,TAK715,NTERA2,1.199133676836036
Q8IWQ3,BRSK2,TBCA,NTERA2,0.242263864375592
Q8IWQ3,BRSK2,AT13148,NTERA2,0.24272963544474419
Q8IWQ3,BRSK2,AZ20,NTERA2,0.4619551653954779
Q8IWQ3,BRSK2,AZD6738,NTERA2,0.2640651323903178
Q8IWQ3,BRSK2,Bosutinib,NTERA2,1.1774934922439675
Q8IWQ3,BRSK2,Dabrafenib,NTERA2,0.30192534113326874
Q8IWQ3,BRSK2,Dasatinib,NTERA2,0.9405397778528618
Q8IWQ3,BRSK2,DNAPK,NTERA2,0.7324491009385714
Q8IWQ3,BRSK2,H89,NTERA2,0.48476373018785907
Q8IWQ3,BRSK2,KD025,NTERA2,0.9886812842300933
Q8IWQ3,BRSK2,NU7441,NTERA2,0.8277711354974637
Q8IWQ3,BRSK2,Ripasudil,NTERA2,1.3060687901716672
Q8IWQ3,BRSK2,Vemurafenib,NTERA2,0.7788434712798067
Q9UKE5,TNIK,AZD6482,NTERA2,-0.6353692292366248
Q9UKE5,TNIK,CAL101,NTERA2,-0.08811338336752804
Q9UKE5,TNIK,GDC0941,NTERA2,0.4601457862361934
Q9UKE5,TNIK,HS173,NTERA2,0.1786518815037281
Q9UKE5,TNIK,PIK294,NTERA2,0.10391374583831117
Q9UKE5,TNIK,TGX221,NTERA2,0.6664167648943998
Q9UKE5,TNIK,CX4945,NTERA2,-0.7708725276977483
Q9UKE5,TNIK,GO6983,NTERA2,-0.5673240637741358
Q9UKE5,TNIK,KN93,NTERA2,-0.5578231548876338
Q9UKE5,TNIK,MK2206,NTERA2,0.035946155924922056
Q9UKE5,TNIK,AZD5438,NTERA2,0.7019801271285417
Q9UKE5,TNIK,FRAX486,NTERA2,0.32591084955935384
Q9UKE5,TNIK,Ku0063794,NTERA2,1.0915400499953116
Q9UKE5,TNIK,PD153035,NTERA2,-0.016159920061426317
Q9UKE5,TNIK,PF3758309,NTERA2,0.7058794822838304
Q9UKE5,TNIK,Torin,NTERA2,-0.10866943609192935
Q9UKE5,TNIK,Trametinib,NTERA2,0.3751725586264619
Q9UKE5,TNIK,AZD1480,NTERA2,0.201243314146739
Q9UKE5,TNIK,AZD5363,NTERA2,0.5464705688005547
Q9UKE5,TNIK,BX912,NTERA2,0.503941088711827
Q9UKE5,TNIK,CHIR99021,NTERA2,0.49548825438828586
Q9UKE5,TNIK,GSK2334470,NTERA2,-0.05170104478581209
Q9UKE5,TNIK,Ipatasertib,NTERA2,0.057901280503971364
Q9UKE5,TNIK,LY2090314,NTERA2,-0.3837387580561004
Q9UKE5,TNIK,Tofacitinib,NTERA2,0.10008430128069984
Q9UKE5,TNIK,AZD8055,NTERA2,0.26834653232872
Q9UKE5,TNIK,GDC0994,NTERA2,0.38271572239394613
Q9UKE5,TNIK,JNK,NTERA2,0.17049124838704616
Q9UKE5,TNIK,LY2584702,NTERA2,0.07641483366066451
Q9UKE5,TNIK,PH797804,NTERA2,-0.0943286940494622
Q9UKE5,TNIK,Selumetinib,NTERA2,-0.14456471663939058
Q9UKE5,TNIK,U73122,NTERA2,0.1384169484361283
Q9UKE5,TNIK,Ulixertinib,NTERA2,-0.3489518422613057
Q9UKE5,TNIK,Amuvatinib,NTERA2,-0.6685321308603531
Q9UKE5,TNIK,AZD3759,NTERA2,-1.7583781299115555
Q9UKE5,TNIK,GSK690693,NTERA2,0.05205252197410373
Q9UKE5,TNIK,JNJ,NTERA2,-0.5425283133458253
Q9UKE5,TNIK,KN62,NTERA2,0.051342406130489245
Q9UKE5,TNIK,Linsitinib,NTERA2,-1.342822831469689
Q9UKE5,TNIK,LY2835219,NTERA2,-0.7689846247397822
Q9UKE5,TNIK,Ribociclib,NTERA2,-0.22388953130172598
Q9UKE5,TNIK,AC220,NTERA2,0.016975484173065394
Q9UKE5,TNIK,Edelfosine,NTERA2,0.4267439222735
Q9UKE5,TNIK,GF109203X,NTERA2,0.28631747787461526
Q9UKE5,TNIK,Go6976,NTERA2,0.1892987923125664
Q9UKE5,TNIK,PF4708671,NTERA2,0.508670865587187
Q9UKE5,TNIK,SP600125,NTERA2,0.3030392952645088
Q9UKE5,TNIK,TAK715,NTERA2,-1.207477198735491
Q9UKE5,TNIK,TBCA,NTERA2,1.1988675083776175
Q9UKE5,TNIK,AT13148,NTERA2,1.2485715807885154
Q9UKE5,TNIK,AZ20,NTERA2,-0.47958019577170513
Q9UKE5,TNIK,AZD6738,NTERA2,-1.3955032414362658
Q9UKE5,TNIK,Bosutinib,NTERA2,-0.104739424968386
Q9UKE5,TNIK,Dabrafenib,NTERA2,-0.22455796491897723
Q9UKE5,TNIK,Dasatinib,NTERA2,-1.4449740568334015
Q9UKE5,TNIK,DNAPK,NTERA2,-1.3273958530309113
Q9UKE5,TNIK,H89,NTERA2,-1.2098368669521078
Q9UKE5,TNIK,KD025,NTERA2,0.06959733911057171
Q9UKE5,TNIK,NU7441,NTERA2,-0.4982541242628479
Q9UKE5,TNIK,Ripasudil,NTERA2,0.34835146006917295
Q9UKE5,TNIK,Vemurafenib,NTERA2,0.3577756151040767
Q5TCX8,MAP3K21,AZD6482,NTERA2,-0.029761061174263706
Q5TCX8,MAP3K21,CAL101,NTERA2,-0.40827808081821837
Q5TCX8,MAP3K21,GDC0941,NTERA2,-0.6464887886884509
Q5TCX8,MAP3K21,HS173,NTERA2,0.7633339660604569
Q5TCX8,MAP3K21,PIK294,NTERA2,-0.09138175880299164
Q5TCX8,MAP3K21,TGX221,NTERA2,0.44498835772646655
Q5TCX8,MAP3K21,CX4945,NTERA2,0.2341455365931936
Q5TCX8,MAP3K21,GO6983,NTERA2,1.2105924318376435
Q5TCX8,MAP3K21,KN93,NTERA2,0.03478739433502981
Q5TCX8,MAP3K21,MK2206,NTERA2,0.10323177884635876
Q5TCX8,MAP3K21,AZD5438,NTERA2,-0.35756038522488187
Q5TCX8,MAP3K21,FRAX486,NTERA2,-1.4261477198855617
Q5TCX8,MAP3K21,Ku0063794,NTERA2,-0.021353970172838452
Q5TCX8,MAP3K21,PD153035,NTERA2,0.48242434848537824
Q5TCX8,MAP3K21,PF3758309,NTERA2,1.6154042370553479
Q5TCX8,MAP3K21,Torin,NTERA2,0.6982497553216129
Q5TCX8,MAP3K21,Trametinib,NTERA2,0.3173305198027173
Q5TCX8,MAP3K21,AZD1480,NTERA2,-0.24405792520247113
Q5TCX8,MAP3K21,AZD5363,NTERA2,-0.6395740626546024
Q5TCX8,MAP3K21,BX912,NTERA2,-1.9553183342897382
Q5TCX8,MAP3K21,CHIR99021,NTERA2,0.042087327980876006
Q5TCX8,MAP3K21,GSK2334470,NTERA2,0.12985404736089812
Q5TCX8,MAP3K21,Ipatasertib,NTERA2,0.33050591445743976
Q5TCX8,MAP3K21,LY2090314,NTERA2,1.2378995520342735
Q5TCX8,MAP3K21,Tofacitinib,NTERA2,-0.5954707222178686
Q5TCX8,MAP3K21,AZD8055,NTERA2,-0.05707962778640805
Q5TCX8,MAP3K21,GDC0994,NTERA2,0.9558294546733646
Q5TCX8,MAP3K21,JNK,NTERA2,-3.0129772876973213
Q5TCX8,MAP3K21,LY2584702,NTERA2,-0.15124767875188927
Q5TCX8,MAP3K21,PH797804,NTERA2,0.4687223647137818
Q5TCX8,MAP3K21,Selumetinib,NTERA2,0.8178472620141318
Q5TCX8,MAP3K21,U73122,NTERA2,0.6770422203352456
Q5TCX8,MAP3K21,Ulixertinib,NTERA2,0.8184152840202672
Q5TCX8,MAP3K21,Amuvatinib,NTERA2,-0.372481767670606
Q5TCX8,MAP3K21,AZD3759,NTERA2,-0.5784947055061667
Q5TCX8,MAP3K21,GSK690693,NTERA2,0.42864233591286965
Q5TCX8,MAP3K21,JNJ,NTERA2,0.7659032395570299
Q5TCX8,MAP3K21,KN62,NTERA2,-0.41119409861069056
Q5TCX8,MAP3K21,Linsitinib,NTERA2,0.5101918529009648
Q5TCX8,MAP3K21,LY2835219,NTERA2,0.6268544617228955
Q5TCX8,MAP3K21,Ribociclib,NTERA2,-0.1590595376561372
Q5TCX8,MAP3K21,AC220,NTERA2,-0.32516260433716393
Q5TCX8,MAP3K21,Edelfosine,NTERA2,2.9190033553674617
Q5TCX8,MAP3K21,GF109203X,NTERA2,1.2364877957831726
Q5TCX8,MAP3K21,Go6976,NTERA2,-1.6358123254441905
Q5TCX8,MAP3K21,PF4708671,NTERA2,0.026734110933106472
Q5TCX8,MAP3K21,SP600125,NTERA2,0.30770090602723116
Q5TCX8,MAP3K21,TAK715,NTERA2,0.41453844309771
Q5TCX8,MAP3K21,TBCA,NTERA2,0.452362155408275
Q5TCX8,MAP3K21,AT13148,NTERA2,0.581082472195143
Q5TCX8,MAP3K21,AZ20,NTERA2,0.4380226392049465
Q5TCX8,MAP3K21,AZD6738,NTERA2,0.2823514966554717
Q5TCX8,MAP3K21,Bosutinib,NTERA2,1.6672902552236903
Q5TCX8,MAP3K21,Dabrafenib,NTERA2,0.6728567038632197
Q5TCX8,MAP3K21,Dasatinib,NTERA2,1.0991033933611474
Q5TCX8,MAP3K21,DNAPK,NTERA2,0.5494541626448399
Q5TCX8,MAP3K21,H89,NTERA2,-0.2169231540119578
Q5TCX8,MAP3K21,KD025,NTERA2,0.572953730925428
Q5TCX8,MAP3K21,NU7441,NTERA2,0.6115545857124042
Q5TCX8,MAP3K21,Ripasudil,NTERA2,-0.02974937462874104
Q5TCX8,MAP3K21,Vemurafenib,NTERA2,0.18356822756651178
Q9Y6R4,MAP3K4,AZD6482,NTERA2,
Q9Y6R4,MAP3K4,CAL101,NTERA2,
Q9Y6R4,MAP3K4,GDC0941,NTERA2,
Q9Y6R4,MAP3K4,HS173,NTERA2,
Q9Y6R4,MAP3K4,PIK294,NTERA2,
Q9Y6R4,MAP3K4,TGX221,NTERA2,
Q9Y6R4,MAP3K4,CX4945,NTERA2,
Q9Y6R4,MAP3K4,GO6983,NTERA2,
Q9Y6R4,MAP3K4,KN93,NTERA2,
Q9Y6R4,MAP3K4,MK2206,NTERA2,
Q9Y6R4,MAP3K4,AZD5438,NTERA2,
Q9Y6R4,MAP3K4,FRAX486,NTERA2,
Q9Y6R4,MAP3K4,Ku0063794,NTERA2,
Q9Y6R4,MAP3K4,PD153035,NTERA2,
Q9Y6R4,MAP3K4,PF3758309,NTERA2,
Q9Y6R4,MAP3K4,Torin,NTERA2,
Q9Y6R4,MAP3K4,Trametinib,NTERA2,
Q9Y6R4,MAP3K4,AZD1480,NTERA2,
Q9Y6R4,MAP3K4,AZD5363,NTERA2,
Q9Y6R4,MAP3K4,BX912,NTERA2,
Q9Y6R4,MAP3K4,CHIR99021,NTERA2,
Q9Y6R4,MAP3K4,GSK2334470,NTERA2,
Q9Y6R4,MAP3K4,Ipatasertib,NTERA2,
Q9Y6R4,MAP3K4,LY2090314,NTERA2,
Q9Y6R4,MAP3K4,Tofacitinib,NTERA2,
Q9Y6R4,MAP3K4,AZD8055,NTERA2,
Q9Y6R4,MAP3K4,GDC0994,NTERA2,
Q9Y6R4,MAP3K4,JNK,NTERA2,
Q9Y6R4,MAP3K4,LY2584702,NTERA2,
Q9Y6R4,MAP3K4,PH797804,NTERA2,
Q9Y6R4,MAP3K4,Selumetinib,NTERA2,
Q9Y6R4,MAP3K4,U73122,NTERA2,
Q9Y6R4,MAP3K4,Ulixertinib,NTERA2,
Q9Y6R4,MAP3K4,Amuvatinib,NTERA2,
Q9Y6R4,MAP3K4,AZD3759,NTERA2,
Q9Y6R4,MAP3K4,GSK690693,NTERA2,
Q9Y6R4,MAP3K4,JNJ,NTERA2,
Q9Y6R4,MAP3K4,KN62,NTERA2,
Q9Y6R4,MAP3K4,Linsitinib,NTERA2,
Q9Y6R4,MAP3K4,LY2835219,NTERA2,
Q9Y6R4,MAP3K4,Ribociclib,NTERA2,
Q9Y6R4,MAP3K4,AC220,NTERA2,
Q9Y6R4,MAP3K4,Edelfosine,NTERA2,
Q9Y6R4,MAP3K4,GF109203X,NTERA2,
Q9Y6R4,MAP3K4,Go6976,NTERA2,
Q9Y6R4,MAP3K4,PF4708671,NTERA2,
Q9Y6R4,MAP3K4,SP600125,NTERA2,
Q9Y6R4,MAP3K4,TAK715,NTERA2,
Q9Y6R4,MAP3K4,TBCA,NTERA2,
Q9Y6R4,MAP3K4,AT13148,NTERA2,
Q9Y6R4,MAP3K4,AZ20,NTERA2,
Q9Y6R4,MAP3K4,AZD6738,NTERA2,
Q9Y6R4,MAP3K4,Bosutinib,NTERA2,
Q9Y6R4,MAP3K4,Dabrafenib,NTERA2,
Q9Y6R4,MAP3K4,Dasatinib,NTERA2,
Q9Y6R4,MAP3K4,DNAPK,NTERA2,
Q9Y6R4,MAP3K4,H89,NTERA2,
Q9Y6R4,MAP3K4,KD025,NTERA2,
Q9Y6R4,MAP3K4,NU7441,NTERA2,
Q9Y6R4,MAP3K4,Ripasudil,NTERA2,
Q9Y6R4,MAP3K4,Vemurafenib,NTERA2,
Q96Q15,SMG1,AZD6482,NTERA2,-0.5090655950660395
Q96Q15,SMG1,CAL101,NTERA2,-1.0577003918959211
Q96Q15,SMG1,GDC0941,NTERA2,-1.1628942114342213
Q96Q15,SMG1,HS173,NTERA2,-0.6169311967890899
Q96Q15,SMG1,PIK294,NTERA2,-0.643488020746319
Q96Q15,SMG1,TGX221,NTERA2,-0.21556745751433648
Q96Q15,SMG1,CX4945,NTERA2,0.2521348264391892
Q96Q15,SMG1,GO6983,NTERA2,0.09957567509266572
Q96Q15,SMG1,KN93,NTERA2,0.3431671167887345
Q96Q15,SMG1,MK2206,NTERA2,0.35086783906645197
Q96Q15,SMG1,AZD5438,NTERA2,-0.4530004449014949
Q96Q15,SMG1,FRAX486,NTERA2,0.04768947529035091
Q96Q15,SMG1,Ku0063794,NTERA2,0.21269823316704994
Q96Q15,SMG1,PD153035,NTERA2,0.46051467206801644
Q96Q15,SMG1,PF3758309,NTERA2,0.15469480552511516
Q96Q15,SMG1,Torin,NTERA2,-0.2630169658402994
Q96Q15,SMG1,Trametinib,NTERA2,0.14876550337311192
Q96Q15,SMG1,AZD1480,NTERA2,0.1045311621099285
Q96Q15,SMG1,AZD5363,NTERA2,-0.4278417186547766
Q96Q15,SMG1,BX912,NTERA2,-0.2710866787329549
Q96Q15,SMG1,CHIR99021,NTERA2,-0.48372784750008596
Q96Q15,SMG1,GSK2334470,NTERA2,-0.16329565830995255
Q96Q15,SMG1,Ipatasertib,NTERA2,-0.3833786454671768
Q96Q15,SMG1,LY2090314,NTERA2,-0.44849678252525627
Q96Q15,SMG1,Tofacitinib,NTERA2,-0.11795536708116174
Q96Q15,SMG1,AZD8055,NTERA2,0.10948779472999967
Q96Q15,SMG1,GDC0994,NTERA2,0.36429374971887857
Q96Q15,SMG1,JNK,NTERA2,0.28951526302050445
Q96Q15,SMG1,LY2584702,NTERA2,0.4821317907672113
Q96Q15,SMG1,PH797804,NTERA2,0.06733815180422088
Q96Q15,SMG1,Selumetinib,NTERA2,0.16010962382055133
Q96Q15,SMG1,U73122,NTERA2,0.37456675720905575
Q96Q15,SMG1,Ulixertinib,NTERA2,0.40974460144151825
Q96Q15,SMG1,Amuvatinib,NTERA2,0.1850892764874352
Q96Q15,SMG1,AZD3759,NTERA2,0.24512640491482804
Q96Q15,SMG1,GSK690693,NTERA2,0.1837490527856439
Q96Q15,SMG1,JNJ,NTERA2,0.16884347292189672
Q96Q15,SMG1,KN62,NTERA2,0.5147966801139928
Q96Q15,SMG1,Linsitinib,NTERA2,-0.30197908984031785
Q96Q15,SMG1,LY2835219,NTERA2,-0.8001178087493187
Q96Q15,SMG1,Ribociclib,NTERA2,-0.5236637016147256
Q96Q15,SMG1,AC220,NTERA2,0.22264224596107382
Q96Q15,SMG1,Edelfosine,NTERA2,0.4531453607401273
Q96Q15,SMG1,GF109203X,NTERA2,-0.6948438556873221
Q96Q15,SMG1,Go6976,NTERA2,-0.2881646696852725
Q96Q15,SMG1,PF4708671,NTERA2,0.17850226370706623
Q96Q15,SMG1,SP600125,NTERA2,0.3007558420547501
Q96Q15,SMG1,TAK715,NTERA2,0.02361355775068962
Q96Q15,SMG1,TBCA,NTERA2,-0.6004135822637897
Q96Q15,SMG1,AT13148,NTERA2,0.43306834412782735
Q96Q15,SMG1,AZ20,NTERA2,0.11546958340784047
Q96Q15,SMG1,AZD6738,NTERA2,0.06780360657866191
Q96Q15,SMG1,Bosutinib,NTERA2,0.18745195088022865
Q96Q15,SMG1,Dabrafenib,NTERA2,0.38164673273148475
Q96Q15,SMG1,Dasatinib,NTERA2,-0.5782221649740382
Q96Q15,SMG1,DNAPK,NTERA2,-0.13905977888616697
Q96Q15,SMG1,H89,NTERA2,-0.08237137558668937
Q96Q15,SMG1,KD025,NTERA2,0.8169386264204949
Q96Q15,SMG1,NU7441,NTERA2,-0.07156559862734123
Q96Q15,SMG1,Ripasudil,NTERA2,0.21607417998931722
Q96Q15,SMG1,Vemurafenib,NTERA2,-0.6638906088990316
Q96SB4,SRPK1,AZD6482,NTERA2,-0.46099902359374717
Q96SB4,SRPK1,CAL101,NTERA2,0.025291684097599087
Q96SB4,SRPK1,GDC0941,NTERA2,-0.7179801215180492
Q96SB4,SRPK1,HS173,NTERA2,-0.15358700210572956
Q96SB4,SRPK1,PIK294,NTERA2,-2.2385828144075655
Q96SB4,SRPK1,TGX221,NTERA2,0.14039923520285733
Q96SB4,SRPK1,CX4945,NTERA2,-1.2721952354924213
Q96SB4,SRPK1,GO6983,NTERA2,-0.8077913123857267
Q96SB4,SRPK1,KN93,NTERA2,-0.2219355897226126
Q96SB4,SRPK1,MK2206,NTERA2,-0.5579135569295883
Q96SB4,SRPK1,AZD5438,NTERA2,-0.07753270156431367
Q96SB4,SRPK1,FRAX486,NTERA2,0.32503012090501704
Q96SB4,SRPK1,Ku0063794,NTERA2,0.4335340118660109
Q96SB4,SRPK1,PD153035,NTERA2,0.24493975347081978
Q96SB4,SRPK1,PF3758309,NTERA2,-1.7550203015298975
Q96SB4,SRPK1,Torin,NTERA2,-0.9838538243035553
Q96SB4,SRPK1,Trametinib,NTERA2,0.4068375374774488
Q96SB4,SRPK1,AZD1480,NTERA2,-0.8119371796026001
Q96SB4,SRPK1,AZD5363,NTERA2,-2.2629629991503384
Q96SB4,SRPK1,BX912,NTERA2,-1.7068122133330315
Q96SB4,SRPK1,CHIR99021,NTERA2,-0.38454446670423736
Q96SB4,SRPK1,GSK2334470,NTERA2,-0.262746801192615
Q96SB4,SRPK1,Ipatasertib,NTERA2,-1.9901819192376378
Q96SB4,SRPK1,LY2090314,NTERA2,-0.31580017960761847
Q96SB4,SRPK1,Tofacitinib,NTERA2,-0.36028702012107
Q96SB4,SRPK1,AZD8055,NTERA2,0.25347131575800574
Q96SB4,SRPK1,GDC0994,NTERA2,-1.325461246284376
Q96SB4,SRPK1,JNK,NTERA2,-0.024741381996856975
Q96SB4,SRPK1,LY2584702,NTERA2,-1.3333104201415187
Q96SB4,SRPK1,PH797804,NTERA2,-1.3465789551687488
Q96SB4,SRPK1,Selumetinib,NTERA2,-0.6664411609164534
Q96SB4,SRPK1,U73122,NTERA2,-0.7056211927130521
Q96SB4,SRPK1,Ulixertinib,NTERA2,-0.5882131446207722
Q96SB4,SRPK1,Amuvatinib,NTERA2,-5.320727894286647
Q96SB4,SRPK1,AZD3759,NTERA2,-2.2860021871275125
Q96SB4,SRPK1,GSK690693,NTERA2,-1.5752460996577624
Q96SB4,SRPK1,JNJ,NTERA2,-3.175966475277889
Q96SB4,SRPK1,KN62,NTERA2,-4.116690873519012
Q96SB4,SRPK1,Linsitinib,NTERA2,-2.8165827405642823
Q96SB4,SRPK1,LY2835219,NTERA2,-2.913444514137065
Q96SB4,SRPK1,Ribociclib,NTERA2,-1.4374526047024943
Q96SB4,SRPK1,AC220,NTERA2,-1.374985453122069
Q96SB4,SRPK1,Edelfosine,NTERA2,-0.9848247990729976
Q96SB4,SRPK1,GF109203X,NTERA2,-0.8350638259665333
Q96SB4,SRPK1,Go6976,NTERA2,-2.55336494106904
Q96SB4,SRPK1,PF4708671,NTERA2,-1.133477080060111
Q96SB4,SRPK1,SP600125,NTERA2,-0.7370504184965141
Q96SB4,SRPK1,TAK715,NTERA2,-0.8597981474101904
Q96SB4,SRPK1,TBCA,NTERA2,0.20741571995709207
Q96SB4,SRPK1,AT13148,NTERA2,0.379300100948692
Q96SB4,SRPK1,AZ20,NTERA2,-1.227000843806841
Q96SB4,SRPK1,AZD6738,NTERA2,-0.9785055024021599
Q96SB4,SRPK1,Bosutinib,NTERA2,-1.137438376760065
Q96SB4,SRPK1,Dabrafenib,NTERA2,-0.782867890332013
Q96SB4,SRPK1,Dasatinib,NTERA2,-0.9362762471987318
Q96SB4,SRPK1,DNAPK,NTERA2,-0.7123186299647997
Q96SB4,SRPK1,H89,NTERA2,-0.8488218297976909
Q96SB4,SRPK1,KD025,NTERA2,-0.8850688543892641
Q96SB4,SRPK1,NU7441,NTERA2,2.2552497953979915
Q96SB4,SRPK1,Ripasudil,NTERA2,-1.4915308373995266
Q96SB4,SRPK1,Vemurafenib,NTERA2,-0.9230727233338931
Q15131,CDK10,AZD6482,NTERA2,-1.0274099082695127
Q15131,CDK10,CAL101,NTERA2,-1.550335641436892
Q15131,CDK10,GDC0941,NTERA2,0.7447935244681158
Q15131,CDK10,HS173,NTERA2,0.5869931741975981
Q15131,CDK10,PIK294,NTERA2,-0.03483290835261579
Q15131,CDK10,TGX221,NTERA2,-0.8306788274678224
Q15131,CDK10,CX4945,NTERA2,0.6323910236104887
Q15131,CDK10,GO6983,NTERA2,1.4553460476493503
Q15131,CDK10,KN93,NTERA2,0.8293434505690093
Q15131,CDK10,MK2206,NTERA2,-0.22104640009768003
Q15131,CDK10,AZD5438,NTERA2,-0.6610412372336759
Q15131,CDK10,FRAX486,NTERA2,0.5084031621368749
Q15131,CDK10,Ku0063794,NTERA2,0.69209622718886
Q15131,CDK10,PD153035,NTERA2,0.8970621118794598
Q15131,CDK10,PF3758309,NTERA2,0.7598789780102149
Q15131,CDK10,Torin,NTERA2,1.2474918117010574
Q15131,CDK10,Trametinib,NTERA2,0.7131584827917128
Q15131,CDK10,AZD1480,NTERA2,0.7036705689030395
Q15131,CDK10,AZD5363,NTERA2,-0.41729364227583254
Q15131,CDK10,BX912,NTERA2,0.9154735401744123
Q15131,CDK10,CHIR99021,NTERA2,0.18978805098383617
Q15131,CDK10,GSK2334470,NTERA2,1.4015749809768325
Q15131,CDK10,Ipatasertib,NTERA2,0.16645752292179383
Q15131,CDK10,LY2090314,NTERA2,0.5315849463583467
Q15131,CDK10,Tofacitinib,NTERA2,0.880811373731474
Q15131,CDK10,AZD8055,NTERA2,-0.043881801845362715
Q15131,CDK10,GDC0994,NTERA2,-0.7663347289711684
Q15131,CDK10,JNK,NTERA2,-0.1547747644146761
Q15131,CDK10,LY2584702,NTERA2,0.7004013732266895
Q15131,CDK10,PH797804,NTERA2,0.04746419764458449
Q15131,CDK10,Selumetinib,NTERA2,0.41584757050621324
Q15131,CDK10,U73122,NTERA2,0.43867707660063016
Q15131,CDK10,Ulixertinib,NTERA2,0.09194987960945336
Q15131,CDK10,Amuvatinib,NTERA2,0.45520936370736587
Q15131,CDK10,AZD3759,NTERA2,0.5070641972513619
Q15131,CDK10,GSK690693,NTERA2,1.333787286578741
Q15131,CDK10,JNJ,NTERA2,-0.29689836457109064
Q15131,CDK10,KN62,NTERA2,2.014940894075033
Q15131,CDK10,Linsitinib,NTERA2,0.7617362404899749
Q15131,CDK10,LY2835219,NTERA2,0.07575207052180456
Q15131,CDK10,Ribociclib,NTERA2,0.6803176243679127
Q15131,CDK10,AC220,NTERA2,0.7812241215339908
Q15131,CDK10,Edelfosine,NTERA2,0.29829864851047333
Q15131,CDK10,GF109203X,NTERA2,1.6703327509319617
Q15131,CDK10,Go6976,NTERA2,2.234694706543697
Q15131,CDK10,PF4708671,NTERA2,1.3636948639321973
Q15131,CDK10,SP600125,NTERA2,2.0684960153082423
Q15131,CDK10,TAK715,NTERA2,3.0584135544982787
Q15131,CDK10,TBCA,NTERA2,1.2254862620077576
Q15131,CDK10,AT13148,NTERA2,-0.42161110677834807
Q15131,CDK10,AZ20,NTERA2,-1.6967818190430826
Q15131,CDK10,AZD6738,NTERA2,-0.7072274198152341
Q15131,CDK10,Bosutinib,NTERA2,-0.6556931944104528
Q15131,CDK10,Dabrafenib,NTERA2,-0.12092678286937748
Q15131,CDK10,Dasatinib,NTERA2,0.1317264011802328
Q15131,CDK10,DNAPK,NTERA2,0.053823001104341434
Q15131,CDK10,H89,NTERA2,-0.5986748281809787
Q15131,CDK10,KD025,NTERA2,-1.8146229476720641
Q15131,CDK10,NU7441,NTERA2,-0.4771478351438315
Q15131,CDK10,Ripasudil,NTERA2,-0.9050980695311707
Q15131,CDK10,Vemurafenib,NTERA2,-0.9591798213551577
Q99759,MAP3K3,AZD6482,NTERA2,-2.0894690087630856
Q99759,MAP3K3,CAL101,NTERA2,2.0743004595415795
Q99759,MAP3K3,GDC0941,NTERA2,-1.8051345685213696
Q99759,MAP3K3,HS173,NTERA2,-1.8635190379340139
Q99759,MAP3K3,PIK294,NTERA2,-2.282194548120881
Q99759,MAP3K3,TGX221,NTERA2,-2.17781561471773
Q99759,MAP3K3,CX4945,NTERA2,-0.3228211512945191
Q99759,MAP3K3,GO6983,NTERA2,-2.8135887243466042
Q99759,MAP3K3,KN93,NTERA2,-1.6231771194942668
Q99759,MAP3K3,MK2206,NTERA2,1.2025277156168825
Q99759,MAP3K3,AZD5438,NTERA2,0.4217075047927952
Q99759,MAP3K3,FRAX486,NTERA2,-0.6433553867986274
Q99759,MAP3K3,Ku0063794,NTERA2,-0.6965014966750729
Q99759,MAP3K3,PD153035,NTERA2,1.4117155514945248
Q99759,MAP3K3,PF3758309,NTERA2,0.9949448711122931
Q99759,MAP3K3,Torin,NTERA2,0.7784815887269837
Q99759,MAP3K3,Trametinib,NTERA2,-2.2529959512643662
Q99759,MAP3K3,AZD1480,NTERA2,-5.6029849087839585
Q99759,MAP3K3,AZD5363,NTERA2,-0.9717886895691882
Q99759,MAP3K3,BX912,NTERA2,2.068178604485076
Q99759,MAP3K3,CHIR99021,NTERA2,-2.807095975256818
Q99759,MAP3K3,GSK2334470,NTERA2,-3.438924466207861
Q99759,MAP3K3,Ipatasertib,NTERA2,-0.3952469648526189
Q99759,MAP3K3,LY2090314,NTERA2,2.050360307015205
Q99759,MAP3K3,Tofacitinib,NTERA2,-3.4693203521897074
Q99759,MAP3K3,AZD8055,NTERA2,1.1548373275935937
Q99759,MAP3K3,GDC0994,NTERA2,-2.2076348929863436
Q99759,MAP3K3,JNK,NTERA2,-2.167783115842299
Q99759,MAP3K3,LY2584702,NTERA2,-2.559756676887435
Q99759,MAP3K3,PH797804,NTERA2,-2.298105595035187
Q99759,MAP3K3,Selumetinib,NTERA2,2.6396848503536785
Q99759,MAP3K3,U73122,NTERA2,-2.497137820299696
Q99759,MAP3K3,Ulixertinib,NTERA2,-2.616272289083135
Q99759,MAP3K3,Amuvatinib,NTERA2,-1.7910762434590528
Q99759,MAP3K3,AZD3759,NTERA2,-2.3759114663865115
Q99759,MAP3K3,GSK690693,NTERA2,-2.1635486607264087
Q99759,MAP3K3,JNJ,NTERA2,-2.6926648218576
Q99759,MAP3K3,KN62,NTERA2,-2.2229326044135185
Q99759,MAP3K3,Linsitinib,NTERA2,-2.617843440685442
Q99759,MAP3K3,LY2835219,NTERA2,-2.1834976206542014
Q99759,MAP3K3,Ribociclib,NTERA2,-2.8400254120017467
Q99759,MAP3K3,AC220,NTERA2,-5.002282733867766
Q99759,MAP3K3,Edelfosine,NTERA2,-3.4385807640828077
Q99759,MAP3K3,GF109203X,NTERA2,-2.8834361594273337
Q99759,MAP3K3,Go6976,NTERA2,-1.7793298076353843
Q99759,MAP3K3,PF4708671,NTERA2,-4.758210034762309
Q99759,MAP3K3,SP600125,NTERA2,-3.1412720778662466
Q99759,MAP3K3,TAK715,NTERA2,-6.248733856674979
Q99759,MAP3K3,TBCA,NTERA2,-4.275512598911803
Q99759,MAP3K3,AT13148,NTERA2,-3.837482683682165
Q99759,MAP3K3,AZ20,NTERA2,1.8133181892458934
Q99759,MAP3K3,AZD6738,NTERA2,-4.108500502177583
Q99759,MAP3K3,Bosutinib,NTERA2,-1.412663706205768
Q99759,MAP3K3,Dabrafenib,NTERA2,-2.0643155864718428
Q99759,MAP3K3,Dasatinib,NTERA2,-0.6440982804455161
Q99759,MAP3K3,DNAPK,NTERA2,-2.642152571366452
Q99759,MAP3K3,H89,NTERA2,-1.451002083157235
Q99759,MAP3K3,KD025,NTERA2,-0.0699547325460029
Q99759,MAP3K3,NU7441,NTERA2,-0.41117107435219574
Q99759,MAP3K3,Ripasudil,NTERA2,-1.5549233040039774
Q99759,MAP3K3,Vemurafenib,NTERA2,-2.3049663716225806
Q9Y3S1,WNK2,AZD6482,NTERA2,1.403647110270642
Q9Y3S1,WNK2,CAL101,NTERA2,1.0187403578450096
Q9Y3S1,WNK2,GDC0941,NTERA2,1.259709688096862
Q9Y3S1,WNK2,HS173,NTERA2,1.2218758175946123
Q9Y3S1,WNK2,PIK294,NTERA2,-0.14787354318961837
Q9Y3S1,WNK2,TGX221,NTERA2,0.34831274202180657
Q9Y3S1,WNK2,CX4945,NTERA2,2.4509137009331683
Q9Y3S1,WNK2,GO6983,NTERA2,2.3580030612176293
Q9Y3S1,WNK2,KN93,NTERA2,1.879874600535764
Q9Y3S1,WNK2,MK2206,NTERA2,-0.10066082058207013
Q9Y3S1,WNK2,AZD5438,NTERA2,3.5164809915887387
Q9Y3S1,WNK2,FRAX486,NTERA2,2.823557965666206
Q9Y3S1,WNK2,Ku0063794,NTERA2,3.2717516648857954
Q9Y3S1,WNK2,PD153035,NTERA2,7.611877663813201
Q9Y3S1,WNK2,PF3758309,NTERA2,-4.505977424068364
Q9Y3S1,WNK2,Torin,NTERA2,2.3258670798985084
Q9Y3S1,WNK2,Trametinib,NTERA2,-1.0337504428143653
Q9Y3S1,WNK2,AZD1480,NTERA2,0.21510879288579457
Q9Y3S1,WNK2,AZD5363,NTERA2,0.2875385194651875
Q9Y3S1,WNK2,BX912,NTERA2,-1.4838869168460878
Q9Y3S1,WNK2,CHIR99021,NTERA2,-0.3629455821020394
Q9Y3S1,WNK2,GSK2334470,NTERA2,-0.1967502051576927
Q9Y3S1,WNK2,Ipatasertib,NTERA2,0.08904119114211716
Q9Y3S1,WNK2,LY2090314,NTERA2,-1.3224111726012697
Q9Y3S1,WNK2,Tofacitinib,NTERA2,0.11400342168373996
Q9Y3S1,WNK2,AZD8055,NTERA2,-3.8951062749438856
Q9Y3S1,WNK2,GDC0994,NTERA2,-3.223639839575797
Q9Y3S1,WNK2,JNK,NTERA2,-11.321149599345373
Q9Y3S1,WNK2,LY2584702,NTERA2,-3.6367054846809146
Q9Y3S1,WNK2,PH797804,NTERA2,-1.1519710305004598
Q9Y3S1,WNK2,Selumetinib,NTERA2,-0.2561514836147197
Q9Y3S1,WNK2,U73122,NTERA2,-4.175318281482163
Q9Y3S1,WNK2,Ulixertinib,NTERA2,-3.895105219465945
Q9Y3S1,WNK2,Amuvatinib,NTERA2,0.5280862394586467
Q9Y3S1,WNK2,AZD3759,NTERA2,0.6680862407621706
Q9Y3S1,WNK2,GSK690693,NTERA2,1.2136191544862218
Q9Y3S1,WNK2,JNJ,NTERA2,0.24709876003948636
Q9Y3S1,WNK2,KN62,NTERA2,0.8316683673935381
Q9Y3S1,WNK2,Linsitinib,NTERA2,0.7599413194593889
Q9Y3S1,WNK2,LY2835219,NTERA2,0.9771146646657539
Q9Y3S1,WNK2,Ribociclib,NTERA2,0.12320811717547644
Q9Y3S1,WNK2,AC220,NTERA2,2.0669060879342993
Q9Y3S1,WNK2,Edelfosine,NTERA2,1.9948724307460128
Q9Y3S1,WNK2,GF109203X,NTERA2,0.46808845670679555
Q9Y3S1,WNK2,Go6976,NTERA2,1.2991237605460129
Q9Y3S1,WNK2,PF4708671,NTERA2,1.5720036982838606
Q9Y3S1,WNK2,SP600125,NTERA2,2.308837295326476
Q9Y3S1,WNK2,TAK715,NTERA2,1.8015742486452233
Q9Y3S1,WNK2,TBCA,NTERA2,0.21488131449858955
Q9Y3S1,WNK2,AT13148,NTERA2,2.3694642762163243
Q9Y3S1,WNK2,AZ20,NTERA2,2.0023082399954744
Q9Y3S1,WNK2,AZD6738,NTERA2,1.7665660147380067
Q9Y3S1,WNK2,Bosutinib,NTERA2,1.4115680292467234
Q9Y3S1,WNK2,Dabrafenib,NTERA2,1.9979100387695332
Q9Y3S1,WNK2,Dasatinib,NTERA2,1.886479231578397
Q9Y3S1,WNK2,DNAPK,NTERA2,2.5067393863333964
Q9Y3S1,WNK2,H89,NTERA2,2.054598101658187
Q9Y3S1,WNK2,KD025,NTERA2,2.6849652735949805
Q9Y3S1,WNK2,NU7441,NTERA2,1.8898397380796699
Q9Y3S1,WNK2,Ripasudil,NTERA2,1.109341314270551
Q9Y3S1,WNK2,Vemurafenib,NTERA2,2.0796835243883716
Q86Z02,HIPK1,AZD6482,NTERA2,1.7073277864183234
Q86Z02,HIPK1,CAL101,NTERA2,1.5472354753898554
Q86Z02,HIPK1,GDC0941,NTERA2,1.3301870568152976
Q86Z02,HIPK1,HS173,NTERA2,0.0673999547131585
Q86Z02,HIPK1,PIK294,NTERA2,0.9381110239646422
Q86Z02,HIPK1,TGX221,NTERA2,1.6013105208043061
Q86Z02,HIPK1,CX4945,NTERA2,-2.4008034508733687
Q86Z02,HIPK1,GO6983,NTERA2,0.1488927108099362
Q86Z02,HIPK1,KN93,NTERA2,0.08971832973378925
Q86Z02,HIPK1,MK2206,NTERA2,-1.388499697937538
Q86Z02,HIPK1,AZD5438,NTERA2,-0.27246951798663216
Q86Z02,HIPK1,FRAX486,NTERA2,0.8431800834123746
Q86Z02,HIPK1,Ku0063794,NTERA2,3.1906970797381713
Q86Z02,HIPK1,PD153035,NTERA2,1.9822045441410852
Q86Z02,HIPK1,PF3758309,NTERA2,1.7645480493244956
Q86Z02,HIPK1,Torin,NTERA2,1.1783855642504397
Q86Z02,HIPK1,Trametinib,NTERA2,1.9707681807070538
Q86Z02,HIPK1,AZD1480,NTERA2,0.7737654337655363
Q86Z02,HIPK1,AZD5363,NTERA2,0.8248727129811493
Q86Z02,HIPK1,BX912,NTERA2,0.26849989686040915
Q86Z02,HIPK1,CHIR99021,NTERA2,-1.0245730002716065
Q86Z02,HIPK1,GSK2334470,NTERA2,0.39284117127562396
Q86Z02,HIPK1,Ipatasertib,NTERA2,0.8292978118455052
Q86Z02,HIPK1,LY2090314,NTERA2,0.6273120395151837
Q86Z02,HIPK1,Tofacitinib,NTERA2,0.05871227526383002
Q86Z02,HIPK1,AZD8055,NTERA2,0.019459510153438126
Q86Z02,HIPK1,GDC0994,NTERA2,1.9106739009778113
Q86Z02,HIPK1,JNK,NTERA2,-1.9663538388671433
Q86Z02,HIPK1,LY2584702,NTERA2,1.8088144587525725
Q86Z02,HIPK1,PH797804,NTERA2,1.2876324135271038
Q86Z02,HIPK1,Selumetinib,NTERA2,3.166218065149655
Q86Z02,HIPK1,U73122,NTERA2,1.942521658476093
Q86Z02,HIPK1,Ulixertinib,NTERA2,2.0334734278872664
Q86Z02,HIPK1,Amuvatinib,NTERA2,1.401847393981905
Q86Z02,HIPK1,AZD3759,NTERA2,-0.1020147418838461
Q86Z02,HIPK1,GSK690693,NTERA2,0.008875824463208707
Q86Z02,HIPK1,JNJ,NTERA2,-0.07287847301443934
Q86Z02,HIPK1,KN62,NTERA2,0.9364779896218663
Q86Z02,HIPK1,Linsitinib,NTERA2,2.028343034263655
Q86Z02,HIPK1,LY2835219,NTERA2,0.5781066670819789
Q86Z02,HIPK1,Ribociclib,NTERA2,-0.22016715923733476
Q86Z02,HIPK1,AC220,NTERA2,0.466887872529286
Q86Z02,HIPK1,Edelfosine,NTERA2,0.845737600316794
Q86Z02,HIPK1,GF109203X,NTERA2,2.7546483417559577
Q86Z02,HIPK1,Go6976,NTERA2,1.1596035875489248
Q86Z02,HIPK1,PF4708671,NTERA2,0.4118306064026755
Q86Z02,HIPK1,SP600125,NTERA2,0.6407469362666272
Q86Z02,HIPK1,TAK715,NTERA2,0.183406004362914
Q86Z02,HIPK1,TBCA,NTERA2,0.6120269049013047
Q86Z02,HIPK1,AT13148,NTERA2,-0.022058624559013244
Q86Z02,HIPK1,AZ20,NTERA2,-0.9254731024196362
Q86Z02,HIPK1,AZD6738,NTERA2,0.10813410830748955
Q86Z02,HIPK1,Bosutinib,NTERA2,1.0981759127237622
Q86Z02,HIPK1,Dabrafenib,NTERA2,-1.3239248506523509
Q86Z02,HIPK1,Dasatinib,NTERA2,0.3752554317973344
Q86Z02,HIPK1,DNAPK,NTERA2,-0.5999426411076052
Q86Z02,HIPK1,H89,NTERA2,-0.7796253679365793
Q86Z02,HIPK1,KD025,NTERA2,0.06093509841557328
Q86Z02,HIPK1,NU7441,NTERA2,0.13137306034238236
Q86Z02,HIPK1,Ripasudil,NTERA2,-1.0180015639908502
Q86Z02,HIPK1,Vemurafenib,NTERA2,-1.4764494236310632
Q9Y5S2,CDC42BPB,AZD6482,NTERA2,-0.2794717292695888
Q9Y5S2,CDC42BPB,CAL101,NTERA2,-0.7682111605554163
Q9Y5S2,CDC42BPB,GDC0941,NTERA2,1.6973994086079953
Q9Y5S2,CDC42BPB,HS173,NTERA2,2.335048613118728
Q9Y5S2,CDC42BPB,PIK294,NTERA2,0.22502190493508964
Q9Y5S2,CDC42BPB,TGX221,NTERA2,-0.5628794329363288
Q9Y5S2,CDC42BPB,CX4945,NTERA2,0.9350906803848323
Q9Y5S2,CDC42BPB,GO6983,NTERA2,1.550710826219421
Q9Y5S2,CDC42BPB,KN93,NTERA2,1.257315823772908
Q9Y5S2,CDC42BPB,MK2206,NTERA2,0.8223220795912172
Q9Y5S2,CDC42BPB,AZD5438,NTERA2,-1.0106567339171784
Q9Y5S2,CDC42BPB,FRAX486,NTERA2,0.6131654979365316
Q9Y5S2,CDC42BPB,Ku0063794,NTERA2,-1.402307771642722
Q9Y5S2,CDC42BPB,PD153035,NTERA2,-1.6608044917476095
Q9Y5S2,CDC42BPB,PF3758309,NTERA2,0.9107854262015577
Q9Y5S2,CDC42BPB,Torin,NTERA2,-0.758080894382766
Q9Y5S2,CDC42BPB,Trametinib,NTERA2,0.46803941219294404
Q9Y5S2,CDC42BPB,AZD1480,NTERA2,4.009236920603099
Q9Y5S2,CDC42BPB,AZD5363,NTERA2,3.4356743187442684
Q9Y5S2,CDC42BPB,BX912,NTERA2,3.5840750596158792
Q9Y5S2,CDC42BPB,CHIR99021,NTERA2,2.6709943765269486
Q9Y5S2,CDC42BPB,GSK2334470,NTERA2,1.3108146611199585
Q9Y5S2,CDC42BPB,Ipatasertib,NTERA2,4.637736943878913
Q9Y5S2,CDC42BPB,LY2090314,NTERA2,3.1216944884693767
Q9Y5S2,CDC42BPB,Tofacitinib,NTERA2,4.729711889208824
Q9Y5S2,CDC42BPB,AZD8055,NTERA2,0.43075334520518477
Q9Y5S2,CDC42BPB,GDC0994,NTERA2,0.505157739475496
Q9Y5S2,CDC42BPB,JNK,NTERA2,0.13136920699030896
Q9Y5S2,CDC42BPB,LY2584702,NTERA2,-1.7272513600952166
Q9Y5S2,CDC42BPB,PH797804,NTERA2,-0.02364403789691556
Q9Y5S2,CDC42BPB,Selumetinib,NTERA2,-0.11755069865115203
Q9Y5S2,CDC42BPB,U73122,NTERA2,0.42917641952895097
Q9Y5S2,CDC42BPB,Ulixertinib,NTERA2,0.28590906026723234
Q9Y5S2,CDC42BPB,Amuvatinib,NTERA2,-2.8807857200469966
Q9Y5S2,CDC42BPB,AZD3759,NTERA2,-3.6641969553917737
Q9Y5S2,CDC42BPB,GSK690693,NTERA2,-0.7027747274130792
Q9Y5S2,CDC42BPB,JNJ,NTERA2,-1.846913091263104
Q9Y5S2,CDC42BPB,KN62,NTERA2,-1.7861520530330575
Q9Y5S2,CDC42BPB,Linsitinib,NTERA2,-2.2122795269542315
Q9Y5S2,CDC42BPB,LY2835219,NTERA2,-1.442170122563697
Q9Y5S2,CDC42BPB,Ribociclib,NTERA2,-1.3491008407849134
Q9Y5S2,CDC42BPB,AC220,NTERA2,0.024530271673167972
Q9Y5S2,CDC42BPB,Edelfosine,NTERA2,0.30469395323246706
Q9Y5S2,CDC42BPB,GF109203X,NTERA2,0.4976125090118187
Q9Y5S2,CDC42BPB,Go6976,NTERA2,0.5939699262502501
Q9Y5S2,CDC42BPB,PF4708671,NTERA2,0.7112202250746501
Q9Y5S2,CDC42BPB,SP600125,NTERA2,0.6577699359238085
Q9Y5S2,CDC42BPB,TAK715,NTERA2,0.48639472678811474
Q9Y5S2,CDC42BPB,TBCA,NTERA2,0.22152010926618043
Q9Y5S2,CDC42BPB,AT13148,NTERA2,1.0337514177392122
Q9Y5S2,CDC42BPB,AZ20,NTERA2,1.6693645894298295
Q9Y5S2,CDC42BPB,AZD6738,NTERA2,1.3564816943898617
Q9Y5S2,CDC42BPB,Bosutinib,NTERA2,-0.36979382029145363
Q9Y5S2,CDC42BPB,Dabrafenib,NTERA2,1.009578796814554
Q9Y5S2,CDC42BPB,Dasatinib,NTERA2,-0.9939717896473974
Q9Y5S2,CDC42BPB,DNAPK,NTERA2,1.5765480393329971
Q9Y5S2,CDC42BPB,H89,NTERA2,-1.0072963576852083
Q9Y5S2,CDC42BPB,KD025,NTERA2,1.1801757684122247
Q9Y5S2,CDC42BPB,NU7441,NTERA2,0.48570242043162304
Q9Y5S2,CDC42BPB,Ripasudil,NTERA2,0.25377990853065613
Q9Y5S2,CDC42BPB,Vemurafenib,NTERA2,-0.5315091368728532
Q07002,CDK18,AZD6482,NTERA2,-0.9938627010668145
Q07002,CDK18,CAL101,NTERA2,-1.4984144443589824
Q07002,CDK18,GDC0941,NTERA2,0.7607033408955423
Q07002,CDK18,HS173,NTERA2,0.568121369883404
Q07002,CDK18,PIK294,NTERA2,-0.0448044722898824
Q07002,CDK18,TGX221,NTERA2,-0.8162024996926065
Q07002,CDK18,CX4945,NTERA2,0.6099961329090553
Q07002,CDK18,GO6983,NTERA2,1.4327909191847257
Q07002,CDK18,KN93,NTERA2,0.8016121781151186
Q07002,CDK18,MK2206,NTERA2,-0.2206028544656667
Q07002,CDK18,AZD5438,NTERA2,-0.605859810778382
Q07002,CDK18,FRAX486,NTERA2,0.5282837202191304
Q07002,CDK18,Ku0063794,NTERA2,0.7335374342145389
Q07002,CDK18,PD153035,NTERA2,0.9689803029035922
Q07002,CDK18,PF3758309,NTERA2,0.8031573725270279
Q07002,CDK18,Torin,NTERA2,1.2154862822020496
Q07002,CDK18,Trametinib,NTERA2,0.6630752071030728
Q07002,CDK18,AZD1480,NTERA2,0.7131443152859489
Q07002,CDK18,AZD5363,NTERA2,-0.3994288761853072
Q07002,CDK18,BX912,NTERA2,0.9018472537930956
Q07002,CDK18,CHIR99021,NTERA2,0.1360981463979556
Q07002,CDK18,GSK2334470,NTERA2,1.463707633696794
Q07002,CDK18,Ipatasertib,NTERA2,0.18725299191890118
Q07002,CDK18,LY2090314,NTERA2,0.5403800130162627
Q07002,CDK18,Tofacitinib,NTERA2,0.9197138159391189
Q07002,CDK18,AZD8055,NTERA2,-0.04421104953456175
Q07002,CDK18,GDC0994,NTERA2,-0.6748434631395567
Q07002,CDK18,JNK,NTERA2,-0.1412192829749564
Q07002,CDK18,LY2584702,NTERA2,0.8195095532780838
Q07002,CDK18,PH797804,NTERA2,0.07344829456315671
Q07002,CDK18,Selumetinib,NTERA2,0.48142716510202965
Q07002,CDK18,U73122,NTERA2,0.47872614841007677
Q07002,CDK18,Ulixertinib,NTERA2,0.1553070439621329
Q07002,CDK18,Amuvatinib,NTERA2,0.4813119388561126
Q07002,CDK18,AZD3759,NTERA2,0.5166613519362034
Q07002,CDK18,GSK690693,NTERA2,1.366574013288692
Q07002,CDK18,JNJ,NTERA2,-0.2672191183751782
Q07002,CDK18,KN62,NTERA2,2.0351984595853887
Q07002,CDK18,Linsitinib,NTERA2,0.831329158326232
Q07002,CDK18,LY2835219,NTERA2,0.07771503527395307
Q07002,CDK18,Ribociclib,NTERA2,0.7250939030997039
Q07002,CDK18,AC220,NTERA2,0.7710384866934988
Q07002,CDK18,Edelfosine,NTERA2,0.2712455347629428
Q07002,CDK18,GF109203X,NTERA2,1.5483198371765718
Q07002,CDK18,Go6976,NTERA2,2.2072834422346634
Q07002,CDK18,PF4708671,NTERA2,1.3344888738047656
Q07002,CDK18,SP600125,NTERA2,2.0068300919075828
Q07002,CDK18,TAK715,NTERA2,3.0002646918511857
Q07002,CDK18,TBCA,NTERA2,1.1154104341682345
Q07002,CDK18,AT13148,NTERA2,-0.35191335767883264
Q07002,CDK18,AZ20,NTERA2,-1.6243275338697996
Q07002,CDK18,AZD6738,NTERA2,-0.6430335785877943
Q07002,CDK18,Bosutinib,NTERA2,-0.638003047905261
Q07002,CDK18,Dabrafenib,NTERA2,-0.07965102573776492
Q07002,CDK18,Dasatinib,NTERA2,0.1511535491228607
Q07002,CDK18,DNAPK,NTERA2,0.07382812814988364
Q07002,CDK18,H89,NTERA2,-0.5226678612986392
Q07002,CDK18,KD025,NTERA2,-1.7316755948454767
Q07002,CDK18,NU7441,NTERA2,-0.47098295924163835
Q07002,CDK18,Ripasudil,NTERA2,-0.7997907456320972
Q07002,CDK18,Vemurafenib,NTERA2,-0.9582268827167996
P27448,MARK3,AZD6482,NTERA2,-0.7963789880440407
P27448,MARK3,CAL101,NTERA2,-0.8847240457880264
P27448,MARK3,GDC0941,NTERA2,-0.9672044809385393
P27448,MARK3,HS173,NTERA2,-2.3945474301432106
P27448,MARK3,PIK294,NTERA2,-2.796758130351258
P27448,MARK3,TGX221,NTERA2,-1.0961060273648453
P27448,MARK3,CX4945,NTERA2,-5.2573921221787945
P27448,MARK3,GO6983,NTERA2,0.5279240445424368
P27448,MARK3,KN93,NTERA2,-0.09963255630731964
P27448,MARK3,MK2206,NTERA2,-0.4870199470884831
P27448,MARK3,AZD5438,NTERA2,0.7119550519677029
P27448,MARK3,FRAX486,NTERA2,0.42971678687992004
P27448,MARK3,Ku0063794,NTERA2,-0.15890717905352517
P27448,MARK3,PD153035,NTERA2,0.08253008064493601
P27448,MARK3,PF3758309,NTERA2,-1.5315190997596375
P27448,MARK3,Torin,NTERA2,-0.14356530237784806
P27448,MARK3,Trametinib,NTERA2,0.633805609866409
P27448,MARK3,AZD1480,NTERA2,-1.542100756386507
P27448,MARK3,AZD5363,NTERA2,-0.3561802751330951
P27448,MARK3,BX912,NTERA2,-0.2745124992905266
P27448,MARK3,CHIR99021,NTERA2,-0.06242558960659542
P27448,MARK3,GSK2334470,NTERA2,0.9380503334326483
P27448,MARK3,Ipatasertib,NTERA2,1.0835374063389636
P27448,MARK3,LY2090314,NTERA2,0.6598892658371338
P27448,MARK3,Tofacitinib,NTERA2,1.482907424244595
P27448,MARK3,AZD8055,NTERA2,0.2600275834453033
P27448,MARK3,GDC0994,NTERA2,-0.39999642937924784
P27448,MARK3,JNK,NTERA2,-0.5774683983378472
P27448,MARK3,LY2584702,NTERA2,1.2991427232037802
P27448,MARK3,PH797804,NTERA2,0.6712698672494546
P27448,MARK3,Selumetinib,NTERA2,0.13583516641244792
P27448,MARK3,U73122,NTERA2,0.3438585879266395
P27448,MARK3,Ulixertinib,NTERA2,0.7790440436148081
P27448,MARK3,Amuvatinib,NTERA2,-0.5939634805916265
P27448,MARK3,AZD3759,NTERA2,-0.4270168245671314
P27448,MARK3,GSK690693,NTERA2,0.08702057261525019
P27448,MARK3,JNJ,NTERA2,-0.9189272630075971
P27448,MARK3,KN62,NTERA2,-0.6336185866132449
P27448,MARK3,Linsitinib,NTERA2,-0.737507289395291
P27448,MARK3,LY2835219,NTERA2,-0.898009712397045
P27448,MARK3,Ribociclib,NTERA2,-0.5735337076368564
P27448,MARK3,AC220,NTERA2,-0.7744511256716612
P27448,MARK3,Edelfosine,NTERA2,-0.15721508251372737
P27448,MARK3,GF109203X,NTERA2,1.473589132463513
P27448,MARK3,Go6976,NTERA2,0.4462835375517333
P27448,MARK3,PF4708671,NTERA2,-0.18716049004588778
P27448,MARK3,SP600125,NTERA2,1.028085903818639
P27448,MARK3,TAK715,NTERA2,0.9815223089754174
P27448,MARK3,TBCA,NTERA2,-0.1911974722237617
P27448,MARK3,AT13148,NTERA2,0.682294737013221
P27448,MARK3,AZ20,NTERA2,-0.3760867156125484
P27448,MARK3,AZD6738,NTERA2,0.036322864009257994
P27448,MARK3,Bosutinib,NTERA2,-0.6458695680937204
P27448,MARK3,Dabrafenib,NTERA2,0.6756577459168804
P27448,MARK3,Dasatinib,NTERA2,0.42262874152969376
P27448,MARK3,DNAPK,NTERA2,1.2839494053525502
P27448,MARK3,H89,NTERA2,0.8611503944280775
P27448,MARK3,KD025,NTERA2,-0.3688437612775394
P27448,MARK3,NU7441,NTERA2,-0.6449963244542963
P27448,MARK3,Ripasudil,NTERA2,0.7572489378729924
P27448,MARK3,Vemurafenib,NTERA2,-0.34737618129817954
Q9BYP7,WNK3,AZD6482,NTERA2,
Q9BYP7,WNK3,CAL101,NTERA2,
Q9BYP7,WNK3,GDC0941,NTERA2,
Q9BYP7,WNK3,HS173,NTERA2,
Q9BYP7,WNK3,PIK294,NTERA2,
Q9BYP7,WNK3,TGX221,NTERA2,
Q9BYP7,WNK3,CX4945,NTERA2,
Q9BYP7,WNK3,GO6983,NTERA2,
Q9BYP7,WNK3,KN93,NTERA2,
Q9BYP7,WNK3,MK2206,NTERA2,
Q9BYP7,WNK3,AZD5438,NTERA2,
Q9BYP7,WNK3,FRAX486,NTERA2,
Q9BYP7,WNK3,Ku0063794,NTERA2,
Q9BYP7,WNK3,PD153035,NTERA2,
Q9BYP7,WNK3,PF3758309,NTERA2,
Q9BYP7,WNK3,Torin,NTERA2,
Q9BYP7,WNK3,Trametinib,NTERA2,
Q9BYP7,WNK3,AZD1480,NTERA2,
Q9BYP7,WNK3,AZD5363,NTERA2,
Q9BYP7,WNK3,BX912,NTERA2,
Q9BYP7,WNK3,CHIR99021,NTERA2,
Q9BYP7,WNK3,GSK2334470,NTERA2,
Q9BYP7,WNK3,Ipatasertib,NTERA2,
Q9BYP7,WNK3,LY2090314,NTERA2,
Q9BYP7,WNK3,Tofacitinib,NTERA2,
Q9BYP7,WNK3,AZD8055,NTERA2,
Q9BYP7,WNK3,GDC0994,NTERA2,
Q9BYP7,WNK3,JNK,NTERA2,
Q9BYP7,WNK3,LY2584702,NTERA2,
Q9BYP7,WNK3,PH797804,NTERA2,
Q9BYP7,WNK3,Selumetinib,NTERA2,
Q9BYP7,WNK3,U73122,NTERA2,
Q9BYP7,WNK3,Ulixertinib,NTERA2,
Q9BYP7,WNK3,Amuvatinib,NTERA2,
Q9BYP7,WNK3,AZD3759,NTERA2,
Q9BYP7,WNK3,GSK690693,NTERA2,
Q9BYP7,WNK3,JNJ,NTERA2,
Q9BYP7,WNK3,KN62,NTERA2,
Q9BYP7,WNK3,Linsitinib,NTERA2,
Q9BYP7,WNK3,LY2835219,NTERA2,
Q9BYP7,WNK3,Ribociclib,NTERA2,
Q9BYP7,WNK3,AC220,NTERA2,
Q9BYP7,WNK3,Edelfosine,NTERA2,
Q9BYP7,WNK3,GF109203X,NTERA2,
Q9BYP7,WNK3,Go6976,NTERA2,
Q9BYP7,WNK3,PF4708671,NTERA2,
Q9BYP7,WNK3,SP600125,NTERA2,
Q9BYP7,WNK3,TAK715,NTERA2,
Q9BYP7,WNK3,TBCA,NTERA2,
Q9BYP7,WNK3,AT13148,NTERA2,
Q9BYP7,WNK3,AZ20,NTERA2,
Q9BYP7,WNK3,AZD6738,NTERA2,
Q9BYP7,WNK3,Bosutinib,NTERA2,
Q9BYP7,WNK3,Dabrafenib,NTERA2,
Q9BYP7,WNK3,Dasatinib,NTERA2,
Q9BYP7,WNK3,DNAPK,NTERA2,
Q9BYP7,WNK3,H89,NTERA2,
Q9BYP7,WNK3,KD025,NTERA2,
Q9BYP7,WNK3,NU7441,NTERA2,
Q9BYP7,WNK3,Ripasudil,NTERA2,
Q9BYP7,WNK3,Vemurafenib,NTERA2,
O00506,STK25,AZD6482,NTERA2,0.31642600000068444
O00506,STK25,CAL101,NTERA2,0.18222321068530684
O00506,STK25,GDC0941,NTERA2,0.23685798411315234
O00506,STK25,HS173,NTERA2,0.16080162468981604
O00506,STK25,PIK294,NTERA2,0.2303727750666776
O00506,STK25,TGX221,NTERA2,0.33139533030537177
O00506,STK25,CX4945,NTERA2,0.028875040919730272
O00506,STK25,GO6983,NTERA2,0.2451052596006893
O00506,STK25,KN93,NTERA2,0.26322862058403107
O00506,STK25,MK2206,NTERA2,0.28657355908138893
O00506,STK25,AZD5438,NTERA2,0.48090370835076307
O00506,STK25,FRAX486,NTERA2,0.009976399738895698
O00506,STK25,Ku0063794,NTERA2,0.34568323705766835
O00506,STK25,PD153035,NTERA2,0.44545780806427004
O00506,STK25,PF3758309,NTERA2,-0.29536711263287585
O00506,STK25,Torin,NTERA2,0.05928434560614106
O00506,STK25,Trametinib,NTERA2,0.1433930157897432
O00506,STK25,AZD1480,NTERA2,0.049121361813281805
O00506,STK25,AZD5363,NTERA2,0.1626254681721696
O00506,STK25,BX912,NTERA2,0.1170625828466939
O00506,STK25,CHIR99021,NTERA2,-1.1926030114321011
O00506,STK25,GSK2334470,NTERA2,-0.3564042389696602
O00506,STK25,Ipatasertib,NTERA2,-1.0129553500771198
O00506,STK25,LY2090314,NTERA2,0.2594079344218463
O00506,STK25,Tofacitinib,NTERA2,0.07475357870131587
O00506,STK25,AZD8055,NTERA2,0.31202186397819665
O00506,STK25,GDC0994,NTERA2,0.2901960087512083
O00506,STK25,JNK,NTERA2,0.34024887798483144
O00506,STK25,LY2584702,NTERA2,0.49999017808108326
O00506,STK25,PH797804,NTERA2,0.479780894369503
O00506,STK25,Selumetinib,NTERA2,0.18386424838047224
O00506,STK25,U73122,NTERA2,0.48605139462445845
O00506,STK25,Ulixertinib,NTERA2,0.6655083967198301
O00506,STK25,Amuvatinib,NTERA2,0.28691990358149827
O00506,STK25,AZD3759,NTERA2,0.23226298891774017
O00506,STK25,GSK690693,NTERA2,0.3962448086881241
O00506,STK25,JNJ,NTERA2,0.2229068246743613
O00506,STK25,KN62,NTERA2,0.38757285333904484
O00506,STK25,Linsitinib,NTERA2,0.34248968463006396
O00506,STK25,LY2835219,NTERA2,0.5476394524100554
O00506,STK25,Ribociclib,NTERA2,0.45021543254494467
O00506,STK25,AC220,NTERA2,0.08455084469654384
O00506,STK25,Edelfosine,NTERA2,-0.1397389290848151
O00506,STK25,GF109203X,NTERA2,0.002812756259529841
O00506,STK25,Go6976,NTERA2,0.18192332626192717
O00506,STK25,PF4708671,NTERA2,0.2914715516569878
O00506,STK25,SP600125,NTERA2,0.3954458696287387
O00506,STK25,TAK715,NTERA2,-0.004423260617821813
O00506,STK25,TBCA,NTERA2,-0.2126010418463783
O00506,STK25,AT13148,NTERA2,0.1400260508590985
O00506,STK25,AZ20,NTERA2,-0.05707068260984687
O00506,STK25,AZD6738,NTERA2,-0.031042378624274804
O00506,STK25,Bosutinib,NTERA2,-0.4618087048907392
O00506,STK25,Dabrafenib,NTERA2,0.3664818341526646
O00506,STK25,Dasatinib,NTERA2,-0.19940514286207897
O00506,STK25,DNAPK,NTERA2,0.3056036536765329
O00506,STK25,H89,NTERA2,0.2453926445206272
O00506,STK25,KD025,NTERA2,0.04664113919208929
O00506,STK25,NU7441,NTERA2,-0.06256210915596912
O00506,STK25,Ripasudil,NTERA2,0.19012945023331038
O00506,STK25,Vemurafenib,NTERA2,0.022911275144121904
O14874,BCKDK,AZD6482,NTERA2,0.05285969022530648
O14874,BCKDK,CAL101,NTERA2,-0.05108055280369128
O14874,BCKDK,GDC0941,NTERA2,-0.31697454874548964
O14874,BCKDK,HS173,NTERA2,0.09287739278459228
O14874,BCKDK,PIK294,NTERA2,-0.19723752237951128
O14874,BCKDK,TGX221,NTERA2,0.1959588951264815
O14874,BCKDK,CX4945,NTERA2,0.17927135491380647
O14874,BCKDK,GO6983,NTERA2,0.14292963487818128
O14874,BCKDK,KN93,NTERA2,1.0722958610229798
O14874,BCKDK,MK2206,NTERA2,0.24816087407883117
O14874,BCKDK,AZD5438,NTERA2,0.1900682206447947
O14874,BCKDK,FRAX486,NTERA2,-0.5721934372566627
O14874,BCKDK,Ku0063794,NTERA2,0.21403010251568097
O14874,BCKDK,PD153035,NTERA2,0.07873747416826232
O14874,BCKDK,PF3758309,NTERA2,-0.8673465660116259
O14874,BCKDK,Torin,NTERA2,-1.0185392874901618
O14874,BCKDK,Trametinib,NTERA2,-0.817522996627416
O14874,BCKDK,AZD1480,NTERA2,0.020054838290553097
O14874,BCKDK,AZD5363,NTERA2,0.4476964051750406
O14874,BCKDK,BX912,NTERA2,0.2697637402534424
O14874,BCKDK,CHIR99021,NTERA2,0.25337648313243183
O14874,BCKDK,GSK2334470,NTERA2,0.004208135858973971
O14874,BCKDK,Ipatasertib,NTERA2,-0.08911837265424005
O14874,BCKDK,LY2090314,NTERA2,-0.1159386126337619
O14874,BCKDK,Tofacitinib,NTERA2,0.28581723368436707
O14874,BCKDK,AZD8055,NTERA2,0.38877881510244366
O14874,BCKDK,GDC0994,NTERA2,0.42952599918418954
O14874,BCKDK,JNK,NTERA2,0.2543194963625742
O14874,BCKDK,LY2584702,NTERA2,-0.10165367503154144
O14874,BCKDK,PH797804,NTERA2,-0.2570981493604286
O14874,BCKDK,Selumetinib,NTERA2,0.10223792745960532
O14874,BCKDK,U73122,NTERA2,0.19275301600168823
O14874,BCKDK,Ulixertinib,NTERA2,-0.024185785024554658
O14874,BCKDK,Amuvatinib,NTERA2,0.5559374559408368
O14874,BCKDK,AZD3759,NTERA2,0.20038017989881093
O14874,BCKDK,GSK690693,NTERA2,0.20600772590780378
O14874,BCKDK,JNJ,NTERA2,0.006157396356789568
O14874,BCKDK,KN62,NTERA2,0.1954110796636359
O14874,BCKDK,Linsitinib,NTERA2,-0.00030413011790869193
O14874,BCKDK,LY2835219,NTERA2,0.2050596382850027
O14874,BCKDK,Ribociclib,NTERA2,-0.10335627941092407
O14874,BCKDK,AC220,NTERA2,-0.1288042746771974
O14874,BCKDK,Edelfosine,NTERA2,0.13648136235632
O14874,BCKDK,GF109203X,NTERA2,-0.1773671527096198
O14874,BCKDK,Go6976,NTERA2,0.5175048898235108
O14874,BCKDK,PF4708671,NTERA2,0.2515803445393583
O14874,BCKDK,SP600125,NTERA2,0.5687456974585496
O14874,BCKDK,TAK715,NTERA2,0.47912703558250297
O14874,BCKDK,TBCA,NTERA2,0.23297451520384732
O14874,BCKDK,AT13148,NTERA2,-0.17844728955720862
O14874,BCKDK,AZ20,NTERA2,0.0691687124456547
O14874,BCKDK,AZD6738,NTERA2,-0.10956436726728953
O14874,BCKDK,Bosutinib,NTERA2,-0.12949075768934679
O14874,BCKDK,Dabrafenib,NTERA2,0.29817398286501556
O14874,BCKDK,Dasatinib,NTERA2,-0.9228685746469609
O14874,BCKDK,DNAPK,NTERA2,0.09174236731448712
O14874,BCKDK,H89,NTERA2,-0.2548474431367898
O14874,BCKDK,KD025,NTERA2,-0.40376732657799347
O14874,BCKDK,NU7441,NTERA2,-0.5905154619115571
O14874,BCKDK,Ripasudil,NTERA2,0.06091025645091826
O14874,BCKDK,Vemurafenib,NTERA2,-0.0018876836951444605
O75385,ULK1,AZD6482,NTERA2,-0.30467849237374506
O75385,ULK1,CAL101,NTERA2,-0.44060382039022605
O75385,ULK1,GDC0941,NTERA2,-1.0118900670181938
O75385,ULK1,HS173,NTERA2,-0.9014882568590744
O75385,ULK1,PIK294,NTERA2,-0.5656615148790458
O75385,ULK1,TGX221,NTERA2,-0.013438804998209455
O75385,ULK1,CX4945,NTERA2,0.5501361148323196
O75385,ULK1,GO6983,NTERA2,0.34558770882254947
O75385,ULK1,KN93,NTERA2,0.3902488961725506
O75385,ULK1,MK2206,NTERA2,-0.43111511323863166
O75385,ULK1,AZD5438,NTERA2,0.6153419613762489
O75385,ULK1,FRAX486,NTERA2,0.2632260217915806
O75385,ULK1,Ku0063794,NTERA2,0.6493614621597867
O75385,ULK1,PD153035,NTERA2,0.4983273231417597
O75385,ULK1,PF3758309,NTERA2,1.3366818736691175
O75385,ULK1,Torin,NTERA2,0.2146361922762649
O75385,ULK1,Trametinib,NTERA2,0.542083908426451
O75385,ULK1,AZD1480,NTERA2,-0.07583099160448804
O75385,ULK1,AZD5363,NTERA2,0.417568663148411
O75385,ULK1,BX912,NTERA2,1.1272862129291312
O75385,ULK1,CHIR99021,NTERA2,0.8796993094120065
O75385,ULK1,GSK2334470,NTERA2,0.36225169958361
O75385,ULK1,Ipatasertib,NTERA2,0.42143169094058414
O75385,ULK1,LY2090314,NTERA2,0.29148245500741204
O75385,ULK1,Tofacitinib,NTERA2,0.9783003136059012
O75385,ULK1,AZD8055,NTERA2,-0.18943533944943133
O75385,ULK1,GDC0994,NTERA2,-0.08114939778608174
O75385,ULK1,JNK,NTERA2,0.22893238371442254
O75385,ULK1,LY2584702,NTERA2,0.37118033484284446
O75385,ULK1,PH797804,NTERA2,-0.41091371392465065
O75385,ULK1,Selumetinib,NTERA2,0.03959235528304561
O75385,ULK1,U73122,NTERA2,-0.02258385670620011
O75385,ULK1,Ulixertinib,NTERA2,0.04735928340317398
O75385,ULK1,Amuvatinib,NTERA2,0.3196480762967293
O75385,ULK1,AZD3759,NTERA2,-1.399107445547301
O75385,ULK1,GSK690693,NTERA2,0.7529711781520464
O75385,ULK1,JNJ,NTERA2,-0.2991556631719786
O75385,ULK1,KN62,NTERA2,-0.6919004609767858
O75385,ULK1,Linsitinib,NTERA2,0.36020937468719305
O75385,ULK1,LY2835219,NTERA2,1.1343755035801235
O75385,ULK1,Ribociclib,NTERA2,0.4189755898868937
O75385,ULK1,AC220,NTERA2,0.7050436345170281
O75385,ULK1,Edelfosine,NTERA2,1.5629532860190563
O75385,ULK1,GF109203X,NTERA2,0.3135197244101447
O75385,ULK1,Go6976,NTERA2,0.5899960443937396
O75385,ULK1,PF4708671,NTERA2,0.4115891153391248
O75385,ULK1,SP600125,NTERA2,0.9322488375147804
O75385,ULK1,TAK715,NTERA2,0.2172725187848225
O75385,ULK1,TBCA,NTERA2,1.07770137590565
O75385,ULK1,AT13148,NTERA2,-0.0447082139045244
O75385,ULK1,AZ20,NTERA2,-0.22709538220376022
O75385,ULK1,AZD6738,NTERA2,-0.26498722375155
O75385,ULK1,Bosutinib,NTERA2,-0.26317474499544796
O75385,ULK1,Dabrafenib,NTERA2,0.3883869211239066
O75385,ULK1,Dasatinib,NTERA2,-0.6494120330300515
O75385,ULK1,DNAPK,NTERA2,-1.242244259858738
O75385,ULK1,H89,NTERA2,-0.9683441685448261
O75385,ULK1,KD025,NTERA2,0.12258270797210138
O75385,ULK1,NU7441,NTERA2,0.17549989972942212
O75385,ULK1,Ripasudil,NTERA2,0.6813465981147758
O75385,ULK1,Vemurafenib,NTERA2,-0.6064906121528021
Q9UEE5,STK17A,AZD6482,NTERA2,0.7006616055030046
Q9UEE5,STK17A,CAL101,NTERA2,-0.9105236640315617
Q9UEE5,STK17A,GDC0941,NTERA2,0.02512339696161012
Q9UEE5,STK17A,HS173,NTERA2,0.942026373786789
Q9UEE5,STK17A,PIK294,NTERA2,-0.3541562074718688
Q9UEE5,STK17A,TGX221,NTERA2,-0.2026204511490004
Q9UEE5,STK17A,CX4945,NTERA2,0.4431034069138564
Q9UEE5,STK17A,GO6983,NTERA2,0.416347231725891
Q9UEE5,STK17A,KN93,NTERA2,0.05203882239928212
Q9UEE5,STK17A,MK2206,NTERA2,-0.2096924357458739
Q9UEE5,STK17A,AZD5438,NTERA2,-0.9385775180162963
Q9UEE5,STK17A,FRAX486,NTERA2,-0.20666528473009121
Q9UEE5,STK17A,Ku0063794,NTERA2,0.6371720991229586
Q9UEE5,STK17A,PD153035,NTERA2,0.7989723494586303
Q9UEE5,STK17A,PF3758309,NTERA2,0.3006943996919733
Q9UEE5,STK17A,Torin,NTERA2,0.5294725049157134
Q9UEE5,STK17A,Trametinib,NTERA2,0.96017951854545
Q9UEE5,STK17A,AZD1480,NTERA2,-1.5822586130024348
Q9UEE5,STK17A,AZD5363,NTERA2,0.3389697876054987
Q9UEE5,STK17A,BX912,NTERA2,-1.6382072153833007
Q9UEE5,STK17A,CHIR99021,NTERA2,-0.3994515655589174
Q9UEE5,STK17A,GSK2334470,NTERA2,0.32425549990740404
Q9UEE5,STK17A,Ipatasertib,NTERA2,-0.49100281310318733
Q9UEE5,STK17A,LY2090314,NTERA2,0.4637933181732588
Q9UEE5,STK17A,Tofacitinib,NTERA2,0.0028023523374222452
Q9UEE5,STK17A,AZD8055,NTERA2,-0.27638726174901873
Q9UEE5,STK17A,GDC0994,NTERA2,0.3850566724168676
Q9UEE5,STK17A,JNK,NTERA2,-0.07701104490167268
Q9UEE5,STK17A,LY2584702,NTERA2,-0.05144867651066912
Q9UEE5,STK17A,PH797804,NTERA2,0.4129902909233508
Q9UEE5,STK17A,Selumetinib,NTERA2,0.09669196983178911
Q9UEE5,STK17A,U73122,NTERA2,-0.17056929518746222
Q9UEE5,STK17A,Ulixertinib,NTERA2,-0.6567432543622729
Q9UEE5,STK17A,Amuvatinib,NTERA2,0.9101077702155328
Q9UEE5,STK17A,AZD3759,NTERA2,0.5131250056976865
Q9UEE5,STK17A,GSK690693,NTERA2,0.8391094181190687
Q9UEE5,STK17A,JNJ,NTERA2,-0.1635898161873881
Q9UEE5,STK17A,KN62,NTERA2,0.36302185833605555
Q9UEE5,STK17A,Linsitinib,NTERA2,0.5351435899656724
Q9UEE5,STK17A,LY2835219,NTERA2,-1.874789687322839
Q9UEE5,STK17A,Ribociclib,NTERA2,-1.6339845934904709
Q9UEE5,STK17A,AC220,NTERA2,-0.14586403543842025
Q9UEE5,STK17A,Edelfosine,NTERA2,-0.35154974797617583
Q9UEE5,STK17A,GF109203X,NTERA2,0.19289906624975714
Q9UEE5,STK17A,Go6976,NTERA2,-0.14351289174180656
Q9UEE5,STK17A,PF4708671,NTERA2,0.9046362586329117
Q9UEE5,STK17A,SP600125,NTERA2,-0.6590847400005558
Q9UEE5,STK17A,TAK715,NTERA2,1.0224375792062321
Q9UEE5,STK17A,TBCA,NTERA2,-0.5240824120263803
Q9UEE5,STK17A,AT13148,NTERA2,-1.1213173461145944
Q9UEE5,STK17A,AZ20,NTERA2,1.7098258202096306
Q9UEE5,STK17A,AZD6738,NTERA2,0.8925900887347473
Q9UEE5,STK17A,Bosutinib,NTERA2,0.36851165344820147
Q9UEE5,STK17A,Dabrafenib,NTERA2,-0.8483879024443853
Q9UEE5,STK17A,Dasatinib,NTERA2,0.43908178976719664
Q9UEE5,STK17A,DNAPK,NTERA2,-0.2920984280244624
Q9UEE5,STK17A,H89,NTERA2,-0.9115816908849722
Q9UEE5,STK17A,KD025,NTERA2,0.07970647933834744
Q9UEE5,STK17A,NU7441,NTERA2,-0.5833090939845518
Q9UEE5,STK17A,Ripasudil,NTERA2,-0.1551073675523922
Q9UEE5,STK17A,Vemurafenib,NTERA2,0.5883745528851536
Q9Y4K4,MAP4K5,AZD6482,NTERA2,-0.6160249082005029
Q9Y4K4,MAP4K5,CAL101,NTERA2,-0.6094317952104867
Q9Y4K4,MAP4K5,GDC0941,NTERA2,-1.4556627889758909
Q9Y4K4,MAP4K5,HS173,NTERA2,-0.6428922626141275
Q9Y4K4,MAP4K5,PIK294,NTERA2,-0.46024808985402377
Q9Y4K4,MAP4K5,TGX221,NTERA2,-0.43450826797011605
Q9Y4K4,MAP4K5,CX4945,NTERA2,0.3457189902853671
Q9Y4K4,MAP4K5,GO6983,NTERA2,-0.21253432352735918
Q9Y4K4,MAP4K5,KN93,NTERA2,0.17451872074900118
Q9Y4K4,MAP4K5,MK2206,NTERA2,-0.0742319240154684
Q9Y4K4,MAP4K5,AZD5438,NTERA2,0.4957045507117691
Q9Y4K4,MAP4K5,FRAX486,NTERA2,-0.16245910181724632
Q9Y4K4,MAP4K5,Ku0063794,NTERA2,0.16658184331820503
Q9Y4K4,MAP4K5,PD153035,NTERA2,0.7228144121075878
Q9Y4K4,MAP4K5,PF3758309,NTERA2,-0.2199787196371513
Q9Y4K4,MAP4K5,Torin,NTERA2,-0.3443323252080717
Q9Y4K4,MAP4K5,Trametinib,NTERA2,0.27525824443282293
Q9Y4K4,MAP4K5,AZD1480,NTERA2,-0.14329753398073963
Q9Y4K4,MAP4K5,AZD5363,NTERA2,-0.5955730217751282
Q9Y4K4,MAP4K5,BX912,NTERA2,-0.5518273885159498
Q9Y4K4,MAP4K5,CHIR99021,NTERA2,-0.14694116303674087
Q9Y4K4,MAP4K5,GSK2334470,NTERA2,-0.9379157416775374
Q9Y4K4,MAP4K5,Ipatasertib,NTERA2,-0.6695559194408841
Q9Y4K4,MAP4K5,LY2090314,NTERA2,-0.9598292476230812
Q9Y4K4,MAP4K5,Tofacitinib,NTERA2,-0.13955618630660363
Q9Y4K4,MAP4K5,AZD8055,NTERA2,-0.6931180376140339
Q9Y4K4,MAP4K5,GDC0994,NTERA2,0.2407634631625835
Q9Y4K4,MAP4K5,JNK,NTERA2,0.2520055025542374
Q9Y4K4,MAP4K5,LY2584702,NTERA2,-0.09550592512778715
Q9Y4K4,MAP4K5,PH797804,NTERA2,0.14443782596903953
Q9Y4K4,MAP4K5,Selumetinib,NTERA2,0.1410866952531524
Q9Y4K4,MAP4K5,U73122,NTERA2,0.26255522263246966
Q9Y4K4,MAP4K5,Ulixertinib,NTERA2,0.43088369340759014
Q9Y4K4,MAP4K5,Amuvatinib,NTERA2,-0.0024748672027769146
Q9Y4K4,MAP4K5,AZD3759,NTERA2,0.20291333709424755
Q9Y4K4,MAP4K5,GSK690693,NTERA2,-0.7830371992006915
Q9Y4K4,MAP4K5,JNJ,NTERA2,0.07525796360267888
Q9Y4K4,MAP4K5,KN62,NTERA2,-0.2080139959870568
Q9Y4K4,MAP4K5,Linsitinib,NTERA2,-1.094155985359053
Q9Y4K4,MAP4K5,LY2835219,NTERA2,-0.31479612642046123
Q9Y4K4,MAP4K5,Ribociclib,NTERA2,-0.08119678263536498
Q9Y4K4,MAP4K5,AC220,NTERA2,0.3890595351247861
Q9Y4K4,MAP4K5,Edelfosine,NTERA2,0.7738164137367854
Q9Y4K4,MAP4K5,GF109203X,NTERA2,-0.6702356687314881
Q9Y4K4,MAP4K5,Go6976,NTERA2,-0.24642240031743284
Q9Y4K4,MAP4K5,PF4708671,NTERA2,0.23072258524001563
Q9Y4K4,MAP4K5,SP600125,NTERA2,0.38187481116155997
Q9Y4K4,MAP4K5,TAK715,NTERA2,0.20097938733185952
Q9Y4K4,MAP4K5,TBCA,NTERA2,-0.08688105884317204
Q9Y4K4,MAP4K5,AT13148,NTERA2,0.12427395529205577
Q9Y4K4,MAP4K5,AZ20,NTERA2,-0.04678924568160383
Q9Y4K4,MAP4K5,AZD6738,NTERA2,0.12718539922370478
Q9Y4K4,MAP4K5,Bosutinib,NTERA2,0.46376784623644257
Q9Y4K4,MAP4K5,Dabrafenib,NTERA2,0.5585696919552241
Q9Y4K4,MAP4K5,Dasatinib,NTERA2,-0.4124590229372372
Q9Y4K4,MAP4K5,DNAPK,NTERA2,-0.28328506782322715
Q9Y4K4,MAP4K5,H89,NTERA2,-0.24453007991478
Q9Y4K4,MAP4K5,KD025,NTERA2,0.4331040577996582
Q9Y4K4,MAP4K5,NU7441,NTERA2,-0.13696327915430936
Q9Y4K4,MAP4K5,Ripasudil,NTERA2,0.4578559888919602
Q9Y4K4,MAP4K5,Vemurafenib,NTERA2,-0.05708602605584295
P10398,ARAF,AZD6482,NTERA2,-0.2897587788609695
P10398,ARAF,CAL101,NTERA2,0.22006407280130458
P10398,ARAF,GDC0941,NTERA2,-0.3679736016388185
P10398,ARAF,HS173,NTERA2,-0.8677220692032545
P10398,ARAF,PIK294,NTERA2,0.1263129504693693
P10398,ARAF,TGX221,NTERA2,0.07316440384306148
P10398,ARAF,CX4945,NTERA2,-1.6704555557497036
P10398,ARAF,GO6983,NTERA2,-1.5314605607358198
P10398,ARAF,KN93,NTERA2,-0.7932617673981626
P10398,ARAF,MK2206,NTERA2,-0.784443435290147
P10398,ARAF,AZD5438,NTERA2,0.09279338206280978
P10398,ARAF,FRAX486,NTERA2,0.4012824882068852
P10398,ARAF,Ku0063794,NTERA2,0.33984025666116163
P10398,ARAF,PD153035,NTERA2,0.7975041936236436
P10398,ARAF,PF3758309,NTERA2,0.17628906640075936
P10398,ARAF,Torin,NTERA2,-0.48529597064421165
P10398,ARAF,Trametinib,NTERA2,-0.596336431319035
P10398,ARAF,AZD1480,NTERA2,0.6545972481698519
P10398,ARAF,AZD5363,NTERA2,0.27739229698323387
P10398,ARAF,BX912,NTERA2,0.6605588244940845
P10398,ARAF,CHIR99021,NTERA2,0.2336445628409268
P10398,ARAF,GSK2334470,NTERA2,1.1820755272035148
P10398,ARAF,Ipatasertib,NTERA2,0.2740337747036098
P10398,ARAF,LY2090314,NTERA2,-0.6553553987366616
P10398,ARAF,Tofacitinib,NTERA2,0.1707804372838092
P10398,ARAF,AZD8055,NTERA2,0.12785055493000355
P10398,ARAF,GDC0994,NTERA2,0.038509829871354644
P10398,ARAF,JNK,NTERA2,0.576341165957013
P10398,ARAF,LY2584702,NTERA2,0.1278080285657385
P10398,ARAF,PH797804,NTERA2,0.0071962304056688384
P10398,ARAF,Selumetinib,NTERA2,-0.037575526417204595
P10398,ARAF,U73122,NTERA2,0.16662176519920024
P10398,ARAF,Ulixertinib,NTERA2,0.497193671004015
P10398,ARAF,Amuvatinib,NTERA2,0.7326904281030627
P10398,ARAF,AZD3759,NTERA2,0.8485262960486228
P10398,ARAF,GSK690693,NTERA2,0.9453755149625822
P10398,ARAF,JNJ,NTERA2,-0.18637297136052222
P10398,ARAF,KN62,NTERA2,-0.3681156528242341
P10398,ARAF,Linsitinib,NTERA2,-0.13519656725931578
P10398,ARAF,LY2835219,NTERA2,-0.29349500961036823
P10398,ARAF,Ribociclib,NTERA2,0.4751312827624692
P10398,ARAF,AC220,NTERA2,1.024183359002516
P10398,ARAF,Edelfosine,NTERA2,0.3916482998665724
P10398,ARAF,GF109203X,NTERA2,-0.015110595303706656
P10398,ARAF,Go6976,NTERA2,-1.1733186681423675
P10398,ARAF,PF4708671,NTERA2,0.25686580864065783
P10398,ARAF,SP600125,NTERA2,-0.5054975905813169
P10398,ARAF,TAK715,NTERA2,0.66111362246173
P10398,ARAF,TBCA,NTERA2,-0.7314948873253796
P10398,ARAF,AT13148,NTERA2,-0.47518754288863013
P10398,ARAF,AZ20,NTERA2,-0.0260864762093923
P10398,ARAF,AZD6738,NTERA2,-0.3050226745117978
P10398,ARAF,Bosutinib,NTERA2,-0.33502728543246374
P10398,ARAF,Dabrafenib,NTERA2,-0.23832275749913945
P10398,ARAF,Dasatinib,NTERA2,-0.36628197152354
P10398,ARAF,DNAPK,NTERA2,0.6221814927339606
P10398,ARAF,H89,NTERA2,-0.1066684208601548
P10398,ARAF,KD025,NTERA2,0.9259575759592985
P10398,ARAF,NU7441,NTERA2,0.3708438825331823
P10398,ARAF,Ripasudil,NTERA2,-0.5943993663385514
P10398,ARAF,Vemurafenib,NTERA2,-0.38205105352762936
P51956,NEK3,AZD6482,NTERA2,-0.8074561755425437
P51956,NEK3,CAL101,NTERA2,-1.2085771525649998
P51956,NEK3,GDC0941,NTERA2,-0.8652761936322038
P51956,NEK3,HS173,NTERA2,-0.5442383180270057
P51956,NEK3,PIK294,NTERA2,-1.392768205214245
P51956,NEK3,TGX221,NTERA2,-0.2379293090035953
P51956,NEK3,CX4945,NTERA2,0.8950444949780767
P51956,NEK3,GO6983,NTERA2,0.10115332698036231
P51956,NEK3,KN93,NTERA2,0.947140427863103
P51956,NEK3,MK2206,NTERA2,0.6602170231176306
P51956,NEK3,AZD5438,NTERA2,0.8984271588042494
P51956,NEK3,FRAX486,NTERA2,0.34948125087791887
P51956,NEK3,Ku0063794,NTERA2,0.9955934305147109
P51956,NEK3,PD153035,NTERA2,0.24942829955394025
P51956,NEK3,PF3758309,NTERA2,0.7982538109143311
P51956,NEK3,Torin,NTERA2,0.8078256808543808
P51956,NEK3,Trametinib,NTERA2,0.9441668633870566
P51956,NEK3,AZD1480,NTERA2,-0.7463234540512607
P51956,NEK3,AZD5363,NTERA2,1.5985023156392373
P51956,NEK3,BX912,NTERA2,0.9995626605623695
P51956,NEK3,CHIR99021,NTERA2,1.1526738124866112
P51956,NEK3,GSK2334470,NTERA2,-1.185473061835648
P51956,NEK3,Ipatasertib,NTERA2,-1.417488326597674
P51956,NEK3,LY2090314,NTERA2,0.952414738712269
P51956,NEK3,Tofacitinib,NTERA2,-1.319843479982515
P51956,NEK3,AZD8055,NTERA2,-0.20203099583680145
P51956,NEK3,GDC0994,NTERA2,0.3322352481511974
P51956,NEK3,JNK,NTERA2,0.2752874830892107
P51956,NEK3,LY2584702,NTERA2,-0.33200982271115115
P51956,NEK3,PH797804,NTERA2,-1.3428111534715699
P51956,NEK3,Selumetinib,NTERA2,-1.899417983917658
P51956,NEK3,U73122,NTERA2,-0.646397751851776
P51956,NEK3,Ulixertinib,NTERA2,-0.7365912018979033
P51956,NEK3,Amuvatinib,NTERA2,0.2921182071186897
P51956,NEK3,AZD3759,NTERA2,0.5480200673720672
P51956,NEK3,GSK690693,NTERA2,1.1659194787287455
P51956,NEK3,JNJ,NTERA2,-0.8225251801922976
P51956,NEK3,KN62,NTERA2,0.28188563595604726
P51956,NEK3,Linsitinib,NTERA2,0.5042247028226303
P51956,NEK3,LY2835219,NTERA2,1.4158454484241885
P51956,NEK3,Ribociclib,NTERA2,1.255456787449589
P51956,NEK3,AC220,NTERA2,0.37544650799111134
P51956,NEK3,Edelfosine,NTERA2,-0.4434032971943333
P51956,NEK3,GF109203X,NTERA2,1.0819442804256205
P51956,NEK3,Go6976,NTERA2,0.7119017969340741
P51956,NEK3,PF4708671,NTERA2,0.4923798754454437
P51956,NEK3,SP600125,NTERA2,0.8475309907012263
P51956,NEK3,TAK715,NTERA2,-0.28495132946062
P51956,NEK3,TBCA,NTERA2,0.14775155042205473
P51956,NEK3,AT13148,NTERA2,-0.30446687385729704
P51956,NEK3,AZ20,NTERA2,0.47393119691610874
P51956,NEK3,AZD6738,NTERA2,0.6656320345373002
P51956,NEK3,Bosutinib,NTERA2,0.31974687431117066
P51956,NEK3,Dabrafenib,NTERA2,0.9778893301031423
P51956,NEK3,Dasatinib,NTERA2,0.19779868241798151
P51956,NEK3,DNAPK,NTERA2,-0.05466751885451043
P51956,NEK3,H89,NTERA2,-0.14882610920487271
P51956,NEK3,KD025,NTERA2,0.09497265215442398
P51956,NEK3,NU7441,NTERA2,-0.21569084339185768
P51956,NEK3,Ripasudil,NTERA2,-0.556410127515745
P51956,NEK3,Vemurafenib,NTERA2,1.6387416679936782
P11274,BCR,AZD6482,NTERA2,0.970385672697927
P11274,BCR,CAL101,NTERA2,0.920648745524684
P11274,BCR,GDC0941,NTERA2,-1.0744049856508633
P11274,BCR,HS173,NTERA2,-1.5257920861784167
P11274,BCR,PIK294,NTERA2,-2.126863804518692
P11274,BCR,TGX221,NTERA2,-1.7119640659556061
P11274,BCR,CX4945,NTERA2,0.1778625738080409
P11274,BCR,GO6983,NTERA2,-1.8036875174639109
P11274,BCR,KN93,NTERA2,0.07688388026335448
P11274,BCR,MK2206,NTERA2,1.4371092642457737
P11274,BCR,AZD5438,NTERA2,0.43034541069365795
P11274,BCR,FRAX486,NTERA2,-0.9985736771002494
P11274,BCR,Ku0063794,NTERA2,-1.5028808869977743
P11274,BCR,PD153035,NTERA2,-0.3329708059343201
P11274,BCR,PF3758309,NTERA2,-0.23694811670845112
P11274,BCR,Torin,NTERA2,-1.0469486164596138
P11274,BCR,Trametinib,NTERA2,-1.4825817475044791
P11274,BCR,AZD1480,NTERA2,-2.4236543855581423
P11274,BCR,AZD5363,NTERA2,-1.6040635977484536
P11274,BCR,BX912,NTERA2,-0.0066941737450228545
P11274,BCR,CHIR99021,NTERA2,-0.5931240105320247
P11274,BCR,GSK2334470,NTERA2,-0.3907824030572488
P11274,BCR,Ipatasertib,NTERA2,0.9493983895136794
P11274,BCR,LY2090314,NTERA2,-0.3530311474103518
P11274,BCR,Tofacitinib,NTERA2,-1.5373977785626676
P11274,BCR,AZD8055,NTERA2,-0.46403493175949345
P11274,BCR,GDC0994,NTERA2,0.9146886711559308
P11274,BCR,JNK,NTERA2,-0.4141848803078429
P11274,BCR,LY2584702,NTERA2,0.3707329432456147
P11274,BCR,PH797804,NTERA2,0.5073626776404802
P11274,BCR,Selumetinib,NTERA2,0.2958082515346333
P11274,BCR,U73122,NTERA2,0.585676706331514
P11274,BCR,Ulixertinib,NTERA2,0.46471228146770976
P11274,BCR,Amuvatinib,NTERA2,-0.7800514254131714
P11274,BCR,AZD3759,NTERA2,-0.763422891411813
P11274,BCR,GSK690693,NTERA2,0.028262523206063074
P11274,BCR,JNJ,NTERA2,0.5660082865293163
P11274,BCR,KN62,NTERA2,-0.5629601841536649
P11274,BCR,Linsitinib,NTERA2,-0.28949190845344025
P11274,BCR,LY2835219,NTERA2,-0.9870185211763282
P11274,BCR,Ribociclib,NTERA2,0.04381529240963079
P11274,BCR,AC220,NTERA2,0.2259463743147708
P11274,BCR,Edelfosine,NTERA2,1.916194088868991
P11274,BCR,GF109203X,NTERA2,-0.32208714200141775
P11274,BCR,Go6976,NTERA2,-0.7066698338745564
P11274,BCR,PF4708671,NTERA2,-0.6256176018263736
P11274,BCR,SP600125,NTERA2,0.6058957284257226
P11274,BCR,TAK715,NTERA2,-0.5099794023557763
P11274,BCR,TBCA,NTERA2,0.5251742269011259
P11274,BCR,AT13148,NTERA2,0.21669412072310326
P11274,BCR,AZ20,NTERA2,-0.3194475893394046
P11274,BCR,AZD6738,NTERA2,-0.10210234959123742
P11274,BCR,Bosutinib,NTERA2,-1.3992819789311062
P11274,BCR,Dabrafenib,NTERA2,-0.7973233960344966
P11274,BCR,Dasatinib,NTERA2,-0.8832514094274212
P11274,BCR,DNAPK,NTERA2,-0.08879397034003511
P11274,BCR,H89,NTERA2,-0.24715363661806938
P11274,BCR,KD025,NTERA2,1.2515135304248473
P11274,BCR,NU7441,NTERA2,0.5822103612505575
P11274,BCR,Ripasudil,NTERA2,-0.49319242339471897
P11274,BCR,Vemurafenib,NTERA2,-0.2770807645349018
Q96PY6,NEK1,AZD6482,NTERA2,
Q96PY6,NEK1,CAL101,NTERA2,
Q96PY6,NEK1,GDC0941,NTERA2,
Q96PY6,NEK1,HS173,NTERA2,
Q96PY6,NEK1,PIK294,NTERA2,
Q96PY6,NEK1,TGX221,NTERA2,
Q96PY6,NEK1,CX4945,NTERA2,
Q96PY6,NEK1,GO6983,NTERA2,
Q96PY6,NEK1,KN93,NTERA2,
Q96PY6,NEK1,MK2206,NTERA2,
Q96PY6,NEK1,AZD5438,NTERA2,
Q96PY6,NEK1,FRAX486,NTERA2,
Q96PY6,NEK1,Ku0063794,NTERA2,
Q96PY6,NEK1,PD153035,NTERA2,
Q96PY6,NEK1,PF3758309,NTERA2,
Q96PY6,NEK1,Torin,NTERA2,
Q96PY6,NEK1,Trametinib,NTERA2,
Q96PY6,NEK1,AZD1480,NTERA2,
Q96PY6,NEK1,AZD5363,NTERA2,
Q96PY6,NEK1,BX912,NTERA2,
Q96PY6,NEK1,CHIR99021,NTERA2,
Q96PY6,NEK1,GSK2334470,NTERA2,
Q96PY6,NEK1,Ipatasertib,NTERA2,
Q96PY6,NEK1,LY2090314,NTERA2,
Q96PY6,NEK1,Tofacitinib,NTERA2,
Q96PY6,NEK1,AZD8055,NTERA2,
Q96PY6,NEK1,GDC0994,NTERA2,
Q96PY6,NEK1,JNK,NTERA2,
Q96PY6,NEK1,LY2584702,NTERA2,
Q96PY6,NEK1,PH797804,NTERA2,
Q96PY6,NEK1,Selumetinib,NTERA2,
Q96PY6,NEK1,U73122,NTERA2,
Q96PY6,NEK1,Ulixertinib,NTERA2,
Q96PY6,NEK1,Amuvatinib,NTERA2,
Q96PY6,NEK1,AZD3759,NTERA2,
Q96PY6,NEK1,GSK690693,NTERA2,
Q96PY6,NEK1,JNJ,NTERA2,
Q96PY6,NEK1,KN62,NTERA2,
Q96PY6,NEK1,Linsitinib,NTERA2,
Q96PY6,NEK1,LY2835219,NTERA2,
Q96PY6,NEK1,Ribociclib,NTERA2,
Q96PY6,NEK1,AC220,NTERA2,
Q96PY6,NEK1,Edelfosine,NTERA2,
Q96PY6,NEK1,GF109203X,NTERA2,
Q96PY6,NEK1,Go6976,NTERA2,
Q96PY6,NEK1,PF4708671,NTERA2,
Q96PY6,NEK1,SP600125,NTERA2,
Q96PY6,NEK1,TAK715,NTERA2,
Q96PY6,NEK1,TBCA,NTERA2,
Q96PY6,NEK1,AT13148,NTERA2,
Q96PY6,NEK1,AZ20,NTERA2,
Q96PY6,NEK1,AZD6738,NTERA2,
Q96PY6,NEK1,Bosutinib,NTERA2,
Q96PY6,NEK1,Dabrafenib,NTERA2,
Q96PY6,NEK1,Dasatinib,NTERA2,
Q96PY6,NEK1,DNAPK,NTERA2,
Q96PY6,NEK1,H89,NTERA2,
Q96PY6,NEK1,KD025,NTERA2,
Q96PY6,NEK1,NU7441,NTERA2,
Q96PY6,NEK1,Ripasudil,NTERA2,
Q96PY6,NEK1,Vemurafenib,NTERA2,
P80192,MAP3K9,AZD6482,NTERA2,
P80192,MAP3K9,CAL101,NTERA2,
P80192,MAP3K9,GDC0941,NTERA2,
P80192,MAP3K9,HS173,NTERA2,
P80192,MAP3K9,PIK294,NTERA2,
P80192,MAP3K9,TGX221,NTERA2,
P80192,MAP3K9,CX4945,NTERA2,
P80192,MAP3K9,GO6983,NTERA2,
P80192,MAP3K9,KN93,NTERA2,
P80192,MAP3K9,MK2206,NTERA2,
P80192,MAP3K9,AZD5438,NTERA2,
P80192,MAP3K9,FRAX486,NTERA2,
P80192,MAP3K9,Ku0063794,NTERA2,
P80192,MAP3K9,PD153035,NTERA2,
P80192,MAP3K9,PF3758309,NTERA2,
P80192,MAP3K9,Torin,NTERA2,
P80192,MAP3K9,Trametinib,NTERA2,
P80192,MAP3K9,AZD1480,NTERA2,
P80192,MAP3K9,AZD5363,NTERA2,
P80192,MAP3K9,BX912,NTERA2,
P80192,MAP3K9,CHIR99021,NTERA2,
P80192,MAP3K9,GSK2334470,NTERA2,
P80192,MAP3K9,Ipatasertib,NTERA2,
P80192,MAP3K9,LY2090314,NTERA2,
P80192,MAP3K9,Tofacitinib,NTERA2,
P80192,MAP3K9,AZD8055,NTERA2,
P80192,MAP3K9,GDC0994,NTERA2,
P80192,MAP3K9,JNK,NTERA2,
P80192,MAP3K9,LY2584702,NTERA2,
P80192,MAP3K9,PH797804,NTERA2,
P80192,MAP3K9,Selumetinib,NTERA2,
P80192,MAP3K9,U73122,NTERA2,
P80192,MAP3K9,Ulixertinib,NTERA2,
P80192,MAP3K9,Amuvatinib,NTERA2,
P80192,MAP3K9,AZD3759,NTERA2,
P80192,MAP3K9,GSK690693,NTERA2,
P80192,MAP3K9,JNJ,NTERA2,
P80192,MAP3K9,KN62,NTERA2,
P80192,MAP3K9,Linsitinib,NTERA2,
P80192,MAP3K9,LY2835219,NTERA2,
P80192,MAP3K9,Ribociclib,NTERA2,
P80192,MAP3K9,AC220,NTERA2,
P80192,MAP3K9,Edelfosine,NTERA2,
P80192,MAP3K9,GF109203X,NTERA2,
P80192,MAP3K9,Go6976,NTERA2,
P80192,MAP3K9,PF4708671,NTERA2,
P80192,MAP3K9,SP600125,NTERA2,
P80192,MAP3K9,TAK715,NTERA2,
P80192,MAP3K9,TBCA,NTERA2,
P80192,MAP3K9,AT13148,NTERA2,
P80192,MAP3K9,AZ20,NTERA2,
P80192,MAP3K9,AZD6738,NTERA2,
P80192,MAP3K9,Bosutinib,NTERA2,
P80192,MAP3K9,Dabrafenib,NTERA2,
P80192,MAP3K9,Dasatinib,NTERA2,
P80192,MAP3K9,DNAPK,NTERA2,
P80192,MAP3K9,H89,NTERA2,
P80192,MAP3K9,KD025,NTERA2,
P80192,MAP3K9,NU7441,NTERA2,
P80192,MAP3K9,Ripasudil,NTERA2,
P80192,MAP3K9,Vemurafenib,NTERA2,
P42679,MATK,AZD6482,NTERA2,
P42679,MATK,CAL101,NTERA2,
P42679,MATK,GDC0941,NTERA2,
P42679,MATK,HS173,NTERA2,
P42679,MATK,PIK294,NTERA2,
P42679,MATK,TGX221,NTERA2,
P42679,MATK,CX4945,NTERA2,
P42679,MATK,GO6983,NTERA2,
P42679,MATK,KN93,NTERA2,
P42679,MATK,MK2206,NTERA2,
P42679,MATK,AZD5438,NTERA2,
P42679,MATK,FRAX486,NTERA2,
P42679,MATK,Ku0063794,NTERA2,
P42679,MATK,PD153035,NTERA2,
P42679,MATK,PF3758309,NTERA2,
P42679,MATK,Torin,NTERA2,
P42679,MATK,Trametinib,NTERA2,
P42679,MATK,AZD1480,NTERA2,
P42679,MATK,AZD5363,NTERA2,
P42679,MATK,BX912,NTERA2,
P42679,MATK,CHIR99021,NTERA2,
P42679,MATK,GSK2334470,NTERA2,
P42679,MATK,Ipatasertib,NTERA2,
P42679,MATK,LY2090314,NTERA2,
P42679,MATK,Tofacitinib,NTERA2,
P42679,MATK,AZD8055,NTERA2,
P42679,MATK,GDC0994,NTERA2,
P42679,MATK,JNK,NTERA2,
P42679,MATK,LY2584702,NTERA2,
P42679,MATK,PH797804,NTERA2,
P42679,MATK,Selumetinib,NTERA2,
P42679,MATK,U73122,NTERA2,
P42679,MATK,Ulixertinib,NTERA2,
P42679,MATK,Amuvatinib,NTERA2,
P42679,MATK,AZD3759,NTERA2,
P42679,MATK,GSK690693,NTERA2,
P42679,MATK,JNJ,NTERA2,
P42679,MATK,KN62,NTERA2,
P42679,MATK,Linsitinib,NTERA2,
P42679,MATK,LY2835219,NTERA2,
P42679,MATK,Ribociclib,NTERA2,
P42679,MATK,AC220,NTERA2,
P42679,MATK,Edelfosine,NTERA2,
P42679,MATK,GF109203X,NTERA2,
P42679,MATK,Go6976,NTERA2,
P42679,MATK,PF4708671,NTERA2,
P42679,MATK,SP600125,NTERA2,
P42679,MATK,TAK715,NTERA2,
P42679,MATK,TBCA,NTERA2,
P42679,MATK,AT13148,NTERA2,
P42679,MATK,AZ20,NTERA2,
P42679,MATK,AZD6738,NTERA2,
P42679,MATK,Bosutinib,NTERA2,
P42679,MATK,Dabrafenib,NTERA2,
P42679,MATK,Dasatinib,NTERA2,
P42679,MATK,DNAPK,NTERA2,
P42679,MATK,H89,NTERA2,
P42679,MATK,KD025,NTERA2,
P42679,MATK,NU7441,NTERA2,
P42679,MATK,Ripasudil,NTERA2,
P42679,MATK,Vemurafenib,NTERA2,
Q00536,CDK16,AZD6482,NTERA2,-0.7568508986207606
Q00536,CDK16,CAL101,NTERA2,-1.5865134284354274
Q00536,CDK16,GDC0941,NTERA2,0.6700834396271722
Q00536,CDK16,HS173,NTERA2,0.5202060531884438
Q00536,CDK16,PIK294,NTERA2,-0.15925153494484803
Q00536,CDK16,TGX221,NTERA2,-0.9554123626040563
Q00536,CDK16,CX4945,NTERA2,0.5395074930973541
Q00536,CDK16,GO6983,NTERA2,1.0531062663979043
Q00536,CDK16,KN93,NTERA2,0.44715814148153327
Q00536,CDK16,MK2206,NTERA2,-0.31806216415727884
Q00536,CDK16,AZD5438,NTERA2,-1.7060513549248562
Q00536,CDK16,FRAX486,NTERA2,0.3507923824835792
Q00536,CDK16,Ku0063794,NTERA2,0.5061733606667695
Q00536,CDK16,PD153035,NTERA2,0.52592096471256
Q00536,CDK16,PF3758309,NTERA2,0.27432102386085977
Q00536,CDK16,Torin,NTERA2,1.064439272272156
Q00536,CDK16,Trametinib,NTERA2,0.6022946478768013
Q00536,CDK16,AZD1480,NTERA2,0.10230917526974335
Q00536,CDK16,AZD5363,NTERA2,-0.554923597292664
Q00536,CDK16,BX912,NTERA2,0.39340082653268094
Q00536,CDK16,CHIR99021,NTERA2,-0.014999170146821506
Q00536,CDK16,GSK2334470,NTERA2,0.71450051821196
Q00536,CDK16,Ipatasertib,NTERA2,0.0885889572088114
Q00536,CDK16,LY2090314,NTERA2,0.06859308043155164
Q00536,CDK16,Tofacitinib,NTERA2,-0.23180508253347681
Q00536,CDK16,AZD8055,NTERA2,0.4034350390288526
Q00536,CDK16,GDC0994,NTERA2,-0.6741475952789232
Q00536,CDK16,JNK,NTERA2,0.4104816848105607
Q00536,CDK16,LY2584702,NTERA2,0.9728338268386434
Q00536,CDK16,PH797804,NTERA2,0.7478923468959514
Q00536,CDK16,Selumetinib,NTERA2,0.9726510268293653
Q00536,CDK16,U73122,NTERA2,0.8001480259196522
Q00536,CDK16,Ulixertinib,NTERA2,0.5983113836745646
Q00536,CDK16,Amuvatinib,NTERA2,1.1581284297830985
Q00536,CDK16,AZD3759,NTERA2,1.23351395975005
Q00536,CDK16,GSK690693,NTERA2,1.8069123293803377
Q00536,CDK16,JNJ,NTERA2,0.4524798838087535
Q00536,CDK16,KN62,NTERA2,2.252068098100521
Q00536,CDK16,Linsitinib,NTERA2,1.206401748899611
Q00536,CDK16,LY2835219,NTERA2,0.22149994435212464
Q00536,CDK16,Ribociclib,NTERA2,0.615106029592579
Q00536,CDK16,AC220,NTERA2,0.9996062381645806
Q00536,CDK16,Edelfosine,NTERA2,0.2085962938280765
Q00536,CDK16,GF109203X,NTERA2,1.473922973356535
Q00536,CDK16,Go6976,NTERA2,2.195178501968907
Q00536,CDK16,PF4708671,NTERA2,1.1111492577229918
Q00536,CDK16,SP600125,NTERA2,2.1805647331751334
Q00536,CDK16,TAK715,NTERA2,3.2799402081466824
Q00536,CDK16,TBCA,NTERA2,1.5363517188401072
Q00536,CDK16,AT13148,NTERA2,-0.316807082259392
Q00536,CDK16,AZ20,NTERA2,-0.9350168424040978
Q00536,CDK16,AZD6738,NTERA2,-0.19236619280500472
Q00536,CDK16,Bosutinib,NTERA2,-0.23912228165321445
Q00536,CDK16,Dabrafenib,NTERA2,-0.7652119815078365
Q00536,CDK16,Dasatinib,NTERA2,0.1908983961542124
Q00536,CDK16,DNAPK,NTERA2,0.5899619523441184
Q00536,CDK16,H89,NTERA2,-0.13714787854931768
Q00536,CDK16,KD025,NTERA2,-1.2007269753280885
Q00536,CDK16,NU7441,NTERA2,-0.291293525722905
Q00536,CDK16,Ripasudil,NTERA2,-0.580482703462955
Q00536,CDK16,Vemurafenib,NTERA2,-0.6821825506781574
Q7Z2Y5,NRK,AZD6482,NTERA2,-0.09082578447858329
Q7Z2Y5,NRK,CAL101,NTERA2,-0.3584922610540508
Q7Z2Y5,NRK,GDC0941,NTERA2,0.27091733035782206
Q7Z2Y5,NRK,HS173,NTERA2,0.5562262979723936
Q7Z2Y5,NRK,PIK294,NTERA2,0.24608697327469084
Q7Z2Y5,NRK,TGX221,NTERA2,0.21075233896400028
Q7Z2Y5,NRK,CX4945,NTERA2,0.04635251937138215
Q7Z2Y5,NRK,GO6983,NTERA2,0.5318732563421054
Q7Z2Y5,NRK,KN93,NTERA2,0.5381423872877694
Q7Z2Y5,NRK,MK2206,NTERA2,-0.004186758941367648
Q7Z2Y5,NRK,AZD5438,NTERA2,0.47864701572186547
Q7Z2Y5,NRK,FRAX486,NTERA2,-0.3141403537656983
Q7Z2Y5,NRK,Ku0063794,NTERA2,0.21856888085188667
Q7Z2Y5,NRK,PD153035,NTERA2,0.33250386655433917
Q7Z2Y5,NRK,PF3758309,NTERA2,0.29744939120132324
Q7Z2Y5,NRK,Torin,NTERA2,0.04308461573294849
Q7Z2Y5,NRK,Trametinib,NTERA2,0.13806929510965174
Q7Z2Y5,NRK,AZD1480,NTERA2,0.07210658511477196
Q7Z2Y5,NRK,AZD5363,NTERA2,-0.6978315855585325
Q7Z2Y5,NRK,BX912,NTERA2,-0.02116785394703364
Q7Z2Y5,NRK,CHIR99021,NTERA2,0.2504123355587758
Q7Z2Y5,NRK,GSK2334470,NTERA2,-0.650856817898076
Q7Z2Y5,NRK,Ipatasertib,NTERA2,-0.2100328345813865
Q7Z2Y5,NRK,LY2090314,NTERA2,0.2742978401262545
Q7Z2Y5,NRK,Tofacitinib,NTERA2,0.0499513468721937
Q7Z2Y5,NRK,AZD8055,NTERA2,0.3837048766471351
Q7Z2Y5,NRK,GDC0994,NTERA2,0.07514195141229223
Q7Z2Y5,NRK,JNK,NTERA2,0.25668437628380586
Q7Z2Y5,NRK,LY2584702,NTERA2,0.13123455123835004
Q7Z2Y5,NRK,PH797804,NTERA2,0.20413298611846128
Q7Z2Y5,NRK,Selumetinib,NTERA2,0.1452245520577825
Q7Z2Y5,NRK,U73122,NTERA2,0.11650071095560514
Q7Z2Y5,NRK,Ulixertinib,NTERA2,0.24600173408730402
Q7Z2Y5,NRK,Amuvatinib,NTERA2,0.24594968104538828
Q7Z2Y5,NRK,AZD3759,NTERA2,0.3027359317503237
Q7Z2Y5,NRK,GSK690693,NTERA2,0.3754401602334388
Q7Z2Y5,NRK,JNJ,NTERA2,0.13303689889674292
Q7Z2Y5,NRK,KN62,NTERA2,0.43235675408944996
Q7Z2Y5,NRK,Linsitinib,NTERA2,0.2534101210917864
Q7Z2Y5,NRK,LY2835219,NTERA2,0.27517382307329524
Q7Z2Y5,NRK,Ribociclib,NTERA2,-0.3338414654477427
Q7Z2Y5,NRK,AC220,NTERA2,0.41943445863898154
Q7Z2Y5,NRK,Edelfosine,NTERA2,0.30242754947835104
Q7Z2Y5,NRK,GF109203X,NTERA2,0.129719023681131
Q7Z2Y5,NRK,Go6976,NTERA2,0.16013683389198569
Q7Z2Y5,NRK,PF4708671,NTERA2,0.14334753428706168
Q7Z2Y5,NRK,SP600125,NTERA2,0.27189128041845795
Q7Z2Y5,NRK,TAK715,NTERA2,0.22546651616844732
Q7Z2Y5,NRK,TBCA,NTERA2,-0.1915173675899521
Q7Z2Y5,NRK,AT13148,NTERA2,-0.9254983451914166
Q7Z2Y5,NRK,AZ20,NTERA2,0.2538260297363983
Q7Z2Y5,NRK,AZD6738,NTERA2,-0.005001394807057525
Q7Z2Y5,NRK,Bosutinib,NTERA2,-0.052913723079564205
Q7Z2Y5,NRK,Dabrafenib,NTERA2,-4.1538534714301125
Q7Z2Y5,NRK,Dasatinib,NTERA2,-0.9630782491579234
Q7Z2Y5,NRK,DNAPK,NTERA2,0.11256908333141824
Q7Z2Y5,NRK,H89,NTERA2,0.034787384597901566
Q7Z2Y5,NRK,KD025,NTERA2,0.034008024559634344
Q7Z2Y5,NRK,NU7441,NTERA2,-0.003956137017823307
Q7Z2Y5,NRK,Ripasudil,NTERA2,-0.2595718560515763
Q7Z2Y5,NRK,Vemurafenib,NTERA2,-0.13531176837893152
Q00537,CDK17,AZD6482,NTERA2,-0.76063125797383
Q00537,CDK17,CAL101,NTERA2,-1.279877374098169
Q00537,CDK17,GDC0941,NTERA2,0.5736362094406121
Q00537,CDK17,HS173,NTERA2,0.4317556122862598
Q00537,CDK17,PIK294,NTERA2,0.29393472174612756
Q00537,CDK17,TGX221,NTERA2,-0.3816599325972038
Q00537,CDK17,CX4945,NTERA2,0.48877341266910784
Q00537,CDK17,GO6983,NTERA2,0.5795550301864965
Q00537,CDK17,KN93,NTERA2,0.708326801454808
Q00537,CDK17,MK2206,NTERA2,-0.15799598868608888
Q00537,CDK17,AZD5438,NTERA2,-0.3019963596907344
Q00537,CDK17,FRAX486,NTERA2,0.0018531633477091958
Q00537,CDK17,Ku0063794,NTERA2,0.6779494285929739
Q00537,CDK17,PD153035,NTERA2,1.0578702146351153
Q00537,CDK17,PF3758309,NTERA2,0.0028908010949351536
Q00537,CDK17,Torin,NTERA2,1.104506738949125
Q00537,CDK17,Trametinib,NTERA2,0.74521382099551
Q00537,CDK17,AZD1480,NTERA2,0.42424382242735825
Q00537,CDK17,AZD5363,NTERA2,-0.4356285271948795
Q00537,CDK17,BX912,NTERA2,0.3133475114034805
Q00537,CDK17,CHIR99021,NTERA2,0.19649241822155447
Q00537,CDK17,GSK2334470,NTERA2,0.5052033556284675
Q00537,CDK17,Ipatasertib,NTERA2,-0.19554758017186094
Q00537,CDK17,LY2090314,NTERA2,0.42370626928113636
Q00537,CDK17,Tofacitinib,NTERA2,0.707590327929602
Q00537,CDK17,AZD8055,NTERA2,-0.0311067684759601
Q00537,CDK17,GDC0994,NTERA2,-0.6802507962987963
Q00537,CDK17,JNK,NTERA2,0.09718848774389684
Q00537,CDK17,LY2584702,NTERA2,0.8624223664881993
Q00537,CDK17,PH797804,NTERA2,0.1790336475284344
Q00537,CDK17,Selumetinib,NTERA2,0.595117106765916
Q00537,CDK17,U73122,NTERA2,0.6179299584421386
Q00537,CDK17,Ulixertinib,NTERA2,0.5505036520504027
Q00537,CDK17,Amuvatinib,NTERA2,0.9043433715392474
Q00537,CDK17,AZD3759,NTERA2,0.8212225332283618
Q00537,CDK17,GSK690693,NTERA2,0.8483207187799249
Q00537,CDK17,JNJ,NTERA2,0.278504670260221
Q00537,CDK17,KN62,NTERA2,1.0105806138704503
Q00537,CDK17,Linsitinib,NTERA2,0.30659614696496346
Q00537,CDK17,LY2835219,NTERA2,-0.19031775281783417
Q00537,CDK17,Ribociclib,NTERA2,0.6920650269515158
Q00537,CDK17,AC220,NTERA2,1.0005189581160496
Q00537,CDK17,Edelfosine,NTERA2,1.1192244331846053
Q00537,CDK17,GF109203X,NTERA2,1.1011238904731973
Q00537,CDK17,Go6976,NTERA2,1.700223982352249
Q00537,CDK17,PF4708671,NTERA2,1.3542744433861966
Q00537,CDK17,SP600125,NTERA2,2.091870709165791
Q00537,CDK17,TAK715,NTERA2,3.170640435603782
Q00537,CDK17,TBCA,NTERA2,1.0399470957467936
Q00537,CDK17,AT13148,NTERA2,-1.0652116968392789
Q00537,CDK17,AZ20,NTERA2,-2.1846015885974346
Q00537,CDK17,AZD6738,NTERA2,-0.983238494045087
Q00537,CDK17,Bosutinib,NTERA2,-0.5544556231922191
Q00537,CDK17,Dabrafenib,NTERA2,-0.24855887312318406
Q00537,CDK17,Dasatinib,NTERA2,-0.6647629357245916
Q00537,CDK17,DNAPK,NTERA2,-0.17801848967370534
Q00537,CDK17,H89,NTERA2,-0.7448264850268156
Q00537,CDK17,KD025,NTERA2,-1.712849085705388
Q00537,CDK17,NU7441,NTERA2,-0.5270000010088073
Q00537,CDK17,Ripasudil,NTERA2,-0.8374288157890142
Q00537,CDK17,Vemurafenib,NTERA2,-1.1361208290199123
Q96L34,MARK4,AZD6482,NTERA2,0.8082996830446453
Q96L34,MARK4,CAL101,NTERA2,-0.16543900531325298
Q96L34,MARK4,GDC0941,NTERA2,-0.10732838240137699
Q96L34,MARK4,HS173,NTERA2,-0.5743636537598575
Q96L34,MARK4,PIK294,NTERA2,1.2415059862985212
Q96L34,MARK4,TGX221,NTERA2,0.4170127295893938
Q96L34,MARK4,CX4945,NTERA2,-0.7915955034543766
Q96L34,MARK4,GO6983,NTERA2,0.08603588043846122
Q96L34,MARK4,KN93,NTERA2,-0.6449462953573818
Q96L34,MARK4,MK2206,NTERA2,-0.7647478627112733
Q96L34,MARK4,AZD5438,NTERA2,0.39528943591305055
Q96L34,MARK4,FRAX486,NTERA2,-1.4732603353655547
Q96L34,MARK4,Ku0063794,NTERA2,-0.022277849512797168
Q96L34,MARK4,PD153035,NTERA2,-0.2059303720262218
Q96L34,MARK4,PF3758309,NTERA2,-1.926928543032595
Q96L34,MARK4,Torin,NTERA2,0.2843569923555432
Q96L34,MARK4,Trametinib,NTERA2,1.5759558660486963
Q96L34,MARK4,AZD1480,NTERA2,0.23560561942110075
Q96L34,MARK4,AZD5363,NTERA2,0.24257157003188382
Q96L34,MARK4,BX912,NTERA2,-1.6303262515547259
Q96L34,MARK4,CHIR99021,NTERA2,-0.5171292130106838
Q96L34,MARK4,GSK2334470,NTERA2,-0.1706522072293779
Q96L34,MARK4,Ipatasertib,NTERA2,-0.5399890813092064
Q96L34,MARK4,LY2090314,NTERA2,-0.1470993830247641
Q96L34,MARK4,Tofacitinib,NTERA2,0.5079986562280896
Q96L34,MARK4,AZD8055,NTERA2,0.14614331305475733
Q96L34,MARK4,GDC0994,NTERA2,0.8069422649187289
Q96L34,MARK4,JNK,NTERA2,-0.08835763850198641
Q96L34,MARK4,LY2584702,NTERA2,0.6050170699723235
Q96L34,MARK4,PH797804,NTERA2,0.7993620450899178
Q96L34,MARK4,Selumetinib,NTERA2,0.12613430116234647
Q96L34,MARK4,U73122,NTERA2,-0.06046448400778911
Q96L34,MARK4,Ulixertinib,NTERA2,-0.16403602269388276
Q96L34,MARK4,Amuvatinib,NTERA2,-0.34056411271728926
Q96L34,MARK4,AZD3759,NTERA2,-1.1080723940704147
Q96L34,MARK4,GSK690693,NTERA2,-0.5047328480824921
Q96L34,MARK4,JNJ,NTERA2,-0.7369370110011196
Q96L34,MARK4,KN62,NTERA2,-1.171265749864152
Q96L34,MARK4,Linsitinib,NTERA2,-0.8690462274500165
Q96L34,MARK4,LY2835219,NTERA2,0.07834265252727385
Q96L34,MARK4,Ribociclib,NTERA2,-0.3865485219855672
Q96L34,MARK4,AC220,NTERA2,0.5360878179910844
Q96L34,MARK4,Edelfosine,NTERA2,0.3328832250982552
Q96L34,MARK4,GF109203X,NTERA2,1.099626307115519
Q96L34,MARK4,Go6976,NTERA2,-0.3390676721514479
Q96L34,MARK4,PF4708671,NTERA2,1.1462555891387525
Q96L34,MARK4,SP600125,NTERA2,-0.5454372824593011
Q96L34,MARK4,TAK715,NTERA2,0.34153758655813765
Q96L34,MARK4,TBCA,NTERA2,-1.925957134428211
Q96L34,MARK4,AT13148,NTERA2,0.18081074895136046
Q96L34,MARK4,AZ20,NTERA2,-0.18221413057113015
Q96L34,MARK4,AZD6738,NTERA2,-0.5556511475777184
Q96L34,MARK4,Bosutinib,NTERA2,-0.5707276529441779
Q96L34,MARK4,Dabrafenib,NTERA2,0.8534155942264513
Q96L34,MARK4,Dasatinib,NTERA2,-0.6463415408422346
Q96L34,MARK4,DNAPK,NTERA2,0.24560461084269292
Q96L34,MARK4,H89,NTERA2,-0.024377148576389743
Q96L34,MARK4,KD025,NTERA2,-0.3409141423794732
Q96L34,MARK4,NU7441,NTERA2,-0.26213639507413233
Q96L34,MARK4,Ripasudil,NTERA2,-0.7762801330626163
Q96L34,MARK4,Vemurafenib,NTERA2,0.12832181188738057
P21709,EPHA1,AZD6482,NTERA2,
P21709,EPHA1,CAL101,NTERA2,
P21709,EPHA1,GDC0941,NTERA2,
P21709,EPHA1,HS173,NTERA2,
P21709,EPHA1,PIK294,NTERA2,
P21709,EPHA1,TGX221,NTERA2,
P21709,EPHA1,CX4945,NTERA2,
P21709,EPHA1,GO6983,NTERA2,
P21709,EPHA1,KN93,NTERA2,
P21709,EPHA1,MK2206,NTERA2,
P21709,EPHA1,AZD5438,NTERA2,
P21709,EPHA1,FRAX486,NTERA2,
P21709,EPHA1,Ku0063794,NTERA2,
P21709,EPHA1,PD153035,NTERA2,
P21709,EPHA1,PF3758309,NTERA2,
P21709,EPHA1,Torin,NTERA2,
P21709,EPHA1,Trametinib,NTERA2,
P21709,EPHA1,AZD1480,NTERA2,
P21709,EPHA1,AZD5363,NTERA2,
P21709,EPHA1,BX912,NTERA2,
P21709,EPHA1,CHIR99021,NTERA2,
P21709,EPHA1,GSK2334470,NTERA2,
P21709,EPHA1,Ipatasertib,NTERA2,
P21709,EPHA1,LY2090314,NTERA2,
P21709,EPHA1,Tofacitinib,NTERA2,
P21709,EPHA1,AZD8055,NTERA2,
P21709,EPHA1,GDC0994,NTERA2,
P21709,EPHA1,JNK,NTERA2,
P21709,EPHA1,LY2584702,NTERA2,
P21709,EPHA1,PH797804,NTERA2,
P21709,EPHA1,Selumetinib,NTERA2,
P21709,EPHA1,U73122,NTERA2,
P21709,EPHA1,Ulixertinib,NTERA2,
P21709,EPHA1,Amuvatinib,NTERA2,
P21709,EPHA1,AZD3759,NTERA2,
P21709,EPHA1,GSK690693,NTERA2,
P21709,EPHA1,JNJ,NTERA2,
P21709,EPHA1,KN62,NTERA2,
P21709,EPHA1,Linsitinib,NTERA2,
P21709,EPHA1,LY2835219,NTERA2,
P21709,EPHA1,Ribociclib,NTERA2,
P21709,EPHA1,AC220,NTERA2,
P21709,EPHA1,Edelfosine,NTERA2,
P21709,EPHA1,GF109203X,NTERA2,
P21709,EPHA1,Go6976,NTERA2,
P21709,EPHA1,PF4708671,NTERA2,
P21709,EPHA1,SP600125,NTERA2,
P21709,EPHA1,TAK715,NTERA2,
P21709,EPHA1,TBCA,NTERA2,
P21709,EPHA1,AT13148,NTERA2,
P21709,EPHA1,AZ20,NTERA2,
P21709,EPHA1,AZD6738,NTERA2,
P21709,EPHA1,Bosutinib,NTERA2,
P21709,EPHA1,Dabrafenib,NTERA2,
P21709,EPHA1,Dasatinib,NTERA2,
P21709,EPHA1,DNAPK,NTERA2,
P21709,EPHA1,H89,NTERA2,
P21709,EPHA1,KD025,NTERA2,
P21709,EPHA1,NU7441,NTERA2,
P21709,EPHA1,Ripasudil,NTERA2,
P21709,EPHA1,Vemurafenib,NTERA2,
Q9UK32,RPS6KA6,AZD6482,NTERA2,2.1618096294009983
Q9UK32,RPS6KA6,CAL101,NTERA2,1.2674842681420275
Q9UK32,RPS6KA6,GDC0941,NTERA2,-0.6660374328315599
Q9UK32,RPS6KA6,HS173,NTERA2,1.5768190917129346
Q9UK32,RPS6KA6,PIK294,NTERA2,2.5177221808760697
Q9UK32,RPS6KA6,TGX221,NTERA2,1.786622004549462
Q9UK32,RPS6KA6,CX4945,NTERA2,-0.040516554271528483
Q9UK32,RPS6KA6,GO6983,NTERA2,-0.11948785910596021
Q9UK32,RPS6KA6,KN93,NTERA2,0.6602834539005829
Q9UK32,RPS6KA6,MK2206,NTERA2,-0.40621202604069634
Q9UK32,RPS6KA6,AZD5438,NTERA2,0.7794556823302609
Q9UK32,RPS6KA6,FRAX486,NTERA2,-2.2151797237500417
Q9UK32,RPS6KA6,Ku0063794,NTERA2,-2.2131962963008345
Q9UK32,RPS6KA6,PD153035,NTERA2,0.3134465490800343
Q9UK32,RPS6KA6,PF3758309,NTERA2,-3.175230999269196
Q9UK32,RPS6KA6,Torin,NTERA2,-2.810478471826482
Q9UK32,RPS6KA6,Trametinib,NTERA2,-2.3087373854835835
Q9UK32,RPS6KA6,AZD1480,NTERA2,-0.34780566276571473
Q9UK32,RPS6KA6,AZD5363,NTERA2,-0.12819414916297617
Q9UK32,RPS6KA6,BX912,NTERA2,-0.29059054285204455
Q9UK32,RPS6KA6,CHIR99021,NTERA2,0.746681008890346
Q9UK32,RPS6KA6,GSK2334470,NTERA2,-0.6477709910029504
Q9UK32,RPS6KA6,Ipatasertib,NTERA2,-0.9969962874361145
Q9UK32,RPS6KA6,LY2090314,NTERA2,-0.18845912349945032
Q9UK32,RPS6KA6,Tofacitinib,NTERA2,0.2688661915088669
Q9UK32,RPS6KA6,AZD8055,NTERA2,-2.6167242162484476
Q9UK32,RPS6KA6,GDC0994,NTERA2,-0.025850508050470917
Q9UK32,RPS6KA6,JNK,NTERA2,-0.06593164544120758
Q9UK32,RPS6KA6,LY2584702,NTERA2,-0.7140121501212191
Q9UK32,RPS6KA6,PH797804,NTERA2,-0.40285119973143313
Q9UK32,RPS6KA6,Selumetinib,NTERA2,-0.25111275240009356
Q9UK32,RPS6KA6,U73122,NTERA2,0.4073166379014207
Q9UK32,RPS6KA6,Ulixertinib,NTERA2,0.2911215741846624
Q9UK32,RPS6KA6,Amuvatinib,NTERA2,0.5085751509425781
Q9UK32,RPS6KA6,AZD3759,NTERA2,0.30196473340543234
Q9UK32,RPS6KA6,GSK690693,NTERA2,0.041059904965346825
Q9UK32,RPS6KA6,JNJ,NTERA2,0.11485877019645616
Q9UK32,RPS6KA6,KN62,NTERA2,0.17268831004451324
Q9UK32,RPS6KA6,Linsitinib,NTERA2,-1.4889134147371934
Q9UK32,RPS6KA6,LY2835219,NTERA2,0.26509138703538965
Q9UK32,RPS6KA6,Ribociclib,NTERA2,0.3180659570321448
Q9UK32,RPS6KA6,AC220,NTERA2,0.30925773122266004
Q9UK32,RPS6KA6,Edelfosine,NTERA2,1.2970724342465647
Q9UK32,RPS6KA6,GF109203X,NTERA2,0.005539605389849557
Q9UK32,RPS6KA6,Go6976,NTERA2,-0.4343917214978541
Q9UK32,RPS6KA6,PF4708671,NTERA2,0.3720286654137189
Q9UK32,RPS6KA6,SP600125,NTERA2,0.6127141723644375
Q9UK32,RPS6KA6,TAK715,NTERA2,0.014643720108708529
Q9UK32,RPS6KA6,TBCA,NTERA2,-0.29964360061891493
Q9UK32,RPS6KA6,AT13148,NTERA2,-0.047003611939992807
Q9UK32,RPS6KA6,AZ20,NTERA2,-1.2875943886944499
Q9UK32,RPS6KA6,AZD6738,NTERA2,0.3264673357313109
Q9UK32,RPS6KA6,Bosutinib,NTERA2,0.4675069631891702
Q9UK32,RPS6KA6,Dabrafenib,NTERA2,0.8707337134124649
Q9UK32,RPS6KA6,Dasatinib,NTERA2,0.017641608442185912
Q9UK32,RPS6KA6,DNAPK,NTERA2,0.6174160402616022
Q9UK32,RPS6KA6,H89,NTERA2,-0.0218934866800564
Q9UK32,RPS6KA6,KD025,NTERA2,-0.14554380717166931
Q9UK32,RPS6KA6,NU7441,NTERA2,0.34047391976751834
Q9UK32,RPS6KA6,Ripasudil,NTERA2,-0.02794097230971555
Q9UK32,RPS6KA6,Vemurafenib,NTERA2,0.17213413043248668
Q9NSY1,BMP2K,AZD6482,NTERA2,0.2018654301038351
Q9NSY1,BMP2K,CAL101,NTERA2,-0.6659068088096516
Q9NSY1,BMP2K,GDC0941,NTERA2,-0.718004861501116
Q9NSY1,BMP2K,HS173,NTERA2,-0.015179515314274855
Q9NSY1,BMP2K,PIK294,NTERA2,-1.5003484814633432
Q9NSY1,BMP2K,TGX221,NTERA2,-0.3026875453976937
Q9NSY1,BMP2K,CX4945,NTERA2,1.0219353993023907
Q9NSY1,BMP2K,GO6983,NTERA2,0.5037230250849062
Q9NSY1,BMP2K,KN93,NTERA2,0.3918807286995538
Q9NSY1,BMP2K,MK2206,NTERA2,1.0987155069957615
Q9NSY1,BMP2K,AZD5438,NTERA2,0.2010547600023098
Q9NSY1,BMP2K,FRAX486,NTERA2,-0.45209638039564076
Q9NSY1,BMP2K,Ku0063794,NTERA2,-0.8954622685273765
Q9NSY1,BMP2K,PD153035,NTERA2,-0.7224189604453857
Q9NSY1,BMP2K,PF3758309,NTERA2,0.7225570009903688
Q9NSY1,BMP2K,Torin,NTERA2,-0.9890998071694982
Q9NSY1,BMP2K,Trametinib,NTERA2,-0.31544513653967043
Q9NSY1,BMP2K,AZD1480,NTERA2,1.0886646275984142
Q9NSY1,BMP2K,AZD5363,NTERA2,1.48903403292795
Q9NSY1,BMP2K,BX912,NTERA2,-0.10110747444712777
Q9NSY1,BMP2K,CHIR99021,NTERA2,1.1425779318038582
Q9NSY1,BMP2K,GSK2334470,NTERA2,1.351122571863545
Q9NSY1,BMP2K,Ipatasertib,NTERA2,0.4346392390189509
Q9NSY1,BMP2K,LY2090314,NTERA2,-0.15437337315865443
Q9NSY1,BMP2K,Tofacitinib,NTERA2,-0.8757547938181397
Q9NSY1,BMP2K,AZD8055,NTERA2,0.07213331673408406
Q9NSY1,BMP2K,GDC0994,NTERA2,-0.07027840217875539
Q9NSY1,BMP2K,JNK,NTERA2,-0.8583253530668863
Q9NSY1,BMP2K,LY2584702,NTERA2,-1.8072654083823947
Q9NSY1,BMP2K,PH797804,NTERA2,0.33615688054982906
Q9NSY1,BMP2K,Selumetinib,NTERA2,1.516993270977222
Q9NSY1,BMP2K,U73122,NTERA2,-0.5100495887986863
Q9NSY1,BMP2K,Ulixertinib,NTERA2,-1.9583992433993458
Q9NSY1,BMP2K,Amuvatinib,NTERA2,-2.234743546089603
Q9NSY1,BMP2K,AZD3759,NTERA2,-2.3391254836026896
Q9NSY1,BMP2K,GSK690693,NTERA2,-2.2697935412349715
Q9NSY1,BMP2K,JNJ,NTERA2,-2.2470473065572825
Q9NSY1,BMP2K,KN62,NTERA2,-3.4186459502488327
Q9NSY1,BMP2K,Linsitinib,NTERA2,-2.524855655251827
Q9NSY1,BMP2K,LY2835219,NTERA2,-1.4217501046181937
Q9NSY1,BMP2K,Ribociclib,NTERA2,0.2777934850966422
Q9NSY1,BMP2K,AC220,NTERA2,-0.49231131187505706
Q9NSY1,BMP2K,Edelfosine,NTERA2,0.3262907643319232
Q9NSY1,BMP2K,GF109203X,NTERA2,-0.9567553125708352
Q9NSY1,BMP2K,Go6976,NTERA2,1.4042404758606961
Q9NSY1,BMP2K,PF4708671,NTERA2,-1.6316973732971891
Q9NSY1,BMP2K,SP600125,NTERA2,-1.2200610627036554
Q9NSY1,BMP2K,TAK715,NTERA2,0.577732929588617
Q9NSY1,BMP2K,TBCA,NTERA2,-0.17865237908034665
Q9NSY1,BMP2K,AT13148,NTERA2,-0.29937128999000345
Q9NSY1,BMP2K,AZ20,NTERA2,-3.648582600212786
Q9NSY1,BMP2K,AZD6738,NTERA2,0.010110134902291108
Q9NSY1,BMP2K,Bosutinib,NTERA2,0.7180895874325491
Q9NSY1,BMP2K,Dabrafenib,NTERA2,1.6458869420002704
Q9NSY1,BMP2K,Dasatinib,NTERA2,-0.9336128898083452
Q9NSY1,BMP2K,DNAPK,NTERA2,-0.5572002513157982
Q9NSY1,BMP2K,H89,NTERA2,0.8074982918689126
Q9NSY1,BMP2K,KD025,NTERA2,-0.309805619943166
Q9NSY1,BMP2K,NU7441,NTERA2,-2.2926840810519895
Q9NSY1,BMP2K,Ripasudil,NTERA2,1.4395826605992526
Q9NSY1,BMP2K,Vemurafenib,NTERA2,1.9510343673679633
Q9H2G2,SLK,AZD6482,NTERA2,-0.23167787230439243
Q9H2G2,SLK,CAL101,NTERA2,-0.2885604301011496
Q9H2G2,SLK,GDC0941,NTERA2,1.0631365276234424
Q9H2G2,SLK,HS173,NTERA2,1.633027067174664
Q9H2G2,SLK,PIK294,NTERA2,0.2343008573826741
Q9H2G2,SLK,TGX221,NTERA2,-0.6192263697648885
Q9H2G2,SLK,CX4945,NTERA2,0.3632451739340261
Q9H2G2,SLK,GO6983,NTERA2,-0.052315195399232586
Q9H2G2,SLK,KN93,NTERA2,1.4472614068638523
Q9H2G2,SLK,MK2206,NTERA2,1.8801444707392387
Q9H2G2,SLK,AZD5438,NTERA2,-2.518651000882488
Q9H2G2,SLK,FRAX486,NTERA2,-0.3969226705270417
Q9H2G2,SLK,Ku0063794,NTERA2,-1.978642089390165
Q9H2G2,SLK,PD153035,NTERA2,-3.7160871717979487
Q9H2G2,SLK,PF3758309,NTERA2,-0.4546862045769835
Q9H2G2,SLK,Torin,NTERA2,-1.13331080759545
Q9H2G2,SLK,Trametinib,NTERA2,0.05788146030288479
Q9H2G2,SLK,AZD1480,NTERA2,2.792165383222586
Q9H2G2,SLK,AZD5363,NTERA2,2.1033775804442296
Q9H2G2,SLK,BX912,NTERA2,2.862847735433217
Q9H2G2,SLK,CHIR99021,NTERA2,2.046430890016913
Q9H2G2,SLK,GSK2334470,NTERA2,0.9907265955644836
Q9H2G2,SLK,Ipatasertib,NTERA2,2.864576166559167
Q9H2G2,SLK,LY2090314,NTERA2,2.2414585720075095
Q9H2G2,SLK,Tofacitinib,NTERA2,3.4870616090355093
Q9H2G2,SLK,AZD8055,NTERA2,-0.1191406288190401
Q9H2G2,SLK,GDC0994,NTERA2,-0.021141891685017986
Q9H2G2,SLK,JNK,NTERA2,-0.6612664067103657
Q9H2G2,SLK,LY2584702,NTERA2,-2.033474392425776
Q9H2G2,SLK,PH797804,NTERA2,0.46341287334262776
Q9H2G2,SLK,Selumetinib,NTERA2,-0.9880886469054501
Q9H2G2,SLK,U73122,NTERA2,0.21052876731116077
Q9H2G2,SLK,Ulixertinib,NTERA2,-0.7334205104265465
Q9H2G2,SLK,Amuvatinib,NTERA2,-1.897482463232237
Q9H2G2,SLK,AZD3759,NTERA2,-2.478077365110172
Q9H2G2,SLK,GSK690693,NTERA2,-0.5449192902766512
Q9H2G2,SLK,JNJ,NTERA2,-1.2541138952154836
Q9H2G2,SLK,KN62,NTERA2,-1.2013158987689683
Q9H2G2,SLK,Linsitinib,NTERA2,-1.6296775168341757
Q9H2G2,SLK,LY2835219,NTERA2,-1.2721163252193712
Q9H2G2,SLK,Ribociclib,NTERA2,-1.1292944444991098
Q9H2G2,SLK,AC220,NTERA2,-0.1403188404774594
Q9H2G2,SLK,Edelfosine,NTERA2,0.6635768221077644
Q9H2G2,SLK,GF109203X,NTERA2,0.15259569552937716
Q9H2G2,SLK,Go6976,NTERA2,0.7201086879000694
Q9H2G2,SLK,PF4708671,NTERA2,0.6327052156586671
Q9H2G2,SLK,SP600125,NTERA2,0.7125496776405075
Q9H2G2,SLK,TAK715,NTERA2,0.9172913440167287
Q9H2G2,SLK,TBCA,NTERA2,0.4253899088495404
Q9H2G2,SLK,AT13148,NTERA2,-0.30262542761527683
Q9H2G2,SLK,AZ20,NTERA2,1.8441126603193883
Q9H2G2,SLK,AZD6738,NTERA2,1.4943515412810306
Q9H2G2,SLK,Bosutinib,NTERA2,0.24447227515211967
Q9H2G2,SLK,Dabrafenib,NTERA2,1.2460620917127043
Q9H2G2,SLK,Dasatinib,NTERA2,-1.3324384319629443
Q9H2G2,SLK,DNAPK,NTERA2,2.3089167462760694
Q9H2G2,SLK,H89,NTERA2,0.23681868369358935
Q9H2G2,SLK,KD025,NTERA2,0.3752899253651394
Q9H2G2,SLK,NU7441,NTERA2,0.5373819785839218
Q9H2G2,SLK,Ripasudil,NTERA2,0.2646809087154974
Q9H2G2,SLK,Vemurafenib,NTERA2,0.43081054997606627
Q9BYT3,STK33,AZD6482,NTERA2,
Q9BYT3,STK33,CAL101,NTERA2,
Q9BYT3,STK33,GDC0941,NTERA2,
Q9BYT3,STK33,HS173,NTERA2,
Q9BYT3,STK33,PIK294,NTERA2,
Q9BYT3,STK33,TGX221,NTERA2,
Q9BYT3,STK33,CX4945,NTERA2,
Q9BYT3,STK33,GO6983,NTERA2,
Q9BYT3,STK33,KN93,NTERA2,
Q9BYT3,STK33,MK2206,NTERA2,
Q9BYT3,STK33,AZD5438,NTERA2,
Q9BYT3,STK33,FRAX486,NTERA2,
Q9BYT3,STK33,Ku0063794,NTERA2,
Q9BYT3,STK33,PD153035,NTERA2,
Q9BYT3,STK33,PF3758309,NTERA2,
Q9BYT3,STK33,Torin,NTERA2,
Q9BYT3,STK33,Trametinib,NTERA2,
Q9BYT3,STK33,AZD1480,NTERA2,
Q9BYT3,STK33,AZD5363,NTERA2,
Q9BYT3,STK33,BX912,NTERA2,
Q9BYT3,STK33,CHIR99021,NTERA2,
Q9BYT3,STK33,GSK2334470,NTERA2,
Q9BYT3,STK33,Ipatasertib,NTERA2,
Q9BYT3,STK33,LY2090314,NTERA2,
Q9BYT3,STK33,Tofacitinib,NTERA2,
Q9BYT3,STK33,AZD8055,NTERA2,
Q9BYT3,STK33,GDC0994,NTERA2,
Q9BYT3,STK33,JNK,NTERA2,
Q9BYT3,STK33,LY2584702,NTERA2,
Q9BYT3,STK33,PH797804,NTERA2,
Q9BYT3,STK33,Selumetinib,NTERA2,
Q9BYT3,STK33,U73122,NTERA2,
Q9BYT3,STK33,Ulixertinib,NTERA2,
Q9BYT3,STK33,Amuvatinib,NTERA2,
Q9BYT3,STK33,AZD3759,NTERA2,
Q9BYT3,STK33,GSK690693,NTERA2,
Q9BYT3,STK33,JNJ,NTERA2,
Q9BYT3,STK33,KN62,NTERA2,
Q9BYT3,STK33,Linsitinib,NTERA2,
Q9BYT3,STK33,LY2835219,NTERA2,
Q9BYT3,STK33,Ribociclib,NTERA2,
Q9BYT3,STK33,AC220,NTERA2,
Q9BYT3,STK33,Edelfosine,NTERA2,
Q9BYT3,STK33,GF109203X,NTERA2,
Q9BYT3,STK33,Go6976,NTERA2,
Q9BYT3,STK33,PF4708671,NTERA2,
Q9BYT3,STK33,SP600125,NTERA2,
Q9BYT3,STK33,TAK715,NTERA2,
Q9BYT3,STK33,TBCA,NTERA2,
Q9BYT3,STK33,AT13148,NTERA2,
Q9BYT3,STK33,AZ20,NTERA2,
Q9BYT3,STK33,AZD6738,NTERA2,
Q9BYT3,STK33,Bosutinib,NTERA2,
Q9BYT3,STK33,Dabrafenib,NTERA2,
Q9BYT3,STK33,Dasatinib,NTERA2,
Q9BYT3,STK33,DNAPK,NTERA2,
Q9BYT3,STK33,H89,NTERA2,
Q9BYT3,STK33,KD025,NTERA2,
Q9BYT3,STK33,NU7441,NTERA2,
Q9BYT3,STK33,Ripasudil,NTERA2,
Q9BYT3,STK33,Vemurafenib,NTERA2,
Q16513,PKN2,AZD6482,NTERA2,4.475469796659959
Q16513,PKN2,CAL101,NTERA2,4.114304141696334
Q16513,PKN2,GDC0941,NTERA2,3.6207531395579204
Q16513,PKN2,HS173,NTERA2,4.281192367423117
Q16513,PKN2,PIK294,NTERA2,4.8883519403898985
Q16513,PKN2,TGX221,NTERA2,3.95980648593176
Q16513,PKN2,CX4945,NTERA2,-1.0591322433588615
Q16513,PKN2,GO6983,NTERA2,-1.1523791670831733
Q16513,PKN2,KN93,NTERA2,2.880364917418027
Q16513,PKN2,MK2206,NTERA2,2.6878957372396335
Q16513,PKN2,AZD5438,NTERA2,0.8254736126863138
Q16513,PKN2,FRAX486,NTERA2,1.5784660040651866
Q16513,PKN2,Ku0063794,NTERA2,2.22997417914229
Q16513,PKN2,PD153035,NTERA2,0.45593134486401604
Q16513,PKN2,PF3758309,NTERA2,2.2761408611801217
Q16513,PKN2,Torin,NTERA2,1.1787815752644815
Q16513,PKN2,Trametinib,NTERA2,-0.9585137456396537
Q16513,PKN2,AZD1480,NTERA2,-0.8481891220446885
Q16513,PKN2,AZD5363,NTERA2,1.6649150608027943
Q16513,PKN2,BX912,NTERA2,-2.717839065166991
Q16513,PKN2,CHIR99021,NTERA2,1.1174905168762415
Q16513,PKN2,GSK2334470,NTERA2,1.5475189307829917
Q16513,PKN2,Ipatasertib,NTERA2,1.1293454273133194
Q16513,PKN2,LY2090314,NTERA2,1.2053833653350012
Q16513,PKN2,Tofacitinib,NTERA2,3.1057530345158346
Q16513,PKN2,AZD8055,NTERA2,0.12649695781669146
Q16513,PKN2,GDC0994,NTERA2,-0.7725412140598223
Q16513,PKN2,JNK,NTERA2,-0.7305143227549458
Q16513,PKN2,LY2584702,NTERA2,-0.7922628402667966
Q16513,PKN2,PH797804,NTERA2,-1.3468708582384343
Q16513,PKN2,Selumetinib,NTERA2,-1.4026853186696517
Q16513,PKN2,U73122,NTERA2,-0.2654576810294727
Q16513,PKN2,Ulixertinib,NTERA2,-0.6561176771367594
Q16513,PKN2,Amuvatinib,NTERA2,-4.030614716485455
Q16513,PKN2,AZD3759,NTERA2,1.0422044985429537
Q16513,PKN2,GSK690693,NTERA2,-0.613263318130451
Q16513,PKN2,JNJ,NTERA2,0.38102077688661623
Q16513,PKN2,KN62,NTERA2,0.3057751422039238
Q16513,PKN2,Linsitinib,NTERA2,-0.26309710904397937
Q16513,PKN2,LY2835219,NTERA2,-0.3878483902298649
Q16513,PKN2,Ribociclib,NTERA2,-0.7540625330495178
Q16513,PKN2,AC220,NTERA2,-6.8055234231740975
Q16513,PKN2,Edelfosine,NTERA2,-0.2900311628754755
Q16513,PKN2,GF109203X,NTERA2,1.9880255895851713
Q16513,PKN2,Go6976,NTERA2,0.5374337384996392
Q16513,PKN2,PF4708671,NTERA2,-5.21295828604132
Q16513,PKN2,SP600125,NTERA2,0.25227045375884183
Q16513,PKN2,TAK715,NTERA2,-1.1867550604681225
Q16513,PKN2,TBCA,NTERA2,1.3143230605017426
Q16513,PKN2,AT13148,NTERA2,0.24372376266595744
Q16513,PKN2,AZ20,NTERA2,-1.611330660940115
Q16513,PKN2,AZD6738,NTERA2,0.5536900779975539
Q16513,PKN2,Bosutinib,NTERA2,-1.2044282115263996
Q16513,PKN2,Dabrafenib,NTERA2,-0.3518685447578501
Q16513,PKN2,Dasatinib,NTERA2,-0.9519322607513945
Q16513,PKN2,DNAPK,NTERA2,-1.2876860249734554
Q16513,PKN2,H89,NTERA2,-1.1453163448372596
Q16513,PKN2,KD025,NTERA2,0.3863474273576454
Q16513,PKN2,NU7441,NTERA2,-1.164133898248916
Q16513,PKN2,Ripasudil,NTERA2,0.5477230068038799
Q16513,PKN2,Vemurafenib,NTERA2,-5.031596649367751
O60307,MAST3,AZD6482,NTERA2,
O60307,MAST3,CAL101,NTERA2,
O60307,MAST3,GDC0941,NTERA2,
O60307,MAST3,HS173,NTERA2,
O60307,MAST3,PIK294,NTERA2,
O60307,MAST3,TGX221,NTERA2,
O60307,MAST3,CX4945,NTERA2,
O60307,MAST3,GO6983,NTERA2,
O60307,MAST3,KN93,NTERA2,
O60307,MAST3,MK2206,NTERA2,
O60307,MAST3,AZD5438,NTERA2,
O60307,MAST3,FRAX486,NTERA2,
O60307,MAST3,Ku0063794,NTERA2,
O60307,MAST3,PD153035,NTERA2,
O60307,MAST3,PF3758309,NTERA2,
O60307,MAST3,Torin,NTERA2,
O60307,MAST3,Trametinib,NTERA2,
O60307,MAST3,AZD1480,NTERA2,
O60307,MAST3,AZD5363,NTERA2,
O60307,MAST3,BX912,NTERA2,
O60307,MAST3,CHIR99021,NTERA2,
O60307,MAST3,GSK2334470,NTERA2,
O60307,MAST3,Ipatasertib,NTERA2,
O60307,MAST3,LY2090314,NTERA2,
O60307,MAST3,Tofacitinib,NTERA2,
O60307,MAST3,AZD8055,NTERA2,
O60307,MAST3,GDC0994,NTERA2,
O60307,MAST3,JNK,NTERA2,
O60307,MAST3,LY2584702,NTERA2,
O60307,MAST3,PH797804,NTERA2,
O60307,MAST3,Selumetinib,NTERA2,
O60307,MAST3,U73122,NTERA2,
O60307,MAST3,Ulixertinib,NTERA2,
O60307,MAST3,Amuvatinib,NTERA2,
O60307,MAST3,AZD3759,NTERA2,
O60307,MAST3,GSK690693,NTERA2,
O60307,MAST3,JNJ,NTERA2,
O60307,MAST3,KN62,NTERA2,
O60307,MAST3,Linsitinib,NTERA2,
O60307,MAST3,LY2835219,NTERA2,
O60307,MAST3,Ribociclib,NTERA2,
O60307,MAST3,AC220,NTERA2,
O60307,MAST3,Edelfosine,NTERA2,
O60307,MAST3,GF109203X,NTERA2,
O60307,MAST3,Go6976,NTERA2,
O60307,MAST3,PF4708671,NTERA2,
O60307,MAST3,SP600125,NTERA2,
O60307,MAST3,TAK715,NTERA2,
O60307,MAST3,TBCA,NTERA2,
O60307,MAST3,AT13148,NTERA2,
O60307,MAST3,AZ20,NTERA2,
O60307,MAST3,AZD6738,NTERA2,
O60307,MAST3,Bosutinib,NTERA2,
O60307,MAST3,Dabrafenib,NTERA2,
O60307,MAST3,Dasatinib,NTERA2,
O60307,MAST3,DNAPK,NTERA2,
O60307,MAST3,H89,NTERA2,
O60307,MAST3,KD025,NTERA2,
O60307,MAST3,NU7441,NTERA2,
O60307,MAST3,Ripasudil,NTERA2,
O60307,MAST3,Vemurafenib,NTERA2,
Q9Y2U5,MAP3K2,AZD6482,NTERA2,-0.918448971595107
Q9Y2U5,MAP3K2,CAL101,NTERA2,0.545256294269295
Q9Y2U5,MAP3K2,GDC0941,NTERA2,-0.6512712578341027
Q9Y2U5,MAP3K2,HS173,NTERA2,0.13303985582598363
Q9Y2U5,MAP3K2,PIK294,NTERA2,0.5658618568960427
Q9Y2U5,MAP3K2,TGX221,NTERA2,0.9289416618601648
Q9Y2U5,MAP3K2,CX4945,NTERA2,0.845397291362035
Q9Y2U5,MAP3K2,GO6983,NTERA2,-0.17247399168183153
Q9Y2U5,MAP3K2,KN93,NTERA2,-0.808250411012207
Q9Y2U5,MAP3K2,MK2206,NTERA2,0.26663988391621385
Q9Y2U5,MAP3K2,AZD5438,NTERA2,0.32233567668518115
Q9Y2U5,MAP3K2,FRAX486,NTERA2,-5.578584379159061
Q9Y2U5,MAP3K2,Ku0063794,NTERA2,-0.3988324759420627
Q9Y2U5,MAP3K2,PD153035,NTERA2,-0.19267387303576278
Q9Y2U5,MAP3K2,PF3758309,NTERA2,-1.26665379819506
Q9Y2U5,MAP3K2,Torin,NTERA2,-0.16596041918196688
Q9Y2U5,MAP3K2,Trametinib,NTERA2,-6.920257991064987
Q9Y2U5,MAP3K2,AZD1480,NTERA2,-6.937834521658833
Q9Y2U5,MAP3K2,AZD5363,NTERA2,0.3689533992510106
Q9Y2U5,MAP3K2,BX912,NTERA2,-2.514783164681376
Q9Y2U5,MAP3K2,CHIR99021,NTERA2,0.7992845207922018
Q9Y2U5,MAP3K2,GSK2334470,NTERA2,0.29555054872275066
Q9Y2U5,MAP3K2,Ipatasertib,NTERA2,0.06652420275609013
Q9Y2U5,MAP3K2,LY2090314,NTERA2,-0.22848603918970772
Q9Y2U5,MAP3K2,Tofacitinib,NTERA2,-1.0312318909530604
Q9Y2U5,MAP3K2,AZD8055,NTERA2,-3.76382494869602
Q9Y2U5,MAP3K2,GDC0994,NTERA2,-0.4091687665952846
Q9Y2U5,MAP3K2,JNK,NTERA2,-2.4686266367108596
Q9Y2U5,MAP3K2,LY2584702,NTERA2,-1.8864772753682373
Q9Y2U5,MAP3K2,PH797804,NTERA2,-1.0337661077974594
Q9Y2U5,MAP3K2,Selumetinib,NTERA2,-4.555420512342601
Q9Y2U5,MAP3K2,U73122,NTERA2,-1.8197875314722556
Q9Y2U5,MAP3K2,Ulixertinib,NTERA2,0.4331880444318364
Q9Y2U5,MAP3K2,Amuvatinib,NTERA2,2.250476710547531
Q9Y2U5,MAP3K2,AZD3759,NTERA2,2.7040194667350708
Q9Y2U5,MAP3K2,GSK690693,NTERA2,-0.1546517597736457
Q9Y2U5,MAP3K2,JNJ,NTERA2,2.145579358706055
Q9Y2U5,MAP3K2,KN62,NTERA2,3.5419799958250335
Q9Y2U5,MAP3K2,Linsitinib,NTERA2,1.0296165452572676
Q9Y2U5,MAP3K2,LY2835219,NTERA2,-0.1154883138449001
Q9Y2U5,MAP3K2,Ribociclib,NTERA2,2.65547852528057
Q9Y2U5,MAP3K2,AC220,NTERA2,-1.7766850746731002
Q9Y2U5,MAP3K2,Edelfosine,NTERA2,1.6542404046000456
Q9Y2U5,MAP3K2,GF109203X,NTERA2,2.879204881512303
Q9Y2U5,MAP3K2,Go6976,NTERA2,-1.3136440096985382
Q9Y2U5,MAP3K2,PF4708671,NTERA2,-2.065255327865323
Q9Y2U5,MAP3K2,SP600125,NTERA2,-1.3728161370511742
Q9Y2U5,MAP3K2,TAK715,NTERA2,1.4619077695859068
Q9Y2U5,MAP3K2,TBCA,NTERA2,2.861068570233716
Q9Y2U5,MAP3K2,AT13148,NTERA2,-0.37402436767530456
Q9Y2U5,MAP3K2,AZ20,NTERA2,-2.6024705867428857
Q9Y2U5,MAP3K2,AZD6738,NTERA2,-5.610117286295897
Q9Y2U5,MAP3K2,Bosutinib,NTERA2,0.12637066771822972
Q9Y2U5,MAP3K2,Dabrafenib,NTERA2,0.9584294462134202
Q9Y2U5,MAP3K2,Dasatinib,NTERA2,-1.8601510198715676
Q9Y2U5,MAP3K2,DNAPK,NTERA2,-1.9512950096295938
Q9Y2U5,MAP3K2,H89,NTERA2,-2.789100470621155
Q9Y2U5,MAP3K2,KD025,NTERA2,-3.174690858948477
Q9Y2U5,MAP3K2,NU7441,NTERA2,-2.1646373003953556
Q9Y2U5,MAP3K2,Ripasudil,NTERA2,-0.0582547489321225
Q9Y2U5,MAP3K2,Vemurafenib,NTERA2,-0.40521127652076283
P49761,CLK3,AZD6482,NTERA2,-0.7739224961895047
P49761,CLK3,CAL101,NTERA2,-0.7367800233488863
P49761,CLK3,GDC0941,NTERA2,-0.8278311775296711
P49761,CLK3,HS173,NTERA2,-0.4427160662173644
P49761,CLK3,PIK294,NTERA2,-2.7304151932734104
P49761,CLK3,TGX221,NTERA2,-0.34939564727629013
P49761,CLK3,CX4945,NTERA2,-1.1546537608466543
P49761,CLK3,GO6983,NTERA2,-0.4718751233582953
P49761,CLK3,KN93,NTERA2,-0.1833901195868994
P49761,CLK3,MK2206,NTERA2,-0.444290199488839
P49761,CLK3,AZD5438,NTERA2,-0.48314533250710245
P49761,CLK3,FRAX486,NTERA2,0.4806256992566886
P49761,CLK3,Ku0063794,NTERA2,0.09507656937846565
P49761,CLK3,PD153035,NTERA2,0.06184477251959097
P49761,CLK3,PF3758309,NTERA2,-1.6989718757678736
P49761,CLK3,Torin,NTERA2,-0.6781963953731871
P49761,CLK3,Trametinib,NTERA2,0.0239736359058887
P49761,CLK3,AZD1480,NTERA2,-0.6959735175639169
P49761,CLK3,AZD5363,NTERA2,-2.053105839843217
P49761,CLK3,BX912,NTERA2,-1.44438531391983
P49761,CLK3,CHIR99021,NTERA2,-0.43268082622300025
P49761,CLK3,GSK2334470,NTERA2,-0.19906996499313992
P49761,CLK3,Ipatasertib,NTERA2,-1.8383031346492553
P49761,CLK3,LY2090314,NTERA2,-0.21514375102234096
P49761,CLK3,Tofacitinib,NTERA2,-0.2825317246766301
P49761,CLK3,AZD8055,NTERA2,0.20414496485084876
P49761,CLK3,GDC0994,NTERA2,-1.0930670123939377
P49761,CLK3,JNK,NTERA2,0.04151184477505842
P49761,CLK3,LY2584702,NTERA2,-0.87889458670137
P49761,CLK3,PH797804,NTERA2,-0.5432829343991865
P49761,CLK3,Selumetinib,NTERA2,-0.6502790081555595
P49761,CLK3,U73122,NTERA2,-0.44789481911427625
P49761,CLK3,Ulixertinib,NTERA2,-0.5024307644191709
P49761,CLK3,Amuvatinib,NTERA2,-4.85317135528259
P49761,CLK3,AZD3759,NTERA2,-1.4818864581649702
P49761,CLK3,GSK690693,NTERA2,-0.8521441348026677
P49761,CLK3,JNJ,NTERA2,-3.364220293382408
P49761,CLK3,KN62,NTERA2,-3.6484888498221464
P49761,CLK3,Linsitinib,NTERA2,-2.711681490921265
P49761,CLK3,LY2835219,NTERA2,-2.3729885750579744
P49761,CLK3,Ribociclib,NTERA2,-0.8928807200287767
P49761,CLK3,AC220,NTERA2,-1.0064291086569055
P49761,CLK3,Edelfosine,NTERA2,-0.40205609935992787
P49761,CLK3,GF109203X,NTERA2,-0.6506496433759414
P49761,CLK3,Go6976,NTERA2,-1.458914558946265
P49761,CLK3,PF4708671,NTERA2,-0.9427733537749636
P49761,CLK3,SP600125,NTERA2,-0.5530943862720785
P49761,CLK3,TAK715,NTERA2,-0.4748736418289172
P49761,CLK3,TBCA,NTERA2,0.31646383135680756
P49761,CLK3,AT13148,NTERA2,0.515577723400009
P49761,CLK3,AZ20,NTERA2,-1.0360308171963089
P49761,CLK3,AZD6738,NTERA2,-0.8168799202701296
P49761,CLK3,Bosutinib,NTERA2,-1.0797709223366527
P49761,CLK3,Dabrafenib,NTERA2,-0.8725284282437962
P49761,CLK3,Dasatinib,NTERA2,-0.9366182155618463
P49761,CLK3,DNAPK,NTERA2,-0.5229920171345795
P49761,CLK3,H89,NTERA2,-0.5635239570882946
P49761,CLK3,KD025,NTERA2,-0.5705092622709069
P49761,CLK3,NU7441,NTERA2,1.9082293982191314
P49761,CLK3,Ripasudil,NTERA2,-1.4384395223709323
P49761,CLK3,Vemurafenib,NTERA2,-1.0579839110397486
O95819,MAP4K4,AZD6482,NTERA2,0.3213865229475549
O95819,MAP4K4,CAL101,NTERA2,-0.20351626627450614
O95819,MAP4K4,GDC0941,NTERA2,0.6236038213817842
O95819,MAP4K4,HS173,NTERA2,0.5445838871464572
O95819,MAP4K4,PIK294,NTERA2,0.7460436945180359
O95819,MAP4K4,TGX221,NTERA2,0.18820439855397947
O95819,MAP4K4,CX4945,NTERA2,0.24140380238224757
O95819,MAP4K4,GO6983,NTERA2,0.3077128713444525
O95819,MAP4K4,KN93,NTERA2,0.8311232314176182
O95819,MAP4K4,MK2206,NTERA2,1.3280694931340928
O95819,MAP4K4,AZD5438,NTERA2,-1.4871534378005988
O95819,MAP4K4,FRAX486,NTERA2,-0.27381829334525615
O95819,MAP4K4,Ku0063794,NTERA2,-1.7858974257016593
O95819,MAP4K4,PD153035,NTERA2,-2.676472535368686
O95819,MAP4K4,PF3758309,NTERA2,-0.7264994180406449
O95819,MAP4K4,Torin,NTERA2,-0.8605151734155666
O95819,MAP4K4,Trametinib,NTERA2,-0.7206151441068366
O95819,MAP4K4,AZD1480,NTERA2,0.305621084624865
O95819,MAP4K4,AZD5363,NTERA2,0.22515830361395114
O95819,MAP4K4,BX912,NTERA2,1.39279591677791
O95819,MAP4K4,CHIR99021,NTERA2,0.7766860009650637
O95819,MAP4K4,GSK2334470,NTERA2,-0.5875033191676391
O95819,MAP4K4,Ipatasertib,NTERA2,1.5970327410217948
O95819,MAP4K4,LY2090314,NTERA2,1.7408905147279539
O95819,MAP4K4,Tofacitinib,NTERA2,0.8395009533119334
O95819,MAP4K4,AZD8055,NTERA2,-0.24601752314421443
O95819,MAP4K4,GDC0994,NTERA2,-0.12445776506791417
O95819,MAP4K4,JNK,NTERA2,-0.2796250675389107
O95819,MAP4K4,LY2584702,NTERA2,-1.13904937904376
O95819,MAP4K4,PH797804,NTERA2,0.6565429870946587
O95819,MAP4K4,Selumetinib,NTERA2,-0.2737005498505294
O95819,MAP4K4,U73122,NTERA2,0.6730072232355565
O95819,MAP4K4,Ulixertinib,NTERA2,-0.5263104976946591
O95819,MAP4K4,Amuvatinib,NTERA2,-0.08227720767390258
O95819,MAP4K4,AZD3759,NTERA2,-0.37460559674857696
O95819,MAP4K4,GSK690693,NTERA2,-0.2933398430118523
O95819,MAP4K4,JNJ,NTERA2,-0.30129670676451203
O95819,MAP4K4,KN62,NTERA2,0.41417521824203785
O95819,MAP4K4,Linsitinib,NTERA2,-0.5239730557676545
O95819,MAP4K4,LY2835219,NTERA2,0.863658009715906
O95819,MAP4K4,Ribociclib,NTERA2,1.094769676421087
O95819,MAP4K4,AC220,NTERA2,0.7249984869879351
O95819,MAP4K4,Edelfosine,NTERA2,1.52746074765691
O95819,MAP4K4,GF109203X,NTERA2,1.0945933841925806
O95819,MAP4K4,Go6976,NTERA2,0.5083947010415759
O95819,MAP4K4,PF4708671,NTERA2,1.2013460057605092
O95819,MAP4K4,SP600125,NTERA2,0.5897957075771275
O95819,MAP4K4,TAK715,NTERA2,1.2015315166471054
O95819,MAP4K4,TBCA,NTERA2,-0.8763739367753115
O95819,MAP4K4,AT13148,NTERA2,-0.010071496971813063
O95819,MAP4K4,AZ20,NTERA2,1.283145693183242
O95819,MAP4K4,AZD6738,NTERA2,0.8470082264927207
O95819,MAP4K4,Bosutinib,NTERA2,-1.027167659162614
O95819,MAP4K4,Dabrafenib,NTERA2,1.035008691308499
O95819,MAP4K4,Dasatinib,NTERA2,-0.931101712948614
O95819,MAP4K4,DNAPK,NTERA2,2.626078657019138
O95819,MAP4K4,H89,NTERA2,-0.005105996823058914
O95819,MAP4K4,KD025,NTERA2,0.3543188711314216
O95819,MAP4K4,NU7441,NTERA2,0.6473280095085423
O95819,MAP4K4,Ripasudil,NTERA2,0.6143669430159128
O95819,MAP4K4,Vemurafenib,NTERA2,0.3169749764128191
Q8IV63,VRK3,AZD6482,NTERA2,1.9583852233506283
Q8IV63,VRK3,CAL101,NTERA2,2.006146052211068
Q8IV63,VRK3,GDC0941,NTERA2,-1.5455955585641714
Q8IV63,VRK3,HS173,NTERA2,-1.5472826673709854
Q8IV63,VRK3,PIK294,NTERA2,-2.7154674000750303
Q8IV63,VRK3,TGX221,NTERA2,-1.0572093730945107
Q8IV63,VRK3,CX4945,NTERA2,0.5788278166550068
Q8IV63,VRK3,GO6983,NTERA2,0.41145311903292364
Q8IV63,VRK3,KN93,NTERA2,0.7131494096239093
Q8IV63,VRK3,MK2206,NTERA2,0.8911589916387179
Q8IV63,VRK3,AZD5438,NTERA2,0.5780408998581876
Q8IV63,VRK3,FRAX486,NTERA2,-0.08217467678073843
Q8IV63,VRK3,Ku0063794,NTERA2,-3.3583637511446187
Q8IV63,VRK3,PD153035,NTERA2,-1.4541861591474576
Q8IV63,VRK3,PF3758309,NTERA2,0.33507417921873933
Q8IV63,VRK3,Torin,NTERA2,-2.8697379889865835
Q8IV63,VRK3,Trametinib,NTERA2,-2.069431634108476
Q8IV63,VRK3,AZD1480,NTERA2,-1.5616069403313042
Q8IV63,VRK3,AZD5363,NTERA2,-1.0771171354532814
Q8IV63,VRK3,BX912,NTERA2,0.9598637540946606
Q8IV63,VRK3,CHIR99021,NTERA2,0.5031149697020232
Q8IV63,VRK3,GSK2334470,NTERA2,-2.082335040531676
Q8IV63,VRK3,Ipatasertib,NTERA2,1.4102337960219309
Q8IV63,VRK3,LY2090314,NTERA2,0.3417067362284788
Q8IV63,VRK3,Tofacitinib,NTERA2,-0.14069926054482204
Q8IV63,VRK3,AZD8055,NTERA2,-1.9087567681839608
Q8IV63,VRK3,GDC0994,NTERA2,0.030291416529805798
Q8IV63,VRK3,JNK,NTERA2,-0.8632217755477792
Q8IV63,VRK3,LY2584702,NTERA2,-1.1985725321632148
Q8IV63,VRK3,PH797804,NTERA2,-1.307504640242564
Q8IV63,VRK3,Selumetinib,NTERA2,-1.476119444708815
Q8IV63,VRK3,U73122,NTERA2,-1.6375020311485347
Q8IV63,VRK3,Ulixertinib,NTERA2,-1.1089542088395001
Q8IV63,VRK3,Amuvatinib,NTERA2,-1.074349870889727
Q8IV63,VRK3,AZD3759,NTERA2,-1.5685007022378947
Q8IV63,VRK3,GSK690693,NTERA2,-1.043440004657295
Q8IV63,VRK3,JNJ,NTERA2,0.3124955213222113
Q8IV63,VRK3,KN62,NTERA2,-0.49193801480168503
Q8IV63,VRK3,Linsitinib,NTERA2,-0.26442661336743883
Q8IV63,VRK3,LY2835219,NTERA2,-1.196977312121965
Q8IV63,VRK3,Ribociclib,NTERA2,-0.4540787650233744
Q8IV63,VRK3,AC220,NTERA2,0.47700915687155454
Q8IV63,VRK3,Edelfosine,NTERA2,1.6824194311944256
Q8IV63,VRK3,GF109203X,NTERA2,-0.8994178504994274
Q8IV63,VRK3,Go6976,NTERA2,-1.8228782682614246
Q8IV63,VRK3,PF4708671,NTERA2,-2.2738849623588635
Q8IV63,VRK3,SP600125,NTERA2,2.026920387917309
Q8IV63,VRK3,TAK715,NTERA2,1.247867706876279
Q8IV63,VRK3,TBCA,NTERA2,1.0861163978479702
Q8IV63,VRK3,AT13148,NTERA2,0.2889400978009343
Q8IV63,VRK3,AZ20,NTERA2,-0.404548275893497
Q8IV63,VRK3,AZD6738,NTERA2,0.970009158076828
Q8IV63,VRK3,Bosutinib,NTERA2,0.0466799272285006
Q8IV63,VRK3,Dabrafenib,NTERA2,-0.7032027071069605
Q8IV63,VRK3,Dasatinib,NTERA2,0.7809271822424088
Q8IV63,VRK3,DNAPK,NTERA2,-1.3702521160868455
Q8IV63,VRK3,H89,NTERA2,-1.0803404469117348
Q8IV63,VRK3,KD025,NTERA2,1.7982448682941117
Q8IV63,VRK3,NU7441,NTERA2,-0.15224483353576052
Q8IV63,VRK3,Ripasudil,NTERA2,0.6109977331006822
Q8IV63,VRK3,Vemurafenib,NTERA2,0.7017881527018787
Q14004,CDK13,AZD6482,NTERA2,-1.0274099082695127
Q14004,CDK13,CAL101,NTERA2,-1.550335641436892
Q14004,CDK13,GDC0941,NTERA2,0.7447935244681158
Q14004,CDK13,HS173,NTERA2,0.5869931741975981
Q14004,CDK13,PIK294,NTERA2,-0.03483290835261579
Q14004,CDK13,TGX221,NTERA2,-0.8306788274678224
Q14004,CDK13,CX4945,NTERA2,0.6323910236104887
Q14004,CDK13,GO6983,NTERA2,1.4553460476493503
Q14004,CDK13,KN93,NTERA2,0.8293434505690093
Q14004,CDK13,MK2206,NTERA2,-0.22104640009768003
Q14004,CDK13,AZD5438,NTERA2,-0.6610412372336759
Q14004,CDK13,FRAX486,NTERA2,0.5084031621368749
Q14004,CDK13,Ku0063794,NTERA2,0.69209622718886
Q14004,CDK13,PD153035,NTERA2,0.8970621118794598
Q14004,CDK13,PF3758309,NTERA2,0.7598789780102149
Q14004,CDK13,Torin,NTERA2,1.2474918117010574
Q14004,CDK13,Trametinib,NTERA2,0.7131584827917128
Q14004,CDK13,AZD1480,NTERA2,0.7036705689030395
Q14004,CDK13,AZD5363,NTERA2,-0.41729364227583254
Q14004,CDK13,BX912,NTERA2,0.9154735401744123
Q14004,CDK13,CHIR99021,NTERA2,0.18978805098383617
Q14004,CDK13,GSK2334470,NTERA2,1.4015749809768325
Q14004,CDK13,Ipatasertib,NTERA2,0.16645752292179383
Q14004,CDK13,LY2090314,NTERA2,0.5315849463583467
Q14004,CDK13,Tofacitinib,NTERA2,0.880811373731474
Q14004,CDK13,AZD8055,NTERA2,-0.043881801845362715
Q14004,CDK13,GDC0994,NTERA2,-0.7663347289711684
Q14004,CDK13,JNK,NTERA2,-0.1547747644146761
Q14004,CDK13,LY2584702,NTERA2,0.7004013732266895
Q14004,CDK13,PH797804,NTERA2,0.04746419764458449
Q14004,CDK13,Selumetinib,NTERA2,0.41584757050621324
Q14004,CDK13,U73122,NTERA2,0.43867707660063016
Q14004,CDK13,Ulixertinib,NTERA2,0.09194987960945336
Q14004,CDK13,Amuvatinib,NTERA2,0.45520936370736587
Q14004,CDK13,AZD3759,NTERA2,0.5070641972513619
Q14004,CDK13,GSK690693,NTERA2,1.333787286578741
Q14004,CDK13,JNJ,NTERA2,-0.29689836457109064
Q14004,CDK13,KN62,NTERA2,2.014940894075033
Q14004,CDK13,Linsitinib,NTERA2,0.7617362404899749
Q14004,CDK13,LY2835219,NTERA2,0.07575207052180456
Q14004,CDK13,Ribociclib,NTERA2,0.6803176243679127
Q14004,CDK13,AC220,NTERA2,0.7812241215339908
Q14004,CDK13,Edelfosine,NTERA2,0.29829864851047333
Q14004,CDK13,GF109203X,NTERA2,1.6703327509319617
Q14004,CDK13,Go6976,NTERA2,2.234694706543697
Q14004,CDK13,PF4708671,NTERA2,1.3636948639321973
Q14004,CDK13,SP600125,NTERA2,2.0684960153082423
Q14004,CDK13,TAK715,NTERA2,3.0584135544982787
Q14004,CDK13,TBCA,NTERA2,1.2254862620077576
Q14004,CDK13,AT13148,NTERA2,-0.42161110677834807
Q14004,CDK13,AZ20,NTERA2,-1.6967818190430826
Q14004,CDK13,AZD6738,NTERA2,-0.7072274198152341
Q14004,CDK13,Bosutinib,NTERA2,-0.6556931944104528
Q14004,CDK13,Dabrafenib,NTERA2,-0.12092678286937748
Q14004,CDK13,Dasatinib,NTERA2,0.1317264011802328
Q14004,CDK13,DNAPK,NTERA2,0.053823001104341434
Q14004,CDK13,H89,NTERA2,-0.5986748281809787
Q14004,CDK13,KD025,NTERA2,-1.8146229476720641
Q14004,CDK13,NU7441,NTERA2,-0.4771478351438315
Q14004,CDK13,Ripasudil,NTERA2,-0.9050980695311707
Q14004,CDK13,Vemurafenib,NTERA2,-0.9591798213551577
Q9Y6M4,CSNK1G3,AZD6482,NTERA2,1.9583852233506283
Q9Y6M4,CSNK1G3,CAL101,NTERA2,2.006146052211068
Q9Y6M4,CSNK1G3,GDC0941,NTERA2,-1.5455955585641714
Q9Y6M4,CSNK1G3,HS173,NTERA2,-1.5472826673709854
Q9Y6M4,CSNK1G3,PIK294,NTERA2,-2.7154674000750303
Q9Y6M4,CSNK1G3,TGX221,NTERA2,-1.0572093730945107
Q9Y6M4,CSNK1G3,CX4945,NTERA2,0.5788278166550068
Q9Y6M4,CSNK1G3,GO6983,NTERA2,0.41145311903292364
Q9Y6M4,CSNK1G3,KN93,NTERA2,0.7131494096239093
Q9Y6M4,CSNK1G3,MK2206,NTERA2,0.8911589916387179
Q9Y6M4,CSNK1G3,AZD5438,NTERA2,0.5780408998581876
Q9Y6M4,CSNK1G3,FRAX486,NTERA2,-0.08217467678073843
Q9Y6M4,CSNK1G3,Ku0063794,NTERA2,-3.3583637511446187
Q9Y6M4,CSNK1G3,PD153035,NTERA2,-1.4541861591474576
Q9Y6M4,CSNK1G3,PF3758309,NTERA2,0.33507417921873933
Q9Y6M4,CSNK1G3,Torin,NTERA2,-2.8697379889865835
Q9Y6M4,CSNK1G3,Trametinib,NTERA2,-2.069431634108476
Q9Y6M4,CSNK1G3,AZD1480,NTERA2,-1.5616069403313042
Q9Y6M4,CSNK1G3,AZD5363,NTERA2,-1.0771171354532814
Q9Y6M4,CSNK1G3,BX912,NTERA2,0.9598637540946606
Q9Y6M4,CSNK1G3,CHIR99021,NTERA2,0.5031149697020232
Q9Y6M4,CSNK1G3,GSK2334470,NTERA2,-2.082335040531676
Q9Y6M4,CSNK1G3,Ipatasertib,NTERA2,1.4102337960219309
Q9Y6M4,CSNK1G3,LY2090314,NTERA2,0.3417067362284788
Q9Y6M4,CSNK1G3,Tofacitinib,NTERA2,-0.14069926054482204
Q9Y6M4,CSNK1G3,AZD8055,NTERA2,-1.9087567681839608
Q9Y6M4,CSNK1G3,GDC0994,NTERA2,0.030291416529805798
Q9Y6M4,CSNK1G3,JNK,NTERA2,-0.8632217755477792
Q9Y6M4,CSNK1G3,LY2584702,NTERA2,-1.1985725321632148
Q9Y6M4,CSNK1G3,PH797804,NTERA2,-1.307504640242564
Q9Y6M4,CSNK1G3,Selumetinib,NTERA2,-1.476119444708815
Q9Y6M4,CSNK1G3,U73122,NTERA2,-1.6375020311485347
Q9Y6M4,CSNK1G3,Ulixertinib,NTERA2,-1.1089542088395001
Q9Y6M4,CSNK1G3,Amuvatinib,NTERA2,-1.074349870889727
Q9Y6M4,CSNK1G3,AZD3759,NTERA2,-1.5685007022378947
Q9Y6M4,CSNK1G3,GSK690693,NTERA2,-1.043440004657295
Q9Y6M4,CSNK1G3,JNJ,NTERA2,0.3124955213222113
Q9Y6M4,CSNK1G3,KN62,NTERA2,-0.49193801480168503
Q9Y6M4,CSNK1G3,Linsitinib,NTERA2,-0.26442661336743883
Q9Y6M4,CSNK1G3,LY2835219,NTERA2,-1.196977312121965
Q9Y6M4,CSNK1G3,Ribociclib,NTERA2,-0.4540787650233744
Q9Y6M4,CSNK1G3,AC220,NTERA2,0.47700915687155454
Q9Y6M4,CSNK1G3,Edelfosine,NTERA2,1.6824194311944256
Q9Y6M4,CSNK1G3,GF109203X,NTERA2,-0.8994178504994274
Q9Y6M4,CSNK1G3,Go6976,NTERA2,-1.8228782682614246
Q9Y6M4,CSNK1G3,PF4708671,NTERA2,-2.2738849623588635
Q9Y6M4,CSNK1G3,SP600125,NTERA2,2.026920387917309
Q9Y6M4,CSNK1G3,TAK715,NTERA2,1.247867706876279
Q9Y6M4,CSNK1G3,TBCA,NTERA2,1.0861163978479702
Q9Y6M4,CSNK1G3,AT13148,NTERA2,0.2889400978009343
Q9Y6M4,CSNK1G3,AZ20,NTERA2,-0.404548275893497
Q9Y6M4,CSNK1G3,AZD6738,NTERA2,0.970009158076828
Q9Y6M4,CSNK1G3,Bosutinib,NTERA2,0.0466799272285006
Q9Y6M4,CSNK1G3,Dabrafenib,NTERA2,-0.7032027071069605
Q9Y6M4,CSNK1G3,Dasatinib,NTERA2,0.7809271822424088
Q9Y6M4,CSNK1G3,DNAPK,NTERA2,-1.3702521160868455
Q9Y6M4,CSNK1G3,H89,NTERA2,-1.0803404469117348
Q9Y6M4,CSNK1G3,KD025,NTERA2,1.7982448682941117
Q9Y6M4,CSNK1G3,NU7441,NTERA2,-0.15224483353576052
Q9Y6M4,CSNK1G3,Ripasudil,NTERA2,0.6109977331006822
Q9Y6M4,CSNK1G3,Vemurafenib,NTERA2,0.7017881527018787
O15075,DCLK1,AZD6482,NTERA2,-3.0324794898151017
O15075,DCLK1,CAL101,NTERA2,-2.1494791257853665
O15075,DCLK1,GDC0941,NTERA2,-1.6966141702897708
O15075,DCLK1,HS173,NTERA2,0.2507014131150067
O15075,DCLK1,PIK294,NTERA2,-1.2647920528019536
O15075,DCLK1,TGX221,NTERA2,-2.5131115279666916
O15075,DCLK1,CX4945,NTERA2,1.5816009951479388
O15075,DCLK1,GO6983,NTERA2,-3.169244847823139
O15075,DCLK1,KN93,NTERA2,1.1427631342987905
O15075,DCLK1,MK2206,NTERA2,1.79818316542094
O15075,DCLK1,AZD5438,NTERA2,0.4902966406681397
O15075,DCLK1,FRAX486,NTERA2,-0.4130037247125143
O15075,DCLK1,Ku0063794,NTERA2,-0.415253031910564
O15075,DCLK1,PD153035,NTERA2,0.21238139693047475
O15075,DCLK1,PF3758309,NTERA2,-1.3623480937539674
O15075,DCLK1,Torin,NTERA2,-1.2875182622891381
O15075,DCLK1,Trametinib,NTERA2,-0.6278209345132086
O15075,DCLK1,AZD1480,NTERA2,-0.473148021859241
O15075,DCLK1,AZD5363,NTERA2,-0.5557025623054956
O15075,DCLK1,BX912,NTERA2,0.6281456989021657
O15075,DCLK1,CHIR99021,NTERA2,-0.07431149959991844
O15075,DCLK1,GSK2334470,NTERA2,0.9248353063867492
O15075,DCLK1,Ipatasertib,NTERA2,-0.6344676699244177
O15075,DCLK1,LY2090314,NTERA2,2.0182949167216426
O15075,DCLK1,Tofacitinib,NTERA2,0.013988877990341493
O15075,DCLK1,AZD8055,NTERA2,3.672479336951717
O15075,DCLK1,GDC0994,NTERA2,2.2416381265398386
O15075,DCLK1,JNK,NTERA2,2.289923469592214
O15075,DCLK1,LY2584702,NTERA2,0.6593703807601725
O15075,DCLK1,PH797804,NTERA2,2.965152272006618
O15075,DCLK1,Selumetinib,NTERA2,3.3166517081448577
O15075,DCLK1,U73122,NTERA2,2.677006559051897
O15075,DCLK1,Ulixertinib,NTERA2,1.6198514070223593
O15075,DCLK1,Amuvatinib,NTERA2,3.4959729970518354
O15075,DCLK1,AZD3759,NTERA2,4.848743972002529
O15075,DCLK1,GSK690693,NTERA2,1.8252691816552078
O15075,DCLK1,JNJ,NTERA2,3.983460540041732
O15075,DCLK1,KN62,NTERA2,2.8984885883750424
O15075,DCLK1,Linsitinib,NTERA2,3.0482891682909052
O15075,DCLK1,LY2835219,NTERA2,4.0844613519983675
O15075,DCLK1,Ribociclib,NTERA2,1.8507079526131398
O15075,DCLK1,AC220,NTERA2,0.7110961373601978
O15075,DCLK1,Edelfosine,NTERA2,0.15994538697185984
O15075,DCLK1,GF109203X,NTERA2,0.4985565768605565
O15075,DCLK1,Go6976,NTERA2,0.592644568632126
O15075,DCLK1,PF4708671,NTERA2,0.4992568294708285
O15075,DCLK1,SP600125,NTERA2,1.0513319357793522
O15075,DCLK1,TAK715,NTERA2,0.8659357269190108
O15075,DCLK1,TBCA,NTERA2,0.9749329908146691
O15075,DCLK1,AT13148,NTERA2,0.913075909879661
O15075,DCLK1,AZ20,NTERA2,-1.6046003693944413
O15075,DCLK1,AZD6738,NTERA2,1.2082251971352957
O15075,DCLK1,Bosutinib,NTERA2,0.340748215837731
O15075,DCLK1,Dabrafenib,NTERA2,0.8520035634533556
O15075,DCLK1,Dasatinib,NTERA2,0.7843197098313742
O15075,DCLK1,DNAPK,NTERA2,1.0259260462459805
O15075,DCLK1,H89,NTERA2,1.2711471606867628
O15075,DCLK1,KD025,NTERA2,0.8760453005434601
O15075,DCLK1,NU7441,NTERA2,-0.4115722470037716
O15075,DCLK1,Ripasudil,NTERA2,0.7235106737927355
O15075,DCLK1,Vemurafenib,NTERA2,-1.2276706624687341
Q16832,DDR2,AZD6482,NTERA2,
Q16832,DDR2,CAL101,NTERA2,
Q16832,DDR2,GDC0941,NTERA2,
Q16832,DDR2,HS173,NTERA2,
Q16832,DDR2,PIK294,NTERA2,
Q16832,DDR2,TGX221,NTERA2,
Q16832,DDR2,CX4945,NTERA2,
Q16832,DDR2,GO6983,NTERA2,
Q16832,DDR2,KN93,NTERA2,
Q16832,DDR2,MK2206,NTERA2,
Q16832,DDR2,AZD5438,NTERA2,
Q16832,DDR2,FRAX486,NTERA2,
Q16832,DDR2,Ku0063794,NTERA2,
Q16832,DDR2,PD153035,NTERA2,
Q16832,DDR2,PF3758309,NTERA2,
Q16832,DDR2,Torin,NTERA2,
Q16832,DDR2,Trametinib,NTERA2,
Q16832,DDR2,AZD1480,NTERA2,
Q16832,DDR2,AZD5363,NTERA2,
Q16832,DDR2,BX912,NTERA2,
Q16832,DDR2,CHIR99021,NTERA2,
Q16832,DDR2,GSK2334470,NTERA2,
Q16832,DDR2,Ipatasertib,NTERA2,
Q16832,DDR2,LY2090314,NTERA2,
Q16832,DDR2,Tofacitinib,NTERA2,
Q16832,DDR2,AZD8055,NTERA2,
Q16832,DDR2,GDC0994,NTERA2,
Q16832,DDR2,JNK,NTERA2,
Q16832,DDR2,LY2584702,NTERA2,
Q16832,DDR2,PH797804,NTERA2,
Q16832,DDR2,Selumetinib,NTERA2,
Q16832,DDR2,U73122,NTERA2,
Q16832,DDR2,Ulixertinib,NTERA2,
Q16832,DDR2,Amuvatinib,NTERA2,
Q16832,DDR2,AZD3759,NTERA2,
Q16832,DDR2,GSK690693,NTERA2,
Q16832,DDR2,JNJ,NTERA2,
Q16832,DDR2,KN62,NTERA2,
Q16832,DDR2,Linsitinib,NTERA2,
Q16832,DDR2,LY2835219,NTERA2,
Q16832,DDR2,Ribociclib,NTERA2,
Q16832,DDR2,AC220,NTERA2,
Q16832,DDR2,Edelfosine,NTERA2,
Q16832,DDR2,GF109203X,NTERA2,
Q16832,DDR2,Go6976,NTERA2,
Q16832,DDR2,PF4708671,NTERA2,
Q16832,DDR2,SP600125,NTERA2,
Q16832,DDR2,TAK715,NTERA2,
Q16832,DDR2,TBCA,NTERA2,
Q16832,DDR2,AT13148,NTERA2,
Q16832,DDR2,AZ20,NTERA2,
Q16832,DDR2,AZD6738,NTERA2,
Q16832,DDR2,Bosutinib,NTERA2,
Q16832,DDR2,Dabrafenib,NTERA2,
Q16832,DDR2,Dasatinib,NTERA2,
Q16832,DDR2,DNAPK,NTERA2,
Q16832,DDR2,H89,NTERA2,
Q16832,DDR2,KD025,NTERA2,
Q16832,DDR2,NU7441,NTERA2,
Q16832,DDR2,Ripasudil,NTERA2,
Q16832,DDR2,Vemurafenib,NTERA2,
Q8IZE3,SCYL3,AZD6482,NTERA2,
Q8IZE3,SCYL3,CAL101,NTERA2,
Q8IZE3,SCYL3,GDC0941,NTERA2,
Q8IZE3,SCYL3,HS173,NTERA2,
Q8IZE3,SCYL3,PIK294,NTERA2,
Q8IZE3,SCYL3,TGX221,NTERA2,
Q8IZE3,SCYL3,CX4945,NTERA2,
Q8IZE3,SCYL3,GO6983,NTERA2,
Q8IZE3,SCYL3,KN93,NTERA2,
Q8IZE3,SCYL3,MK2206,NTERA2,
Q8IZE3,SCYL3,AZD5438,NTERA2,
Q8IZE3,SCYL3,FRAX486,NTERA2,
Q8IZE3,SCYL3,Ku0063794,NTERA2,
Q8IZE3,SCYL3,PD153035,NTERA2,
Q8IZE3,SCYL3,PF3758309,NTERA2,
Q8IZE3,SCYL3,Torin,NTERA2,
Q8IZE3,SCYL3,Trametinib,NTERA2,
Q8IZE3,SCYL3,AZD1480,NTERA2,
Q8IZE3,SCYL3,AZD5363,NTERA2,
Q8IZE3,SCYL3,BX912,NTERA2,
Q8IZE3,SCYL3,CHIR99021,NTERA2,
Q8IZE3,SCYL3,GSK2334470,NTERA2,
Q8IZE3,SCYL3,Ipatasertib,NTERA2,
Q8IZE3,SCYL3,LY2090314,NTERA2,
Q8IZE3,SCYL3,Tofacitinib,NTERA2,
Q8IZE3,SCYL3,AZD8055,NTERA2,
Q8IZE3,SCYL3,GDC0994,NTERA2,
Q8IZE3,SCYL3,JNK,NTERA2,
Q8IZE3,SCYL3,LY2584702,NTERA2,
Q8IZE3,SCYL3,PH797804,NTERA2,
Q8IZE3,SCYL3,Selumetinib,NTERA2,
Q8IZE3,SCYL3,U73122,NTERA2,
Q8IZE3,SCYL3,Ulixertinib,NTERA2,
Q8IZE3,SCYL3,Amuvatinib,NTERA2,
Q8IZE3,SCYL3,AZD3759,NTERA2,
Q8IZE3,SCYL3,GSK690693,NTERA2,
Q8IZE3,SCYL3,JNJ,NTERA2,
Q8IZE3,SCYL3,KN62,NTERA2,
Q8IZE3,SCYL3,Linsitinib,NTERA2,
Q8IZE3,SCYL3,LY2835219,NTERA2,
Q8IZE3,SCYL3,Ribociclib,NTERA2,
Q8IZE3,SCYL3,AC220,NTERA2,
Q8IZE3,SCYL3,Edelfosine,NTERA2,
Q8IZE3,SCYL3,GF109203X,NTERA2,
Q8IZE3,SCYL3,Go6976,NTERA2,
Q8IZE3,SCYL3,PF4708671,NTERA2,
Q8IZE3,SCYL3,SP600125,NTERA2,
Q8IZE3,SCYL3,TAK715,NTERA2,
Q8IZE3,SCYL3,TBCA,NTERA2,
Q8IZE3,SCYL3,AT13148,NTERA2,
Q8IZE3,SCYL3,AZ20,NTERA2,
Q8IZE3,SCYL3,AZD6738,NTERA2,
Q8IZE3,SCYL3,Bosutinib,NTERA2,
Q8IZE3,SCYL3,Dabrafenib,NTERA2,
Q8IZE3,SCYL3,Dasatinib,NTERA2,
Q8IZE3,SCYL3,DNAPK,NTERA2,
Q8IZE3,SCYL3,H89,NTERA2,
Q8IZE3,SCYL3,KD025,NTERA2,
Q8IZE3,SCYL3,NU7441,NTERA2,
Q8IZE3,SCYL3,Ripasudil,NTERA2,
Q8IZE3,SCYL3,Vemurafenib,NTERA2,
Q6P0Q8,MAST2,AZD6482,NTERA2,
Q6P0Q8,MAST2,CAL101,NTERA2,
Q6P0Q8,MAST2,GDC0941,NTERA2,
Q6P0Q8,MAST2,HS173,NTERA2,
Q6P0Q8,MAST2,PIK294,NTERA2,
Q6P0Q8,MAST2,TGX221,NTERA2,
Q6P0Q8,MAST2,CX4945,NTERA2,
Q6P0Q8,MAST2,GO6983,NTERA2,
Q6P0Q8,MAST2,KN93,NTERA2,
Q6P0Q8,MAST2,MK2206,NTERA2,
Q6P0Q8,MAST2,AZD5438,NTERA2,
Q6P0Q8,MAST2,FRAX486,NTERA2,
Q6P0Q8,MAST2,Ku0063794,NTERA2,
Q6P0Q8,MAST2,PD153035,NTERA2,
Q6P0Q8,MAST2,PF3758309,NTERA2,
Q6P0Q8,MAST2,Torin,NTERA2,
Q6P0Q8,MAST2,Trametinib,NTERA2,
Q6P0Q8,MAST2,AZD1480,NTERA2,
Q6P0Q8,MAST2,AZD5363,NTERA2,
Q6P0Q8,MAST2,BX912,NTERA2,
Q6P0Q8,MAST2,CHIR99021,NTERA2,
Q6P0Q8,MAST2,GSK2334470,NTERA2,
Q6P0Q8,MAST2,Ipatasertib,NTERA2,
Q6P0Q8,MAST2,LY2090314,NTERA2,
Q6P0Q8,MAST2,Tofacitinib,NTERA2,
Q6P0Q8,MAST2,AZD8055,NTERA2,
Q6P0Q8,MAST2,GDC0994,NTERA2,
Q6P0Q8,MAST2,JNK,NTERA2,
Q6P0Q8,MAST2,LY2584702,NTERA2,
Q6P0Q8,MAST2,PH797804,NTERA2,
Q6P0Q8,MAST2,Selumetinib,NTERA2,
Q6P0Q8,MAST2,U73122,NTERA2,
Q6P0Q8,MAST2,Ulixertinib,NTERA2,
Q6P0Q8,MAST2,Amuvatinib,NTERA2,
Q6P0Q8,MAST2,AZD3759,NTERA2,
Q6P0Q8,MAST2,GSK690693,NTERA2,
Q6P0Q8,MAST2,JNJ,NTERA2,
Q6P0Q8,MAST2,KN62,NTERA2,
Q6P0Q8,MAST2,Linsitinib,NTERA2,
Q6P0Q8,MAST2,LY2835219,NTERA2,
Q6P0Q8,MAST2,Ribociclib,NTERA2,
Q6P0Q8,MAST2,AC220,NTERA2,
Q6P0Q8,MAST2,Edelfosine,NTERA2,
Q6P0Q8,MAST2,GF109203X,NTERA2,
Q6P0Q8,MAST2,Go6976,NTERA2,
Q6P0Q8,MAST2,PF4708671,NTERA2,
Q6P0Q8,MAST2,SP600125,NTERA2,
Q6P0Q8,MAST2,TAK715,NTERA2,
Q6P0Q8,MAST2,TBCA,NTERA2,
Q6P0Q8,MAST2,AT13148,NTERA2,
Q6P0Q8,MAST2,AZ20,NTERA2,
Q6P0Q8,MAST2,AZD6738,NTERA2,
Q6P0Q8,MAST2,Bosutinib,NTERA2,
Q6P0Q8,MAST2,Dabrafenib,NTERA2,
Q6P0Q8,MAST2,Dasatinib,NTERA2,
Q6P0Q8,MAST2,DNAPK,NTERA2,
Q6P0Q8,MAST2,H89,NTERA2,
Q6P0Q8,MAST2,KD025,NTERA2,
Q6P0Q8,MAST2,NU7441,NTERA2,
Q6P0Q8,MAST2,Ripasudil,NTERA2,
Q6P0Q8,MAST2,Vemurafenib,NTERA2,
P51957,NEK4,AZD6482,NTERA2,-0.0730402762886429
P51957,NEK4,CAL101,NTERA2,-0.42999491812805773
P51957,NEK4,GDC0941,NTERA2,-0.7762745522006252
P51957,NEK4,HS173,NTERA2,-0.3609414644362216
P51957,NEK4,PIK294,NTERA2,-0.4858877900832906
P51957,NEK4,TGX221,NTERA2,-0.41119513079433656
P51957,NEK4,CX4945,NTERA2,-0.49854030199216437
P51957,NEK4,GO6983,NTERA2,-0.32954728886732615
P51957,NEK4,KN93,NTERA2,-1.2605045729970532
P51957,NEK4,MK2206,NTERA2,-0.4153280799172105
P51957,NEK4,AZD5438,NTERA2,0.01686966367059875
P51957,NEK4,FRAX486,NTERA2,-0.1732904895342587
P51957,NEK4,Ku0063794,NTERA2,0.19136126864475844
P51957,NEK4,PD153035,NTERA2,-0.08766006616064109
P51957,NEK4,PF3758309,NTERA2,0.13632247050509783
P51957,NEK4,Torin,NTERA2,-0.20018789114256794
P51957,NEK4,Trametinib,NTERA2,-0.437561488756961
P51957,NEK4,AZD1480,NTERA2,0.0964132783022422
P51957,NEK4,AZD5363,NTERA2,-0.180659792784175
P51957,NEK4,BX912,NTERA2,0.5149162895187526
P51957,NEK4,CHIR99021,NTERA2,-0.1494094619073484
P51957,NEK4,GSK2334470,NTERA2,0.8119933148299386
P51957,NEK4,Ipatasertib,NTERA2,0.9063972245102091
P51957,NEK4,LY2090314,NTERA2,0.1798864187387736
P51957,NEK4,Tofacitinib,NTERA2,0.17372945690416206
P51957,NEK4,AZD8055,NTERA2,-0.13224417382272616
P51957,NEK4,GDC0994,NTERA2,0.3440774634064272
P51957,NEK4,JNK,NTERA2,0.22200214030559898
P51957,NEK4,LY2584702,NTERA2,0.15605146271209847
P51957,NEK4,PH797804,NTERA2,0.38568005391200466
P51957,NEK4,Selumetinib,NTERA2,0.41204783895721153
P51957,NEK4,U73122,NTERA2,0.3192417992346508
P51957,NEK4,Ulixertinib,NTERA2,0.2780919032330592
P51957,NEK4,Amuvatinib,NTERA2,0.8790395746098941
P51957,NEK4,AZD3759,NTERA2,0.569453353990151
P51957,NEK4,GSK690693,NTERA2,1.3048278755929401
P51957,NEK4,JNJ,NTERA2,0.22160386965724757
P51957,NEK4,KN62,NTERA2,0.8201864776939111
P51957,NEK4,Linsitinib,NTERA2,1.1022617924187765
P51957,NEK4,LY2835219,NTERA2,-0.5864498711992178
P51957,NEK4,Ribociclib,NTERA2,1.1210982428299339
P51957,NEK4,AC220,NTERA2,1.0356916053127443
P51957,NEK4,Edelfosine,NTERA2,-1.0831572358282182
P51957,NEK4,GF109203X,NTERA2,1.159726294101741
P51957,NEK4,Go6976,NTERA2,1.2908745966813446
P51957,NEK4,PF4708671,NTERA2,0.9625467258879049
P51957,NEK4,SP600125,NTERA2,0.18498593909613628
P51957,NEK4,TAK715,NTERA2,1.3809882592935323
P51957,NEK4,TBCA,NTERA2,-1.2742291281948992
P51957,NEK4,AT13148,NTERA2,0.1622813496494315
P51957,NEK4,AZ20,NTERA2,0.6257763950577915
P51957,NEK4,AZD6738,NTERA2,-0.12626576882671026
P51957,NEK4,Bosutinib,NTERA2,0.07840936781976293
P51957,NEK4,Dabrafenib,NTERA2,-0.026958274416109165
P51957,NEK4,Dasatinib,NTERA2,0.16592560921873611
P51957,NEK4,DNAPK,NTERA2,0.0802999692658739
P51957,NEK4,H89,NTERA2,-0.05036791448342625
P51957,NEK4,KD025,NTERA2,0.2785402008311329
P51957,NEK4,NU7441,NTERA2,0.1616448426593426
P51957,NEK4,Ripasudil,NTERA2,0.08081782536918783
P51957,NEK4,Vemurafenib,NTERA2,-0.29301498970114204
Q13873,BMPR2,AZD6482,NTERA2,
Q13873,BMPR2,CAL101,NTERA2,
Q13873,BMPR2,GDC0941,NTERA2,
Q13873,BMPR2,HS173,NTERA2,
Q13873,BMPR2,PIK294,NTERA2,
Q13873,BMPR2,TGX221,NTERA2,
Q13873,BMPR2,CX4945,NTERA2,
Q13873,BMPR2,GO6983,NTERA2,
Q13873,BMPR2,KN93,NTERA2,
Q13873,BMPR2,MK2206,NTERA2,
Q13873,BMPR2,AZD5438,NTERA2,
Q13873,BMPR2,FRAX486,NTERA2,
Q13873,BMPR2,Ku0063794,NTERA2,
Q13873,BMPR2,PD153035,NTERA2,
Q13873,BMPR2,PF3758309,NTERA2,
Q13873,BMPR2,Torin,NTERA2,
Q13873,BMPR2,Trametinib,NTERA2,
Q13873,BMPR2,AZD1480,NTERA2,
Q13873,BMPR2,AZD5363,NTERA2,
Q13873,BMPR2,BX912,NTERA2,
Q13873,BMPR2,CHIR99021,NTERA2,
Q13873,BMPR2,GSK2334470,NTERA2,
Q13873,BMPR2,Ipatasertib,NTERA2,
Q13873,BMPR2,LY2090314,NTERA2,
Q13873,BMPR2,Tofacitinib,NTERA2,
Q13873,BMPR2,AZD8055,NTERA2,
Q13873,BMPR2,GDC0994,NTERA2,
Q13873,BMPR2,JNK,NTERA2,
Q13873,BMPR2,LY2584702,NTERA2,
Q13873,BMPR2,PH797804,NTERA2,
Q13873,BMPR2,Selumetinib,NTERA2,
Q13873,BMPR2,U73122,NTERA2,
Q13873,BMPR2,Ulixertinib,NTERA2,
Q13873,BMPR2,Amuvatinib,NTERA2,
Q13873,BMPR2,AZD3759,NTERA2,
Q13873,BMPR2,GSK690693,NTERA2,
Q13873,BMPR2,JNJ,NTERA2,
Q13873,BMPR2,KN62,NTERA2,
Q13873,BMPR2,Linsitinib,NTERA2,
Q13873,BMPR2,LY2835219,NTERA2,
Q13873,BMPR2,Ribociclib,NTERA2,
Q13873,BMPR2,AC220,NTERA2,
Q13873,BMPR2,Edelfosine,NTERA2,
Q13873,BMPR2,GF109203X,NTERA2,
Q13873,BMPR2,Go6976,NTERA2,
Q13873,BMPR2,PF4708671,NTERA2,
Q13873,BMPR2,SP600125,NTERA2,
Q13873,BMPR2,TAK715,NTERA2,
Q13873,BMPR2,TBCA,NTERA2,
Q13873,BMPR2,AT13148,NTERA2,
Q13873,BMPR2,AZ20,NTERA2,
Q13873,BMPR2,AZD6738,NTERA2,
Q13873,BMPR2,Bosutinib,NTERA2,
Q13873,BMPR2,Dabrafenib,NTERA2,
Q13873,BMPR2,Dasatinib,NTERA2,
Q13873,BMPR2,DNAPK,NTERA2,
Q13873,BMPR2,H89,NTERA2,
Q13873,BMPR2,KD025,NTERA2,
Q13873,BMPR2,NU7441,NTERA2,
Q13873,BMPR2,Ripasudil,NTERA2,
Q13873,BMPR2,Vemurafenib,NTERA2,
Q9Y2H9,MAST1,AZD6482,NTERA2,
Q9Y2H9,MAST1,CAL101,NTERA2,
Q9Y2H9,MAST1,GDC0941,NTERA2,
Q9Y2H9,MAST1,HS173,NTERA2,
Q9Y2H9,MAST1,PIK294,NTERA2,
Q9Y2H9,MAST1,TGX221,NTERA2,
Q9Y2H9,MAST1,CX4945,NTERA2,
Q9Y2H9,MAST1,GO6983,NTERA2,
Q9Y2H9,MAST1,KN93,NTERA2,
Q9Y2H9,MAST1,MK2206,NTERA2,
Q9Y2H9,MAST1,AZD5438,NTERA2,
Q9Y2H9,MAST1,FRAX486,NTERA2,
Q9Y2H9,MAST1,Ku0063794,NTERA2,
Q9Y2H9,MAST1,PD153035,NTERA2,
Q9Y2H9,MAST1,PF3758309,NTERA2,
Q9Y2H9,MAST1,Torin,NTERA2,
Q9Y2H9,MAST1,Trametinib,NTERA2,
Q9Y2H9,MAST1,AZD1480,NTERA2,
Q9Y2H9,MAST1,AZD5363,NTERA2,
Q9Y2H9,MAST1,BX912,NTERA2,
Q9Y2H9,MAST1,CHIR99021,NTERA2,
Q9Y2H9,MAST1,GSK2334470,NTERA2,
Q9Y2H9,MAST1,Ipatasertib,NTERA2,
Q9Y2H9,MAST1,LY2090314,NTERA2,
Q9Y2H9,MAST1,Tofacitinib,NTERA2,
Q9Y2H9,MAST1,AZD8055,NTERA2,
Q9Y2H9,MAST1,GDC0994,NTERA2,
Q9Y2H9,MAST1,JNK,NTERA2,
Q9Y2H9,MAST1,LY2584702,NTERA2,
Q9Y2H9,MAST1,PH797804,NTERA2,
Q9Y2H9,MAST1,Selumetinib,NTERA2,
Q9Y2H9,MAST1,U73122,NTERA2,
Q9Y2H9,MAST1,Ulixertinib,NTERA2,
Q9Y2H9,MAST1,Amuvatinib,NTERA2,
Q9Y2H9,MAST1,AZD3759,NTERA2,
Q9Y2H9,MAST1,GSK690693,NTERA2,
Q9Y2H9,MAST1,JNJ,NTERA2,
Q9Y2H9,MAST1,KN62,NTERA2,
Q9Y2H9,MAST1,Linsitinib,NTERA2,
Q9Y2H9,MAST1,LY2835219,NTERA2,
Q9Y2H9,MAST1,Ribociclib,NTERA2,
Q9Y2H9,MAST1,AC220,NTERA2,
Q9Y2H9,MAST1,Edelfosine,NTERA2,
Q9Y2H9,MAST1,GF109203X,NTERA2,
Q9Y2H9,MAST1,Go6976,NTERA2,
Q9Y2H9,MAST1,PF4708671,NTERA2,
Q9Y2H9,MAST1,SP600125,NTERA2,
Q9Y2H9,MAST1,TAK715,NTERA2,
Q9Y2H9,MAST1,TBCA,NTERA2,
Q9Y2H9,MAST1,AT13148,NTERA2,
Q9Y2H9,MAST1,AZ20,NTERA2,
Q9Y2H9,MAST1,AZD6738,NTERA2,
Q9Y2H9,MAST1,Bosutinib,NTERA2,
Q9Y2H9,MAST1,Dabrafenib,NTERA2,
Q9Y2H9,MAST1,Dasatinib,NTERA2,
Q9Y2H9,MAST1,DNAPK,NTERA2,
Q9Y2H9,MAST1,H89,NTERA2,
Q9Y2H9,MAST1,KD025,NTERA2,
Q9Y2H9,MAST1,NU7441,NTERA2,
Q9Y2H9,MAST1,Ripasudil,NTERA2,
Q9Y2H9,MAST1,Vemurafenib,NTERA2,
Q8TF76,HASPIN,AZD6482,NTERA2,0.003049607692500056
Q8TF76,HASPIN,CAL101,NTERA2,-0.19753305241744823
Q8TF76,HASPIN,GDC0941,NTERA2,-0.04341048975450325
Q8TF76,HASPIN,HS173,NTERA2,-0.27467257552134877
Q8TF76,HASPIN,PIK294,NTERA2,0.12616183650612492
Q8TF76,HASPIN,TGX221,NTERA2,-0.24826631315065142
Q8TF76,HASPIN,CX4945,NTERA2,0.1861472065440905
Q8TF76,HASPIN,GO6983,NTERA2,-0.8603742826753938
Q8TF76,HASPIN,KN93,NTERA2,-0.07899551107927627
Q8TF76,HASPIN,MK2206,NTERA2,0.16944246266562538
Q8TF76,HASPIN,AZD5438,NTERA2,1.2221762379057155
Q8TF76,HASPIN,FRAX486,NTERA2,1.4440873640022696
Q8TF76,HASPIN,Ku0063794,NTERA2,0.4325143468183279
Q8TF76,HASPIN,PD153035,NTERA2,1.1444838010133964
Q8TF76,HASPIN,PF3758309,NTERA2,1.209322159650823
Q8TF76,HASPIN,Torin,NTERA2,1.4514395052237665
Q8TF76,HASPIN,Trametinib,NTERA2,0.060187676536923855
Q8TF76,HASPIN,AZD1480,NTERA2,-1.2176917277062638
Q8TF76,HASPIN,AZD5363,NTERA2,-0.4358487415431617
Q8TF76,HASPIN,BX912,NTERA2,0.034250427821329
Q8TF76,HASPIN,CHIR99021,NTERA2,-0.6435122319894181
Q8TF76,HASPIN,GSK2334470,NTERA2,-0.9345614771736063
Q8TF76,HASPIN,Ipatasertib,NTERA2,0.01538889131355971
Q8TF76,HASPIN,LY2090314,NTERA2,-1.0639063923495802
Q8TF76,HASPIN,Tofacitinib,NTERA2,-0.9372228748470675
Q8TF76,HASPIN,AZD8055,NTERA2,-0.28768846013849153
Q8TF76,HASPIN,GDC0994,NTERA2,0.18145634002490407
Q8TF76,HASPIN,JNK,NTERA2,0.11845487251366499
Q8TF76,HASPIN,LY2584702,NTERA2,-0.4868057240362831
Q8TF76,HASPIN,PH797804,NTERA2,-0.17654843134241355
Q8TF76,HASPIN,Selumetinib,NTERA2,-0.004183603788106305
Q8TF76,HASPIN,U73122,NTERA2,0.16514478087407167
Q8TF76,HASPIN,Ulixertinib,NTERA2,-0.38485534818177797
Q8TF76,HASPIN,Amuvatinib,NTERA2,-1.2002501793807836
Q8TF76,HASPIN,AZD3759,NTERA2,0.4464481090724077
Q8TF76,HASPIN,GSK690693,NTERA2,-0.00318308856269878
Q8TF76,HASPIN,JNJ,NTERA2,0.039151853814455774
Q8TF76,HASPIN,KN62,NTERA2,1.0736247401057364
Q8TF76,HASPIN,Linsitinib,NTERA2,0.4984336478068558
Q8TF76,HASPIN,LY2835219,NTERA2,0.49744987445102007
Q8TF76,HASPIN,Ribociclib,NTERA2,0.1718281121258396
Q8TF76,HASPIN,AC220,NTERA2,-0.5622757966420014
Q8TF76,HASPIN,Edelfosine,NTERA2,-0.7500665105366108
Q8TF76,HASPIN,GF109203X,NTERA2,-0.5526199976804214
Q8TF76,HASPIN,Go6976,NTERA2,-0.34810523591365655
Q8TF76,HASPIN,PF4708671,NTERA2,-0.8471076982996041
Q8TF76,HASPIN,SP600125,NTERA2,-0.32603807733851975
Q8TF76,HASPIN,TAK715,NTERA2,0.06950381285058743
Q8TF76,HASPIN,TBCA,NTERA2,-0.3021348028498511
Q8TF76,HASPIN,AT13148,NTERA2,0.48133779239950397
Q8TF76,HASPIN,AZ20,NTERA2,1.651584113125189
Q8TF76,HASPIN,AZD6738,NTERA2,1.0272336304537182
Q8TF76,HASPIN,Bosutinib,NTERA2,1.3970675421307657
Q8TF76,HASPIN,Dabrafenib,NTERA2,0.17455945697690317
Q8TF76,HASPIN,Dasatinib,NTERA2,1.041436062415699
Q8TF76,HASPIN,DNAPK,NTERA2,1.0688227885640227
Q8TF76,HASPIN,H89,NTERA2,0.835596082978819
Q8TF76,HASPIN,KD025,NTERA2,1.5685733419663628
Q8TF76,HASPIN,NU7441,NTERA2,0.9379170826070851
Q8TF76,HASPIN,Ripasudil,NTERA2,0.46235330457563634
Q8TF76,HASPIN,Vemurafenib,NTERA2,0.7229769029093146
Q9BRS2,RIOK1,AZD6482,NTERA2,
Q9BRS2,RIOK1,CAL101,NTERA2,
Q9BRS2,RIOK1,GDC0941,NTERA2,
Q9BRS2,RIOK1,HS173,NTERA2,
Q9BRS2,RIOK1,PIK294,NTERA2,
Q9BRS2,RIOK1,TGX221,NTERA2,
Q9BRS2,RIOK1,CX4945,NTERA2,
Q9BRS2,RIOK1,GO6983,NTERA2,
Q9BRS2,RIOK1,KN93,NTERA2,
Q9BRS2,RIOK1,MK2206,NTERA2,
Q9BRS2,RIOK1,AZD5438,NTERA2,
Q9BRS2,RIOK1,FRAX486,NTERA2,
Q9BRS2,RIOK1,Ku0063794,NTERA2,
Q9BRS2,RIOK1,PD153035,NTERA2,
Q9BRS2,RIOK1,PF3758309,NTERA2,
Q9BRS2,RIOK1,Torin,NTERA2,
Q9BRS2,RIOK1,Trametinib,NTERA2,
Q9BRS2,RIOK1,AZD1480,NTERA2,
Q9BRS2,RIOK1,AZD5363,NTERA2,
Q9BRS2,RIOK1,BX912,NTERA2,
Q9BRS2,RIOK1,CHIR99021,NTERA2,
Q9BRS2,RIOK1,GSK2334470,NTERA2,
Q9BRS2,RIOK1,Ipatasertib,NTERA2,
Q9BRS2,RIOK1,LY2090314,NTERA2,
Q9BRS2,RIOK1,Tofacitinib,NTERA2,
Q9BRS2,RIOK1,AZD8055,NTERA2,
Q9BRS2,RIOK1,GDC0994,NTERA2,
Q9BRS2,RIOK1,JNK,NTERA2,
Q9BRS2,RIOK1,LY2584702,NTERA2,
Q9BRS2,RIOK1,PH797804,NTERA2,
Q9BRS2,RIOK1,Selumetinib,NTERA2,
Q9BRS2,RIOK1,U73122,NTERA2,
Q9BRS2,RIOK1,Ulixertinib,NTERA2,
Q9BRS2,RIOK1,Amuvatinib,NTERA2,
Q9BRS2,RIOK1,AZD3759,NTERA2,
Q9BRS2,RIOK1,GSK690693,NTERA2,
Q9BRS2,RIOK1,JNJ,NTERA2,
Q9BRS2,RIOK1,KN62,NTERA2,
Q9BRS2,RIOK1,Linsitinib,NTERA2,
Q9BRS2,RIOK1,LY2835219,NTERA2,
Q9BRS2,RIOK1,Ribociclib,NTERA2,
Q9BRS2,RIOK1,AC220,NTERA2,
Q9BRS2,RIOK1,Edelfosine,NTERA2,
Q9BRS2,RIOK1,GF109203X,NTERA2,
Q9BRS2,RIOK1,Go6976,NTERA2,
Q9BRS2,RIOK1,PF4708671,NTERA2,
Q9BRS2,RIOK1,SP600125,NTERA2,
Q9BRS2,RIOK1,TAK715,NTERA2,
Q9BRS2,RIOK1,TBCA,NTERA2,
Q9BRS2,RIOK1,AT13148,NTERA2,
Q9BRS2,RIOK1,AZ20,NTERA2,
Q9BRS2,RIOK1,AZD6738,NTERA2,
Q9BRS2,RIOK1,Bosutinib,NTERA2,
Q9BRS2,RIOK1,Dabrafenib,NTERA2,
Q9BRS2,RIOK1,Dasatinib,NTERA2,
Q9BRS2,RIOK1,DNAPK,NTERA2,
Q9BRS2,RIOK1,H89,NTERA2,
Q9BRS2,RIOK1,KD025,NTERA2,
Q9BRS2,RIOK1,NU7441,NTERA2,
Q9BRS2,RIOK1,Ripasudil,NTERA2,
Q9BRS2,RIOK1,Vemurafenib,NTERA2,
Q9NRH2,SNRK,AZD6482,NTERA2,-0.211257377583359
Q9NRH2,SNRK,CAL101,NTERA2,-0.23966698384444735
Q9NRH2,SNRK,GDC0941,NTERA2,0.0011192639954958623
Q9NRH2,SNRK,HS173,NTERA2,-0.1351887388538301
Q9NRH2,SNRK,PIK294,NTERA2,-0.14627108208789105
Q9NRH2,SNRK,TGX221,NTERA2,-0.6516810472671566
Q9NRH2,SNRK,CX4945,NTERA2,0.11406409612990079
Q9NRH2,SNRK,GO6983,NTERA2,0.44858465759033256
Q9NRH2,SNRK,KN93,NTERA2,0.13699700506791382
Q9NRH2,SNRK,MK2206,NTERA2,0.6269764385145336
Q9NRH2,SNRK,AZD5438,NTERA2,-0.9519707711485754
Q9NRH2,SNRK,FRAX486,NTERA2,0.2619542266103505
Q9NRH2,SNRK,Ku0063794,NTERA2,1.1052154368204994
Q9NRH2,SNRK,PD153035,NTERA2,-0.622319131821433
Q9NRH2,SNRK,PF3758309,NTERA2,0.7993543938117182
Q9NRH2,SNRK,Torin,NTERA2,1.1079327034822897
Q9NRH2,SNRK,Trametinib,NTERA2,-0.11506113738886252
Q9NRH2,SNRK,AZD1480,NTERA2,0.1598178673834091
Q9NRH2,SNRK,AZD5363,NTERA2,-0.056387206583403654
Q9NRH2,SNRK,BX912,NTERA2,-0.7067871362800066
Q9NRH2,SNRK,CHIR99021,NTERA2,-0.7197169596007333
Q9NRH2,SNRK,GSK2334470,NTERA2,0.08290072937983017
Q9NRH2,SNRK,Ipatasertib,NTERA2,-0.07044762973501043
Q9NRH2,SNRK,LY2090314,NTERA2,-1.3638049424194798
Q9NRH2,SNRK,Tofacitinib,NTERA2,-0.3258575776915273
Q9NRH2,SNRK,AZD8055,NTERA2,0.981302623202376
Q9NRH2,SNRK,GDC0994,NTERA2,0.5008391183147156
Q9NRH2,SNRK,JNK,NTERA2,0.02702332111346128
Q9NRH2,SNRK,LY2584702,NTERA2,0.8040693657873931
Q9NRH2,SNRK,PH797804,NTERA2,0.8010975206678386
Q9NRH2,SNRK,Selumetinib,NTERA2,0.7174292297247682
Q9NRH2,SNRK,U73122,NTERA2,0.7919976994698302
Q9NRH2,SNRK,Ulixertinib,NTERA2,0.771623417013839
Q9NRH2,SNRK,Amuvatinib,NTERA2,0.5347558536138499
Q9NRH2,SNRK,AZD3759,NTERA2,-0.6085205729994054
Q9NRH2,SNRK,GSK690693,NTERA2,0.10708583580153914
Q9NRH2,SNRK,JNJ,NTERA2,0.5708942366521155
Q9NRH2,SNRK,KN62,NTERA2,0.6609159279175468
Q9NRH2,SNRK,Linsitinib,NTERA2,0.877054012472448
Q9NRH2,SNRK,LY2835219,NTERA2,0.6824977493635555
Q9NRH2,SNRK,Ribociclib,NTERA2,0.5159080470682247
Q9NRH2,SNRK,AC220,NTERA2,1.8359876244966962
Q9NRH2,SNRK,Edelfosine,NTERA2,0.7797731193943627
Q9NRH2,SNRK,GF109203X,NTERA2,1.1047435658599936
Q9NRH2,SNRK,Go6976,NTERA2,1.7935438846197453
Q9NRH2,SNRK,PF4708671,NTERA2,1.4984747838796
Q9NRH2,SNRK,SP600125,NTERA2,1.4909881198892776
Q9NRH2,SNRK,TAK715,NTERA2,1.205883801662832
Q9NRH2,SNRK,TBCA,NTERA2,2.071025460772066
Q9NRH2,SNRK,AT13148,NTERA2,-0.5907882001221891
Q9NRH2,SNRK,AZ20,NTERA2,0.3386545497064531
Q9NRH2,SNRK,AZD6738,NTERA2,0.1267477462862515
Q9NRH2,SNRK,Bosutinib,NTERA2,-0.5018035353214244
Q9NRH2,SNRK,Dabrafenib,NTERA2,-0.15937504347222745
Q9NRH2,SNRK,Dasatinib,NTERA2,-0.4168355709890769
Q9NRH2,SNRK,DNAPK,NTERA2,-0.2984794976691525
Q9NRH2,SNRK,H89,NTERA2,-0.4471975715173256
Q9NRH2,SNRK,KD025,NTERA2,0.15324286206615023
Q9NRH2,SNRK,NU7441,NTERA2,0.16968936208697055
Q9NRH2,SNRK,Ripasudil,NTERA2,-0.3731131738777263
Q9NRH2,SNRK,Vemurafenib,NTERA2,-0.6149703074205866
Q9UQ07,MOK,AZD6482,NTERA2,
Q9UQ07,MOK,CAL101,NTERA2,
Q9UQ07,MOK,GDC0941,NTERA2,
Q9UQ07,MOK,HS173,NTERA2,
Q9UQ07,MOK,PIK294,NTERA2,
Q9UQ07,MOK,TGX221,NTERA2,
Q9UQ07,MOK,CX4945,NTERA2,
Q9UQ07,MOK,GO6983,NTERA2,
Q9UQ07,MOK,KN93,NTERA2,
Q9UQ07,MOK,MK2206,NTERA2,
Q9UQ07,MOK,AZD5438,NTERA2,
Q9UQ07,MOK,FRAX486,NTERA2,
Q9UQ07,MOK,Ku0063794,NTERA2,
Q9UQ07,MOK,PD153035,NTERA2,
Q9UQ07,MOK,PF3758309,NTERA2,
Q9UQ07,MOK,Torin,NTERA2,
Q9UQ07,MOK,Trametinib,NTERA2,
Q9UQ07,MOK,AZD1480,NTERA2,
Q9UQ07,MOK,AZD5363,NTERA2,
Q9UQ07,MOK,BX912,NTERA2,
Q9UQ07,MOK,CHIR99021,NTERA2,
Q9UQ07,MOK,GSK2334470,NTERA2,
Q9UQ07,MOK,Ipatasertib,NTERA2,
Q9UQ07,MOK,LY2090314,NTERA2,
Q9UQ07,MOK,Tofacitinib,NTERA2,
Q9UQ07,MOK,AZD8055,NTERA2,
Q9UQ07,MOK,GDC0994,NTERA2,
Q9UQ07,MOK,JNK,NTERA2,
Q9UQ07,MOK,LY2584702,NTERA2,
Q9UQ07,MOK,PH797804,NTERA2,
Q9UQ07,MOK,Selumetinib,NTERA2,
Q9UQ07,MOK,U73122,NTERA2,
Q9UQ07,MOK,Ulixertinib,NTERA2,
Q9UQ07,MOK,Amuvatinib,NTERA2,
Q9UQ07,MOK,AZD3759,NTERA2,
Q9UQ07,MOK,GSK690693,NTERA2,
Q9UQ07,MOK,JNJ,NTERA2,
Q9UQ07,MOK,KN62,NTERA2,
Q9UQ07,MOK,Linsitinib,NTERA2,
Q9UQ07,MOK,LY2835219,NTERA2,
Q9UQ07,MOK,Ribociclib,NTERA2,
Q9UQ07,MOK,AC220,NTERA2,
Q9UQ07,MOK,Edelfosine,NTERA2,
Q9UQ07,MOK,GF109203X,NTERA2,
Q9UQ07,MOK,Go6976,NTERA2,
Q9UQ07,MOK,PF4708671,NTERA2,
Q9UQ07,MOK,SP600125,NTERA2,
Q9UQ07,MOK,TAK715,NTERA2,
Q9UQ07,MOK,TBCA,NTERA2,
Q9UQ07,MOK,AT13148,NTERA2,
Q9UQ07,MOK,AZ20,NTERA2,
Q9UQ07,MOK,AZD6738,NTERA2,
Q9UQ07,MOK,Bosutinib,NTERA2,
Q9UQ07,MOK,Dabrafenib,NTERA2,
Q9UQ07,MOK,Dasatinib,NTERA2,
Q9UQ07,MOK,DNAPK,NTERA2,
Q9UQ07,MOK,H89,NTERA2,
Q9UQ07,MOK,KD025,NTERA2,
Q9UQ07,MOK,NU7441,NTERA2,
Q9UQ07,MOK,Ripasudil,NTERA2,
Q9UQ07,MOK,Vemurafenib,NTERA2,
Q6DT37,CDC42BPG,AZD6482,NTERA2,
Q6DT37,CDC42BPG,CAL101,NTERA2,
Q6DT37,CDC42BPG,GDC0941,NTERA2,
Q6DT37,CDC42BPG,HS173,NTERA2,
Q6DT37,CDC42BPG,PIK294,NTERA2,
Q6DT37,CDC42BPG,TGX221,NTERA2,
Q6DT37,CDC42BPG,CX4945,NTERA2,
Q6DT37,CDC42BPG,GO6983,NTERA2,
Q6DT37,CDC42BPG,KN93,NTERA2,
Q6DT37,CDC42BPG,MK2206,NTERA2,
Q6DT37,CDC42BPG,AZD5438,NTERA2,
Q6DT37,CDC42BPG,FRAX486,NTERA2,
Q6DT37,CDC42BPG,Ku0063794,NTERA2,
Q6DT37,CDC42BPG,PD153035,NTERA2,
Q6DT37,CDC42BPG,PF3758309,NTERA2,
Q6DT37,CDC42BPG,Torin,NTERA2,
Q6DT37,CDC42BPG,Trametinib,NTERA2,
Q6DT37,CDC42BPG,AZD1480,NTERA2,
Q6DT37,CDC42BPG,AZD5363,NTERA2,
Q6DT37,CDC42BPG,BX912,NTERA2,
Q6DT37,CDC42BPG,CHIR99021,NTERA2,
Q6DT37,CDC42BPG,GSK2334470,NTERA2,
Q6DT37,CDC42BPG,Ipatasertib,NTERA2,
Q6DT37,CDC42BPG,LY2090314,NTERA2,
Q6DT37,CDC42BPG,Tofacitinib,NTERA2,
Q6DT37,CDC42BPG,AZD8055,NTERA2,
Q6DT37,CDC42BPG,GDC0994,NTERA2,
Q6DT37,CDC42BPG,JNK,NTERA2,
Q6DT37,CDC42BPG,LY2584702,NTERA2,
Q6DT37,CDC42BPG,PH797804,NTERA2,
Q6DT37,CDC42BPG,Selumetinib,NTERA2,
Q6DT37,CDC42BPG,U73122,NTERA2,
Q6DT37,CDC42BPG,Ulixertinib,NTERA2,
Q6DT37,CDC42BPG,Amuvatinib,NTERA2,
Q6DT37,CDC42BPG,AZD3759,NTERA2,
Q6DT37,CDC42BPG,GSK690693,NTERA2,
Q6DT37,CDC42BPG,JNJ,NTERA2,
Q6DT37,CDC42BPG,KN62,NTERA2,
Q6DT37,CDC42BPG,Linsitinib,NTERA2,
Q6DT37,CDC42BPG,LY2835219,NTERA2,
Q6DT37,CDC42BPG,Ribociclib,NTERA2,
Q6DT37,CDC42BPG,AC220,NTERA2,
Q6DT37,CDC42BPG,Edelfosine,NTERA2,
Q6DT37,CDC42BPG,GF109203X,NTERA2,
Q6DT37,CDC42BPG,Go6976,NTERA2,
Q6DT37,CDC42BPG,PF4708671,NTERA2,
Q6DT37,CDC42BPG,SP600125,NTERA2,
Q6DT37,CDC42BPG,TAK715,NTERA2,
Q6DT37,CDC42BPG,TBCA,NTERA2,
Q6DT37,CDC42BPG,AT13148,NTERA2,
Q6DT37,CDC42BPG,AZ20,NTERA2,
Q6DT37,CDC42BPG,AZD6738,NTERA2,
Q6DT37,CDC42BPG,Bosutinib,NTERA2,
Q6DT37,CDC42BPG,Dabrafenib,NTERA2,
Q6DT37,CDC42BPG,Dasatinib,NTERA2,
Q6DT37,CDC42BPG,DNAPK,NTERA2,
Q6DT37,CDC42BPG,H89,NTERA2,
Q6DT37,CDC42BPG,KD025,NTERA2,
Q6DT37,CDC42BPG,NU7441,NTERA2,
Q6DT37,CDC42BPG,Ripasudil,NTERA2,
Q6DT37,CDC42BPG,Vemurafenib,NTERA2,
P54760,EPHB4,AZD6482,NTERA2,
P54760,EPHB4,CAL101,NTERA2,
P54760,EPHB4,GDC0941,NTERA2,
P54760,EPHB4,HS173,NTERA2,
P54760,EPHB4,PIK294,NTERA2,
P54760,EPHB4,TGX221,NTERA2,
P54760,EPHB4,CX4945,NTERA2,
P54760,EPHB4,GO6983,NTERA2,
P54760,EPHB4,KN93,NTERA2,
P54760,EPHB4,MK2206,NTERA2,
P54760,EPHB4,AZD5438,NTERA2,
P54760,EPHB4,FRAX486,NTERA2,
P54760,EPHB4,Ku0063794,NTERA2,
P54760,EPHB4,PD153035,NTERA2,
P54760,EPHB4,PF3758309,NTERA2,
P54760,EPHB4,Torin,NTERA2,
P54760,EPHB4,Trametinib,NTERA2,
P54760,EPHB4,AZD1480,NTERA2,
P54760,EPHB4,AZD5363,NTERA2,
P54760,EPHB4,BX912,NTERA2,
P54760,EPHB4,CHIR99021,NTERA2,
P54760,EPHB4,GSK2334470,NTERA2,
P54760,EPHB4,Ipatasertib,NTERA2,
P54760,EPHB4,LY2090314,NTERA2,
P54760,EPHB4,Tofacitinib,NTERA2,
P54760,EPHB4,AZD8055,NTERA2,
P54760,EPHB4,GDC0994,NTERA2,
P54760,EPHB4,JNK,NTERA2,
P54760,EPHB4,LY2584702,NTERA2,
P54760,EPHB4,PH797804,NTERA2,
P54760,EPHB4,Selumetinib,NTERA2,
P54760,EPHB4,U73122,NTERA2,
P54760,EPHB4,Ulixertinib,NTERA2,
P54760,EPHB4,Amuvatinib,NTERA2,
P54760,EPHB4,AZD3759,NTERA2,
P54760,EPHB4,GSK690693,NTERA2,
P54760,EPHB4,JNJ,NTERA2,
P54760,EPHB4,KN62,NTERA2,
P54760,EPHB4,Linsitinib,NTERA2,
P54760,EPHB4,LY2835219,NTERA2,
P54760,EPHB4,Ribociclib,NTERA2,
P54760,EPHB4,AC220,NTERA2,
P54760,EPHB4,Edelfosine,NTERA2,
P54760,EPHB4,GF109203X,NTERA2,
P54760,EPHB4,Go6976,NTERA2,
P54760,EPHB4,PF4708671,NTERA2,
P54760,EPHB4,SP600125,NTERA2,
P54760,EPHB4,TAK715,NTERA2,
P54760,EPHB4,TBCA,NTERA2,
P54760,EPHB4,AT13148,NTERA2,
P54760,EPHB4,AZ20,NTERA2,
P54760,EPHB4,AZD6738,NTERA2,
P54760,EPHB4,Bosutinib,NTERA2,
P54760,EPHB4,Dabrafenib,NTERA2,
P54760,EPHB4,Dasatinib,NTERA2,
P54760,EPHB4,DNAPK,NTERA2,
P54760,EPHB4,H89,NTERA2,
P54760,EPHB4,KD025,NTERA2,
P54760,EPHB4,NU7441,NTERA2,
P54760,EPHB4,Ripasudil,NTERA2,
P54760,EPHB4,Vemurafenib,NTERA2,
P21860,ERBB3,AZD6482,NTERA2,2.845273213327495
P21860,ERBB3,CAL101,NTERA2,2.4311962903380784
P21860,ERBB3,GDC0941,NTERA2,1.5045797762647566
P21860,ERBB3,HS173,NTERA2,2.2336526102445826
P21860,ERBB3,PIK294,NTERA2,2.888602994756614
P21860,ERBB3,TGX221,NTERA2,2.669288753469227
P21860,ERBB3,CX4945,NTERA2,-0.6940563707071862
P21860,ERBB3,GO6983,NTERA2,-0.47521334649354635
P21860,ERBB3,KN93,NTERA2,1.4610837098322411
P21860,ERBB3,MK2206,NTERA2,1.3735115749072793
P21860,ERBB3,AZD5438,NTERA2,0.043324215907629346
P21860,ERBB3,FRAX486,NTERA2,0.5517216784617264
P21860,ERBB3,Ku0063794,NTERA2,-0.497727504417947
P21860,ERBB3,PD153035,NTERA2,-0.09848374119424777
P21860,ERBB3,PF3758309,NTERA2,1.2831065934187478
P21860,ERBB3,Torin,NTERA2,0.7901185208913932
P21860,ERBB3,Trametinib,NTERA2,0.04629581962265282
P21860,ERBB3,AZD1480,NTERA2,-1.1385669375104388
P21860,ERBB3,AZD5363,NTERA2,0.4521363632149239
P21860,ERBB3,BX912,NTERA2,-1.7026487555637964
P21860,ERBB3,CHIR99021,NTERA2,1.0780975111681752
P21860,ERBB3,GSK2334470,NTERA2,1.0054763547582921
P21860,ERBB3,Ipatasertib,NTERA2,0.6486631712957667
P21860,ERBB3,LY2090314,NTERA2,1.2588693717580246
P21860,ERBB3,Tofacitinib,NTERA2,1.451078533271373
P21860,ERBB3,AZD8055,NTERA2,-0.35540205617916004
P21860,ERBB3,GDC0994,NTERA2,-1.6336126227285879
P21860,ERBB3,JNK,NTERA2,-0.6020026805698971
P21860,ERBB3,LY2584702,NTERA2,-0.5102272227080039
P21860,ERBB3,PH797804,NTERA2,-1.3262210157711547
P21860,ERBB3,Selumetinib,NTERA2,-2.228419179297963
P21860,ERBB3,U73122,NTERA2,-0.1828023007516269
P21860,ERBB3,Ulixertinib,NTERA2,-0.755857966357638
P21860,ERBB3,Amuvatinib,NTERA2,-2.083588788125617
P21860,ERBB3,AZD3759,NTERA2,0.7804964768568955
P21860,ERBB3,GSK690693,NTERA2,-0.9681142915135285
P21860,ERBB3,JNJ,NTERA2,0.9410071648171319
P21860,ERBB3,KN62,NTERA2,0.6624016966135531
P21860,ERBB3,Linsitinib,NTERA2,-1.9326673289485523
P21860,ERBB3,LY2835219,NTERA2,0.22590414757533622
P21860,ERBB3,Ribociclib,NTERA2,-0.05041137194671116
P21860,ERBB3,AC220,NTERA2,-3.873987455592633
P21860,ERBB3,Edelfosine,NTERA2,0.0745430553546017
P21860,ERBB3,GF109203X,NTERA2,1.623179313324119
P21860,ERBB3,Go6976,NTERA2,0.507361113144431
P21860,ERBB3,PF4708671,NTERA2,-3.6492677697169946
P21860,ERBB3,SP600125,NTERA2,-0.23634204392892236
P21860,ERBB3,TAK715,NTERA2,-0.41619392964823676
P21860,ERBB3,TBCA,NTERA2,0.816910139603845
P21860,ERBB3,AT13148,NTERA2,0.07197139657311913
P21860,ERBB3,AZ20,NTERA2,-1.3304548559886016
P21860,ERBB3,AZD6738,NTERA2,0.002025642684697409
P21860,ERBB3,Bosutinib,NTERA2,-1.1253284079433483
P21860,ERBB3,Dabrafenib,NTERA2,-0.1050969667276034
P21860,ERBB3,Dasatinib,NTERA2,-1.1983441934841148
P21860,ERBB3,DNAPK,NTERA2,-0.7910773854356076
P21860,ERBB3,H89,NTERA2,-1.3955822642901823
P21860,ERBB3,KD025,NTERA2,0.07625803380328801
P21860,ERBB3,NU7441,NTERA2,-2.5641794358451646
P21860,ERBB3,Ripasudil,NTERA2,0.2461841623316714
P21860,ERBB3,Vemurafenib,NTERA2,-3.183362331553688
Q13263,TRIM28,AZD6482,NTERA2,1.0447860036564836
Q13263,TRIM28,CAL101,NTERA2,0.8818401266689807
Q13263,TRIM28,GDC0941,NTERA2,0.019429586357813944
Q13263,TRIM28,HS173,NTERA2,0.5971605398934852
Q13263,TRIM28,PIK294,NTERA2,0.25279956202598675
Q13263,TRIM28,TGX221,NTERA2,0.5785756098825765
Q13263,TRIM28,CX4945,NTERA2,-0.19041173927554625
Q13263,TRIM28,GO6983,NTERA2,0.4489556551120061
Q13263,TRIM28,KN93,NTERA2,0.2558113444637835
Q13263,TRIM28,MK2206,NTERA2,0.20496967077632325
Q13263,TRIM28,AZD5438,NTERA2,0.08190552768373716
Q13263,TRIM28,FRAX486,NTERA2,-0.33452701608387414
Q13263,TRIM28,Ku0063794,NTERA2,-0.6425103975084981
Q13263,TRIM28,PD153035,NTERA2,0.0003765938358646889
Q13263,TRIM28,PF3758309,NTERA2,-3.396819963644009
Q13263,TRIM28,Torin,NTERA2,-1.2486700264837758
Q13263,TRIM28,Trametinib,NTERA2,-0.6758244336890233
Q13263,TRIM28,AZD1480,NTERA2,0.005328365767604018
Q13263,TRIM28,AZD5363,NTERA2,-1.2813984244702648
Q13263,TRIM28,BX912,NTERA2,-0.4511779845041695
Q13263,TRIM28,CHIR99021,NTERA2,0.0784454244479153
Q13263,TRIM28,GSK2334470,NTERA2,-0.6427052211305598
Q13263,TRIM28,Ipatasertib,NTERA2,-0.8982882718293713
Q13263,TRIM28,LY2090314,NTERA2,0.10279323295959762
Q13263,TRIM28,Tofacitinib,NTERA2,0.4293342226187287
Q13263,TRIM28,AZD8055,NTERA2,0.558882121705286
Q13263,TRIM28,GDC0994,NTERA2,1.0907072672586562
Q13263,TRIM28,JNK,NTERA2,1.211760174658371
Q13263,TRIM28,LY2584702,NTERA2,1.223732982575121
Q13263,TRIM28,PH797804,NTERA2,0.36689466140350147
Q13263,TRIM28,Selumetinib,NTERA2,1.3359649439752732
Q13263,TRIM28,U73122,NTERA2,1.1133810044279007
Q13263,TRIM28,Ulixertinib,NTERA2,0.9702815542042504
Q13263,TRIM28,Amuvatinib,NTERA2,0.44822640276228387
Q13263,TRIM28,AZD3759,NTERA2,0.04802705747888946
Q13263,TRIM28,GSK690693,NTERA2,0.12499435654301908
Q13263,TRIM28,JNJ,NTERA2,0.5320953062860098
Q13263,TRIM28,KN62,NTERA2,0.501905111725509
Q13263,TRIM28,Linsitinib,NTERA2,0.5908910037165583
Q13263,TRIM28,LY2835219,NTERA2,0.41833922807253193
Q13263,TRIM28,Ribociclib,NTERA2,0.38465509353124966
Q13263,TRIM28,AC220,NTERA2,-0.15947492119966397
Q13263,TRIM28,Edelfosine,NTERA2,-0.5245567577080326
Q13263,TRIM28,GF109203X,NTERA2,-0.5356829415788786
Q13263,TRIM28,Go6976,NTERA2,-0.3895817009123389
Q13263,TRIM28,PF4708671,NTERA2,-0.12209726814357567
Q13263,TRIM28,SP600125,NTERA2,0.08576271018792382
Q13263,TRIM28,TAK715,NTERA2,0.07063246829822735
Q13263,TRIM28,TBCA,NTERA2,-1.017669989202741
Q13263,TRIM28,AT13148,NTERA2,0.5409305749457527
Q13263,TRIM28,AZ20,NTERA2,-1.1857958423133614
Q13263,TRIM28,AZD6738,NTERA2,0.09848791533879253
Q13263,TRIM28,Bosutinib,NTERA2,-0.18209421323034422
Q13263,TRIM28,Dabrafenib,NTERA2,0.5764496362002067
Q13263,TRIM28,Dasatinib,NTERA2,0.008714508755489727
Q13263,TRIM28,DNAPK,NTERA2,0.7372176858351801
Q13263,TRIM28,H89,NTERA2,0.5318794531084245
Q13263,TRIM28,KD025,NTERA2,-0.7202497210799849
Q13263,TRIM28,NU7441,NTERA2,0.19743115938219477
Q13263,TRIM28,Ripasudil,NTERA2,0.4781789690548501
Q13263,TRIM28,Vemurafenib,NTERA2,0.001634741950563773
Q9H792,PEAK1,AZD6482,NTERA2,
Q9H792,PEAK1,CAL101,NTERA2,
Q9H792,PEAK1,GDC0941,NTERA2,
Q9H792,PEAK1,HS173,NTERA2,
Q9H792,PEAK1,PIK294,NTERA2,
Q9H792,PEAK1,TGX221,NTERA2,
Q9H792,PEAK1,CX4945,NTERA2,
Q9H792,PEAK1,GO6983,NTERA2,
Q9H792,PEAK1,KN93,NTERA2,
Q9H792,PEAK1,MK2206,NTERA2,
Q9H792,PEAK1,AZD5438,NTERA2,
Q9H792,PEAK1,FRAX486,NTERA2,
Q9H792,PEAK1,Ku0063794,NTERA2,
Q9H792,PEAK1,PD153035,NTERA2,
Q9H792,PEAK1,PF3758309,NTERA2,
Q9H792,PEAK1,Torin,NTERA2,
Q9H792,PEAK1,Trametinib,NTERA2,
Q9H792,PEAK1,AZD1480,NTERA2,
Q9H792,PEAK1,AZD5363,NTERA2,
Q9H792,PEAK1,BX912,NTERA2,
Q9H792,PEAK1,CHIR99021,NTERA2,
Q9H792,PEAK1,GSK2334470,NTERA2,
Q9H792,PEAK1,Ipatasertib,NTERA2,
Q9H792,PEAK1,LY2090314,NTERA2,
Q9H792,PEAK1,Tofacitinib,NTERA2,
Q9H792,PEAK1,AZD8055,NTERA2,
Q9H792,PEAK1,GDC0994,NTERA2,
Q9H792,PEAK1,JNK,NTERA2,
Q9H792,PEAK1,LY2584702,NTERA2,
Q9H792,PEAK1,PH797804,NTERA2,
Q9H792,PEAK1,Selumetinib,NTERA2,
Q9H792,PEAK1,U73122,NTERA2,
Q9H792,PEAK1,Ulixertinib,NTERA2,
Q9H792,PEAK1,Amuvatinib,NTERA2,
Q9H792,PEAK1,AZD3759,NTERA2,
Q9H792,PEAK1,GSK690693,NTERA2,
Q9H792,PEAK1,JNJ,NTERA2,
Q9H792,PEAK1,KN62,NTERA2,
Q9H792,PEAK1,Linsitinib,NTERA2,
Q9H792,PEAK1,LY2835219,NTERA2,
Q9H792,PEAK1,Ribociclib,NTERA2,
Q9H792,PEAK1,AC220,NTERA2,
Q9H792,PEAK1,Edelfosine,NTERA2,
Q9H792,PEAK1,GF109203X,NTERA2,
Q9H792,PEAK1,Go6976,NTERA2,
Q9H792,PEAK1,PF4708671,NTERA2,
Q9H792,PEAK1,SP600125,NTERA2,
Q9H792,PEAK1,TAK715,NTERA2,
Q9H792,PEAK1,TBCA,NTERA2,
Q9H792,PEAK1,AT13148,NTERA2,
Q9H792,PEAK1,AZ20,NTERA2,
Q9H792,PEAK1,AZD6738,NTERA2,
Q9H792,PEAK1,Bosutinib,NTERA2,
Q9H792,PEAK1,Dabrafenib,NTERA2,
Q9H792,PEAK1,Dasatinib,NTERA2,
Q9H792,PEAK1,DNAPK,NTERA2,
Q9H792,PEAK1,H89,NTERA2,
Q9H792,PEAK1,KD025,NTERA2,
Q9H792,PEAK1,NU7441,NTERA2,
Q9H792,PEAK1,Ripasudil,NTERA2,
Q9H792,PEAK1,Vemurafenib,NTERA2,
Q01973,ROR1,AZD6482,NTERA2,
Q01973,ROR1,CAL101,NTERA2,
Q01973,ROR1,GDC0941,NTERA2,
Q01973,ROR1,HS173,NTERA2,
Q01973,ROR1,PIK294,NTERA2,
Q01973,ROR1,TGX221,NTERA2,
Q01973,ROR1,CX4945,NTERA2,
Q01973,ROR1,GO6983,NTERA2,
Q01973,ROR1,KN93,NTERA2,
Q01973,ROR1,MK2206,NTERA2,
Q01973,ROR1,AZD5438,NTERA2,
Q01973,ROR1,FRAX486,NTERA2,
Q01973,ROR1,Ku0063794,NTERA2,
Q01973,ROR1,PD153035,NTERA2,
Q01973,ROR1,PF3758309,NTERA2,
Q01973,ROR1,Torin,NTERA2,
Q01973,ROR1,Trametinib,NTERA2,
Q01973,ROR1,AZD1480,NTERA2,
Q01973,ROR1,AZD5363,NTERA2,
Q01973,ROR1,BX912,NTERA2,
Q01973,ROR1,CHIR99021,NTERA2,
Q01973,ROR1,GSK2334470,NTERA2,
Q01973,ROR1,Ipatasertib,NTERA2,
Q01973,ROR1,LY2090314,NTERA2,
Q01973,ROR1,Tofacitinib,NTERA2,
Q01973,ROR1,AZD8055,NTERA2,
Q01973,ROR1,GDC0994,NTERA2,
Q01973,ROR1,JNK,NTERA2,
Q01973,ROR1,LY2584702,NTERA2,
Q01973,ROR1,PH797804,NTERA2,
Q01973,ROR1,Selumetinib,NTERA2,
Q01973,ROR1,U73122,NTERA2,
Q01973,ROR1,Ulixertinib,NTERA2,
Q01973,ROR1,Amuvatinib,NTERA2,
Q01973,ROR1,AZD3759,NTERA2,
Q01973,ROR1,GSK690693,NTERA2,
Q01973,ROR1,JNJ,NTERA2,
Q01973,ROR1,KN62,NTERA2,
Q01973,ROR1,Linsitinib,NTERA2,
Q01973,ROR1,LY2835219,NTERA2,
Q01973,ROR1,Ribociclib,NTERA2,
Q01973,ROR1,AC220,NTERA2,
Q01973,ROR1,Edelfosine,NTERA2,
Q01973,ROR1,GF109203X,NTERA2,
Q01973,ROR1,Go6976,NTERA2,
Q01973,ROR1,PF4708671,NTERA2,
Q01973,ROR1,SP600125,NTERA2,
Q01973,ROR1,TAK715,NTERA2,
Q01973,ROR1,TBCA,NTERA2,
Q01973,ROR1,AT13148,NTERA2,
Q01973,ROR1,AZ20,NTERA2,
Q01973,ROR1,AZD6738,NTERA2,
Q01973,ROR1,Bosutinib,NTERA2,
Q01973,ROR1,Dabrafenib,NTERA2,
Q01973,ROR1,Dasatinib,NTERA2,
Q01973,ROR1,DNAPK,NTERA2,
Q01973,ROR1,H89,NTERA2,
Q01973,ROR1,KD025,NTERA2,
Q01973,ROR1,NU7441,NTERA2,
Q01973,ROR1,Ripasudil,NTERA2,
Q01973,ROR1,Vemurafenib,NTERA2,
O60566,BUB1B,AZD6482,NTERA2,
O60566,BUB1B,CAL101,NTERA2,
O60566,BUB1B,GDC0941,NTERA2,
O60566,BUB1B,HS173,NTERA2,
O60566,BUB1B,PIK294,NTERA2,
O60566,BUB1B,TGX221,NTERA2,
O60566,BUB1B,CX4945,NTERA2,
O60566,BUB1B,GO6983,NTERA2,
O60566,BUB1B,KN93,NTERA2,
O60566,BUB1B,MK2206,NTERA2,
O60566,BUB1B,AZD5438,NTERA2,
O60566,BUB1B,FRAX486,NTERA2,
O60566,BUB1B,Ku0063794,NTERA2,
O60566,BUB1B,PD153035,NTERA2,
O60566,BUB1B,PF3758309,NTERA2,
O60566,BUB1B,Torin,NTERA2,
O60566,BUB1B,Trametinib,NTERA2,
O60566,BUB1B,AZD1480,NTERA2,
O60566,BUB1B,AZD5363,NTERA2,
O60566,BUB1B,BX912,NTERA2,
O60566,BUB1B,CHIR99021,NTERA2,
O60566,BUB1B,GSK2334470,NTERA2,
O60566,BUB1B,Ipatasertib,NTERA2,
O60566,BUB1B,LY2090314,NTERA2,
O60566,BUB1B,Tofacitinib,NTERA2,
O60566,BUB1B,AZD8055,NTERA2,
O60566,BUB1B,GDC0994,NTERA2,
O60566,BUB1B,JNK,NTERA2,
O60566,BUB1B,LY2584702,NTERA2,
O60566,BUB1B,PH797804,NTERA2,
O60566,BUB1B,Selumetinib,NTERA2,
O60566,BUB1B,U73122,NTERA2,
O60566,BUB1B,Ulixertinib,NTERA2,
O60566,BUB1B,Amuvatinib,NTERA2,
O60566,BUB1B,AZD3759,NTERA2,
O60566,BUB1B,GSK690693,NTERA2,
O60566,BUB1B,JNJ,NTERA2,
O60566,BUB1B,KN62,NTERA2,
O60566,BUB1B,Linsitinib,NTERA2,
O60566,BUB1B,LY2835219,NTERA2,
O60566,BUB1B,Ribociclib,NTERA2,
O60566,BUB1B,AC220,NTERA2,
O60566,BUB1B,Edelfosine,NTERA2,
O60566,BUB1B,GF109203X,NTERA2,
O60566,BUB1B,Go6976,NTERA2,
O60566,BUB1B,PF4708671,NTERA2,
O60566,BUB1B,SP600125,NTERA2,
O60566,BUB1B,TAK715,NTERA2,
O60566,BUB1B,TBCA,NTERA2,
O60566,BUB1B,AT13148,NTERA2,
O60566,BUB1B,AZ20,NTERA2,
O60566,BUB1B,AZD6738,NTERA2,
O60566,BUB1B,Bosutinib,NTERA2,
O60566,BUB1B,Dabrafenib,NTERA2,
O60566,BUB1B,Dasatinib,NTERA2,
O60566,BUB1B,DNAPK,NTERA2,
O60566,BUB1B,H89,NTERA2,
O60566,BUB1B,KD025,NTERA2,
O60566,BUB1B,NU7441,NTERA2,
O60566,BUB1B,Ripasudil,NTERA2,
O60566,BUB1B,Vemurafenib,NTERA2,
Q9UJY1,HSPB8,AZD6482,NTERA2,
Q9UJY1,HSPB8,CAL101,NTERA2,
Q9UJY1,HSPB8,GDC0941,NTERA2,
Q9UJY1,HSPB8,HS173,NTERA2,
Q9UJY1,HSPB8,PIK294,NTERA2,
Q9UJY1,HSPB8,TGX221,NTERA2,
Q9UJY1,HSPB8,CX4945,NTERA2,
Q9UJY1,HSPB8,GO6983,NTERA2,
Q9UJY1,HSPB8,KN93,NTERA2,
Q9UJY1,HSPB8,MK2206,NTERA2,
Q9UJY1,HSPB8,AZD5438,NTERA2,
Q9UJY1,HSPB8,FRAX486,NTERA2,
Q9UJY1,HSPB8,Ku0063794,NTERA2,
Q9UJY1,HSPB8,PD153035,NTERA2,
Q9UJY1,HSPB8,PF3758309,NTERA2,
Q9UJY1,HSPB8,Torin,NTERA2,
Q9UJY1,HSPB8,Trametinib,NTERA2,
Q9UJY1,HSPB8,AZD1480,NTERA2,
Q9UJY1,HSPB8,AZD5363,NTERA2,
Q9UJY1,HSPB8,BX912,NTERA2,
Q9UJY1,HSPB8,CHIR99021,NTERA2,
Q9UJY1,HSPB8,GSK2334470,NTERA2,
Q9UJY1,HSPB8,Ipatasertib,NTERA2,
Q9UJY1,HSPB8,LY2090314,NTERA2,
Q9UJY1,HSPB8,Tofacitinib,NTERA2,
Q9UJY1,HSPB8,AZD8055,NTERA2,
Q9UJY1,HSPB8,GDC0994,NTERA2,
Q9UJY1,HSPB8,JNK,NTERA2,
Q9UJY1,HSPB8,LY2584702,NTERA2,
Q9UJY1,HSPB8,PH797804,NTERA2,
Q9UJY1,HSPB8,Selumetinib,NTERA2,
Q9UJY1,HSPB8,U73122,NTERA2,
Q9UJY1,HSPB8,Ulixertinib,NTERA2,
Q9UJY1,HSPB8,Amuvatinib,NTERA2,
Q9UJY1,HSPB8,AZD3759,NTERA2,
Q9UJY1,HSPB8,GSK690693,NTERA2,
Q9UJY1,HSPB8,JNJ,NTERA2,
Q9UJY1,HSPB8,KN62,NTERA2,
Q9UJY1,HSPB8,Linsitinib,NTERA2,
Q9UJY1,HSPB8,LY2835219,NTERA2,
Q9UJY1,HSPB8,Ribociclib,NTERA2,
Q9UJY1,HSPB8,AC220,NTERA2,
Q9UJY1,HSPB8,Edelfosine,NTERA2,
Q9UJY1,HSPB8,GF109203X,NTERA2,
Q9UJY1,HSPB8,Go6976,NTERA2,
Q9UJY1,HSPB8,PF4708671,NTERA2,
Q9UJY1,HSPB8,SP600125,NTERA2,
Q9UJY1,HSPB8,TAK715,NTERA2,
Q9UJY1,HSPB8,TBCA,NTERA2,
Q9UJY1,HSPB8,AT13148,NTERA2,
Q9UJY1,HSPB8,AZ20,NTERA2,
Q9UJY1,HSPB8,AZD6738,NTERA2,
Q9UJY1,HSPB8,Bosutinib,NTERA2,
Q9UJY1,HSPB8,Dabrafenib,NTERA2,
Q9UJY1,HSPB8,Dasatinib,NTERA2,
Q9UJY1,HSPB8,DNAPK,NTERA2,
Q9UJY1,HSPB8,H89,NTERA2,
Q9UJY1,HSPB8,KD025,NTERA2,
Q9UJY1,HSPB8,NU7441,NTERA2,
Q9UJY1,HSPB8,Ripasudil,NTERA2,
Q9UJY1,HSPB8,Vemurafenib,NTERA2,
Q01974,ROR2,AZD6482,NTERA2,
Q01974,ROR2,CAL101,NTERA2,
Q01974,ROR2,GDC0941,NTERA2,
Q01974,ROR2,HS173,NTERA2,
Q01974,ROR2,PIK294,NTERA2,
Q01974,ROR2,TGX221,NTERA2,
Q01974,ROR2,CX4945,NTERA2,
Q01974,ROR2,GO6983,NTERA2,
Q01974,ROR2,KN93,NTERA2,
Q01974,ROR2,MK2206,NTERA2,
Q01974,ROR2,AZD5438,NTERA2,
Q01974,ROR2,FRAX486,NTERA2,
Q01974,ROR2,Ku0063794,NTERA2,
Q01974,ROR2,PD153035,NTERA2,
Q01974,ROR2,PF3758309,NTERA2,
Q01974,ROR2,Torin,NTERA2,
Q01974,ROR2,Trametinib,NTERA2,
Q01974,ROR2,AZD1480,NTERA2,
Q01974,ROR2,AZD5363,NTERA2,
Q01974,ROR2,BX912,NTERA2,
Q01974,ROR2,CHIR99021,NTERA2,
Q01974,ROR2,GSK2334470,NTERA2,
Q01974,ROR2,Ipatasertib,NTERA2,
Q01974,ROR2,LY2090314,NTERA2,
Q01974,ROR2,Tofacitinib,NTERA2,
Q01974,ROR2,AZD8055,NTERA2,
Q01974,ROR2,GDC0994,NTERA2,
Q01974,ROR2,JNK,NTERA2,
Q01974,ROR2,LY2584702,NTERA2,
Q01974,ROR2,PH797804,NTERA2,
Q01974,ROR2,Selumetinib,NTERA2,
Q01974,ROR2,U73122,NTERA2,
Q01974,ROR2,Ulixertinib,NTERA2,
Q01974,ROR2,Amuvatinib,NTERA2,
Q01974,ROR2,AZD3759,NTERA2,
Q01974,ROR2,GSK690693,NTERA2,
Q01974,ROR2,JNJ,NTERA2,
Q01974,ROR2,KN62,NTERA2,
Q01974,ROR2,Linsitinib,NTERA2,
Q01974,ROR2,LY2835219,NTERA2,
Q01974,ROR2,Ribociclib,NTERA2,
Q01974,ROR2,AC220,NTERA2,
Q01974,ROR2,Edelfosine,NTERA2,
Q01974,ROR2,GF109203X,NTERA2,
Q01974,ROR2,Go6976,NTERA2,
Q01974,ROR2,PF4708671,NTERA2,
Q01974,ROR2,SP600125,NTERA2,
Q01974,ROR2,TAK715,NTERA2,
Q01974,ROR2,TBCA,NTERA2,
Q01974,ROR2,AT13148,NTERA2,
Q01974,ROR2,AZ20,NTERA2,
Q01974,ROR2,AZD6738,NTERA2,
Q01974,ROR2,Bosutinib,NTERA2,
Q01974,ROR2,Dabrafenib,NTERA2,
Q01974,ROR2,Dasatinib,NTERA2,
Q01974,ROR2,DNAPK,NTERA2,
Q01974,ROR2,H89,NTERA2,
Q01974,ROR2,KD025,NTERA2,
Q01974,ROR2,NU7441,NTERA2,
Q01974,ROR2,Ripasudil,NTERA2,
Q01974,ROR2,Vemurafenib,NTERA2,
Q9BVS4,RIOK2,AZD6482,NTERA2,
Q9BVS4,RIOK2,CAL101,NTERA2,
Q9BVS4,RIOK2,GDC0941,NTERA2,
Q9BVS4,RIOK2,HS173,NTERA2,
Q9BVS4,RIOK2,PIK294,NTERA2,
Q9BVS4,RIOK2,TGX221,NTERA2,
Q9BVS4,RIOK2,CX4945,NTERA2,
Q9BVS4,RIOK2,GO6983,NTERA2,
Q9BVS4,RIOK2,KN93,NTERA2,
Q9BVS4,RIOK2,MK2206,NTERA2,
Q9BVS4,RIOK2,AZD5438,NTERA2,
Q9BVS4,RIOK2,FRAX486,NTERA2,
Q9BVS4,RIOK2,Ku0063794,NTERA2,
Q9BVS4,RIOK2,PD153035,NTERA2,
Q9BVS4,RIOK2,PF3758309,NTERA2,
Q9BVS4,RIOK2,Torin,NTERA2,
Q9BVS4,RIOK2,Trametinib,NTERA2,
Q9BVS4,RIOK2,AZD1480,NTERA2,
Q9BVS4,RIOK2,AZD5363,NTERA2,
Q9BVS4,RIOK2,BX912,NTERA2,
Q9BVS4,RIOK2,CHIR99021,NTERA2,
Q9BVS4,RIOK2,GSK2334470,NTERA2,
Q9BVS4,RIOK2,Ipatasertib,NTERA2,
Q9BVS4,RIOK2,LY2090314,NTERA2,
Q9BVS4,RIOK2,Tofacitinib,NTERA2,
Q9BVS4,RIOK2,AZD8055,NTERA2,
Q9BVS4,RIOK2,GDC0994,NTERA2,
Q9BVS4,RIOK2,JNK,NTERA2,
Q9BVS4,RIOK2,LY2584702,NTERA2,
Q9BVS4,RIOK2,PH797804,NTERA2,
Q9BVS4,RIOK2,Selumetinib,NTERA2,
Q9BVS4,RIOK2,U73122,NTERA2,
Q9BVS4,RIOK2,Ulixertinib,NTERA2,
Q9BVS4,RIOK2,Amuvatinib,NTERA2,
Q9BVS4,RIOK2,AZD3759,NTERA2,
Q9BVS4,RIOK2,GSK690693,NTERA2,
Q9BVS4,RIOK2,JNJ,NTERA2,
Q9BVS4,RIOK2,KN62,NTERA2,
Q9BVS4,RIOK2,Linsitinib,NTERA2,
Q9BVS4,RIOK2,LY2835219,NTERA2,
Q9BVS4,RIOK2,Ribociclib,NTERA2,
Q9BVS4,RIOK2,AC220,NTERA2,
Q9BVS4,RIOK2,Edelfosine,NTERA2,
Q9BVS4,RIOK2,GF109203X,NTERA2,
Q9BVS4,RIOK2,Go6976,NTERA2,
Q9BVS4,RIOK2,PF4708671,NTERA2,
Q9BVS4,RIOK2,SP600125,NTERA2,
Q9BVS4,RIOK2,TAK715,NTERA2,
Q9BVS4,RIOK2,TBCA,NTERA2,
Q9BVS4,RIOK2,AT13148,NTERA2,
Q9BVS4,RIOK2,AZ20,NTERA2,
Q9BVS4,RIOK2,AZD6738,NTERA2,
Q9BVS4,RIOK2,Bosutinib,NTERA2,
Q9BVS4,RIOK2,Dabrafenib,NTERA2,
Q9BVS4,RIOK2,Dasatinib,NTERA2,
Q9BVS4,RIOK2,DNAPK,NTERA2,
Q9BVS4,RIOK2,H89,NTERA2,
Q9BVS4,RIOK2,KD025,NTERA2,
Q9BVS4,RIOK2,NU7441,NTERA2,
Q9BVS4,RIOK2,Ripasudil,NTERA2,
Q9BVS4,RIOK2,Vemurafenib,NTERA2,
O75962,TRIO,AZD6482,NTERA2,
O75962,TRIO,CAL101,NTERA2,
O75962,TRIO,GDC0941,NTERA2,
O75962,TRIO,HS173,NTERA2,
O75962,TRIO,PIK294,NTERA2,
O75962,TRIO,TGX221,NTERA2,
O75962,TRIO,CX4945,NTERA2,
O75962,TRIO,GO6983,NTERA2,
O75962,TRIO,KN93,NTERA2,
O75962,TRIO,MK2206,NTERA2,
O75962,TRIO,AZD5438,NTERA2,
O75962,TRIO,FRAX486,NTERA2,
O75962,TRIO,Ku0063794,NTERA2,
O75962,TRIO,PD153035,NTERA2,
O75962,TRIO,PF3758309,NTERA2,
O75962,TRIO,Torin,NTERA2,
O75962,TRIO,Trametinib,NTERA2,
O75962,TRIO,AZD1480,NTERA2,
O75962,TRIO,AZD5363,NTERA2,
O75962,TRIO,BX912,NTERA2,
O75962,TRIO,CHIR99021,NTERA2,
O75962,TRIO,GSK2334470,NTERA2,
O75962,TRIO,Ipatasertib,NTERA2,
O75962,TRIO,LY2090314,NTERA2,
O75962,TRIO,Tofacitinib,NTERA2,
O75962,TRIO,AZD8055,NTERA2,
O75962,TRIO,GDC0994,NTERA2,
O75962,TRIO,JNK,NTERA2,
O75962,TRIO,LY2584702,NTERA2,
O75962,TRIO,PH797804,NTERA2,
O75962,TRIO,Selumetinib,NTERA2,
O75962,TRIO,U73122,NTERA2,
O75962,TRIO,Ulixertinib,NTERA2,
O75962,TRIO,Amuvatinib,NTERA2,
O75962,TRIO,AZD3759,NTERA2,
O75962,TRIO,GSK690693,NTERA2,
O75962,TRIO,JNJ,NTERA2,
O75962,TRIO,KN62,NTERA2,
O75962,TRIO,Linsitinib,NTERA2,
O75962,TRIO,LY2835219,NTERA2,
O75962,TRIO,Ribociclib,NTERA2,
O75962,TRIO,AC220,NTERA2,
O75962,TRIO,Edelfosine,NTERA2,
O75962,TRIO,GF109203X,NTERA2,
O75962,TRIO,Go6976,NTERA2,
O75962,TRIO,PF4708671,NTERA2,
O75962,TRIO,SP600125,NTERA2,
O75962,TRIO,TAK715,NTERA2,
O75962,TRIO,TBCA,NTERA2,
O75962,TRIO,AT13148,NTERA2,
O75962,TRIO,AZ20,NTERA2,
O75962,TRIO,AZD6738,NTERA2,
O75962,TRIO,Bosutinib,NTERA2,
O75962,TRIO,Dabrafenib,NTERA2,
O75962,TRIO,Dasatinib,NTERA2,
O75962,TRIO,DNAPK,NTERA2,
O75962,TRIO,H89,NTERA2,
O75962,TRIO,KD025,NTERA2,
O75962,TRIO,NU7441,NTERA2,
O75962,TRIO,Ripasudil,NTERA2,
O75962,TRIO,Vemurafenib,NTERA2,
O15164,TRIM24,AZD6482,NTERA2,
O15164,TRIM24,CAL101,NTERA2,
O15164,TRIM24,GDC0941,NTERA2,
O15164,TRIM24,HS173,NTERA2,
O15164,TRIM24,PIK294,NTERA2,
O15164,TRIM24,TGX221,NTERA2,
O15164,TRIM24,CX4945,NTERA2,
O15164,TRIM24,GO6983,NTERA2,
O15164,TRIM24,KN93,NTERA2,
O15164,TRIM24,MK2206,NTERA2,
O15164,TRIM24,AZD5438,NTERA2,
O15164,TRIM24,FRAX486,NTERA2,
O15164,TRIM24,Ku0063794,NTERA2,
O15164,TRIM24,PD153035,NTERA2,
O15164,TRIM24,PF3758309,NTERA2,
O15164,TRIM24,Torin,NTERA2,
O15164,TRIM24,Trametinib,NTERA2,
O15164,TRIM24,AZD1480,NTERA2,
O15164,TRIM24,AZD5363,NTERA2,
O15164,TRIM24,BX912,NTERA2,
O15164,TRIM24,CHIR99021,NTERA2,
O15164,TRIM24,GSK2334470,NTERA2,
O15164,TRIM24,Ipatasertib,NTERA2,
O15164,TRIM24,LY2090314,NTERA2,
O15164,TRIM24,Tofacitinib,NTERA2,
O15164,TRIM24,AZD8055,NTERA2,
O15164,TRIM24,GDC0994,NTERA2,
O15164,TRIM24,JNK,NTERA2,
O15164,TRIM24,LY2584702,NTERA2,
O15164,TRIM24,PH797804,NTERA2,
O15164,TRIM24,Selumetinib,NTERA2,
O15164,TRIM24,U73122,NTERA2,
O15164,TRIM24,Ulixertinib,NTERA2,
O15164,TRIM24,Amuvatinib,NTERA2,
O15164,TRIM24,AZD3759,NTERA2,
O15164,TRIM24,GSK690693,NTERA2,
O15164,TRIM24,JNJ,NTERA2,
O15164,TRIM24,KN62,NTERA2,
O15164,TRIM24,Linsitinib,NTERA2,
O15164,TRIM24,LY2835219,NTERA2,
O15164,TRIM24,Ribociclib,NTERA2,
O15164,TRIM24,AC220,NTERA2,
O15164,TRIM24,Edelfosine,NTERA2,
O15164,TRIM24,GF109203X,NTERA2,
O15164,TRIM24,Go6976,NTERA2,
O15164,TRIM24,PF4708671,NTERA2,
O15164,TRIM24,SP600125,NTERA2,
O15164,TRIM24,TAK715,NTERA2,
O15164,TRIM24,TBCA,NTERA2,
O15164,TRIM24,AT13148,NTERA2,
O15164,TRIM24,AZ20,NTERA2,
O15164,TRIM24,AZD6738,NTERA2,
O15164,TRIM24,Bosutinib,NTERA2,
O15164,TRIM24,Dabrafenib,NTERA2,
O15164,TRIM24,Dasatinib,NTERA2,
O15164,TRIM24,DNAPK,NTERA2,
O15164,TRIM24,H89,NTERA2,
O15164,TRIM24,KD025,NTERA2,
O15164,TRIM24,NU7441,NTERA2,
O15164,TRIM24,Ripasudil,NTERA2,
O15164,TRIM24,Vemurafenib,NTERA2,
Q13470,TNK1,AZD6482,NTERA2,
Q13470,TNK1,CAL101,NTERA2,
Q13470,TNK1,GDC0941,NTERA2,
Q13470,TNK1,HS173,NTERA2,
Q13470,TNK1,PIK294,NTERA2,
Q13470,TNK1,TGX221,NTERA2,
Q13470,TNK1,CX4945,NTERA2,
Q13470,TNK1,GO6983,NTERA2,
Q13470,TNK1,KN93,NTERA2,
Q13470,TNK1,MK2206,NTERA2,
Q13470,TNK1,AZD5438,NTERA2,
Q13470,TNK1,FRAX486,NTERA2,
Q13470,TNK1,Ku0063794,NTERA2,
Q13470,TNK1,PD153035,NTERA2,
Q13470,TNK1,PF3758309,NTERA2,
Q13470,TNK1,Torin,NTERA2,
Q13470,TNK1,Trametinib,NTERA2,
Q13470,TNK1,AZD1480,NTERA2,
Q13470,TNK1,AZD5363,NTERA2,
Q13470,TNK1,BX912,NTERA2,
Q13470,TNK1,CHIR99021,NTERA2,
Q13470,TNK1,GSK2334470,NTERA2,
Q13470,TNK1,Ipatasertib,NTERA2,
Q13470,TNK1,LY2090314,NTERA2,
Q13470,TNK1,Tofacitinib,NTERA2,
Q13470,TNK1,AZD8055,NTERA2,
Q13470,TNK1,GDC0994,NTERA2,
Q13470,TNK1,JNK,NTERA2,
Q13470,TNK1,LY2584702,NTERA2,
Q13470,TNK1,PH797804,NTERA2,
Q13470,TNK1,Selumetinib,NTERA2,
Q13470,TNK1,U73122,NTERA2,
Q13470,TNK1,Ulixertinib,NTERA2,
Q13470,TNK1,Amuvatinib,NTERA2,
Q13470,TNK1,AZD3759,NTERA2,
Q13470,TNK1,GSK690693,NTERA2,
Q13470,TNK1,JNJ,NTERA2,
Q13470,TNK1,KN62,NTERA2,
Q13470,TNK1,Linsitinib,NTERA2,
Q13470,TNK1,LY2835219,NTERA2,
Q13470,TNK1,Ribociclib,NTERA2,
Q13470,TNK1,AC220,NTERA2,
Q13470,TNK1,Edelfosine,NTERA2,
Q13470,TNK1,GF109203X,NTERA2,
Q13470,TNK1,Go6976,NTERA2,
Q13470,TNK1,PF4708671,NTERA2,
Q13470,TNK1,SP600125,NTERA2,
Q13470,TNK1,TAK715,NTERA2,
Q13470,TNK1,TBCA,NTERA2,
Q13470,TNK1,AT13148,NTERA2,
Q13470,TNK1,AZ20,NTERA2,
Q13470,TNK1,AZD6738,NTERA2,
Q13470,TNK1,Bosutinib,NTERA2,
Q13470,TNK1,Dabrafenib,NTERA2,
Q13470,TNK1,Dasatinib,NTERA2,
Q13470,TNK1,DNAPK,NTERA2,
Q13470,TNK1,H89,NTERA2,
Q13470,TNK1,KD025,NTERA2,
Q13470,TNK1,NU7441,NTERA2,
Q13470,TNK1,Ripasudil,NTERA2,
Q13470,TNK1,Vemurafenib,NTERA2,
Q9UPN9,TRIM33,AZD6482,NTERA2,
Q9UPN9,TRIM33,CAL101,NTERA2,
Q9UPN9,TRIM33,GDC0941,NTERA2,
Q9UPN9,TRIM33,HS173,NTERA2,
Q9UPN9,TRIM33,PIK294,NTERA2,
Q9UPN9,TRIM33,TGX221,NTERA2,
Q9UPN9,TRIM33,CX4945,NTERA2,
Q9UPN9,TRIM33,GO6983,NTERA2,
Q9UPN9,TRIM33,KN93,NTERA2,
Q9UPN9,TRIM33,MK2206,NTERA2,
Q9UPN9,TRIM33,AZD5438,NTERA2,
Q9UPN9,TRIM33,FRAX486,NTERA2,
Q9UPN9,TRIM33,Ku0063794,NTERA2,
Q9UPN9,TRIM33,PD153035,NTERA2,
Q9UPN9,TRIM33,PF3758309,NTERA2,
Q9UPN9,TRIM33,Torin,NTERA2,
Q9UPN9,TRIM33,Trametinib,NTERA2,
Q9UPN9,TRIM33,AZD1480,NTERA2,
Q9UPN9,TRIM33,AZD5363,NTERA2,
Q9UPN9,TRIM33,BX912,NTERA2,
Q9UPN9,TRIM33,CHIR99021,NTERA2,
Q9UPN9,TRIM33,GSK2334470,NTERA2,
Q9UPN9,TRIM33,Ipatasertib,NTERA2,
Q9UPN9,TRIM33,LY2090314,NTERA2,
Q9UPN9,TRIM33,Tofacitinib,NTERA2,
Q9UPN9,TRIM33,AZD8055,NTERA2,
Q9UPN9,TRIM33,GDC0994,NTERA2,
Q9UPN9,TRIM33,JNK,NTERA2,
Q9UPN9,TRIM33,LY2584702,NTERA2,
Q9UPN9,TRIM33,PH797804,NTERA2,
Q9UPN9,TRIM33,Selumetinib,NTERA2,
Q9UPN9,TRIM33,U73122,NTERA2,
Q9UPN9,TRIM33,Ulixertinib,NTERA2,
Q9UPN9,TRIM33,Amuvatinib,NTERA2,
Q9UPN9,TRIM33,AZD3759,NTERA2,
Q9UPN9,TRIM33,GSK690693,NTERA2,
Q9UPN9,TRIM33,JNJ,NTERA2,
Q9UPN9,TRIM33,KN62,NTERA2,
Q9UPN9,TRIM33,Linsitinib,NTERA2,
Q9UPN9,TRIM33,LY2835219,NTERA2,
Q9UPN9,TRIM33,Ribociclib,NTERA2,
Q9UPN9,TRIM33,AC220,NTERA2,
Q9UPN9,TRIM33,Edelfosine,NTERA2,
Q9UPN9,TRIM33,GF109203X,NTERA2,
Q9UPN9,TRIM33,Go6976,NTERA2,
Q9UPN9,TRIM33,PF4708671,NTERA2,
Q9UPN9,TRIM33,SP600125,NTERA2,
Q9UPN9,TRIM33,TAK715,NTERA2,
Q9UPN9,TRIM33,TBCA,NTERA2,
Q9UPN9,TRIM33,AT13148,NTERA2,
Q9UPN9,TRIM33,AZ20,NTERA2,
Q9UPN9,TRIM33,AZD6738,NTERA2,
Q9UPN9,TRIM33,Bosutinib,NTERA2,
Q9UPN9,TRIM33,Dabrafenib,NTERA2,
Q9UPN9,TRIM33,Dasatinib,NTERA2,
Q9UPN9,TRIM33,DNAPK,NTERA2,
Q9UPN9,TRIM33,H89,NTERA2,
Q9UPN9,TRIM33,KD025,NTERA2,
Q9UPN9,TRIM33,NU7441,NTERA2,
Q9UPN9,TRIM33,Ripasudil,NTERA2,
Q9UPN9,TRIM33,Vemurafenib,NTERA2,
Q8NCB2,CAMKV,AZD6482,NTERA2,
Q8NCB2,CAMKV,CAL101,NTERA2,
Q8NCB2,CAMKV,GDC0941,NTERA2,
Q8NCB2,CAMKV,HS173,NTERA2,
Q8NCB2,CAMKV,PIK294,NTERA2,
Q8NCB2,CAMKV,TGX221,NTERA2,
Q8NCB2,CAMKV,CX4945,NTERA2,
Q8NCB2,CAMKV,GO6983,NTERA2,
Q8NCB2,CAMKV,KN93,NTERA2,
Q8NCB2,CAMKV,MK2206,NTERA2,
Q8NCB2,CAMKV,AZD5438,NTERA2,
Q8NCB2,CAMKV,FRAX486,NTERA2,
Q8NCB2,CAMKV,Ku0063794,NTERA2,
Q8NCB2,CAMKV,PD153035,NTERA2,
Q8NCB2,CAMKV,PF3758309,NTERA2,
Q8NCB2,CAMKV,Torin,NTERA2,
Q8NCB2,CAMKV,Trametinib,NTERA2,
Q8NCB2,CAMKV,AZD1480,NTERA2,
Q8NCB2,CAMKV,AZD5363,NTERA2,
Q8NCB2,CAMKV,BX912,NTERA2,
Q8NCB2,CAMKV,CHIR99021,NTERA2,
Q8NCB2,CAMKV,GSK2334470,NTERA2,
Q8NCB2,CAMKV,Ipatasertib,NTERA2,
Q8NCB2,CAMKV,LY2090314,NTERA2,
Q8NCB2,CAMKV,Tofacitinib,NTERA2,
Q8NCB2,CAMKV,AZD8055,NTERA2,
Q8NCB2,CAMKV,GDC0994,NTERA2,
Q8NCB2,CAMKV,JNK,NTERA2,
Q8NCB2,CAMKV,LY2584702,NTERA2,
Q8NCB2,CAMKV,PH797804,NTERA2,
Q8NCB2,CAMKV,Selumetinib,NTERA2,
Q8NCB2,CAMKV,U73122,NTERA2,
Q8NCB2,CAMKV,Ulixertinib,NTERA2,
Q8NCB2,CAMKV,Amuvatinib,NTERA2,
Q8NCB2,CAMKV,AZD3759,NTERA2,
Q8NCB2,CAMKV,GSK690693,NTERA2,
Q8NCB2,CAMKV,JNJ,NTERA2,
Q8NCB2,CAMKV,KN62,NTERA2,
Q8NCB2,CAMKV,Linsitinib,NTERA2,
Q8NCB2,CAMKV,LY2835219,NTERA2,
Q8NCB2,CAMKV,Ribociclib,NTERA2,
Q8NCB2,CAMKV,AC220,NTERA2,
Q8NCB2,CAMKV,Edelfosine,NTERA2,
Q8NCB2,CAMKV,GF109203X,NTERA2,
Q8NCB2,CAMKV,Go6976,NTERA2,
Q8NCB2,CAMKV,PF4708671,NTERA2,
Q8NCB2,CAMKV,SP600125,NTERA2,
Q8NCB2,CAMKV,TAK715,NTERA2,
Q8NCB2,CAMKV,TBCA,NTERA2,
Q8NCB2,CAMKV,AT13148,NTERA2,
Q8NCB2,CAMKV,AZ20,NTERA2,
Q8NCB2,CAMKV,AZD6738,NTERA2,
Q8NCB2,CAMKV,Bosutinib,NTERA2,
Q8NCB2,CAMKV,Dabrafenib,NTERA2,
Q8NCB2,CAMKV,Dasatinib,NTERA2,
Q8NCB2,CAMKV,DNAPK,NTERA2,
Q8NCB2,CAMKV,H89,NTERA2,
Q8NCB2,CAMKV,KD025,NTERA2,
Q8NCB2,CAMKV,NU7441,NTERA2,
Q8NCB2,CAMKV,Ripasudil,NTERA2,
Q8NCB2,CAMKV,Vemurafenib,NTERA2,
P25440,BRD2,AZD6482,NTERA2,
P25440,BRD2,CAL101,NTERA2,
P25440,BRD2,GDC0941,NTERA2,
P25440,BRD2,HS173,NTERA2,
P25440,BRD2,PIK294,NTERA2,
P25440,BRD2,TGX221,NTERA2,
P25440,BRD2,CX4945,NTERA2,
P25440,BRD2,GO6983,NTERA2,
P25440,BRD2,KN93,NTERA2,
P25440,BRD2,MK2206,NTERA2,
P25440,BRD2,AZD5438,NTERA2,
P25440,BRD2,FRAX486,NTERA2,
P25440,BRD2,Ku0063794,NTERA2,
P25440,BRD2,PD153035,NTERA2,
P25440,BRD2,PF3758309,NTERA2,
P25440,BRD2,Torin,NTERA2,
P25440,BRD2,Trametinib,NTERA2,
P25440,BRD2,AZD1480,NTERA2,
P25440,BRD2,AZD5363,NTERA2,
P25440,BRD2,BX912,NTERA2,
P25440,BRD2,CHIR99021,NTERA2,
P25440,BRD2,GSK2334470,NTERA2,
P25440,BRD2,Ipatasertib,NTERA2,
P25440,BRD2,LY2090314,NTERA2,
P25440,BRD2,Tofacitinib,NTERA2,
P25440,BRD2,AZD8055,NTERA2,
P25440,BRD2,GDC0994,NTERA2,
P25440,BRD2,JNK,NTERA2,
P25440,BRD2,LY2584702,NTERA2,
P25440,BRD2,PH797804,NTERA2,
P25440,BRD2,Selumetinib,NTERA2,
P25440,BRD2,U73122,NTERA2,
P25440,BRD2,Ulixertinib,NTERA2,
P25440,BRD2,Amuvatinib,NTERA2,
P25440,BRD2,AZD3759,NTERA2,
P25440,BRD2,GSK690693,NTERA2,
P25440,BRD2,JNJ,NTERA2,
P25440,BRD2,KN62,NTERA2,
P25440,BRD2,Linsitinib,NTERA2,
P25440,BRD2,LY2835219,NTERA2,
P25440,BRD2,Ribociclib,NTERA2,
P25440,BRD2,AC220,NTERA2,
P25440,BRD2,Edelfosine,NTERA2,
P25440,BRD2,GF109203X,NTERA2,
P25440,BRD2,Go6976,NTERA2,
P25440,BRD2,PF4708671,NTERA2,
P25440,BRD2,SP600125,NTERA2,
P25440,BRD2,TAK715,NTERA2,
P25440,BRD2,TBCA,NTERA2,
P25440,BRD2,AT13148,NTERA2,
P25440,BRD2,AZ20,NTERA2,
P25440,BRD2,AZD6738,NTERA2,
P25440,BRD2,Bosutinib,NTERA2,
P25440,BRD2,Dabrafenib,NTERA2,
P25440,BRD2,Dasatinib,NTERA2,
P25440,BRD2,DNAPK,NTERA2,
P25440,BRD2,H89,NTERA2,
P25440,BRD2,KD025,NTERA2,
P25440,BRD2,NU7441,NTERA2,
P25440,BRD2,Ripasudil,NTERA2,
P25440,BRD2,Vemurafenib,NTERA2,
Q15059,BRD3,AZD6482,NTERA2,
Q15059,BRD3,CAL101,NTERA2,
Q15059,BRD3,GDC0941,NTERA2,
Q15059,BRD3,HS173,NTERA2,
Q15059,BRD3,PIK294,NTERA2,
Q15059,BRD3,TGX221,NTERA2,
Q15059,BRD3,CX4945,NTERA2,
Q15059,BRD3,GO6983,NTERA2,
Q15059,BRD3,KN93,NTERA2,
Q15059,BRD3,MK2206,NTERA2,
Q15059,BRD3,AZD5438,NTERA2,
Q15059,BRD3,FRAX486,NTERA2,
Q15059,BRD3,Ku0063794,NTERA2,
Q15059,BRD3,PD153035,NTERA2,
Q15059,BRD3,PF3758309,NTERA2,
Q15059,BRD3,Torin,NTERA2,
Q15059,BRD3,Trametinib,NTERA2,
Q15059,BRD3,AZD1480,NTERA2,
Q15059,BRD3,AZD5363,NTERA2,
Q15059,BRD3,BX912,NTERA2,
Q15059,BRD3,CHIR99021,NTERA2,
Q15059,BRD3,GSK2334470,NTERA2,
Q15059,BRD3,Ipatasertib,NTERA2,
Q15059,BRD3,LY2090314,NTERA2,
Q15059,BRD3,Tofacitinib,NTERA2,
Q15059,BRD3,AZD8055,NTERA2,
Q15059,BRD3,GDC0994,NTERA2,
Q15059,BRD3,JNK,NTERA2,
Q15059,BRD3,LY2584702,NTERA2,
Q15059,BRD3,PH797804,NTERA2,
Q15059,BRD3,Selumetinib,NTERA2,
Q15059,BRD3,U73122,NTERA2,
Q15059,BRD3,Ulixertinib,NTERA2,
Q15059,BRD3,Amuvatinib,NTERA2,
Q15059,BRD3,AZD3759,NTERA2,
Q15059,BRD3,GSK690693,NTERA2,
Q15059,BRD3,JNJ,NTERA2,
Q15059,BRD3,KN62,NTERA2,
Q15059,BRD3,Linsitinib,NTERA2,
Q15059,BRD3,LY2835219,NTERA2,
Q15059,BRD3,Ribociclib,NTERA2,
Q15059,BRD3,AC220,NTERA2,
Q15059,BRD3,Edelfosine,NTERA2,
Q15059,BRD3,GF109203X,NTERA2,
Q15059,BRD3,Go6976,NTERA2,
Q15059,BRD3,PF4708671,NTERA2,
Q15059,BRD3,SP600125,NTERA2,
Q15059,BRD3,TAK715,NTERA2,
Q15059,BRD3,TBCA,NTERA2,
Q15059,BRD3,AT13148,NTERA2,
Q15059,BRD3,AZ20,NTERA2,
Q15059,BRD3,AZD6738,NTERA2,
Q15059,BRD3,Bosutinib,NTERA2,
Q15059,BRD3,Dabrafenib,NTERA2,
Q15059,BRD3,Dasatinib,NTERA2,
Q15059,BRD3,DNAPK,NTERA2,
Q15059,BRD3,H89,NTERA2,
Q15059,BRD3,KD025,NTERA2,
Q15059,BRD3,NU7441,NTERA2,
Q15059,BRD3,Ripasudil,NTERA2,
Q15059,BRD3,Vemurafenib,NTERA2,
P34925,RYK,AZD6482,NTERA2,
P34925,RYK,CAL101,NTERA2,
P34925,RYK,GDC0941,NTERA2,
P34925,RYK,HS173,NTERA2,
P34925,RYK,PIK294,NTERA2,
P34925,RYK,TGX221,NTERA2,
P34925,RYK,CX4945,NTERA2,
P34925,RYK,GO6983,NTERA2,
P34925,RYK,KN93,NTERA2,
P34925,RYK,MK2206,NTERA2,
P34925,RYK,AZD5438,NTERA2,
P34925,RYK,FRAX486,NTERA2,
P34925,RYK,Ku0063794,NTERA2,
P34925,RYK,PD153035,NTERA2,
P34925,RYK,PF3758309,NTERA2,
P34925,RYK,Torin,NTERA2,
P34925,RYK,Trametinib,NTERA2,
P34925,RYK,AZD1480,NTERA2,
P34925,RYK,AZD5363,NTERA2,
P34925,RYK,BX912,NTERA2,
P34925,RYK,CHIR99021,NTERA2,
P34925,RYK,GSK2334470,NTERA2,
P34925,RYK,Ipatasertib,NTERA2,
P34925,RYK,LY2090314,NTERA2,
P34925,RYK,Tofacitinib,NTERA2,
P34925,RYK,AZD8055,NTERA2,
P34925,RYK,GDC0994,NTERA2,
P34925,RYK,JNK,NTERA2,
P34925,RYK,LY2584702,NTERA2,
P34925,RYK,PH797804,NTERA2,
P34925,RYK,Selumetinib,NTERA2,
P34925,RYK,U73122,NTERA2,
P34925,RYK,Ulixertinib,NTERA2,
P34925,RYK,Amuvatinib,NTERA2,
P34925,RYK,AZD3759,NTERA2,
P34925,RYK,GSK690693,NTERA2,
P34925,RYK,JNJ,NTERA2,
P34925,RYK,KN62,NTERA2,
P34925,RYK,Linsitinib,NTERA2,
P34925,RYK,LY2835219,NTERA2,
P34925,RYK,Ribociclib,NTERA2,
P34925,RYK,AC220,NTERA2,
P34925,RYK,Edelfosine,NTERA2,
P34925,RYK,GF109203X,NTERA2,
P34925,RYK,Go6976,NTERA2,
P34925,RYK,PF4708671,NTERA2,
P34925,RYK,SP600125,NTERA2,
P34925,RYK,TAK715,NTERA2,
P34925,RYK,TBCA,NTERA2,
P34925,RYK,AT13148,NTERA2,
P34925,RYK,AZ20,NTERA2,
P34925,RYK,AZD6738,NTERA2,
P34925,RYK,Bosutinib,NTERA2,
P34925,RYK,Dabrafenib,NTERA2,
P34925,RYK,Dasatinib,NTERA2,
P34925,RYK,DNAPK,NTERA2,
P34925,RYK,H89,NTERA2,
P34925,RYK,KD025,NTERA2,
P34925,RYK,NU7441,NTERA2,
P34925,RYK,Ripasudil,NTERA2,
P34925,RYK,Vemurafenib,NTERA2,
Q5VST9,OBSCN,AZD6482,NTERA2,
Q5VST9,OBSCN,CAL101,NTERA2,
Q5VST9,OBSCN,GDC0941,NTERA2,
Q5VST9,OBSCN,HS173,NTERA2,
Q5VST9,OBSCN,PIK294,NTERA2,
Q5VST9,OBSCN,TGX221,NTERA2,
Q5VST9,OBSCN,CX4945,NTERA2,
Q5VST9,OBSCN,GO6983,NTERA2,
Q5VST9,OBSCN,KN93,NTERA2,
Q5VST9,OBSCN,MK2206,NTERA2,
Q5VST9,OBSCN,AZD5438,NTERA2,
Q5VST9,OBSCN,FRAX486,NTERA2,
Q5VST9,OBSCN,Ku0063794,NTERA2,
Q5VST9,OBSCN,PD153035,NTERA2,
Q5VST9,OBSCN,PF3758309,NTERA2,
Q5VST9,OBSCN,Torin,NTERA2,
Q5VST9,OBSCN,Trametinib,NTERA2,
Q5VST9,OBSCN,AZD1480,NTERA2,
Q5VST9,OBSCN,AZD5363,NTERA2,
Q5VST9,OBSCN,BX912,NTERA2,
Q5VST9,OBSCN,CHIR99021,NTERA2,
Q5VST9,OBSCN,GSK2334470,NTERA2,
Q5VST9,OBSCN,Ipatasertib,NTERA2,
Q5VST9,OBSCN,LY2090314,NTERA2,
Q5VST9,OBSCN,Tofacitinib,NTERA2,
Q5VST9,OBSCN,AZD8055,NTERA2,
Q5VST9,OBSCN,GDC0994,NTERA2,
Q5VST9,OBSCN,JNK,NTERA2,
Q5VST9,OBSCN,LY2584702,NTERA2,
Q5VST9,OBSCN,PH797804,NTERA2,
Q5VST9,OBSCN,Selumetinib,NTERA2,
Q5VST9,OBSCN,U73122,NTERA2,
Q5VST9,OBSCN,Ulixertinib,NTERA2,
Q5VST9,OBSCN,Amuvatinib,NTERA2,
Q5VST9,OBSCN,AZD3759,NTERA2,
Q5VST9,OBSCN,GSK690693,NTERA2,
Q5VST9,OBSCN,JNJ,NTERA2,
Q5VST9,OBSCN,KN62,NTERA2,
Q5VST9,OBSCN,Linsitinib,NTERA2,
Q5VST9,OBSCN,LY2835219,NTERA2,
Q5VST9,OBSCN,Ribociclib,NTERA2,
Q5VST9,OBSCN,AC220,NTERA2,
Q5VST9,OBSCN,Edelfosine,NTERA2,
Q5VST9,OBSCN,GF109203X,NTERA2,
Q5VST9,OBSCN,Go6976,NTERA2,
Q5VST9,OBSCN,PF4708671,NTERA2,
Q5VST9,OBSCN,SP600125,NTERA2,
Q5VST9,OBSCN,TAK715,NTERA2,
Q5VST9,OBSCN,TBCA,NTERA2,
Q5VST9,OBSCN,AT13148,NTERA2,
Q5VST9,OBSCN,AZ20,NTERA2,
Q5VST9,OBSCN,AZD6738,NTERA2,
Q5VST9,OBSCN,Bosutinib,NTERA2,
Q5VST9,OBSCN,Dabrafenib,NTERA2,
Q5VST9,OBSCN,Dasatinib,NTERA2,
Q5VST9,OBSCN,DNAPK,NTERA2,
Q5VST9,OBSCN,H89,NTERA2,
Q5VST9,OBSCN,KD025,NTERA2,
Q5VST9,OBSCN,NU7441,NTERA2,
Q5VST9,OBSCN,Ripasudil,NTERA2,
Q5VST9,OBSCN,Vemurafenib,NTERA2,
Q96S38,RPS6KC1,AZD6482,NTERA2,
Q96S38,RPS6KC1,CAL101,NTERA2,
Q96S38,RPS6KC1,GDC0941,NTERA2,
Q96S38,RPS6KC1,HS173,NTERA2,
Q96S38,RPS6KC1,PIK294,NTERA2,
Q96S38,RPS6KC1,TGX221,NTERA2,
Q96S38,RPS6KC1,CX4945,NTERA2,
Q96S38,RPS6KC1,GO6983,NTERA2,
Q96S38,RPS6KC1,KN93,NTERA2,
Q96S38,RPS6KC1,MK2206,NTERA2,
Q96S38,RPS6KC1,AZD5438,NTERA2,
Q96S38,RPS6KC1,FRAX486,NTERA2,
Q96S38,RPS6KC1,Ku0063794,NTERA2,
Q96S38,RPS6KC1,PD153035,NTERA2,
Q96S38,RPS6KC1,PF3758309,NTERA2,
Q96S38,RPS6KC1,Torin,NTERA2,
Q96S38,RPS6KC1,Trametinib,NTERA2,
Q96S38,RPS6KC1,AZD1480,NTERA2,
Q96S38,RPS6KC1,AZD5363,NTERA2,
Q96S38,RPS6KC1,BX912,NTERA2,
Q96S38,RPS6KC1,CHIR99021,NTERA2,
Q96S38,RPS6KC1,GSK2334470,NTERA2,
Q96S38,RPS6KC1,Ipatasertib,NTERA2,
Q96S38,RPS6KC1,LY2090314,NTERA2,
Q96S38,RPS6KC1,Tofacitinib,NTERA2,
Q96S38,RPS6KC1,AZD8055,NTERA2,
Q96S38,RPS6KC1,GDC0994,NTERA2,
Q96S38,RPS6KC1,JNK,NTERA2,
Q96S38,RPS6KC1,LY2584702,NTERA2,
Q96S38,RPS6KC1,PH797804,NTERA2,
Q96S38,RPS6KC1,Selumetinib,NTERA2,
Q96S38,RPS6KC1,U73122,NTERA2,
Q96S38,RPS6KC1,Ulixertinib,NTERA2,
Q96S38,RPS6KC1,Amuvatinib,NTERA2,
Q96S38,RPS6KC1,AZD3759,NTERA2,
Q96S38,RPS6KC1,GSK690693,NTERA2,
Q96S38,RPS6KC1,JNJ,NTERA2,
Q96S38,RPS6KC1,KN62,NTERA2,
Q96S38,RPS6KC1,Linsitinib,NTERA2,
Q96S38,RPS6KC1,LY2835219,NTERA2,
Q96S38,RPS6KC1,Ribociclib,NTERA2,
Q96S38,RPS6KC1,AC220,NTERA2,
Q96S38,RPS6KC1,Edelfosine,NTERA2,
Q96S38,RPS6KC1,GF109203X,NTERA2,
Q96S38,RPS6KC1,Go6976,NTERA2,
Q96S38,RPS6KC1,PF4708671,NTERA2,
Q96S38,RPS6KC1,SP600125,NTERA2,
Q96S38,RPS6KC1,TAK715,NTERA2,
Q96S38,RPS6KC1,TBCA,NTERA2,
Q96S38,RPS6KC1,AT13148,NTERA2,
Q96S38,RPS6KC1,AZ20,NTERA2,
Q96S38,RPS6KC1,AZD6738,NTERA2,
Q96S38,RPS6KC1,Bosutinib,NTERA2,
Q96S38,RPS6KC1,Dabrafenib,NTERA2,
Q96S38,RPS6KC1,Dasatinib,NTERA2,
Q96S38,RPS6KC1,DNAPK,NTERA2,
Q96S38,RPS6KC1,H89,NTERA2,
Q96S38,RPS6KC1,KD025,NTERA2,
Q96S38,RPS6KC1,NU7441,NTERA2,
Q96S38,RPS6KC1,Ripasudil,NTERA2,
Q96S38,RPS6KC1,Vemurafenib,NTERA2,
P14616,INSRR,AZD6482,NTERA2,
P14616,INSRR,CAL101,NTERA2,
P14616,INSRR,GDC0941,NTERA2,
P14616,INSRR,HS173,NTERA2,
P14616,INSRR,PIK294,NTERA2,
P14616,INSRR,TGX221,NTERA2,
P14616,INSRR,CX4945,NTERA2,
P14616,INSRR,GO6983,NTERA2,
P14616,INSRR,KN93,NTERA2,
P14616,INSRR,MK2206,NTERA2,
P14616,INSRR,AZD5438,NTERA2,
P14616,INSRR,FRAX486,NTERA2,
P14616,INSRR,Ku0063794,NTERA2,
P14616,INSRR,PD153035,NTERA2,
P14616,INSRR,PF3758309,NTERA2,
P14616,INSRR,Torin,NTERA2,
P14616,INSRR,Trametinib,NTERA2,
P14616,INSRR,AZD1480,NTERA2,
P14616,INSRR,AZD5363,NTERA2,
P14616,INSRR,BX912,NTERA2,
P14616,INSRR,CHIR99021,NTERA2,
P14616,INSRR,GSK2334470,NTERA2,
P14616,INSRR,Ipatasertib,NTERA2,
P14616,INSRR,LY2090314,NTERA2,
P14616,INSRR,Tofacitinib,NTERA2,
P14616,INSRR,AZD8055,NTERA2,
P14616,INSRR,GDC0994,NTERA2,
P14616,INSRR,JNK,NTERA2,
P14616,INSRR,LY2584702,NTERA2,
P14616,INSRR,PH797804,NTERA2,
P14616,INSRR,Selumetinib,NTERA2,
P14616,INSRR,U73122,NTERA2,
P14616,INSRR,Ulixertinib,NTERA2,
P14616,INSRR,Amuvatinib,NTERA2,
P14616,INSRR,AZD3759,NTERA2,
P14616,INSRR,GSK690693,NTERA2,
P14616,INSRR,JNJ,NTERA2,
P14616,INSRR,KN62,NTERA2,
P14616,INSRR,Linsitinib,NTERA2,
P14616,INSRR,LY2835219,NTERA2,
P14616,INSRR,Ribociclib,NTERA2,
P14616,INSRR,AC220,NTERA2,
P14616,INSRR,Edelfosine,NTERA2,
P14616,INSRR,GF109203X,NTERA2,
P14616,INSRR,Go6976,NTERA2,
P14616,INSRR,PF4708671,NTERA2,
P14616,INSRR,SP600125,NTERA2,
P14616,INSRR,TAK715,NTERA2,
P14616,INSRR,TBCA,NTERA2,
P14616,INSRR,AT13148,NTERA2,
P14616,INSRR,AZ20,NTERA2,
P14616,INSRR,AZD6738,NTERA2,
P14616,INSRR,Bosutinib,NTERA2,
P14616,INSRR,Dabrafenib,NTERA2,
P14616,INSRR,Dasatinib,NTERA2,
P14616,INSRR,DNAPK,NTERA2,
P14616,INSRR,H89,NTERA2,
P14616,INSRR,KD025,NTERA2,
P14616,INSRR,NU7441,NTERA2,
P14616,INSRR,Ripasudil,NTERA2,
P14616,INSRR,Vemurafenib,NTERA2,
Q86UX6,STK32C,AZD6482,NTERA2,
Q86UX6,STK32C,CAL101,NTERA2,
Q86UX6,STK32C,GDC0941,NTERA2,
Q86UX6,STK32C,HS173,NTERA2,
Q86UX6,STK32C,PIK294,NTERA2,
Q86UX6,STK32C,TGX221,NTERA2,
Q86UX6,STK32C,CX4945,NTERA2,
Q86UX6,STK32C,GO6983,NTERA2,
Q86UX6,STK32C,KN93,NTERA2,
Q86UX6,STK32C,MK2206,NTERA2,
Q86UX6,STK32C,AZD5438,NTERA2,
Q86UX6,STK32C,FRAX486,NTERA2,
Q86UX6,STK32C,Ku0063794,NTERA2,
Q86UX6,STK32C,PD153035,NTERA2,
Q86UX6,STK32C,PF3758309,NTERA2,
Q86UX6,STK32C,Torin,NTERA2,
Q86UX6,STK32C,Trametinib,NTERA2,
Q86UX6,STK32C,AZD1480,NTERA2,
Q86UX6,STK32C,AZD5363,NTERA2,
Q86UX6,STK32C,BX912,NTERA2,
Q86UX6,STK32C,CHIR99021,NTERA2,
Q86UX6,STK32C,GSK2334470,NTERA2,
Q86UX6,STK32C,Ipatasertib,NTERA2,
Q86UX6,STK32C,LY2090314,NTERA2,
Q86UX6,STK32C,Tofacitinib,NTERA2,
Q86UX6,STK32C,AZD8055,NTERA2,
Q86UX6,STK32C,GDC0994,NTERA2,
Q86UX6,STK32C,JNK,NTERA2,
Q86UX6,STK32C,LY2584702,NTERA2,
Q86UX6,STK32C,PH797804,NTERA2,
Q86UX6,STK32C,Selumetinib,NTERA2,
Q86UX6,STK32C,U73122,NTERA2,
Q86UX6,STK32C,Ulixertinib,NTERA2,
Q86UX6,STK32C,Amuvatinib,NTERA2,
Q86UX6,STK32C,AZD3759,NTERA2,
Q86UX6,STK32C,GSK690693,NTERA2,
Q86UX6,STK32C,JNJ,NTERA2,
Q86UX6,STK32C,KN62,NTERA2,
Q86UX6,STK32C,Linsitinib,NTERA2,
Q86UX6,STK32C,LY2835219,NTERA2,
Q86UX6,STK32C,Ribociclib,NTERA2,
Q86UX6,STK32C,AC220,NTERA2,
Q86UX6,STK32C,Edelfosine,NTERA2,
Q86UX6,STK32C,GF109203X,NTERA2,
Q86UX6,STK32C,Go6976,NTERA2,
Q86UX6,STK32C,PF4708671,NTERA2,
Q86UX6,STK32C,SP600125,NTERA2,
Q86UX6,STK32C,TAK715,NTERA2,
Q86UX6,STK32C,TBCA,NTERA2,
Q86UX6,STK32C,AT13148,NTERA2,
Q86UX6,STK32C,AZ20,NTERA2,
Q86UX6,STK32C,AZD6738,NTERA2,
Q86UX6,STK32C,Bosutinib,NTERA2,
Q86UX6,STK32C,Dabrafenib,NTERA2,
Q86UX6,STK32C,Dasatinib,NTERA2,
Q86UX6,STK32C,DNAPK,NTERA2,
Q86UX6,STK32C,H89,NTERA2,
Q86UX6,STK32C,KD025,NTERA2,
Q86UX6,STK32C,NU7441,NTERA2,
Q86UX6,STK32C,Ripasudil,NTERA2,
Q86UX6,STK32C,Vemurafenib,NTERA2,
Q96L96,ALPK3,AZD6482,NTERA2,
Q96L96,ALPK3,CAL101,NTERA2,
Q96L96,ALPK3,GDC0941,NTERA2,
Q96L96,ALPK3,HS173,NTERA2,
Q96L96,ALPK3,PIK294,NTERA2,
Q96L96,ALPK3,TGX221,NTERA2,
Q96L96,ALPK3,CX4945,NTERA2,
Q96L96,ALPK3,GO6983,NTERA2,
Q96L96,ALPK3,KN93,NTERA2,
Q96L96,ALPK3,MK2206,NTERA2,
Q96L96,ALPK3,AZD5438,NTERA2,
Q96L96,ALPK3,FRAX486,NTERA2,
Q96L96,ALPK3,Ku0063794,NTERA2,
Q96L96,ALPK3,PD153035,NTERA2,
Q96L96,ALPK3,PF3758309,NTERA2,
Q96L96,ALPK3,Torin,NTERA2,
Q96L96,ALPK3,Trametinib,NTERA2,
Q96L96,ALPK3,AZD1480,NTERA2,
Q96L96,ALPK3,AZD5363,NTERA2,
Q96L96,ALPK3,BX912,NTERA2,
Q96L96,ALPK3,CHIR99021,NTERA2,
Q96L96,ALPK3,GSK2334470,NTERA2,
Q96L96,ALPK3,Ipatasertib,NTERA2,
Q96L96,ALPK3,LY2090314,NTERA2,
Q96L96,ALPK3,Tofacitinib,NTERA2,
Q96L96,ALPK3,AZD8055,NTERA2,
Q96L96,ALPK3,GDC0994,NTERA2,
Q96L96,ALPK3,JNK,NTERA2,
Q96L96,ALPK3,LY2584702,NTERA2,
Q96L96,ALPK3,PH797804,NTERA2,
Q96L96,ALPK3,Selumetinib,NTERA2,
Q96L96,ALPK3,U73122,NTERA2,
Q96L96,ALPK3,Ulixertinib,NTERA2,
Q96L96,ALPK3,Amuvatinib,NTERA2,
Q96L96,ALPK3,AZD3759,NTERA2,
Q96L96,ALPK3,GSK690693,NTERA2,
Q96L96,ALPK3,JNJ,NTERA2,
Q96L96,ALPK3,KN62,NTERA2,
Q96L96,ALPK3,Linsitinib,NTERA2,
Q96L96,ALPK3,LY2835219,NTERA2,
Q96L96,ALPK3,Ribociclib,NTERA2,
Q96L96,ALPK3,AC220,NTERA2,
Q96L96,ALPK3,Edelfosine,NTERA2,
Q96L96,ALPK3,GF109203X,NTERA2,
Q96L96,ALPK3,Go6976,NTERA2,
Q96L96,ALPK3,PF4708671,NTERA2,
Q96L96,ALPK3,SP600125,NTERA2,
Q96L96,ALPK3,TAK715,NTERA2,
Q96L96,ALPK3,TBCA,NTERA2,
Q96L96,ALPK3,AT13148,NTERA2,
Q96L96,ALPK3,AZ20,NTERA2,
Q96L96,ALPK3,AZD6738,NTERA2,
Q96L96,ALPK3,Bosutinib,NTERA2,
Q96L96,ALPK3,Dabrafenib,NTERA2,
Q96L96,ALPK3,Dasatinib,NTERA2,
Q96L96,ALPK3,DNAPK,NTERA2,
Q96L96,ALPK3,H89,NTERA2,
Q96L96,ALPK3,KD025,NTERA2,
Q96L96,ALPK3,NU7441,NTERA2,
Q96L96,ALPK3,Ripasudil,NTERA2,
Q96L96,ALPK3,Vemurafenib,NTERA2,
