Kinase,GeneName,Model,Actual,Predicted
O00418,EEF2K,RandomForest,1.0522191494185509,-0.32311351995382265
O00418,EEF2K,RandomForest,-1.1984114833526467,0.5616887534445726
O00418,EEF2K,RandomForest,-5.056908079202108,-0.1490694409465955
O00418,EEF2K,RandomForest,0.538400656931822,0.132327224388746
O00418,EEF2K,RandomForest,-0.5080575351289118,0.08978867235331918
O00418,EEF2K,RandomForest,0.0018892251417597,-0.47269078757398625
O00418,EEF2K,RandomForest,-0.1740981980950114,0.038850682558170646
O00418,EEF2K,RandomForest,1.0541638727010865,0.025651006675357354
O00418,EEF2K,RandomForest,-0.0122505305679457,0.07750123041637998
O00418,EEF2K,RandomForest,0.5389144030076525,-0.4440228902995338
O00418,EEF2K,RandomForest,0.6105504803803847,0.16698556774203457
O00418,EEF2K,RandomForest,-0.3967359190651978,-0.5201474652957858
O00418,EEF2K,RandomForest,-0.0335451891069372,-0.5822317082620871
O00418,EEF2K,RandomForest,-0.4474018422784631,-0.47827309462316964
O00418,EEF2K,RandomForest,1.7020214085796588,-0.4400865588083734
O00418,EEF2K,RandomForest,0.6166358931166641,0.6611315343141994
O00418,EEF2K,RandomForest,0.2156816003302183,0.1005609675383913
O00418,EEF2K,RandomForest,0.0285707407052111,-0.4011123258445561
O00418,EEF2K,RandomForest,-0.6735196594015609,-0.3495680941587762
O00418,EEF2K,XGBoost,1.0522191494185509,-0.3398998975753784
O00418,EEF2K,XGBoost,-1.1984114833526467,0.701751708984375
O00418,EEF2K,XGBoost,-5.056908079202108,0.1867358237504959
O00418,EEF2K,XGBoost,0.538400656931822,-0.30297747254371643
O00418,EEF2K,XGBoost,-0.5080575351289118,0.042655956000089645
O00418,EEF2K,XGBoost,0.0018892251417597,-1.0848538875579834
O00418,EEF2K,XGBoost,-0.1740981980950114,0.12517274916172028
O00418,EEF2K,XGBoost,1.0541638727010865,-0.527092456817627
O00418,EEF2K,XGBoost,-0.0122505305679457,0.27496811747550964
O00418,EEF2K,XGBoost,0.5389144030076525,0.49502047896385193
O00418,EEF2K,XGBoost,0.6105504803803847,0.21989110112190247
O00418,EEF2K,XGBoost,-0.3967359190651978,-0.8425852656364441
O00418,EEF2K,XGBoost,-0.0335451891069372,-0.639361560344696
O00418,EEF2K,XGBoost,-0.4474018422784631,-0.8350880742073059
O00418,EEF2K,XGBoost,1.7020214085796588,-0.9313403367996216
O00418,EEF2K,XGBoost,0.6166358931166641,1.4530740976333618
O00418,EEF2K,XGBoost,0.2156816003302183,0.8267399072647095
O00418,EEF2K,XGBoost,0.0285707407052111,-0.2341320663690567
O00418,EEF2K,XGBoost,-0.6735196594015609,-0.41564512252807617
O00418,EEF2K,PLS,1.0522191494185509,0.08270415910014989
O00418,EEF2K,PLS,-1.1984114833526467,-0.31105448149272685
O00418,EEF2K,PLS,-5.056908079202108,-0.5904554138239523
O00418,EEF2K,PLS,0.538400656931822,0.4133375971094504
O00418,EEF2K,PLS,-0.5080575351289118,-0.05178105860439061
O00418,EEF2K,PLS,0.0018892251417597,-0.6396930983572043
O00418,EEF2K,PLS,-0.1740981980950114,1.472207704055409
O00418,EEF2K,PLS,1.0541638727010865,-0.017178530904389866
O00418,EEF2K,PLS,-0.0122505305679457,0.17964894054762026
O00418,EEF2K,PLS,0.5389144030076525,-0.23958111361655526
O00418,EEF2K,PLS,0.6105504803803847,0.28864942802505517
O00418,EEF2K,PLS,-0.3967359190651978,-0.7056398579250966
O00418,EEF2K,PLS,-0.0335451891069372,-0.06075368565168186
O00418,EEF2K,PLS,-0.4474018422784631,-0.4718430183967195
O00418,EEF2K,PLS,1.7020214085796588,-0.2079316086235552
O00418,EEF2K,PLS,0.6166358931166641,0.12651028124994024
O00418,EEF2K,PLS,0.2156816003302183,0.08174152177382532
O00418,EEF2K,PLS,0.0285707407052111,0.18596883077479098
O00418,EEF2K,PLS,-0.6735196594015609,-0.6440689720849295
O00418,EEF2K,SVR,1.0522191494185509,0.3197377217299991
O00418,EEF2K,SVR,-1.1984114833526467,-0.28130108128714665
O00418,EEF2K,SVR,-5.056908079202108,-0.4986454335865674
O00418,EEF2K,SVR,0.538400656931822,0.32126127107500174
O00418,EEF2K,SVR,-0.5080575351289118,0.0894056681175488
O00418,EEF2K,SVR,0.0018892251417597,-0.5696659442650844
O00418,EEF2K,SVR,-0.1740981980950114,1.2675124744143946
O00418,EEF2K,SVR,1.0541638727010865,0.14028741950968107
O00418,EEF2K,SVR,-0.0122505305679457,0.3788399321388779
O00418,EEF2K,SVR,0.5389144030076525,-0.44429611289847476
O00418,EEF2K,SVR,0.6105504803803847,0.4821392642318767
O00418,EEF2K,SVR,-0.3967359190651978,-0.6451234220142998
O00418,EEF2K,SVR,-0.0335451891069372,0.08287482795480533
O00418,EEF2K,SVR,-0.4474018422784631,-0.40762160399868425
O00418,EEF2K,SVR,1.7020214085796588,-0.009430105506793946
O00418,EEF2K,SVR,0.6166358931166641,0.30006778607620105
O00418,EEF2K,SVR,0.2156816003302183,0.25726967657267064
O00418,EEF2K,SVR,0.0285707407052111,0.4358527825478086
O00418,EEF2K,SVR,-0.6735196594015609,-0.4344649075510007
O00418,EEF2K,Lasso,1.0522191494185509,-0.10518444458644305
O00418,EEF2K,Lasso,-1.1984114833526467,-0.17478160441655236
O00418,EEF2K,Lasso,-5.056908079202108,-0.2679487351219583
O00418,EEF2K,Lasso,0.538400656931822,-0.16970914773698362
O00418,EEF2K,Lasso,-0.5080575351289118,-0.13459592065058185
O00418,EEF2K,Lasso,0.0018892251417597,-0.33180409725679105
O00418,EEF2K,Lasso,-0.1740981980950114,-0.19012233057071415
O00418,EEF2K,Lasso,1.0541638727010865,-0.08628865093491923
O00418,EEF2K,Lasso,-0.0122505305679457,-0.06307624728586224
O00418,EEF2K,Lasso,0.5389144030076525,-0.21372107045614055
O00418,EEF2K,Lasso,0.6105504803803847,-0.08563093052484634
O00418,EEF2K,Lasso,-0.3967359190651978,-0.3408375619705404
O00418,EEF2K,Lasso,-0.0335451891069372,-0.1203289451907976
O00418,EEF2K,Lasso,-0.4474018422784631,-0.28671374374304254
O00418,EEF2K,Lasso,1.7020214085796588,-0.14048435566238654
O00418,EEF2K,Lasso,0.6166358931166641,-0.0757459010465282
O00418,EEF2K,Lasso,0.2156816003302183,-0.06854381483087268
O00418,EEF2K,Lasso,0.0285707407052111,-0.0622362807538558
O00418,EEF2K,Lasso,-0.6735196594015609,-0.28671374374304254
O00418,EEF2K,ElasticNet,1.0522191494185509,-0.05705043567128329
O00418,EEF2K,ElasticNet,-1.1984114833526467,-0.18956678922219042
O00418,EEF2K,ElasticNet,-5.056908079202108,-0.36353069851432657
O00418,EEF2K,ElasticNet,0.538400656931822,-0.023466643604725806
O00418,EEF2K,ElasticNet,-0.5080575351289118,-0.11098924886980066
O00418,EEF2K,ElasticNet,0.0018892251417597,-0.4453970063991829
O00418,EEF2K,ElasticNet,-0.1740981980950114,0.19543588407646006
O00418,EEF2K,ElasticNet,1.0541638727010865,-0.056053205155534386
O00418,EEF2K,ElasticNet,-0.0122505305679457,0.005674674322737855
O00418,EEF2K,ElasticNet,0.5389144030076525,-0.15891072455536728
O00418,EEF2K,ElasticNet,0.6105504803803847,0.013029501253329023
O00418,EEF2K,ElasticNet,-0.3967359190651978,-0.46312795703916054
O00418,EEF2K,ElasticNet,-0.0335451891069372,-0.1024702806347221
O00418,EEF2K,ElasticNet,-0.4474018422784631,-0.36290996821438404
O00418,EEF2K,ElasticNet,1.7020214085796588,-0.1579064358575337
O00418,EEF2K,ElasticNet,0.6166358931166641,-0.01622793262320882
O00418,EEF2K,ElasticNet,0.2156816003302183,-0.019547998790891502
O00418,EEF2K,ElasticNet,0.0285707407052111,0.0028824718860054055
O00418,EEF2K,ElasticNet,-0.6735196594015609,-0.40884115802392185
O00418,EEF2K,GradientBoosting,1.0522191494185509,-0.22455178771772283
O00418,EEF2K,GradientBoosting,-1.1984114833526467,0.7229614722148594
O00418,EEF2K,GradientBoosting,-5.056908079202108,-0.19864428202388737
O00418,EEF2K,GradientBoosting,0.538400656931822,-0.19576969099399907
O00418,EEF2K,GradientBoosting,-0.5080575351289118,0.21021270509911008
O00418,EEF2K,GradientBoosting,0.0018892251417597,-1.0739128542151952
O00418,EEF2K,GradientBoosting,-0.1740981980950114,0.5478573887813025
O00418,EEF2K,GradientBoosting,1.0541638727010865,-0.2721159813013851
O00418,EEF2K,GradientBoosting,-0.0122505305679457,0.20098059313162603
O00418,EEF2K,GradientBoosting,0.5389144030076525,-0.18344142481008344
O00418,EEF2K,GradientBoosting,0.6105504803803847,0.1168624854620543
O00418,EEF2K,GradientBoosting,-0.3967359190651978,-0.6421214569551137
O00418,EEF2K,GradientBoosting,-0.0335451891069372,-0.5444508164052129
O00418,EEF2K,GradientBoosting,-0.4474018422784631,-1.0680448261997884
O00418,EEF2K,GradientBoosting,1.7020214085796588,-1.200297045624876
O00418,EEF2K,GradientBoosting,0.6166358931166641,0.5794149723552146
O00418,EEF2K,GradientBoosting,0.2156816003302183,0.3516705194862938
O00418,EEF2K,GradientBoosting,0.0285707407052111,-1.317261485356756
O00418,EEF2K,GradientBoosting,-0.6735196594015609,-0.42458677480574897
O00418,EEF2K,MLP,1.0522191494185509,-0.02943668315768866
O00418,EEF2K,MLP,-1.1984114833526467,0.08931979000773754
O00418,EEF2K,MLP,-5.056908079202108,-0.7397624286513349
O00418,EEF2K,MLP,0.538400656931822,0.3698612517817035
O00418,EEF2K,MLP,-0.5080575351289118,0.06181095832376149
O00418,EEF2K,MLP,0.0018892251417597,-0.9567573611517313
O00418,EEF2K,MLP,-0.1740981980950114,0.08410528178526899
O00418,EEF2K,MLP,1.0541638727010865,0.3446062696318487
O00418,EEF2K,MLP,-0.0122505305679457,0.12845803710292236
O00418,EEF2K,MLP,0.5389144030076525,-0.3921280914908305
O00418,EEF2K,MLP,0.6105504803803847,0.10039619432592894
O00418,EEF2K,MLP,-0.3967359190651978,-0.7451979386330709
O00418,EEF2K,MLP,-0.0335451891069372,0.09919911121064495
O00418,EEF2K,MLP,-0.4474018422784631,-0.8818362534398776
O00418,EEF2K,MLP,1.7020214085796588,-0.0981206494241168
O00418,EEF2K,MLP,0.6166358931166641,0.20253768232688585
O00418,EEF2K,MLP,0.2156816003302183,0.32813487623628623
O00418,EEF2K,MLP,0.0285707407052111,0.2203636900445829
O00418,EEF2K,MLP,-0.6735196594015609,-0.6983095009782847
O14578,CIT,RandomForest,0.0426661271329427,-0.44554529257188913
O14578,CIT,RandomForest,0.0357224450917224,0.6715350263209546
O14578,CIT,RandomForest,-0.3915432579162718,-0.12905359000611988
O14578,CIT,RandomForest,1.3335533382357805,0.5971692463685028
O14578,CIT,RandomForest,0.4955956431306847,0.4173478950323753
O14578,CIT,RandomForest,0.0345433451472784,0.1306146087903952
O14578,CIT,RandomForest,1.1870823510701285,1.2484922766712119
O14578,CIT,RandomForest,-0.7584489971085089,-0.8337963797042037
O14578,CIT,RandomForest,-0.6752044503252572,-1.5820444483820326
O14578,CIT,RandomForest,0.7290860700560872,0.9086932014747069
O14578,CIT,RandomForest,-1.33949367573124,0.3246368162323742
O14578,CIT,RandomForest,0.1665083966153704,-0.08765532036092365
O14578,CIT,RandomForest,-0.8765662941303911,-0.26717497658251976
O14578,CIT,RandomForest,0.9214382015429856,0.04746721526637637
O14578,CIT,RandomForest,0.9504343820563484,-0.2741287641994058
O14578,CIT,RandomForest,-0.3248845756601617,-1.0037516396755166
O14578,CIT,RandomForest,-0.6597593944377836,0.36969126377313194
O14578,CIT,RandomForest,0.2614683087161651,0.44019422083346527
O14578,CIT,RandomForest,-0.0268522497900737,-0.3911595368378322
O14578,CIT,XGBoost,0.0426661271329427,-0.1208006963133812
O14578,CIT,XGBoost,0.0357224450917224,0.8681033849716187
O14578,CIT,XGBoost,-0.3915432579162718,-0.17825880646705627
O14578,CIT,XGBoost,1.3335533382357805,0.8956745266914368
O14578,CIT,XGBoost,0.4955956431306847,0.15702831745147705
O14578,CIT,XGBoost,0.0345433451472784,0.9496763944625854
O14578,CIT,XGBoost,1.1870823510701285,1.3893784284591675
O14578,CIT,XGBoost,-0.7584489971085089,-0.22283433377742767
O14578,CIT,XGBoost,-0.6752044503252572,-1.4801881313323975
O14578,CIT,XGBoost,0.7290860700560872,1.4381223917007446
O14578,CIT,XGBoost,-1.33949367573124,0.6008529663085938
O14578,CIT,XGBoost,0.1665083966153704,0.05388150364160538
O14578,CIT,XGBoost,-0.8765662941303911,-0.010567044839262962
O14578,CIT,XGBoost,0.9214382015429856,0.6450248956680298
O14578,CIT,XGBoost,0.9504343820563484,-0.480537086725235
O14578,CIT,XGBoost,-0.3248845756601617,-0.08856820315122604
O14578,CIT,XGBoost,-0.6597593944377836,1.1096124649047852
O14578,CIT,XGBoost,0.2614683087161651,0.34985440969467163
O14578,CIT,XGBoost,-0.0268522497900737,-0.6117135882377625
O14578,CIT,PLS,0.0426661271329427,-0.06898846024625192
O14578,CIT,PLS,0.0357224450917224,-0.1386716875272243
O14578,CIT,PLS,-0.3915432579162718,-0.34514064727438787
O14578,CIT,PLS,1.3335533382357805,2.095203121090841
O14578,CIT,PLS,0.4955956431306847,0.5139455590653245
O14578,CIT,PLS,0.0345433451472784,-0.020416722463123274
O14578,CIT,PLS,1.1870823510701285,2.6621826161357194
O14578,CIT,PLS,-0.7584489971085089,-0.976136510657661
O14578,CIT,PLS,-0.6752044503252572,-0.9715483435080382
O14578,CIT,PLS,0.7290860700560872,0.8851558412380739
O14578,CIT,PLS,-1.33949367573124,0.1384876378780165
O14578,CIT,PLS,0.1665083966153704,-0.647869869684851
O14578,CIT,PLS,-0.8765662941303911,-0.7306249785452379
O14578,CIT,PLS,0.9214382015429856,0.024727556370214288
O14578,CIT,PLS,0.9504343820563484,-0.04418683794260085
O14578,CIT,PLS,-0.3248845756601617,-1.3843990390279863
O14578,CIT,PLS,-0.6597593944377836,-0.7171014747122493
O14578,CIT,PLS,0.2614683087161651,1.3045287290709964
O14578,CIT,PLS,-0.0268522497900737,-0.308817000120771
O14578,CIT,SVR,0.0426661271329427,-0.2129529196925849
O14578,CIT,SVR,0.0357224450917224,-0.04271335441396089
O14578,CIT,SVR,-0.3915432579162718,-0.39352327574735185
O14578,CIT,SVR,1.3335533382357805,2.0268738681209144
O14578,CIT,SVR,0.4955956431306847,0.263858408523771
O14578,CIT,SVR,0.0345433451472784,-0.11154823745580043
O14578,CIT,SVR,1.1870823510701285,2.6139907577927035
O14578,CIT,SVR,-0.7584489971085089,-0.41431803652023697
O14578,CIT,SVR,-0.6752044503252572,-0.6803726814963419
O14578,CIT,SVR,0.7290860700560872,0.8404387065955731
O14578,CIT,SVR,-1.33949367573124,0.3175520089275819
O14578,CIT,SVR,0.1665083966153704,-0.5911268823477941
O14578,CIT,SVR,-0.8765662941303911,-0.308713342313996
O14578,CIT,SVR,0.9214382015429856,-0.13509633050126685
O14578,CIT,SVR,0.9504343820563484,-0.2298893198921998
O14578,CIT,SVR,-0.3248845756601617,-0.9720162511695084
O14578,CIT,SVR,-0.6597593944377836,-0.3981068451046618
O14578,CIT,SVR,0.2614683087161651,0.9314952269526303
O14578,CIT,SVR,-0.0268522497900737,-0.10925173871414155
O14578,CIT,Lasso,0.0426661271329427,-0.14599098200745383
O14578,CIT,Lasso,0.0357224450917224,0.10773465008314607
O14578,CIT,Lasso,-0.3915432579162718,-0.10892274465119678
O14578,CIT,Lasso,1.3335533382357805,1.5442531167688096
O14578,CIT,Lasso,0.4955956431306847,0.42583812054745585
O14578,CIT,Lasso,0.0345433451472784,0.07238735669720932
O14578,CIT,Lasso,1.1870823510701285,1.9989520191153793
O14578,CIT,Lasso,-0.7584489971085089,-0.3748535253349198
O14578,CIT,Lasso,-0.6752044503252572,-0.39086210945899547
O14578,CIT,Lasso,0.7290860700560872,0.7141513691335516
O14578,CIT,Lasso,-1.33949367573124,0.22942147154086995
O14578,CIT,Lasso,0.1665083966153704,-0.4054262330416407
O14578,CIT,Lasso,-0.8765662941303911,-0.18891727595807958
O14578,CIT,Lasso,0.9214382015429856,0.07551334746855051
O14578,CIT,Lasso,0.9504343820563484,-0.15494531433315004
O14578,CIT,Lasso,-0.3248845756601617,-0.8837523598386325
O14578,CIT,Lasso,-0.6597593944377836,-0.3823673558919948
O14578,CIT,Lasso,0.2614683087161651,0.8682337749202534
O14578,CIT,Lasso,-0.0268522497900737,-0.22019543089329222
O14578,CIT,ElasticNet,0.0426661271329427,-0.10265871464411588
O14578,CIT,ElasticNet,0.0357224450917224,0.0042974008482088155
O14578,CIT,ElasticNet,-0.3915432579162718,-0.11663971329151987
O14578,CIT,ElasticNet,1.3335533382357805,1.6975754797736053
O14578,CIT,ElasticNet,0.4955956431306847,0.46973508056258956
O14578,CIT,ElasticNet,0.0345433451472784,0.03589260209521776
O14578,CIT,ElasticNet,1.1870823510701285,2.1735060683117506
O14578,CIT,ElasticNet,-0.7584489971085089,-0.625235618690154
O14578,CIT,ElasticNet,-0.6752044503252572,-0.6039981789649671
O14578,CIT,ElasticNet,0.7290860700560872,0.7471171845064246
O14578,CIT,ElasticNet,-1.33949367573124,0.16092966515385726
O14578,CIT,ElasticNet,0.1665083966153704,-0.4173159946926791
O14578,CIT,ElasticNet,-0.8765662941303911,-0.40528609312704755
O14578,CIT,ElasticNet,0.9214382015429856,0.05596121975192851
O14578,CIT,ElasticNet,0.9504343820563484,-0.11147791358048129
O14578,CIT,ElasticNet,-0.3248845756601617,-1.0942884902524306
O14578,CIT,ElasticNet,-0.6597593944377836,-0.5391108119760227
O14578,CIT,ElasticNet,0.2614683087161651,1.031160708086611
O14578,CIT,ElasticNet,-0.0268522497900737,-0.25469339026313803
O14578,CIT,GradientBoosting,0.0426661271329427,-0.48617439263037915
O14578,CIT,GradientBoosting,0.0357224450917224,1.0506799927169035
O14578,CIT,GradientBoosting,-0.3915432579162718,-0.2403363971247605
O14578,CIT,GradientBoosting,1.3335533382357805,0.2559970277108977
O14578,CIT,GradientBoosting,0.4955956431306847,0.28723122292207914
O14578,CIT,GradientBoosting,0.0345433451472784,-0.23353273701990682
O14578,CIT,GradientBoosting,1.1870823510701285,1.4814618718530055
O14578,CIT,GradientBoosting,-0.7584489971085089,0.03069073253757524
O14578,CIT,GradientBoosting,-0.6752044503252572,-1.783474606688124
O14578,CIT,GradientBoosting,0.7290860700560872,1.8195703722750007
O14578,CIT,GradientBoosting,-1.33949367573124,0.4727423914868481
O14578,CIT,GradientBoosting,0.1665083966153704,-0.17736552322095825
O14578,CIT,GradientBoosting,-0.8765662941303911,-0.2517507146553001
O14578,CIT,GradientBoosting,0.9214382015429856,-0.1739212270462087
O14578,CIT,GradientBoosting,0.9504343820563484,-0.08567590910383284
O14578,CIT,GradientBoosting,-0.3248845756601617,-1.2458555413397383
O14578,CIT,GradientBoosting,-0.6597593944377836,0.6494682191000872
O14578,CIT,GradientBoosting,0.2614683087161651,-0.002451247131460138
O14578,CIT,GradientBoosting,-0.0268522497900737,-0.07476030099663394
O14578,CIT,MLP,0.0426661271329427,0.42452761065231553
O14578,CIT,MLP,0.0357224450917224,0.9215496846171036
O14578,CIT,MLP,-0.3915432579162718,-0.4752816629019073
O14578,CIT,MLP,1.3335533382357805,1.10358155118784
O14578,CIT,MLP,0.4955956431306847,0.47061004129076633
O14578,CIT,MLP,0.0345433451472784,0.7471107171820278
O14578,CIT,MLP,1.1870823510701285,2.1901075688914045
O14578,CIT,MLP,-0.7584489971085089,-1.2330451917245635
O14578,CIT,MLP,-0.6752044503252572,-0.8943392379326663
O14578,CIT,MLP,0.7290860700560872,0.4689981630202905
O14578,CIT,MLP,-1.33949367573124,-0.9837296935573651
O14578,CIT,MLP,0.1665083966153704,-1.123712320066073
O14578,CIT,MLP,-0.8765662941303911,-0.4676558924026081
O14578,CIT,MLP,0.9214382015429856,0.6317737519850067
O14578,CIT,MLP,0.9504343820563484,0.0013402646350447744
O14578,CIT,MLP,-0.3248845756601617,-2.397592145145155
O14578,CIT,MLP,-0.6597593944377836,-1.4067807246724349
O14578,CIT,MLP,0.2614683087161651,0.3400746861417575
O14578,CIT,MLP,-0.0268522497900737,-0.48078715030706076
O15075,DCLK1,RandomForest,0.0741692254008313,0.5009627216799158
O15075,DCLK1,RandomForest,-0.2746317197624324,0.2417972149093832
O15075,DCLK1,RandomForest,0.176282507242889,0.5599158680635494
O15075,DCLK1,RandomForest,0.7352554500228031,0.2190672078238902
O15075,DCLK1,RandomForest,0.4592638359905539,0.5897506109429486
O15075,DCLK1,RandomForest,-0.151628430210133,0.4743945998535997
O15075,DCLK1,RandomForest,1.1101270197645974,-0.01763074355332517
O15075,DCLK1,RandomForest,-0.0062964577772805,-0.694385016571468
O15075,DCLK1,RandomForest,-0.4615596149897916,0.31385742938773104
O15075,DCLK1,RandomForest,1.0523434335292212,0.4106701647170452
O15075,DCLK1,RandomForest,0.7314188038795875,-0.09233487605871268
O15075,DCLK1,RandomForest,-0.0580911046599068,0.3086846553269639
O15075,DCLK1,RandomForest,0.2230631166008298,0.3139782893275907
O15075,DCLK1,RandomForest,-0.303055895696038,-0.2803478868763488
O15075,DCLK1,RandomForest,-0.597881306623954,0.2693195614857143
O15075,DCLK1,RandomForest,0.048582762130061,0.34158703329748413
O15075,DCLK1,RandomForest,0.0998459337308715,0.1768391644821382
O15075,DCLK1,RandomForest,0.3157522230417781,-0.2382695355120469
O15075,DCLK1,RandomForest,0.0018981778725961,-0.2750668298616716
O15075,DCLK1,XGBoost,0.0741692254008313,0.4282226264476776
O15075,DCLK1,XGBoost,-0.2746317197624324,-0.0006957664736546576
O15075,DCLK1,XGBoost,0.176282507242889,0.6820335388183594
O15075,DCLK1,XGBoost,0.7352554500228031,0.03664228692650795
O15075,DCLK1,XGBoost,0.4592638359905539,0.6512237191200256
O15075,DCLK1,XGBoost,-0.151628430210133,1.0195896625518799
O15075,DCLK1,XGBoost,1.1101270197645974,-0.28235867619514465
O15075,DCLK1,XGBoost,-0.0062964577772805,-1.0803838968276978
O15075,DCLK1,XGBoost,-0.4615596149897916,0.3972587287425995
O15075,DCLK1,XGBoost,1.0523434335292212,0.4885774850845337
O15075,DCLK1,XGBoost,0.7314188038795875,-0.11530043184757233
O15075,DCLK1,XGBoost,-0.0580911046599068,-0.022108130156993866
O15075,DCLK1,XGBoost,0.2230631166008298,0.20713984966278076
O15075,DCLK1,XGBoost,-0.303055895696038,-0.5312036275863647
O15075,DCLK1,XGBoost,-0.597881306623954,0.2579134404659271
O15075,DCLK1,XGBoost,0.048582762130061,1.0291098356246948
O15075,DCLK1,XGBoost,0.0998459337308715,0.24152351915836334
O15075,DCLK1,XGBoost,0.3157522230417781,-0.31502583622932434
O15075,DCLK1,XGBoost,0.0018981778725961,-0.30465203523635864
O15075,DCLK1,PLS,0.0741692254008313,0.15282366013058812
O15075,DCLK1,PLS,-0.2746317197624324,-0.20146427311150056
O15075,DCLK1,PLS,0.176282507242889,0.09754203135225452
O15075,DCLK1,PLS,0.7352554500228031,0.20212768122486924
O15075,DCLK1,PLS,0.4592638359905539,-0.12088288884149177
O15075,DCLK1,PLS,-0.151628430210133,-0.04443254447348234
O15075,DCLK1,PLS,1.1101270197645974,0.023073043820013316
O15075,DCLK1,PLS,-0.0062964577772805,-0.05269058765272659
O15075,DCLK1,PLS,-0.4615596149897916,0.09939888019505744
O15075,DCLK1,PLS,1.0523434335292212,0.13119817294179986
O15075,DCLK1,PLS,0.7314188038795875,-0.13379013611488721
O15075,DCLK1,PLS,-0.0580911046599068,0.310290488432299
O15075,DCLK1,PLS,0.2230631166008298,0.07194479658161598
O15075,DCLK1,PLS,-0.303055895696038,-0.062384124323374854
O15075,DCLK1,PLS,-0.597881306623954,0.19947173243812238
O15075,DCLK1,PLS,0.048582762130061,0.05711712669080885
O15075,DCLK1,PLS,0.0998459337308715,-0.001928087300738679
O15075,DCLK1,PLS,0.3157522230417781,0.20307878835695364
O15075,DCLK1,PLS,0.0018981778725961,0.24240247765260242
O15075,DCLK1,SVR,0.0741692254008313,0.1669017172242726
O15075,DCLK1,SVR,-0.2746317197624324,-0.213944049352848
O15075,DCLK1,SVR,0.176282507242889,0.05119339146997475
O15075,DCLK1,SVR,0.7352554500228031,0.24143485316472907
O15075,DCLK1,SVR,0.4592638359905539,-0.012230510031019388
O15075,DCLK1,SVR,-0.151628430210133,-0.07268928843638806
O15075,DCLK1,SVR,1.1101270197645974,-0.057340614418816
O15075,DCLK1,SVR,-0.0062964577772805,-0.13975935960078972
O15075,DCLK1,SVR,-0.4615596149897916,0.1085759889288554
O15075,DCLK1,SVR,1.0523434335292212,0.17394148942125415
O15075,DCLK1,SVR,0.7314188038795875,-0.17171196191063925
O15075,DCLK1,SVR,-0.0580911046599068,0.3571921713254311
O15075,DCLK1,SVR,0.2230631166008298,0.07013522249156373
O15075,DCLK1,SVR,-0.303055895696038,-0.11973114462213647
O15075,DCLK1,SVR,-0.597881306623954,0.2377978179529368
O15075,DCLK1,SVR,0.048582762130061,0.025459271775101593
O15075,DCLK1,SVR,0.0998459337308715,-0.016694784817620607
O15075,DCLK1,SVR,0.3157522230417781,0.08732935588665391
O15075,DCLK1,SVR,0.0018981778725961,0.09393810355026116
O15075,DCLK1,Lasso,0.0741692254008313,0.09232473402678501
O15075,DCLK1,Lasso,-0.2746317197624324,0.0065459054365445135
O15075,DCLK1,Lasso,0.176282507242889,0.0907495811880218
O15075,DCLK1,Lasso,0.7352554500228031,0.12416759751146944
O15075,DCLK1,Lasso,0.4592638359905539,0.0821068703665195
O15075,DCLK1,Lasso,-0.151628430210133,0.07429741945635666
O15075,DCLK1,Lasso,1.1101270197645974,0.06300944603899358
O15075,DCLK1,Lasso,-0.0062964577772805,0.0091182849847503
O15075,DCLK1,Lasso,-0.4615596149897916,0.08586503425725978
O15075,DCLK1,Lasso,1.0523434335292212,0.0984443363530719
O15075,DCLK1,Lasso,0.7314188038795875,0.06904206163037849
O15075,DCLK1,Lasso,-0.0580911046599068,0.13725015471520474
O15075,DCLK1,Lasso,0.2230631166008298,0.06334011385541166
O15075,DCLK1,Lasso,-0.303055895696038,0.09101847859614715
O15075,DCLK1,Lasso,-0.597881306623954,0.13238966868782645
O15075,DCLK1,Lasso,0.048582762130061,0.06673679412137686
O15075,DCLK1,Lasso,0.0998459337308715,0.019213514157701277
O15075,DCLK1,Lasso,0.3157522230417781,0.1437254820604849
O15075,DCLK1,Lasso,0.0018981778725961,0.2084352092562769
O15075,DCLK1,ElasticNet,0.0741692254008313,0.1228806836501255
O15075,DCLK1,ElasticNet,-0.2746317197624324,-0.019493775664799845
O15075,DCLK1,ElasticNet,0.176282507242889,0.08978628109000207
O15075,DCLK1,ElasticNet,0.7352554500228031,0.18677059926280404
O15075,DCLK1,ElasticNet,0.4592638359905539,0.05340743132418152
O15075,DCLK1,ElasticNet,-0.151628430210133,0.07075138271374663
O15075,DCLK1,ElasticNet,1.1101270197645974,0.035665349661992723
O15075,DCLK1,ElasticNet,-0.0062964577772805,-0.046053939765485344
O15075,DCLK1,ElasticNet,-0.4615596149897916,0.1125229354675418
O15075,DCLK1,ElasticNet,1.0523434335292212,0.14422492812709242
O15075,DCLK1,ElasticNet,0.7314188038795875,0.040171268628484975
O15075,DCLK1,ElasticNet,-0.0580911046599068,0.2116567821083002
O15075,DCLK1,ElasticNet,0.2230631166008298,0.07304308491538117
O15075,DCLK1,ElasticNet,-0.303055895696038,0.0787743255726896
O15075,DCLK1,ElasticNet,-0.597881306623954,0.19008426419234276
O15075,DCLK1,ElasticNet,0.048582762130061,0.06277113482200519
O15075,DCLK1,ElasticNet,0.0998459337308715,0.004220447604082758
O15075,DCLK1,ElasticNet,0.3157522230417781,0.13307978884773497
O15075,DCLK1,ElasticNet,0.0018981778725961,0.2097493024134357
O15075,DCLK1,GradientBoosting,0.0741692254008313,0.5818311906654423
O15075,DCLK1,GradientBoosting,-0.2746317197624324,0.18027457731310081
O15075,DCLK1,GradientBoosting,0.176282507242889,0.7059113860015569
O15075,DCLK1,GradientBoosting,0.7352554500228031,-0.004972819275369282
O15075,DCLK1,GradientBoosting,0.4592638359905539,0.8400805308695327
O15075,DCLK1,GradientBoosting,-0.151628430210133,0.5670220552503812
O15075,DCLK1,GradientBoosting,1.1101270197645974,-0.038170750559004214
O15075,DCLK1,GradientBoosting,-0.0062964577772805,-0.9777651269533798
O15075,DCLK1,GradientBoosting,-0.4615596149897916,0.19691738000920908
O15075,DCLK1,GradientBoosting,1.0523434335292212,0.7156761074985111
O15075,DCLK1,GradientBoosting,0.7314188038795875,-0.03394349349868819
O15075,DCLK1,GradientBoosting,-0.0580911046599068,0.1333111053259873
O15075,DCLK1,GradientBoosting,0.2230631166008298,0.34793892751572536
O15075,DCLK1,GradientBoosting,-0.303055895696038,-0.4447719958402178
O15075,DCLK1,GradientBoosting,-0.597881306623954,0.19830723691475924
O15075,DCLK1,GradientBoosting,0.048582762130061,0.4794521093508762
O15075,DCLK1,GradientBoosting,0.0998459337308715,0.41669259158251654
O15075,DCLK1,GradientBoosting,0.3157522230417781,-0.20628963200497746
O15075,DCLK1,GradientBoosting,0.0018981778725961,-0.32106130911942904
O15075,DCLK1,MLP,0.0741692254008313,0.6377011317438286
O15075,DCLK1,MLP,-0.2746317197624324,-0.4278240844571908
O15075,DCLK1,MLP,0.176282507242889,0.24719227792055398
O15075,DCLK1,MLP,0.7352554500228031,-0.019085953940797817
O15075,DCLK1,MLP,0.4592638359905539,0.03987414944079415
O15075,DCLK1,MLP,-0.151628430210133,-0.16708557892100473
O15075,DCLK1,MLP,1.1101270197645974,0.003428710715698946
O15075,DCLK1,MLP,-0.0062964577772805,-0.11525068395158922
O15075,DCLK1,MLP,-0.4615596149897916,0.19570601669672372
O15075,DCLK1,MLP,1.0523434335292212,0.08681011608193578
O15075,DCLK1,MLP,0.7314188038795875,-0.6547554370758373
O15075,DCLK1,MLP,-0.0580911046599068,0.21564859684234639
O15075,DCLK1,MLP,0.2230631166008298,0.4143108988872921
O15075,DCLK1,MLP,-0.303055895696038,-0.45101536356554384
O15075,DCLK1,MLP,-0.597881306623954,-0.11508622210865449
O15075,DCLK1,MLP,0.048582762130061,0.24379892109390977
O15075,DCLK1,MLP,0.0998459337308715,0.27641689073248843
O15075,DCLK1,MLP,0.3157522230417781,0.20569549539528587
O15075,DCLK1,MLP,0.0018981778725961,-0.3596765775162361
O43318,MAP3K7,RandomForest,-1.337658645050928,0.16426048594670295
O43318,MAP3K7,RandomForest,1.258415406029843,0.1525803985375642
O43318,MAP3K7,RandomForest,0.6170291883773363,-0.247731107545043
O43318,MAP3K7,RandomForest,-0.0879697968895693,0.14569389160162838
O43318,MAP3K7,RandomForest,-0.6975492287985455,0.07049847438102691
O43318,MAP3K7,RandomForest,1.4807284187638508,0.24614132888578932
O43318,MAP3K7,RandomForest,-0.2270221499418416,0.0748267316574159
O43318,MAP3K7,RandomForest,0.4319343089840916,0.30398054360232946
O43318,MAP3K7,RandomForest,-0.5157585876267177,-0.3746011658951394
O43318,MAP3K7,RandomForest,0.0218888359830638,0.16842163068349142
O43318,MAP3K7,RandomForest,-0.9198270732395034,-0.05604514511275128
O43318,MAP3K7,RandomForest,-0.9346753537910294,0.049259684596885164
O43318,MAP3K7,RandomForest,-0.7308220788394358,0.12930351147498895
O43318,MAP3K7,RandomForest,1.1530533529980005,0.15672716340827902
O43318,MAP3K7,RandomForest,0.7353490745344927,-0.20390085375942438
O43318,MAP3K7,RandomForest,-0.4374727961240907,0.2511046762996594
O43318,MAP3K7,RandomForest,0.3726551695728402,-0.04892071885075287
O43318,MAP3K7,RandomForest,-1.0109649318240832,-0.038900381299670855
O43318,MAP3K7,RandomForest,-0.1365788563718547,0.22080614086514883
O43318,MAP3K7,XGBoost,-1.337658645050928,0.22327139973640442
O43318,MAP3K7,XGBoost,1.258415406029843,-0.2626575529575348
O43318,MAP3K7,XGBoost,0.6170291883773363,-0.26518553495407104
O43318,MAP3K7,XGBoost,-0.0879697968895693,-0.008308361284434795
O43318,MAP3K7,XGBoost,-0.6975492287985455,0.06680561602115631
O43318,MAP3K7,XGBoost,1.4807284187638508,0.9016992449760437
O43318,MAP3K7,XGBoost,-0.2270221499418416,-0.16859912872314453
O43318,MAP3K7,XGBoost,0.4319343089840916,0.47305119037628174
O43318,MAP3K7,XGBoost,-0.5157585876267177,-0.5589433908462524
O43318,MAP3K7,XGBoost,0.0218888359830638,0.4730220437049866
O43318,MAP3K7,XGBoost,-0.9198270732395034,-0.06921505928039551
O43318,MAP3K7,XGBoost,-0.9346753537910294,0.3202594518661499
O43318,MAP3K7,XGBoost,-0.7308220788394358,0.14007888734340668
O43318,MAP3K7,XGBoost,1.1530533529980005,0.614753782749176
O43318,MAP3K7,XGBoost,0.7353490745344927,-1.388289213180542
O43318,MAP3K7,XGBoost,-0.4374727961240907,0.4159305989742279
O43318,MAP3K7,XGBoost,0.3726551695728402,-0.37591663002967834
O43318,MAP3K7,XGBoost,-1.0109649318240832,-0.47640174627304077
O43318,MAP3K7,XGBoost,-0.1365788563718547,0.41744494438171387
O43318,MAP3K7,PLS,-1.337658645050928,-0.14577594294860866
O43318,MAP3K7,PLS,1.258415406029843,0.05825849639562018
O43318,MAP3K7,PLS,0.6170291883773363,-0.0230411812338502
O43318,MAP3K7,PLS,-0.0879697968895693,-0.007542516069379539
O43318,MAP3K7,PLS,-0.6975492287985455,0.023544142140892316
O43318,MAP3K7,PLS,1.4807284187638508,0.009839974451970782
O43318,MAP3K7,PLS,-0.2270221499418416,0.013971595805597233
O43318,MAP3K7,PLS,0.4319343089840916,0.030049877570204102
O43318,MAP3K7,PLS,-0.5157585876267177,-0.08091339366734945
O43318,MAP3K7,PLS,0.0218888359830638,-0.005385646073399135
O43318,MAP3K7,PLS,-0.9198270732395034,-0.008893830656482315
O43318,MAP3K7,PLS,-0.9346753537910294,0.022594734618489803
O43318,MAP3K7,PLS,-0.7308220788394358,-0.0477678635043538
O43318,MAP3K7,PLS,1.1530533529980005,0.01640313531270776
O43318,MAP3K7,PLS,0.7353490745344927,0.008741346904594455
O43318,MAP3K7,PLS,-0.4374727961240907,-0.13382742328348518
O43318,MAP3K7,PLS,0.3726551695728402,-0.03700459318779943
O43318,MAP3K7,PLS,-1.0109649318240832,-0.022152992175559032
O43318,MAP3K7,PLS,-0.1365788563718547,-0.08071767003597906
O43318,MAP3K7,SVR,-1.337658645050928,-0.35708736133901525
O43318,MAP3K7,SVR,1.258415406029843,0.030425653403350666
O43318,MAP3K7,SVR,0.6170291883773363,-0.18514411243203296
O43318,MAP3K7,SVR,-0.0879697968895693,0.11557344304779686
O43318,MAP3K7,SVR,-0.6975492287985455,0.08928333116102209
O43318,MAP3K7,SVR,1.4807284187638508,0.12126814337765972
O43318,MAP3K7,SVR,-0.2270221499418416,-0.06480047950134678
O43318,MAP3K7,SVR,0.4319343089840916,0.04064425705818299
O43318,MAP3K7,SVR,-0.5157585876267177,0.017653461603512815
O43318,MAP3K7,SVR,0.0218888359830638,0.09381415002030329
O43318,MAP3K7,SVR,-0.9198270732395034,-0.1570727568630362
O43318,MAP3K7,SVR,-0.9346753537910294,-0.004159988648473157
O43318,MAP3K7,SVR,-0.7308220788394358,0.07828295795134248
O43318,MAP3K7,SVR,1.1530533529980005,0.043442685823342195
O43318,MAP3K7,SVR,0.7353490745344927,-0.14062793975512153
O43318,MAP3K7,SVR,-0.4374727961240907,-0.05970856784840707
O43318,MAP3K7,SVR,0.3726551695728402,0.11060246874923689
O43318,MAP3K7,SVR,-1.0109649318240832,-0.16739432244613647
O43318,MAP3K7,SVR,-0.1365788563718547,-0.010596340007008227
O43318,MAP3K7,Lasso,-1.337658645050928,0.0036348767708913356
O43318,MAP3K7,Lasso,1.258415406029843,0.023758851733269484
O43318,MAP3K7,Lasso,0.6170291883773363,0.015665661110808936
O43318,MAP3K7,Lasso,-0.0879697968895693,0.017138012684072466
O43318,MAP3K7,Lasso,-0.6975492287985455,0.022476775464809317
O43318,MAP3K7,Lasso,1.4807284187638508,0.03345135144833835
O43318,MAP3K7,Lasso,-0.2270221499418416,0.016809749001850297
O43318,MAP3K7,Lasso,0.4319343089840916,0.030302244588441864
O43318,MAP3K7,Lasso,-0.5157585876267177,0.0056541664242591196
O43318,MAP3K7,Lasso,0.0218888359830638,0.020776196694379957
O43318,MAP3K7,Lasso,-0.9198270732395034,0.01298228988766787
O43318,MAP3K7,Lasso,-0.9346753537910294,0.01449525422700517
O43318,MAP3K7,Lasso,-0.7308220788394358,0.01594760462189439
O43318,MAP3K7,Lasso,1.1530533529980005,0.025813036358188147
O43318,MAP3K7,Lasso,0.7353490745344927,0.01360245614540928
O43318,MAP3K7,Lasso,-0.4374727961240907,0.004252011117201818
O43318,MAP3K7,Lasso,0.3726551695728402,0.014319548270623553
O43318,MAP3K7,Lasso,-1.0109649318240832,0.01492919327769112
O43318,MAP3K7,Lasso,-0.1365788563718547,0.015514526298190558
O43318,MAP3K7,ElasticNet,-1.337658645050928,-0.06444779153607474
O43318,MAP3K7,ElasticNet,1.258415406029843,0.028731457938475785
O43318,MAP3K7,ElasticNet,0.6170291883773363,-0.00980288201036815
O43318,MAP3K7,ElasticNet,-0.0879697968895693,0.001997694315600526
O43318,MAP3K7,ElasticNet,-0.6975492287985455,0.019898648724581306
O43318,MAP3K7,ElasticNet,1.4807284187638508,0.04204361089684018
O43318,MAP3K7,ElasticNet,-0.2270221499418416,0.00266080489256249
O43318,MAP3K7,ElasticNet,0.4319343089840916,0.03778930466836092
O43318,MAP3K7,ElasticNet,-0.5157585876267177,-0.04021555695811769
O43318,MAP3K7,ElasticNet,0.0218888359830638,0.010156368683264597
O43318,MAP3K7,ElasticNet,-0.9198270732395034,-0.012179277214251858
O43318,MAP3K7,ElasticNet,-0.9346753537910294,0.00016482240319545816
O43318,MAP3K7,ElasticNet,-0.7308220788394358,-0.009380534249012452
O43318,MAP3K7,ElasticNet,1.1530533529980005,0.025018095804389705
O43318,MAP3K7,ElasticNet,0.7353490745344927,-0.00701466049726639
O43318,MAP3K7,ElasticNet,-0.4374727961240907,-0.05531660022617765
O43318,MAP3K7,ElasticNet,0.3726551695728402,-0.010232312496480388
O43318,MAP3K7,ElasticNet,-1.0109649318240832,-0.010691770532207639
O43318,MAP3K7,ElasticNet,-0.1365788563718547,-0.018719737831631278
O43318,MAP3K7,GradientBoosting,-1.337658645050928,0.5916657295976414
O43318,MAP3K7,GradientBoosting,1.258415406029843,0.5079422931277507
O43318,MAP3K7,GradientBoosting,0.6170291883773363,-0.8726992976958864
O43318,MAP3K7,GradientBoosting,-0.0879697968895693,0.17055047122317696
O43318,MAP3K7,GradientBoosting,-0.6975492287985455,-0.2255434006300487
O43318,MAP3K7,GradientBoosting,1.4807284187638508,0.2513546021410909
O43318,MAP3K7,GradientBoosting,-0.2270221499418416,0.5049064225742359
O43318,MAP3K7,GradientBoosting,0.4319343089840916,-0.10806043544013644
O43318,MAP3K7,GradientBoosting,-0.5157585876267177,-0.6284338969677933
O43318,MAP3K7,GradientBoosting,0.0218888359830638,0.2804324170998836
O43318,MAP3K7,GradientBoosting,-0.9198270732395034,-0.43176308943963615
O43318,MAP3K7,GradientBoosting,-0.9346753537910294,-0.16174755859869622
O43318,MAP3K7,GradientBoosting,-0.7308220788394358,0.10231272576794044
O43318,MAP3K7,GradientBoosting,1.1530533529980005,0.08228952092139863
O43318,MAP3K7,GradientBoosting,0.7353490745344927,-0.9751774366975469
O43318,MAP3K7,GradientBoosting,-0.4374727961240907,-0.28505456423933595
O43318,MAP3K7,GradientBoosting,0.3726551695728402,-0.3864963451708518
O43318,MAP3K7,GradientBoosting,-1.0109649318240832,-0.5923395849270915
O43318,MAP3K7,GradientBoosting,-0.1365788563718547,0.3881740115647898
O43318,MAP3K7,MLP,-1.337658645050928,-0.21411746507003487
O43318,MAP3K7,MLP,1.258415406029843,-0.44249260495695925
O43318,MAP3K7,MLP,0.6170291883773363,-0.20126383111544519
O43318,MAP3K7,MLP,-0.0879697968895693,0.6174128432320329
O43318,MAP3K7,MLP,-0.6975492287985455,-0.4034972422768829
O43318,MAP3K7,MLP,1.4807284187638508,-0.17950960343764277
O43318,MAP3K7,MLP,-0.2270221499418416,-0.3527587315398367
O43318,MAP3K7,MLP,0.4319343089840916,-0.0919190653054689
O43318,MAP3K7,MLP,-0.5157585876267177,0.6858043490877506
O43318,MAP3K7,MLP,0.0218888359830638,0.3557273477397976
O43318,MAP3K7,MLP,-0.9198270732395034,-0.4167134623893023
O43318,MAP3K7,MLP,-0.9346753537910294,-0.037688422196029026
O43318,MAP3K7,MLP,-0.7308220788394358,-0.15382376188278096
O43318,MAP3K7,MLP,1.1530533529980005,-0.3648930510335524
O43318,MAP3K7,MLP,0.7353490745344927,-0.3794581094075114
O43318,MAP3K7,MLP,-0.4374727961240907,-0.3516151407733787
O43318,MAP3K7,MLP,0.3726551695728402,-0.046820587738105046
O43318,MAP3K7,MLP,-1.0109649318240832,-0.3229724088598931
O43318,MAP3K7,MLP,-0.1365788563718547,0.1715021057795793
O43353,RIPK2,RandomForest,0.9092500661947632,0.18363176348820873
O43353,RIPK2,RandomForest,-0.1565972061624259,0.10839271121005542
O43353,RIPK2,RandomForest,1.848022533863299,0.8604430256174102
O43353,RIPK2,RandomForest,-0.1967350037392531,-0.04406941551652608
O43353,RIPK2,RandomForest,0.0419113384361232,0.6091607033496742
O43353,RIPK2,RandomForest,0.1751163033997542,-0.07086866482054999
O43353,RIPK2,RandomForest,-0.1360973680910961,-0.8064081554733581
O43353,RIPK2,RandomForest,0.1323073914921641,0.38240004190441046
O43353,RIPK2,RandomForest,1.355847295331989,0.2564868782466185
O43353,RIPK2,RandomForest,-1.136456731781924,-1.169022749330054
O43353,RIPK2,RandomForest,-0.0169665527439147,0.7239379694207309
O43353,RIPK2,RandomForest,0.8174443239191209,0.3615089214581267
O43353,RIPK2,RandomForest,0.4571574267234658,0.5148964894340786
O43353,RIPK2,RandomForest,-0.3665597516384941,0.02939027855276069
O43353,RIPK2,RandomForest,1.5692120687657969,0.3984502883137804
O43353,RIPK2,RandomForest,-0.1010521229326991,0.5927530810367765
O43353,RIPK2,RandomForest,1.010155277188722,0.5342739331346664
O43353,RIPK2,RandomForest,-1.2329430079245027,0.46602323981635
O43353,RIPK2,RandomForest,-0.1149881342817908,0.3621149785899074
O43353,RIPK2,XGBoost,0.9092500661947632,0.09434553235769272
O43353,RIPK2,XGBoost,-0.1565972061624259,0.3631620705127716
O43353,RIPK2,XGBoost,1.848022533863299,0.7770771980285645
O43353,RIPK2,XGBoost,-0.1967350037392531,-0.17020489275455475
O43353,RIPK2,XGBoost,0.0419113384361232,0.8964144587516785
O43353,RIPK2,XGBoost,0.1751163033997542,-0.08109007030725479
O43353,RIPK2,XGBoost,-0.1360973680910961,-0.410275936126709
O43353,RIPK2,XGBoost,0.1323073914921641,0.5207203030586243
O43353,RIPK2,XGBoost,1.355847295331989,0.2400016486644745
O43353,RIPK2,XGBoost,-1.136456731781924,-1.267460584640503
O43353,RIPK2,XGBoost,-0.0169665527439147,0.6677603721618652
O43353,RIPK2,XGBoost,0.8174443239191209,0.07025524228811264
O43353,RIPK2,XGBoost,0.4571574267234658,0.607702910900116
O43353,RIPK2,XGBoost,-0.3665597516384941,-0.07711290568113327
O43353,RIPK2,XGBoost,1.5692120687657969,0.5717658996582031
O43353,RIPK2,XGBoost,-0.1010521229326991,0.5771049857139587
O43353,RIPK2,XGBoost,1.010155277188722,0.5638729929924011
O43353,RIPK2,XGBoost,-1.2329430079245027,0.6661519408226013
O43353,RIPK2,XGBoost,-0.1149881342817908,0.2328878492116928
O43353,RIPK2,PLS,0.9092500661947632,0.2739583153971453
O43353,RIPK2,PLS,-0.1565972061624259,0.21988278494437055
O43353,RIPK2,PLS,1.848022533863299,0.5934400731879395
O43353,RIPK2,PLS,-0.1967350037392531,-0.4704714702326762
O43353,RIPK2,PLS,0.0419113384361232,0.14164410166381247
O43353,RIPK2,PLS,0.1751163033997542,0.062293240138347444
O43353,RIPK2,PLS,-0.1360973680910961,-0.6143247083811328
O43353,RIPK2,PLS,0.1323073914921641,0.26466657335147536
O43353,RIPK2,PLS,1.355847295331989,0.49665166741176914
O43353,RIPK2,PLS,-1.136456731781924,-0.5873158074688418
O43353,RIPK2,PLS,-0.0169665527439147,0.12610403407277998
O43353,RIPK2,PLS,0.8174443239191209,0.6289179791389167
O43353,RIPK2,PLS,0.4571574267234658,0.18004533253602262
O43353,RIPK2,PLS,-0.3665597516384941,-0.17051221644801248
O43353,RIPK2,PLS,1.5692120687657969,0.23904265863348867
O43353,RIPK2,PLS,-0.1010521229326991,0.5275807816587508
O43353,RIPK2,PLS,1.010155277188722,0.25410329870771675
O43353,RIPK2,PLS,-1.2329430079245027,0.1748229972065213
O43353,RIPK2,PLS,-0.1149881342817908,0.23071341665010772
O43353,RIPK2,SVR,0.9092500661947632,0.16734614577213214
O43353,RIPK2,SVR,-0.1565972061624259,0.10953562554969665
O43353,RIPK2,SVR,1.848022533863299,0.4529195510268882
O43353,RIPK2,SVR,-0.1967350037392531,-0.4061974948937549
O43353,RIPK2,SVR,0.0419113384361232,0.09196510774382227
O43353,RIPK2,SVR,0.1751163033997542,-6.098750253571983e-05
O43353,RIPK2,SVR,-0.1360973680910961,-0.5534076597891033
O43353,RIPK2,SVR,0.1323073914921641,0.19916650868065733
O43353,RIPK2,SVR,1.355847295331989,0.5452627912938239
O43353,RIPK2,SVR,-1.136456731781924,-0.4251487129248719
O43353,RIPK2,SVR,-0.0169665527439147,0.08208095464661302
O43353,RIPK2,SVR,0.8174443239191209,0.38743957978727717
O43353,RIPK2,SVR,0.4571574267234658,0.21662923724192118
O43353,RIPK2,SVR,-0.3665597516384941,-0.20319103477321532
O43353,RIPK2,SVR,1.5692120687657969,0.19455623683265788
O43353,RIPK2,SVR,-0.1010521229326991,0.5485449932466819
O43353,RIPK2,SVR,1.010155277188722,0.322219112641543
O43353,RIPK2,SVR,-1.2329430079245027,0.10493085407074959
O43353,RIPK2,SVR,-0.1149881342817908,0.16230280562167376
O43353,RIPK2,Lasso,0.9092500661947632,0.25594219288936804
O43353,RIPK2,Lasso,-0.1565972061624259,0.21393614098769434
O43353,RIPK2,Lasso,1.848022533863299,0.47622912551291163
O43353,RIPK2,Lasso,-0.1967350037392531,-0.25310008859178834
O43353,RIPK2,Lasso,0.0419113384361232,0.15895396698413747
O43353,RIPK2,Lasso,0.1751163033997542,0.10608043579305691
O43353,RIPK2,Lasso,-0.1360973680910961,-0.3724733526985893
O43353,RIPK2,Lasso,0.1323073914921641,0.257581832266964
O43353,RIPK2,Lasso,1.355847295331989,0.4243175849793074
O43353,RIPK2,Lasso,-1.136456731781924,-0.33801995471994983
O43353,RIPK2,Lasso,-0.0169665527439147,0.14797315700834404
O43353,RIPK2,Lasso,0.8174443239191209,0.4847979130036387
O43353,RIPK2,Lasso,0.4571574267234658,0.20822759996950818
O43353,RIPK2,Lasso,-0.3665597516384941,-0.06056243462289887
O43353,RIPK2,Lasso,1.5692120687657969,0.23356880979057448
O43353,RIPK2,Lasso,-0.1010521229326991,0.4520165859286661
O43353,RIPK2,Lasso,1.010155277188722,0.26516829295170874
O43353,RIPK2,Lasso,-1.2329430079245027,0.18404756314934725
O43353,RIPK2,Lasso,-0.1149881342817908,0.2244589807637168
O43353,RIPK2,ElasticNet,0.9092500661947632,0.26314674225596724
O43353,RIPK2,ElasticNet,-0.1565972061624259,0.2138139604661271
O43353,RIPK2,ElasticNet,1.848022533863299,0.5227396279342811
O43353,RIPK2,ElasticNet,-0.1967350037392531,-0.34438387695012623
O43353,RIPK2,ElasticNet,0.0419113384361232,0.14992911859556252
O43353,RIPK2,ElasticNet,0.1751163033997542,0.08476835904056165
O43353,RIPK2,ElasticNet,-0.1360973680910961,-0.47664797417003196
O43353,RIPK2,ElasticNet,0.1323073914921641,0.2643953154404546
O43353,RIPK2,ElasticNet,1.355847295331989,0.45954826565772006
O43353,RIPK2,ElasticNet,-1.136456731781924,-0.4464016257231757
O43353,RIPK2,ElasticNet,-0.0169665527439147,0.13986312004365437
O43353,RIPK2,ElasticNet,0.8174443239191209,0.5426243097934127
O43353,RIPK2,ElasticNet,0.4571574267234658,0.20646373553799838
O43353,RIPK2,ElasticNet,-0.3665597516384941,-0.11378244560528827
O43353,RIPK2,ElasticNet,1.5692120687657969,0.23479261079909777
O43353,RIPK2,ElasticNet,-0.1010521229326991,0.496325299897447
O43353,RIPK2,ElasticNet,1.010155277188722,0.27252593426215316
O43353,RIPK2,ElasticNet,-1.2329430079245027,0.17984386087813037
O43353,RIPK2,ElasticNet,-0.1149881342817908,0.23241887495502722
O43353,RIPK2,GradientBoosting,0.9092500661947632,0.2486073078569753
O43353,RIPK2,GradientBoosting,-0.1565972061624259,0.3406891642080074
O43353,RIPK2,GradientBoosting,1.848022533863299,1.0981103092285247
O43353,RIPK2,GradientBoosting,-0.1967350037392531,-0.30124006282664617
O43353,RIPK2,GradientBoosting,0.0419113384361232,0.579284777739625
O43353,RIPK2,GradientBoosting,0.1751163033997542,0.015858474782300763
O43353,RIPK2,GradientBoosting,-0.1360973680910961,-0.8390814050081145
O43353,RIPK2,GradientBoosting,0.1323073914921641,0.2985488098198022
O43353,RIPK2,GradientBoosting,1.355847295331989,0.3706926430336077
O43353,RIPK2,GradientBoosting,-1.136456731781924,-1.4065551684477542
O43353,RIPK2,GradientBoosting,-0.0169665527439147,0.7595101738660771
O43353,RIPK2,GradientBoosting,0.8174443239191209,0.4931692562161742
O43353,RIPK2,GradientBoosting,0.4571574267234658,0.29282363020997776
O43353,RIPK2,GradientBoosting,-0.3665597516384941,-0.453058426316517
O43353,RIPK2,GradientBoosting,1.5692120687657969,0.2847859454709832
O43353,RIPK2,GradientBoosting,-0.1010521229326991,0.758021605476411
O43353,RIPK2,GradientBoosting,1.010155277188722,0.6865142899070951
O43353,RIPK2,GradientBoosting,-1.2329430079245027,0.32628957431986616
O43353,RIPK2,GradientBoosting,-0.1149881342817908,-0.23215677845185959
O43353,RIPK2,MLP,0.9092500661947632,0.07784961474088159
O43353,RIPK2,MLP,-0.1565972061624259,-0.09054197987311302
O43353,RIPK2,MLP,1.848022533863299,0.6891123855106567
O43353,RIPK2,MLP,-0.1967350037392531,-0.20069732049438782
O43353,RIPK2,MLP,0.0419113384361232,-0.2559712292054606
O43353,RIPK2,MLP,0.1751163033997542,-0.22225073358119185
O43353,RIPK2,MLP,-0.1360973680910961,-0.3584932449420115
O43353,RIPK2,MLP,0.1323073914921641,0.2335404934723555
O43353,RIPK2,MLP,1.355847295331989,0.9566017722787445
O43353,RIPK2,MLP,-1.136456731781924,-0.19321122548799052
O43353,RIPK2,MLP,-0.0169665527439147,-0.2714159560575853
O43353,RIPK2,MLP,0.8174443239191209,0.014316536671065638
O43353,RIPK2,MLP,0.4571574267234658,0.26772036386975273
O43353,RIPK2,MLP,-0.3665597516384941,-0.16158667966062157
O43353,RIPK2,MLP,1.5692120687657969,0.1790568907033716
O43353,RIPK2,MLP,-0.1010521229326991,0.8881769225573464
O43353,RIPK2,MLP,1.010155277188722,0.56945604410254
O43353,RIPK2,MLP,-1.2329430079245027,-0.19561881042990148
O43353,RIPK2,MLP,-0.1149881342817908,-0.21727229208758533
O43683,BUB1,RandomForest,-1.2185033364127025,-0.6986804261041005
O43683,BUB1,RandomForest,-1.0785320908297027,1.4224323740567706
O43683,BUB1,RandomForest,-1.423983035985709,-1.1246289106777814
O43683,BUB1,RandomForest,-0.7332252777460114,1.2404667541521222
O43683,BUB1,RandomForest,-1.290630155855956,-1.6141644407636935
O43683,BUB1,RandomForest,-2.096612769891862,-1.370757825475971
O43683,BUB1,RandomForest,-0.858261266994838,0.9470394069584418
O43683,BUB1,RandomForest,2.015599899185533,-1.446517660830536
O43683,BUB1,RandomForest,-0.3113408370468315,-1.439414014268733
O43683,BUB1,RandomForest,-1.5542998738542644,0.8667191943913914
O43683,BUB1,RandomForest,3.2640323713681445,0.7576674772041346
O43683,BUB1,RandomForest,-1.325469083586715,-0.7437491462031923
O43683,BUB1,RandomForest,0.5033014676121567,1.2718334146191705
O43683,BUB1,RandomForest,-2.26543007363116,-1.5112057623003556
O43683,BUB1,RandomForest,-1.651361172170902,-0.8754800105963045
O43683,BUB1,RandomForest,0.9608303135174048,-1.0822295974984555
O43683,BUB1,RandomForest,1.5809368600843527,-1.5859073930244645
O43683,BUB1,RandomForest,-1.7578057760528671,-1.1834374426960803
O43683,BUB1,RandomForest,-2.302178516450999,-1.6590192552102732
O43683,BUB1,XGBoost,-1.2185033364127025,-0.6818836331367493
O43683,BUB1,XGBoost,-1.0785320908297027,2.0268683433532715
O43683,BUB1,XGBoost,-1.423983035985709,-0.896407961845398
O43683,BUB1,XGBoost,-0.7332252777460114,1.9995931386947632
O43683,BUB1,XGBoost,-1.290630155855956,-1.5803861618041992
O43683,BUB1,XGBoost,-2.096612769891862,-0.24524685740470886
O43683,BUB1,XGBoost,-0.858261266994838,-0.5215733647346497
O43683,BUB1,XGBoost,2.015599899185533,-1.955414891242981
O43683,BUB1,XGBoost,-0.3113408370468315,-1.5375874042510986
O43683,BUB1,XGBoost,-1.5542998738542644,1.9840584993362427
O43683,BUB1,XGBoost,3.2640323713681445,-0.47613903880119324
O43683,BUB1,XGBoost,-1.325469083586715,-0.4003464877605438
O43683,BUB1,XGBoost,0.5033014676121567,1.996776819229126
O43683,BUB1,XGBoost,-2.26543007363116,-2.2560815811157227
O43683,BUB1,XGBoost,-1.651361172170902,-0.9084721803665161
O43683,BUB1,XGBoost,0.9608303135174048,-0.7904053926467896
O43683,BUB1,XGBoost,1.5809368600843527,-2.0008740425109863
O43683,BUB1,XGBoost,-1.7578057760528671,-0.9163757562637329
O43683,BUB1,XGBoost,-2.302178516450999,-1.4095863103866577
O43683,BUB1,PLS,-1.2185033364127025,0.06720987691997826
O43683,BUB1,PLS,-1.0785320908297027,-0.6792173929273877
O43683,BUB1,PLS,-1.423983035985709,-1.0420070857782728
O43683,BUB1,PLS,-0.7332252777460114,-0.7172150562311033
O43683,BUB1,PLS,-1.290630155855956,-1.2356163291480995
O43683,BUB1,PLS,-2.096612769891862,-1.06888308257697
O43683,BUB1,PLS,-0.858261266994838,-0.627621733777031
O43683,BUB1,PLS,2.015599899185533,-1.0568349725318122
O43683,BUB1,PLS,-0.3113408370468315,-1.2988441541551206
O43683,BUB1,PLS,-1.5542998738542644,-0.35375635046379195
O43683,BUB1,PLS,3.2640323713681445,-0.045170367571639725
O43683,BUB1,PLS,-1.325469083586715,-1.5904087071662758
O43683,BUB1,PLS,0.5033014676121567,-0.34168971280477245
O43683,BUB1,PLS,-2.26543007363116,-1.0303520742745715
O43683,BUB1,PLS,-1.651361172170902,-1.1826360095315027
O43683,BUB1,PLS,0.9608303135174048,-1.2002626732181325
O43683,BUB1,PLS,1.5809368600843527,-0.9262656948304617
O43683,BUB1,PLS,-1.7578057760528671,-0.8217384077486335
O43683,BUB1,PLS,-2.302178516450999,-1.2480862432722943
O43683,BUB1,SVR,-1.2185033364127025,-0.11379529861587301
O43683,BUB1,SVR,-1.0785320908297027,-0.926545566118134
O43683,BUB1,SVR,-1.423983035985709,-0.9143199573897465
O43683,BUB1,SVR,-0.7332252777460114,-0.6994198033758523
O43683,BUB1,SVR,-1.290630155855956,-1.3444048546851974
O43683,BUB1,SVR,-2.096612769891862,-1.2217632415068105
O43683,BUB1,SVR,-0.858261266994838,-1.0238799241449645
O43683,BUB1,SVR,2.015599899185533,-1.0528826997375542
O43683,BUB1,SVR,-0.3113408370468315,-1.4057467151861203
O43683,BUB1,SVR,-1.5542998738542644,-0.7062162728273162
O43683,BUB1,SVR,3.2640323713681445,-0.46803550208407785
O43683,BUB1,SVR,-1.325469083586715,-1.2916276157121152
O43683,BUB1,SVR,0.5033014676121567,-0.481248073982373
O43683,BUB1,SVR,-2.26543007363116,-1.1469958375635931
O43683,BUB1,SVR,-1.651361172170902,-1.360490387644878
O43683,BUB1,SVR,0.9608303135174048,-1.31240673022143
O43683,BUB1,SVR,1.5809368600843527,-0.9316497242590103
O43683,BUB1,SVR,-1.7578057760528671,-1.153909691122038
O43683,BUB1,SVR,-2.302178516450999,-1.2901755505982906
O43683,BUB1,Lasso,-1.2185033364127025,-0.12381736688737421
O43683,BUB1,Lasso,-1.0785320908297027,-0.7030674838814287
O43683,BUB1,Lasso,-1.423983035985709,-0.9964755637294587
O43683,BUB1,Lasso,-0.7332252777460114,-0.6219981476126671
O43683,BUB1,Lasso,-1.290630155855956,-1.2050418101580624
O43683,BUB1,Lasso,-2.096612769891862,-1.0041275555571867
O43683,BUB1,Lasso,-0.858261266994838,-0.7195079689203611
O43683,BUB1,Lasso,2.015599899185533,-0.9957888426389958
O43683,BUB1,Lasso,-0.3113408370468315,-1.3011911789656874
O43683,BUB1,Lasso,-1.5542998738542644,-0.36380348119536743
O43683,BUB1,Lasso,3.2640323713681445,-0.23032736765841644
O43683,BUB1,Lasso,-1.325469083586715,-1.4781814064711467
O43683,BUB1,Lasso,0.5033014676121567,-0.3746369029656633
O43683,BUB1,Lasso,-2.26543007363116,-1.0013516099580797
O43683,BUB1,Lasso,-1.651361172170902,-1.2050418101580624
O43683,BUB1,Lasso,0.9608303135174048,-1.2050418101580624
O43683,BUB1,Lasso,1.5809368600843527,-0.8884511063251317
O43683,BUB1,Lasso,-1.7578057760528671,-0.9809312571575155
O43683,BUB1,Lasso,-2.302178516450999,-1.2050418101580624
O43683,BUB1,ElasticNet,-1.2185033364127025,-0.045925824786941405
O43683,BUB1,ElasticNet,-1.0785320908297027,-0.7104913484625892
O43683,BUB1,ElasticNet,-1.423983035985709,-0.9928683610802101
O43683,BUB1,ElasticNet,-0.7332252777460114,-0.668419789253902
O43683,BUB1,ElasticNet,-1.290630155855956,-1.2156009742565899
O43683,BUB1,ElasticNet,-2.096612769891862,-1.041209544425427
O43683,BUB1,ElasticNet,-0.858261266994838,-0.7089820986363531
O43683,BUB1,ElasticNet,2.015599899185533,-1.0147800761361416
O43683,BUB1,ElasticNet,-0.3113408370468315,-1.2927517309398322
O43683,BUB1,ElasticNet,-1.5542998738542644,-0.4002860754507256
O43683,BUB1,ElasticNet,3.2640323713681445,-0.1829211529507725
O43683,BUB1,ElasticNet,-1.325469083586715,-1.482201386388057
O43683,BUB1,ElasticNet,0.5033014676121567,-0.3749409726039836
O43683,BUB1,ElasticNet,-2.26543007363116,-1.0154779926565383
O43683,BUB1,ElasticNet,-1.651361172170902,-1.1963506602303489
O43683,BUB1,ElasticNet,0.9608303135174048,-1.1975917237038893
O43683,BUB1,ElasticNet,1.5809368600843527,-0.8987277918887803
O43683,BUB1,ElasticNet,-1.7578057760528671,-0.9234211891027287
O43683,BUB1,ElasticNet,-2.302178516450999,-1.2140365384690295
O43683,BUB1,GradientBoosting,-1.2185033364127025,-0.7369252130886249
O43683,BUB1,GradientBoosting,-1.0785320908297027,1.1367162602472682
O43683,BUB1,GradientBoosting,-1.423983035985709,-0.8116631772889205
O43683,BUB1,GradientBoosting,-0.7332252777460114,1.3333006317979454
O43683,BUB1,GradientBoosting,-1.290630155855956,-1.4070123816144084
O43683,BUB1,GradientBoosting,-2.096612769891862,-1.5540101826055779
O43683,BUB1,GradientBoosting,-0.858261266994838,0.9654229630915044
O43683,BUB1,GradientBoosting,2.015599899185533,-1.2206903179195923
O43683,BUB1,GradientBoosting,-0.3113408370468315,-1.4530130475928864
O43683,BUB1,GradientBoosting,-1.5542998738542644,0.5137734510531066
O43683,BUB1,GradientBoosting,3.2640323713681445,0.9433560196651991
O43683,BUB1,GradientBoosting,-1.325469083586715,-0.5383468958965805
O43683,BUB1,GradientBoosting,0.5033014676121567,1.738193502486155
O43683,BUB1,GradientBoosting,-2.26543007363116,-1.8684105835430596
O43683,BUB1,GradientBoosting,-1.651361172170902,-0.5927519695067812
O43683,BUB1,GradientBoosting,0.9608303135174048,-1.0450885372363483
O43683,BUB1,GradientBoosting,1.5809368600843527,-1.8307892112761024
O43683,BUB1,GradientBoosting,-1.7578057760528671,-1.7733755535026783
O43683,BUB1,GradientBoosting,-2.302178516450999,-1.1729086439870018
O43683,BUB1,MLP,-1.2185033364127025,-0.4067106641754733
O43683,BUB1,MLP,-1.0785320908297027,-0.46757820573815934
O43683,BUB1,MLP,-1.423983035985709,-1.0439687518518348
O43683,BUB1,MLP,-0.7332252777460114,-1.0439687518518348
O43683,BUB1,MLP,-1.290630155855956,-1.4149358657749953
O43683,BUB1,MLP,-2.096612769891862,-1.2919881715206922
O43683,BUB1,MLP,-0.858261266994838,-0.5272164283269615
O43683,BUB1,MLP,2.015599899185533,-0.8345558948018212
O43683,BUB1,MLP,-0.3113408370468315,-1.4318214987061604
O43683,BUB1,MLP,-1.5542998738542644,0.037772740906678814
O43683,BUB1,MLP,3.2640323713681445,0.20019708399989455
O43683,BUB1,MLP,-1.325469083586715,-1.0439687518518348
O43683,BUB1,MLP,0.5033014676121567,-0.8247841139760455
O43683,BUB1,MLP,-2.26543007363116,-1.029950402104097
O43683,BUB1,MLP,-1.651361172170902,-1.29701140162581
O43683,BUB1,MLP,0.9608303135174048,-1.2449056733931583
O43683,BUB1,MLP,1.5809368600843527,-0.8986473132644793
O43683,BUB1,MLP,-1.7578057760528671,-0.5078732081905084
O43683,BUB1,MLP,-2.302178516450999,-1.3348692700704003
O60885,BRD4,RandomForest,0.8089384026830287,0.4044017342361418
O60885,BRD4,RandomForest,0.768913409151204,0.0914865564940765
O60885,BRD4,RandomForest,-0.267820194416856,-0.1901901927609103
O60885,BRD4,RandomForest,-0.0115042990212314,-0.21806488817230185
O60885,BRD4,RandomForest,0.0234271267630109,0.26530479191769085
O60885,BRD4,RandomForest,-0.0659842650470679,0.09472766312682115
O60885,BRD4,RandomForest,-0.3678819631019751,0.6674399932581077
O60885,BRD4,RandomForest,1.2025397226575614,0.5180405355659615
O60885,BRD4,RandomForest,1.0613642937946244,0.5437091464868139
O60885,BRD4,RandomForest,-0.2264049606934455,0.09991819949773838
O60885,BRD4,RandomForest,0.2287353895821515,0.7531434871933381
O60885,BRD4,RandomForest,-1.1623816609263529,-0.04502163947019024
O60885,BRD4,RandomForest,0.4826907705502332,0.22448113678410153
O60885,BRD4,RandomForest,0.0617967301346486,-0.08267119402475794
O60885,BRD4,RandomForest,1.088382747534459,0.45510855980031306
O60885,BRD4,RandomForest,1.2548838159854998,0.431201757556642
O60885,BRD4,RandomForest,0.5644767169552534,-0.1754882976841788
O60885,BRD4,RandomForest,-0.6463678283138243,-0.32624246280301605
O60885,BRD4,RandomForest,0.4153156550871595,-0.3641294169481483
O60885,BRD4,XGBoost,0.8089384026830287,0.6607272028923035
O60885,BRD4,XGBoost,0.768913409151204,0.07438424229621887
O60885,BRD4,XGBoost,-0.267820194416856,-0.2165851891040802
O60885,BRD4,XGBoost,-0.0115042990212314,-0.0130678815767169
O60885,BRD4,XGBoost,0.0234271267630109,-0.12504558265209198
O60885,BRD4,XGBoost,-0.0659842650470679,0.17294897139072418
O60885,BRD4,XGBoost,-0.3678819631019751,0.7652196288108826
O60885,BRD4,XGBoost,1.2025397226575614,1.17145836353302
O60885,BRD4,XGBoost,1.0613642937946244,0.6313934922218323
O60885,BRD4,XGBoost,-0.2264049606934455,0.18442904949188232
O60885,BRD4,XGBoost,0.2287353895821515,1.0572587251663208
O60885,BRD4,XGBoost,-1.1623816609263529,-0.5825240015983582
O60885,BRD4,XGBoost,0.4826907705502332,0.22554950416088104
O60885,BRD4,XGBoost,0.0617967301346486,0.13903699815273285
O60885,BRD4,XGBoost,1.088382747534459,0.6511262655258179
O60885,BRD4,XGBoost,1.2548838159854998,-0.14278358221054077
O60885,BRD4,XGBoost,0.5644767169552534,-0.8109392523765564
O60885,BRD4,XGBoost,-0.6463678283138243,-0.1400526911020279
O60885,BRD4,XGBoost,0.4153156550871595,-0.3162138760089874
O60885,BRD4,PLS,0.8089384026830287,0.6770666559054092
O60885,BRD4,PLS,0.768913409151204,-0.04109386259734005
O60885,BRD4,PLS,-0.267820194416856,0.3159476102617921
O60885,BRD4,PLS,-0.0115042990212314,0.15914269797771546
O60885,BRD4,PLS,0.0234271267630109,0.14276011211553563
O60885,BRD4,PLS,-0.0659842650470679,0.07608359717278215
O60885,BRD4,PLS,-0.3678819631019751,0.4005383606042531
O60885,BRD4,PLS,1.2025397226575614,0.6951693729888327
O60885,BRD4,PLS,1.0613642937946244,0.46960466775636506
O60885,BRD4,PLS,-0.2264049606934455,0.0009529724423142719
O60885,BRD4,PLS,0.2287353895821515,0.7691945248954284
O60885,BRD4,PLS,-1.1623816609263529,-0.011671556649623698
O60885,BRD4,PLS,0.4826907705502332,0.2928197742426644
O60885,BRD4,PLS,0.0617967301346486,-0.45725759063603494
O60885,BRD4,PLS,1.088382747534459,0.5312175459555569
O60885,BRD4,PLS,1.2548838159854998,0.5130980622280478
O60885,BRD4,PLS,0.5644767169552534,0.16243559261409057
O60885,BRD4,PLS,-0.6463678283138243,0.27997630382934685
O60885,BRD4,PLS,0.4153156550871595,0.05947354373846965
O60885,BRD4,SVR,0.8089384026830287,0.5087423420113824
O60885,BRD4,SVR,0.768913409151204,0.1247272415608513
O60885,BRD4,SVR,-0.267820194416856,0.44466162993338937
O60885,BRD4,SVR,-0.0115042990212314,0.13908534496191552
O60885,BRD4,SVR,0.0234271267630109,0.4835818684839686
O60885,BRD4,SVR,-0.0659842650470679,0.2226779728194045
O60885,BRD4,SVR,-0.3678819631019751,0.369849954027208
O60885,BRD4,SVR,1.2025397226575614,0.24175505947589926
O60885,BRD4,SVR,1.0613642937946244,0.3940910289884607
O60885,BRD4,SVR,-0.2264049606934455,-0.18949177671484374
O60885,BRD4,SVR,0.2287353895821515,0.5847364000593858
O60885,BRD4,SVR,-1.1623816609263529,0.5430059778880021
O60885,BRD4,SVR,0.4826907705502332,0.2314616598730609
O60885,BRD4,SVR,0.0617967301346486,0.019192734200989492
O60885,BRD4,SVR,1.088382747534459,0.422676838664663
O60885,BRD4,SVR,1.2548838159854998,0.29478567573137093
O60885,BRD4,SVR,0.5644767169552534,0.07775536176977438
O60885,BRD4,SVR,-0.6463678283138243,-0.4141833352446158
O60885,BRD4,SVR,0.4153156550871595,-0.11836644709110894
O60885,BRD4,Lasso,0.8089384026830287,0.23320205327315024
O60885,BRD4,Lasso,0.768913409151204,0.015369519967341266
O60885,BRD4,Lasso,-0.267820194416856,0.13222379481720598
O60885,BRD4,Lasso,-0.0115042990212314,-0.005240081246987056
O60885,BRD4,Lasso,0.0234271267630109,0.12210908622529368
O60885,BRD4,Lasso,-0.0659842650470679,0.02248593565285623
O60885,BRD4,Lasso,-0.3678819631019751,0.09019644213535769
O60885,BRD4,Lasso,1.2025397226575614,0.255290449061243
O60885,BRD4,Lasso,1.0613642937946244,0.19970395160086557
O60885,BRD4,Lasso,-0.2264049606934455,-0.06397153420314365
O60885,BRD4,Lasso,0.2287353895821515,0.3420907921951347
O60885,BRD4,Lasso,-1.1623816609263529,0.043371686471705355
O60885,BRD4,Lasso,0.4826907705502332,0.11176876289790001
O60885,BRD4,Lasso,0.0617967301346486,-0.17592430514295737
O60885,BRD4,Lasso,1.088382747534459,0.145198372808567
O60885,BRD4,Lasso,1.2548838159854998,0.21272032399292368
O60885,BRD4,Lasso,0.5644767169552534,0.03803575511639212
O60885,BRD4,Lasso,-0.6463678283138243,-0.055865958937094694
O60885,BRD4,Lasso,0.4153156550871595,-0.07349748500503768
O60885,BRD4,ElasticNet,0.8089384026830287,0.36653700120539845
O60885,BRD4,ElasticNet,0.768913409151204,0.025109206544968198
O60885,BRD4,ElasticNet,-0.267820194416856,0.21468768411105327
O60885,BRD4,ElasticNet,-0.0115042990212314,0.02586991599219951
O60885,BRD4,ElasticNet,0.0234271267630109,0.19814270240039228
O60885,BRD4,ElasticNet,-0.0659842650470679,0.04475119229298243
O60885,BRD4,ElasticNet,-0.3678819631019751,0.1823474121364872
O60885,BRD4,ElasticNet,1.2025397226575614,0.38767420972735317
O60885,BRD4,ElasticNet,1.0613642937946244,0.29312792683676003
O60885,BRD4,ElasticNet,-0.2264049606934455,-0.06987787114398697
O60885,BRD4,ElasticNet,0.2287353895821515,0.5139378519712345
O60885,BRD4,ElasticNet,-1.1623816609263529,0.08742417892299861
O60885,BRD4,ElasticNet,0.4826907705502332,0.17162847779508592
O60885,BRD4,ElasticNet,0.0617967301346486,-0.2577349424942773
O60885,BRD4,ElasticNet,1.088382747534459,0.25066458613991677
O60885,BRD4,ElasticNet,1.2548838159854998,0.31768780881707837
O60885,BRD4,ElasticNet,0.5644767169552534,0.06567153320212434
O60885,BRD4,ElasticNet,-0.6463678283138243,-0.03079385171922855
O60885,BRD4,ElasticNet,0.4153156550871595,-0.08090127821957266
O60885,BRD4,GradientBoosting,0.8089384026830287,0.5854004344735259
O60885,BRD4,GradientBoosting,0.768913409151204,-0.25570192897911725
O60885,BRD4,GradientBoosting,-0.267820194416856,-0.3569050577276814
O60885,BRD4,GradientBoosting,-0.0115042990212314,-0.09849407478328502
O60885,BRD4,GradientBoosting,0.0234271267630109,0.3752311756630776
O60885,BRD4,GradientBoosting,-0.0659842650470679,0.049348329915236064
O60885,BRD4,GradientBoosting,-0.3678819631019751,0.6764779474382543
O60885,BRD4,GradientBoosting,1.2025397226575614,0.5259681320971235
O60885,BRD4,GradientBoosting,1.0613642937946244,0.9248154507188446
O60885,BRD4,GradientBoosting,-0.2264049606934455,0.3343375680429478
O60885,BRD4,GradientBoosting,0.2287353895821515,1.5682227348548405
O60885,BRD4,GradientBoosting,-1.1623816609263529,-0.05810098059605687
O60885,BRD4,GradientBoosting,0.4826907705502332,0.24199611573397986
O60885,BRD4,GradientBoosting,0.0617967301346486,0.10080769888121639
O60885,BRD4,GradientBoosting,1.088382747534459,0.4840221349548962
O60885,BRD4,GradientBoosting,1.2548838159854998,0.8474607965008614
O60885,BRD4,GradientBoosting,0.5644767169552534,-1.3836904356089264
O60885,BRD4,GradientBoosting,-0.6463678283138243,-0.5078345473608035
O60885,BRD4,GradientBoosting,0.4153156550871595,-0.5030607807675871
O60885,BRD4,MLP,0.8089384026830287,0.34885659668972024
O60885,BRD4,MLP,0.768913409151204,-0.3693875242791242
O60885,BRD4,MLP,-0.267820194416856,0.43651082876636066
O60885,BRD4,MLP,-0.0115042990212314,-0.06630936579362717
O60885,BRD4,MLP,0.0234271267630109,0.5809701554609616
O60885,BRD4,MLP,-0.0659842650470679,0.0752034980959797
O60885,BRD4,MLP,-0.3678819631019751,0.9426536869785185
O60885,BRD4,MLP,1.2025397226575614,0.3013915578907171
O60885,BRD4,MLP,1.0613642937946244,0.3013915578907171
O60885,BRD4,MLP,-0.2264049606934455,0.7326366544431973
O60885,BRD4,MLP,0.2287353895821515,1.0065819571032164
O60885,BRD4,MLP,-1.1623816609263529,0.7348064827454157
O60885,BRD4,MLP,0.4826907705502332,0.17037079505234565
O60885,BRD4,MLP,0.0617967301346486,-0.006118098545970618
O60885,BRD4,MLP,1.088382747534459,0.511165429445154
O60885,BRD4,MLP,1.2548838159854998,0.4600380097927488
O60885,BRD4,MLP,0.5644767169552534,-0.08622345619882871
O60885,BRD4,MLP,-0.6463678283138243,0.29234001376129914
O60885,BRD4,MLP,0.4153156550871595,-0.14764133138571295
O75385,ULK1,RandomForest,0.0682806074640931,-0.7572975579722797
O75385,ULK1,RandomForest,0.0007238777495583,-0.8614094027838795
O75385,ULK1,RandomForest,-0.118525489395746,0.07126821234540065
O75385,ULK1,RandomForest,-0.551538189606844,-0.0010504063848675949
O75385,ULK1,RandomForest,-0.177381289229222,-0.41722850586517063
O75385,ULK1,RandomForest,-0.1050730246349621,-0.1516269015771184
O75385,ULK1,RandomForest,-0.9204231340000016,-0.14789617599643318
O75385,ULK1,RandomForest,0.0811024468313895,0.07616741243325383
O75385,ULK1,RandomForest,-0.0602045559825024,-0.05789996515581634
O75385,ULK1,RandomForest,-0.8085846095816304,-0.1397754838711752
O75385,ULK1,RandomForest,-0.3197788233595852,-0.07484869412991856
O75385,ULK1,RandomForest,-0.0603344158185571,-0.0911217359234109
O75385,ULK1,RandomForest,-0.0939760007784611,-0.2836220582368445
O75385,ULK1,RandomForest,-0.3375446819223615,-0.33663133509975973
O75385,ULK1,RandomForest,0.2552895122448545,-0.20292124454267405
O75385,ULK1,RandomForest,0.140273792419391,-0.35969733771137186
O75385,ULK1,RandomForest,-0.078849678537309,-0.301157498018926
O75385,ULK1,RandomForest,-0.691960181333449,-0.12301299247175007
O75385,ULK1,RandomForest,0.487470747873014,-0.342359807944972
O75385,ULK1,XGBoost,0.0682806074640931,0.03518071398139
O75385,ULK1,XGBoost,0.0007238777495583,-0.6253710389137268
O75385,ULK1,XGBoost,-0.118525489395746,0.06414423882961273
O75385,ULK1,XGBoost,-0.551538189606844,-0.053611718118190765
O75385,ULK1,XGBoost,-0.177381289229222,-0.3838644325733185
O75385,ULK1,XGBoost,-0.1050730246349621,-0.09049682319164276
O75385,ULK1,XGBoost,-0.9204231340000016,-0.13143247365951538
O75385,ULK1,XGBoost,0.0811024468313895,0.11631244421005249
O75385,ULK1,XGBoost,-0.0602045559825024,-0.18752726912498474
O75385,ULK1,XGBoost,-0.8085846095816304,-0.17948025465011597
O75385,ULK1,XGBoost,-0.3197788233595852,0.01164048071950674
O75385,ULK1,XGBoost,-0.0603344158185571,0.1546086072921753
O75385,ULK1,XGBoost,-0.0939760007784611,-0.2820601165294647
O75385,ULK1,XGBoost,-0.3375446819223615,-0.06411074846982956
O75385,ULK1,XGBoost,0.2552895122448545,-0.10176283866167068
O75385,ULK1,XGBoost,0.140273792419391,-0.5645554065704346
O75385,ULK1,XGBoost,-0.078849678537309,-0.33792343735694885
O75385,ULK1,XGBoost,-0.691960181333449,0.014043032191693783
O75385,ULK1,XGBoost,0.487470747873014,-0.26638948917388916
O75385,ULK1,PLS,0.0682806074640931,-0.25543132872957325
O75385,ULK1,PLS,0.0007238777495583,-0.08071932658262211
O75385,ULK1,PLS,-0.118525489395746,0.35333245067087027
O75385,ULK1,PLS,-0.551538189606844,0.13318440291184513
O75385,ULK1,PLS,-0.177381289229222,-0.43796638265419513
O75385,ULK1,PLS,-0.1050730246349621,0.1345972626900125
O75385,ULK1,PLS,-0.9204231340000016,0.09299979903979455
O75385,ULK1,PLS,0.0811024468313895,0.11786135707383888
O75385,ULK1,PLS,-0.0602045559825024,0.15032653941772806
O75385,ULK1,PLS,-0.8085846095816304,-0.1319237567708631
O75385,ULK1,PLS,-0.3197788233595852,-0.07351500650198725
O75385,ULK1,PLS,-0.0603344158185571,-0.1331880376056161
O75385,ULK1,PLS,-0.0939760007784611,0.02578921975250692
O75385,ULK1,PLS,-0.3375446819223615,-0.18397252954379284
O75385,ULK1,PLS,0.2552895122448545,0.08498259435720984
O75385,ULK1,PLS,0.140273792419391,-0.18523540549256087
O75385,ULK1,PLS,-0.078849678537309,0.026478056252946386
O75385,ULK1,PLS,-0.691960181333449,-0.231355948875008
O75385,ULK1,PLS,0.487470747873014,-0.2533205336949126
O75385,ULK1,SVR,0.0682806074640931,-0.07496416513578594
O75385,ULK1,SVR,0.0007238777495583,-0.07098029677540968
O75385,ULK1,SVR,-0.118525489395746,0.2648402595826564
O75385,ULK1,SVR,-0.551538189606844,0.14363348016417823
O75385,ULK1,SVR,-0.177381289229222,-0.2900644585045644
O75385,ULK1,SVR,-0.1050730246349621,-0.017710916761247142
O75385,ULK1,SVR,-0.9204231340000016,0.006764138267171427
O75385,ULK1,SVR,0.0811024468313895,0.03314654349670304
O75385,ULK1,SVR,-0.0602045559825024,0.03760128687564013
O75385,ULK1,SVR,-0.8085846095816304,-0.09613122187928003
O75385,ULK1,SVR,-0.3197788233595852,-0.08632204547147243
O75385,ULK1,SVR,-0.0603344158185571,0.04186415264565496
O75385,ULK1,SVR,-0.0939760007784611,-0.049387685785534464
O75385,ULK1,SVR,-0.3375446819223615,-0.13365723852135442
O75385,ULK1,SVR,0.2552895122448545,0.10853038890666178
O75385,ULK1,SVR,0.140273792419391,-0.08334787564490126
O75385,ULK1,SVR,-0.078849678537309,-0.017483247731857915
O75385,ULK1,SVR,-0.691960181333449,0.08637017567689476
O75385,ULK1,SVR,0.487470747873014,0.0780134250819508
O75385,ULK1,Lasso,0.0682806074640931,-0.11284058573749788
O75385,ULK1,Lasso,0.0007238777495583,-0.19166054903032098
O75385,ULK1,Lasso,-0.118525489395746,-0.10250668871945641
O75385,ULK1,Lasso,-0.551538189606844,-0.041530117919549914
O75385,ULK1,Lasso,-0.177381289229222,-0.2269697697005983
O75385,ULK1,Lasso,-0.1050730246349621,-0.06435656333919443
O75385,ULK1,Lasso,-0.9204231340000016,-0.14976865688066024
O75385,ULK1,Lasso,0.0811024468313895,-0.027297508446697732
O75385,ULK1,Lasso,-0.0602045559825024,-0.04475991986071387
O75385,ULK1,Lasso,-0.8085846095816304,-0.24322599076420218
O75385,ULK1,Lasso,-0.3197788233595852,-0.09774490377052958
O75385,ULK1,Lasso,-0.0603344158185571,0.003395309635000343
O75385,ULK1,Lasso,-0.0939760007784611,-0.09882413820075195
O75385,ULK1,Lasso,-0.3375446819223615,-0.4429383805226508
O75385,ULK1,Lasso,0.2552895122448545,-0.0349772848920854
O75385,ULK1,Lasso,0.140273792419391,-0.18369410318869678
O75385,ULK1,Lasso,-0.078849678537309,-0.07518860557008367
O75385,ULK1,Lasso,-0.691960181333449,-0.31803430819119954
O75385,ULK1,Lasso,0.487470747873014,-0.17074510164035392
O75385,ULK1,ElasticNet,0.0682806074640931,-0.17023949633253696
O75385,ULK1,ElasticNet,0.0007238777495583,-0.27980797629973786
O75385,ULK1,ElasticNet,-0.118525489395746,-0.0661230575262303
O75385,ULK1,ElasticNet,-0.551538189606844,0.05785878416672269
O75385,ULK1,ElasticNet,-0.177381289229222,-0.279548390613917
O75385,ULK1,ElasticNet,-0.1050730246349621,-0.06550722227614669
O75385,ULK1,ElasticNet,-0.9204231340000016,-0.04698426356113167
O75385,ULK1,ElasticNet,0.0811024468313895,0.03159423307435788
O75385,ULK1,ElasticNet,-0.0602045559825024,0.0327350781626585
O75385,ULK1,ElasticNet,-0.8085846095816304,-0.1742734343230856
O75385,ULK1,ElasticNet,-0.3197788233595852,-0.07852470944278005
O75385,ULK1,ElasticNet,-0.0603344158185571,-0.01998277473113494
O75385,ULK1,ElasticNet,-0.0939760007784611,-0.0623871801397102
O75385,ULK1,ElasticNet,-0.3375446819223615,-0.47506089203601
O75385,ULK1,ElasticNet,0.2552895122448545,-0.020474138062667735
O75385,ULK1,ElasticNet,0.140273792419391,-0.1828625874333876
O75385,ULK1,ElasticNet,-0.078849678537309,-0.03832001236696092
O75385,ULK1,ElasticNet,-0.691960181333449,-0.3091736594045231
O75385,ULK1,ElasticNet,0.487470747873014,-0.24824904980821955
O75385,ULK1,GradientBoosting,0.0682806074640931,-0.7091008774892948
O75385,ULK1,GradientBoosting,0.0007238777495583,-0.315431471339309
O75385,ULK1,GradientBoosting,-0.118525489395746,0.04788764093627822
O75385,ULK1,GradientBoosting,-0.551538189606844,-0.08096953622513371
O75385,ULK1,GradientBoosting,-0.177381289229222,-0.3911213623226235
O75385,ULK1,GradientBoosting,-0.1050730246349621,-0.2569573413367687
O75385,ULK1,GradientBoosting,-0.9204231340000016,-0.2551549633255649
O75385,ULK1,GradientBoosting,0.0811024468313895,0.14897614498385084
O75385,ULK1,GradientBoosting,-0.0602045559825024,-0.17320948022008134
O75385,ULK1,GradientBoosting,-0.8085846095816304,-0.24067346795757652
O75385,ULK1,GradientBoosting,-0.3197788233595852,0.040446809476260726
O75385,ULK1,GradientBoosting,-0.0603344158185571,-0.0018236762310743224
O75385,ULK1,GradientBoosting,-0.0939760007784611,-0.36683881511361
O75385,ULK1,GradientBoosting,-0.3375446819223615,-0.005046511070192637
O75385,ULK1,GradientBoosting,0.2552895122448545,-0.244445731349306
O75385,ULK1,GradientBoosting,0.140273792419391,-0.4489229034031783
O75385,ULK1,GradientBoosting,-0.078849678537309,-0.3591190700809051
O75385,ULK1,GradientBoosting,-0.691960181333449,-0.15240332170474563
O75385,ULK1,GradientBoosting,0.487470747873014,-0.242830891049777
O75385,ULK1,MLP,0.0682806074640931,-1.0659605956060938
O75385,ULK1,MLP,0.0007238777495583,0.2196793395030729
O75385,ULK1,MLP,-0.118525489395746,-0.09723528083431604
O75385,ULK1,MLP,-0.551538189606844,-0.15317506708381
O75385,ULK1,MLP,-0.177381289229222,-0.3473727324446987
O75385,ULK1,MLP,-0.1050730246349621,0.02863540964191208
O75385,ULK1,MLP,-0.9204231340000016,-0.34855602277098274
O75385,ULK1,MLP,0.0811024468313895,-0.10281078956230633
O75385,ULK1,MLP,-0.0602045559825024,-0.36437376748184536
O75385,ULK1,MLP,-0.8085846095816304,-0.0001253996900034693
O75385,ULK1,MLP,-0.3197788233595852,-0.40404517244042293
O75385,ULK1,MLP,-0.0603344158185571,-0.2779714860085105
O75385,ULK1,MLP,-0.0939760007784611,-0.1425728985243938
O75385,ULK1,MLP,-0.3375446819223615,-0.21345453813441562
O75385,ULK1,MLP,0.2552895122448545,-0.3405022004600283
O75385,ULK1,MLP,0.140273792419391,-0.4373158810174811
O75385,ULK1,MLP,-0.078849678537309,-0.10798658561348506
O75385,ULK1,MLP,-0.691960181333449,0.20808405017823028
O75385,ULK1,MLP,0.487470747873014,-0.28023371746951764
O75676,RPS6KA4,RandomForest,-0.6749932666576581,-0.39242885096391256
O75676,RPS6KA4,RandomForest,0.0187247651831333,-0.8820116495564703
O75676,RPS6KA4,RandomForest,-1.021300532827209,-0.1255131077922162
O75676,RPS6KA4,RandomForest,0.9204155088634568,-0.04360172849233173
O75676,RPS6KA4,RandomForest,0.5420351797393478,-0.44671997665967716
O75676,RPS6KA4,RandomForest,-0.6612786003945471,-0.35004161090801894
O75676,RPS6KA4,RandomForest,-0.0916459972026281,0.2204524949469024
O75676,RPS6KA4,RandomForest,-1.0532407474004406,-0.3209558523189146
O75676,RPS6KA4,RandomForest,1.0614112015864088,0.08156070407446825
O75676,RPS6KA4,RandomForest,-0.4658797632613559,0.09272860664579667
O75676,RPS6KA4,RandomForest,-0.1673824447372163,0.13911676060623915
O75676,RPS6KA4,RandomForest,0.5561528450335796,-0.33037370892214774
O75676,RPS6KA4,RandomForest,0.1715753293589585,0.11034227505460087
O75676,RPS6KA4,RandomForest,-0.1145573018804275,-0.4686322589295879
O75676,RPS6KA4,RandomForest,0.6241989975792753,-0.3091749432439943
O75676,RPS6KA4,RandomForest,0.4402208502865481,0.15846669794114568
O75676,RPS6KA4,RandomForest,0.5064420764370726,-0.38783670731247505
O75676,RPS6KA4,RandomForest,0.4121750865230112,-0.8718108249458157
O75676,RPS6KA4,RandomForest,-0.001384524893065,-0.10177618029703187
O75676,RPS6KA4,XGBoost,-0.6749932666576581,-0.09072064608335495
O75676,RPS6KA4,XGBoost,0.0187247651831333,-0.9647924304008484
O75676,RPS6KA4,XGBoost,-1.021300532827209,-0.2660459280014038
O75676,RPS6KA4,XGBoost,0.9204155088634568,-0.16409258544445038
O75676,RPS6KA4,XGBoost,0.5420351797393478,-0.619656503200531
O75676,RPS6KA4,XGBoost,-0.6612786003945471,-0.29505428671836853
O75676,RPS6KA4,XGBoost,-0.0916459972026281,0.42921048402786255
O75676,RPS6KA4,XGBoost,-1.0532407474004406,-1.0921934843063354
O75676,RPS6KA4,XGBoost,1.0614112015864088,0.2801167070865631
O75676,RPS6KA4,XGBoost,-0.4658797632613559,0.12673065066337585
O75676,RPS6KA4,XGBoost,-0.1673824447372163,0.8162665367126465
O75676,RPS6KA4,XGBoost,0.5561528450335796,-0.403622567653656
O75676,RPS6KA4,XGBoost,0.1715753293589585,0.2552817165851593
O75676,RPS6KA4,XGBoost,-0.1145573018804275,-0.6224621534347534
O75676,RPS6KA4,XGBoost,0.6241989975792753,-0.4306204617023468
O75676,RPS6KA4,XGBoost,0.4402208502865481,0.6868341565132141
O75676,RPS6KA4,XGBoost,0.5064420764370726,-0.3432198464870453
O75676,RPS6KA4,XGBoost,0.4121750865230112,-1.3408818244934082
O75676,RPS6KA4,XGBoost,-0.001384524893065,-0.018071461468935013
O75676,RPS6KA4,PLS,-0.6749932666576581,-0.14629412540175651
O75676,RPS6KA4,PLS,0.0187247651831333,-0.46940962331101077
O75676,RPS6KA4,PLS,-1.021300532827209,-1.099445630726153
O75676,RPS6KA4,PLS,0.9204155088634568,-0.1413247971413444
O75676,RPS6KA4,PLS,0.5420351797393478,-0.2846174425156931
O75676,RPS6KA4,PLS,-0.6612786003945471,-0.28955592673009933
O75676,RPS6KA4,PLS,-0.0916459972026281,0.16560599254719127
O75676,RPS6KA4,PLS,-1.0532407474004406,0.6007610066285802
O75676,RPS6KA4,PLS,1.0614112015864088,0.3852254838042743
O75676,RPS6KA4,PLS,-0.4658797632613559,-0.3643868481556892
O75676,RPS6KA4,PLS,-0.1673824447372163,-0.13152092943491153
O75676,RPS6KA4,PLS,0.5561528450335796,-0.6241552472417693
O75676,RPS6KA4,PLS,0.1715753293589585,-0.02275399478404605
O75676,RPS6KA4,PLS,-0.1145573018804275,-0.25944206619377347
O75676,RPS6KA4,PLS,0.6241989975792753,-0.43855513709524246
O75676,RPS6KA4,PLS,0.4402208502865481,-0.1881486121555074
O75676,RPS6KA4,PLS,0.5064420764370726,-0.04910841320959808
O75676,RPS6KA4,PLS,0.4121750865230112,-0.9855665653856014
O75676,RPS6KA4,PLS,-0.001384524893065,-0.14918322908293208
O75676,RPS6KA4,SVR,-0.6749932666576581,0.024319578196937197
O75676,RPS6KA4,SVR,0.0187247651831333,0.036968854431855824
O75676,RPS6KA4,SVR,-1.021300532827209,-0.7052581142881555
O75676,RPS6KA4,SVR,0.9204155088634568,-0.1374439985087344
O75676,RPS6KA4,SVR,0.5420351797393478,-0.057834718591057654
O75676,RPS6KA4,SVR,-0.6612786003945471,-0.07310223127980109
O75676,RPS6KA4,SVR,-0.0916459972026281,0.15533177583100244
O75676,RPS6KA4,SVR,-1.0532407474004406,0.6976627022934867
O75676,RPS6KA4,SVR,1.0614112015864088,0.5334063063942183
O75676,RPS6KA4,SVR,-0.4658797632613559,-0.17323331348398036
O75676,RPS6KA4,SVR,-0.1673824447372163,0.22273266273318937
O75676,RPS6KA4,SVR,0.5561528450335796,-0.5205333141503468
O75676,RPS6KA4,SVR,0.1715753293589585,0.2195070986888743
O75676,RPS6KA4,SVR,-0.1145573018804275,0.06910016319783718
O75676,RPS6KA4,SVR,0.6241989975792753,-0.21855997481687983
O75676,RPS6KA4,SVR,0.4402208502865481,0.19722236017683414
O75676,RPS6KA4,SVR,0.5064420764370726,0.1663198072310741
O75676,RPS6KA4,SVR,0.4121750865230112,-0.7269516615131082
O75676,RPS6KA4,SVR,-0.001384524893065,-0.2214680952974306
O75676,RPS6KA4,Lasso,-0.6749932666576581,-0.30058058513884445
O75676,RPS6KA4,Lasso,0.0187247651831333,-0.2974244263595948
O75676,RPS6KA4,Lasso,-1.021300532827209,-0.3038210473764634
O75676,RPS6KA4,Lasso,0.9204155088634568,-0.2942522167725487
O75676,RPS6KA4,Lasso,0.5420351797393478,-0.3229417732810948
O75676,RPS6KA4,Lasso,-0.6612786003945471,-0.3060778196849505
O75676,RPS6KA4,Lasso,-0.0916459972026281,-0.28497411387894017
O75676,RPS6KA4,Lasso,-1.0532407474004406,-0.06396543019657702
O75676,RPS6KA4,Lasso,1.0614112015864088,-0.10659433455416623
O75676,RPS6KA4,Lasso,-0.4658797632613559,-0.35163932782515733
O75676,RPS6KA4,Lasso,-0.1673824447372163,-0.3222110233749147
O75676,RPS6KA4,Lasso,0.5561528450335796,-0.4588328651543106
O75676,RPS6KA4,Lasso,0.1715753293589585,-0.2330878493855386
O75676,RPS6KA4,Lasso,-0.1145573018804275,-0.32874725234839264
O75676,RPS6KA4,Lasso,0.6241989975792753,-0.4426456300059912
O75676,RPS6KA4,Lasso,0.4402208502865481,-0.31161445869657173
O75676,RPS6KA4,Lasso,0.5064420764370726,-0.2681528408271728
O75676,RPS6KA4,Lasso,0.4121750865230112,-0.5308984765965089
O75676,RPS6KA4,Lasso,-0.001384524893065,-0.30682594478816866
O75676,RPS6KA4,ElasticNet,-0.6749932666576581,-0.23707075040938824
O75676,RPS6KA4,ElasticNet,0.0187247651831333,-0.3259533297167989
O75676,RPS6KA4,ElasticNet,-1.021300532827209,-0.42208113292240984
O75676,RPS6KA4,ElasticNet,0.9204155088634568,-0.26206806723471976
O75676,RPS6KA4,ElasticNet,0.5420351797393478,-0.3162012359424852
O75676,RPS6KA4,ElasticNet,-0.6612786003945471,-0.2975802528362367
O75676,RPS6KA4,ElasticNet,-0.0916459972026281,-0.20685979658085246
O75676,RPS6KA4,ElasticNet,-1.0532407474004406,0.18612904962569354
O75676,RPS6KA4,ElasticNet,1.0614112015864088,0.06021887278859772
O75676,RPS6KA4,ElasticNet,-0.4658797632613559,-0.3815190520060578
O75676,RPS6KA4,ElasticNet,-0.1673824447372163,-0.26826100129639574
O75676,RPS6KA4,ElasticNet,0.5561528450335796,-0.5235889550105342
O75676,RPS6KA4,ElasticNet,0.1715753293589585,-0.15454312605437467
O75676,RPS6KA4,ElasticNet,-0.1145573018804275,-0.30827809444065557
O75676,RPS6KA4,ElasticNet,0.6241989975792753,-0.47135505112937603
O75676,RPS6KA4,ElasticNet,0.4402208502865481,-0.25848069205602386
O75676,RPS6KA4,ElasticNet,0.5064420764370726,-0.19094214740742654
O75676,RPS6KA4,ElasticNet,0.4121750865230112,-0.6511382121316116
O75676,RPS6KA4,ElasticNet,-0.001384524893065,-0.26100091046799834
O75676,RPS6KA4,GradientBoosting,-0.6749932666576581,-0.10354356662010909
O75676,RPS6KA4,GradientBoosting,0.0187247651831333,-1.2594980718591642
O75676,RPS6KA4,GradientBoosting,-1.021300532827209,-0.2472724004805394
O75676,RPS6KA4,GradientBoosting,0.9204155088634568,0.15150345835205994
O75676,RPS6KA4,GradientBoosting,0.5420351797393478,-0.6334294904121182
O75676,RPS6KA4,GradientBoosting,-0.6612786003945471,-0.40317241065796083
O75676,RPS6KA4,GradientBoosting,-0.0916459972026281,0.06470285593292105
O75676,RPS6KA4,GradientBoosting,-1.0532407474004406,-1.0040026987278703
O75676,RPS6KA4,GradientBoosting,1.0614112015864088,0.5293855815656527
O75676,RPS6KA4,GradientBoosting,-0.4658797632613559,0.335443446192447
O75676,RPS6KA4,GradientBoosting,-0.1673824447372163,0.6118858303366452
O75676,RPS6KA4,GradientBoosting,0.5561528450335796,-0.0700945985790463
O75676,RPS6KA4,GradientBoosting,0.1715753293589585,0.4090333629247119
O75676,RPS6KA4,GradientBoosting,-0.1145573018804275,-0.5259075935713978
O75676,RPS6KA4,GradientBoosting,0.6241989975792753,-0.6411889791110553
O75676,RPS6KA4,GradientBoosting,0.4402208502865481,0.17545637722240054
O75676,RPS6KA4,GradientBoosting,0.5064420764370726,-0.33206402358415704
O75676,RPS6KA4,GradientBoosting,0.4121750865230112,-1.6861819479874014
O75676,RPS6KA4,GradientBoosting,-0.001384524893065,0.17213000116320537
O75676,RPS6KA4,MLP,-0.6749932666576581,-0.2918044708554073
O75676,RPS6KA4,MLP,0.0187247651831333,-0.8013455538183599
O75676,RPS6KA4,MLP,-1.021300532827209,-2.383146658921777
O75676,RPS6KA4,MLP,0.9204155088634568,-0.6030610873122513
O75676,RPS6KA4,MLP,0.5420351797393478,-0.6492416125735241
O75676,RPS6KA4,MLP,-0.6612786003945471,-0.6764484944022056
O75676,RPS6KA4,MLP,-0.0916459972026281,-0.4300718095669349
O75676,RPS6KA4,MLP,-1.0532407474004406,1.6879405952200548
O75676,RPS6KA4,MLP,1.0614112015864088,0.5260965578725479
O75676,RPS6KA4,MLP,-0.4658797632613559,-0.5313638630414804
O75676,RPS6KA4,MLP,-0.1673824447372163,0.04895555403644314
O75676,RPS6KA4,MLP,0.5561528450335796,-0.360761538937699
O75676,RPS6KA4,MLP,0.1715753293589585,-0.02431723769798777
O75676,RPS6KA4,MLP,-0.1145573018804275,-0.1303353791993067
O75676,RPS6KA4,MLP,0.6241989975792753,-0.30127686992985714
O75676,RPS6KA4,MLP,0.4402208502865481,-0.18376738192282938
O75676,RPS6KA4,MLP,0.5064420764370726,0.13143178521112986
O75676,RPS6KA4,MLP,0.4121750865230112,-0.6378635324307969
O75676,RPS6KA4,MLP,-0.001384524893065,-0.12292719687842424
O76039,CDKL5,RandomForest,-0.4560142875910944,0.40236292102363586
O76039,CDKL5,RandomForest,0.9186110933176382,0.7098344358613281
O76039,CDKL5,RandomForest,0.5317679389676548,0.80180741783826
O76039,CDKL5,RandomForest,0.591213760168429,0.3525209171869312
O76039,CDKL5,RandomForest,-1.1822660469314488,-0.15353727995786015
O76039,CDKL5,RandomForest,1.0248462662844915,0.7343412780616722
O76039,CDKL5,RandomForest,0.5521467867408117,0.4802535784014664
O76039,CDKL5,RandomForest,-2.7372936824149816,0.7296335201954021
O76039,CDKL5,RandomForest,0.9129270763421106,0.11303161462965716
O76039,CDKL5,RandomForest,-0.0038501943836553,0.4557495870474216
O76039,CDKL5,RandomForest,-0.3427643184182262,0.31473852922424933
O76039,CDKL5,RandomForest,0.6629878197293269,0.7716239278846814
O76039,CDKL5,RandomForest,2.275256548756899,0.143808274147393
O76039,CDKL5,RandomForest,0.9893425855197872,0.39384817024824875
O76039,CDKL5,RandomForest,-0.0896559188971331,0.487888974861287
O76039,CDKL5,RandomForest,-0.8053773250543637,0.050048664092697114
O76039,CDKL5,RandomForest,-0.5240470312747634,0.818598051615401
O76039,CDKL5,RandomForest,1.0622069286261873,0.8290273583869273
O76039,CDKL5,RandomForest,0.5774444236844489,0.5155608071846863
O76039,CDKL5,XGBoost,-0.4560142875910944,-0.09450417011976242
O76039,CDKL5,XGBoost,0.9186110933176382,0.7507803440093994
O76039,CDKL5,XGBoost,0.5317679389676548,1.2268730401992798
O76039,CDKL5,XGBoost,0.591213760168429,0.07985404878854752
O76039,CDKL5,XGBoost,-1.1822660469314488,-0.08858881145715714
O76039,CDKL5,XGBoost,1.0248462662844915,0.653353214263916
O76039,CDKL5,XGBoost,0.5521467867408117,0.4475809633731842
O76039,CDKL5,XGBoost,-2.7372936824149816,-0.06104639172554016
O76039,CDKL5,XGBoost,0.9129270763421106,0.2982805371284485
O76039,CDKL5,XGBoost,-0.0038501943836553,0.5164504647254944
O76039,CDKL5,XGBoost,-0.3427643184182262,0.3032171130180359
O76039,CDKL5,XGBoost,0.6629878197293269,1.682958722114563
O76039,CDKL5,XGBoost,2.275256548756899,0.3329523205757141
O76039,CDKL5,XGBoost,0.9893425855197872,0.6242725253105164
O76039,CDKL5,XGBoost,-0.0896559188971331,0.20314942300319672
O76039,CDKL5,XGBoost,-0.8053773250543637,0.2681691646575928
O76039,CDKL5,XGBoost,-0.5240470312747634,0.6799260377883911
O76039,CDKL5,XGBoost,1.0622069286261873,0.6908411979675293
O76039,CDKL5,XGBoost,0.5774444236844489,0.651091992855072
O76039,CDKL5,PLS,-0.4560142875910944,0.4010715579510856
O76039,CDKL5,PLS,0.9186110933176382,0.3757414871836039
O76039,CDKL5,PLS,0.5317679389676548,0.3275740886990487
O76039,CDKL5,PLS,0.591213760168429,0.28086357606680273
O76039,CDKL5,PLS,-1.1822660469314488,0.22814703688478222
O76039,CDKL5,PLS,1.0248462662844915,0.3670842641805639
O76039,CDKL5,PLS,0.5521467867408117,0.32169879035441784
O76039,CDKL5,PLS,-2.7372936824149816,0.37522367472936163
O76039,CDKL5,PLS,0.9129270763421106,0.3250446770288596
O76039,CDKL5,PLS,-0.0038501943836553,0.2773081430435782
O76039,CDKL5,PLS,-0.3427643184182262,0.2814162681132959
O76039,CDKL5,PLS,0.6629878197293269,0.28721911929736504
O76039,CDKL5,PLS,2.275256548756899,0.3451187387605422
O76039,CDKL5,PLS,0.9893425855197872,0.32289492261883923
O76039,CDKL5,PLS,-0.0896559188971331,0.33453880791816715
O76039,CDKL5,PLS,-0.8053773250543637,0.3389669774152249
O76039,CDKL5,PLS,-0.5240470312747634,0.2996262580643239
O76039,CDKL5,PLS,1.0622069286261873,0.32185557344671895
O76039,CDKL5,PLS,0.5774444236844489,0.5000066627407308
O76039,CDKL5,SVR,-0.4560142875910944,0.2381370718188271
O76039,CDKL5,SVR,0.9186110933176382,0.42012093305588144
O76039,CDKL5,SVR,0.5317679389676548,0.22384698688180088
O76039,CDKL5,SVR,0.591213760168429,0.22139275873365122
O76039,CDKL5,SVR,-1.1822660469314488,0.2739426440918334
O76039,CDKL5,SVR,1.0248462662844915,0.3527812879008749
O76039,CDKL5,SVR,0.5521467867408117,0.3597560218011739
O76039,CDKL5,SVR,-2.7372936824149816,0.29473367964185665
O76039,CDKL5,SVR,0.9129270763421106,0.22469585754468407
O76039,CDKL5,SVR,-0.0038501943836553,0.38374137328464214
O76039,CDKL5,SVR,-0.3427643184182262,0.29150423652834906
O76039,CDKL5,SVR,0.6629878197293269,0.24279679440938912
O76039,CDKL5,SVR,2.275256548756899,0.32578397864349057
O76039,CDKL5,SVR,0.9893425855197872,0.38940495556951155
O76039,CDKL5,SVR,-0.0896559188971331,0.32374294941152726
O76039,CDKL5,SVR,-0.8053773250543637,0.2374450975164492
O76039,CDKL5,SVR,-0.5240470312747634,0.2594139659384253
O76039,CDKL5,SVR,1.0622069286261873,0.2792453962943247
O76039,CDKL5,SVR,0.5774444236844489,0.40003275694807056
O76039,CDKL5,Lasso,-0.4560142875910944,0.33730438155075704
O76039,CDKL5,Lasso,0.9186110933176382,0.3487260215831908
O76039,CDKL5,Lasso,0.5317679389676548,0.33364494591650884
O76039,CDKL5,Lasso,0.591213760168429,0.3307099436351273
O76039,CDKL5,Lasso,-1.1822660469314488,0.32591400826421163
O76039,CDKL5,Lasso,1.0248462662844915,0.34420092118326295
O76039,CDKL5,Lasso,0.5521467867408117,0.34137512097463246
O76039,CDKL5,Lasso,-2.7372936824149816,0.33669011109911307
O76039,CDKL5,Lasso,0.9129270763421106,0.3384099394666792
O76039,CDKL5,Lasso,-0.0038501943836553,0.33933731519050875
O76039,CDKL5,Lasso,-0.3427643184182262,0.3386218899839279
O76039,CDKL5,Lasso,0.6629878197293269,0.3294457964406651
O76039,CDKL5,Lasso,2.275256548756899,0.34571875303929356
O76039,CDKL5,Lasso,0.9893425855197872,0.3465515950813185
O76039,CDKL5,Lasso,-0.0896559188971331,0.3391598987733598
O76039,CDKL5,Lasso,-0.8053773250543637,0.3402222685154246
O76039,CDKL5,Lasso,-0.5240470312747634,0.3360783251398664
O76039,CDKL5,Lasso,1.0622069286261873,0.33653505992208527
O76039,CDKL5,Lasso,0.5774444236844489,0.3600925570612201
O76039,CDKL5,ElasticNet,-0.4560142875910944,0.3294875452458765
O76039,CDKL5,ElasticNet,0.9186110933176382,0.3742916232804613
O76039,CDKL5,ElasticNet,0.5317679389676548,0.31513254550382475
O76039,CDKL5,ElasticNet,0.591213760168429,0.3036193065229703
O76039,CDKL5,ElasticNet,-1.1822660469314488,0.28480611839962305
O76039,CDKL5,ElasticNet,1.0248462662844915,0.35654084923601814
O76039,CDKL5,ElasticNet,0.5521467867408117,0.3454559811524414
O76039,CDKL5,ElasticNet,-2.7372936824149816,0.32707792445835016
O76039,CDKL5,ElasticNet,0.9129270763421106,0.3338243570343823
O76039,CDKL5,ElasticNet,-0.0038501943836553,0.33746220713120295
O76039,CDKL5,ElasticNet,-0.3427643184182262,0.3346557829493399
O76039,CDKL5,ElasticNet,0.6629878197293269,0.2986603908692594
O76039,CDKL5,ElasticNet,2.275256548756899,0.36249490283321256
O76039,CDKL5,ElasticNet,0.9893425855197872,0.3657619222573415
O76039,CDKL5,ElasticNet,-0.0896559188971331,0.33676624937242333
O76039,CDKL5,ElasticNet,-0.8053773250543637,0.34093364535845433
O76039,CDKL5,ElasticNet,-0.5240470312747634,0.3246780496784838
O76039,CDKL5,ElasticNet,1.0622069286261873,0.3264696996311642
O76039,CDKL5,ElasticNet,0.5774444236844489,0.4188795406981304
O76039,CDKL5,GradientBoosting,-0.4560142875910944,0.6912563042288362
O76039,CDKL5,GradientBoosting,0.9186110933176382,0.7919833314498484
O76039,CDKL5,GradientBoosting,0.5317679389676548,0.8594391650117947
O76039,CDKL5,GradientBoosting,0.591213760168429,-0.3279577930417085
O76039,CDKL5,GradientBoosting,-1.1822660469314488,0.0960847951894587
O76039,CDKL5,GradientBoosting,1.0248462662844915,0.5880131869323512
O76039,CDKL5,GradientBoosting,0.5521467867408117,0.35188531952104496
O76039,CDKL5,GradientBoosting,-2.7372936824149816,0.6763771314618461
O76039,CDKL5,GradientBoosting,0.9129270763421106,-0.16102601747949202
O76039,CDKL5,GradientBoosting,-0.0038501943836553,0.44770448210172104
O76039,CDKL5,GradientBoosting,-0.3427643184182262,-0.033579639030415456
O76039,CDKL5,GradientBoosting,0.6629878197293269,1.4655290946207797
O76039,CDKL5,GradientBoosting,2.275256548756899,0.23535440041020322
O76039,CDKL5,GradientBoosting,0.9893425855197872,-0.2731666843155232
O76039,CDKL5,GradientBoosting,-0.0896559188971331,0.19545096574206
O76039,CDKL5,GradientBoosting,-0.8053773250543637,-0.038057326771862306
O76039,CDKL5,GradientBoosting,-0.5240470312747634,0.5588905088760577
O76039,CDKL5,GradientBoosting,1.0622069286261873,0.9736039884908384
O76039,CDKL5,GradientBoosting,0.5774444236844489,0.7698961743295275
O76039,CDKL5,MLP,-0.4560142875910944,0.6145357200524681
O76039,CDKL5,MLP,0.9186110933176382,0.06030209331700809
O76039,CDKL5,MLP,0.5317679389676548,0.2948126518807447
O76039,CDKL5,MLP,0.591213760168429,0.11514582640706525
O76039,CDKL5,MLP,-1.1822660469314488,0.3465667238776384
O76039,CDKL5,MLP,1.0248462662844915,0.06355585066998926
O76039,CDKL5,MLP,0.5521467867408117,0.06030209331700809
O76039,CDKL5,MLP,-2.7372936824149816,0.727548084259196
O76039,CDKL5,MLP,0.9129270763421106,0.06030209331700809
O76039,CDKL5,MLP,-0.0038501943836553,0.06030209331700809
O76039,CDKL5,MLP,-0.3427643184182262,0.06030209331700809
O76039,CDKL5,MLP,0.6629878197293269,0.459543795069676
O76039,CDKL5,MLP,2.275256548756899,0.06030209331700809
O76039,CDKL5,MLP,0.9893425855197872,0.06030209331700809
O76039,CDKL5,MLP,-0.0896559188971331,0.1779894766714009
O76039,CDKL5,MLP,-0.8053773250543637,0.06030209331700809
O76039,CDKL5,MLP,-0.5240470312747634,0.06030209331700809
O76039,CDKL5,MLP,1.0622069286261873,0.1459018338559556
O76039,CDKL5,MLP,0.5774444236844489,0.06030209331700809
O94804,STK10,RandomForest,0.1039341901720497,0.26933570315483185
O94804,STK10,RandomForest,-0.206890669652866,0.3144127725101243
O94804,STK10,RandomForest,1.5989602480044598,0.25054772961701316
O94804,STK10,RandomForest,0.5381220251344245,0.3702422938045713
O94804,STK10,RandomForest,2.5766135684423874,0.9304233199631733
O94804,STK10,RandomForest,0.3269610924574461,0.7141918143531031
O94804,STK10,RandomForest,0.1537936165496853,0.18601134382023055
O94804,STK10,RandomForest,0.2085935280834117,0.15814676269936886
O94804,STK10,RandomForest,0.3160256365106475,0.17455084242139388
O94804,STK10,RandomForest,0.5383425949760164,0.4967299299205595
O94804,STK10,RandomForest,-0.4729422296961582,-0.11008369509524868
O94804,STK10,RandomForest,0.2304098845690068,-0.6986443572401615
O94804,STK10,RandomForest,0.4947136512869393,0.5130382834063727
O94804,STK10,RandomForest,-0.18732220173852,0.31431959078856075
O94804,STK10,RandomForest,-1.1612223747214083,-0.059371146828935545
O94804,STK10,RandomForest,0.0358539407936181,-0.07273444213978035
O94804,STK10,RandomForest,0.2686443907718988,0.2249152795615318
O94804,STK10,RandomForest,0.2835996409093905,0.3655869233077119
O94804,STK10,RandomForest,0.9732954690933362,0.37353106266736463
O94804,STK10,XGBoost,0.1039341901720497,0.5667333602905273
O94804,STK10,XGBoost,-0.206890669652866,0.15457509458065033
O94804,STK10,XGBoost,1.5989602480044598,0.49720218777656555
O94804,STK10,XGBoost,0.5381220251344245,0.1271492838859558
O94804,STK10,XGBoost,2.5766135684423874,1.1562265157699585
O94804,STK10,XGBoost,0.3269610924574461,0.6798416972160339
O94804,STK10,XGBoost,0.1537936165496853,0.6643776893615723
O94804,STK10,XGBoost,0.2085935280834117,1.050799012184143
O94804,STK10,XGBoost,0.3160256365106475,0.08337192237377167
O94804,STK10,XGBoost,0.5383425949760164,-0.03790181875228882
O94804,STK10,XGBoost,-0.4729422296961582,-0.4147186577320099
O94804,STK10,XGBoost,0.2304098845690068,-1.9787678718566895
O94804,STK10,XGBoost,0.4947136512869393,0.7414073348045349
O94804,STK10,XGBoost,-0.18732220173852,0.154670849442482
O94804,STK10,XGBoost,-1.1612223747214083,-0.10492265969514847
O94804,STK10,XGBoost,0.0358539407936181,0.36861419677734375
O94804,STK10,XGBoost,0.2686443907718988,-0.05717043951153755
O94804,STK10,XGBoost,0.2835996409093905,0.030437365174293518
O94804,STK10,XGBoost,0.9732954690933362,0.3995038568973541
O94804,STK10,PLS,0.1039341901720497,-0.43696104587424245
O94804,STK10,PLS,-0.206890669652866,0.15413449278726654
O94804,STK10,PLS,1.5989602480044598,-0.08238201268141926
O94804,STK10,PLS,0.5381220251344245,0.09895083899922516
O94804,STK10,PLS,2.5766135684423874,0.7242093603304751
O94804,STK10,PLS,0.3269610924574461,0.5687867222001122
O94804,STK10,PLS,0.1537936165496853,0.5523798934470903
O94804,STK10,PLS,0.2085935280834117,0.6746179676802581
O94804,STK10,PLS,0.3160256365106475,0.7629561063605266
O94804,STK10,PLS,0.5383425949760164,0.4430342972546666
O94804,STK10,PLS,-0.4729422296961582,0.07245938284611744
O94804,STK10,PLS,0.2304098845690068,0.9994232877839213
O94804,STK10,PLS,0.4947136512869393,0.5814841815945813
O94804,STK10,PLS,-0.18732220173852,1.192833224230637
O94804,STK10,PLS,-1.1612223747214083,-0.05956473744547214
O94804,STK10,PLS,0.0358539407936181,0.28455168305057776
O94804,STK10,PLS,0.2686443907718988,0.2798477050615377
O94804,STK10,PLS,0.2835996409093905,0.7906322112409228
O94804,STK10,PLS,0.9732954690933362,0.3658925763407015
O94804,STK10,SVR,0.1039341901720497,-0.7153264891549798
O94804,STK10,SVR,-0.206890669652866,-0.5019295024149402
O94804,STK10,SVR,1.5989602480044598,-0.1863659200313662
O94804,STK10,SVR,0.5381220251344245,-0.050933584884287286
O94804,STK10,SVR,2.5766135684423874,0.7374639445502467
O94804,STK10,SVR,0.3269610924574461,0.5587716777220415
O94804,STK10,SVR,0.1537936165496853,0.16993478616286245
O94804,STK10,SVR,0.2085935280834117,0.6903840976254316
O94804,STK10,SVR,0.3160256365106475,0.9927353547757494
O94804,STK10,SVR,0.5383425949760164,0.026967824291677822
O94804,STK10,SVR,-0.4729422296961582,0.11460941989995083
O94804,STK10,SVR,0.2304098845690068,0.2390376670408288
O94804,STK10,SVR,0.4947136512869393,0.5729489462634829
O94804,STK10,SVR,-0.18732220173852,0.9942489421029845
O94804,STK10,SVR,-1.1612223747214083,-0.17301228513976769
O94804,STK10,SVR,0.0358539407936181,-0.002283431549666648
O94804,STK10,SVR,0.2686443907718988,0.5766755006979747
O94804,STK10,SVR,0.2835996409093905,0.5021115967873062
O94804,STK10,SVR,0.9732954690933362,0.4553037631609576
O94804,STK10,Lasso,0.1039341901720497,0.12358663426873762
O94804,STK10,Lasso,-0.206890669652866,0.21161101030422313
O94804,STK10,Lasso,1.5989602480044598,0.1466608304800069
O94804,STK10,Lasso,0.5381220251344245,0.4688997734102586
O94804,STK10,Lasso,2.5766135684423874,0.5897444730420047
O94804,STK10,Lasso,0.3269610924574461,0.46622373266239536
O94804,STK10,Lasso,0.1537936165496853,0.3759167234537327
O94804,STK10,Lasso,0.2085935280834117,0.27475649862765966
O94804,STK10,Lasso,0.3160256365106475,0.4170873659675382
O94804,STK10,Lasso,0.5383425949760164,0.5071121120767598
O94804,STK10,Lasso,-0.4729422296961582,0.18613764839048635
O94804,STK10,Lasso,0.2304098845690068,-0.04929722603865344
O94804,STK10,Lasso,0.4947136512869393,0.39975444543464034
O94804,STK10,Lasso,-0.18732220173852,0.6977698853091527
O94804,STK10,Lasso,-1.1612223747214083,0.25710472081617486
O94804,STK10,Lasso,0.0358539407936181,0.3806389745949581
O94804,STK10,Lasso,0.2686443907718988,0.299268322762232
O94804,STK10,Lasso,0.2835996409093905,0.5958897501605143
O94804,STK10,Lasso,0.9732954690933362,0.3084170747468455
O94804,STK10,ElasticNet,0.1039341901720497,-0.15197869727458696
O94804,STK10,ElasticNet,-0.206890669652866,0.23531246952786838
O94804,STK10,ElasticNet,1.5989602480044598,0.049352956529949144
O94804,STK10,ElasticNet,0.5381220251344245,0.2955746699031508
O94804,STK10,ElasticNet,2.5766135684423874,0.6308816079712389
O94804,STK10,ElasticNet,0.3269610924574461,0.5031450519817406
O94804,STK10,ElasticNet,0.1537936165496853,0.42652104344037184
O94804,STK10,ElasticNet,0.2085935280834117,0.40663080147743597
O94804,STK10,ElasticNet,0.3160256365106475,0.4800282313647925
O94804,STK10,ElasticNet,0.5383425949760164,0.5537441947758726
O94804,STK10,ElasticNet,-0.4729422296961582,0.12884676081306934
O94804,STK10,ElasticNet,0.2304098845690068,0.20615929469784944
O94804,STK10,ElasticNet,0.4947136512869393,0.45486151344951287
O94804,STK10,ElasticNet,-0.18732220173852,0.8841326194761467
O94804,STK10,ElasticNet,-1.1612223747214083,0.09405170572669691
O94804,STK10,ElasticNet,0.0358539407936181,0.3944793191959093
O94804,STK10,ElasticNet,0.2686443907718988,0.2559232890398133
O94804,STK10,ElasticNet,0.2835996409093905,0.6907288490501706
O94804,STK10,ElasticNet,0.9732954690933362,0.27835384687105824
O94804,STK10,GradientBoosting,0.1039341901720497,0.7560050086302392
O94804,STK10,GradientBoosting,-0.206890669652866,0.27625938853851467
O94804,STK10,GradientBoosting,1.5989602480044598,0.5131562258314447
O94804,STK10,GradientBoosting,0.5381220251344245,0.4994797288526393
O94804,STK10,GradientBoosting,2.5766135684423874,1.1111253010143796
O94804,STK10,GradientBoosting,0.3269610924574461,0.6649978090456811
O94804,STK10,GradientBoosting,0.1537936165496853,0.37688675394615145
O94804,STK10,GradientBoosting,0.2085935280834117,0.8416507402418542
O94804,STK10,GradientBoosting,0.3160256365106475,0.36692454179527273
O94804,STK10,GradientBoosting,0.5383425949760164,0.3895574333250322
O94804,STK10,GradientBoosting,-0.4729422296961582,-0.4543314713282095
O94804,STK10,GradientBoosting,0.2304098845690068,-1.4452356475803174
O94804,STK10,GradientBoosting,0.4947136512869393,0.6051675907529808
O94804,STK10,GradientBoosting,-0.18732220173852,-0.022935649239152908
O94804,STK10,GradientBoosting,-1.1612223747214083,-0.17654061432024287
O94804,STK10,GradientBoosting,0.0358539407936181,-0.2642761214036119
O94804,STK10,GradientBoosting,0.2686443907718988,-0.1260209957450622
O94804,STK10,GradientBoosting,0.2835996409093905,0.5325112998145054
O94804,STK10,GradientBoosting,0.9732954690933362,0.7059502668539841
O94804,STK10,MLP,0.1039341901720497,0.008243869426085931
O94804,STK10,MLP,-0.206890669652866,-0.9654973809402522
O94804,STK10,MLP,1.5989602480044598,0.3430775809279364
O94804,STK10,MLP,0.5381220251344245,0.4554853540906182
O94804,STK10,MLP,2.5766135684423874,0.660904853267913
O94804,STK10,MLP,0.3269610924574461,0.4784038811017911
O94804,STK10,MLP,0.1537936165496853,0.10562646636047637
O94804,STK10,MLP,0.2085935280834117,0.2872695768765928
O94804,STK10,MLP,0.3160256365106475,1.1855398053878419
O94804,STK10,MLP,0.5383425949760164,0.4935169336420364
O94804,STK10,MLP,-0.4729422296961582,-0.07556283856631688
O94804,STK10,MLP,0.2304098845690068,1.7117574036962138
O94804,STK10,MLP,0.4947136512869393,0.3774351485767295
O94804,STK10,MLP,-0.18732220173852,-0.23739624152162928
O94804,STK10,MLP,-1.1612223747214083,-0.24509643126614297
O94804,STK10,MLP,0.0358539407936181,0.40314092761684106
O94804,STK10,MLP,0.2686443907718988,1.0732237248579604
O94804,STK10,MLP,0.2835996409093905,1.151929389403795
O94804,STK10,MLP,0.9732954690933362,0.2578053236498331
O94806,PRKD3,RandomForest,0.7466654286096446,0.45569744785768923
O94806,PRKD3,RandomForest,1.4160718992270638,0.25687981407855454
O94806,PRKD3,RandomForest,0.7112842347333859,0.19331728034513532
O94806,PRKD3,RandomForest,-0.2548877686338622,0.5864254372050084
O94806,PRKD3,RandomForest,-0.952758840064684,-0.2596568943233289
O94806,PRKD3,RandomForest,0.1181984539907445,0.22251834718075952
O94806,PRKD3,RandomForest,-0.2225446783903792,-0.15259967245965797
O94806,PRKD3,RandomForest,-0.0698358763452319,-0.13952661426344892
O94806,PRKD3,RandomForest,1.9306270641034151,0.7738087406195612
O94806,PRKD3,RandomForest,-0.6869783834559576,0.017705339927348858
O94806,PRKD3,RandomForest,1.6385950094700614,-0.29000952878003367
O94806,PRKD3,RandomForest,0.4980560992776041,0.3952896227391658
O94806,PRKD3,RandomForest,-0.3913069314291886,-0.09615315195050479
O94806,PRKD3,RandomForest,0.4372752309431973,0.5035976465655828
O94806,PRKD3,RandomForest,0.6684460680529737,0.16690034674888718
O94806,PRKD3,RandomForest,0.4857608921931924,-0.6734731925191356
O94806,PRKD3,RandomForest,-1.3197847773224924,-0.6188598209322292
O94806,PRKD3,RandomForest,2.132451230636102,-0.4713526617299867
O94806,PRKD3,RandomForest,-0.5845480899636438,-0.47068230308630055
O94806,PRKD3,XGBoost,0.7466654286096446,0.37009596824645996
O94806,PRKD3,XGBoost,1.4160718992270638,0.14893695712089539
O94806,PRKD3,XGBoost,0.7112842347333859,0.30785781145095825
O94806,PRKD3,XGBoost,-0.2548877686338622,0.12989698350429535
O94806,PRKD3,XGBoost,-0.952758840064684,-0.3066518008708954
O94806,PRKD3,XGBoost,0.1181984539907445,0.25492697954177856
O94806,PRKD3,XGBoost,-0.2225446783903792,-0.22816598415374756
O94806,PRKD3,XGBoost,-0.0698358763452319,-0.1364981234073639
O94806,PRKD3,XGBoost,1.9306270641034151,-0.0995391383767128
O94806,PRKD3,XGBoost,-0.6869783834559576,0.2293044477701187
O94806,PRKD3,XGBoost,1.6385950094700614,-0.16437461972236633
O94806,PRKD3,XGBoost,0.4980560992776041,0.32500767707824707
O94806,PRKD3,XGBoost,-0.3913069314291886,-0.1829211264848709
O94806,PRKD3,XGBoost,0.4372752309431973,0.6768280267715454
O94806,PRKD3,XGBoost,0.6684460680529737,-0.34422919154167175
O94806,PRKD3,XGBoost,0.4857608921931924,0.993719756603241
O94806,PRKD3,XGBoost,-1.3197847773224924,-0.6730208396911621
O94806,PRKD3,XGBoost,2.132451230636102,-0.6104345917701721
O94806,PRKD3,XGBoost,-0.5845480899636438,-0.6191710233688354
O94806,PRKD3,PLS,0.7466654286096446,0.5373315255646997
O94806,PRKD3,PLS,1.4160718992270638,0.23104908299989949
O94806,PRKD3,PLS,0.7112842347333859,0.4021876453058642
O94806,PRKD3,PLS,-0.2548877686338622,0.3256881745466259
O94806,PRKD3,PLS,-0.952758840064684,0.2712213281744797
O94806,PRKD3,PLS,0.1181984539907445,0.3656906931879794
O94806,PRKD3,PLS,-0.2225446783903792,-0.052423525417341854
O94806,PRKD3,PLS,-0.0698358763452319,0.23652791192910322
O94806,PRKD3,PLS,1.9306270641034151,0.0611316509250113
O94806,PRKD3,PLS,-0.6869783834559576,0.26674515921532826
O94806,PRKD3,PLS,1.6385950094700614,0.24889507314502923
O94806,PRKD3,PLS,0.4980560992776041,0.3725099519966764
O94806,PRKD3,PLS,-0.3913069314291886,0.3215232195949167
O94806,PRKD3,PLS,0.4372752309431973,0.3294372592550035
O94806,PRKD3,PLS,0.6684460680529737,0.3041344082171167
O94806,PRKD3,PLS,0.4857608921931924,0.2833677255913281
O94806,PRKD3,PLS,-1.3197847773224924,0.07915181453315509
O94806,PRKD3,PLS,2.132451230636102,0.40501523617700524
O94806,PRKD3,PLS,-0.5845480899636438,0.06918784673933814
O94806,PRKD3,SVR,0.7466654286096446,0.3548544296607166
O94806,PRKD3,SVR,1.4160718992270638,0.042376231885617746
O94806,PRKD3,SVR,0.7112842347333859,0.23141871426139887
O94806,PRKD3,SVR,-0.2548877686338622,0.14172844402148427
O94806,PRKD3,SVR,-0.952758840064684,0.007840694524532413
O94806,PRKD3,SVR,0.1181984539907445,0.1356296629119076
O94806,PRKD3,SVR,-0.2225446783903792,0.7738919911623522
O94806,PRKD3,SVR,-0.0698358763452319,-0.0067209607255757225
O94806,PRKD3,SVR,1.9306270641034151,-0.23441665844138354
O94806,PRKD3,SVR,-0.6869783834559576,0.07135600553121198
O94806,PRKD3,SVR,1.6385950094700614,-0.007355896339416343
O94806,PRKD3,SVR,0.4980560992776041,0.25609676564938627
O94806,PRKD3,SVR,-0.3913069314291886,0.06722523227841241
O94806,PRKD3,SVR,0.4372752309431973,0.11164770661474634
O94806,PRKD3,SVR,0.6684460680529737,0.047744673326280504
O94806,PRKD3,SVR,0.4857608921931924,0.0006153341924066275
O94806,PRKD3,SVR,-1.3197847773224924,-0.2527415775008925
O94806,PRKD3,SVR,2.132451230636102,0.7733969411349207
O94806,PRKD3,SVR,-0.5845480899636438,-0.2999937521236597
O94806,PRKD3,Lasso,0.7466654286096446,0.3348959941179725
O94806,PRKD3,Lasso,1.4160718992270638,0.2933084568096482
O94806,PRKD3,Lasso,0.7112842347333859,0.32318653070964387
O94806,PRKD3,Lasso,-0.2548877686338622,0.2954792087896065
O94806,PRKD3,Lasso,-0.952758840064684,0.29257697804583455
O94806,PRKD3,Lasso,0.1181984539907445,0.2631130602441478
O94806,PRKD3,Lasso,-0.2225446783903792,0.2743263122420554
O94806,PRKD3,Lasso,-0.0698358763452319,0.29171735655613196
O94806,PRKD3,Lasso,1.9306270641034151,0.2182383513958221
O94806,PRKD3,Lasso,-0.6869783834559576,0.3010895848613092
O94806,PRKD3,Lasso,1.6385950094700614,0.3003121548960075
O94806,PRKD3,Lasso,0.4980560992776041,0.32187665392869047
O94806,PRKD3,Lasso,-0.3913069314291886,0.30650463438735304
O94806,PRKD3,Lasso,0.4372752309431973,0.25957470259793486
O94806,PRKD3,Lasso,0.6684460680529737,0.28493477880783946
O94806,PRKD3,Lasso,0.4857608921931924,0.3165627563039393
O94806,PRKD3,Lasso,-1.3197847773224924,0.2626296707806021
O94806,PRKD3,Lasso,2.132451230636102,0.32037665302207724
O94806,PRKD3,Lasso,-0.5845480899636438,0.22509604683009674
O94806,PRKD3,ElasticNet,0.7466654286096446,0.4037874391796082
O94806,PRKD3,ElasticNet,1.4160718992270638,0.3109221429708779
O94806,PRKD3,ElasticNet,0.7112842347333859,0.37878172065382937
O94806,PRKD3,ElasticNet,-0.2548877686338622,0.3212423222362905
O94806,PRKD3,ElasticNet,-0.952758840064684,0.2907941684853764
O94806,PRKD3,ElasticNet,0.1181984539907445,0.25238211064441646
O94806,PRKD3,ElasticNet,-0.2225446783903792,0.2690956058763099
O94806,PRKD3,ElasticNet,-0.0698358763452319,0.29303548820442676
O94806,PRKD3,ElasticNet,1.9306270641034151,0.13706039681405066
O94806,PRKD3,ElasticNet,-0.6869783834559576,0.3249206851165203
O94806,PRKD3,ElasticNet,1.6385950094700614,0.30547090407108923
O94806,PRKD3,ElasticNet,0.4980560992776041,0.3900972159103997
O94806,PRKD3,ElasticNet,-0.3913069314291886,0.3210448732846528
O94806,PRKD3,ElasticNet,0.4372752309431973,0.2475257874320215
O94806,PRKD3,ElasticNet,0.6684460680529737,0.28082064935171036
O94806,PRKD3,ElasticNet,0.4857608921931924,0.3290423854855836
O94806,PRKD3,ElasticNet,-1.3197847773224924,0.2074688164194355
O94806,PRKD3,ElasticNet,2.132451230636102,0.3932165392100135
O94806,PRKD3,ElasticNet,-0.5845480899636438,0.1291188920231482
O94806,PRKD3,GradientBoosting,0.7466654286096446,0.34619385849732687
O94806,PRKD3,GradientBoosting,1.4160718992270638,0.5131350281800918
O94806,PRKD3,GradientBoosting,0.7112842347333859,-0.009671099743915043
O94806,PRKD3,GradientBoosting,-0.2548877686338622,0.08919415948777344
O94806,PRKD3,GradientBoosting,-0.952758840064684,-0.35451344696848835
O94806,PRKD3,GradientBoosting,0.1181984539907445,0.39242586713268623
O94806,PRKD3,GradientBoosting,-0.2225446783903792,-0.7330208629317606
O94806,PRKD3,GradientBoosting,-0.0698358763452319,-0.12817651138577038
O94806,PRKD3,GradientBoosting,1.9306270641034151,1.0906694208056045
O94806,PRKD3,GradientBoosting,-0.6869783834559576,0.03845440861617754
O94806,PRKD3,GradientBoosting,1.6385950094700614,-0.2915265265296431
O94806,PRKD3,GradientBoosting,0.4980560992776041,0.035026751200822354
O94806,PRKD3,GradientBoosting,-0.3913069314291886,-0.11715586336889133
O94806,PRKD3,GradientBoosting,0.4372752309431973,0.9993973013536175
O94806,PRKD3,GradientBoosting,0.6684460680529737,-0.1560580033328959
O94806,PRKD3,GradientBoosting,0.4857608921931924,-0.3077533786231855
O94806,PRKD3,GradientBoosting,-1.3197847773224924,-0.8007254524349446
O94806,PRKD3,GradientBoosting,2.132451230636102,-1.0841621993407675
O94806,PRKD3,GradientBoosting,-0.5845480899636438,-0.8741376188321007
O94806,PRKD3,MLP,0.7466654286096446,0.2732708877757856
O94806,PRKD3,MLP,1.4160718992270638,0.5253258764959949
O94806,PRKD3,MLP,0.7112842347333859,0.565589858955406
O94806,PRKD3,MLP,-0.2548877686338622,0.32030134792178816
O94806,PRKD3,MLP,-0.952758840064684,-0.06783490608729781
O94806,PRKD3,MLP,0.1181984539907445,0.28039148263320274
O94806,PRKD3,MLP,-0.2225446783903792,-0.12118202482222282
O94806,PRKD3,MLP,-0.0698358763452319,0.14430461841962627
O94806,PRKD3,MLP,1.9306270641034151,0.26124925221919754
O94806,PRKD3,MLP,-0.6869783834559576,0.488825193787438
O94806,PRKD3,MLP,1.6385950094700614,0.1443177056262021
O94806,PRKD3,MLP,0.4980560992776041,0.9734401906876828
O94806,PRKD3,MLP,-0.3913069314291886,0.03785468408637582
O94806,PRKD3,MLP,0.4372752309431973,0.29188963249214533
O94806,PRKD3,MLP,0.6684460680529737,-0.008645339650785011
O94806,PRKD3,MLP,0.4857608921931924,0.14201078724740235
O94806,PRKD3,MLP,-1.3197847773224924,-0.15580108240790635
O94806,PRKD3,MLP,2.132451230636102,0.024342044501090343
O94806,PRKD3,MLP,-0.5845480899636438,0.10284710609389291
O94921,CDK14,RandomForest,0.9830185676882937,0.28439743304694715
O94921,CDK14,RandomForest,0.8451177419392072,0.6399093814127942
O94921,CDK14,RandomForest,0.6754518463663595,0.017104949675489485
O94921,CDK14,RandomForest,0.535928511107707,0.5659284248445171
O94921,CDK14,RandomForest,-0.3350892623555615,0.02838570282380148
O94921,CDK14,RandomForest,1.103330828187108,0.3925097571631205
O94921,CDK14,RandomForest,1.2479740484237436,0.7670040055620418
O94921,CDK14,RandomForest,0.6947701968391249,0.04438094046331236
O94921,CDK14,RandomForest,-0.5447384162565088,0.43418061906662714
O94921,CDK14,RandomForest,0.4424947691549451,0.5909586326676669
O94921,CDK14,RandomForest,1.4668587746102704,0.10105083838051927
O94921,CDK14,RandomForest,0.2106480323585358,0.022611516318076993
O94921,CDK14,RandomForest,0.5371999914063431,-0.20582468350006863
O94921,CDK14,RandomForest,0.4373839248074948,0.6569319076037428
O94921,CDK14,RandomForest,-0.1627869611329054,0.313739832273773
O94921,CDK14,RandomForest,0.8649591355652883,0.5824005301143889
O94921,CDK14,RandomForest,-0.0717451563011962,0.3042560718118023
O94921,CDK14,RandomForest,0.4127069981062496,0.5523275771941865
O94921,CDK14,RandomForest,0.4723108697475168,0.02926141118945634
O94921,CDK14,XGBoost,0.9830185676882937,0.3608369827270508
O94921,CDK14,XGBoost,0.8451177419392072,0.8261971473693848
O94921,CDK14,XGBoost,0.6754518463663595,0.02615845389664173
O94921,CDK14,XGBoost,0.535928511107707,1.3005119562149048
O94921,CDK14,XGBoost,-0.3350892623555615,-0.12484191358089447
O94921,CDK14,XGBoost,1.103330828187108,0.49268481135368347
O94921,CDK14,XGBoost,1.2479740484237436,0.6829362511634827
O94921,CDK14,XGBoost,0.6947701968391249,-0.10116369277238846
O94921,CDK14,XGBoost,-0.5447384162565088,0.37015900015830994
O94921,CDK14,XGBoost,0.4424947691549451,0.7398649454116821
O94921,CDK14,XGBoost,1.4668587746102704,-0.480336457490921
O94921,CDK14,XGBoost,0.2106480323585358,-0.4920843839645386
O94921,CDK14,XGBoost,0.5371999914063431,-0.34103310108184814
O94921,CDK14,XGBoost,0.4373839248074948,0.8136085271835327
O94921,CDK14,XGBoost,-0.1627869611329054,0.3836340308189392
O94921,CDK14,XGBoost,0.8649591355652883,0.7084591388702393
O94921,CDK14,XGBoost,-0.0717451563011962,0.35890939831733704
O94921,CDK14,XGBoost,0.4127069981062496,0.6581553220748901
O94921,CDK14,XGBoost,0.4723108697475168,0.028748346492648125
O94921,CDK14,PLS,0.9830185676882937,0.8493135712206166
O94921,CDK14,PLS,0.8451177419392072,0.8378823220094962
O94921,CDK14,PLS,0.6754518463663595,-0.15106728107991574
O94921,CDK14,PLS,0.535928511107707,0.48021966373907415
O94921,CDK14,PLS,-0.3350892623555615,-0.1132168286078497
O94921,CDK14,PLS,1.103330828187108,0.45820170428414125
O94921,CDK14,PLS,1.2479740484237436,1.3344804658356266
O94921,CDK14,PLS,0.6947701968391249,0.11840937801463478
O94921,CDK14,PLS,-0.5447384162565088,0.3687353854638251
O94921,CDK14,PLS,0.4424947691549451,0.3271427648614058
O94921,CDK14,PLS,1.4668587746102704,0.8492091430629096
O94921,CDK14,PLS,0.2106480323585358,0.2368495048220613
O94921,CDK14,PLS,0.5371999914063431,-0.1460416159675343
O94921,CDK14,PLS,0.4373839248074948,0.7515693126588807
O94921,CDK14,PLS,-0.1627869611329054,0.45993483270148333
O94921,CDK14,PLS,0.8649591355652883,0.7312244375466804
O94921,CDK14,PLS,-0.0717451563011962,0.3942627531414672
O94921,CDK14,PLS,0.4127069981062496,0.6554655560820375
O94921,CDK14,PLS,0.4723108697475168,0.03056527407456691
O94921,CDK14,SVR,0.9830185676882937,0.7904807784132577
O94921,CDK14,SVR,0.8451177419392072,0.8725162124229755
O94921,CDK14,SVR,0.6754518463663595,-0.059386618308696404
O94921,CDK14,SVR,0.535928511107707,0.47044904150157163
O94921,CDK14,SVR,-0.3350892623555615,-0.09425466087220813
O94921,CDK14,SVR,1.103330828187108,0.47920417181462194
O94921,CDK14,SVR,1.2479740484237436,1.224744324609256
O94921,CDK14,SVR,0.6947701968391249,0.2362495840136868
O94921,CDK14,SVR,-0.5447384162565088,0.38565323136601404
O94921,CDK14,SVR,0.4424947691549451,0.38326934185187606
O94921,CDK14,SVR,1.4668587746102704,0.8985298452775023
O94921,CDK14,SVR,0.2106480323585358,0.2790643695784738
O94921,CDK14,SVR,0.5371999914063431,-0.03433884709033008
O94921,CDK14,SVR,0.4373839248074948,0.7644956889183272
O94921,CDK14,SVR,-0.1627869611329054,0.46816194329256877
O94921,CDK14,SVR,0.8649591355652883,0.7582640249186823
O94921,CDK14,SVR,-0.0717451563011962,0.45082435252686043
O94921,CDK14,SVR,0.4127069981062496,0.6411076740649053
O94921,CDK14,SVR,0.4723108697475168,0.09608414847262514
O94921,CDK14,Lasso,0.9830185676882937,0.20360192749264494
O94921,CDK14,Lasso,0.8451177419392072,0.349383758715591
O94921,CDK14,Lasso,0.6754518463663595,0.06789237352831853
O94921,CDK14,Lasso,0.535928511107707,0.2718860710039505
O94921,CDK14,Lasso,-0.3350892623555615,0.03610942418214458
O94921,CDK14,Lasso,1.103330828187108,0.3350295013143818
O94921,CDK14,Lasso,1.2479740484237436,0.26821070364885746
O94921,CDK14,Lasso,0.6947701968391249,0.14908919953777286
O94921,CDK14,Lasso,-0.5447384162565088,0.2056503290949356
O94921,CDK14,Lasso,0.4424947691549451,0.2428449096104825
O94921,CDK14,Lasso,1.4668587746102704,0.2336033931000121
O94921,CDK14,Lasso,0.2106480323585358,0.13705287296026875
O94921,CDK14,Lasso,0.5371999914063431,0.10366685057448503
O94921,CDK14,Lasso,0.4373839248074948,0.3204819263466684
O94921,CDK14,Lasso,-0.1627869611329054,0.19888224908824548
O94921,CDK14,Lasso,0.8649591355652883,0.2996229356797261
O94921,CDK14,Lasso,-0.0717451563011962,0.24005556572049297
O94921,CDK14,Lasso,0.4127069981062496,0.23306593282561763
O94921,CDK14,Lasso,0.4723108697475168,0.07497985617796414
O94921,CDK14,ElasticNet,0.9830185676882937,0.4855307799202512
O94921,CDK14,ElasticNet,0.8451177419392072,0.5543111616067931
O94921,CDK14,ElasticNet,0.6754518463663595,-0.02532779314048697
O94921,CDK14,ElasticNet,0.535928511107707,0.3624831812659444
O94921,CDK14,ElasticNet,-0.3350892623555615,-0.029827718957752353
O94921,CDK14,ElasticNet,1.103330828187108,0.38071405355845656
O94921,CDK14,ElasticNet,1.2479740484237436,0.7406429888318605
O94921,CDK14,ElasticNet,0.6947701968391249,0.1316913119329953
O94921,CDK14,ElasticNet,-0.5447384162565088,0.27839906609422727
O94921,CDK14,ElasticNet,0.4424947691549451,0.27601488486032855
O94921,CDK14,ElasticNet,1.4668587746102704,0.5139597258347247
O94921,CDK14,ElasticNet,0.2106480323585358,0.19789539394250458
O94921,CDK14,ElasticNet,0.5371999914063431,-0.011424790419308939
O94921,CDK14,ElasticNet,0.4373839248074948,0.5018152883571345
O94921,CDK14,ElasticNet,-0.1627869611329054,0.310651127065644
O94921,CDK14,ElasticNet,0.8649591355652883,0.4955366911886506
O94921,CDK14,ElasticNet,-0.0717451563011962,0.3081663637727228
O94921,CDK14,ElasticNet,0.4127069981062496,0.4174423733959971
O94921,CDK14,ElasticNet,0.4723108697475168,0.05300975709334116
O94921,CDK14,GradientBoosting,0.9830185676882937,0.1351484882334644
O94921,CDK14,GradientBoosting,0.8451177419392072,0.6048909293668597
O94921,CDK14,GradientBoosting,0.6754518463663595,0.28994331067579054
O94921,CDK14,GradientBoosting,0.535928511107707,0.6512366098158082
O94921,CDK14,GradientBoosting,-0.3350892623555615,-0.28293867521655347
O94921,CDK14,GradientBoosting,1.103330828187108,0.34967029168115965
O94921,CDK14,GradientBoosting,1.2479740484237436,0.8196973215672015
O94921,CDK14,GradientBoosting,0.6947701968391249,0.20491225888039952
O94921,CDK14,GradientBoosting,-0.5447384162565088,0.6166493284573039
O94921,CDK14,GradientBoosting,0.4424947691549451,0.5962245173768356
O94921,CDK14,GradientBoosting,1.4668587746102704,0.2285027911336578
O94921,CDK14,GradientBoosting,0.2106480323585358,-0.09142809973117308
O94921,CDK14,GradientBoosting,0.5371999914063431,0.05291941006031587
O94921,CDK14,GradientBoosting,0.4373839248074948,0.589897256855653
O94921,CDK14,GradientBoosting,-0.1627869611329054,0.41425433243388055
O94921,CDK14,GradientBoosting,0.8649591355652883,0.3788795117737055
O94921,CDK14,GradientBoosting,-0.0717451563011962,0.29744165862670097
O94921,CDK14,GradientBoosting,0.4127069981062496,0.7151808422615007
O94921,CDK14,GradientBoosting,0.4723108697475168,0.2553973738193442
O94921,CDK14,MLP,0.9830185676882937,1.0074819677945923
O94921,CDK14,MLP,0.8451177419392072,1.6484645050088393
O94921,CDK14,MLP,0.6754518463663595,-0.2883686029914164
O94921,CDK14,MLP,0.535928511107707,0.295320134559227
O94921,CDK14,MLP,-0.3350892623555615,-0.28308003855526254
O94921,CDK14,MLP,1.103330828187108,0.5640984106232939
O94921,CDK14,MLP,1.2479740484237436,2.198009668974742
O94921,CDK14,MLP,0.6947701968391249,-0.3241308640308481
O94921,CDK14,MLP,-0.5447384162565088,-0.14890308828227578
O94921,CDK14,MLP,0.4424947691549451,0.009463366313032018
O94921,CDK14,MLP,1.4668587746102704,1.114253586638625
O94921,CDK14,MLP,0.2106480323585358,-0.12965967029155523
O94921,CDK14,MLP,0.5371999914063431,-0.29731402803865586
O94921,CDK14,MLP,0.4373839248074948,1.2729977666129644
O94921,CDK14,MLP,-0.1627869611329054,0.14394937976967842
O94921,CDK14,MLP,0.8649591355652883,0.9243148049046471
O94921,CDK14,MLP,-0.0717451563011962,0.10075784508204155
O94921,CDK14,MLP,0.4127069981062496,0.642040001171961
O94921,CDK14,MLP,0.4723108697475168,-0.3225807586885698
O95819,MAP4K4,RandomForest,0.7543659496438294,0.21939930540816222
O95819,MAP4K4,RandomForest,0.2158582486116914,0.4164548962376689
O95819,MAP4K4,RandomForest,1.2256868271679824,0.35961675404938015
O95819,MAP4K4,RandomForest,0.6529588156264807,-0.27605305105703754
O95819,MAP4K4,RandomForest,2.126708223110631,0.5771031409192189
O95819,MAP4K4,RandomForest,0.0701304798421267,0.27247000431864715
O95819,MAP4K4,RandomForest,0.2460605500618056,-0.368606743801555
O95819,MAP4K4,RandomForest,0.0827945893950421,0.6162549225020836
O95819,MAP4K4,RandomForest,0.2001339631179241,-0.09672682855516877
O95819,MAP4K4,RandomForest,0.6842500315092507,-0.06961015977862327
O95819,MAP4K4,RandomForest,-0.2680859557986012,-0.10255235621496826
O95819,MAP4K4,RandomForest,0.1335914926908604,-0.1846170183357074
O95819,MAP4K4,RandomForest,0.4225420473402014,0.47641719033733876
O95819,MAP4K4,RandomForest,-0.0141374820690248,0.2287274356552996
O95819,MAP4K4,RandomForest,-0.9876193614742396,0.6531435304591824
O95819,MAP4K4,RandomForest,0.3175190151512636,0.012939602969746477
O95819,MAP4K4,RandomForest,0.1029474011493847,0.36591088856656784
O95819,MAP4K4,RandomForest,0.0464429747633035,-0.1752083419610192
O95819,MAP4K4,RandomForest,0.9463208853396016,-0.16245628744171534
O95819,MAP4K4,XGBoost,0.7543659496438294,0.2815503478050232
O95819,MAP4K4,XGBoost,0.2158582486116914,0.8322117924690247
O95819,MAP4K4,XGBoost,1.2256868271679824,0.295397013425827
O95819,MAP4K4,XGBoost,0.6529588156264807,-0.13839209079742432
O95819,MAP4K4,XGBoost,2.126708223110631,0.24118651449680328
O95819,MAP4K4,XGBoost,0.0701304798421267,0.5235556960105896
O95819,MAP4K4,XGBoost,0.2460605500618056,-0.45937877893447876
O95819,MAP4K4,XGBoost,0.0827945893950421,0.42472901940345764
O95819,MAP4K4,XGBoost,0.2001339631179241,-0.16590166091918945
O95819,MAP4K4,XGBoost,0.6842500315092507,0.1733728051185608
O95819,MAP4K4,XGBoost,-0.2680859557986012,-0.5690085887908936
O95819,MAP4K4,XGBoost,0.1335914926908604,-0.3265075385570526
O95819,MAP4K4,XGBoost,0.4225420473402014,0.2631809115409851
O95819,MAP4K4,XGBoost,-0.0141374820690248,0.36155810952186584
O95819,MAP4K4,XGBoost,-0.9876193614742396,0.8331868052482605
O95819,MAP4K4,XGBoost,0.3175190151512636,-0.7570726275444031
O95819,MAP4K4,XGBoost,0.1029474011493847,0.4042776823043823
O95819,MAP4K4,XGBoost,0.0464429747633035,0.022530710324645042
O95819,MAP4K4,XGBoost,0.9463208853396016,-0.7688319087028503
O95819,MAP4K4,PLS,0.7543659496438294,0.3608940248344594
O95819,MAP4K4,PLS,0.2158582486116914,0.38823971987668954
O95819,MAP4K4,PLS,1.2256868271679824,0.5687721898085536
O95819,MAP4K4,PLS,0.6529588156264807,0.13413429500468038
O95819,MAP4K4,PLS,2.126708223110631,0.5962603860438457
O95819,MAP4K4,PLS,0.0701304798421267,0.3817647879262527
O95819,MAP4K4,PLS,0.2460605500618056,-0.6053588605780578
O95819,MAP4K4,PLS,0.0827945893950421,0.46634929706049166
O95819,MAP4K4,PLS,0.2001339631179241,-0.21681316135844164
O95819,MAP4K4,PLS,0.6842500315092507,-0.07114227351536828
O95819,MAP4K4,PLS,-0.2680859557986012,-0.21569975808739233
O95819,MAP4K4,PLS,0.1335914926908604,0.3256037307427895
O95819,MAP4K4,PLS,0.4225420473402014,0.2832209883415673
O95819,MAP4K4,PLS,-0.0141374820690248,0.2541264817087811
O95819,MAP4K4,PLS,-0.9876193614742396,0.4888474249300535
O95819,MAP4K4,PLS,0.3175190151512636,-0.24749757031339936
O95819,MAP4K4,PLS,0.1029474011493847,0.272706056986868
O95819,MAP4K4,PLS,0.0464429747633035,-0.16554793124023953
O95819,MAP4K4,PLS,0.9463208853396016,-0.31022609803646056
O95819,MAP4K4,SVR,0.7543659496438294,0.2017800036033126
O95819,MAP4K4,SVR,0.2158582486116914,0.5825434970635318
O95819,MAP4K4,SVR,1.2256868271679824,0.48062964081426557
O95819,MAP4K4,SVR,0.6529588156264807,0.11966868315608019
O95819,MAP4K4,SVR,2.126708223110631,0.6191627412497943
O95819,MAP4K4,SVR,0.0701304798421267,0.40388925415154836
O95819,MAP4K4,SVR,0.2460605500618056,-0.6572475729282615
O95819,MAP4K4,SVR,0.0827945893950421,0.4022996809122848
O95819,MAP4K4,SVR,0.2001339631179241,-0.6245115641489661
O95819,MAP4K4,SVR,0.6842500315092507,0.024839257668894874
O95819,MAP4K4,SVR,-0.2680859557986012,-0.6048265784032146
O95819,MAP4K4,SVR,0.1335914926908604,0.1767461904976833
O95819,MAP4K4,SVR,0.4225420473402014,0.29489939559041106
O95819,MAP4K4,SVR,-0.0141374820690248,0.2855662895657673
O95819,MAP4K4,SVR,-0.9876193614742396,0.3527332673119043
O95819,MAP4K4,SVR,0.3175190151512636,-0.6080592457826658
O95819,MAP4K4,SVR,0.1029474011493847,0.21770553054721759
O95819,MAP4K4,SVR,0.0464429747633035,-0.17166883899486535
O95819,MAP4K4,SVR,0.9463208853396016,-0.6426924049228185
O95819,MAP4K4,Lasso,0.7543659496438294,0.2833850566953171
O95819,MAP4K4,Lasso,0.2158582486116914,0.2600569772482908
O95819,MAP4K4,Lasso,1.2256868271679824,0.42070408639371204
O95819,MAP4K4,Lasso,0.6529588156264807,0.3613584512541441
O95819,MAP4K4,Lasso,2.126708223110631,0.480758663318677
O95819,MAP4K4,Lasso,0.0701304798421267,0.3288727579860079
O95819,MAP4K4,Lasso,0.2460605500618056,-0.17335633003886627
O95819,MAP4K4,Lasso,0.0827945893950421,0.26655242521531125
O95819,MAP4K4,Lasso,0.2001339631179241,-0.029714787882083538
O95819,MAP4K4,Lasso,0.6842500315092507,0.1816681681101649
O95819,MAP4K4,Lasso,-0.2680859557986012,-0.004608337728142897
O95819,MAP4K4,Lasso,0.1335914926908604,0.3180542347326766
O95819,MAP4K4,Lasso,0.4225420473402014,0.1650724199602411
O95819,MAP4K4,Lasso,-0.0141374820690248,0.2943026076041204
O95819,MAP4K4,Lasso,-0.9876193614742396,0.4116146403212382
O95819,MAP4K4,Lasso,0.3175190151512636,-0.12279325304969432
O95819,MAP4K4,Lasso,0.1029474011493847,0.1739274983302095
O95819,MAP4K4,Lasso,0.0464429747633035,0.09949619468007014
O95819,MAP4K4,Lasso,0.9463208853396016,-0.07393658679436119
O95819,MAP4K4,ElasticNet,0.7543659496438294,0.3188105015554427
O95819,MAP4K4,ElasticNet,0.2158582486116914,0.31410130375285705
O95819,MAP4K4,ElasticNet,1.2256868271679824,0.47413087044833846
O95819,MAP4K4,ElasticNet,0.6529588156264807,0.25177632910434505
O95819,MAP4K4,ElasticNet,2.126708223110631,0.5284458509656331
O95819,MAP4K4,ElasticNet,0.0701304798421267,0.34415734727375813
O95819,MAP4K4,ElasticNet,0.2460605500618056,-0.36894791866500665
O95819,MAP4K4,ElasticNet,0.0827945893950421,0.3566940073437889
O95819,MAP4K4,ElasticNet,0.2001339631179241,-0.1311363345123915
O95819,MAP4K4,ElasticNet,0.6842500315092507,0.06994486474140679
O95819,MAP4K4,ElasticNet,-0.2680859557986012,-0.09182853981687103
O95819,MAP4K4,ElasticNet,0.1335914926908604,0.3278098703140525
O95819,MAP4K4,ElasticNet,0.4225420473402014,0.21149282125255447
O95819,MAP4K4,ElasticNet,-0.0141374820690248,0.2706620539140639
O95819,MAP4K4,ElasticNet,-0.9876193614742396,0.44219025368683607
O95819,MAP4K4,ElasticNet,0.3175190151512636,-0.16860603053588666
O95819,MAP4K4,ElasticNet,0.1029474011493847,0.2175658910617064
O95819,MAP4K4,ElasticNet,0.0464429747633035,-0.020602218139501388
O95819,MAP4K4,ElasticNet,0.9463208853396016,-0.16516212832324748
O95819,MAP4K4,GradientBoosting,0.7543659496438294,0.28253112109938533
O95819,MAP4K4,GradientBoosting,0.2158582486116914,0.15969070121303797
O95819,MAP4K4,GradientBoosting,1.2256868271679824,0.2557221118261127
O95819,MAP4K4,GradientBoosting,0.6529588156264807,-0.5879514444912847
O95819,MAP4K4,GradientBoosting,2.126708223110631,0.37026395916453997
O95819,MAP4K4,GradientBoosting,0.0701304798421267,0.17162599993640923
O95819,MAP4K4,GradientBoosting,0.2460605500618056,-0.5192925723862591
O95819,MAP4K4,GradientBoosting,0.0827945893950421,0.5021651701389084
O95819,MAP4K4,GradientBoosting,0.2001339631179241,0.030509393443671172
O95819,MAP4K4,GradientBoosting,0.6842500315092507,-0.25727008483422814
O95819,MAP4K4,GradientBoosting,-0.2680859557986012,-0.1550985169014908
O95819,MAP4K4,GradientBoosting,0.1335914926908604,-0.5766337893927266
O95819,MAP4K4,GradientBoosting,0.4225420473402014,0.22093295692710924
O95819,MAP4K4,GradientBoosting,-0.0141374820690248,0.10965946296848197
O95819,MAP4K4,GradientBoosting,-0.9876193614742396,0.42564921078266965
O95819,MAP4K4,GradientBoosting,0.3175190151512636,-0.8010406305855226
O95819,MAP4K4,GradientBoosting,0.1029474011493847,0.3717908289043096
O95819,MAP4K4,GradientBoosting,0.0464429747633035,-0.5780018862990579
O95819,MAP4K4,GradientBoosting,0.9463208853396016,-0.6868535408373271
O95819,MAP4K4,MLP,0.7543659496438294,0.585229196891829
O95819,MAP4K4,MLP,0.2158582486116914,0.4320825965654096
O95819,MAP4K4,MLP,1.2256868271679824,0.5681227198874768
O95819,MAP4K4,MLP,0.6529588156264807,-0.4833959746121511
O95819,MAP4K4,MLP,2.126708223110631,0.23606683692235608
O95819,MAP4K4,MLP,0.0701304798421267,0.7463232559484478
O95819,MAP4K4,MLP,0.2460605500618056,-0.752862613716501
O95819,MAP4K4,MLP,0.0827945893950421,0.6198456720108959
O95819,MAP4K4,MLP,0.2001339631179241,0.5409882077834262
O95819,MAP4K4,MLP,0.6842500315092507,-0.9598938648731822
O95819,MAP4K4,MLP,-0.2680859557986012,-1.1408142037691307
O95819,MAP4K4,MLP,0.1335914926908604,0.7680530785115806
O95819,MAP4K4,MLP,0.4225420473402014,0.7401588527271602
O95819,MAP4K4,MLP,-0.0141374820690248,0.7392181769726764
O95819,MAP4K4,MLP,-0.9876193614742396,0.7432675066658309
O95819,MAP4K4,MLP,0.3175190151512636,-0.6223213401644364
O95819,MAP4K4,MLP,0.1029474011493847,0.6727820899332713
O95819,MAP4K4,MLP,0.0464429747633035,0.07223954731371779
O95819,MAP4K4,MLP,0.9463208853396016,-0.1420501817812443
O95835,LATS1,RandomForest,0.9046526299563332,-0.4990623991202721
O95835,LATS1,RandomForest,-0.8325382450840588,-0.16404364788328693
O95835,LATS1,RandomForest,-0.9548483901770946,-0.7241121040101512
O95835,LATS1,RandomForest,-0.7362805782805123,-1.1386692521843957
O95835,LATS1,RandomForest,-0.1637178754479607,-0.7073474622031708
O95835,LATS1,RandomForest,0.7480092702749972,-0.6964583742446979
O95835,LATS1,RandomForest,-0.9708824323493258,-1.2327317815033698
O95835,LATS1,RandomForest,-0.5827692962517449,-0.06096212797095764
O95835,LATS1,RandomForest,-0.711230767990501,-0.7604434544196788
O95835,LATS1,RandomForest,-1.4225366159780284,-0.9881729349279983
O95835,LATS1,RandomForest,-0.0696634923238945,-0.15290121505762844
O95835,LATS1,RandomForest,-1.7207827759079222,-0.9249344736224213
O95835,LATS1,RandomForest,0.1509182076273464,-0.31251947969125526
O95835,LATS1,RandomForest,-0.0005431439705355,-0.41296192150419414
O95835,LATS1,RandomForest,1.1175363184924678,-0.380902966061705
O95835,LATS1,RandomForest,0.155374053366404,-0.5653273637388982
O95835,LATS1,RandomForest,0.1499005029817756,0.1792217528929195
O95835,LATS1,RandomForest,0.4410554267992015,0.2466261857304205
O95835,LATS1,RandomForest,0.2612039024718507,-0.8158938501968442
O95835,LATS1,XGBoost,0.9046526299563332,-0.4991200864315033
O95835,LATS1,XGBoost,-0.8325382450840588,0.3029874265193939
O95835,LATS1,XGBoost,-0.9548483901770946,-0.46257835626602173
O95835,LATS1,XGBoost,-0.7362805782805123,-1.146153450012207
O95835,LATS1,XGBoost,-0.1637178754479607,-0.9810259938240051
O95835,LATS1,XGBoost,0.7480092702749972,-0.22006383538246155
O95835,LATS1,XGBoost,-0.9708824323493258,-1.5295593738555908
O95835,LATS1,XGBoost,-0.5827692962517449,-0.3606273829936981
O95835,LATS1,XGBoost,-0.711230767990501,-1.5086326599121094
O95835,LATS1,XGBoost,-1.4225366159780284,-1.5247323513031006
O95835,LATS1,XGBoost,-0.0696634923238945,-0.3924875557422638
O95835,LATS1,XGBoost,-1.7207827759079222,-1.0134371519088745
O95835,LATS1,XGBoost,0.1509182076273464,0.10966223478317261
O95835,LATS1,XGBoost,-0.0005431439705355,-0.38590899109840393
O95835,LATS1,XGBoost,1.1175363184924678,-0.15991352498531342
O95835,LATS1,XGBoost,0.155374053366404,-1.2056909799575806
O95835,LATS1,XGBoost,0.1499005029817756,0.3058432936668396
O95835,LATS1,XGBoost,0.4410554267992015,0.2948773503303528
O95835,LATS1,XGBoost,0.2612039024718507,-0.3724067211151123
O95835,LATS1,PLS,0.9046526299563332,-0.3063943307102831
O95835,LATS1,PLS,-0.8325382450840588,-0.7175792971273918
O95835,LATS1,PLS,-0.9548483901770946,-0.43813603366006654
O95835,LATS1,PLS,-0.7362805782805123,-1.513402820768039
O95835,LATS1,PLS,-0.1637178754479607,-0.44381081004836903
O95835,LATS1,PLS,0.7480092702749972,-0.24323169078058357
O95835,LATS1,PLS,-0.9708824323493258,-0.5968833848287887
O95835,LATS1,PLS,-0.5827692962517449,0.40691539021585976
O95835,LATS1,PLS,-0.711230767990501,-0.2228369343910936
O95835,LATS1,PLS,-1.4225366159780284,-1.2125485158913707
O95835,LATS1,PLS,-0.0696634923238945,-0.57637369025468
O95835,LATS1,PLS,-1.7207827759079222,-1.2461911196518103
O95835,LATS1,PLS,0.1509182076273464,-0.6470582138073594
O95835,LATS1,PLS,-0.0005431439705355,-0.16002948664729205
O95835,LATS1,PLS,1.1175363184924678,0.046749044815563356
O95835,LATS1,PLS,0.155374053366404,-0.5844724831376997
O95835,LATS1,PLS,0.1499005029817756,-0.2143854619457221
O95835,LATS1,PLS,0.4410554267992015,0.5400040988678476
O95835,LATS1,PLS,0.2612039024718507,-1.342378170750465
O95835,LATS1,SVR,0.9046526299563332,-0.314275500393268
O95835,LATS1,SVR,-0.8325382450840588,-0.9601087371685295
O95835,LATS1,SVR,-0.9548483901770946,-0.4467052796617611
O95835,LATS1,SVR,-0.7362805782805123,-1.5802332082006645
O95835,LATS1,SVR,-0.1637178754479607,-0.35182949058938695
O95835,LATS1,SVR,0.7480092702749972,-0.12069640288896943
O95835,LATS1,SVR,-0.9708824323493258,-0.5973634655891247
O95835,LATS1,SVR,-0.5827692962517449,0.8822787995026411
O95835,LATS1,SVR,-0.711230767990501,0.20646310124566325
O95835,LATS1,SVR,-1.4225366159780284,-1.2293014791389942
O95835,LATS1,SVR,-0.0696634923238945,-0.41965330750660024
O95835,LATS1,SVR,-1.7207827759079222,-1.2901182416829953
O95835,LATS1,SVR,0.1509182076273464,-0.49299686957434163
O95835,LATS1,SVR,-0.0005431439705355,-0.11204983211836828
O95835,LATS1,SVR,1.1175363184924678,0.1303826114993254
O95835,LATS1,SVR,0.155374053366404,-0.36273105684525464
O95835,LATS1,SVR,0.1499005029817756,-0.059473463463969256
O95835,LATS1,SVR,0.4410554267992015,0.8110733691165766
O95835,LATS1,SVR,0.2612039024718507,-1.6882121592393629
O95835,LATS1,Lasso,0.9046526299563332,-0.4513528457693058
O95835,LATS1,Lasso,-0.8325382450840588,-0.6986824437391708
O95835,LATS1,Lasso,-0.9548483901770946,-0.48614653184940154
O95835,LATS1,Lasso,-0.7362805782805123,-0.8203439683837312
O95835,LATS1,Lasso,-0.1637178754479607,-0.41931378250158774
O95835,LATS1,Lasso,0.7480092702749972,-0.36341456214465245
O95835,LATS1,Lasso,-0.9708824323493258,-0.5100493471933695
O95835,LATS1,Lasso,-0.5827692962517449,0.07074620618794947
O95835,LATS1,Lasso,-0.711230767990501,-0.1332784110768312
O95835,LATS1,Lasso,-1.4225366159780284,-0.7045728880036687
O95835,LATS1,Lasso,-0.0696634923238945,-0.3843151494166641
O95835,LATS1,Lasso,-1.7207827759079222,-0.7542237452804905
O95835,LATS1,Lasso,0.1509182076273464,-0.4098364572327825
O95835,LATS1,Lasso,-0.0005431439705355,-0.4255879061146578
O95835,LATS1,Lasso,1.1175363184924678,-0.31048067773324683
O95835,LATS1,Lasso,0.155374053366404,-0.33250900238759906
O95835,LATS1,Lasso,0.1499005029817756,-0.30165086951020015
O95835,LATS1,Lasso,0.4410554267992015,0.0014915104348740549
O95835,LATS1,Lasso,0.2612039024718507,-0.9506420097691071
O95835,LATS1,ElasticNet,0.9046526299563332,-0.414132375724948
O95835,LATS1,ElasticNet,-0.8325382450840588,-0.6873017390041298
O95835,LATS1,ElasticNet,-0.9548483901770946,-0.46442100684012233
O95835,LATS1,ElasticNet,-0.7362805782805123,-1.1015978572356937
O95835,LATS1,ElasticNet,-0.1637178754479607,-0.42436880723271037
O95835,LATS1,ElasticNet,0.7480092702749972,-0.3036012843713598
O95835,LATS1,ElasticNet,-0.9708824323493258,-0.5621822416166203
O95835,LATS1,ElasticNet,-0.5827692962517449,0.22493524837406603
O95835,LATS1,ElasticNet,-0.711230767990501,-0.1536973482117206
O95835,LATS1,ElasticNet,-1.4225366159780284,-0.9246020889590734
O95835,LATS1,ElasticNet,-0.0696634923238945,-0.45539879655248827
O95835,LATS1,ElasticNet,-1.7207827759079222,-0.9491684878689204
O95835,LATS1,ElasticNet,0.1509182076273464,-0.50036373529971
O95835,LATS1,ElasticNet,-0.0005431439705355,-0.3014791910229052
O95835,LATS1,ElasticNet,1.1175363184924678,-0.1760080947920133
O95835,LATS1,ElasticNet,0.155374053366404,-0.4231808782093076
O95835,LATS1,ElasticNet,0.1499005029817756,-0.25283778847415916
O95835,LATS1,ElasticNet,0.4410554267992015,0.2142615404466492
O95835,LATS1,ElasticNet,0.2612039024718507,-1.1366121175387929
O95835,LATS1,GradientBoosting,0.9046526299563332,-0.3192170779387612
O95835,LATS1,GradientBoosting,-0.8325382450840588,-0.03072181608497536
O95835,LATS1,GradientBoosting,-0.9548483901770946,-0.979836905831406
O95835,LATS1,GradientBoosting,-0.7362805782805123,-1.2627742813044684
O95835,LATS1,GradientBoosting,-0.1637178754479607,-0.952308323421217
O95835,LATS1,GradientBoosting,0.7480092702749972,-0.6349578026007208
O95835,LATS1,GradientBoosting,-0.9708824323493258,-1.4724809504518808
O95835,LATS1,GradientBoosting,-0.5827692962517449,-0.0201692108368761
O95835,LATS1,GradientBoosting,-0.711230767990501,-1.490625339818631
O95835,LATS1,GradientBoosting,-1.4225366159780284,-1.0882227239688014
O95835,LATS1,GradientBoosting,-0.0696634923238945,0.36499025341283714
O95835,LATS1,GradientBoosting,-1.7207827759079222,-0.9641231448813666
O95835,LATS1,GradientBoosting,0.1509182076273464,-0.1768625604983409
O95835,LATS1,GradientBoosting,-0.0005431439705355,-0.37933769813675916
O95835,LATS1,GradientBoosting,1.1175363184924678,-0.12268161606725896
O95835,LATS1,GradientBoosting,0.155374053366404,-1.3898112410641394
O95835,LATS1,GradientBoosting,0.1499005029817756,-0.0029306874067843085
O95835,LATS1,GradientBoosting,0.4410554267992015,0.42915182097265653
O95835,LATS1,GradientBoosting,0.2612039024718507,-0.789542230053438
O95835,LATS1,MLP,0.9046526299563332,0.1731615622529124
O95835,LATS1,MLP,-0.8325382450840588,-2.001630243723271
O95835,LATS1,MLP,-0.9548483901770946,-0.19550392039976905
O95835,LATS1,MLP,-0.7362805782805123,-1.15782563469813
O95835,LATS1,MLP,-0.1637178754479607,-0.6827701338928867
O95835,LATS1,MLP,0.7480092702749972,-0.9261652488662788
O95835,LATS1,MLP,-0.9708824323493258,-0.9475317983813474
O95835,LATS1,MLP,-0.5827692962517449,0.3945667444825699
O95835,LATS1,MLP,-0.711230767990501,0.6109050096552949
O95835,LATS1,MLP,-1.4225366159780284,-0.7584636627649626
O95835,LATS1,MLP,-0.0696634923238945,0.6073299753198033
O95835,LATS1,MLP,-1.7207827759079222,-1.4756656607535068
O95835,LATS1,MLP,0.1509182076273464,-0.021037176631478305
O95835,LATS1,MLP,-0.0005431439705355,0.6761581848423979
O95835,LATS1,MLP,1.1175363184924678,0.4696647574563907
O95835,LATS1,MLP,0.155374053366404,-0.9950344217754883
O95835,LATS1,MLP,0.1499005029817756,-0.1108603505273944
O95835,LATS1,MLP,0.4410554267992015,0.7805243980429815
O95835,LATS1,MLP,0.2612039024718507,0.7433472587815931
O96013,PAK4,RandomForest,-0.1847819883857827,-0.5621857051436787
O96013,PAK4,RandomForest,-0.4990769417044176,0.3436885789434156
O96013,PAK4,RandomForest,-0.7575623853536544,-0.5106212304213371
O96013,PAK4,RandomForest,0.2111965663876202,-0.06314386064892678
O96013,PAK4,RandomForest,-0.0171897043394442,-0.09078671342988046
O96013,PAK4,RandomForest,1.0485513707770928,1.0582102822782102
O96013,PAK4,RandomForest,0.6131963058798173,0.022065760004743903
O96013,PAK4,RandomForest,-2.999240108389204,-1.0698437130450467
O96013,PAK4,RandomForest,-0.6754411661277431,-0.9666899926131478
O96013,PAK4,RandomForest,-0.077206139453859,-0.15440624177644968
O96013,PAK4,RandomForest,-1.3267743782666452,-1.0274211494735488
O96013,PAK4,RandomForest,-2.18362245178906,-1.218320338460143
O96013,PAK4,RandomForest,-2.050379865295715,-0.5888118808113255
O96013,PAK4,RandomForest,0.3421192018962525,0.5696695874217707
O96013,PAK4,RandomForest,-1.173640701471134,-0.6278125726663927
O96013,PAK4,RandomForest,-0.7171992607629748,-0.741540000489678
O96013,PAK4,RandomForest,-1.4517846883815475,-0.873589816622697
O96013,PAK4,RandomForest,0.7178212348475183,-0.0929469440421192
O96013,PAK4,RandomForest,0.3992341671743509,0.29387441547956245
O96013,PAK4,XGBoost,-0.1847819883857827,-0.4403165876865387
O96013,PAK4,XGBoost,-0.4990769417044176,0.8339363932609558
O96013,PAK4,XGBoost,-0.7575623853536544,-0.36336246132850647
O96013,PAK4,XGBoost,0.2111965663876202,-0.09164831042289734
O96013,PAK4,XGBoost,-0.0171897043394442,0.4388747811317444
O96013,PAK4,XGBoost,1.0485513707770928,1.049859642982483
O96013,PAK4,XGBoost,0.6131963058798173,0.13947604596614838
O96013,PAK4,XGBoost,-2.999240108389204,-1.2560559511184692
O96013,PAK4,XGBoost,-0.6754411661277431,-0.9832550883293152
O96013,PAK4,XGBoost,-0.077206139453859,-0.35997292399406433
O96013,PAK4,XGBoost,-1.3267743782666452,-1.3012661933898926
O96013,PAK4,XGBoost,-2.18362245178906,-0.6375573873519897
O96013,PAK4,XGBoost,-2.050379865295715,-0.26842010021209717
O96013,PAK4,XGBoost,0.3421192018962525,0.12820649147033691
O96013,PAK4,XGBoost,-1.173640701471134,-0.296567440032959
O96013,PAK4,XGBoost,-0.7171992607629748,-0.6545965671539307
O96013,PAK4,XGBoost,-1.4517846883815475,-0.9816616773605347
O96013,PAK4,XGBoost,0.7178212348475183,0.0007258370751515031
O96013,PAK4,XGBoost,0.3992341671743509,0.34723004698753357
O96013,PAK4,PLS,-0.1847819883857827,-0.9857740122263403
O96013,PAK4,PLS,-0.4990769417044176,0.5715667698486022
O96013,PAK4,PLS,-0.7575623853536544,-0.9740491990328644
O96013,PAK4,PLS,0.2111965663876202,-0.3590167511109907
O96013,PAK4,PLS,-0.0171897043394442,0.30939346776271986
O96013,PAK4,PLS,1.0485513707770928,0.9120580274148034
O96013,PAK4,PLS,0.6131963058798173,-0.35036147759362507
O96013,PAK4,PLS,-2.999240108389204,-2.227956589658705
O96013,PAK4,PLS,-0.6754411661277431,-0.8165533023773883
O96013,PAK4,PLS,-0.077206139453859,0.3087706594481204
O96013,PAK4,PLS,-1.3267743782666452,-1.5135448844963195
O96013,PAK4,PLS,-2.18362245178906,-1.7998396112610193
O96013,PAK4,PLS,-2.050379865295715,-0.6636530286158357
O96013,PAK4,PLS,0.3421192018962525,0.3527144604161156
O96013,PAK4,PLS,-1.173640701471134,-0.5389859250113123
O96013,PAK4,PLS,-0.7171992607629748,-1.195822840544691
O96013,PAK4,PLS,-1.4517846883815475,-0.831563736291673
O96013,PAK4,PLS,0.7178212348475183,0.41540468900038857
O96013,PAK4,PLS,0.3992341671743509,0.832066919203458
O96013,PAK4,SVR,-0.1847819883857827,-0.9168991702323891
O96013,PAK4,SVR,-0.4990769417044176,0.545391287015376
O96013,PAK4,SVR,-0.7575623853536544,-1.0203623707050822
O96013,PAK4,SVR,0.2111965663876202,-0.3341260112157102
O96013,PAK4,SVR,-0.0171897043394442,0.39948657397678167
O96013,PAK4,SVR,1.0485513707770928,0.7552547633214658
O96013,PAK4,SVR,0.6131963058798173,-0.4441220259472686
O96013,PAK4,SVR,-2.999240108389204,-2.166696144069401
O96013,PAK4,SVR,-0.6754411661277431,-0.9679442345960255
O96013,PAK4,SVR,-0.077206139453859,0.3158490191389983
O96013,PAK4,SVR,-1.3267743782666452,-1.485790604145849
O96013,PAK4,SVR,-2.18362245178906,-1.472333557194656
O96013,PAK4,SVR,-2.050379865295715,-0.5465603975843112
O96013,PAK4,SVR,0.3421192018962525,0.3137274640027353
O96013,PAK4,SVR,-1.173640701471134,-0.42376343608623934
O96013,PAK4,SVR,-0.7171992607629748,-1.0665569951026788
O96013,PAK4,SVR,-1.4517846883815475,-0.8456206957575921
O96013,PAK4,SVR,0.7178212348475183,0.4561477147285554
O96013,PAK4,SVR,0.3992341671743509,0.9796447643593552
O96013,PAK4,Lasso,-0.1847819883857827,-0.9292423419884945
O96013,PAK4,Lasso,-0.4990769417044176,0.5015500744393195
O96013,PAK4,Lasso,-0.7575623853536544,-0.8763310540884428
O96013,PAK4,Lasso,0.2111965663876202,-0.09688126430710853
O96013,PAK4,Lasso,-0.0171897043394442,0.12064641478664978
O96013,PAK4,Lasso,1.0485513707770928,0.6403734228582911
O96013,PAK4,Lasso,0.6131963058798173,-0.23252712655001567
O96013,PAK4,Lasso,-2.999240108389204,-1.813035795791597
O96013,PAK4,Lasso,-0.6754411661277431,-0.8645609741376847
O96013,PAK4,Lasso,-0.077206139453859,0.208510039509548
O96013,PAK4,Lasso,-1.3267743782666452,-1.114807842247078
O96013,PAK4,Lasso,-2.18362245178906,-1.6021697456402006
O96013,PAK4,Lasso,-2.050379865295715,-0.5041496138487689
O96013,PAK4,Lasso,0.3421192018962525,0.36608786304755053
O96013,PAK4,Lasso,-1.173640701471134,-0.476429048900579
O96013,PAK4,Lasso,-0.7171992607629748,-0.823983472256171
O96013,PAK4,Lasso,-1.4517846883815475,-0.8220544665525589
O96013,PAK4,Lasso,0.7178212348475183,0.1387833462829804
O96013,PAK4,Lasso,0.3992341671743509,0.6290779949599903
O96013,PAK4,ElasticNet,-0.1847819883857827,-0.9387456757815893
O96013,PAK4,ElasticNet,-0.4990769417044176,0.5414112292492431
O96013,PAK4,ElasticNet,-0.7575623853536544,-0.9161372981770867
O96013,PAK4,ElasticNet,0.2111965663876202,-0.23375970129054405
O96013,PAK4,ElasticNet,-0.0171897043394442,0.1613191778120503
O96013,PAK4,ElasticNet,1.0485513707770928,0.7728285274427237
O96013,PAK4,ElasticNet,0.6131963058798173,-0.29776582533240886
O96013,PAK4,ElasticNet,-2.999240108389204,-2.071456854906779
O96013,PAK4,ElasticNet,-0.6754411661277431,-0.8268336516817789
O96013,PAK4,ElasticNet,-0.077206139453859,0.21057215346160263
O96013,PAK4,ElasticNet,-1.3267743782666452,-1.3499221793539053
O96013,PAK4,ElasticNet,-2.18362245178906,-1.7116522904250897
O96013,PAK4,ElasticNet,-2.050379865295715,-0.5823405246688519
O96013,PAK4,ElasticNet,0.3421192018962525,0.3879536267146585
O96013,PAK4,ElasticNet,-1.173640701471134,-0.5170327184002563
O96013,PAK4,ElasticNet,-0.7171992607629748,-0.991926153075406
O96013,PAK4,ElasticNet,-1.4517846883815475,-0.8203252556485322
O96013,PAK4,ElasticNet,0.7178212348475183,0.23496290495791083
O96013,PAK4,ElasticNet,0.3992341671743509,0.68806801644312
O96013,PAK4,GradientBoosting,-0.1847819883857827,-0.505863090888894
O96013,PAK4,GradientBoosting,-0.4990769417044176,0.5112512972011747
O96013,PAK4,GradientBoosting,-0.7575623853536544,-0.19152993300823704
O96013,PAK4,GradientBoosting,0.2111965663876202,0.37134808453238105
O96013,PAK4,GradientBoosting,-0.0171897043394442,-0.08725185000686754
O96013,PAK4,GradientBoosting,1.0485513707770928,1.3464629842555091
O96013,PAK4,GradientBoosting,0.6131963058798173,0.12559349348980914
O96013,PAK4,GradientBoosting,-2.999240108389204,-1.1884590336100291
O96013,PAK4,GradientBoosting,-0.6754411661277431,-1.1235801277247564
O96013,PAK4,GradientBoosting,-0.077206139453859,-0.1804439534047768
O96013,PAK4,GradientBoosting,-1.3267743782666452,-1.1937691817772436
O96013,PAK4,GradientBoosting,-2.18362245178906,-0.8349424289668181
O96013,PAK4,GradientBoosting,-2.050379865295715,-0.39354517016417534
O96013,PAK4,GradientBoosting,0.3421192018962525,0.44409372176240963
O96013,PAK4,GradientBoosting,-1.173640701471134,-0.43524073108630956
O96013,PAK4,GradientBoosting,-0.7171992607629748,-0.8719193596253905
O96013,PAK4,GradientBoosting,-1.4517846883815475,-0.9468072522310619
O96013,PAK4,GradientBoosting,0.7178212348475183,0.34786218222326987
O96013,PAK4,GradientBoosting,0.3992341671743509,0.48652434310200976
O96013,PAK4,MLP,-0.1847819883857827,-0.0888168821264589
O96013,PAK4,MLP,-0.4990769417044176,0.5292717279059453
O96013,PAK4,MLP,-0.7575623853536544,-0.8598118035703245
O96013,PAK4,MLP,0.2111965663876202,-0.2581015092771151
O96013,PAK4,MLP,-0.0171897043394442,-0.3352683613423324
O96013,PAK4,MLP,1.0485513707770928,1.5370943154904255
O96013,PAK4,MLP,0.6131963058798173,-0.5213320748603445
O96013,PAK4,MLP,-2.999240108389204,-1.9277711017245216
O96013,PAK4,MLP,-0.6754411661277431,-0.799339615504163
O96013,PAK4,MLP,-0.077206139453859,0.09907464249625263
O96013,PAK4,MLP,-1.3267743782666452,-1.4675363005052302
O96013,PAK4,MLP,-2.18362245178906,-1.7530476051097235
O96013,PAK4,MLP,-2.050379865295715,-0.7766344940087053
O96013,PAK4,MLP,0.3421192018962525,0.3573836987710355
O96013,PAK4,MLP,-1.173640701471134,-0.3894462270210912
O96013,PAK4,MLP,-0.7171992607629748,-0.6138381390679125
O96013,PAK4,MLP,-1.4517846883815475,-0.7610700101127239
O96013,PAK4,MLP,0.7178212348475183,0.37755880834847405
O96013,PAK4,MLP,0.3992341671743509,0.2852760591672948
P00519,ABL1,RandomForest,0.7537450591326138,0.4250429390922166
P00519,ABL1,RandomForest,1.913160803442733,0.9388654899494513
P00519,ABL1,RandomForest,-0.2044127158286567,-0.03550695338535106
P00519,ABL1,RandomForest,0.0830759655546121,0.07405709149659766
P00519,ABL1,RandomForest,0.040057671202706,-0.30816635309933504
P00519,ABL1,RandomForest,0.7729163163015969,0.41358228929608143
P00519,ABL1,RandomForest,-0.669539405278555,-0.20252007249945225
P00519,ABL1,RandomForest,0.2860451418622697,0.38251127217531883
P00519,ABL1,RandomForest,-1.3165610803693848,0.7564617064887307
P00519,ABL1,RandomForest,-0.3564997597636299,0.06299908192190112
P00519,ABL1,RandomForest,0.0713929669941764,0.2956851174501211
P00519,ABL1,RandomForest,-0.1865239260816637,-0.34989233060551295
P00519,ABL1,RandomForest,-0.3192985255005829,0.24299703053733412
P00519,ABL1,RandomForest,0.5339277634642512,-0.17548254767954302
P00519,ABL1,RandomForest,1.0992882651635068,-0.1675834024447316
P00519,ABL1,RandomForest,0.961618622214686,0.27915014012020395
P00519,ABL1,RandomForest,-0.6500815185815569,0.49730536063876024
P00519,ABL1,RandomForest,0.6804237536953901,0.2753490108258726
P00519,ABL1,RandomForest,0.614602512302414,-0.13600840801150116
P00519,ABL1,XGBoost,0.7537450591326138,0.1942831575870514
P00519,ABL1,XGBoost,1.913160803442733,1.4962190389633179
P00519,ABL1,XGBoost,-0.2044127158286567,-0.17319928109645844
P00519,ABL1,XGBoost,0.0830759655546121,0.062134575098752975
P00519,ABL1,XGBoost,0.040057671202706,0.22041526436805725
P00519,ABL1,XGBoost,0.7729163163015969,0.6832584142684937
P00519,ABL1,XGBoost,-0.669539405278555,-0.14863835275173187
P00519,ABL1,XGBoost,0.2860451418622697,0.3766373097896576
P00519,ABL1,XGBoost,-1.3165610803693848,0.8257044553756714
P00519,ABL1,XGBoost,-0.3564997597636299,-0.31091898679733276
P00519,ABL1,XGBoost,0.0713929669941764,0.37082386016845703
P00519,ABL1,XGBoost,-0.1865239260816637,-0.3648384213447571
P00519,ABL1,XGBoost,-0.3192985255005829,0.30518877506256104
P00519,ABL1,XGBoost,0.5339277634642512,-0.6240200996398926
P00519,ABL1,XGBoost,1.0992882651635068,-0.36571401357650757
P00519,ABL1,XGBoost,0.961618622214686,0.4455285370349884
P00519,ABL1,XGBoost,-0.6500815185815569,0.9238799810409546
P00519,ABL1,XGBoost,0.6804237536953901,0.5926973223686218
P00519,ABL1,XGBoost,0.614602512302414,-0.05697674676775932
P00519,ABL1,PLS,0.7537450591326138,0.3206246306776142
P00519,ABL1,PLS,1.913160803442733,0.5793166639577076
P00519,ABL1,PLS,-0.2044127158286567,0.30325800541440506
P00519,ABL1,PLS,0.0830759655546121,-0.184307612105226
P00519,ABL1,PLS,0.040057671202706,0.015645106217488436
P00519,ABL1,PLS,0.7729163163015969,0.42149761296057314
P00519,ABL1,PLS,-0.669539405278555,0.05837470677218704
P00519,ABL1,PLS,0.2860451418622697,0.3412803935243783
P00519,ABL1,PLS,-1.3165610803693848,-0.18459495873334753
P00519,ABL1,PLS,-0.3564997597636299,0.054481031871594914
P00519,ABL1,PLS,0.0713929669941764,0.27363689690287646
P00519,ABL1,PLS,-0.1865239260816637,0.007953898033232612
P00519,ABL1,PLS,-0.3192985255005829,0.19995352096622462
P00519,ABL1,PLS,0.5339277634642512,0.2602714396057424
P00519,ABL1,PLS,1.0992882651635068,0.05012639712972944
P00519,ABL1,PLS,0.961618622214686,0.14976605484690675
P00519,ABL1,PLS,-0.6500815185815569,0.0052117285663030866
P00519,ABL1,PLS,0.6804237536953901,0.5671244361329583
P00519,ABL1,PLS,0.614602512302414,0.09619860378841953
P00519,ABL1,SVR,0.7537450591326138,0.4926563951943389
P00519,ABL1,SVR,1.913160803442733,0.6070986183079871
P00519,ABL1,SVR,-0.2044127158286567,0.4010911485412785
P00519,ABL1,SVR,0.0830759655546121,-0.006305627166673655
P00519,ABL1,SVR,0.040057671202706,0.2788533661949548
P00519,ABL1,SVR,0.7729163163015969,0.4746034608877189
P00519,ABL1,SVR,-0.669539405278555,0.2213098640255851
P00519,ABL1,SVR,0.2860451418622697,0.4584191608406616
P00519,ABL1,SVR,-1.3165610803693848,-0.017413940151396523
P00519,ABL1,SVR,-0.3564997597636299,0.19010611463662294
P00519,ABL1,SVR,0.0713929669941764,0.4181307465867593
P00519,ABL1,SVR,-0.1865239260816637,-0.34749585592205545
P00519,ABL1,SVR,-0.3192985255005829,0.3477873898106848
P00519,ABL1,SVR,0.5339277634642512,0.3455815907868063
P00519,ABL1,SVR,1.0992882651635068,0.20227342958834643
P00519,ABL1,SVR,0.961618622214686,0.33199746597314295
P00519,ABL1,SVR,-0.6500815185815569,0.13854848312457174
P00519,ABL1,SVR,0.6804237536953901,0.6968628589398417
P00519,ABL1,SVR,0.614602512302414,0.24051529212038028
P00519,ABL1,Lasso,0.7537450591326138,0.17404684391324576
P00519,ABL1,Lasso,1.913160803442733,0.13673719439040383
P00519,ABL1,Lasso,-0.2044127158286567,0.2052676443113194
P00519,ABL1,Lasso,0.0830759655546121,0.0029482767061696086
P00519,ABL1,Lasso,0.040057671202706,0.13333460007367035
P00519,ABL1,Lasso,0.7729163163015969,0.1298441604435641
P00519,ABL1,Lasso,-0.669539405278555,0.07838659255036858
P00519,ABL1,Lasso,0.2860451418622697,0.18738283094671865
P00519,ABL1,Lasso,-1.3165610803693848,0.023438520133019156
P00519,ABL1,Lasso,-0.3564997597636299,0.08976956008411617
P00519,ABL1,Lasso,0.0713929669941764,0.15096695419547085
P00519,ABL1,Lasso,-0.1865239260816637,0.08152583705809438
P00519,ABL1,Lasso,-0.3192985255005829,0.1291144301633765
P00519,ABL1,Lasso,0.5339277634642512,0.0954417274866372
P00519,ABL1,Lasso,1.0992882651635068,0.0844494052002538
P00519,ABL1,Lasso,0.961618622214686,0.1303703293160292
P00519,ABL1,Lasso,-0.6500815185815569,0.0763145930392738
P00519,ABL1,Lasso,0.6804237536953901,0.1774149098585609
P00519,ABL1,Lasso,0.614602512302414,0.09144869876054276
P00519,ABL1,ElasticNet,0.7537450591326138,0.23800618802474469
P00519,ABL1,ElasticNet,1.913160803442733,0.3408867162653593
P00519,ABL1,ElasticNet,-0.2044127158286567,0.24790090718124447
P00519,ABL1,ElasticNet,0.0830759655546121,-0.08223455254215295
P00519,ABL1,ElasticNet,0.040057671202706,0.07485070371754854
P00519,ABL1,ElasticNet,0.7729163163015969,0.2642906246395328
P00519,ABL1,ElasticNet,-0.669539405278555,0.06845980531619014
P00519,ABL1,ElasticNet,0.2860451418622697,0.2556656406048528
P00519,ABL1,ElasticNet,-1.3165610803693848,-0.0715333191922726
P00519,ABL1,ElasticNet,-0.3564997597636299,0.07319257273418553
P00519,ABL1,ElasticNet,0.0713929669941764,0.20517208445494872
P00519,ABL1,ElasticNet,-0.1865239260816637,0.05915163234113442
P00519,ABL1,ElasticNet,-0.3192985255005829,0.15999040391018415
P00519,ABL1,ElasticNet,0.5339277634642512,0.17176668736598602
P00519,ABL1,ElasticNet,1.0992882651635068,0.0680578835554944
P00519,ABL1,ElasticNet,0.961618622214686,0.1367915963472979
P00519,ABL1,ElasticNet,-0.6500815185815569,0.04368512953053004
P00519,ABL1,ElasticNet,0.6804237536953901,0.35388788547140054
P00519,ABL1,ElasticNet,0.614602512302414,0.09300349130063074
P00519,ABL1,GradientBoosting,0.7537450591326138,0.5154440458274786
P00519,ABL1,GradientBoosting,1.913160803442733,1.8965040348021622
P00519,ABL1,GradientBoosting,-0.2044127158286567,-0.0072762480141312855
P00519,ABL1,GradientBoosting,0.0830759655546121,0.047102767347287355
P00519,ABL1,GradientBoosting,0.040057671202706,-0.3177775285985195
P00519,ABL1,GradientBoosting,0.7729163163015969,0.5394626644614036
P00519,ABL1,GradientBoosting,-0.669539405278555,-0.07013068348320892
P00519,ABL1,GradientBoosting,0.2860451418622697,0.5061997686526837
P00519,ABL1,GradientBoosting,-1.3165610803693848,0.7931242994854472
P00519,ABL1,GradientBoosting,-0.3564997597636299,-0.0175808575186161
P00519,ABL1,GradientBoosting,0.0713929669941764,0.38024503923606384
P00519,ABL1,GradientBoosting,-0.1865239260816637,-0.22871106568600527
P00519,ABL1,GradientBoosting,-0.3192985255005829,0.41749125434339546
P00519,ABL1,GradientBoosting,0.5339277634642512,-0.6805786366154905
P00519,ABL1,GradientBoosting,1.0992882651635068,-0.27504075868389616
P00519,ABL1,GradientBoosting,0.961618622214686,0.16059030086327392
P00519,ABL1,GradientBoosting,-0.6500815185815569,0.663540657904174
P00519,ABL1,GradientBoosting,0.6804237536953901,0.5779576404804772
P00519,ABL1,GradientBoosting,0.614602512302414,-0.2595311438686999
P00519,ABL1,MLP,0.7537450591326138,0.04609080365512733
P00519,ABL1,MLP,1.913160803442733,-0.07854355868890567
P00519,ABL1,MLP,-0.2044127158286567,0.4504500274491557
P00519,ABL1,MLP,0.0830759655546121,-0.07854355868890567
P00519,ABL1,MLP,0.040057671202706,0.20130009650536745
P00519,ABL1,MLP,0.7729163163015969,-0.07854355868890567
P00519,ABL1,MLP,-0.669539405278555,-0.07854355868890567
P00519,ABL1,MLP,0.2860451418622697,0.19170423397151265
P00519,ABL1,MLP,-1.3165610803693848,-0.07854355868890567
P00519,ABL1,MLP,-0.3564997597636299,-0.07854355868890567
P00519,ABL1,MLP,0.0713929669941764,-0.020382575394311153
P00519,ABL1,MLP,-0.1865239260816637,-0.33254395772756734
P00519,ABL1,MLP,-0.3192985255005829,-0.06213782317897664
P00519,ABL1,MLP,0.5339277634642512,-0.07854355868890567
P00519,ABL1,MLP,1.0992882651635068,-0.07854355868890567
P00519,ABL1,MLP,0.961618622214686,0.0065707945869924594
P00519,ABL1,MLP,-0.6500815185815569,-0.07854355868890567
P00519,ABL1,MLP,0.6804237536953901,-0.07854355868890567
P00519,ABL1,MLP,0.614602512302414,-0.07854355868890567
P04049,RAF1,RandomForest,0.8035913900745023,-0.08545903279679079
P04049,RAF1,RandomForest,0.1935553624091763,-0.2190472195639283
P04049,RAF1,RandomForest,0.2186133669379349,0.1381630090454068
P04049,RAF1,RandomForest,-1.7108749677627773,-2.1489937566799164
P04049,RAF1,RandomForest,-0.2357325472812377,0.6265715661285172
P04049,RAF1,RandomForest,-0.453889576098583,-0.0680459538073867
P04049,RAF1,RandomForest,1.681254658367694,0.1586020206704747
P04049,RAF1,RandomForest,-1.183507798382444,1.6410933196568092
P04049,RAF1,RandomForest,2.946858941604864,0.26862692045165665
P04049,RAF1,RandomForest,-1.9638971858089944,-1.5434616172761944
P04049,RAF1,RandomForest,1.5112379406996823,0.36797234925070116
P04049,RAF1,RandomForest,1.6781169271218863,-1.655471696913276
P04049,RAF1,RandomForest,1.63296679844233,0.8264077319356277
P04049,RAF1,RandomForest,-0.998082481422771,0.18610226537654564
P04049,RAF1,RandomForest,0.4317379102747712,0.5782469272053238
P04049,RAF1,RandomForest,1.9597350295332936,1.0451525166773037
P04049,RAF1,RandomForest,2.205200716159325,0.5690652232541791
P04049,RAF1,RandomForest,0.9253029760171078,2.3777253277509733
P04049,RAF1,RandomForest,0.241814875980017,0.5543049577293737
P04049,RAF1,XGBoost,0.8035913900745023,-0.16206130385398865
P04049,RAF1,XGBoost,0.1935553624091763,0.964264988899231
P04049,RAF1,XGBoost,0.2186133669379349,-1.0092086791992188
P04049,RAF1,XGBoost,-1.7108749677627773,-1.007129430770874
P04049,RAF1,XGBoost,-0.2357325472812377,0.41035112738609314
P04049,RAF1,XGBoost,-0.453889576098583,-0.30422115325927734
P04049,RAF1,XGBoost,1.681254658367694,-0.36025622487068176
P04049,RAF1,XGBoost,-1.183507798382444,1.6021612882614136
P04049,RAF1,XGBoost,2.946858941604864,-0.04089992493391037
P04049,RAF1,XGBoost,-1.9638971858089944,0.12506352365016937
P04049,RAF1,XGBoost,1.5112379406996823,0.39046773314476013
P04049,RAF1,XGBoost,1.6781169271218863,-5.519023895263672
P04049,RAF1,XGBoost,1.63296679844233,0.6835258603096008
P04049,RAF1,XGBoost,-0.998082481422771,0.0723334401845932
P04049,RAF1,XGBoost,0.4317379102747712,0.6336488127708435
P04049,RAF1,XGBoost,1.9597350295332936,0.6611090898513794
P04049,RAF1,XGBoost,2.205200716159325,-0.22244904935359955
P04049,RAF1,XGBoost,0.9253029760171078,0.9484898447990417
P04049,RAF1,XGBoost,0.241814875980017,0.5001434087753296
P04049,RAF1,PLS,0.8035913900745023,0.025288872390553274
P04049,RAF1,PLS,0.1935553624091763,-0.3552443184129839
P04049,RAF1,PLS,0.2186133669379349,0.18360330219931317
P04049,RAF1,PLS,-1.7108749677627773,-1.8824271026150858
P04049,RAF1,PLS,-0.2357325472812377,0.22725870750338947
P04049,RAF1,PLS,-0.453889576098583,0.4448048138147761
P04049,RAF1,PLS,1.681254658367694,0.33930223362785417
P04049,RAF1,PLS,-1.183507798382444,-0.192208962679829
P04049,RAF1,PLS,2.946858941604864,0.10098009301826247
P04049,RAF1,PLS,-1.9638971858089944,-1.6176072731247773
P04049,RAF1,PLS,1.5112379406996823,-0.17441294700747179
P04049,RAF1,PLS,1.6781169271218863,-0.8115247925103639
P04049,RAF1,PLS,1.63296679844233,-0.224047709261957
P04049,RAF1,PLS,-0.998082481422771,-0.06322491403913022
P04049,RAF1,PLS,0.4317379102747712,-0.3059584387776609
P04049,RAF1,PLS,1.9597350295332936,0.7793724440473185
P04049,RAF1,PLS,2.205200716159325,-0.4754878023450825
P04049,RAF1,PLS,0.9253029760171078,1.846204927634819
P04049,RAF1,PLS,0.241814875980017,0.3087193408316494
P04049,RAF1,SVR,0.8035913900745023,0.10097032622215171
P04049,RAF1,SVR,0.1935553624091763,-0.27168501635572095
P04049,RAF1,SVR,0.2186133669379349,0.16597219634231872
P04049,RAF1,SVR,-1.7108749677627773,-1.0277486694353561
P04049,RAF1,SVR,-0.2357325472812377,0.16968074696960359
P04049,RAF1,SVR,-0.453889576098583,0.18829188351145795
P04049,RAF1,SVR,1.681254658367694,0.4684718146801865
P04049,RAF1,SVR,-1.183507798382444,-0.5202604860948348
P04049,RAF1,SVR,2.946858941604864,-0.27323976466943756
P04049,RAF1,SVR,-1.9638971858089944,-1.1133407941750428
P04049,RAF1,SVR,1.5112379406996823,-0.3649192564106205
P04049,RAF1,SVR,1.6781169271218863,-0.4893852142623645
P04049,RAF1,SVR,1.63296679844233,-0.4321169136441243
P04049,RAF1,SVR,-0.998082481422771,-0.1289748736224705
P04049,RAF1,SVR,0.4317379102747712,-0.26108604302045246
P04049,RAF1,SVR,1.9597350295332936,0.1984847616462437
P04049,RAF1,SVR,2.205200716159325,-0.5417057859397867
P04049,RAF1,SVR,0.9253029760171078,1.2520216931589172
P04049,RAF1,SVR,0.241814875980017,0.1969070500149265
P04049,RAF1,Lasso,0.8035913900745023,0.015558162213484675
P04049,RAF1,Lasso,0.1935553624091763,-0.22889632797407802
P04049,RAF1,Lasso,0.2186133669379349,0.056626974987513685
P04049,RAF1,Lasso,-1.7108749677627773,-1.8022319133434892
P04049,RAF1,Lasso,-0.2357325472812377,0.14202336311785926
P04049,RAF1,Lasso,-0.453889576098583,0.43018595697962714
P04049,RAF1,Lasso,1.681254658367694,-0.07838160756043505
P04049,RAF1,Lasso,-1.183507798382444,0.3256802415130654
P04049,RAF1,Lasso,2.946858941604864,0.42694684602996535
P04049,RAF1,Lasso,-1.9638971858089944,-1.2290634580545325
P04049,RAF1,Lasso,1.5112379406996823,0.11170285654072715
P04049,RAF1,Lasso,1.6781169271218863,-0.6616331227129204
P04049,RAF1,Lasso,1.63296679844233,0.13996194767799214
P04049,RAF1,Lasso,-0.998082481422771,0.0057963854252903735
P04049,RAF1,Lasso,0.4317379102747712,-0.09884988915128881
P04049,RAF1,Lasso,1.9597350295332936,0.895522017444863
P04049,RAF1,Lasso,2.205200716159325,-0.16679852793590852
P04049,RAF1,Lasso,0.9253029760171078,1.4138139198086481
P04049,RAF1,Lasso,0.241814875980017,0.34493491411427657
P04049,RAF1,ElasticNet,0.8035913900745023,0.044274662251838084
P04049,RAF1,ElasticNet,0.1935553624091763,-0.25445647418382117
P04049,RAF1,ElasticNet,0.2186133669379349,0.09482598097684314
P04049,RAF1,ElasticNet,-1.7108749677627773,-1.7766696361416896
P04049,RAF1,ElasticNet,-0.2357325472812377,0.16985920007470587
P04049,RAF1,ElasticNet,-0.453889576098583,0.4043202956434373
P04049,RAF1,ElasticNet,1.681254658367694,0.03643854930894491
P04049,RAF1,ElasticNet,-1.183507798382444,0.1851342039325706
P04049,RAF1,ElasticNet,2.946858941604864,0.2845783891161728
P04049,RAF1,ElasticNet,-1.9638971858089944,-1.3316278806485198
P04049,RAF1,ElasticNet,1.5112379406996823,0.06308632861131956
P04049,RAF1,ElasticNet,1.6781169271218863,-0.7405110421397789
P04049,RAF1,ElasticNet,1.63296679844233,0.013889809835452085
P04049,RAF1,ElasticNet,-0.998082481422771,-0.05589375937054232
P04049,RAF1,ElasticNet,0.4317379102747712,-0.16278137856793962
P04049,RAF1,ElasticNet,1.9597350295332936,0.8538776098705766
P04049,RAF1,ElasticNet,2.205200716159325,-0.2550470314292928
P04049,RAF1,ElasticNet,0.9253029760171078,1.5602893014783417
P04049,RAF1,ElasticNet,0.241814875980017,0.33694824640642707
P04049,RAF1,GradientBoosting,0.8035913900745023,-0.21851642274233923
P04049,RAF1,GradientBoosting,0.1935553624091763,-0.7766079341498184
P04049,RAF1,GradientBoosting,0.2186133669379349,-1.1595510944946537
P04049,RAF1,GradientBoosting,-1.7108749677627773,-3.1599302267451197
P04049,RAF1,GradientBoosting,-0.2357325472812377,0.6982299116248433
P04049,RAF1,GradientBoosting,-0.453889576098583,0.37073661141555736
P04049,RAF1,GradientBoosting,1.681254658367694,0.20391382497817997
P04049,RAF1,GradientBoosting,-1.183507798382444,1.9636360705516593
P04049,RAF1,GradientBoosting,2.946858941604864,0.44504417962882675
P04049,RAF1,GradientBoosting,-1.9638971858089944,-1.318155026461998
P04049,RAF1,GradientBoosting,1.5112379406996823,0.48732567623189316
P04049,RAF1,GradientBoosting,1.6781169271218863,-2.6452240356870074
P04049,RAF1,GradientBoosting,1.63296679844233,0.944466307390123
P04049,RAF1,GradientBoosting,-0.998082481422771,0.3041125264211132
P04049,RAF1,GradientBoosting,0.4317379102747712,0.3799899956702546
P04049,RAF1,GradientBoosting,1.9597350295332936,1.650642130783553
P04049,RAF1,GradientBoosting,2.205200716159325,-0.6602634191073494
P04049,RAF1,GradientBoosting,0.9253029760171078,2.1034515304833636
P04049,RAF1,GradientBoosting,0.241814875980017,0.6457102529349414
P04049,RAF1,MLP,0.8035913900745023,-2.0366596870372082
P04049,RAF1,MLP,0.1935553624091763,-0.6650622601094884
P04049,RAF1,MLP,0.2186133669379349,0.6273967802613539
P04049,RAF1,MLP,-1.7108749677627773,-4.227961042751689
P04049,RAF1,MLP,-0.2357325472812377,0.10629034277400373
P04049,RAF1,MLP,-0.453889576098583,-0.29908155212480414
P04049,RAF1,MLP,1.681254658367694,0.4294881903119192
P04049,RAF1,MLP,-1.183507798382444,2.6649247069629567
P04049,RAF1,MLP,2.946858941604864,0.44571576744157304
P04049,RAF1,MLP,-1.9638971858089944,-5.445930314342384
P04049,RAF1,MLP,1.5112379406996823,1.3743865580629429
P04049,RAF1,MLP,1.6781169271218863,-0.8310303341082745
P04049,RAF1,MLP,1.63296679844233,0.9167834136787908
P04049,RAF1,MLP,-0.998082481422771,-0.36290632984488036
P04049,RAF1,MLP,0.4317379102747712,1.316402737241018
P04049,RAF1,MLP,1.9597350295332936,1.0631783378038173
P04049,RAF1,MLP,2.205200716159325,0.15318057697957138
P04049,RAF1,MLP,0.9253029760171078,2.0486408970953933
P04049,RAF1,MLP,0.241814875980017,-0.3354622371831524
P04626,ERBB2,RandomForest,0.6480186784090355,-1.19998322702165
P04626,ERBB2,RandomForest,-2.039134989372729,-0.7024558201976427
P04626,ERBB2,RandomForest,0.1649572521151135,-1.2081220289725771
P04626,ERBB2,RandomForest,-0.2957982835075392,-1.2106609651499638
P04626,ERBB2,RandomForest,-1.110944357773974,-0.2361453626940971
P04626,ERBB2,RandomForest,-1.119339634467387,-0.8528980858915892
P04626,ERBB2,RandomForest,0.4471507621679208,-1.552954829488256
P04626,ERBB2,RandomForest,-0.2464672172062423,-0.5024716283336297
P04626,ERBB2,RandomForest,0.6296725825519423,0.12271865393895821
P04626,ERBB2,RandomForest,-0.4030746736905692,-0.5562858087613544
P04626,ERBB2,RandomForest,0.7258027847850569,-0.6241536483047224
P04626,ERBB2,RandomForest,1.482083243535815,-0.3319484215136276
P04626,ERBB2,RandomForest,0.0724610243951139,0.03737687318720702
P04626,ERBB2,RandomForest,-0.1271453328316007,-1.0717239212744318
P04626,ERBB2,RandomForest,-1.6377281345920676,0.2844902648024837
P04626,ERBB2,RandomForest,0.2261337893858941,0.2687456150243801
P04626,ERBB2,RandomForest,0.1023682058917403,-0.5431372628287172
P04626,ERBB2,RandomForest,-0.4591206961083168,-0.9833701642258578
P04626,ERBB2,RandomForest,0.6726227586022417,-0.210796071660352
P04626,ERBB2,XGBoost,0.6480186784090355,-0.3491581678390503
P04626,ERBB2,XGBoost,-2.039134989372729,-0.3852161467075348
P04626,ERBB2,XGBoost,0.1649572521151135,-1.3221259117126465
P04626,ERBB2,XGBoost,-0.2957982835075392,-1.2587631940841675
P04626,ERBB2,XGBoost,-1.110944357773974,0.2106403410434723
P04626,ERBB2,XGBoost,-1.119339634467387,0.6824860572814941
P04626,ERBB2,XGBoost,0.4471507621679208,-3.0551931858062744
P04626,ERBB2,XGBoost,-0.2464672172062423,-0.36501049995422363
P04626,ERBB2,XGBoost,0.6296725825519423,-0.9360884428024292
P04626,ERBB2,XGBoost,-0.4030746736905692,-2.6866188049316406
P04626,ERBB2,XGBoost,0.7258027847850569,-1.4372726678848267
P04626,ERBB2,XGBoost,1.482083243535815,-1.510586142539978
P04626,ERBB2,XGBoost,0.0724610243951139,-0.25778257846832275
P04626,ERBB2,XGBoost,-0.1271453328316007,-0.5604713559150696
P04626,ERBB2,XGBoost,-1.6377281345920676,-0.2622775137424469
P04626,ERBB2,XGBoost,0.2261337893858941,0.4109797477722168
P04626,ERBB2,XGBoost,0.1023682058917403,-0.5860348343849182
P04626,ERBB2,XGBoost,-0.4591206961083168,-1.8615134954452515
P04626,ERBB2,XGBoost,0.6726227586022417,-0.285126656293869
P04626,ERBB2,PLS,0.6480186784090355,-0.3256202641306346
P04626,ERBB2,PLS,-2.039134989372729,-1.0401347964508507
P04626,ERBB2,PLS,0.1649572521151135,0.7757719400280738
P04626,ERBB2,PLS,-0.2957982835075392,-0.9601071903191597
P04626,ERBB2,PLS,-1.110944357773974,-0.2998899591755009
P04626,ERBB2,PLS,-1.119339634467387,-1.3645845523957285
P04626,ERBB2,PLS,0.4471507621679208,0.38815705107988785
P04626,ERBB2,PLS,-0.2464672172062423,-0.239434668523802
P04626,ERBB2,PLS,0.6296725825519423,-0.07750981275544172
P04626,ERBB2,PLS,-0.4030746736905692,-0.21996647821823534
P04626,ERBB2,PLS,0.7258027847850569,0.7571803978412719
P04626,ERBB2,PLS,1.482083243535815,-0.9569987512372758
P04626,ERBB2,PLS,0.0724610243951139,-0.03769176374327693
P04626,ERBB2,PLS,-0.1271453328316007,-0.7509372660335452
P04626,ERBB2,PLS,-1.6377281345920676,0.03634203068063857
P04626,ERBB2,PLS,0.2261337893858941,-0.07049140631967604
P04626,ERBB2,PLS,0.1023682058917403,-0.2679319254533609
P04626,ERBB2,PLS,-0.4591206961083168,-0.7050394064976466
P04626,ERBB2,PLS,0.6726227586022417,-0.2878465218789328
P04626,ERBB2,SVR,0.6480186784090355,-0.0670203399126098
P04626,ERBB2,SVR,-2.039134989372729,-1.1041740838493883
P04626,ERBB2,SVR,0.1649572521151135,1.0887542570951296
P04626,ERBB2,SVR,-0.2957982835075392,-0.9237575256178564
P04626,ERBB2,SVR,-1.110944357773974,-0.15034557643242452
P04626,ERBB2,SVR,-1.119339634467387,-1.320477662434366
P04626,ERBB2,SVR,0.4471507621679208,0.7069586148969387
P04626,ERBB2,SVR,-0.2464672172062423,-0.04290092219532826
P04626,ERBB2,SVR,0.6296725825519423,0.14013353601092088
P04626,ERBB2,SVR,-0.4030746736905692,-0.09032206179051261
P04626,ERBB2,SVR,0.7258027847850569,1.0958839186590017
P04626,ERBB2,SVR,1.482083243535815,-0.8537902893635965
P04626,ERBB2,SVR,0.0724610243951139,0.1839904911541308
P04626,ERBB2,SVR,-0.1271453328316007,-0.6960460710538248
P04626,ERBB2,SVR,-1.6377281345920676,0.2694026348244326
P04626,ERBB2,SVR,0.2261337893858941,0.15280707016527373
P04626,ERBB2,SVR,0.1023682058917403,-0.07305827741711829
P04626,ERBB2,SVR,-0.4591206961083168,-0.6253075408230016
P04626,ERBB2,SVR,0.6726227586022417,-0.08451830757744916
P04626,ERBB2,Lasso,0.6480186784090355,-0.4356061405440846
P04626,ERBB2,Lasso,-2.039134989372729,-0.8000317460575564
P04626,ERBB2,Lasso,0.1649572521151135,0.31284696163444037
P04626,ERBB2,Lasso,-0.2957982835075392,-0.7499730303423388
P04626,ERBB2,Lasso,-1.110944357773974,-0.3124431822990421
P04626,ERBB2,Lasso,-1.119339634467387,-0.8982785369693621
P04626,ERBB2,Lasso,0.4471507621679208,0.07168784080614377
P04626,ERBB2,Lasso,-0.2464672172062423,-0.2863939532097886
P04626,ERBB2,Lasso,0.6296725825519423,-0.18983074458912214
P04626,ERBB2,Lasso,-0.4030746736905692,-0.2940275152506282
P04626,ERBB2,Lasso,0.7258027847850569,0.24933009078303325
P04626,ERBB2,Lasso,1.482083243535815,-0.6771830303784555
P04626,ERBB2,Lasso,0.0724610243951139,-0.16057161576766055
P04626,ERBB2,Lasso,-0.1271453328316007,-0.5781520698552645
P04626,ERBB2,Lasso,-1.6377281345920676,-0.1246865985289965
P04626,ERBB2,Lasso,0.2261337893858941,-0.2083323340179804
P04626,ERBB2,Lasso,0.1023682058917403,-0.31322362226311445
P04626,ERBB2,Lasso,-0.4591206961083168,-0.6986350127209731
P04626,ERBB2,Lasso,0.6726227586022417,-0.37798991010249794
P04626,ERBB2,ElasticNet,0.6480186784090355,-0.410028695608745
P04626,ERBB2,ElasticNet,-2.039134989372729,-0.9049437480383371
P04626,ERBB2,ElasticNet,0.1649572521151135,0.4710104605912503
P04626,ERBB2,ElasticNet,-0.2957982835075392,-0.8296488863789591
P04626,ERBB2,ElasticNet,-1.110944357773974,-0.3007743053261005
P04626,ERBB2,ElasticNet,-1.119339634467387,-1.033007476601666
P04626,ERBB2,ElasticNet,0.4471507621679208,0.18173264188048388
P04626,ERBB2,ElasticNet,-0.2464672172062423,-0.26120391586530584
P04626,ERBB2,ElasticNet,0.6296725825519423,-0.14345493534631695
P04626,ERBB2,ElasticNet,-0.4030746736905692,-0.2760268484907698
P04626,ERBB2,ElasticNet,0.7258027847850569,0.410992963624796
P04626,ERBB2,ElasticNet,1.482083243535815,-0.7622485472811703
P04626,ERBB2,ElasticNet,0.0724610243951139,-0.10955805276118674
P04626,ERBB2,ElasticNet,-0.1271453328316007,-0.6320491772761927
P04626,ERBB2,ElasticNet,-1.6377281345920676,-0.06312940766332797
P04626,ERBB2,ElasticNet,0.2261337893858941,-0.15868503494587935
P04626,ERBB2,ElasticNet,0.1023682058917403,-0.29074189393641625
P04626,ERBB2,ElasticNet,-0.4591206961083168,-0.7422518810952952
P04626,ERBB2,ElasticNet,0.6726227586022417,-0.35262766869169415
P04626,ERBB2,GradientBoosting,0.6480186784090355,-0.5403501030033256
P04626,ERBB2,GradientBoosting,-2.039134989372729,-0.5967357510883672
P04626,ERBB2,GradientBoosting,0.1649572521151135,-1.4147112111621465
P04626,ERBB2,GradientBoosting,-0.2957982835075392,-1.1478096638820567
P04626,ERBB2,GradientBoosting,-1.110944357773974,-0.04755827764818218
P04626,ERBB2,GradientBoosting,-1.119339634467387,-0.9143859524107776
P04626,ERBB2,GradientBoosting,0.4471507621679208,-2.649474247296502
P04626,ERBB2,GradientBoosting,-0.2464672172062423,-0.11733647418351396
P04626,ERBB2,GradientBoosting,0.6296725825519423,-0.2272463336260137
P04626,ERBB2,GradientBoosting,-0.4030746736905692,-0.7799560633956586
P04626,ERBB2,GradientBoosting,0.7258027847850569,-0.3898687316479673
P04626,ERBB2,GradientBoosting,1.482083243535815,-0.061834426893175726
P04626,ERBB2,GradientBoosting,0.0724610243951139,-0.23782891088705266
P04626,ERBB2,GradientBoosting,-0.1271453328316007,-1.4464371357987236
P04626,ERBB2,GradientBoosting,-1.6377281345920676,0.19075935777891892
P04626,ERBB2,GradientBoosting,0.2261337893858941,0.08540280726985633
P04626,ERBB2,GradientBoosting,0.1023682058917403,-0.4685159620653516
P04626,ERBB2,GradientBoosting,-0.4591206961083168,-0.0383414852270345
P04626,ERBB2,GradientBoosting,0.6726227586022417,-0.5182893919300413
P04626,ERBB2,MLP,0.6480186784090355,-1.0464349358687628
P04626,ERBB2,MLP,-2.039134989372729,-0.7375438428642708
P04626,ERBB2,MLP,0.1649572521151135,1.050255473665894
P04626,ERBB2,MLP,-0.2957982835075392,-0.7761133926487749
P04626,ERBB2,MLP,-1.110944357773974,-0.5331066569109028
P04626,ERBB2,MLP,-1.119339634467387,-0.5331066569109028
P04626,ERBB2,MLP,0.4471507621679208,-0.5627447211719535
P04626,ERBB2,MLP,-0.2464672172062423,-0.45140269576961906
P04626,ERBB2,MLP,0.6296725825519423,-0.27604474740392043
P04626,ERBB2,MLP,-0.4030746736905692,-0.6094941050096061
P04626,ERBB2,MLP,0.7258027847850569,1.118968265026464
P04626,ERBB2,MLP,1.482083243535815,-0.5938351181676026
P04626,ERBB2,MLP,0.0724610243951139,-0.27912753500826804
P04626,ERBB2,MLP,-0.1271453328316007,-0.5452899707612913
P04626,ERBB2,MLP,-1.6377281345920676,-0.129695936696145
P04626,ERBB2,MLP,0.2261337893858941,-0.07833360901268888
P04626,ERBB2,MLP,0.1023682058917403,-0.399845783515347
P04626,ERBB2,MLP,-0.4591206961083168,-1.1692323759004912
P04626,ERBB2,MLP,0.6726227586022417,-0.10262063357202267
P06493,CDK1,RandomForest,0.6041962463730414,0.6522487514453381
P06493,CDK1,RandomForest,1.433370401286134,1.023808146566794
P06493,CDK1,RandomForest,2.6146510466041724,0.8306683996196665
P06493,CDK1,RandomForest,-0.0078354939595914,0.820976631778902
P06493,CDK1,RandomForest,-0.5656081112271728,0.39734297245786215
P06493,CDK1,RandomForest,1.1552086214439077,0.6550259488507214
P06493,CDK1,RandomForest,-0.5055132978210983,0.6426219216713229
P06493,CDK1,RandomForest,-0.9990425657523444,0.3264480753968088
P06493,CDK1,RandomForest,-0.0559346522358212,0.033944325429083405
P06493,CDK1,RandomForest,0.6634094747033571,1.0780625911052393
P06493,CDK1,RandomForest,-2.8590366420767044,-0.10162822739551303
P06493,CDK1,RandomForest,-0.1077826983611746,0.2781698476414469
P06493,CDK1,RandomForest,0.5188606453661314,0.25680121340688183
P06493,CDK1,RandomForest,0.6892844312247748,0.636965610754439
P06493,CDK1,RandomForest,0.5455567057462178,0.7553005590407854
P06493,CDK1,RandomForest,-2.746597658063106,0.4467578851620043
P06493,CDK1,RandomForest,0.6740891979720901,0.007762437718626483
P06493,CDK1,RandomForest,-2.4161774598663457,1.7390236974310194
P06493,CDK1,RandomForest,1.0171302328361604,1.4547026299576986
P06493,CDK1,XGBoost,0.6041962463730414,0.29330193996429443
P06493,CDK1,XGBoost,1.433370401286134,1.5179332494735718
P06493,CDK1,XGBoost,2.6146510466041724,0.7336884140968323
P06493,CDK1,XGBoost,-0.0078354939595914,0.9570832848548889
P06493,CDK1,XGBoost,-0.5656081112271728,0.020648542791604996
P06493,CDK1,XGBoost,1.1552086214439077,0.8794494867324829
P06493,CDK1,XGBoost,-0.5055132978210983,0.07489486038684845
P06493,CDK1,XGBoost,-0.9990425657523444,0.009656507521867752
P06493,CDK1,XGBoost,-0.0559346522358212,-0.24662934243679047
P06493,CDK1,XGBoost,0.6634094747033571,0.9145750403404236
P06493,CDK1,XGBoost,-2.8590366420767044,-0.31183871626853943
P06493,CDK1,XGBoost,-0.1077826983611746,0.6182204484939575
P06493,CDK1,XGBoost,0.5188606453661314,0.06032188981771469
P06493,CDK1,XGBoost,0.6892844312247748,0.6078482270240784
P06493,CDK1,XGBoost,0.5455567057462178,0.8622013330459595
P06493,CDK1,XGBoost,-2.746597658063106,0.48417016863822937
P06493,CDK1,XGBoost,0.6740891979720901,-0.11430808901786804
P06493,CDK1,XGBoost,-2.4161774598663457,1.4551067352294922
P06493,CDK1,XGBoost,1.0171302328361604,0.6648921966552734
P06493,CDK1,PLS,0.6041962463730414,1.0743041950365793
P06493,CDK1,PLS,1.433370401286134,1.0622687905743748
P06493,CDK1,PLS,2.6146510466041724,0.885487067227737
P06493,CDK1,PLS,-0.0078354939595914,0.9440441230599971
P06493,CDK1,PLS,-0.5656081112271728,0.6004706735036881
P06493,CDK1,PLS,1.1552086214439077,1.0219279536309973
P06493,CDK1,PLS,-0.5055132978210983,1.1769085036460853
P06493,CDK1,PLS,-0.9990425657523444,0.7222518342232297
P06493,CDK1,PLS,-0.0559346522358212,0.5490236965280113
P06493,CDK1,PLS,0.6634094747033571,1.0198438819907705
P06493,CDK1,PLS,-2.8590366420767044,0.36367791804850547
P06493,CDK1,PLS,-0.1077826983611746,0.5494416104849154
P06493,CDK1,PLS,0.5188606453661314,0.5307383216274832
P06493,CDK1,PLS,0.6892844312247748,1.0761100455169863
P06493,CDK1,PLS,0.5455567057462178,0.6307007815712308
P06493,CDK1,PLS,-2.746597658063106,0.6971801468540159
P06493,CDK1,PLS,0.6740891979720901,0.33215204317775876
P06493,CDK1,PLS,-2.4161774598663457,1.255460464209096
P06493,CDK1,PLS,1.0171302328361604,1.0276986754252349
P06493,CDK1,SVR,0.6041962463730414,1.1208377209601617
P06493,CDK1,SVR,1.433370401286134,0.9297517632088216
P06493,CDK1,SVR,2.6146510466041724,0.7659697595911423
P06493,CDK1,SVR,-0.0078354939595914,0.7916826290203312
P06493,CDK1,SVR,-0.5656081112271728,0.5706205619507132
P06493,CDK1,SVR,1.1552086214439077,0.8647058597409572
P06493,CDK1,SVR,-0.5055132978210983,1.1499262219725404
P06493,CDK1,SVR,-0.9990425657523444,0.7716254461816652
P06493,CDK1,SVR,-0.0559346522358212,0.582044637782932
P06493,CDK1,SVR,0.6634094747033571,0.7720552481295869
P06493,CDK1,SVR,-2.8590366420767044,0.3776853660211307
P06493,CDK1,SVR,-0.1077826983611746,0.4592569107066332
P06493,CDK1,SVR,0.5188606453661314,0.5888145478514506
P06493,CDK1,SVR,0.6892844312247748,0.9525061732658833
P06493,CDK1,SVR,0.5455567057462178,0.7534992318666115
P06493,CDK1,SVR,-2.746597658063106,0.6696093128221602
P06493,CDK1,SVR,0.6740891979720901,0.342952562409902
P06493,CDK1,SVR,-2.4161774598663457,1.1685570380493533
P06493,CDK1,SVR,1.0171302328361604,1.0838411972343627
P06493,CDK1,Lasso,0.6041962463730414,0.9612074599806488
P06493,CDK1,Lasso,1.433370401286134,0.9920596473921126
P06493,CDK1,Lasso,2.6146510466041724,0.8220542739678758
P06493,CDK1,Lasso,-0.0078354939595914,0.8686712869225528
P06493,CDK1,Lasso,-0.5656081112271728,0.6190388770529411
P06493,CDK1,Lasso,1.1552086214439077,0.9253215762461551
P06493,CDK1,Lasso,-0.5055132978210983,1.0840983605424719
P06493,CDK1,Lasso,-0.9990425657523444,0.7883186405198159
P06493,CDK1,Lasso,-0.0559346522358212,0.681147211484308
P06493,CDK1,Lasso,0.6634094747033571,0.938833735438259
P06493,CDK1,Lasso,-2.8590366420767044,0.49405068877226943
P06493,CDK1,Lasso,-0.1077826983611746,0.5527284214192467
P06493,CDK1,Lasso,0.5188606453661314,0.657084742906148
P06493,CDK1,Lasso,0.6892844312247748,0.971112110356197
P06493,CDK1,Lasso,0.5455567057462178,0.6959720022402749
P06493,CDK1,Lasso,-2.746597658063106,0.7612131270383848
P06493,CDK1,Lasso,0.6740891979720901,0.46245996499895964
P06493,CDK1,Lasso,-2.4161774598663457,0.9950377883312225
P06493,CDK1,Lasso,1.0171302328361604,0.9057810535838525
P06493,CDK1,ElasticNet,0.6041962463730414,1.0030441282984914
P06493,CDK1,ElasticNet,1.433370401286134,1.0073203946944467
P06493,CDK1,ElasticNet,2.6146510466041724,0.8208415527321733
P06493,CDK1,ElasticNet,-0.0078354939595914,0.8696780360275831
P06493,CDK1,ElasticNet,-0.5656081112271728,0.5967358532499158
P06493,CDK1,ElasticNet,1.1552086214439077,0.9345873588542586
P06493,CDK1,ElasticNet,-0.5055132978210983,1.1257417625420336
P06493,CDK1,ElasticNet,-0.9990425657523444,0.7862846299221624
P06493,CDK1,ElasticNet,-0.0559346522358212,0.6562957826909521
P06493,CDK1,ElasticNet,0.6634094747033571,0.9353578252264539
P06493,CDK1,ElasticNet,-2.8590366420767044,0.4481160979492902
P06493,CDK1,ElasticNet,-0.1077826983611746,0.5181797213358084
P06493,CDK1,ElasticNet,0.5188606453661314,0.633926807036002
P06493,CDK1,ElasticNet,0.6892844312247748,0.990622005047133
P06493,CDK1,ElasticNet,0.5455567057462178,0.6942851578969989
P06493,CDK1,ElasticNet,-2.746597658063106,0.74674776892391
P06493,CDK1,ElasticNet,0.6740891979720901,0.41293147214799936
P06493,CDK1,ElasticNet,-2.4161774598663457,1.0449800887693794
P06493,CDK1,ElasticNet,1.0171302328361604,0.9445949077585833
P06493,CDK1,GradientBoosting,0.6041962463730414,0.3815876848136349
P06493,CDK1,GradientBoosting,1.433370401286134,1.1168913903953894
P06493,CDK1,GradientBoosting,2.6146510466041724,1.119007682774174
P06493,CDK1,GradientBoosting,-0.0078354939595914,0.8913896086956757
P06493,CDK1,GradientBoosting,-0.5656081112271728,0.2541559854078236
P06493,CDK1,GradientBoosting,1.1552086214439077,0.5916690098018098
P06493,CDK1,GradientBoosting,-0.5055132978210983,0.49306732205643533
P06493,CDK1,GradientBoosting,-0.9990425657523444,0.2502843226562437
P06493,CDK1,GradientBoosting,-0.0559346522358212,-0.20478238507867952
P06493,CDK1,GradientBoosting,0.6634094747033571,0.8711370677854658
P06493,CDK1,GradientBoosting,-2.8590366420767044,-0.3748203440742831
P06493,CDK1,GradientBoosting,-0.1077826983611746,0.3271256381444501
P06493,CDK1,GradientBoosting,0.5188606453661314,0.36620533838598673
P06493,CDK1,GradientBoosting,0.6892844312247748,0.1715192393074833
P06493,CDK1,GradientBoosting,0.5455567057462178,0.3388209509197972
P06493,CDK1,GradientBoosting,-2.746597658063106,0.2468874185109301
P06493,CDK1,GradientBoosting,0.6740891979720901,0.05932816860733711
P06493,CDK1,GradientBoosting,-2.4161774598663457,2.2748984608655616
P06493,CDK1,GradientBoosting,1.0171302328361604,1.5426328320078586
P06493,CDK1,MLP,0.6041962463730414,0.470539541413844
P06493,CDK1,MLP,1.433370401286134,1.0342363478944292
P06493,CDK1,MLP,2.6146510466041724,0.8209730826658221
P06493,CDK1,MLP,-0.0078354939595914,1.0037646385159018
P06493,CDK1,MLP,-0.5656081112271728,0.2404636775945747
P06493,CDK1,MLP,1.1552086214439077,0.9952340828581835
P06493,CDK1,MLP,-0.5055132978210983,0.470539541413844
P06493,CDK1,MLP,-0.9990425657523444,0.470539541413844
P06493,CDK1,MLP,-0.0559346522358212,0.4063196085998454
P06493,CDK1,MLP,0.6634094747033571,1.5968343682619472
P06493,CDK1,MLP,-2.8590366420767044,-0.17496098978747665
P06493,CDK1,MLP,-0.1077826983611746,0.20751749807530767
P06493,CDK1,MLP,0.5188606453661314,0.22185752909795156
P06493,CDK1,MLP,0.6892844312247748,0.81082122619911
P06493,CDK1,MLP,0.5455567057462178,0.470539541413844
P06493,CDK1,MLP,-2.746597658063106,0.7876478534840714
P06493,CDK1,MLP,0.6740891979720901,-0.27271318839630954
P06493,CDK1,MLP,-2.4161774598663457,0.470539541413844
P06493,CDK1,MLP,1.0171302328361604,0.470539541413844
P10398,ARAF,RandomForest,0.4681749702315412,0.11501265324573662
P10398,ARAF,RandomForest,0.4924791708593823,0.16332506480244427
P10398,ARAF,RandomForest,0.1235297293281485,0.1448905037732338
P10398,ARAF,RandomForest,1.1907663759894307,0.1658465999329388
P10398,ARAF,RandomForest,0.4923481767913105,0.287107824420475
P10398,ARAF,RandomForest,-0.0793634075813962,0.15128583997170847
P10398,ARAF,RandomForest,1.0553575357961238,-0.022462054009963074
P10398,ARAF,RandomForest,0.309102076085274,0.2726869428173027
P10398,ARAF,RandomForest,-0.2197251604169096,-0.00630611852448988
P10398,ARAF,RandomForest,-0.4533389918110636,-0.15464537380708868
P10398,ARAF,RandomForest,0.3857200247587743,0.6028150042644442
P10398,ARAF,RandomForest,1.033489291014328,0.23400475900670586
P10398,ARAF,RandomForest,0.686835394526697,0.34921830988472097
P10398,ARAF,RandomForest,-0.2386905859037225,-0.12578583327533402
P10398,ARAF,RandomForest,0.4170790254949399,0.1082122109638163
P10398,ARAF,RandomForest,0.0080251584244182,0.31739590677460794
P10398,ARAF,RandomForest,-0.1501052318307213,-0.2358323064352388
P10398,ARAF,RandomForest,0.4560345540624894,0.3596588110868407
P10398,ARAF,RandomForest,-0.0430689620077617,0.4186078913963155
P10398,ARAF,XGBoost,0.4681749702315412,0.1623401641845703
P10398,ARAF,XGBoost,0.4924791708593823,-0.2961428761482239
P10398,ARAF,XGBoost,0.1235297293281485,-0.040313784033060074
P10398,ARAF,XGBoost,1.1907663759894307,0.1505432277917862
P10398,ARAF,XGBoost,0.4923481767913105,0.2409973442554474
P10398,ARAF,XGBoost,-0.0793634075813962,0.1017046868801117
P10398,ARAF,XGBoost,1.0553575357961238,-0.5091570019721985
P10398,ARAF,XGBoost,0.309102076085274,0.29448258876800537
P10398,ARAF,XGBoost,-0.2197251604169096,-0.49038857221603394
P10398,ARAF,XGBoost,-0.4533389918110636,-0.07989435642957687
P10398,ARAF,XGBoost,0.3857200247587743,0.5830910205841064
P10398,ARAF,XGBoost,1.033489291014328,0.14773356914520264
P10398,ARAF,XGBoost,0.686835394526697,0.24052707850933075
P10398,ARAF,XGBoost,-0.2386905859037225,-0.33738452196121216
P10398,ARAF,XGBoost,0.4170790254949399,0.025262078270316124
P10398,ARAF,XGBoost,0.0080251584244182,0.4096364676952362
P10398,ARAF,XGBoost,-0.1501052318307213,-0.5850600004196167
P10398,ARAF,XGBoost,0.4560345540624894,0.6034579873085022
P10398,ARAF,XGBoost,-0.0430689620077617,0.35221725702285767
P10398,ARAF,PLS,0.4681749702315412,0.16237695413504732
P10398,ARAF,PLS,0.4924791708593823,0.1053925410821685
P10398,ARAF,PLS,0.1235297293281485,0.16987906970263997
P10398,ARAF,PLS,1.1907663759894307,0.27711229163300394
P10398,ARAF,PLS,0.4923481767913105,0.29192189800818213
P10398,ARAF,PLS,-0.0793634075813962,0.23911284833110955
P10398,ARAF,PLS,1.0553575357961238,0.08412273895539271
P10398,ARAF,PLS,0.309102076085274,0.3041291521937937
P10398,ARAF,PLS,-0.2197251604169096,0.09283084603193903
P10398,ARAF,PLS,-0.4533389918110636,0.31693400192452303
P10398,ARAF,PLS,0.3857200247587743,0.11324029907858095
P10398,ARAF,PLS,1.033489291014328,0.4345785820738359
P10398,ARAF,PLS,0.686835394526697,0.26127801349230606
P10398,ARAF,PLS,-0.2386905859037225,0.20134751204658016
P10398,ARAF,PLS,0.4170790254949399,0.22316078541964826
P10398,ARAF,PLS,0.0080251584244182,-0.08161177780447898
P10398,ARAF,PLS,-0.1501052318307213,0.14666686771077397
P10398,ARAF,PLS,0.4560345540624894,0.17890324817044798
P10398,ARAF,PLS,-0.0430689620077617,0.2435221223228923
P10398,ARAF,SVR,0.4681749702315412,0.12167259656085683
P10398,ARAF,SVR,0.4924791708593823,0.15998377466916242
P10398,ARAF,SVR,0.1235297293281485,0.28080017294465137
P10398,ARAF,SVR,1.1907663759894307,0.2822707815874769
P10398,ARAF,SVR,0.4923481767913105,0.3113627652539022
P10398,ARAF,SVR,-0.0793634075813962,0.2716572637021857
P10398,ARAF,SVR,1.0553575357961238,0.12065471698141336
P10398,ARAF,SVR,0.309102076085274,0.2554779473454943
P10398,ARAF,SVR,-0.2197251604169096,0.11883730976179668
P10398,ARAF,SVR,-0.4533389918110636,0.38248060469630557
P10398,ARAF,SVR,0.3857200247587743,0.0999944398478329
P10398,ARAF,SVR,1.033489291014328,0.5526352715934795
P10398,ARAF,SVR,0.686835394526697,0.23845437655256954
P10398,ARAF,SVR,-0.2386905859037225,0.23045727636167557
P10398,ARAF,SVR,0.4170790254949399,0.20974576006291573
P10398,ARAF,SVR,0.0080251584244182,-0.03256500118095468
P10398,ARAF,SVR,-0.1501052318307213,0.17359145234420822
P10398,ARAF,SVR,0.4560345540624894,0.16973579062056549
P10398,ARAF,SVR,-0.0430689620077617,0.1891312507006577
P10398,ARAF,Lasso,0.4681749702315412,0.22996429566316645
P10398,ARAF,Lasso,0.4924791708593823,0.22996429566316645
P10398,ARAF,Lasso,0.1235297293281485,0.22996429566316645
P10398,ARAF,Lasso,1.1907663759894307,0.22996429566316645
P10398,ARAF,Lasso,0.4923481767913105,0.22996429566316645
P10398,ARAF,Lasso,-0.0793634075813962,0.22996429566316645
P10398,ARAF,Lasso,1.0553575357961238,0.22996429566316645
P10398,ARAF,Lasso,0.309102076085274,0.22996429566316645
P10398,ARAF,Lasso,-0.2197251604169096,0.22996429566316645
P10398,ARAF,Lasso,-0.4533389918110636,0.22996429566316645
P10398,ARAF,Lasso,0.3857200247587743,0.22996429566316645
P10398,ARAF,Lasso,1.033489291014328,0.22996429566316645
P10398,ARAF,Lasso,0.686835394526697,0.22996429566316645
P10398,ARAF,Lasso,-0.2386905859037225,0.22996429566316645
P10398,ARAF,Lasso,0.4170790254949399,0.22996429566316645
P10398,ARAF,Lasso,0.0080251584244182,0.22996429566316645
P10398,ARAF,Lasso,-0.1501052318307213,0.22996429566316645
P10398,ARAF,Lasso,0.4560345540624894,0.22996429566316645
P10398,ARAF,Lasso,-0.0430689620077617,0.22996429566316645
P10398,ARAF,ElasticNet,0.4681749702315412,0.1962255216037457
P10398,ARAF,ElasticNet,0.4924791708593823,0.21892972325870744
P10398,ARAF,ElasticNet,0.1235297293281485,0.23598597094510854
P10398,ARAF,ElasticNet,1.1907663759894307,0.2308607851220148
P10398,ARAF,ElasticNet,0.4923481767913105,0.24481321491828018
P10398,ARAF,ElasticNet,-0.0793634075813962,0.23807536636529103
P10398,ARAF,ElasticNet,1.0553575357961238,0.2081598573953258
P10398,ARAF,ElasticNet,0.309102076085274,0.23140675603610883
P10398,ARAF,ElasticNet,-0.2197251604169096,0.20206662047009918
P10398,ARAF,ElasticNet,-0.4533389918110636,0.27101914831250484
P10398,ARAF,ElasticNet,0.3857200247587743,0.2037236099961753
P10398,ARAF,ElasticNet,1.033489291014328,0.3062915945484822
P10398,ARAF,ElasticNet,0.686835394526697,0.22699088998691683
P10398,ARAF,ElasticNet,-0.2386905859037225,0.2296848257103107
P10398,ARAF,ElasticNet,0.4170790254949399,0.2157195506186861
P10398,ARAF,ElasticNet,0.0080251584244182,0.19772538039252469
P10398,ARAF,ElasticNet,-0.1501052318307213,0.21651479094409148
P10398,ARAF,ElasticNet,0.4560345540624894,0.21973882052025837
P10398,ARAF,ElasticNet,-0.0430689620077617,0.21350935875141974
P10398,ARAF,GradientBoosting,0.4681749702315412,0.08812879044128649
P10398,ARAF,GradientBoosting,0.4924791708593823,0.015677450770372657
P10398,ARAF,GradientBoosting,0.1235297293281485,0.48700054711689367
P10398,ARAF,GradientBoosting,1.1907663759894307,0.16021340702388967
P10398,ARAF,GradientBoosting,0.4923481767913105,0.42758403944866424
P10398,ARAF,GradientBoosting,-0.0793634075813962,0.05931622917249473
P10398,ARAF,GradientBoosting,1.0553575357961238,-0.2721028520419339
P10398,ARAF,GradientBoosting,0.309102076085274,0.3701516743853561
P10398,ARAF,GradientBoosting,-0.2197251604169096,-0.337146601082622
P10398,ARAF,GradientBoosting,-0.4533389918110636,0.03885492332859036
P10398,ARAF,GradientBoosting,0.3857200247587743,0.5563202380529217
P10398,ARAF,GradientBoosting,1.033489291014328,0.30549111875292356
P10398,ARAF,GradientBoosting,0.686835394526697,0.3299771900526454
P10398,ARAF,GradientBoosting,-0.2386905859037225,-0.022013351884121898
P10398,ARAF,GradientBoosting,0.4170790254949399,-0.14698437375446893
P10398,ARAF,GradientBoosting,0.0080251584244182,0.12089540593794551
P10398,ARAF,GradientBoosting,-0.1501052318307213,-0.4688099243794324
P10398,ARAF,GradientBoosting,0.4560345540624894,0.5144203904402866
P10398,ARAF,GradientBoosting,-0.0430689620077617,0.312564477837426
P10398,ARAF,MLP,0.4681749702315412,-0.07887299645116075
P10398,ARAF,MLP,0.4924791708593823,0.08759312817262593
P10398,ARAF,MLP,0.1235297293281485,0.007436956427571861
P10398,ARAF,MLP,1.1907663759894307,0.036971153000760426
P10398,ARAF,MLP,0.4923481767913105,0.055887196549879725
P10398,ARAF,MLP,-0.0793634075813962,-0.03601758849962833
P10398,ARAF,MLP,1.0553575357961238,-0.1433203980431944
P10398,ARAF,MLP,0.309102076085274,0.11620048625518564
P10398,ARAF,MLP,-0.2197251604169096,-0.24627971911397556
P10398,ARAF,MLP,-0.4533389918110636,0.23021558247430424
P10398,ARAF,MLP,0.3857200247587743,-0.03398972939397771
P10398,ARAF,MLP,1.033489291014328,0.38515315556863655
P10398,ARAF,MLP,0.686835394526697,0.05675424107092836
P10398,ARAF,MLP,-0.2386905859037225,-0.04216587970575014
P10398,ARAF,MLP,0.4170790254949399,-0.0357645502419803
P10398,ARAF,MLP,0.0080251584244182,0.28710788880727783
P10398,ARAF,MLP,-0.1501052318307213,-0.06604453768613075
P10398,ARAF,MLP,0.4560345540624894,0.14738959873512775
P10398,ARAF,MLP,-0.0430689620077617,0.29563475049563087
P11274,BCR,RandomForest,-0.2615758195055649,-0.36413988395195884
P11274,BCR,RandomForest,3.090138626828573,0.5088871406020157
P11274,BCR,RandomForest,-0.4409783828009235,-0.43394837736136455
P11274,BCR,RandomForest,-0.3203053754810874,-0.2797928808781342
P11274,BCR,RandomForest,-0.60149922113981,-0.17541429215211843
P11274,BCR,RandomForest,0.7934675408311994,0.21284255893819443
P11274,BCR,RandomForest,0.1135491123097969,0.47725367482650827
P11274,BCR,RandomForest,-0.4247681210423637,-0.4204076431281436
P11274,BCR,RandomForest,-0.5339558501722287,-0.8031010699947161
P11274,BCR,RandomForest,0.2949504833212162,-0.2899432062307012
P11274,BCR,RandomForest,0.5088669671434579,0.22283817570093498
P11274,BCR,RandomForest,-1.830996280839964,-0.3620696223825472
P11274,BCR,RandomForest,-0.2876109617868275,-0.7876036710112008
P11274,BCR,RandomForest,0.3891173430822602,0.2427770588157538
P11274,BCR,RandomForest,-0.6729080075937796,-0.4497713497824746
P11274,BCR,RandomForest,0.5533163775404196,-0.5205645308125123
P11274,BCR,RandomForest,-0.6028181986578447,-0.5006033223229984
P11274,BCR,RandomForest,-0.0656428068735557,0.44169537438288503
P11274,BCR,RandomForest,-0.9181206183996956,-0.854317672022143
P11274,BCR,XGBoost,-0.2615758195055649,-0.8388010263442993
P11274,BCR,XGBoost,3.090138626828573,0.7643370032310486
P11274,BCR,XGBoost,-0.4409783828009235,0.4506789743900299
P11274,BCR,XGBoost,-0.3203053754810874,-0.7032098174095154
P11274,BCR,XGBoost,-0.60149922113981,-0.11710231751203537
P11274,BCR,XGBoost,0.7934675408311994,-0.18701745569705963
P11274,BCR,XGBoost,0.1135491123097969,1.0178030729293823
P11274,BCR,XGBoost,-0.4247681210423637,-0.7470477223396301
P11274,BCR,XGBoost,-0.5339558501722287,-0.7695790529251099
P11274,BCR,XGBoost,0.2949504833212162,-0.6177075505256653
P11274,BCR,XGBoost,0.5088669671434579,-0.6027844548225403
P11274,BCR,XGBoost,-1.830996280839964,0.17411431670188904
P11274,BCR,XGBoost,-0.2876109617868275,-1.1613332033157349
P11274,BCR,XGBoost,0.3891173430822602,0.3953498303890228
P11274,BCR,XGBoost,-0.6729080075937796,-0.7255216240882874
P11274,BCR,XGBoost,0.5533163775404196,-0.7719093561172485
P11274,BCR,XGBoost,-0.6028181986578447,-0.886452853679657
P11274,BCR,XGBoost,-0.0656428068735557,1.0955687761306763
P11274,BCR,XGBoost,-0.9181206183996956,-0.9243138432502747
P11274,BCR,PLS,-0.2615758195055649,-0.3710816978787881
P11274,BCR,PLS,3.090138626828573,0.2145118858148117
P11274,BCR,PLS,-0.4409783828009235,-1.1155636091248244
P11274,BCR,PLS,-0.3203053754810874,-0.6198534141746095
P11274,BCR,PLS,-0.60149922113981,-0.4548655262062362
P11274,BCR,PLS,0.7934675408311994,0.5514923970320655
P11274,BCR,PLS,0.1135491123097969,0.4070032022797244
P11274,BCR,PLS,-0.4247681210423637,0.014674860054667727
P11274,BCR,PLS,-0.5339558501722287,-0.48119084088333264
P11274,BCR,PLS,0.2949504833212162,-0.15311557415948754
P11274,BCR,PLS,0.5088669671434579,0.33283772079415375
P11274,BCR,PLS,-1.830996280839964,-0.8652498405628896
P11274,BCR,PLS,-0.2876109617868275,-0.5787677324156671
P11274,BCR,PLS,0.3891173430822602,0.7018259499057246
P11274,BCR,PLS,-0.6729080075937796,-0.3310457547690334
P11274,BCR,PLS,0.5533163775404196,-0.3031728424304183
P11274,BCR,PLS,-0.6028181986578447,-0.12657378385156554
P11274,BCR,PLS,-0.0656428068735557,0.5305331236216572
P11274,BCR,PLS,-0.9181206183996956,-0.5983799949278464
P11274,BCR,SVR,-0.2615758195055649,-0.12783525761609948
P11274,BCR,SVR,3.090138626828573,0.1782121168387163
P11274,BCR,SVR,-0.4409783828009235,-1.0658182330049106
P11274,BCR,SVR,-0.3203053754810874,-0.6835196759104581
P11274,BCR,SVR,-0.60149922113981,-0.7047715888724555
P11274,BCR,SVR,0.7934675408311994,0.5571531082379833
P11274,BCR,SVR,0.1135491123097969,0.6117064487627333
P11274,BCR,SVR,-0.4247681210423637,0.12057523148278325
P11274,BCR,SVR,-0.5339558501722287,-0.3268565528453069
P11274,BCR,SVR,0.2949504833212162,-0.020823662595283357
P11274,BCR,SVR,0.5088669671434579,0.4002900892814729
P11274,BCR,SVR,-1.830996280839964,-0.5200434158115014
P11274,BCR,SVR,-0.2876109617868275,-0.7958218416850623
P11274,BCR,SVR,0.3891173430822602,0.7979788219025854
P11274,BCR,SVR,-0.6729080075937796,-0.6040529724688314
P11274,BCR,SVR,0.5533163775404196,-0.144295238167097
P11274,BCR,SVR,-0.6028181986578447,0.004712508737032758
P11274,BCR,SVR,-0.0656428068735557,0.7836543032393851
P11274,BCR,SVR,-0.9181206183996956,-0.07737470626664834
P11274,BCR,Lasso,-0.2615758195055649,-0.14780101171149915
P11274,BCR,Lasso,3.090138626828573,0.26434428140300387
P11274,BCR,Lasso,-0.4409783828009235,-0.942542185938681
P11274,BCR,Lasso,-0.3203053754810874,-0.25537364717001315
P11274,BCR,Lasso,-0.60149922113981,-0.3092417551762915
P11274,BCR,Lasso,0.7934675408311994,0.5100055278478645
P11274,BCR,Lasso,0.1135491123097969,0.5113984511287468
P11274,BCR,Lasso,-0.4247681210423637,-0.062091282024464345
P11274,BCR,Lasso,-0.5339558501722287,-0.533526821936905
P11274,BCR,Lasso,0.2949504833212162,-0.08762737124574571
P11274,BCR,Lasso,0.5088669671434579,0.18911413774128094
P11274,BCR,Lasso,-1.830996280839964,-0.7123941878049331
P11274,BCR,Lasso,-0.2876109617868275,-0.23628284144988299
P11274,BCR,Lasso,0.3891173430822602,0.6599476655130319
P11274,BCR,Lasso,-0.6729080075937796,-0.15501141877146832
P11274,BCR,Lasso,0.5533163775404196,-0.2872629748614557
P11274,BCR,Lasso,-0.6028181986578447,-0.3107803317030591
P11274,BCR,Lasso,-0.0656428068735557,0.3234804730861416
P11274,BCR,Lasso,-0.9181206183996956,-0.5468609815362955
P11274,BCR,ElasticNet,-0.2615758195055649,-0.28017835587838713
P11274,BCR,ElasticNet,3.090138626828573,0.2840429123303137
P11274,BCR,ElasticNet,-0.4409783828009235,-1.0106892220289518
P11274,BCR,ElasticNet,-0.3203053754810874,-0.3244481921475227
P11274,BCR,ElasticNet,-0.60149922113981,-0.3492001543679641
P11274,BCR,ElasticNet,0.7934675408311994,0.5498633231137618
P11274,BCR,ElasticNet,0.1135491123097969,0.4726447456144707
P11274,BCR,ElasticNet,-0.4247681210423637,-0.023291639993481772
P11274,BCR,ElasticNet,-0.5339558501722287,-0.5244246362735814
P11274,BCR,ElasticNet,0.2949504833212162,-0.15310454745600416
P11274,BCR,ElasticNet,0.5088669671434579,0.2645928938260753
P11274,BCR,ElasticNet,-1.830996280839964,-0.7612089520589205
P11274,BCR,ElasticNet,-0.2876109617868275,-0.27583527888119236
P11274,BCR,ElasticNet,0.3891173430822602,0.6788556525370343
P11274,BCR,ElasticNet,-0.6729080075937796,-0.24968573911899467
P11274,BCR,ElasticNet,0.5533163775404196,-0.2420528824102567
P11274,BCR,ElasticNet,-0.6028181986578447,-0.2372477969634687
P11274,BCR,ElasticNet,-0.0656428068735557,0.331664202834161
P11274,BCR,ElasticNet,-0.9181206183996956,-0.6045397635904755
P11274,BCR,GradientBoosting,-0.2615758195055649,-0.5480965904436217
P11274,BCR,GradientBoosting,3.090138626828573,0.7454482453030836
P11274,BCR,GradientBoosting,-0.4409783828009235,-0.48083852168543184
P11274,BCR,GradientBoosting,-0.3203053754810874,-0.7919535786502433
P11274,BCR,GradientBoosting,-0.60149922113981,-0.4720764003739632
P11274,BCR,GradientBoosting,0.7934675408311994,-0.014654706283543543
P11274,BCR,GradientBoosting,0.1135491123097969,0.5975706037178361
P11274,BCR,GradientBoosting,-0.4247681210423637,-0.7564709568966838
P11274,BCR,GradientBoosting,-0.5339558501722287,-0.9494660669613982
P11274,BCR,GradientBoosting,0.2949504833212162,-0.7559266965744268
P11274,BCR,GradientBoosting,0.5088669671434579,0.03148125742964193
P11274,BCR,GradientBoosting,-1.830996280839964,-0.679384906820354
P11274,BCR,GradientBoosting,-0.2876109617868275,-1.3183666361431012
P11274,BCR,GradientBoosting,0.3891173430822602,0.0368099322381965
P11274,BCR,GradientBoosting,-0.6729080075937796,-0.7604722004040187
P11274,BCR,GradientBoosting,0.5533163775404196,-0.9081925659243656
P11274,BCR,GradientBoosting,-0.6028181986578447,-0.7966983678475384
P11274,BCR,GradientBoosting,-0.0656428068735557,0.13855595655355052
P11274,BCR,GradientBoosting,-0.9181206183996956,-0.8808257855262284
P11274,BCR,MLP,-0.2615758195055649,-1.8782335457142398
P11274,BCR,MLP,3.090138626828573,1.2810483452779347
P11274,BCR,MLP,-0.4409783828009235,-0.3658763580354446
P11274,BCR,MLP,-0.3203053754810874,-1.6007048784915954
P11274,BCR,MLP,-0.60149922113981,0.0665916905048771
P11274,BCR,MLP,0.7934675408311994,-0.043247384442507086
P11274,BCR,MLP,0.1135491123097969,0.9445270200486394
P11274,BCR,MLP,-0.4247681210423637,0.6833747059131231
P11274,BCR,MLP,-0.5339558501722287,0.010433399993290376
P11274,BCR,MLP,0.2949504833212162,-0.8226730389931225
P11274,BCR,MLP,0.5088669671434579,0.46940072708733094
P11274,BCR,MLP,-1.830996280839964,-0.4137744902008075
P11274,BCR,MLP,-0.2876109617868275,-1.3488573123361374
P11274,BCR,MLP,0.3891173430822602,0.8912635419661435
P11274,BCR,MLP,-0.6729080075937796,0.26582204192449477
P11274,BCR,MLP,0.5533163775404196,-0.8329923481040924
P11274,BCR,MLP,-0.6028181986578447,0.00034450992239981604
P11274,BCR,MLP,-0.0656428068735557,-0.7932686265224663
P11274,BCR,MLP,-0.9181206183996956,-0.9228260380350423
P15056,BRAF,RandomForest,1.731454959464675,0.8177880427072145
P15056,BRAF,RandomForest,0.2992280444501842,0.6355387307246239
P15056,BRAF,RandomForest,0.7070977894505847,-0.7447401055963679
P15056,BRAF,RandomForest,-0.8247918198759334,1.6912130208215417
P15056,BRAF,RandomForest,-0.7988395502611851,0.396972012521939
P15056,BRAF,RandomForest,-0.5014518294499107,0.5643098475043323
P15056,BRAF,RandomForest,2.5401973759221104,0.6495830943891459
P15056,BRAF,RandomForest,-1.5854860491422154,0.2713422764955184
P15056,BRAF,RandomForest,3.404241639618654,1.8434981045339622
P15056,BRAF,RandomForest,-1.911478388023119,0.5216895564506643
P15056,BRAF,RandomForest,1.8930877714817045,0.2605698941210275
P15056,BRAF,RandomForest,2.6843473703681155,-0.8825202203883191
P15056,BRAF,RandomForest,1.2360309430135352,0.013401838708889176
P15056,BRAF,RandomForest,-0.2262304088992969,-0.0897085065385475
P15056,BRAF,RandomForest,0.9878186372862368,0.1148206162589814
P15056,BRAF,RandomForest,2.532846267098405,-0.19620952187595173
P15056,BRAF,RandomForest,1.7113030026687477,-0.1110210470981574
P15056,BRAF,RandomForest,1.5239438421508142,0.00991902838666137
P15056,BRAF,RandomForest,-0.1334775031857005,0.1506100199288953
P15056,BRAF,XGBoost,1.731454959464675,0.2790873646736145
P15056,BRAF,XGBoost,0.2992280444501842,0.8452572822570801
P15056,BRAF,XGBoost,0.7070977894505847,-2.4407129287719727
P15056,BRAF,XGBoost,-0.8247918198759334,7.381823539733887
P15056,BRAF,XGBoost,-0.7988395502611851,0.10863946378231049
P15056,BRAF,XGBoost,-0.5014518294499107,0.749666690826416
P15056,BRAF,XGBoost,2.5401973759221104,0.7697808742523193
P15056,BRAF,XGBoost,-1.5854860491422154,0.26150909066200256
P15056,BRAF,XGBoost,3.404241639618654,7.37990140914917
P15056,BRAF,XGBoost,-1.911478388023119,0.5169185996055603
P15056,BRAF,XGBoost,1.8930877714817045,0.1962965428829193
P15056,BRAF,XGBoost,2.6843473703681155,0.1455208957195282
P15056,BRAF,XGBoost,1.2360309430135352,-0.275096595287323
P15056,BRAF,XGBoost,-0.2262304088992969,-0.016353769227862358
P15056,BRAF,XGBoost,0.9878186372862368,0.5197309851646423
P15056,BRAF,XGBoost,2.532846267098405,-0.271106094121933
P15056,BRAF,XGBoost,1.7113030026687477,0.15403035283088684
P15056,BRAF,XGBoost,1.5239438421508142,0.970954179763794
P15056,BRAF,XGBoost,-0.1334775031857005,0.32036978006362915
P15056,BRAF,PLS,1.731454959464675,1.330057219550587
P15056,BRAF,PLS,0.2992280444501842,-0.229409774990362
P15056,BRAF,PLS,0.7070977894505847,-1.3276700847645995
P15056,BRAF,PLS,-0.8247918198759334,1.3360888018205963
P15056,BRAF,PLS,-0.7988395502611851,0.7813753076181346
P15056,BRAF,PLS,-0.5014518294499107,0.2776112171371714
P15056,BRAF,PLS,2.5401973759221104,0.29528526953678563
P15056,BRAF,PLS,-1.5854860491422154,0.37137703395387933
P15056,BRAF,PLS,3.404241639618654,0.6529834810119756
P15056,BRAF,PLS,-1.911478388023119,1.1051719343714754
P15056,BRAF,PLS,1.8930877714817045,0.3016924528089256
P15056,BRAF,PLS,2.6843473703681155,-2.409502829508593
P15056,BRAF,PLS,1.2360309430135352,0.4981536623580419
P15056,BRAF,PLS,-0.2262304088992969,0.3750573494344733
P15056,BRAF,PLS,0.9878186372862368,0.6665857768650808
P15056,BRAF,PLS,2.532846267098405,0.4527237649595115
P15056,BRAF,PLS,1.7113030026687477,-0.005239709581545071
P15056,BRAF,PLS,1.5239438421508142,0.8740425224874947
P15056,BRAF,PLS,-0.1334775031857005,0.23432123744141387
P15056,BRAF,SVR,1.731454959464675,0.5341724799071237
P15056,BRAF,SVR,0.2992280444501842,-0.10465489390115362
P15056,BRAF,SVR,0.7070977894505847,-0.5109028483741125
P15056,BRAF,SVR,-0.8247918198759334,0.3731066433390588
P15056,BRAF,SVR,-0.7988395502611851,0.2694886340223002
P15056,BRAF,SVR,-0.5014518294499107,0.06373531168522034
P15056,BRAF,SVR,2.5401973759221104,0.14744924967523065
P15056,BRAF,SVR,-1.5854860491422154,0.19044165450095712
P15056,BRAF,SVR,3.404241639618654,0.11146543483828003
P15056,BRAF,SVR,-1.911478388023119,0.5624447177638665
P15056,BRAF,SVR,1.8930877714817045,0.10543173498525238
P15056,BRAF,SVR,2.6843473703681155,-0.825462251282733
P15056,BRAF,SVR,1.2360309430135352,0.06369927370915202
P15056,BRAF,SVR,-0.2262304088992969,0.08235279817144353
P15056,BRAF,SVR,0.9878186372862368,0.2181074515134802
P15056,BRAF,SVR,2.532846267098405,-0.04749029431998614
P15056,BRAF,SVR,1.7113030026687477,-0.2387626539499919
P15056,BRAF,SVR,1.5239438421508142,0.6081213271150032
P15056,BRAF,SVR,-0.1334775031857005,0.14339021855023393
P15056,BRAF,Lasso,1.731454959464675,0.7658283765376592
P15056,BRAF,Lasso,0.2992280444501842,0.1561207951110522
P15056,BRAF,Lasso,0.7070977894505847,-0.7441066155269025
P15056,BRAF,Lasso,-0.8247918198759334,0.9222002232542938
P15056,BRAF,Lasso,-0.7988395502611851,0.6234782019717693
P15056,BRAF,Lasso,-0.5014518294499107,0.33385045785198575
P15056,BRAF,Lasso,2.5401973759221104,0.11629919277981808
P15056,BRAF,Lasso,-1.5854860491422154,0.2583054417803293
P15056,BRAF,Lasso,3.404241639618654,0.7224722617590827
P15056,BRAF,Lasso,-1.911478388023119,0.6479319084121289
P15056,BRAF,Lasso,1.8930877714817045,0.20353649532343798
P15056,BRAF,Lasso,2.6843473703681155,-1.7244187568522662
P15056,BRAF,Lasso,1.2360309430135352,0.46119116226663864
P15056,BRAF,Lasso,-0.2262304088992969,0.24061866984638064
P15056,BRAF,Lasso,0.9878186372862368,0.29014934217594585
P15056,BRAF,Lasso,2.532846267098405,0.47074059620860703
P15056,BRAF,Lasso,1.7113030026687477,0.2705516130921528
P15056,BRAF,Lasso,1.5239438421508142,0.5044836669755273
P15056,BRAF,Lasso,-0.1334775031857005,0.0973902022376539
P15056,BRAF,ElasticNet,1.731454959464675,0.9762811231223376
P15056,BRAF,ElasticNet,0.2992280444501842,-0.06326056871510424
P15056,BRAF,ElasticNet,0.7070977894505847,-0.9409612738992484
P15056,BRAF,ElasticNet,-0.8247918198759334,1.0933352360582262
P15056,BRAF,ElasticNet,-0.7988395502611851,0.6400064791115887
P15056,BRAF,ElasticNet,-0.5014518294499107,0.27616788660730807
P15056,BRAF,ElasticNet,2.5401973759221104,0.18646574005937822
P15056,BRAF,ElasticNet,-1.5854860491422154,0.2894783665517492
P15056,BRAF,ElasticNet,3.404241639618654,0.6185965192698147
P15056,BRAF,ElasticNet,-1.911478388023119,0.7941821173588222
P15056,BRAF,ElasticNet,1.8930877714817045,0.24616953899725885
P15056,BRAF,ElasticNet,2.6843473703681155,-1.8439794510275622
P15056,BRAF,ElasticNet,1.2360309430135352,0.45388306058915806
P15056,BRAF,ElasticNet,-0.2262304088992969,0.3066351977277108
P15056,BRAF,ElasticNet,0.9878186372862368,0.48009830134723563
P15056,BRAF,ElasticNet,2.532846267098405,0.4499743013633257
P15056,BRAF,ElasticNet,1.7113030026687477,0.1390620052855615
P15056,BRAF,ElasticNet,1.5239438421508142,0.6201320463418831
P15056,BRAF,ElasticNet,-0.1334775031857005,0.1650050567200372
P15056,BRAF,GradientBoosting,1.731454959464675,0.1633663999135034
P15056,BRAF,GradientBoosting,0.2992280444501842,0.8322985037895677
P15056,BRAF,GradientBoosting,0.7070977894505847,-1.5319756558080764
P15056,BRAF,GradientBoosting,-0.8247918198759334,3.5723522456033043
P15056,BRAF,GradientBoosting,-0.7988395502611851,0.682114900680856
P15056,BRAF,GradientBoosting,-0.5014518294499107,1.0782454761073523
P15056,BRAF,GradientBoosting,2.5401973759221104,0.5047892454903867
P15056,BRAF,GradientBoosting,-1.5854860491422154,-0.2536755729559957
P15056,BRAF,GradientBoosting,3.404241639618654,3.187019250981287
P15056,BRAF,GradientBoosting,-1.911478388023119,0.6544234958532514
P15056,BRAF,GradientBoosting,1.8930877714817045,0.2792976326052654
P15056,BRAF,GradientBoosting,2.6843473703681155,-0.8306783405000527
P15056,BRAF,GradientBoosting,1.2360309430135352,0.522262202617502
P15056,BRAF,GradientBoosting,-0.2262304088992969,0.047287017603257375
P15056,BRAF,GradientBoosting,0.9878186372862368,-0.41021766553291855
P15056,BRAF,GradientBoosting,2.532846267098405,0.4551017952727137
P15056,BRAF,GradientBoosting,1.7113030026687477,0.5186460010279264
P15056,BRAF,GradientBoosting,1.5239438421508142,0.4018572265498921
P15056,BRAF,GradientBoosting,-0.1334775031857005,0.19991016908015533
P15056,BRAF,MLP,1.731454959464675,-0.17856490561706534
P15056,BRAF,MLP,0.2992280444501842,-4.227626576103513
P15056,BRAF,MLP,0.7070977894505847,-2.37861970515993
P15056,BRAF,MLP,-0.8247918198759334,3.70194998390506
P15056,BRAF,MLP,-0.7988395502611851,1.3200338608874613
P15056,BRAF,MLP,-0.5014518294499107,0.8298112889563422
P15056,BRAF,MLP,2.5401973759221104,-0.20166581012529067
P15056,BRAF,MLP,-1.5854860491422154,-0.43250057489090443
P15056,BRAF,MLP,3.404241639618654,1.9367956118285816
P15056,BRAF,MLP,-1.911478388023119,-0.43250057489090443
P15056,BRAF,MLP,1.8930877714817045,-0.43250057489090443
P15056,BRAF,MLP,2.6843473703681155,0.029702163634863332
P15056,BRAF,MLP,1.2360309430135352,1.55463153326499
P15056,BRAF,MLP,-0.2262304088992969,0.11317718387446252
P15056,BRAF,MLP,0.9878186372862368,-0.43250057489090443
P15056,BRAF,MLP,2.532846267098405,2.3031769923718044
P15056,BRAF,MLP,1.7113030026687477,0.8157613134840206
P15056,BRAF,MLP,1.5239438421508142,-1.4442330764285467
P15056,BRAF,MLP,-0.1334775031857005,-0.43250057489090443
P23443,RPS6KB1,RandomForest,-2.411408316912876,-1.909007697874487
P23443,RPS6KB1,RandomForest,-0.7263074675405443,-0.5041429140883799
P23443,RPS6KB1,RandomForest,-0.7707148464616462,-0.6474806861342033
P23443,RPS6KB1,RandomForest,1.8392165781853267,0.5939472316492027
P23443,RPS6KB1,RandomForest,-0.0576371374326595,-1.1950023669223961
P23443,RPS6KB1,RandomForest,-1.9134278064252737,-0.9414181304781403
P23443,RPS6KB1,RandomForest,0.8426361548391295,1.4204963151747743
P23443,RPS6KB1,RandomForest,-2.291392696865742,-0.8122017299723224
P23443,RPS6KB1,RandomForest,-0.4044359845571745,-1.9539154549387912
P23443,RPS6KB1,RandomForest,-0.5588694238732155,-0.12289388591338031
P23443,RPS6KB1,RandomForest,-0.6436789739880296,-1.6624731616571469
P23443,RPS6KB1,RandomForest,1.1128671026353814,-0.6017685721773417
P23443,RPS6KB1,RandomForest,-0.8598934255411398,-1.0903053577758768
P23443,RPS6KB1,RandomForest,1.0855074416735606,-0.876350338322219
P23443,RPS6KB1,RandomForest,-2.6556000155839903,-1.990366967516948
P23443,RPS6KB1,RandomForest,-1.442464870882198,-1.1617401089407835
P23443,RPS6KB1,RandomForest,-1.461293606494917,-1.1896382278874922
P23443,RPS6KB1,RandomForest,-0.7185822049345295,-1.376722075359531
P23443,RPS6KB1,RandomForest,-0.8613025079401075,-1.0520268951296299
P23443,RPS6KB1,XGBoost,-2.411408316912876,-1.9235659837722778
P23443,RPS6KB1,XGBoost,-0.7263074675405443,-0.598597526550293
P23443,RPS6KB1,XGBoost,-0.7707148464616462,-0.47229188680648804
P23443,RPS6KB1,XGBoost,1.8392165781853267,-0.7778392434120178
P23443,RPS6KB1,XGBoost,-0.0576371374326595,-0.8315340280532837
P23443,RPS6KB1,XGBoost,-1.9134278064252737,-1.071459412574768
P23443,RPS6KB1,XGBoost,0.8426361548391295,2.2282285690307617
P23443,RPS6KB1,XGBoost,-2.291392696865742,-0.15956684947013855
P23443,RPS6KB1,XGBoost,-0.4044359845571745,-3.2176167964935303
P23443,RPS6KB1,XGBoost,-0.5588694238732155,0.4936370551586151
P23443,RPS6KB1,XGBoost,-0.6436789739880296,-1.9947631359100342
P23443,RPS6KB1,XGBoost,1.1128671026353814,-0.3185866177082062
P23443,RPS6KB1,XGBoost,-0.8598934255411398,-0.5189692378044128
P23443,RPS6KB1,XGBoost,1.0855074416735606,-1.0232348442077637
P23443,RPS6KB1,XGBoost,-2.6556000155839903,-1.6550689935684204
P23443,RPS6KB1,XGBoost,-1.442464870882198,-0.833240807056427
P23443,RPS6KB1,XGBoost,-1.461293606494917,-0.6428030133247375
P23443,RPS6KB1,XGBoost,-0.7185822049345295,-0.8862432241439819
P23443,RPS6KB1,XGBoost,-0.8613025079401075,-0.897147536277771
P23443,RPS6KB1,PLS,-2.411408316912876,-2.3782279986259365
P23443,RPS6KB1,PLS,-0.7263074675405443,-0.41034916722049
P23443,RPS6KB1,PLS,-0.7707148464616462,-0.6426109614854076
P23443,RPS6KB1,PLS,1.8392165781853267,-0.21259207874063268
P23443,RPS6KB1,PLS,-0.0576371374326595,-1.1758893685458134
P23443,RPS6KB1,PLS,-1.9134278064252737,-0.6734395972523799
P23443,RPS6KB1,PLS,0.8426361548391295,1.7096715514371503
P23443,RPS6KB1,PLS,-2.291392696865742,-0.9385255837850003
P23443,RPS6KB1,PLS,-0.4044359845571745,-2.212771443246884
P23443,RPS6KB1,PLS,-0.5588694238732155,0.02053016358595161
P23443,RPS6KB1,PLS,-0.6436789739880296,-1.384253307315732
P23443,RPS6KB1,PLS,1.1128671026353814,-0.27087308656274134
P23443,RPS6KB1,PLS,-0.8598934255411398,-1.0985427080467154
P23443,RPS6KB1,PLS,1.0855074416735606,-0.8011644300086912
P23443,RPS6KB1,PLS,-2.6556000155839903,-1.9314519847198857
P23443,RPS6KB1,PLS,-1.442464870882198,-1.478471273241662
P23443,RPS6KB1,PLS,-1.461293606494917,-1.118882422857813
P23443,RPS6KB1,PLS,-0.7185822049345295,-1.3841941711488965
P23443,RPS6KB1,PLS,-0.8613025079401075,-1.4608674233954702
P23443,RPS6KB1,SVR,-2.411408316912876,-2.376035643071265
P23443,RPS6KB1,SVR,-0.7263074675405443,-0.28916616380572635
P23443,RPS6KB1,SVR,-0.7707148464616462,-0.706835730666955
P23443,RPS6KB1,SVR,1.8392165781853267,-0.25866567179069067
P23443,RPS6KB1,SVR,-0.0576371374326595,-1.2052887256767981
P23443,RPS6KB1,SVR,-1.9134278064252737,-0.7327682161953533
P23443,RPS6KB1,SVR,0.8426361548391295,1.5276204995404645
P23443,RPS6KB1,SVR,-2.291392696865742,-0.9877450896763287
P23443,RPS6KB1,SVR,-0.4044359845571745,-2.2254143029349214
P23443,RPS6KB1,SVR,-0.5588694238732155,-0.25447132833938113
P23443,RPS6KB1,SVR,-0.6436789739880296,-1.3291435580791486
P23443,RPS6KB1,SVR,1.1128671026353814,-0.3271076169731384
P23443,RPS6KB1,SVR,-0.8598934255411398,-1.1467812554297412
P23443,RPS6KB1,SVR,1.0855074416735606,-0.926076313202201
P23443,RPS6KB1,SVR,-2.6556000155839903,-2.06965484711181
P23443,RPS6KB1,SVR,-1.442464870882198,-1.4428067990159297
P23443,RPS6KB1,SVR,-1.461293606494917,-1.3524737323332892
P23443,RPS6KB1,SVR,-0.7185822049345295,-1.275662217467606
P23443,RPS6KB1,SVR,-0.8613025079401075,-1.4782994845139097
P23443,RPS6KB1,Lasso,-2.411408316912876,-2.233298628429769
P23443,RPS6KB1,Lasso,-0.7263074675405443,-0.46165009756820075
P23443,RPS6KB1,Lasso,-0.7707148464616462,-0.8084680776065044
P23443,RPS6KB1,Lasso,1.8392165781853267,-0.260825467794889
P23443,RPS6KB1,Lasso,-0.0576371374326595,-1.1521285142791793
P23443,RPS6KB1,Lasso,-1.9134278064252737,-0.7212390421783115
P23443,RPS6KB1,Lasso,0.8426361548391295,1.1061374444727168
P23443,RPS6KB1,Lasso,-2.291392696865742,-0.9802252298287253
P23443,RPS6KB1,Lasso,-0.4044359845571745,-1.6975379426786472
P23443,RPS6KB1,Lasso,-0.5588694238732155,-0.3399948901993701
P23443,RPS6KB1,Lasso,-0.6436789739880296,-1.4452745569056167
P23443,RPS6KB1,Lasso,1.1128671026353814,-0.5964312778439271
P23443,RPS6KB1,Lasso,-0.8598934255411398,-0.9415522179074056
P23443,RPS6KB1,Lasso,1.0855074416735606,-0.8903988992548153
P23443,RPS6KB1,Lasso,-2.6556000155839903,-1.841903763720016
P23443,RPS6KB1,Lasso,-1.442464870882198,-1.0441691230849492
P23443,RPS6KB1,Lasso,-1.461293606494917,-0.951413399386354
P23443,RPS6KB1,Lasso,-0.7185822049345295,-1.1543962709929172
P23443,RPS6KB1,Lasso,-0.8613025079401075,-1.320161016103068
P23443,RPS6KB1,ElasticNet,-2.411408316912876,-2.240923702369641
P23443,RPS6KB1,ElasticNet,-0.7263074675405443,-0.4640373755719931
P23443,RPS6KB1,ElasticNet,-0.7707148464616462,-0.7673561238363114
P23443,RPS6KB1,ElasticNet,1.8392165781853267,-0.2818723055901182
P23443,RPS6KB1,ElasticNet,-0.0576371374326595,-1.1616745996090467
P23443,RPS6KB1,ElasticNet,-1.9134278064252737,-0.7297686346404201
P23443,RPS6KB1,ElasticNet,0.8426361548391295,1.3004758430942853
P23443,RPS6KB1,ElasticNet,-2.291392696865742,-0.9715648775030332
P23443,RPS6KB1,ElasticNet,-0.4044359845571745,-1.89881177863424
P23443,RPS6KB1,ElasticNet,-0.5588694238732155,-0.18036752014600788
P23443,RPS6KB1,ElasticNet,-0.6436789739880296,-1.3734428588719318
P23443,RPS6KB1,ElasticNet,1.1128671026353814,-0.4978745359861655
P23443,RPS6KB1,ElasticNet,-0.8598934255411398,-1.0466501923608509
P23443,RPS6KB1,ElasticNet,1.0855074416735606,-0.8793965018181478
P23443,RPS6KB1,ElasticNet,-2.6556000155839903,-1.8636964272450196
P23443,RPS6KB1,ElasticNet,-1.442464870882198,-1.241280447971045
P23443,RPS6KB1,ElasticNet,-1.461293606494917,-1.0349009046953626
P23443,RPS6KB1,ElasticNet,-0.7185822049345295,-1.2495345889452816
P23443,RPS6KB1,ElasticNet,-0.8613025079401075,-1.3552941059687564
P23443,RPS6KB1,GradientBoosting,-2.411408316912876,-1.695827434210658
P23443,RPS6KB1,GradientBoosting,-0.7263074675405443,-1.3739490714328197
P23443,RPS6KB1,GradientBoosting,-0.7707148464616462,-1.1185131828788586
P23443,RPS6KB1,GradientBoosting,1.8392165781853267,-0.6699180789849152
P23443,RPS6KB1,GradientBoosting,-0.0576371374326595,-2.565293535212905
P23443,RPS6KB1,GradientBoosting,-1.9134278064252737,-1.3619354099816845
P23443,RPS6KB1,GradientBoosting,0.8426361548391295,1.476206137685545
P23443,RPS6KB1,GradientBoosting,-2.291392696865742,-0.04678541568218969
P23443,RPS6KB1,GradientBoosting,-0.4044359845571745,-2.1296132068949443
P23443,RPS6KB1,GradientBoosting,-0.5588694238732155,0.4935298413836101
P23443,RPS6KB1,GradientBoosting,-0.6436789739880296,-1.2445624088803524
P23443,RPS6KB1,GradientBoosting,1.1128671026353814,-0.4269732018843642
P23443,RPS6KB1,GradientBoosting,-0.8598934255411398,-0.9889776348567758
P23443,RPS6KB1,GradientBoosting,1.0855074416735606,-1.170389093308245
P23443,RPS6KB1,GradientBoosting,-2.6556000155839903,-2.130433378014188
P23443,RPS6KB1,GradientBoosting,-1.442464870882198,-1.4146556957871532
P23443,RPS6KB1,GradientBoosting,-1.461293606494917,-1.1774954054552698
P23443,RPS6KB1,GradientBoosting,-0.7185822049345295,-2.2749162065795208
P23443,RPS6KB1,GradientBoosting,-0.8613025079401075,-1.1071941524783973
P23443,RPS6KB1,MLP,-2.411408316912876,-1.5046296684923155
P23443,RPS6KB1,MLP,-0.7263074675405443,-0.8790779194655669
P23443,RPS6KB1,MLP,-0.7707148464616462,-1.2266691880228524
P23443,RPS6KB1,MLP,1.8392165781853267,1.27330837157731
P23443,RPS6KB1,MLP,-0.0576371374326595,-1.1758604405417274
P23443,RPS6KB1,MLP,-1.9134278064252737,-1.8556289475751002
P23443,RPS6KB1,MLP,0.8426361548391295,1.5227751844717468
P23443,RPS6KB1,MLP,-2.291392696865742,-0.5242425687016786
P23443,RPS6KB1,MLP,-0.4044359845571745,-0.5841487685276885
P23443,RPS6KB1,MLP,-0.5588694238732155,-1.8276120807575695
P23443,RPS6KB1,MLP,-0.6436789739880296,-2.841352223240717
P23443,RPS6KB1,MLP,1.1128671026353814,-1.4551225020903809
P23443,RPS6KB1,MLP,-0.8598934255411398,-0.48457216988006313
P23443,RPS6KB1,MLP,1.0855074416735606,-1.1986907475600204
P23443,RPS6KB1,MLP,-2.6556000155839903,-1.8916194876725825
P23443,RPS6KB1,MLP,-1.442464870882198,-2.9432949313008585
P23443,RPS6KB1,MLP,-1.461293606494917,-2.985063342975372
P23443,RPS6KB1,MLP,-0.7185822049345295,-1.2720953250358509
P23443,RPS6KB1,MLP,-0.8613025079401075,-2.3646612107544165
P27361,MAPK3,RandomForest,0.9490635964091,0.4227232983189957
P27361,MAPK3,RandomForest,3.4160160943669635,1.3076667032152374
P27361,MAPK3,RandomForest,1.3218076224005415,0.7632879778543792
P27361,MAPK3,RandomForest,-0.5570284280842791,1.2189677785234563
P27361,MAPK3,RandomForest,-0.274025342323316,0.6905519831292406
P27361,MAPK3,RandomForest,1.5023979284493936,0.875852211685658
P27361,MAPK3,RandomForest,-0.2586310924872481,1.7198956281483606
P27361,MAPK3,RandomForest,-1.6179900721082774,-0.5042733282061621
P27361,MAPK3,RandomForest,2.16912364613029,0.8536805269713672
P27361,MAPK3,RandomForest,-1.8047235532304784,0.001795509687486922
P27361,MAPK3,RandomForest,-0.5059673251835543,0.913508348435821
P27361,MAPK3,RandomForest,0.2290830101610312,-0.30845040248451566
P27361,MAPK3,RandomForest,0.8768028347604642,0.9869142148833793
P27361,MAPK3,RandomForest,1.677184107914814,0.8500587459814181
P27361,MAPK3,RandomForest,0.1142592803280008,0.6849326747781069
P27361,MAPK3,RandomForest,-1.6473318368056709,0.8098811136902292
P27361,MAPK3,RandomForest,0.9880865674980502,0.06492101368399528
P27361,MAPK3,RandomForest,0.2922962401610982,0.41461608536650907
P27361,MAPK3,RandomForest,0.3859671645607857,0.4869908709268636
P27361,MAPK3,XGBoost,0.9490635964091,0.07411379367113113
P27361,MAPK3,XGBoost,3.4160160943669635,0.06834320724010468
P27361,MAPK3,XGBoost,1.3218076224005415,-1.4038525819778442
P27361,MAPK3,XGBoost,-0.5570284280842791,2.25392746925354
P27361,MAPK3,XGBoost,-0.274025342323316,0.6930148601531982
P27361,MAPK3,XGBoost,1.5023979284493936,0.9501227140426636
P27361,MAPK3,XGBoost,-0.2586310924872481,1.292400598526001
P27361,MAPK3,XGBoost,-1.6179900721082774,-1.1641583442687988
P27361,MAPK3,XGBoost,2.16912364613029,1.0162315368652344
P27361,MAPK3,XGBoost,-1.8047235532304784,0.0748063325881958
P27361,MAPK3,XGBoost,-0.5059673251835543,1.390759825706482
P27361,MAPK3,XGBoost,0.2290830101610312,-0.64861661195755
P27361,MAPK3,XGBoost,0.8768028347604642,1.1970059871673584
P27361,MAPK3,XGBoost,1.677184107914814,0.4908314347267151
P27361,MAPK3,XGBoost,0.1142592803280008,0.9325605630874634
P27361,MAPK3,XGBoost,-1.6473318368056709,1.0397001504898071
P27361,MAPK3,XGBoost,0.9880865674980502,-0.15525469183921814
P27361,MAPK3,XGBoost,0.2922962401610982,0.30022376775741577
P27361,MAPK3,XGBoost,0.3859671645607857,0.3931307792663574
P27361,MAPK3,PLS,0.9490635964091,0.8396665983990157
P27361,MAPK3,PLS,3.4160160943669635,1.4369086336038013
P27361,MAPK3,PLS,1.3218076224005415,0.24691479025695573
P27361,MAPK3,PLS,-0.5570284280842791,0.3231755233332366
P27361,MAPK3,PLS,-0.274025342323316,0.8681570748792649
P27361,MAPK3,PLS,1.5023979284493936,1.0743913878776792
P27361,MAPK3,PLS,-0.2586310924872481,1.6685671806058382
P27361,MAPK3,PLS,-1.6179900721082774,0.2251122456910254
P27361,MAPK3,PLS,2.16912364613029,0.6179253986798984
P27361,MAPK3,PLS,-1.8047235532304784,0.06254683387183796
P27361,MAPK3,PLS,-0.5059673251835543,0.6434391735173927
P27361,MAPK3,PLS,0.2290830101610312,-0.2532342809253846
P27361,MAPK3,PLS,0.8768028347604642,0.5658829738896315
P27361,MAPK3,PLS,1.677184107914814,1.381974799187098
P27361,MAPK3,PLS,0.1142592803280008,1.2117353273631282
P27361,MAPK3,PLS,-1.6473318368056709,1.0906234132254211
P27361,MAPK3,PLS,0.9880865674980502,0.6818915698163566
P27361,MAPK3,PLS,0.2922962401610982,0.7109470864086055
P27361,MAPK3,PLS,0.3859671645607857,0.7560461060759657
P27361,MAPK3,SVR,0.9490635964091,0.853851526722387
P27361,MAPK3,SVR,3.4160160943669635,1.2937705794087977
P27361,MAPK3,SVR,1.3218076224005415,0.5624152844287941
P27361,MAPK3,SVR,-0.5570284280842791,0.4629573828741515
P27361,MAPK3,SVR,-0.274025342323316,0.8428737747174697
P27361,MAPK3,SVR,1.5023979284493936,0.967877093459656
P27361,MAPK3,SVR,-0.2586310924872481,1.6656855755226088
P27361,MAPK3,SVR,-1.6179900721082774,0.4111189375177527
P27361,MAPK3,SVR,2.16912364613029,0.9893666659398094
P27361,MAPK3,SVR,-1.8047235532304784,0.3789960438025272
P27361,MAPK3,SVR,-0.5059673251835543,0.906709986959175
P27361,MAPK3,SVR,0.2290830101610312,0.5925697346639579
P27361,MAPK3,SVR,0.8768028347604642,0.7659716610403677
P27361,MAPK3,SVR,1.677184107914814,1.1805202205592455
P27361,MAPK3,SVR,0.1142592803280008,1.0716126692271768
P27361,MAPK3,SVR,-1.6473318368056709,1.1732306565533381
P27361,MAPK3,SVR,0.9880865674980502,0.8927787934259188
P27361,MAPK3,SVR,0.2922962401610982,0.9187610538948929
P27361,MAPK3,SVR,0.3859671645607857,0.8749500956935277
P27361,MAPK3,Lasso,0.9490635964091,0.7817828328358414
P27361,MAPK3,Lasso,3.4160160943669635,1.2713928010511393
P27361,MAPK3,Lasso,1.3218076224005415,0.3118797799898179
P27361,MAPK3,Lasso,-0.5570284280842791,0.34218989133998545
P27361,MAPK3,Lasso,-0.274025342323316,0.7816796176741461
P27361,MAPK3,Lasso,1.5023979284493936,0.9619612140733196
P27361,MAPK3,Lasso,-0.2586310924872481,1.5180784714284168
P27361,MAPK3,Lasso,-1.6179900721082774,0.27894377035246337
P27361,MAPK3,Lasso,2.16912364613029,0.6384856726279257
P27361,MAPK3,Lasso,-1.8047235532304784,0.09262752626081339
P27361,MAPK3,Lasso,-0.5059673251835543,0.647180129796482
P27361,MAPK3,Lasso,0.2290830101610312,-0.014846066192573781
P27361,MAPK3,Lasso,0.8768028347604642,0.5734513496766951
P27361,MAPK3,Lasso,1.677184107914814,1.2115430531254692
P27361,MAPK3,Lasso,0.1142592803280008,1.0891988643012898
P27361,MAPK3,Lasso,-1.6473318368056709,1.0216067103787436
P27361,MAPK3,Lasso,0.9880865674980502,0.6754113086977176
P27361,MAPK3,Lasso,0.2922962401610982,0.7015556720281874
P27361,MAPK3,Lasso,0.3859671645607857,0.7222606422850658
P27361,MAPK3,ElasticNet,0.9490635964091,0.7922987685731399
P27361,MAPK3,ElasticNet,3.4160160943669635,1.3038886202985025
P27361,MAPK3,ElasticNet,1.3218076224005415,0.30130052765276405
P27361,MAPK3,ElasticNet,-0.5570284280842791,0.3329713398871113
P27361,MAPK3,ElasticNet,-0.274025342323316,0.7921909198104604
P27361,MAPK3,ElasticNet,1.5023979284493936,0.9805658328189883
P27361,MAPK3,ElasticNet,-0.2586310924872481,1.5616486614004184
P27361,MAPK3,ElasticNet,-1.6179900721082774,0.26688593362760743
P27361,MAPK3,ElasticNet,2.16912364613029,0.6425686206951118
P27361,MAPK3,ElasticNet,-1.8047235532304784,0.07220546166679276
P27361,MAPK3,ElasticNet,-0.5059673251835543,0.6516533949898589
P27361,MAPK3,ElasticNet,0.2290830101610312,-0.0400929039650173
P27361,MAPK3,ElasticNet,0.8768028347604642,0.5746147353668437
P27361,MAPK3,ElasticNet,1.677184107914814,1.2413520592503215
P27361,MAPK3,ElasticNet,0.1142592803280008,1.1135155169344615
P27361,MAPK3,ElasticNet,-1.6473318368056709,1.0428889728526887
P27361,MAPK3,ElasticNet,0.9880865674980502,0.681151946011525
P27361,MAPK3,ElasticNet,0.2922962401610982,0.7084699988045342
P27361,MAPK3,ElasticNet,0.3859671645607857,0.730104469814807
P27361,MAPK3,GradientBoosting,0.9490635964091,0.20471365625062268
P27361,MAPK3,GradientBoosting,3.4160160943669635,1.4738271392293396
P27361,MAPK3,GradientBoosting,1.3218076224005415,1.6762342687123977
P27361,MAPK3,GradientBoosting,-0.5570284280842791,2.6439586732970772
P27361,MAPK3,GradientBoosting,-0.274025342323316,1.0253520817260589
P27361,MAPK3,GradientBoosting,1.5023979284493936,0.6842749018145395
P27361,MAPK3,GradientBoosting,-0.2586310924872481,1.8085600060895606
P27361,MAPK3,GradientBoosting,-1.6179900721082774,-0.8545903162999391
P27361,MAPK3,GradientBoosting,2.16912364613029,0.30978613297230045
P27361,MAPK3,GradientBoosting,-1.8047235532304784,0.397560740154844
P27361,MAPK3,GradientBoosting,-0.5059673251835543,0.9731093404741684
P27361,MAPK3,GradientBoosting,0.2290830101610312,-0.8267081407523484
P27361,MAPK3,GradientBoosting,0.8768028347604642,1.1847746160456492
P27361,MAPK3,GradientBoosting,1.677184107914814,0.5968309815377582
P27361,MAPK3,GradientBoosting,0.1142592803280008,0.5942261996477776
P27361,MAPK3,GradientBoosting,-1.6473318368056709,0.7384072134739695
P27361,MAPK3,GradientBoosting,0.9880865674980502,0.5072027658049987
P27361,MAPK3,GradientBoosting,0.2922962401610982,0.519890893855961
P27361,MAPK3,GradientBoosting,0.3859671645607857,0.46170781272334893
P27361,MAPK3,MLP,0.9490635964091,0.635111828406431
P27361,MAPK3,MLP,3.4160160943669635,0.3278756503038448
P27361,MAPK3,MLP,1.3218076224005415,0.505231260193918
P27361,MAPK3,MLP,-0.5570284280842791,0.9693336254594821
P27361,MAPK3,MLP,-0.274025342323316,1.0446324683184254
P27361,MAPK3,MLP,1.5023979284493936,0.7235745493798931
P27361,MAPK3,MLP,-0.2586310924872481,0.3278756503038448
P27361,MAPK3,MLP,-1.6179900721082774,0.6469454886029208
P27361,MAPK3,MLP,2.16912364613029,0.3278756503038448
P27361,MAPK3,MLP,-1.8047235532304784,0.4266012042469639
P27361,MAPK3,MLP,-0.5059673251835543,0.3278756503038448
P27361,MAPK3,MLP,0.2290830101610312,-0.18417583021703166
P27361,MAPK3,MLP,0.8768028347604642,0.4335177320669602
P27361,MAPK3,MLP,1.677184107914814,0.5222093863950177
P27361,MAPK3,MLP,0.1142592803280008,0.36074967018442183
P27361,MAPK3,MLP,-1.6473318368056709,0.3278756503038448
P27361,MAPK3,MLP,0.9880865674980502,0.3278756503038448
P27361,MAPK3,MLP,0.2922962401610982,0.3278756503038448
P27361,MAPK3,MLP,0.3859671645607857,0.43340450278103226
P27448,MARK3,RandomForest,0.1299711166799146,0.765611309498636
P27448,MARK3,RandomForest,1.6701316832133832,0.2838760094576831
P27448,MARK3,RandomForest,-0.344752328989028,0.932726958247716
P27448,MARK3,RandomForest,-0.7628841682329347,0.30437472624666767
P27448,MARK3,RandomForest,0.233403666567178,0.9858747193561866
P27448,MARK3,RandomForest,0.6284920852162045,0.7852156452538687
P27448,MARK3,RandomForest,-1.1486539191292278,-0.4358111441079015
P27448,MARK3,RandomForest,0.645093670240022,1.3569205024298059
P27448,MARK3,RandomForest,0.8980112163471535,1.0250391254650828
P27448,MARK3,RandomForest,-0.7477023566590927,-0.11910377479140263
P27448,MARK3,RandomForest,0.4013694230139862,1.3584700445446407
P27448,MARK3,RandomForest,-0.3557564043361673,0.5618603987287539
P27448,MARK3,RandomForest,1.6011740067158458,1.2677088184211787
P27448,MARK3,RandomForest,2.907822320305595,0.8986061536843009
P27448,MARK3,RandomForest,-0.6275082427799015,0.7389436942048999
P27448,MARK3,RandomForest,1.3932690696111305,1.337059404312566
P27448,MARK3,RandomForest,0.9843064003339204,1.0315473790646614
P27448,MARK3,RandomForest,0.4752646066156016,0.7130390066502852
P27448,MARK3,RandomForest,1.7609553841445291,-0.477563480397468
P27448,MARK3,XGBoost,0.1299711166799146,0.7647472023963928
P27448,MARK3,XGBoost,1.6701316832133832,1.0524345636367798
P27448,MARK3,XGBoost,-0.344752328989028,0.9134947657585144
P27448,MARK3,XGBoost,-0.7628841682329347,0.015606919303536415
P27448,MARK3,XGBoost,0.233403666567178,0.9526851177215576
P27448,MARK3,XGBoost,0.6284920852162045,0.6238288879394531
P27448,MARK3,XGBoost,-1.1486539191292278,-1.0248914957046509
P27448,MARK3,XGBoost,0.645093670240022,1.9395854473114014
P27448,MARK3,XGBoost,0.8980112163471535,0.8071147799491882
P27448,MARK3,XGBoost,-0.7477023566590927,-0.6271878480911255
P27448,MARK3,XGBoost,0.4013694230139862,1.202934741973877
P27448,MARK3,XGBoost,-0.3557564043361673,0.12446195632219315
P27448,MARK3,XGBoost,1.6011740067158458,0.6523057818412781
P27448,MARK3,XGBoost,2.907822320305595,0.5170331597328186
P27448,MARK3,XGBoost,-0.6275082427799015,1.5746015310287476
P27448,MARK3,XGBoost,1.3932690696111305,1.1610559225082397
P27448,MARK3,XGBoost,0.9843064003339204,1.1479315757751465
P27448,MARK3,XGBoost,0.4752646066156016,0.44189512729644775
P27448,MARK3,XGBoost,1.7609553841445291,-0.8419284820556641
P27448,MARK3,PLS,0.1299711166799146,1.2253055839432991
P27448,MARK3,PLS,1.6701316832133832,0.43856864676676255
P27448,MARK3,PLS,-0.344752328989028,0.5252496820076262
P27448,MARK3,PLS,-0.7628841682329347,0.4851382486109934
P27448,MARK3,PLS,0.233403666567178,0.9875214563705668
P27448,MARK3,PLS,0.6284920852162045,0.2836422637440338
P27448,MARK3,PLS,-1.1486539191292278,-0.3610914238106797
P27448,MARK3,PLS,0.645093670240022,1.3478285458213883
P27448,MARK3,PLS,0.8980112163471535,0.6783046865092694
P27448,MARK3,PLS,-0.7477023566590927,-0.16039474176306445
P27448,MARK3,PLS,0.4013694230139862,0.9831537527416092
P27448,MARK3,PLS,-0.3557564043361673,0.30373128516906156
P27448,MARK3,PLS,1.6011740067158458,1.4173413865993951
P27448,MARK3,PLS,2.907822320305595,1.051531713642327
P27448,MARK3,PLS,-0.6275082427799015,1.0387909526832928
P27448,MARK3,PLS,1.3932690696111305,0.6762272042696325
P27448,MARK3,PLS,0.9843064003339204,0.6756814931529536
P27448,MARK3,PLS,0.4752646066156016,0.3760081566058865
P27448,MARK3,PLS,1.7609553841445291,-0.2911647786428737
P27448,MARK3,SVR,0.1299711166799146,1.1213166358105593
P27448,MARK3,SVR,1.6701316832133832,0.5881849096769098
P27448,MARK3,SVR,-0.344752328989028,0.32357763289202257
P27448,MARK3,SVR,-0.7628841682329347,0.8187076989283786
P27448,MARK3,SVR,0.233403666567178,1.088704950330782
P27448,MARK3,SVR,0.6284920852162045,0.5096747669762698
P27448,MARK3,SVR,-1.1486539191292278,-0.00497730058815038
P27448,MARK3,SVR,0.645093670240022,1.1179990070552912
P27448,MARK3,SVR,0.8980112163471535,0.4105243825596186
P27448,MARK3,SVR,-0.7477023566590927,0.07028071767253552
P27448,MARK3,SVR,0.4013694230139862,0.4903317015664923
P27448,MARK3,SVR,-0.3557564043361673,0.24416953405866337
P27448,MARK3,SVR,1.6011740067158458,1.2649986221535854
P27448,MARK3,SVR,2.907822320305595,1.1602283586306155
P27448,MARK3,SVR,-0.6275082427799015,1.088236806372144
P27448,MARK3,SVR,1.3932690696111305,-0.23457200967227942
P27448,MARK3,SVR,0.9843064003339204,0.3806854600063716
P27448,MARK3,SVR,0.4752646066156016,0.23393353895176494
P27448,MARK3,SVR,1.7609553841445291,0.037335358272492236
P27448,MARK3,Lasso,0.1299711166799146,0.7924639480300869
P27448,MARK3,Lasso,1.6701316832133832,0.278399346854739
P27448,MARK3,Lasso,-0.344752328989028,0.7333284240521534
P27448,MARK3,Lasso,-0.7628841682329347,0.14962505032119466
P27448,MARK3,Lasso,0.233403666567178,0.8333377998511031
P27448,MARK3,Lasso,0.6284920852162045,0.3316251716132041
P27448,MARK3,Lasso,-1.1486539191292278,-0.5485618896904261
P27448,MARK3,Lasso,0.645093670240022,1.0634224956671974
P27448,MARK3,Lasso,0.8980112163471535,0.7202834297987188
P27448,MARK3,Lasso,-0.7477023566590927,-0.2166225553899619
P27448,MARK3,Lasso,0.4013694230139862,1.148233477139714
P27448,MARK3,Lasso,-0.3557564043361673,0.3422365842867304
P27448,MARK3,Lasso,1.6011740067158458,1.0862791115266863
P27448,MARK3,Lasso,2.907822320305595,0.8371032829618075
P27448,MARK3,Lasso,-0.6275082427799015,0.8986488312874528
P27448,MARK3,Lasso,1.3932690696111305,1.2044372834403583
P27448,MARK3,Lasso,0.9843064003339204,0.8441691398076143
P27448,MARK3,Lasso,0.4752646066156016,0.5954681371883145
P27448,MARK3,Lasso,1.7609553841445291,0.12237365455204874
P27448,MARK3,ElasticNet,0.1299711166799146,0.9602657751394956
P27448,MARK3,ElasticNet,1.6701316832133832,0.35604892285934775
P27448,MARK3,ElasticNet,-0.344752328989028,0.6484551743273211
P27448,MARK3,ElasticNet,-0.7628841682329347,0.3151804016383711
P27448,MARK3,ElasticNet,0.233403666567178,0.9174460064318938
P27448,MARK3,ElasticNet,0.6284920852162045,0.31386392876045655
P27448,MARK3,ElasticNet,-1.1486539191292278,-0.4531278289115147
P27448,MARK3,ElasticNet,0.645093670240022,1.1382917898262344
P27448,MARK3,ElasticNet,0.8980112163471535,0.6778868025839503
P27448,MARK3,ElasticNet,-0.7477023566590927,-0.19121170075456329
P27448,MARK3,ElasticNet,0.4013694230139862,1.022526816283896
P27448,MARK3,ElasticNet,-0.3557564043361673,0.3301239222813651
P27448,MARK3,ElasticNet,1.6011740067158458,1.203428428062956
P27448,MARK3,ElasticNet,2.907822320305595,0.9300814526434472
P27448,MARK3,ElasticNet,-0.6275082427799015,0.9528094463083338
P27448,MARK3,ElasticNet,1.3932690696111305,0.9121311569318367
P27448,MARK3,ElasticNet,0.9843064003339204,0.7466436172199293
P27448,MARK3,ElasticNet,0.4752646066156016,0.5089637985963312
P27448,MARK3,ElasticNet,1.7609553841445291,-0.022372706863368452
P27448,MARK3,GradientBoosting,0.1299711166799146,0.8724512126334445
P27448,MARK3,GradientBoosting,1.6701316832133832,1.020651580556223
P27448,MARK3,GradientBoosting,-0.344752328989028,0.964342576151083
P27448,MARK3,GradientBoosting,-0.7628841682329347,-0.15385630127501568
P27448,MARK3,GradientBoosting,0.233403666567178,1.071940631194764
P27448,MARK3,GradientBoosting,0.6284920852162045,0.5708832355353243
P27448,MARK3,GradientBoosting,-1.1486539191292278,-0.947777161632256
P27448,MARK3,GradientBoosting,0.645093670240022,1.9135691003484236
P27448,MARK3,GradientBoosting,0.8980112163471535,1.8622138425216093
P27448,MARK3,GradientBoosting,-0.7477023566590927,-0.544074738177484
P27448,MARK3,GradientBoosting,0.4013694230139862,1.7365402585699647
P27448,MARK3,GradientBoosting,-0.3557564043361673,0.6025883560507636
P27448,MARK3,GradientBoosting,1.6011740067158458,1.6880464966259825
P27448,MARK3,GradientBoosting,2.907822320305595,-0.02108834454898612
P27448,MARK3,GradientBoosting,-0.6275082427799015,1.3781394623365621
P27448,MARK3,GradientBoosting,1.3932690696111305,1.3256647722566066
P27448,MARK3,GradientBoosting,0.9843064003339204,0.9611025134725936
P27448,MARK3,GradientBoosting,0.4752646066156016,0.4464694862463505
P27448,MARK3,GradientBoosting,1.7609553841445291,-0.3471354291919672
P27448,MARK3,MLP,0.1299711166799146,1.4496782855897483
P27448,MARK3,MLP,1.6701316832133832,-0.281230216878272
P27448,MARK3,MLP,-0.344752328989028,0.6836895879273557
P27448,MARK3,MLP,-0.7628841682329347,-0.461828052630398
P27448,MARK3,MLP,0.233403666567178,0.5908822990053952
P27448,MARK3,MLP,0.6284920852162045,-1.4047619711493375
P27448,MARK3,MLP,-1.1486539191292278,-1.9783266859358928
P27448,MARK3,MLP,0.645093670240022,1.8643752926624622
P27448,MARK3,MLP,0.8980112163471535,1.3872797037213997
P27448,MARK3,MLP,-0.7477023566590927,-1.3731183790670585
P27448,MARK3,MLP,0.4013694230139862,-2.6658297181504986
P27448,MARK3,MLP,-0.3557564043361673,1.26839796404344
P27448,MARK3,MLP,1.6011740067158458,2.1687952100550705
P27448,MARK3,MLP,2.907822320305595,1.6908430891475625
P27448,MARK3,MLP,-0.6275082427799015,1.7775846999743417
P27448,MARK3,MLP,1.3932690696111305,-3.857418667060542
P27448,MARK3,MLP,0.9843064003339204,0.417199655675699
P27448,MARK3,MLP,0.4752646066156016,-2.3715634465776434
P27448,MARK3,MLP,1.7609553841445291,-0.9621118865782539
P30291,WEE1,RandomForest,1.170586339551316,0.8885982852201336
P30291,WEE1,RandomForest,0.7435533008713711,-0.32536403563798383
P30291,WEE1,RandomForest,0.5741768090043033,0.9147716500990088
P30291,WEE1,RandomForest,-0.2956065321005293,-0.4428146581288805
P30291,WEE1,RandomForest,0.4633276057196536,0.7313932887787429
P30291,WEE1,RandomForest,-1.041358035590085,-0.20822431208360637
P30291,WEE1,RandomForest,0.8930345117641223,-0.11378946882684007
P30291,WEE1,RandomForest,0.0392709228272938,-0.456387015832044
P30291,WEE1,RandomForest,0.0007058818343897,-0.5112563147609827
P30291,WEE1,RandomForest,0.6786759652341896,0.007911557987972079
P30291,WEE1,RandomForest,-1.3860960047708315,0.41899295258749847
P30291,WEE1,RandomForest,0.5523921015914335,0.18054812866932266
P30291,WEE1,RandomForest,-0.1529865024794882,-0.6249165060932556
P30291,WEE1,RandomForest,-1.061167602980137,-0.8381924171870943
P30291,WEE1,RandomForest,-0.86373915644407,1.2211034596370867
P30291,WEE1,RandomForest,-2.82282014755316,-0.39606739596537516
P30291,WEE1,RandomForest,-0.4146241748707653,0.12658738344144788
P30291,WEE1,RandomForest,0.0479021598200498,-0.2573608795043947
P30291,WEE1,RandomForest,0.0021211864472814,-0.2882627121849412
P30291,WEE1,XGBoost,1.170586339551316,1.0662308931350708
P30291,WEE1,XGBoost,0.7435533008713711,-0.3313694894313812
P30291,WEE1,XGBoost,0.5741768090043033,0.7191498875617981
P30291,WEE1,XGBoost,-0.2956065321005293,-0.32344356179237366
P30291,WEE1,XGBoost,0.4633276057196536,1.0030362606048584
P30291,WEE1,XGBoost,-1.041358035590085,-0.08402100205421448
P30291,WEE1,XGBoost,0.8930345117641223,0.07944144308567047
P30291,WEE1,XGBoost,0.0392709228272938,-0.9662103056907654
P30291,WEE1,XGBoost,0.0007058818343897,-0.971524715423584
P30291,WEE1,XGBoost,0.6786759652341896,0.17447181046009064
P30291,WEE1,XGBoost,-1.3860960047708315,0.6507520079612732
P30291,WEE1,XGBoost,0.5523921015914335,-0.05069233477115631
P30291,WEE1,XGBoost,-0.1529865024794882,-0.9006100296974182
P30291,WEE1,XGBoost,-1.061167602980137,-0.8338219523429871
P30291,WEE1,XGBoost,-0.86373915644407,0.3713456690311432
P30291,WEE1,XGBoost,-2.82282014755316,-0.844302237033844
P30291,WEE1,XGBoost,-0.4146241748707653,1.2472721338272095
P30291,WEE1,XGBoost,0.0479021598200498,-0.7454958558082581
P30291,WEE1,XGBoost,0.0021211864472814,-0.620739221572876
P30291,WEE1,PLS,1.170586339551316,0.4930541504758652
P30291,WEE1,PLS,0.7435533008713711,0.04283749310958053
P30291,WEE1,PLS,0.5741768090043033,0.5734500299839614
P30291,WEE1,PLS,-0.2956065321005293,0.2945102545327898
P30291,WEE1,PLS,0.4633276057196536,-0.09830068804513012
P30291,WEE1,PLS,-1.041358035590085,0.11682846904490707
P30291,WEE1,PLS,0.8930345117641223,-0.49103331105017956
P30291,WEE1,PLS,0.0392709228272938,-0.21597240312777297
P30291,WEE1,PLS,0.0007058818343897,-0.0939830878382954
P30291,WEE1,PLS,0.6786759652341896,-0.25843586106854743
P30291,WEE1,PLS,-1.3860960047708315,-0.6013558871939264
P30291,WEE1,PLS,0.5523921015914335,0.192581353329961
P30291,WEE1,PLS,-0.1529865024794882,0.00604389983441922
P30291,WEE1,PLS,-1.061167602980137,0.20388336014916533
P30291,WEE1,PLS,-0.86373915644407,0.42599726450834774
P30291,WEE1,PLS,-2.82282014755316,-0.35714035920585896
P30291,WEE1,PLS,-0.4146241748707653,0.18495640588686002
P30291,WEE1,PLS,0.0479021598200498,-0.11858404544519216
P30291,WEE1,PLS,0.0021211864472814,0.004503513736083459
P30291,WEE1,SVR,1.170586339551316,0.2537063291219066
P30291,WEE1,SVR,0.7435533008713711,-0.08640118210142832
P30291,WEE1,SVR,0.5741768090043033,0.32101314069622433
P30291,WEE1,SVR,-0.2956065321005293,0.17506623417208522
P30291,WEE1,SVR,0.4633276057196536,-0.22532442815523435
P30291,WEE1,SVR,-1.041358035590085,-0.07530067145815388
P30291,WEE1,SVR,0.8930345117641223,-0.4943182581794887
P30291,WEE1,SVR,0.0392709228272938,-0.360605735119491
P30291,WEE1,SVR,0.0007058818343897,-0.24273176722953316
P30291,WEE1,SVR,0.6786759652341896,-0.27716894640782286
P30291,WEE1,SVR,-1.3860960047708315,-0.6475241803997486
P30291,WEE1,SVR,0.5523921015914335,0.12009280246080901
P30291,WEE1,SVR,-0.1529865024794882,-0.1786464553752226
P30291,WEE1,SVR,-1.061167602980137,0.014575439565657114
P30291,WEE1,SVR,-0.86373915644407,0.20735530969542637
P30291,WEE1,SVR,-2.82282014755316,-0.462121809579801
P30291,WEE1,SVR,-0.4146241748707653,0.021429111790162644
P30291,WEE1,SVR,0.0479021598200498,-0.24557612878013368
P30291,WEE1,SVR,0.0021211864472814,-0.20151639132558907
P30291,WEE1,Lasso,1.170586339551316,0.3679874718075141
P30291,WEE1,Lasso,0.7435533008713711,0.10407613868150473
P30291,WEE1,Lasso,0.5741768090043033,0.4222925969576411
P30291,WEE1,Lasso,-0.2956065321005293,0.2347630234519113
P30291,WEE1,Lasso,0.4633276057196536,0.010758884001639366
P30291,WEE1,Lasso,-1.041358035590085,0.17229545264796717
P30291,WEE1,Lasso,0.8930345117641223,-0.2843089869586032
P30291,WEE1,Lasso,0.0392709228272938,-0.05348614088810638
P30291,WEE1,Lasso,0.0007058818343897,0.02977107571925372
P30291,WEE1,Lasso,0.6786759652341896,-0.11964257962379068
P30291,WEE1,Lasso,-1.3860960047708315,-0.3152541909673169
P30291,WEE1,Lasso,0.5523921015914335,0.1843293514838088
P30291,WEE1,Lasso,-0.1529865024794882,0.09031432557367092
P30291,WEE1,Lasso,-1.061167602980137,0.17995188157445716
P30291,WEE1,Lasso,-0.86373915644407,0.3377498867438272
P30291,WEE1,Lasso,-2.82282014755316,-0.1645275988657889
P30291,WEE1,Lasso,-0.4146241748707653,0.20502342402467985
P30291,WEE1,Lasso,0.0479021598200498,-0.02584107843018313
P30291,WEE1,Lasso,0.0021211864472814,0.11510216397431294
P30291,WEE1,ElasticNet,1.170586339551316,0.41854158949943676
P30291,WEE1,ElasticNet,0.7435533008713711,0.09384255887944215
P30291,WEE1,ElasticNet,0.5741768090043033,0.48556359761071266
P30291,WEE1,ElasticNet,-0.2956065321005293,0.25434962735443933
P30291,WEE1,ElasticNet,0.4633276057196536,-0.02154901650216373
P30291,WEE1,ElasticNet,-1.041358035590085,0.17754162520478856
P30291,WEE1,ElasticNet,0.8930345117641223,-0.384751662307823
P30291,WEE1,ElasticNet,0.0392709228272938,-0.10086607864445496
P30291,WEE1,ElasticNet,0.0007058818343897,0.0017503376141676658
P30291,WEE1,ElasticNet,0.6786759652341896,-0.1819898875198184
P30291,WEE1,ElasticNet,-1.3860960047708315,-0.4231525402080617
P30291,WEE1,ElasticNet,0.5523921015914335,0.19289389306665672
P30291,WEE1,ElasticNet,-0.1529865024794882,0.07635175931262597
P30291,WEE1,ElasticNet,-1.061167602980137,0.18701345915282197
P30291,WEE1,ElasticNet,-0.86373915644407,0.3818902428451829
P30291,WEE1,ElasticNet,-2.82282014755316,-0.23753828754276127
P30291,WEE1,ElasticNet,-0.4146241748707653,0.21766404068193826
P30291,WEE1,ElasticNet,0.0479021598200498,-0.06660096275611022
P30291,WEE1,ElasticNet,0.0021211864472814,0.10729867362033944
P30291,WEE1,GradientBoosting,1.170586339551316,0.6374554597675975
P30291,WEE1,GradientBoosting,0.7435533008713711,-0.3675799489188769
P30291,WEE1,GradientBoosting,0.5741768090043033,0.7571771668723603
P30291,WEE1,GradientBoosting,-0.2956065321005293,-0.6293245307198433
P30291,WEE1,GradientBoosting,0.4633276057196536,0.7992278570804514
P30291,WEE1,GradientBoosting,-1.041358035590085,-0.1152357770534659
P30291,WEE1,GradientBoosting,0.8930345117641223,-0.024568800697042644
P30291,WEE1,GradientBoosting,0.0392709228272938,-0.6272795184619514
P30291,WEE1,GradientBoosting,0.0007058818343897,-0.7443977410628503
P30291,WEE1,GradientBoosting,0.6786759652341896,-0.0955807168684689
P30291,WEE1,GradientBoosting,-1.3860960047708315,0.9527276035174091
P30291,WEE1,GradientBoosting,0.5523921015914335,0.0010667805312506735
P30291,WEE1,GradientBoosting,-0.1529865024794882,-0.5941040043877357
P30291,WEE1,GradientBoosting,-1.061167602980137,-0.8536788071784296
P30291,WEE1,GradientBoosting,-0.86373915644407,1.3424924307240427
P30291,WEE1,GradientBoosting,-2.82282014755316,-0.66850394488475
P30291,WEE1,GradientBoosting,-0.4146241748707653,0.5098362286903948
P30291,WEE1,GradientBoosting,0.0479021598200498,-0.36976540766969507
P30291,WEE1,GradientBoosting,0.0021211864472814,-0.7591977122238175
P30291,WEE1,MLP,1.170586339551316,0.4836740663622307
P30291,WEE1,MLP,0.7435533008713711,-0.28455781906156496
P30291,WEE1,MLP,0.5741768090043033,0.6208741081011211
P30291,WEE1,MLP,-0.2956065321005293,0.23785934499436562
P30291,WEE1,MLP,0.4633276057196536,-0.32320294258227417
P30291,WEE1,MLP,-1.041358035590085,-0.3105613131955231
P30291,WEE1,MLP,0.8930345117641223,-0.3054920242800801
P30291,WEE1,MLP,0.0392709228272938,-0.32590888147738434
P30291,WEE1,MLP,0.0007058818343897,-0.32590888147738434
P30291,WEE1,MLP,0.6786759652341896,-0.3075659801404744
P30291,WEE1,MLP,-1.3860960047708315,-0.3130539421687396
P30291,WEE1,MLP,0.5523921015914335,-0.10280127305193137
P30291,WEE1,MLP,-0.1529865024794882,-0.32590888147738434
P30291,WEE1,MLP,-1.061167602980137,-0.1576066136101053
P30291,WEE1,MLP,-0.86373915644407,0.19795658317526027
P30291,WEE1,MLP,-2.82282014755316,-0.32590888147738434
P30291,WEE1,MLP,-0.4146241748707653,-0.2615812372375717
P30291,WEE1,MLP,0.0479021598200498,-0.32590888147738434
P30291,WEE1,MLP,0.0021211864472814,-0.28523405426035964
P31749,AKT1,RandomForest,-2.3161678096763385,-2.232411741084254
P31749,AKT1,RandomForest,-3.555915739527753,-0.45178967919036644
P31749,AKT1,RandomForest,-0.5784062272738341,-1.21783514691641
P31749,AKT1,RandomForest,1.882992716067049,0.015412172912346726
P31749,AKT1,RandomForest,-0.3822093514711895,-1.2373897297181926
P31749,AKT1,RandomForest,-0.9264603816905356,-0.4504002784232482
P31749,AKT1,RandomForest,0.3966204565351791,-0.4277763282825722
P31749,AKT1,RandomForest,-2.240579134158054,-2.2006768859524852
P31749,AKT1,RandomForest,1.3026968471359082,-1.1331965751567254
P31749,AKT1,RandomForest,-0.4767293799474599,-0.7620925739300852
P31749,AKT1,RandomForest,0.7858702341104072,-1.0202808896730042
P31749,AKT1,RandomForest,-2.0446149681437413,-1.0029141988178074
P31749,AKT1,RandomForest,-0.920332334645867,-1.3040837632412479
P31749,AKT1,RandomForest,-0.0272474684062211,-0.4956852785154984
P31749,AKT1,RandomForest,-3.483011277893072,-2.467154397555188
P31749,AKT1,RandomForest,1.657700104882296,-0.6925301117105964
P31749,AKT1,RandomForest,-0.3831005135917572,-2.4558079911623136
P31749,AKT1,RandomForest,-0.6737287256908009,-1.1968867951917268
P31749,AKT1,RandomForest,-1.6231388197201555,-2.339871217884189
P31749,AKT1,XGBoost,-2.3161678096763385,-3.1867969036102295
P31749,AKT1,XGBoost,-3.555915739527753,-0.883990466594696
P31749,AKT1,XGBoost,-0.5784062272738341,-1.5357884168624878
P31749,AKT1,XGBoost,1.882992716067049,0.4693244695663452
P31749,AKT1,XGBoost,-0.3822093514711895,-1.823965072631836
P31749,AKT1,XGBoost,-0.9264603816905356,0.1613384187221527
P31749,AKT1,XGBoost,0.3966204565351791,-0.8826861381530762
P31749,AKT1,XGBoost,-2.240579134158054,-2.733769178390503
P31749,AKT1,XGBoost,1.3026968471359082,-1.3422242403030396
P31749,AKT1,XGBoost,-0.4767293799474599,-0.8429429531097412
P31749,AKT1,XGBoost,0.7858702341104072,-0.9581815004348755
P31749,AKT1,XGBoost,-2.0446149681437413,-0.6970474123954773
P31749,AKT1,XGBoost,-0.920332334645867,-1.8081448078155518
P31749,AKT1,XGBoost,-0.0272474684062211,-1.8858439922332764
P31749,AKT1,XGBoost,-3.483011277893072,-3.16780686378479
P31749,AKT1,XGBoost,1.657700104882296,-0.15567076206207275
P31749,AKT1,XGBoost,-0.3831005135917572,-2.9123754501342773
P31749,AKT1,XGBoost,-0.6737287256908009,-1.1496355533599854
P31749,AKT1,XGBoost,-1.6231388197201555,0.5544590950012207
P31749,AKT1,PLS,-2.3161678096763385,-1.4849039948543676
P31749,AKT1,PLS,-3.555915739527753,-0.3304147291139814
P31749,AKT1,PLS,-0.5784062272738341,-1.4408803604025244
P31749,AKT1,PLS,1.882992716067049,-0.9509099195907283
P31749,AKT1,PLS,-0.3822093514711895,-1.1111404532389904
P31749,AKT1,PLS,-0.9264603816905356,-0.7230022098986701
P31749,AKT1,PLS,0.3966204565351791,-0.9462521160055117
P31749,AKT1,PLS,-2.240579134158054,-1.1610984219904323
P31749,AKT1,PLS,1.3026968471359082,-0.8999120271469556
P31749,AKT1,PLS,-0.4767293799474599,-0.74397656623775
P31749,AKT1,PLS,0.7858702341104072,-1.234438097549154
P31749,AKT1,PLS,-2.0446149681437413,-1.1097869517304098
P31749,AKT1,PLS,-0.920332334645867,-0.6362993547095274
P31749,AKT1,PLS,-0.0272474684062211,-0.7677157434168285
P31749,AKT1,PLS,-3.483011277893072,-1.3254496354137117
P31749,AKT1,PLS,1.657700104882296,-1.0777087540504924
P31749,AKT1,PLS,-0.3831005135917572,-1.1112703616876252
P31749,AKT1,PLS,-0.6737287256908009,-1.1828117809144525
P31749,AKT1,PLS,-1.6231388197201555,-2.3608217137805374
P31749,AKT1,SVR,-2.3161678096763385,-1.2813146749426287
P31749,AKT1,SVR,-3.555915739527753,-0.20155969787645311
P31749,AKT1,SVR,-0.5784062272738341,-1.0644800047722567
P31749,AKT1,SVR,1.882992716067049,-0.8473300452896092
P31749,AKT1,SVR,-0.3822093514711895,-1.1059952209705382
P31749,AKT1,SVR,-0.9264603816905356,-0.6098817459377758
P31749,AKT1,SVR,0.3966204565351791,-0.9396205942495268
P31749,AKT1,SVR,-2.240579134158054,-0.8773335326766747
P31749,AKT1,SVR,1.3026968471359082,-0.610823785414744
P31749,AKT1,SVR,-0.4767293799474599,-0.5075423173178577
P31749,AKT1,SVR,0.7858702341104072,-0.915529891561484
P31749,AKT1,SVR,-2.0446149681437413,-1.2144409665000606
P31749,AKT1,SVR,-0.920332334645867,-0.36616021580740044
P31749,AKT1,SVR,-0.0272474684062211,-0.6183342057152612
P31749,AKT1,SVR,-3.483011277893072,-1.6342708438165465
P31749,AKT1,SVR,1.657700104882296,-0.7931015293847639
P31749,AKT1,SVR,-0.3831005135917572,-0.8647466802251661
P31749,AKT1,SVR,-0.6737287256908009,-1.142145224887019
P31749,AKT1,SVR,-1.6231388197201555,-3.1066858798599455
P31749,AKT1,Lasso,-2.3161678096763385,-1.2435034645307201
P31749,AKT1,Lasso,-3.555915739527753,-0.6993697544108329
P31749,AKT1,Lasso,-0.5784062272738341,-1.3117825205073155
P31749,AKT1,Lasso,1.882992716067049,-1.0132414433592014
P31749,AKT1,Lasso,-0.3822093514711895,-1.1236457115920546
P31749,AKT1,Lasso,-0.9264603816905356,-0.8668083503008309
P31749,AKT1,Lasso,0.3966204565351791,-1.0418366781722415
P31749,AKT1,Lasso,-2.240579134158054,-1.0796546159370528
P31749,AKT1,Lasso,1.3026968471359082,-0.9142990848181364
P31749,AKT1,Lasso,-0.4767293799474599,-0.8113848483740123
P31749,AKT1,Lasso,0.7858702341104072,-1.1465769429030932
P31749,AKT1,Lasso,-2.0446149681437413,-1.221995660352537
P31749,AKT1,Lasso,-0.920332334645867,-0.7338044222460034
P31749,AKT1,Lasso,-0.0272474684062211,-0.858092714783605
P31749,AKT1,Lasso,-3.483011277893072,-1.3670306889548918
P31749,AKT1,Lasso,1.657700104882296,-1.0263816577091587
P31749,AKT1,Lasso,-0.3831005135917572,-1.0267120284694535
P31749,AKT1,Lasso,-0.6737287256908009,-1.1986955917824555
P31749,AKT1,Lasso,-1.6231388197201555,-2.1833849612697267
P31749,AKT1,ElasticNet,-2.3161678096763385,-1.3238133490332562
P31749,AKT1,ElasticNet,-3.555915739527753,-0.5630929551227708
P31749,AKT1,ElasticNet,-0.5784062272738341,-1.3054705692002526
P31749,AKT1,ElasticNet,1.882992716067049,-0.9935231881690907
P31749,AKT1,ElasticNet,-0.3822093514711895,-1.134626842668326
P31749,AKT1,ElasticNet,-0.9264603816905356,-0.8208048941336439
P31749,AKT1,ElasticNet,0.3966204565351791,-1.0219165252833482
P31749,AKT1,ElasticNet,-2.240579134158054,-1.0873476380520726
P31749,AKT1,ElasticNet,1.3026968471359082,-0.8915502187691738
P31749,AKT1,ElasticNet,-0.4767293799474599,-0.7825437218846821
P31749,AKT1,ElasticNet,0.7858702341104072,-1.1454506467207042
P31749,AKT1,ElasticNet,-2.0446149681437413,-1.1994163526322845
P31749,AKT1,ElasticNet,-0.920332334645867,-0.6918599796731275
P31749,AKT1,ElasticNet,-0.0272474684062211,-0.8304395167080058
P31749,AKT1,ElasticNet,-3.483011277893072,-1.400315470552668
P31749,AKT1,ElasticNet,1.657700104882296,-1.0247617800392175
P31749,AKT1,ElasticNet,-0.3831005135917572,-1.0467319967155913
P31749,AKT1,ElasticNet,-0.6737287256908009,-1.1957161085258827
P31749,AKT1,ElasticNet,-1.6231388197201555,-2.325151788012812
P31749,AKT1,GradientBoosting,-2.3161678096763385,-3.2716996946471895
P31749,AKT1,GradientBoosting,-3.555915739527753,0.3176177109394902
P31749,AKT1,GradientBoosting,-0.5784062272738341,-1.101505559350896
P31749,AKT1,GradientBoosting,1.882992716067049,0.03595456051028972
P31749,AKT1,GradientBoosting,-0.3822093514711895,-1.7736905858514704
P31749,AKT1,GradientBoosting,-0.9264603816905356,-0.45757885965596246
P31749,AKT1,GradientBoosting,0.3966204565351791,-0.044706142830756
P31749,AKT1,GradientBoosting,-2.240579134158054,-2.540916805291426
P31749,AKT1,GradientBoosting,1.3026968471359082,-0.4893754486157405
P31749,AKT1,GradientBoosting,-0.4767293799474599,-0.1212559680070554
P31749,AKT1,GradientBoosting,0.7858702341104072,-1.486782638948831
P31749,AKT1,GradientBoosting,-2.0446149681437413,-0.5901560744046902
P31749,AKT1,GradientBoosting,-0.920332334645867,-1.356431017422117
P31749,AKT1,GradientBoosting,-0.0272474684062211,-0.46325639534010254
P31749,AKT1,GradientBoosting,-3.483011277893072,-4.230339211022805
P31749,AKT1,GradientBoosting,1.657700104882296,-0.30244805941379593
P31749,AKT1,GradientBoosting,-0.3831005135917572,-2.5125940477274544
P31749,AKT1,GradientBoosting,-0.6737287256908009,-0.6415701193547952
P31749,AKT1,GradientBoosting,-1.6231388197201555,-2.2083128166406807
P31749,AKT1,MLP,-2.3161678096763385,-3.7575507426187613
P31749,AKT1,MLP,-3.555915739527753,-0.5313281523354675
P31749,AKT1,MLP,-0.5784062272738341,-0.802886724659645
P31749,AKT1,MLP,1.882992716067049,-0.5313281523354675
P31749,AKT1,MLP,-0.3822093514711895,-0.6727336121852117
P31749,AKT1,MLP,-0.9264603816905356,-0.5313281523354675
P31749,AKT1,MLP,0.3966204565351791,-0.5313281523354675
P31749,AKT1,MLP,-2.240579134158054,-1.7119669218349403
P31749,AKT1,MLP,1.3026968471359082,-1.2587759173466697
P31749,AKT1,MLP,-0.4767293799474599,-1.2002226381132628
P31749,AKT1,MLP,0.7858702341104072,-1.2710297399031607
P31749,AKT1,MLP,-2.0446149681437413,-0.8677226786725527
P31749,AKT1,MLP,-0.920332334645867,-1.1785639639706915
P31749,AKT1,MLP,-0.0272474684062211,-0.6467497599786997
P31749,AKT1,MLP,-3.483011277893072,-1.4219102128579406
P31749,AKT1,MLP,1.657700104882296,-1.580570078338598
P31749,AKT1,MLP,-0.3831005135917572,-2.218802669927268
P31749,AKT1,MLP,-0.6737287256908009,-0.747171780869722
P31749,AKT1,MLP,-1.6231388197201555,-3.49271268839035
P33981,TTK,RandomForest,0.81962911290136,-0.2835643782411259
P33981,TTK,RandomForest,0.761756358100687,-0.053056313909633196
P33981,TTK,RandomForest,0.3924285639875703,-0.28022480924648724
P33981,TTK,RandomForest,1.6575739782642838,0.13594577384657655
P33981,TTK,RandomForest,1.080021608013606,0.2890446489324966
P33981,TTK,RandomForest,1.0292873137234764,-0.0036019226943013395
P33981,TTK,RandomForest,1.0483255614615268,0.8573559526977305
P33981,TTK,RandomForest,-0.3449200493193557,-0.37138478168645106
P33981,TTK,RandomForest,-1.091176296949048,-0.41746768830086695
P33981,TTK,RandomForest,0.0714445545021858,-0.03630853976031568
P33981,TTK,RandomForest,-0.132444601746331,-0.5561569779324096
P33981,TTK,RandomForest,-0.0713281428721015,-0.08866582451713427
P33981,TTK,RandomForest,0.3100226792336648,0.16634963387742865
P33981,TTK,RandomForest,-0.1217455574296795,-0.049118070490315205
P33981,TTK,RandomForest,-1.253933585506373,0.17128360367165885
P33981,TTK,RandomForest,-2.263866034091076,-0.24178056350158297
P33981,TTK,RandomForest,-2.8585318340583368,0.048532701996500435
P33981,TTK,RandomForest,-1.2189944357308111,0.0979747503328244
P33981,TTK,RandomForest,-1.118566417469833,-0.3469302844891667
P33981,TTK,XGBoost,0.81962911290136,0.33885470032691956
P33981,TTK,XGBoost,0.761756358100687,0.48725974559783936
P33981,TTK,XGBoost,0.3924285639875703,-0.4574764668941498
P33981,TTK,XGBoost,1.6575739782642838,0.4682508409023285
P33981,TTK,XGBoost,1.080021608013606,0.16526931524276733
P33981,TTK,XGBoost,1.0292873137234764,0.024171989411115646
P33981,TTK,XGBoost,1.0483255614615268,0.7949150204658508
P33981,TTK,XGBoost,-0.3449200493193557,-0.8836220502853394
P33981,TTK,XGBoost,-1.091176296949048,0.17627567052841187
P33981,TTK,XGBoost,0.0714445545021858,0.19770987331867218
P33981,TTK,XGBoost,-0.132444601746331,-0.8884135484695435
P33981,TTK,XGBoost,-0.0713281428721015,0.1743466705083847
P33981,TTK,XGBoost,0.3100226792336648,0.12302616238594055
P33981,TTK,XGBoost,-0.1217455574296795,0.06312589347362518
P33981,TTK,XGBoost,-1.253933585506373,0.5287694334983826
P33981,TTK,XGBoost,-2.263866034091076,-0.4635324478149414
P33981,TTK,XGBoost,-2.8585318340583368,0.9934966564178467
P33981,TTK,XGBoost,-1.2189944357308111,0.38145649433135986
P33981,TTK,XGBoost,-1.118566417469833,-0.05233952775597572
P33981,TTK,PLS,0.81962911290136,0.1663511945180609
P33981,TTK,PLS,0.761756358100687,0.2513237429519591
P33981,TTK,PLS,0.3924285639875703,0.026374909564039546
P33981,TTK,PLS,1.6575739782642838,0.427814396367446
P33981,TTK,PLS,1.080021608013606,0.13864206265827833
P33981,TTK,PLS,1.0292873137234764,0.03480296445962387
P33981,TTK,PLS,1.0483255614615268,0.8000172941449221
P33981,TTK,PLS,-0.3449200493193557,-0.27264315553909013
P33981,TTK,PLS,-1.091176296949048,-0.2744738180954642
P33981,TTK,PLS,0.0714445545021858,0.3567712599770388
P33981,TTK,PLS,-0.132444601746331,0.03838087232863202
P33981,TTK,PLS,-0.0713281428721015,0.23714180769816298
P33981,TTK,PLS,0.3100226792336648,-0.019306870156697103
P33981,TTK,PLS,-0.1217455574296795,0.011463514360609398
P33981,TTK,PLS,-1.253933585506373,-0.09756986420557295
P33981,TTK,PLS,-2.263866034091076,-0.12990317894605127
P33981,TTK,PLS,-2.8585318340583368,-0.16843805387428715
P33981,TTK,PLS,-1.2189944357308111,0.12822765141925785
P33981,TTK,PLS,-1.118566417469833,-0.17932937188677206
P33981,TTK,SVR,0.81962911290136,0.1136696733102666
P33981,TTK,SVR,0.761756358100687,0.15610657235857733
P33981,TTK,SVR,0.3924285639875703,0.052494250123588826
P33981,TTK,SVR,1.6575739782642838,0.2799012463140934
P33981,TTK,SVR,1.080021608013606,0.17868749155497204
P33981,TTK,SVR,1.0292873137234764,-0.05854830478647238
P33981,TTK,SVR,1.0483255614615268,0.6907582460291148
P33981,TTK,SVR,-0.3449200493193557,-0.16321570086241577
P33981,TTK,SVR,-1.091176296949048,-0.20414781500848173
P33981,TTK,SVR,0.0714445545021858,0.3712540883174355
P33981,TTK,SVR,-0.132444601746331,0.13129616342429523
P33981,TTK,SVR,-0.0713281428721015,0.19905549320608143
P33981,TTK,SVR,0.3100226792336648,0.0065802635153781736
P33981,TTK,SVR,-0.1217455574296795,-0.05795955166090916
P33981,TTK,SVR,-1.253933585506373,-0.13812015662090393
P33981,TTK,SVR,-2.263866034091076,-0.0389972388640647
P33981,TTK,SVR,-2.8585318340583368,-0.22056526453882713
P33981,TTK,SVR,-1.2189944357308111,0.14435562546787062
P33981,TTK,SVR,-1.118566417469833,-0.09422708783116279
P33981,TTK,Lasso,0.81962911290136,0.13004926531411287
P33981,TTK,Lasso,0.761756358100687,0.180340233051957
P33981,TTK,Lasso,0.3924285639875703,0.04720347320453821
P33981,TTK,Lasso,1.6575739782642838,0.24821490589405043
P33981,TTK,Lasso,1.080021608013606,0.10274634471913391
P33981,TTK,Lasso,1.0292873137234764,0.05220330370821468
P33981,TTK,Lasso,1.0483255614615268,0.45184831352472166
P33981,TTK,Lasso,-0.3449200493193557,-0.10692601645177774
P33981,TTK,Lasso,-1.091176296949048,-0.13084293102795685
P33981,TTK,Lasso,0.0714445545021858,0.22190022546501711
P33981,TTK,Lasso,-0.132444601746331,0.0256129907604108
P33981,TTK,Lasso,-0.0713281428721015,0.17194158593728476
P33981,TTK,Lasso,0.3100226792336648,0.007503430938783848
P33981,TTK,Lasso,-0.1217455574296795,0.038388617823807376
P33981,TTK,Lasso,-1.253933585506373,-0.02614013487792835
P33981,TTK,Lasso,-2.263866034091076,-0.02581904802452452
P33981,TTK,Lasso,-2.8585318340583368,-0.08006944410741582
P33981,TTK,Lasso,-1.2189944357308111,0.10748081851731354
P33981,TTK,Lasso,-1.118566417469833,-0.07453805924868431
P33981,TTK,ElasticNet,0.81962911290136,0.14486050875023826
P33981,TTK,ElasticNet,0.761756358100687,0.20967456329745177
P33981,TTK,ElasticNet,0.3924285639875703,0.038090408067596976
P33981,TTK,ElasticNet,1.6575739782642838,0.32641342716208593
P33981,TTK,ElasticNet,1.080021608013606,0.11838958898071289
P33981,TTK,ElasticNet,1.0292873137234764,0.04453409570314536
P33981,TTK,ElasticNet,1.0483255614615268,0.6021583875808937
P33981,TTK,ElasticNet,-0.3449200493193557,-0.1788195016022176
P33981,TTK,ElasticNet,-1.091176296949048,-0.1913724532560347
P33981,TTK,ElasticNet,0.0714445545021858,0.2799030361043849
P33981,TTK,ElasticNet,-0.132444601746331,0.03321696359545101
P33981,TTK,ElasticNet,-0.0713281428721015,0.19885054465754914
P33981,TTK,ElasticNet,0.3100226792336648,-0.002941346459804983
P33981,TTK,ElasticNet,-0.1217455574296795,0.02672998803251856
P33981,TTK,ElasticNet,-1.253933585506373,-0.05643345633140252
P33981,TTK,ElasticNet,-2.263866034091076,-0.07159565052669302
P33981,TTK,ElasticNet,-2.8585318340583368,-0.11634354009355473
P33981,TTK,ElasticNet,-1.2189944357308111,0.11577471844772017
P33981,TTK,ElasticNet,-1.118566417469833,-0.11880779214633232
P33981,TTK,GradientBoosting,0.81962911290136,-0.2453063262672474
P33981,TTK,GradientBoosting,0.761756358100687,-0.056084535318256426
P33981,TTK,GradientBoosting,0.3924285639875703,-0.6322345033062947
P33981,TTK,GradientBoosting,1.6575739782642838,0.1737599388133369
P33981,TTK,GradientBoosting,1.080021608013606,0.2568540164479946
P33981,TTK,GradientBoosting,1.0292873137234764,-0.03882819039666556
P33981,TTK,GradientBoosting,1.0483255614615268,1.0358758896749407
P33981,TTK,GradientBoosting,-0.3449200493193557,-0.4338878240204029
P33981,TTK,GradientBoosting,-1.091176296949048,-0.5530997570085437
P33981,TTK,GradientBoosting,0.0714445545021858,-0.23897710072265166
P33981,TTK,GradientBoosting,-0.132444601746331,-0.8654770607432007
P33981,TTK,GradientBoosting,-0.0713281428721015,0.04434523130928948
P33981,TTK,GradientBoosting,0.3100226792336648,0.23021895419612126
P33981,TTK,GradientBoosting,-0.1217455574296795,0.3018712748763673
P33981,TTK,GradientBoosting,-1.253933585506373,0.3870371113599939
P33981,TTK,GradientBoosting,-2.263866034091076,-0.6322345033062947
P33981,TTK,GradientBoosting,-2.8585318340583368,0.06506122248805336
P33981,TTK,GradientBoosting,-1.2189944357308111,0.0015642251847113706
P33981,TTK,GradientBoosting,-1.118566417469833,-0.3925195611031848
P33981,TTK,MLP,0.81962911290136,-0.02720305063923029
P33981,TTK,MLP,0.761756358100687,-0.02720305063923029
P33981,TTK,MLP,0.3924285639875703,-0.02349188155552629
P33981,TTK,MLP,1.6575739782642838,-0.02720305063923029
P33981,TTK,MLP,1.080021608013606,-0.02720305063923029
P33981,TTK,MLP,1.0292873137234764,-0.02720305063923029
P33981,TTK,MLP,1.0483255614615268,-0.02720305063923029
P33981,TTK,MLP,-0.3449200493193557,0.014942041974896198
P33981,TTK,MLP,-1.091176296949048,-0.01728058333711846
P33981,TTK,MLP,0.0714445545021858,-0.02720305063923029
P33981,TTK,MLP,-0.132444601746331,-0.02720305063923029
P33981,TTK,MLP,-0.0713281428721015,-0.02720305063923029
P33981,TTK,MLP,0.3100226792336648,-0.02720305063923029
P33981,TTK,MLP,-0.1217455574296795,-0.02720305063923029
P33981,TTK,MLP,-1.253933585506373,-0.02720305063923029
P33981,TTK,MLP,-2.263866034091076,-0.005965759431900596
P33981,TTK,MLP,-2.8585318340583368,-0.02720305063923029
P33981,TTK,MLP,-1.2189944357308111,-0.024268650339396555
P33981,TTK,MLP,-1.118566417469833,-0.011579654898342853
P42345,MTOR,RandomForest,-3.020252423369456,-1.0118296066926578
P42345,MTOR,RandomForest,1.6912572929669036,-1.036333698414408
P42345,MTOR,RandomForest,-0.7755745120315399,-0.3788160480769786
P42345,MTOR,RandomForest,0.3894191757932376,-1.5000646368360646
P42345,MTOR,RandomForest,0.4476644845151008,-0.4434792601321972
P42345,MTOR,RandomForest,2.6783010067800053,-0.21216856116569346
P42345,MTOR,RandomForest,-0.2065696220280271,-0.46838926067099446
P42345,MTOR,RandomForest,-0.7213975224489512,-0.9287438868954527
P42345,MTOR,RandomForest,-0.4863510301351794,-0.18516528163767376
P42345,MTOR,RandomForest,-3.2645421569758097,0.4374097371429385
P42345,MTOR,RandomForest,-3.1607155417794064,-0.37683284914862597
P42345,MTOR,RandomForest,0.0594626163603534,-1.1932099052467064
P42345,MTOR,RandomForest,-0.5258690398312647,-0.9323952663682732
P42345,MTOR,RandomForest,2.263211454976163,0.6578397402339405
P42345,MTOR,RandomForest,-1.3739809427829677,-1.1058150036934757
P42345,MTOR,RandomForest,-0.6209394573649237,-0.25260642463371963
P42345,MTOR,RandomForest,-0.9180680157701032,-0.07828728784865444
P42345,MTOR,RandomForest,0.6417882308610716,-2.894168201047411
P42345,MTOR,RandomForest,0.4508448752832473,-1.128391711923403
P42345,MTOR,XGBoost,-3.020252423369456,-0.602282702922821
P42345,MTOR,XGBoost,1.6912572929669036,-0.47804972529411316
P42345,MTOR,XGBoost,-0.7755745120315399,0.9729906320571899
P42345,MTOR,XGBoost,0.3894191757932376,-1.7834981679916382
P42345,MTOR,XGBoost,0.4476644845151008,-1.3318214416503906
P42345,MTOR,XGBoost,2.6783010067800053,0.5718013644218445
P42345,MTOR,XGBoost,-0.2065696220280271,-0.6489214897155762
P42345,MTOR,XGBoost,-0.7213975224489512,-0.8266807198524475
P42345,MTOR,XGBoost,-0.4863510301351794,1.0266624689102173
P42345,MTOR,XGBoost,-3.2645421569758097,2.0083463191986084
P42345,MTOR,XGBoost,-3.1607155417794064,1.0253969430923462
P42345,MTOR,XGBoost,0.0594626163603534,-0.4766329228878021
P42345,MTOR,XGBoost,-0.5258690398312647,-1.305580973625183
P42345,MTOR,XGBoost,2.263211454976163,2.4161384105682373
P42345,MTOR,XGBoost,-1.3739809427829677,-0.5266413688659668
P42345,MTOR,XGBoost,-0.6209394573649237,-0.2641119062900543
P42345,MTOR,XGBoost,-0.9180680157701032,-0.44190382957458496
P42345,MTOR,XGBoost,0.6417882308610716,-2.677177906036377
P42345,MTOR,XGBoost,0.4508448752832473,-0.7503403425216675
P42345,MTOR,PLS,-3.020252423369456,-2.149782938629996
P42345,MTOR,PLS,1.6912572929669036,-1.2894874791620201
P42345,MTOR,PLS,-0.7755745120315399,-1.5157436870637442
P42345,MTOR,PLS,0.3894191757932376,-0.9437066650880177
P42345,MTOR,PLS,0.4476644845151008,-0.9575981387550266
P42345,MTOR,PLS,2.6783010067800053,-1.0684757311059292
P42345,MTOR,PLS,-0.2065696220280271,-0.23681401061925544
P42345,MTOR,PLS,-0.7213975224489512,-0.6218459090640494
P42345,MTOR,PLS,-0.4863510301351794,-0.5161407342772113
P42345,MTOR,PLS,-3.2645421569758097,-0.5760075205162275
P42345,MTOR,PLS,-3.1607155417794064,-0.5884072620054889
P42345,MTOR,PLS,0.0594626163603534,-1.3265307816337144
P42345,MTOR,PLS,-0.5258690398312647,-0.35157323151207354
P42345,MTOR,PLS,2.263211454976163,-0.42241642131403767
P42345,MTOR,PLS,-1.3739809427829677,-0.9219065649542902
P42345,MTOR,PLS,-0.6209394573649237,0.07630611744066895
P42345,MTOR,PLS,-0.9180680157701032,0.49946796417094874
P42345,MTOR,PLS,0.6417882308610716,-2.0251060412679367
P42345,MTOR,PLS,0.4508448752832473,-1.1897968810988868
P42345,MTOR,SVR,-3.020252423369456,-1.7677470992082855
P42345,MTOR,SVR,1.6912572929669036,-1.1068155504809698
P42345,MTOR,SVR,-0.7755745120315399,-1.355412558718483
P42345,MTOR,SVR,0.3894191757932376,-0.9515500702179771
P42345,MTOR,SVR,0.4476644845151008,-0.9193718249002323
P42345,MTOR,SVR,2.6783010067800053,-1.0292329179328816
P42345,MTOR,SVR,-0.2065696220280271,-0.509302164974456
P42345,MTOR,SVR,-0.7213975224489512,-0.670739336155719
P42345,MTOR,SVR,-0.4863510301351794,-0.7047562561235949
P42345,MTOR,SVR,-3.2645421569758097,-0.8182494433738271
P42345,MTOR,SVR,-3.1607155417794064,-0.728301887665788
P42345,MTOR,SVR,0.0594626163603534,-1.1987279411686962
P42345,MTOR,SVR,-0.5258690398312647,-0.5529744290259444
P42345,MTOR,SVR,2.263211454976163,-0.6895299236423467
P42345,MTOR,SVR,-1.3739809427829677,-1.1023566950146486
P42345,MTOR,SVR,-0.6209394573649237,-0.17395181578375873
P42345,MTOR,SVR,-0.9180680157701032,0.17616633457962827
P42345,MTOR,SVR,0.6417882308610716,-1.487663259616916
P42345,MTOR,SVR,0.4508448752832473,-1.0063149686673003
P42345,MTOR,Lasso,-3.020252423369456,-1.7531750757698523
P42345,MTOR,Lasso,1.6912572929669036,-1.2069067611557682
P42345,MTOR,Lasso,-0.7755745120315399,-1.2937269521006995
P42345,MTOR,Lasso,0.3894191757932376,-0.9255479885012193
P42345,MTOR,Lasso,0.4476644845151008,-0.969994214237366
P42345,MTOR,Lasso,2.6783010067800053,-1.0198170935605877
P42345,MTOR,Lasso,-0.2065696220280271,-0.4358266388698472
P42345,MTOR,Lasso,-0.7213975224489512,-0.7584457497063182
P42345,MTOR,Lasso,-0.4863510301351794,-0.6234159749578314
P42345,MTOR,Lasso,-3.2645421569758097,-0.6275504649663651
P42345,MTOR,Lasso,-3.1607155417794064,-0.6860161537929194
P42345,MTOR,Lasso,0.0594626163603534,-1.1876732482376047
P42345,MTOR,Lasso,-0.5258690398312647,-0.5431847786617936
P42345,MTOR,Lasso,2.263211454976163,-0.5366447421426341
P42345,MTOR,Lasso,-1.3739809427829677,-0.84313716515923
P42345,MTOR,Lasso,-0.6209394573649237,-0.3011582011350562
P42345,MTOR,Lasso,-0.9180680157701032,-0.07332505446048976
P42345,MTOR,Lasso,0.6417882308610716,-1.7546317707919785
P42345,MTOR,Lasso,0.4508448752832473,-1.1623536645574117
P42345,MTOR,ElasticNet,-3.020252423369456,-1.8952123321796202
P42345,MTOR,ElasticNet,1.6912572929669036,-1.2325836212048293
P42345,MTOR,ElasticNet,-0.7755745120315399,-1.3788202587210159
P42345,MTOR,ElasticNet,0.3894191757932376,-0.9360414591883763
P42345,MTOR,ElasticNet,0.4476644845151008,-0.9643456861342504
P42345,MTOR,ElasticNet,2.6783010067800053,-1.0395759800116893
P42345,MTOR,ElasticNet,-0.2065696220280271,-0.37184563889520916
P42345,MTOR,ElasticNet,-0.7213975224489512,-0.7066539776309889
P42345,MTOR,ElasticNet,-0.4863510301351794,-0.5919823510663467
P42345,MTOR,ElasticNet,-3.2645421569758097,-0.6215943280021294
P42345,MTOR,ElasticNet,-3.1607155417794064,-0.6557955305636436
P42345,MTOR,ElasticNet,0.0594626163603534,-1.2400968555546528
P42345,MTOR,ElasticNet,-0.5258690398312647,-0.47725257593063997
P42345,MTOR,ElasticNet,2.263211454976163,-0.5065401737651064
P42345,MTOR,ElasticNet,-1.3739809427829677,-0.8861377051667341
P42345,MTOR,ElasticNet,-0.6209394573649237,-0.1622132213546701
P42345,MTOR,ElasticNet,-0.9180680157701032,0.14330794841232652
P42345,MTOR,ElasticNet,0.6417882308610716,-1.8382314977943606
P42345,MTOR,ElasticNet,0.4508448752832473,-1.1650507476620116
P42345,MTOR,GradientBoosting,-3.020252423369456,-1.079760020150298
P42345,MTOR,GradientBoosting,1.6912572929669036,-1.2560826059086623
P42345,MTOR,GradientBoosting,-0.7755745120315399,0.38850629920718577
P42345,MTOR,GradientBoosting,0.3894191757932376,-1.3560249730440235
P42345,MTOR,GradientBoosting,0.4476644845151008,0.2871452276700166
P42345,MTOR,GradientBoosting,2.6783010067800053,-0.4372247418301199
P42345,MTOR,GradientBoosting,-0.2065696220280271,-0.5169396861280698
P42345,MTOR,GradientBoosting,-0.7213975224489512,-0.9739095479920294
P42345,MTOR,GradientBoosting,-0.4863510301351794,-0.34480307642516966
P42345,MTOR,GradientBoosting,-3.2645421569758097,1.4702625950583823
P42345,MTOR,GradientBoosting,-3.1607155417794064,0.16470588150160534
P42345,MTOR,GradientBoosting,0.0594626163603534,-0.2558762898239791
P42345,MTOR,GradientBoosting,-0.5258690398312647,-0.7523668368100845
P42345,MTOR,GradientBoosting,2.263211454976163,1.2612344524641474
P42345,MTOR,GradientBoosting,-1.3739809427829677,-0.999249290762847
P42345,MTOR,GradientBoosting,-0.6209394573649237,0.6149925506934981
P42345,MTOR,GradientBoosting,-0.9180680157701032,1.2652417190536691
P42345,MTOR,GradientBoosting,0.6417882308610716,-2.851548452362672
P42345,MTOR,GradientBoosting,0.4508448752832473,-1.049534592604335
P42345,MTOR,MLP,-3.020252423369456,-0.9596238753185644
P42345,MTOR,MLP,1.6912572929669036,-0.9596238753185644
P42345,MTOR,MLP,-0.7755745120315399,-0.9596238753185644
P42345,MTOR,MLP,0.3894191757932376,-0.9596238753185644
P42345,MTOR,MLP,0.4476644845151008,-0.9596238753185644
P42345,MTOR,MLP,2.6783010067800053,-0.9596238753185644
P42345,MTOR,MLP,-0.2065696220280271,0.19571628480524894
P42345,MTOR,MLP,-0.7213975224489512,-0.9596238753185644
P42345,MTOR,MLP,-0.4863510301351794,-0.4138135506516394
P42345,MTOR,MLP,-3.2645421569758097,-0.048560668683696795
P42345,MTOR,MLP,-3.1607155417794064,-0.8900866525315968
P42345,MTOR,MLP,0.0594626163603534,-0.9596238753185644
P42345,MTOR,MLP,-0.5258690398312647,-1.258381657420638
P42345,MTOR,MLP,2.263211454976163,0.0835797374048255
P42345,MTOR,MLP,-1.3739809427829677,-0.9596238753185644
P42345,MTOR,MLP,-0.6209394573649237,-1.8834772600251137
P42345,MTOR,MLP,-0.9180680157701032,-3.36745241522485
P42345,MTOR,MLP,0.6417882308610716,-0.9596238753185644
P42345,MTOR,MLP,0.4508448752832473,-0.9596238753185644
P49759,CLK1,RandomForest,0.3755660082159823,0.42061215213947156
P49759,CLK1,RandomForest,1.8797301198062613,0.011761924316319759
P49759,CLK1,RandomForest,-0.2848081563812234,0.7052595540174622
P49759,CLK1,RandomForest,0.9483832510202574,1.1107705229607259
P49759,CLK1,RandomForest,-0.3960447828001573,0.5636122561837221
P49759,CLK1,RandomForest,1.553211506558212,0.4525363368626294
P49759,CLK1,RandomForest,1.346774730316043,0.9083870616692153
P49759,CLK1,RandomForest,2.281500104312129,1.3736640118776966
P49759,CLK1,RandomForest,1.586385769863903,1.0326335270788256
P49759,CLK1,RandomForest,0.7684942099271883,1.1937405725862182
P49759,CLK1,RandomForest,2.603900146477096,1.2682484725596457
P49759,CLK1,RandomForest,0.0674370978080259,-0.06469430487055215
P49759,CLK1,RandomForest,0.7397638834086021,1.2218111401305098
P49759,CLK1,RandomForest,0.6033391714146423,1.0443653679480642
P49759,CLK1,RandomForest,0.9154780834156002,1.8161525198402486
P49759,CLK1,RandomForest,1.8613591391386808,1.1129197983296144
P49759,CLK1,RandomForest,2.1995074467826283,1.9274874024893478
P49759,CLK1,RandomForest,1.215518594196211,0.16993753706404313
P49759,CLK1,RandomForest,1.2476077309081135,1.6712834824268281
P49759,CLK1,XGBoost,0.3755660082159823,0.82448810338974
P49759,CLK1,XGBoost,1.8797301198062613,-0.20919036865234375
P49759,CLK1,XGBoost,-0.2848081563812234,1.047070026397705
P49759,CLK1,XGBoost,0.9483832510202574,1.7285432815551758
P49759,CLK1,XGBoost,-0.3960447828001573,-1.4398573637008667
P49759,CLK1,XGBoost,1.553211506558212,0.2741025388240814
P49759,CLK1,XGBoost,1.346774730316043,0.8267731666564941
P49759,CLK1,XGBoost,2.281500104312129,1.9537944793701172
P49759,CLK1,XGBoost,1.586385769863903,0.9519295692443848
P49759,CLK1,XGBoost,0.7684942099271883,1.0702698230743408
P49759,CLK1,XGBoost,2.603900146477096,1.0521903038024902
P49759,CLK1,XGBoost,0.0674370978080259,-0.2796393930912018
P49759,CLK1,XGBoost,0.7397638834086021,2.464045524597168
P49759,CLK1,XGBoost,0.6033391714146423,-0.34009867906570435
P49759,CLK1,XGBoost,0.9154780834156002,2.226607084274292
P49759,CLK1,XGBoost,1.8613591391386808,1.5757644176483154
P49759,CLK1,XGBoost,2.1995074467826283,2.215815305709839
P49759,CLK1,XGBoost,1.215518594196211,-0.10037330538034439
P49759,CLK1,XGBoost,1.2476077309081135,1.7885533571243286
P49759,CLK1,PLS,0.3755660082159823,0.3065558068844763
P49759,CLK1,PLS,1.8797301198062613,0.38085679268846184
P49759,CLK1,PLS,-0.2848081563812234,0.2404966260470125
P49759,CLK1,PLS,0.9483832510202574,0.8823157014871786
P49759,CLK1,PLS,-0.3960447828001573,0.620265516726746
P49759,CLK1,PLS,1.553211506558212,0.7634449781018425
P49759,CLK1,PLS,1.346774730316043,1.6039452941568584
P49759,CLK1,PLS,2.281500104312129,1.1960351776239844
P49759,CLK1,PLS,1.586385769863903,0.9738296925227417
P49759,CLK1,PLS,0.7684942099271883,1.6015722983558103
P49759,CLK1,PLS,2.603900146477096,1.3881436482076035
P49759,CLK1,PLS,0.0674370978080259,-0.5207680705570367
P49759,CLK1,PLS,0.7397638834086021,1.2167429227026234
P49759,CLK1,PLS,0.6033391714146423,0.6002974932703229
P49759,CLK1,PLS,0.9154780834156002,1.149552998753772
P49759,CLK1,PLS,1.8613591391386808,0.8757781762868905
P49759,CLK1,PLS,2.1995074467826283,1.2260608799399746
P49759,CLK1,PLS,1.215518594196211,0.4160137561459848
P49759,CLK1,PLS,1.2476077309081135,1.5226654124280499
P49759,CLK1,SVR,0.3755660082159823,0.48774624778174036
P49759,CLK1,SVR,1.8797301198062613,0.39694815285042806
P49759,CLK1,SVR,-0.2848081563812234,0.21227202176573046
P49759,CLK1,SVR,0.9483832510202574,0.8458765338431495
P49759,CLK1,SVR,-0.3960447828001573,0.40433119590812827
P49759,CLK1,SVR,1.553211506558212,0.6557612155021105
P49759,CLK1,SVR,1.346774730316043,1.2929569757454664
P49759,CLK1,SVR,2.281500104312129,1.0064040712187794
P49759,CLK1,SVR,1.586385769863903,0.8461192927731697
P49759,CLK1,SVR,0.7684942099271883,1.2953238487368024
P49759,CLK1,SVR,2.603900146477096,1.2465409230121804
P49759,CLK1,SVR,0.0674370978080259,-0.05255866421750499
P49759,CLK1,SVR,0.7397638834086021,1.2518477494658748
P49759,CLK1,SVR,0.6033391714146423,0.527787607675949
P49759,CLK1,SVR,0.9154780834156002,1.0278799192141337
P49759,CLK1,SVR,1.8613591391386808,0.6855807987976054
P49759,CLK1,SVR,2.1995074467826283,1.0758846586989352
P49759,CLK1,SVR,1.215518594196211,0.5221336233493922
P49759,CLK1,SVR,1.2476077309081135,1.3765137742049496
P49759,CLK1,Lasso,0.3755660082159823,0.41436385799864967
P49759,CLK1,Lasso,1.8797301198062613,0.468687467944081
P49759,CLK1,Lasso,-0.2848081563812234,0.29066780242749446
P49759,CLK1,Lasso,0.9483832510202574,0.806946706113512
P49759,CLK1,Lasso,-0.3960447828001573,0.7280772312791703
P49759,CLK1,Lasso,1.553211506558212,0.7344765109972307
P49759,CLK1,Lasso,1.346774730316043,1.3372606918947114
P49759,CLK1,Lasso,2.281500104312129,0.9984373032462494
P49759,CLK1,Lasso,1.586385769863903,0.938370051694037
P49759,CLK1,Lasso,0.7684942099271883,1.3635674961461033
P49759,CLK1,Lasso,2.603900146477096,1.149538361465095
P49759,CLK1,Lasso,0.0674370978080259,-0.3958608422484605
P49759,CLK1,Lasso,0.7397638834086021,0.97277274881922
P49759,CLK1,Lasso,0.6033391714146423,0.6602299253732277
P49759,CLK1,Lasso,0.9154780834156002,1.0907690833522001
P49759,CLK1,Lasso,1.8613591391386808,0.911587613815741
P49759,CLK1,Lasso,2.1995074467826283,1.0787596148297918
P49759,CLK1,Lasso,1.215518594196211,0.40401673292973517
P49759,CLK1,Lasso,1.2476077309081135,1.3521897773457257
P49759,CLK1,ElasticNet,0.3755660082159823,0.39586377540881834
P49759,CLK1,ElasticNet,1.8797301198062613,0.45152032234966627
P49759,CLK1,ElasticNet,-0.2848081563812234,0.2615353433770904
P49759,CLK1,ElasticNet,0.9483832510202574,0.8137516638027145
P49759,CLK1,ElasticNet,-0.3960447828001573,0.7242468501200826
P49759,CLK1,ElasticNet,1.553211506558212,0.7347036060935739
P49759,CLK1,ElasticNet,1.346774730316043,1.3777474314361018
P49759,CLK1,ElasticNet,2.281500104312129,1.0173263484479877
P49759,CLK1,ElasticNet,1.586385769863903,0.9519138991197104
P49759,CLK1,ElasticNet,0.7684942099271883,1.4054639765719081
P49759,CLK1,ElasticNet,2.603900146477096,1.179787861354896
P49759,CLK1,ElasticNet,0.0674370978080259,-0.46393954285030525
P49759,CLK1,ElasticNet,0.7397638834086021,0.9941038243525858
P49759,CLK1,ElasticNet,0.6033391714146423,0.6548029448394961
P49759,CLK1,ElasticNet,0.9154780834156002,1.1148560384829684
P49759,CLK1,ElasticNet,1.8613591391386808,0.9213665765173071
P49759,CLK1,ElasticNet,2.1995074467826283,1.1028729179558383
P49759,CLK1,ElasticNet,1.215518594196211,0.3853788967043001
P49759,CLK1,ElasticNet,1.2476077309081135,1.3948468249468189
P49759,CLK1,GradientBoosting,0.3755660082159823,0.4981437217819563
P49759,CLK1,GradientBoosting,1.8797301198062613,0.06117845989781632
P49759,CLK1,GradientBoosting,-0.2848081563812234,0.7544793808811225
P49759,CLK1,GradientBoosting,0.9483832510202574,1.4392619722324846
P49759,CLK1,GradientBoosting,-0.3960447828001573,0.4161022686239381
P49759,CLK1,GradientBoosting,1.553211506558212,0.4376700481191566
P49759,CLK1,GradientBoosting,1.346774730316043,1.2764118661709896
P49759,CLK1,GradientBoosting,2.281500104312129,1.5849706149029026
P49759,CLK1,GradientBoosting,1.586385769863903,0.7656348294019487
P49759,CLK1,GradientBoosting,0.7684942099271883,1.5252833845079266
P49759,CLK1,GradientBoosting,2.603900146477096,1.0593549551306758
P49759,CLK1,GradientBoosting,0.0674370978080259,-0.7118196997546387
P49759,CLK1,GradientBoosting,0.7397638834086021,1.9435609146683275
P49759,CLK1,GradientBoosting,0.6033391714146423,1.1935969068048184
P49759,CLK1,GradientBoosting,0.9154780834156002,1.8056503538527764
P49759,CLK1,GradientBoosting,1.8613591391386808,1.074103607932821
P49759,CLK1,GradientBoosting,2.1995074467826283,2.0386187424266
P49759,CLK1,GradientBoosting,1.215518594196211,0.3865615765831407
P49759,CLK1,GradientBoosting,1.2476077309081135,1.7868608785755482
P49759,CLK1,MLP,0.3755660082159823,0.2077270403070297
P49759,CLK1,MLP,1.8797301198062613,0.2077270403070297
P49759,CLK1,MLP,-0.2848081563812234,0.2077270403070297
P49759,CLK1,MLP,0.9483832510202574,0.5447967455760584
P49759,CLK1,MLP,-0.3960447828001573,0.2077270403070297
P49759,CLK1,MLP,1.553211506558212,0.2077270403070297
P49759,CLK1,MLP,1.346774730316043,1.1635165176999172
P49759,CLK1,MLP,2.281500104312129,0.5553934191449506
P49759,CLK1,MLP,1.586385769863903,0.7069765698611677
P49759,CLK1,MLP,0.7684942099271883,1.2745601465766934
P49759,CLK1,MLP,2.603900146477096,1.1439799038083729
P49759,CLK1,MLP,0.0674370978080259,0.2077270403070297
P49759,CLK1,MLP,0.7397638834086021,1.152217304600581
P49759,CLK1,MLP,0.6033391714146423,0.2077270403070297
P49759,CLK1,MLP,0.9154780834156002,1.169409268194819
P49759,CLK1,MLP,1.8613591391386808,0.48114729110918086
P49759,CLK1,MLP,2.1995074467826283,0.9844397029729698
P49759,CLK1,MLP,1.215518594196211,0.2077270403070297
P49759,CLK1,MLP,1.2476077309081135,1.7635242335111216
P49761,CLK3,RandomForest,0.8200542932357383,-0.55973275913167
P49761,CLK3,RandomForest,-0.5007975984630565,-0.05107827321536082
P49761,CLK3,RandomForest,-0.3111689275887394,-0.19404405444976736
P49761,CLK3,RandomForest,0.0034033167789765,0.36765760480657556
P49761,CLK3,RandomForest,2.108651877985757,0.3963665906929495
P49761,CLK3,RandomForest,-0.6838088587720507,0.907798389851663
P49761,CLK3,RandomForest,0.0065908055858839,-0.28127753583568177
P49761,CLK3,RandomForest,-0.8456168567288067,0.3090039723038594
P49761,CLK3,RandomForest,0.4697493177358235,0.14946147059984446
P49761,CLK3,RandomForest,-0.515252097166813,-0.4053044819427767
P49761,CLK3,RandomForest,0.8151748390535575,-0.35277103608389204
P49761,CLK3,RandomForest,-1.6691410287432198,0.2490748491677992
P49761,CLK3,RandomForest,0.9933583691941328,0.1584451847011735
P49761,CLK3,RandomForest,-0.448564722934414,0.09526000986872858
P49761,CLK3,RandomForest,-0.3890179252027138,-0.6729296390110485
P49761,CLK3,RandomForest,1.4015547882719426,0.521882646323318
P49761,CLK3,RandomForest,-0.2743588491156466,0.04056464012860456
P49761,CLK3,RandomForest,0.0522610079880688,-0.14203090754213069
P49761,CLK3,RandomForest,0.1378132326180041,0.8381970715279162
P49761,CLK3,XGBoost,0.8200542932357383,-0.9026074409484863
P49761,CLK3,XGBoost,-0.5007975984630565,-0.2184409499168396
P49761,CLK3,XGBoost,-0.3111689275887394,-0.07392384111881256
P49761,CLK3,XGBoost,0.0034033167789765,0.43467092514038086
P49761,CLK3,XGBoost,2.108651877985757,-0.2514246106147766
P49761,CLK3,XGBoost,-0.6838088587720507,0.8612425327301025
P49761,CLK3,XGBoost,0.0065908055858839,-0.33605191111564636
P49761,CLK3,XGBoost,-0.8456168567288067,0.21018540859222412
P49761,CLK3,XGBoost,0.4697493177358235,0.26945561170578003
P49761,CLK3,XGBoost,-0.515252097166813,-0.29581743478775024
P49761,CLK3,XGBoost,0.8151748390535575,-0.5701569318771362
P49761,CLK3,XGBoost,-1.6691410287432198,-0.09728645533323288
P49761,CLK3,XGBoost,0.9933583691941328,0.504077136516571
P49761,CLK3,XGBoost,-0.448564722934414,0.16646808385849
P49761,CLK3,XGBoost,-0.3890179252027138,-0.8169574737548828
P49761,CLK3,XGBoost,1.4015547882719426,0.8039307594299316
P49761,CLK3,XGBoost,-0.2743588491156466,-0.8410578966140747
P49761,CLK3,XGBoost,0.0522610079880688,-1.0621092319488525
P49761,CLK3,XGBoost,0.1378132326180041,1.4450243711471558
P49761,CLK3,PLS,0.8200542932357383,-0.43966872058145673
P49761,CLK3,PLS,-0.5007975984630565,-0.3792273560088925
P49761,CLK3,PLS,-0.3111689275887394,-0.0029024969150760888
P49761,CLK3,PLS,0.0034033167789765,0.16605880954164914
P49761,CLK3,PLS,2.108651877985757,0.11292733422457656
P49761,CLK3,PLS,-0.6838088587720507,0.4126605067162889
P49761,CLK3,PLS,0.0065908055858839,-0.4960771859859866
P49761,CLK3,PLS,-0.8456168567288067,0.2963943562813355
P49761,CLK3,PLS,0.4697493177358235,0.29695661207684665
P49761,CLK3,PLS,-0.515252097166813,-0.5282851115980155
P49761,CLK3,PLS,0.8151748390535575,0.2646648917759707
P49761,CLK3,PLS,-1.6691410287432198,-0.009468739010371152
P49761,CLK3,PLS,0.9933583691941328,-0.031160053848937587
P49761,CLK3,PLS,-0.448564722934414,-0.02697598772615585
P49761,CLK3,PLS,-0.3890179252027138,-0.6961297190303848
P49761,CLK3,PLS,1.4015547882719426,0.565705161328097
P49761,CLK3,PLS,-0.2743588491156466,0.33131434849714975
P49761,CLK3,PLS,0.0522610079880688,-0.044891461571831257
P49761,CLK3,PLS,0.1378132326180041,0.706568271393392
P49761,CLK3,SVR,0.8200542932357383,-0.6640392203030518
P49761,CLK3,SVR,-0.5007975984630565,-0.5225518978931863
P49761,CLK3,SVR,-0.3111689275887394,-0.07357315797039785
P49761,CLK3,SVR,0.0034033167789765,0.04941308540383843
P49761,CLK3,SVR,2.108651877985757,-0.32411174473930615
P49761,CLK3,SVR,-0.6838088587720507,0.14083675065369505
P49761,CLK3,SVR,0.0065908055858839,-0.5700716205380353
P49761,CLK3,SVR,-0.8456168567288067,0.1403551644689155
P49761,CLK3,SVR,0.4697493177358235,0.25407218466748427
P49761,CLK3,SVR,-0.515252097166813,-0.7115046176150213
P49761,CLK3,SVR,0.8151748390535575,0.08679394163401999
P49761,CLK3,SVR,-1.6691410287432198,0.034775167347924796
P49761,CLK3,SVR,0.9933583691941328,-0.16082145304825413
P49761,CLK3,SVR,-0.448564722934414,-0.3331987118287374
P49761,CLK3,SVR,-0.3890179252027138,-0.6581251470299685
P49761,CLK3,SVR,1.4015547882719426,0.3521559662355913
P49761,CLK3,SVR,-0.2743588491156466,0.18248718963955168
P49761,CLK3,SVR,0.0522610079880688,-0.32169663167099527
P49761,CLK3,SVR,0.1378132326180041,0.5193064460931683
P49761,CLK3,Lasso,0.8200542932357383,-0.40514193496884554
P49761,CLK3,Lasso,-0.5007975984630565,-0.23388469491468747
P49761,CLK3,Lasso,-0.3111689275887394,-0.009731619666124305
P49761,CLK3,Lasso,0.0034033167789765,0.08977744629809664
P49761,CLK3,Lasso,2.108651877985757,-0.03487779274617968
P49761,CLK3,Lasso,-0.6838088587720507,0.2064229453487491
P49761,CLK3,Lasso,0.0065908055858839,-0.29040882796906775
P49761,CLK3,Lasso,-0.8456168567288067,0.17604395904955042
P49761,CLK3,Lasso,0.4697493177358235,0.2430677744138237
P49761,CLK3,Lasso,-0.515252097166813,-0.31901649961460155
P49761,CLK3,Lasso,0.8151748390535575,0.16270753151179632
P49761,CLK3,Lasso,-1.6691410287432198,0.03025145586766833
P49761,CLK3,Lasso,0.9933583691941328,0.0986920025198042
P49761,CLK3,Lasso,-0.448564722934414,-0.07354350801134732
P49761,CLK3,Lasso,-0.3890179252027138,-0.33545420486788197
P49761,CLK3,Lasso,1.4015547882719426,0.29384636326712005
P49761,CLK3,Lasso,-0.2743588491156466,0.20033186015490978
P49761,CLK3,Lasso,0.0522610079880688,-0.1980015494265122
P49761,CLK3,Lasso,0.1378132326180041,0.23867016620492998
P49761,CLK3,ElasticNet,0.8200542932357383,-0.42349765904312603
P49761,CLK3,ElasticNet,-0.5007975984630565,-0.29424880553938804
P49761,CLK3,ElasticNet,-0.3111689275887394,-0.002818154225911161
P49761,CLK3,ElasticNet,0.0034033167789765,0.12333553369514876
P49761,CLK3,ElasticNet,2.108651877985757,0.01203367077569939
P49761,CLK3,ElasticNet,-0.6838088587720507,0.28626595327426807
P49761,CLK3,ElasticNet,0.0065908055858839,-0.3723979241744559
P49761,CLK3,ElasticNet,-0.8456168567288067,0.22599195527498422
P49761,CLK3,ElasticNet,0.4697493177358235,0.271121325387079
P49761,CLK3,ElasticNet,-0.515252097166813,-0.4081212368766989
P49761,CLK3,ElasticNet,0.8151748390535575,0.20385867875391017
P49761,CLK3,ElasticNet,-1.6691410287432198,0.023657628910932288
P49761,CLK3,ElasticNet,0.9933583691941328,0.04560173278437869
P49761,CLK3,ElasticNet,-0.448564722934414,-0.062161612041379266
P49761,CLK3,ElasticNet,-0.3890179252027138,-0.47636916748024954
P49761,CLK3,ElasticNet,1.4015547882719426,0.40408096422771517
P49761,CLK3,ElasticNet,-0.2743588491156466,0.25509294593689674
P49761,CLK3,ElasticNet,0.0522610079880688,-0.1407102594142831
P49761,CLK3,ElasticNet,0.1378132326180041,0.4320081033995826
P49761,CLK3,GradientBoosting,0.8200542932357383,-0.8855059265927517
P49761,CLK3,GradientBoosting,-0.5007975984630565,0.06603344374122878
P49761,CLK3,GradientBoosting,-0.3111689275887394,-0.39383516711153976
P49761,CLK3,GradientBoosting,0.0034033167789765,0.027824246414953874
P49761,CLK3,GradientBoosting,2.108651877985757,1.344516041110353
P49761,CLK3,GradientBoosting,-0.6838088587720507,1.0892362357470269
P49761,CLK3,GradientBoosting,0.0065908055858839,-0.42243848165024606
P49761,CLK3,GradientBoosting,-0.8456168567288067,0.24195855438732572
P49761,CLK3,GradientBoosting,0.4697493177358235,-0.31828670054210123
P49761,CLK3,GradientBoosting,-0.515252097166813,-0.5990193712773813
P49761,CLK3,GradientBoosting,0.8151748390535575,0.13741515617191344
P49761,CLK3,GradientBoosting,-1.6691410287432198,0.32151369859882856
P49761,CLK3,GradientBoosting,0.9933583691941328,0.2654775849025298
P49761,CLK3,GradientBoosting,-0.448564722934414,0.3926048671868565
P49761,CLK3,GradientBoosting,-0.3890179252027138,-0.7246662845699211
P49761,CLK3,GradientBoosting,1.4015547882719426,1.1305203102363854
P49761,CLK3,GradientBoosting,-0.2743588491156466,0.18990633127663434
P49761,CLK3,GradientBoosting,0.0522610079880688,0.5632631475143154
P49761,CLK3,GradientBoosting,0.1378132326180041,2.1306249113013442
P49761,CLK3,MLP,0.8200542932357383,-0.7040273881269801
P49761,CLK3,MLP,-0.5007975984630565,-0.25963330668543516
P49761,CLK3,MLP,-0.3111689275887394,0.06748367502433567
P49761,CLK3,MLP,0.0034033167789765,0.06748367502433567
P49761,CLK3,MLP,2.108651877985757,-0.22397932935348197
P49761,CLK3,MLP,-0.6838088587720507,0.06748367502433567
P49761,CLK3,MLP,0.0065908055858839,-0.29478756520089683
P49761,CLK3,MLP,-0.8456168567288067,0.06748367502433567
P49761,CLK3,MLP,0.4697493177358235,0.06748367502433567
P49761,CLK3,MLP,-0.515252097166813,-0.5092371581787007
P49761,CLK3,MLP,0.8151748390535575,0.06748367502433567
P49761,CLK3,MLP,-1.6691410287432198,0.06748367502433567
P49761,CLK3,MLP,0.9933583691941328,0.014328761290693534
P49761,CLK3,MLP,-0.448564722934414,-0.12829521681918757
P49761,CLK3,MLP,-0.3890179252027138,-0.250066211157874
P49761,CLK3,MLP,1.4015547882719426,0.06748367502433567
P49761,CLK3,MLP,-0.2743588491156466,0.06748367502433567
P49761,CLK3,MLP,0.0522610079880688,-0.36464676047043604
P49761,CLK3,MLP,0.1378132326180041,0.06748367502433567
P49841,GSK3B,RandomForest,1.778995898930291,0.27418545446647824
P49841,GSK3B,RandomForest,0.5576600227569262,0.3424593435736584
P49841,GSK3B,RandomForest,0.6686350685931501,0.28305140707960164
P49841,GSK3B,RandomForest,-0.3958010663036472,0.6745181902797451
P49841,GSK3B,RandomForest,0.0445857004104996,0.13020394261774515
P49841,GSK3B,RandomForest,0.3898861053829631,0.016463805420252012
P49841,GSK3B,RandomForest,-0.3833700557149962,0.5672052254840069
P49841,GSK3B,RandomForest,0.0128830185055009,0.43392172961245284
P49841,GSK3B,RandomForest,-0.1357919354415361,0.09513037681091603
P49841,GSK3B,RandomForest,-1.510967670614915,0.10097171508524332
P49841,GSK3B,RandomForest,-0.8565775361305872,0.14327735299122357
P49841,GSK3B,RandomForest,1.602494617819409,0.4892431607428517
P49841,GSK3B,RandomForest,0.2426228969868603,0.1772276175277909
P49841,GSK3B,RandomForest,0.29356077832974,0.5589708596963918
P49841,GSK3B,RandomForest,0.5602067162014106,0.16262029118490173
P49841,GSK3B,RandomForest,-1.0026546975967412,0.16289301876083187
P49841,GSK3B,RandomForest,-0.5153661043647565,0.2754992288635874
P49841,GSK3B,RandomForest,0.588785760264543,0.31404192853437946
P49841,GSK3B,RandomForest,1.4077448961731798,0.6089884513642824
P49841,GSK3B,XGBoost,1.778995898930291,0.9741490483283997
P49841,GSK3B,XGBoost,0.5576600227569262,0.607026994228363
P49841,GSK3B,XGBoost,0.6686350685931501,0.5701876878738403
P49841,GSK3B,XGBoost,-0.3958010663036472,0.9540993571281433
P49841,GSK3B,XGBoost,0.0445857004104996,0.42060744762420654
P49841,GSK3B,XGBoost,0.3898861053829631,-0.014702546410262585
P49841,GSK3B,XGBoost,-0.3833700557149962,0.4761046767234802
P49841,GSK3B,XGBoost,0.0128830185055009,-0.4839826226234436
P49841,GSK3B,XGBoost,-0.1357919354415361,-0.18467684090137482
P49841,GSK3B,XGBoost,-1.510967670614915,-0.14788545668125153
P49841,GSK3B,XGBoost,-0.8565775361305872,0.0006745310383848846
P49841,GSK3B,XGBoost,1.602494617819409,0.1087888851761818
P49841,GSK3B,XGBoost,0.2426228969868603,0.0006745310383848846
P49841,GSK3B,XGBoost,0.29356077832974,0.6409811973571777
P49841,GSK3B,XGBoost,0.5602067162014106,0.128020241856575
P49841,GSK3B,XGBoost,-1.0026546975967412,0.31578904390335083
P49841,GSK3B,XGBoost,-0.5153661043647565,-0.3110271096229553
P49841,GSK3B,XGBoost,0.588785760264543,-0.08383452147245407
P49841,GSK3B,XGBoost,1.4077448961731798,0.48127031326293945
P49841,GSK3B,PLS,1.778995898930291,0.2299764954998982
P49841,GSK3B,PLS,0.5576600227569262,0.43889217900756405
P49841,GSK3B,PLS,0.6686350685931501,0.5305134329949903
P49841,GSK3B,PLS,-0.3958010663036472,0.2613571854015025
P49841,GSK3B,PLS,0.0445857004104996,0.26612595071148043
P49841,GSK3B,PLS,0.3898861053829631,0.37737825599486563
P49841,GSK3B,PLS,-0.3833700557149962,0.7813353059403862
P49841,GSK3B,PLS,0.0128830185055009,0.23633189592690568
P49841,GSK3B,PLS,-0.1357919354415361,0.016512694009700124
P49841,GSK3B,PLS,-1.510967670614915,0.18213956695494693
P49841,GSK3B,PLS,-0.8565775361305872,0.027278347943858
P49841,GSK3B,PLS,1.602494617819409,0.58538762807402
P49841,GSK3B,PLS,0.2426228969868603,-0.05203983939019485
P49841,GSK3B,PLS,0.29356077832974,0.22590765109344144
P49841,GSK3B,PLS,0.5602067162014106,0.21503770014015133
P49841,GSK3B,PLS,-1.0026546975967412,0.38233324384881856
P49841,GSK3B,PLS,-0.5153661043647565,0.2622527784518442
P49841,GSK3B,PLS,0.588785760264543,0.476933576777176
P49841,GSK3B,PLS,1.4077448961731798,0.32640502822402745
P49841,GSK3B,SVR,1.778995898930291,0.42525150925335164
P49841,GSK3B,SVR,0.5576600227569262,-0.12581877581695824
P49841,GSK3B,SVR,0.6686350685931501,0.13673616117507134
P49841,GSK3B,SVR,-0.3958010663036472,0.13556575716442187
P49841,GSK3B,SVR,0.0445857004104996,-0.04504201754141565
P49841,GSK3B,SVR,0.3898861053829631,-0.13637861505787943
P49841,GSK3B,SVR,-0.3833700557149962,0.38831652482702406
P49841,GSK3B,SVR,0.0128830185055009,-0.046090897884946774
P49841,GSK3B,SVR,-0.1357919354415361,0.8562169919264718
P49841,GSK3B,SVR,-1.510967670614915,0.04208522319924085
P49841,GSK3B,SVR,-0.8565775361305872,0.6376957213804691
P49841,GSK3B,SVR,1.602494617819409,0.06304632789397699
P49841,GSK3B,SVR,0.2426228969868603,0.7840001432147371
P49841,GSK3B,SVR,0.29356077832974,0.20308509300762323
P49841,GSK3B,SVR,0.5602067162014106,0.20773514606337656
P49841,GSK3B,SVR,-1.0026546975967412,0.6073333520833285
P49841,GSK3B,SVR,-0.5153661043647565,0.8001752734297178
P49841,GSK3B,SVR,0.588785760264543,0.011593502412844542
P49841,GSK3B,SVR,1.4077448961731798,-0.023055350544371273
P49841,GSK3B,Lasso,1.778995898930291,0.2508713093581917
P49841,GSK3B,Lasso,0.5576600227569262,0.31503042566426553
P49841,GSK3B,Lasso,0.6686350685931501,0.35191933439504913
P49841,GSK3B,Lasso,-0.3958010663036472,0.24823726500010163
P49841,GSK3B,Lasso,0.0445857004104996,0.20868656509208897
P49841,GSK3B,Lasso,0.3898861053829631,0.24514942913537166
P49841,GSK3B,Lasso,-0.3833700557149962,0.49544131928796453
P49841,GSK3B,Lasso,0.0128830185055009,0.24753601058099944
P49841,GSK3B,Lasso,-0.1357919354415361,0.2500754474853765
P49841,GSK3B,Lasso,-1.510967670614915,0.2485615741249155
P49841,GSK3B,Lasso,-0.8565775361305872,0.24356348595406516
P49841,GSK3B,Lasso,1.602494617819409,0.36426880859287447
P49841,GSK3B,Lasso,0.2426228969868603,0.2437211071219667
P49841,GSK3B,Lasso,0.29356077832974,0.245730646527425
P49841,GSK3B,Lasso,0.5602067162014106,0.24897889467614023
P49841,GSK3B,Lasso,-1.0026546975967412,0.34647538025588803
P49841,GSK3B,Lasso,-0.5153661043647565,0.3787919670809239
P49841,GSK3B,Lasso,0.588785760264543,0.3192524705081473
P49841,GSK3B,Lasso,1.4077448961731798,0.25156772279598927
P49841,GSK3B,ElasticNet,1.778995898930291,0.23518263212731186
P49841,GSK3B,ElasticNet,0.5576600227569262,0.36197639094484146
P49841,GSK3B,ElasticNet,0.6686350685931501,0.4224017885248402
P49841,GSK3B,ElasticNet,-0.3958010663036472,0.24904418172691561
P49841,GSK3B,ElasticNet,0.0445857004104996,0.231616537232479
P49841,GSK3B,ElasticNet,0.3898861053829631,0.28876879604283273
P49841,GSK3B,ElasticNet,-0.3833700557149962,0.6133739148446623
P49841,GSK3B,ElasticNet,0.0128830185055009,0.24422409586672192
P49841,GSK3B,ElasticNet,-0.1357919354415361,0.14189288609902462
P49841,GSK3B,ElasticNet,-1.510967670614915,0.22223235219279971
P49841,GSK3B,ElasticNet,-0.8565775361305872,0.1316880321186977
P49841,GSK3B,ElasticNet,1.602494617819409,0.46518836103228167
P49841,GSK3B,ElasticNet,0.2426228969868603,0.09867183157776918
P49841,GSK3B,ElasticNet,0.29356077832974,0.22555522777098616
P49841,GSK3B,ElasticNet,0.5602067162014106,0.23368448322745283
P49841,GSK3B,ElasticNet,-1.0026546975967412,0.35961253119676306
P49841,GSK3B,ElasticNet,-0.5153661043647565,0.3168670749181845
P49841,GSK3B,ElasticNet,0.588785760264543,0.39387447959075206
P49841,GSK3B,ElasticNet,1.4077448961731798,0.28520484083497544
P49841,GSK3B,GradientBoosting,1.778995898930291,0.6300039708008532
P49841,GSK3B,GradientBoosting,0.5576600227569262,0.845352156621719
P49841,GSK3B,GradientBoosting,0.6686350685931501,-0.04865086342474686
P49841,GSK3B,GradientBoosting,-0.3958010663036472,0.5198325252865067
P49841,GSK3B,GradientBoosting,0.0445857004104996,0.03333009140552939
P49841,GSK3B,GradientBoosting,0.3898861053829631,-0.3503421173238818
P49841,GSK3B,GradientBoosting,-0.3833700557149962,0.44924867650934863
P49841,GSK3B,GradientBoosting,0.0128830185055009,0.25062129459117644
P49841,GSK3B,GradientBoosting,-0.1357919354415361,-0.04776418806817943
P49841,GSK3B,GradientBoosting,-1.510967670614915,-0.22808377495169843
P49841,GSK3B,GradientBoosting,-0.8565775361305872,0.2154880730092043
P49841,GSK3B,GradientBoosting,1.602494617819409,0.7001275668975502
P49841,GSK3B,GradientBoosting,0.2426228969868603,0.5494049036616451
P49841,GSK3B,GradientBoosting,0.29356077832974,0.4827611971147676
P49841,GSK3B,GradientBoosting,0.5602067162014106,0.3286988471731334
P49841,GSK3B,GradientBoosting,-1.0026546975967412,0.12673124253505333
P49841,GSK3B,GradientBoosting,-0.5153661043647565,-0.39178048899581885
P49841,GSK3B,GradientBoosting,0.588785760264543,0.8811256654728191
P49841,GSK3B,GradientBoosting,1.4077448961731798,-0.08918612053941927
P49841,GSK3B,MLP,1.778995898930291,0.18077721412289466
P49841,GSK3B,MLP,0.5576600227569262,0.7278876209412313
P49841,GSK3B,MLP,0.6686350685931501,0.561070622539942
P49841,GSK3B,MLP,-0.3958010663036472,0.41770250133348213
P49841,GSK3B,MLP,0.0445857004104996,-0.2600803258576747
P49841,GSK3B,MLP,0.3898861053829631,-0.13361429691748272
P49841,GSK3B,MLP,-0.3833700557149962,0.21035140766234
P49841,GSK3B,MLP,0.0128830185055009,0.7059718448022274
P49841,GSK3B,MLP,-0.1357919354415361,-0.7517794121064854
P49841,GSK3B,MLP,-1.510967670614915,0.8072474456432652
P49841,GSK3B,MLP,-0.8565775361305872,0.10172681128033817
P49841,GSK3B,MLP,1.602494617819409,0.4304268707761926
P49841,GSK3B,MLP,0.2426228969868603,-0.13375853906595198
P49841,GSK3B,MLP,0.29356077832974,0.3830234634200204
P49841,GSK3B,MLP,0.5602067162014106,0.6053433696316914
P49841,GSK3B,MLP,-1.0026546975967412,-0.1641530917398651
P49841,GSK3B,MLP,-0.5153661043647565,-0.6047874062501664
P49841,GSK3B,MLP,0.588785760264543,0.6062178036056058
P49841,GSK3B,MLP,1.4077448961731798,0.136752820426776
P51812,RPS6KA3,RandomForest,0.7480298036692934,-0.07212003358008039
P51812,RPS6KA3,RandomForest,-1.6404351491338858,-0.06605120663342862
P51812,RPS6KA3,RandomForest,-2.2887084164903357,0.954263503681977
P51812,RPS6KA3,RandomForest,1.5051332439863032,1.1425630908027329
P51812,RPS6KA3,RandomForest,0.901826239109948,1.4686350399546853
P51812,RPS6KA3,RandomForest,-0.1346051648011521,0.6358451308402334
P51812,RPS6KA3,RandomForest,1.2424640506911309,0.8188655406041953
P51812,RPS6KA3,RandomForest,1.5865981641644806,0.19000916660299932
P51812,RPS6KA3,RandomForest,2.346784928660609,1.2989840776534647
P51812,RPS6KA3,RandomForest,1.154509806951709,-0.6617268404024503
P51812,RPS6KA3,RandomForest,3.0605460153036272,-0.06876743477693706
P51812,RPS6KA3,RandomForest,-0.4994509613028606,-0.7517537502859067
P51812,RPS6KA3,RandomForest,0.8720461277467144,0.9162343066328955
P51812,RPS6KA3,RandomForest,0.1687823422880998,0.7160172397556491
P51812,RPS6KA3,RandomForest,-0.5084333211145798,0.358039050019103
P51812,RPS6KA3,RandomForest,3.07638623724664,1.130509621499175
P51812,RPS6KA3,RandomForest,1.774005922848194,0.9797534672325082
P51812,RPS6KA3,RandomForest,1.204485082279158,-1.0294249927644534
P51812,RPS6KA3,RandomForest,0.4545602002677193,-0.6068153281211317
P51812,RPS6KA3,XGBoost,0.7480298036692934,0.5974295139312744
P51812,RPS6KA3,XGBoost,-1.6404351491338858,0.152004212141037
P51812,RPS6KA3,XGBoost,-2.2887084164903357,1.262232780456543
P51812,RPS6KA3,XGBoost,1.5051332439863032,1.2692327499389648
P51812,RPS6KA3,XGBoost,0.901826239109948,1.48493492603302
P51812,RPS6KA3,XGBoost,-0.1346051648011521,0.9364660978317261
P51812,RPS6KA3,XGBoost,1.2424640506911309,1.305564284324646
P51812,RPS6KA3,XGBoost,1.5865981641644806,0.032892320305109024
P51812,RPS6KA3,XGBoost,2.346784928660609,1.6628355979919434
P51812,RPS6KA3,XGBoost,1.154509806951709,-0.7461971640586853
P51812,RPS6KA3,XGBoost,3.0605460153036272,1.3562971353530884
P51812,RPS6KA3,XGBoost,-0.4994509613028606,-0.7461971640586853
P51812,RPS6KA3,XGBoost,0.8720461277467144,1.3901633024215698
P51812,RPS6KA3,XGBoost,0.1687823422880998,0.6839168667793274
P51812,RPS6KA3,XGBoost,-0.5084333211145798,0.5685940384864807
P51812,RPS6KA3,XGBoost,3.07638623724664,1.0152653455734253
P51812,RPS6KA3,XGBoost,1.774005922848194,0.8025936484336853
P51812,RPS6KA3,XGBoost,1.204485082279158,-0.9106907844543457
P51812,RPS6KA3,XGBoost,0.4545602002677193,-1.3770415782928467
P51812,RPS6KA3,PLS,0.7480298036692934,0.86533055706799
P51812,RPS6KA3,PLS,-1.6404351491338858,-0.05741705844769368
P51812,RPS6KA3,PLS,-2.2887084164903357,0.19192724667853878
P51812,RPS6KA3,PLS,1.5051332439863032,0.44420120165429494
P51812,RPS6KA3,PLS,0.901826239109948,0.3654773791809803
P51812,RPS6KA3,PLS,-0.1346051648011521,0.06546197405242066
P51812,RPS6KA3,PLS,1.2424640506911309,1.3910021462508526
P51812,RPS6KA3,PLS,1.5865981641644806,-0.03512643751356476
P51812,RPS6KA3,PLS,2.346784928660609,1.169142511061968
P51812,RPS6KA3,PLS,1.154509806951709,-0.21622896783741302
P51812,RPS6KA3,PLS,3.0605460153036272,1.3259356120030659
P51812,RPS6KA3,PLS,-0.4994509613028606,-0.49795209035816934
P51812,RPS6KA3,PLS,0.8720461277467144,0.48731952960022135
P51812,RPS6KA3,PLS,0.1687823422880998,0.17075743653053946
P51812,RPS6KA3,PLS,-0.5084333211145798,-0.13245254839634274
P51812,RPS6KA3,PLS,3.07638623724664,0.7167651065737206
P51812,RPS6KA3,PLS,1.774005922848194,0.4296306864576698
P51812,RPS6KA3,PLS,1.204485082279158,0.9225241971643868
P51812,RPS6KA3,PLS,0.4545602002677193,-0.906057231873106
P51812,RPS6KA3,SVR,0.7480298036692934,0.8439201843437885
P51812,RPS6KA3,SVR,-1.6404351491338858,0.21497718096784718
P51812,RPS6KA3,SVR,-2.2887084164903357,0.2495863896397782
P51812,RPS6KA3,SVR,1.5051332439863032,0.38705445608486805
P51812,RPS6KA3,SVR,0.901826239109948,0.35428311410571667
P51812,RPS6KA3,SVR,-0.1346051648011521,0.11329883503250593
P51812,RPS6KA3,SVR,1.2424640506911309,1.624662880516953
P51812,RPS6KA3,SVR,1.5865981641644806,-0.32064377277376876
P51812,RPS6KA3,SVR,2.346784928660609,1.6756092268838232
P51812,RPS6KA3,SVR,1.154509806951709,-0.2531987622174017
P51812,RPS6KA3,SVR,3.0605460153036272,1.454436814679054
P51812,RPS6KA3,SVR,-0.4994509613028606,-0.8904169776448343
P51812,RPS6KA3,SVR,0.8720461277467144,0.6879065558792297
P51812,RPS6KA3,SVR,0.1687823422880998,0.2828840602213233
P51812,RPS6KA3,SVR,-0.5084333211145798,-0.12569080527902554
P51812,RPS6KA3,SVR,3.07638623724664,1.1737225058369085
P51812,RPS6KA3,SVR,1.774005922848194,0.7898313255857683
P51812,RPS6KA3,SVR,1.204485082279158,0.7644330967827828
P51812,RPS6KA3,SVR,0.4545602002677193,-0.8455491345341744
P51812,RPS6KA3,Lasso,0.7480298036692934,0.2773419545965947
P51812,RPS6KA3,Lasso,-1.6404351491338858,-0.03211208367890009
P51812,RPS6KA3,Lasso,-2.2887084164903357,0.30172784465503244
P51812,RPS6KA3,Lasso,1.5051332439863032,0.2848188942997898
P51812,RPS6KA3,Lasso,0.901826239109948,0.2757687104704879
P51812,RPS6KA3,Lasso,-0.1346051648011521,0.03727728104569114
P51812,RPS6KA3,Lasso,1.2424640506911309,0.6739342386121299
P51812,RPS6KA3,Lasso,1.5865981641644806,0.07464962696563301
P51812,RPS6KA3,Lasso,2.346784928660609,0.7078350508430444
P51812,RPS6KA3,Lasso,1.154509806951709,0.37045081936944807
P51812,RPS6KA3,Lasso,3.0605460153036272,0.4920426170391736
P51812,RPS6KA3,Lasso,-0.4994509613028606,0.15638891899625856
P51812,RPS6KA3,Lasso,0.8720461277467144,0.2962152214190079
P51812,RPS6KA3,Lasso,0.1687823422880998,0.12828403122493326
P51812,RPS6KA3,Lasso,-0.5084333211145798,0.08902869254644515
P51812,RPS6KA3,Lasso,3.07638623724664,0.5574267172457903
P51812,RPS6KA3,Lasso,1.774005922848194,0.4136390403897361
P51812,RPS6KA3,Lasso,1.204485082279158,0.08381337616165457
P51812,RPS6KA3,Lasso,0.4545602002677193,-0.4337050607387721
P51812,RPS6KA3,ElasticNet,0.7480298036692934,0.5138373610363337
P51812,RPS6KA3,ElasticNet,-1.6404351491338858,-0.037364300774019865
P51812,RPS6KA3,ElasticNet,-2.2887084164903357,0.2529885726771979
P51812,RPS6KA3,ElasticNet,1.5051332439863032,0.3469172890922329
P51812,RPS6KA3,ElasticNet,0.901826239109948,0.30949367498537894
P51812,RPS6KA3,ElasticNet,-0.1346051648011521,0.05310754300784026
P51812,RPS6KA3,ElasticNet,1.2424640506911309,0.9487043044480119
P51812,RPS6KA3,ElasticNet,1.5865981641644806,0.03540410346647055
P51812,RPS6KA3,ElasticNet,2.346784928660609,0.8756295675362642
P51812,RPS6KA3,ElasticNet,1.154509806951709,0.1261327864485608
P51812,RPS6KA3,ElasticNet,3.0605460153036272,0.8208042786349341
P51812,RPS6KA3,ElasticNet,-0.4994509613028606,-0.10630536748387778
P51812,RPS6KA3,ElasticNet,0.8720461277467144,0.3691279781234831
P51812,RPS6KA3,ElasticNet,0.1687823422880998,0.14662015719527582
P51812,RPS6KA3,ElasticNet,-0.5084333211145798,0.001910048052868013
P51812,RPS6KA3,ElasticNet,3.07638623724664,0.6074352006639933
P51812,RPS6KA3,ElasticNet,1.774005922848194,0.4105138672498613
P51812,RPS6KA3,ElasticNet,1.204485082279158,0.42936320399256644
P51812,RPS6KA3,ElasticNet,0.4545602002677193,-0.606746327240154
P51812,RPS6KA3,GradientBoosting,0.7480298036692934,0.359857812908022
P51812,RPS6KA3,GradientBoosting,-1.6404351491338858,-0.05298005428779061
P51812,RPS6KA3,GradientBoosting,-2.2887084164903357,1.2092365812969594
P51812,RPS6KA3,GradientBoosting,1.5051332439863032,1.3443486749039382
P51812,RPS6KA3,GradientBoosting,0.901826239109948,1.4770596942808876
P51812,RPS6KA3,GradientBoosting,-0.1346051648011521,1.2324794303814528
P51812,RPS6KA3,GradientBoosting,1.2424640506911309,1.4874025620597833
P51812,RPS6KA3,GradientBoosting,1.5865981641644806,0.8565358501796608
P51812,RPS6KA3,GradientBoosting,2.346784928660609,1.7048123680731866
P51812,RPS6KA3,GradientBoosting,1.154509806951709,-1.037686480743883
P51812,RPS6KA3,GradientBoosting,3.0605460153036272,0.10562301166060298
P51812,RPS6KA3,GradientBoosting,-0.4994509613028606,-1.2371609287901846
P51812,RPS6KA3,GradientBoosting,0.8720461277467144,1.3068916350667072
P51812,RPS6KA3,GradientBoosting,0.1687823422880998,0.7193182028682376
P51812,RPS6KA3,GradientBoosting,-0.5084333211145798,0.7036492789491086
P51812,RPS6KA3,GradientBoosting,3.07638623724664,1.172043464711288
P51812,RPS6KA3,GradientBoosting,1.774005922848194,1.4868773965430848
P51812,RPS6KA3,GradientBoosting,1.204485082279158,-1.9385590152557468
P51812,RPS6KA3,GradientBoosting,0.4545602002677193,-0.7833892390979819
P51812,RPS6KA3,MLP,0.7480298036692934,0.27843809197879726
P51812,RPS6KA3,MLP,-1.6404351491338858,0.516524796741253
P51812,RPS6KA3,MLP,-2.2887084164903357,0.516524796741253
P51812,RPS6KA3,MLP,1.5051332439863032,0.399687203294345
P51812,RPS6KA3,MLP,0.901826239109948,0.516524796741253
P51812,RPS6KA3,MLP,-0.1346051648011521,0.47077711733150324
P51812,RPS6KA3,MLP,1.2424640506911309,0.516524796741253
P51812,RPS6KA3,MLP,1.5865981641644806,-0.6907204139380512
P51812,RPS6KA3,MLP,2.346784928660609,0.516524796741253
P51812,RPS6KA3,MLP,1.154509806951709,-1.0028305328521023
P51812,RPS6KA3,MLP,3.0605460153036272,0.516524796741253
P51812,RPS6KA3,MLP,-0.4994509613028606,-1.5900254404457952
P51812,RPS6KA3,MLP,0.8720461277467144,0.516524796741253
P51812,RPS6KA3,MLP,0.1687823422880998,0.516524796741253
P51812,RPS6KA3,MLP,-0.5084333211145798,0.516524796741253
P51812,RPS6KA3,MLP,3.07638623724664,0.516524796741253
P51812,RPS6KA3,MLP,1.774005922848194,0.5020973258816442
P51812,RPS6KA3,MLP,1.204485082279158,-0.7267177403050729
P51812,RPS6KA3,MLP,0.4545602002677193,0.019586779812934885
P51957,NEK4,RandomForest,-0.4093002446705165,-0.452115715779868
P51957,NEK4,RandomForest,-0.5907158577891629,-0.5803278281795599
P51957,NEK4,RandomForest,-0.4727467302600698,-0.24863927641051486
P51957,NEK4,RandomForest,-0.6195762772149992,-0.5487720814543262
P51957,NEK4,RandomForest,-0.7175927988932219,-0.5135210100225328
P51957,NEK4,RandomForest,-0.5630152929126979,-0.5213797662234998
P51957,NEK4,RandomForest,-0.5207559604901869,-0.5258044453477336
P51957,NEK4,RandomForest,0.4584626061042363,-0.38360616690637983
P51957,NEK4,RandomForest,-0.4380306344714519,-0.4894114037180896
P51957,NEK4,RandomForest,-0.5703976111794783,-0.5953200616481014
P51957,NEK4,RandomForest,-0.6076175163346759,0.1465130955453333
P51957,NEK4,RandomForest,-0.4564024578156525,-0.36476632320508606
P51957,NEK4,RandomForest,0.7503463006471084,-0.547760557349728
P51957,NEK4,RandomForest,-0.6052521085857361,-0.5821552240394572
P51957,NEK4,RandomForest,-0.7311369302953246,-0.5420589260413289
P51957,NEK4,RandomForest,-0.636460547665877,0.29370016250713044
P51957,NEK4,RandomForest,-0.6396834347740081,-0.5646587913621431
P51957,NEK4,RandomForest,-0.2521240617170872,-0.4353046349812976
P51957,NEK4,RandomForest,-0.6337240552625673,-0.5536794049986034
P51957,NEK4,XGBoost,-0.4093002446705165,-0.5295941233634949
P51957,NEK4,XGBoost,-0.5907158577891629,-0.6096739172935486
P51957,NEK4,XGBoost,-0.4727467302600698,-0.5014136433601379
P51957,NEK4,XGBoost,-0.6195762772149992,-0.521616518497467
P51957,NEK4,XGBoost,-0.7175927988932219,-0.46683287620544434
P51957,NEK4,XGBoost,-0.5630152929126979,-0.19376051425933838
P51957,NEK4,XGBoost,-0.5207559604901869,-0.5601003170013428
P51957,NEK4,XGBoost,0.4584626061042363,-0.49202653765678406
P51957,NEK4,XGBoost,-0.4380306344714519,-0.31218767166137695
P51957,NEK4,XGBoost,-0.5703976111794783,-0.5891045331954956
P51957,NEK4,XGBoost,-0.6076175163346759,0.5747270584106445
P51957,NEK4,XGBoost,-0.4564024578156525,-0.5978372097015381
P51957,NEK4,XGBoost,0.7503463006471084,-0.6069537997245789
P51957,NEK4,XGBoost,-0.6052521085857361,-0.6117969155311584
P51957,NEK4,XGBoost,-0.7311369302953246,-0.49993911385536194
P51957,NEK4,XGBoost,-0.636460547665877,0.2540520429611206
P51957,NEK4,XGBoost,-0.6396834347740081,-0.6355589628219604
P51957,NEK4,XGBoost,-0.2521240617170872,-0.4767650365829468
P51957,NEK4,XGBoost,-0.6337240552625673,-0.5581827163696289
P51957,NEK4,PLS,-0.4093002446705165,-0.3549186901767689
P51957,NEK4,PLS,-0.5907158577891629,-0.5964990077237426
P51957,NEK4,PLS,-0.4727467302600698,-0.3682886690783115
P51957,NEK4,PLS,-0.6195762772149992,-0.5502950885283769
P51957,NEK4,PLS,-0.7175927988932219,-0.6568869594104076
P51957,NEK4,PLS,-0.5630152929126979,-0.5795219720246838
P51957,NEK4,PLS,-0.5207559604901869,-0.42638535851301745
P51957,NEK4,PLS,0.4584626061042363,-0.37529339014212787
P51957,NEK4,PLS,-0.4380306344714519,-0.19238802374816583
P51957,NEK4,PLS,-0.5703976111794783,-0.43537594656775136
P51957,NEK4,PLS,-0.6076175163346759,-0.19938296155192303
P51957,NEK4,PLS,-0.4564024578156525,-0.40122134577344487
P51957,NEK4,PLS,0.7503463006471084,-0.44787896761630597
P51957,NEK4,PLS,-0.6052521085857361,-0.6512375855895413
P51957,NEK4,PLS,-0.7311369302953246,-0.5818981544472349
P51957,NEK4,PLS,-0.636460547665877,-0.23973014863578881
P51957,NEK4,PLS,-0.6396834347740081,-0.4184589000001974
P51957,NEK4,PLS,-0.2521240617170872,-0.33669618024513226
P51957,NEK4,PLS,-0.6337240552625673,-0.34894996559739133
P51957,NEK4,SVR,-0.4093002446705165,-0.4964296728357697
P51957,NEK4,SVR,-0.5907158577891629,-0.6152695588195451
P51957,NEK4,SVR,-0.4727467302600698,-0.48182436182712374
P51957,NEK4,SVR,-0.6195762772149992,-0.5704064120415759
P51957,NEK4,SVR,-0.7175927988932219,-0.6158548563309718
P51957,NEK4,SVR,-0.5630152929126979,-0.6000023527439521
P51957,NEK4,SVR,-0.5207559604901869,-0.5510067583157834
P51957,NEK4,SVR,0.4584626061042363,-0.4962909620654695
P51957,NEK4,SVR,-0.4380306344714519,-0.4312564460626541
P51957,NEK4,SVR,-0.5703976111794783,-0.5293806209461639
P51957,NEK4,SVR,-0.6076175163346759,-0.45274124054990184
P51957,NEK4,SVR,-0.4564024578156525,-0.4961993243782437
P51957,NEK4,SVR,0.7503463006471084,-0.5282754380707977
P51957,NEK4,SVR,-0.6052521085857361,-0.6408023735254239
P51957,NEK4,SVR,-0.7311369302953246,-0.5915491166495983
P51957,NEK4,SVR,-0.636460547665877,-0.4680139465066464
P51957,NEK4,SVR,-0.6396834347740081,-0.5190960693610126
P51957,NEK4,SVR,-0.2521240617170872,-0.505574711377539
P51957,NEK4,SVR,-0.6337240552625673,-0.4771239464301166
P51957,NEK4,Lasso,-0.4093002446705165,-0.45995763879638896
P51957,NEK4,Lasso,-0.5907158577891629,-0.45995763879638896
P51957,NEK4,Lasso,-0.4727467302600698,-0.45995763879638896
P51957,NEK4,Lasso,-0.6195762772149992,-0.45995763879638896
P51957,NEK4,Lasso,-0.7175927988932219,-0.45995763879638896
P51957,NEK4,Lasso,-0.5630152929126979,-0.45995763879638896
P51957,NEK4,Lasso,-0.5207559604901869,-0.45995763879638896
P51957,NEK4,Lasso,0.4584626061042363,-0.45995763879638896
P51957,NEK4,Lasso,-0.4380306344714519,-0.45995763879638896
P51957,NEK4,Lasso,-0.5703976111794783,-0.45995763879638896
P51957,NEK4,Lasso,-0.6076175163346759,-0.45995763879638896
P51957,NEK4,Lasso,-0.4564024578156525,-0.45995763879638896
P51957,NEK4,Lasso,0.7503463006471084,-0.45995763879638896
P51957,NEK4,Lasso,-0.6052521085857361,-0.45995763879638896
P51957,NEK4,Lasso,-0.7311369302953246,-0.45995763879638896
P51957,NEK4,Lasso,-0.636460547665877,-0.45995763879638896
P51957,NEK4,Lasso,-0.6396834347740081,-0.45995763879638896
P51957,NEK4,Lasso,-0.2521240617170872,-0.45995763879638896
P51957,NEK4,Lasso,-0.6337240552625673,-0.45995763879638896
P51957,NEK4,ElasticNet,-0.4093002446705165,-0.44421701933051316
P51957,NEK4,ElasticNet,-0.5907158577891629,-0.44699054975204316
P51957,NEK4,ElasticNet,-0.4727467302600698,-0.45896639092630914
P51957,NEK4,ElasticNet,-0.6195762772149992,-0.49197467097140185
P51957,NEK4,ElasticNet,-0.7175927988932219,-0.513708724967534
P51957,NEK4,ElasticNet,-0.5630152929126979,-0.42995046375034646
P51957,NEK4,ElasticNet,-0.5207559604901869,-0.47160546499427103
P51957,NEK4,ElasticNet,0.4584626061042363,-0.446983016335263
P51957,NEK4,ElasticNet,-0.4380306344714519,-0.3875613122092143
P51957,NEK4,ElasticNet,-0.5703976111794783,-0.46244341584560444
P51957,NEK4,ElasticNet,-0.6076175163346759,-0.4307551920923163
P51957,NEK4,ElasticNet,-0.4564024578156525,-0.4696447521632864
P51957,NEK4,ElasticNet,0.7503463006471084,-0.4514503284910266
P51957,NEK4,ElasticNet,-0.6052521085857361,-0.45014351322782553
P51957,NEK4,ElasticNet,-0.7311369302953246,-0.4962263573647377
P51957,NEK4,ElasticNet,-0.636460547665877,-0.4304623249713479
P51957,NEK4,ElasticNet,-0.6396834347740081,-0.4537911519763358
P51957,NEK4,ElasticNet,-0.2521240617170872,-0.4139076454415615
P51957,NEK4,ElasticNet,-0.6337240552625673,-0.47522182901962734
P51957,NEK4,GradientBoosting,-0.4093002446705165,-0.5077165397523662
P51957,NEK4,GradientBoosting,-0.5907158577891629,-0.6147500101543476
P51957,NEK4,GradientBoosting,-0.4727467302600698,-0.29668016723620394
P51957,NEK4,GradientBoosting,-0.6195762772149992,-0.623669840666497
P51957,NEK4,GradientBoosting,-0.7175927988932219,-0.5100998308508181
P51957,NEK4,GradientBoosting,-0.5630152929126979,-0.565526194634735
P51957,NEK4,GradientBoosting,-0.5207559604901869,-0.6340128460450848
P51957,NEK4,GradientBoosting,0.4584626061042363,-0.4966714201540322
P51957,NEK4,GradientBoosting,-0.4380306344714519,-0.5453564779213217
P51957,NEK4,GradientBoosting,-0.5703976111794783,-0.6115307652308574
P51957,NEK4,GradientBoosting,-0.6076175163346759,0.5170759271832714
P51957,NEK4,GradientBoosting,-0.4564024578156525,-0.4164510159117371
P51957,NEK4,GradientBoosting,0.7503463006471084,-0.5403854641797445
P51957,NEK4,GradientBoosting,-0.6052521085857361,-0.6242608996122606
P51957,NEK4,GradientBoosting,-0.7311369302953246,-0.5657473631445746
P51957,NEK4,GradientBoosting,-0.636460547665877,0.6137567457962073
P51957,NEK4,GradientBoosting,-0.6396834347740081,-0.5797995996618536
P51957,NEK4,GradientBoosting,-0.2521240617170872,-0.40880645175563596
P51957,NEK4,GradientBoosting,-0.6337240552625673,-0.5515883833889593
P51957,NEK4,MLP,-0.4093002446705165,-0.35865670563324176
P51957,NEK4,MLP,-0.5907158577891629,-0.2549530354321985
P51957,NEK4,MLP,-0.4727467302600698,-0.35865670563324176
P51957,NEK4,MLP,-0.6195762772149992,-0.35865670563324176
P51957,NEK4,MLP,-0.7175927988932219,-0.35865670563324176
P51957,NEK4,MLP,-0.5630152929126979,-0.31772267436056256
P51957,NEK4,MLP,-0.5207559604901869,-0.35865670563324176
P51957,NEK4,MLP,0.4584626061042363,-0.35865670563324176
P51957,NEK4,MLP,-0.4380306344714519,-0.29615224362467185
P51957,NEK4,MLP,-0.5703976111794783,-0.35865670563324176
P51957,NEK4,MLP,-0.6076175163346759,-0.35865670563324176
P51957,NEK4,MLP,-0.4564024578156525,-0.35865670563324176
P51957,NEK4,MLP,0.7503463006471084,-0.35865670563324176
P51957,NEK4,MLP,-0.6052521085857361,-0.2525170925135155
P51957,NEK4,MLP,-0.7311369302953246,-0.35865670563324176
P51957,NEK4,MLP,-0.636460547665877,-0.35865670563324176
P51957,NEK4,MLP,-0.6396834347740081,-0.35865670563324176
P51957,NEK4,MLP,-0.2521240617170872,-0.2878795287899709
P51957,NEK4,MLP,-0.6337240552625673,-0.35865670563324176
P54646,PRKAA2,RandomForest,1.9087817509308893,0.9053546798070955
P54646,PRKAA2,RandomForest,0.7294188891390914,-0.051140461705747285
P54646,PRKAA2,RandomForest,0.574162987766885,-0.14698100855143653
P54646,PRKAA2,RandomForest,0.0429500597717324,-0.4305428444110307
P54646,PRKAA2,RandomForest,-0.1654471298673812,-0.573612334923529
P54646,PRKAA2,RandomForest,1.0046101217666763,0.30691885210273
P54646,PRKAA2,RandomForest,-0.1994288703413316,-0.2088613055585297
P54646,PRKAA2,RandomForest,-0.391508783247916,-1.2644292091665656
P54646,PRKAA2,RandomForest,-1.8980146892282908,0.02748361220916335
P54646,PRKAA2,RandomForest,-1.0372329168736147,-0.23689026504252123
P54646,PRKAA2,RandomForest,1.024562917340498,0.23317732081694628
P54646,PRKAA2,RandomForest,0.1287113359659478,-0.15344633732735335
P54646,PRKAA2,RandomForest,-1.7494297469860876,-0.67376166743219
P54646,PRKAA2,RandomForest,0.7766446686661408,-0.13256380991744887
P54646,PRKAA2,RandomForest,1.3675282607765544,0.06596523159369401
P54646,PRKAA2,RandomForest,-1.5319571648444876,-0.32762126143789316
P54646,PRKAA2,RandomForest,-1.444920359014985,-0.6490615083633798
P54646,PRKAA2,RandomForest,-1.0928112721642802,-1.6357079330401
P54646,PRKAA2,RandomForest,1.3339742456123111,0.2163044129851424
P54646,PRKAA2,XGBoost,1.9087817509308893,0.6607008576393127
P54646,PRKAA2,XGBoost,0.7294188891390914,0.6351568698883057
P54646,PRKAA2,XGBoost,0.574162987766885,-0.0010976889170706272
P54646,PRKAA2,XGBoost,0.0429500597717324,-0.46522456407546997
P54646,PRKAA2,XGBoost,-0.1654471298673812,0.23011228442192078
P54646,PRKAA2,XGBoost,1.0046101217666763,0.1876196265220642
P54646,PRKAA2,XGBoost,-0.1994288703413316,0.4334685802459717
P54646,PRKAA2,XGBoost,-0.391508783247916,-1.3247052431106567
P54646,PRKAA2,XGBoost,-1.8980146892282908,0.7563401460647583
P54646,PRKAA2,XGBoost,-1.0372329168736147,-0.5543403029441833
P54646,PRKAA2,XGBoost,1.024562917340498,0.017627593129873276
P54646,PRKAA2,XGBoost,0.1287113359659478,-0.0010976889170706272
P54646,PRKAA2,XGBoost,-1.7494297469860876,-0.9136159420013428
P54646,PRKAA2,XGBoost,0.7766446686661408,-0.1713256686925888
P54646,PRKAA2,XGBoost,1.3675282607765544,0.9349496364593506
P54646,PRKAA2,XGBoost,-1.5319571648444876,-0.6119632720947266
P54646,PRKAA2,XGBoost,-1.444920359014985,-1.817969560623169
P54646,PRKAA2,XGBoost,-1.0928112721642802,-1.2647361755371094
P54646,PRKAA2,XGBoost,1.3339742456123111,0.5163043141365051
P54646,PRKAA2,PLS,1.9087817509308893,1.0223076114995333
P54646,PRKAA2,PLS,0.7294188891390914,0.11731524084246647
P54646,PRKAA2,PLS,0.574162987766885,-0.7359247421239711
P54646,PRKAA2,PLS,0.0429500597717324,-0.1507134203928399
P54646,PRKAA2,PLS,-0.1654471298673812,-0.8742257660482253
P54646,PRKAA2,PLS,1.0046101217666763,0.015424928859112591
P54646,PRKAA2,PLS,-0.1994288703413316,-0.1493737107607912
P54646,PRKAA2,PLS,-0.391508783247916,-0.1706201043352219
P54646,PRKAA2,PLS,-1.8980146892282908,-0.23630177503114225
P54646,PRKAA2,PLS,-1.0372329168736147,-0.1898362059702059
P54646,PRKAA2,PLS,1.024562917340498,0.2193598565578716
P54646,PRKAA2,PLS,0.1287113359659478,-0.5986880367985083
P54646,PRKAA2,PLS,-1.7494297469860876,-0.39094420969876675
P54646,PRKAA2,PLS,0.7766446686661408,0.04802289213007657
P54646,PRKAA2,PLS,1.3675282607765544,0.05950962805517346
P54646,PRKAA2,PLS,-1.5319571648444876,0.24796730323418653
P54646,PRKAA2,PLS,-1.444920359014985,-0.46855728395990215
P54646,PRKAA2,PLS,-1.0928112721642802,-0.4566735085528222
P54646,PRKAA2,PLS,1.3339742456123111,0.4585505450131716
P54646,PRKAA2,SVR,1.9087817509308893,1.1657290211729412
P54646,PRKAA2,SVR,0.7294188891390914,0.39386932191487933
P54646,PRKAA2,SVR,0.574162987766885,-0.9314661737269826
P54646,PRKAA2,SVR,0.0429500597717324,-0.008088979942098635
P54646,PRKAA2,SVR,-0.1654471298673812,-0.687079172170872
P54646,PRKAA2,SVR,1.0046101217666763,0.25136873136567517
P54646,PRKAA2,SVR,-0.1994288703413316,-0.010565908876453829
P54646,PRKAA2,SVR,-0.391508783247916,-0.005949866614331351
P54646,PRKAA2,SVR,-1.8980146892282908,-0.03197738875709834
P54646,PRKAA2,SVR,-1.0372329168736147,-0.0377046057013317
P54646,PRKAA2,SVR,1.024562917340498,0.29675489875362715
P54646,PRKAA2,SVR,0.1287113359659478,-0.8004093442131733
P54646,PRKAA2,SVR,-1.7494297469860876,-0.13942207805806725
P54646,PRKAA2,SVR,0.7766446686661408,0.33645965969978875
P54646,PRKAA2,SVR,1.3675282607765544,0.23501938343995385
P54646,PRKAA2,SVR,-1.5319571648444876,0.3689563734101392
P54646,PRKAA2,SVR,-1.444920359014985,-0.2357246826882031
P54646,PRKAA2,SVR,-1.0928112721642802,-0.2640943030555942
P54646,PRKAA2,SVR,1.3339742456123111,0.5851879026381287
P54646,PRKAA2,Lasso,1.9087817509308893,0.36574422591408323
P54646,PRKAA2,Lasso,0.7294188891390914,-0.07952780922917382
P54646,PRKAA2,Lasso,0.574162987766885,-0.32767508291418257
P54646,PRKAA2,Lasso,0.0429500597717324,-0.11519149390972426
P54646,PRKAA2,Lasso,-0.1654471298673812,-0.48019936415204617
P54646,PRKAA2,Lasso,1.0046101217666763,-0.0762393392796081
P54646,PRKAA2,Lasso,-0.1994288703413316,-0.13560708478563788
P54646,PRKAA2,Lasso,-0.391508783247916,-0.1537483885632561
P54646,PRKAA2,Lasso,-1.8980146892282908,-0.15807959561555343
P54646,PRKAA2,Lasso,-1.0372329168736147,-0.1330062030098798
P54646,PRKAA2,Lasso,1.024562917340498,-0.03548750936558774
P54646,PRKAA2,Lasso,0.1287113359659478,-0.2520259752944131
P54646,PRKAA2,Lasso,-1.7494297469860876,-0.2011238223305204
P54646,PRKAA2,Lasso,0.7766446686661408,-0.06795221801372904
P54646,PRKAA2,Lasso,1.3675282607765544,-0.0846705189908157
P54646,PRKAA2,Lasso,-1.5319571648444876,-0.02470470263032916
P54646,PRKAA2,Lasso,-1.444920359014985,-0.23094969320839345
P54646,PRKAA2,Lasso,-1.0928112721642802,-0.3191624093729297
P54646,PRKAA2,Lasso,1.3339742456123111,0.1252482385533326
P54646,PRKAA2,ElasticNet,1.9087817509308893,0.6391136685049372
P54646,PRKAA2,ElasticNet,0.7294188891390914,0.0037720498506653988
P54646,PRKAA2,ElasticNet,0.574162987766885,-0.49386479156522367
P54646,PRKAA2,ElasticNet,0.0429500597717324,-0.13427288297456186
P54646,PRKAA2,ElasticNet,-0.1654471298673812,-0.6436721846380103
P54646,PRKAA2,ElasticNet,1.0046101217666763,-0.04161356662501001
P54646,PRKAA2,ElasticNet,-0.1994288703413316,-0.14258836521927745
P54646,PRKAA2,ElasticNet,-0.391508783247916,-0.16187725771415212
P54646,PRKAA2,ElasticNet,-1.8980146892282908,-0.19674069956549836
P54646,PRKAA2,ElasticNet,-1.0372329168736147,-0.16125391868036593
P54646,PRKAA2,ElasticNet,1.024562917340498,0.0802876132264754
P54646,PRKAA2,ElasticNet,0.1287113359659478,-0.39447250264139433
P54646,PRKAA2,ElasticNet,-1.7494297469860876,-0.2915714748934912
P54646,PRKAA2,ElasticNet,0.7766446686661408,-0.024561425955010263
P54646,PRKAA2,ElasticNet,1.3675282607765544,-0.021873073197374984
P54646,PRKAA2,ElasticNet,-1.5319571648444876,0.09692137942001233
P54646,PRKAA2,ElasticNet,-1.444920359014985,-0.34108008915070837
P54646,PRKAA2,ElasticNet,-1.0928112721642802,-0.3731222337695459
P54646,PRKAA2,ElasticNet,1.3339742456123111,0.2639253005623228
P54646,PRKAA2,GradientBoosting,1.9087817509308893,0.8552746877666862
P54646,PRKAA2,GradientBoosting,0.7294188891390914,-0.37764376186832876
P54646,PRKAA2,GradientBoosting,0.574162987766885,-0.17658830435636522
P54646,PRKAA2,GradientBoosting,0.0429500597717324,-0.47571265183621764
P54646,PRKAA2,GradientBoosting,-0.1654471298673812,0.009318379860682603
P54646,PRKAA2,GradientBoosting,1.0046101217666763,0.14308443039129884
P54646,PRKAA2,GradientBoosting,-0.1994288703413316,-0.06654671975860575
P54646,PRKAA2,GradientBoosting,-0.391508783247916,-0.37981788937948524
P54646,PRKAA2,GradientBoosting,-1.8980146892282908,0.5029893548004231
P54646,PRKAA2,GradientBoosting,-1.0372329168736147,-0.28343083652410633
P54646,PRKAA2,GradientBoosting,1.024562917340498,0.7517916040664127
P54646,PRKAA2,GradientBoosting,0.1287113359659478,-0.1427846358931233
P54646,PRKAA2,GradientBoosting,-1.7494297469860876,-0.9075259826220464
P54646,PRKAA2,GradientBoosting,0.7766446686661408,-0.047885106019771
P54646,PRKAA2,GradientBoosting,1.3675282607765544,-0.4005134632530405
P54646,PRKAA2,GradientBoosting,-1.5319571648444876,-0.34444001641253885
P54646,PRKAA2,GradientBoosting,-1.444920359014985,-0.6368969257578079
P54646,PRKAA2,GradientBoosting,-1.0928112721642802,-1.2615227408372893
P54646,PRKAA2,GradientBoosting,1.3339742456123111,0.8061053833557551
P54646,PRKAA2,MLP,1.9087817509308893,-0.15193588965930319
P54646,PRKAA2,MLP,0.7294188891390914,-0.15193588965930319
P54646,PRKAA2,MLP,0.574162987766885,-0.5933515207307583
P54646,PRKAA2,MLP,0.0429500597717324,-0.15193588965930319
P54646,PRKAA2,MLP,-0.1654471298673812,-0.7209214752179107
P54646,PRKAA2,MLP,1.0046101217666763,-0.15193588965930319
P54646,PRKAA2,MLP,-0.1994288703413316,-0.15193588965930319
P54646,PRKAA2,MLP,-0.391508783247916,-0.15193588965930319
P54646,PRKAA2,MLP,-1.8980146892282908,-0.15193588965930319
P54646,PRKAA2,MLP,-1.0372329168736147,-0.15193588965930319
P54646,PRKAA2,MLP,1.024562917340498,-0.11158586140422921
P54646,PRKAA2,MLP,0.1287113359659478,-0.3957516491740284
P54646,PRKAA2,MLP,-1.7494297469860876,-0.15193588965930319
P54646,PRKAA2,MLP,0.7766446686661408,-0.15193588965930319
P54646,PRKAA2,MLP,1.3675282607765544,-0.15193588965930319
P54646,PRKAA2,MLP,-1.5319571648444876,-0.13280546770240995
P54646,PRKAA2,MLP,-1.444920359014985,-0.15193588965930319
P54646,PRKAA2,MLP,-1.0928112721642802,-0.32104805859966135
P54646,PRKAA2,MLP,1.3339742456123111,-0.15193588965930319
P78527,PRKDC,RandomForest,-0.1183308617557755,-0.7768433201929544
P78527,PRKDC,RandomForest,-0.4838465320930666,-0.6355303665948822
P78527,PRKDC,RandomForest,0.8211826120548598,0.9295431820007368
P78527,PRKDC,RandomForest,0.2002589861067336,-0.6642322842802839
P78527,PRKDC,RandomForest,0.8534027685551625,0.6547293935242294
P78527,PRKDC,RandomForest,-1.2478678529596017,0.003378240788491442
P78527,PRKDC,RandomForest,0.2199461163774018,-1.092957303420657
P78527,PRKDC,RandomForest,-1.24349643031105,-0.6517275377348726
P78527,PRKDC,RandomForest,0.132254778287071,-0.2661209671158123
P78527,PRKDC,RandomForest,-0.5636999130413114,-0.8348849766956405
P78527,PRKDC,RandomForest,0.912255382774298,-0.3835941935746208
P78527,PRKDC,RandomForest,0.2319955877644149,0.1565674772411494
P78527,PRKDC,RandomForest,-0.1473326937810884,0.20549570402117884
P78527,PRKDC,RandomForest,-1.1419441543592648,-0.6418448039845468
P78527,PRKDC,RandomForest,-0.4327094360553726,-0.2830657275673914
P78527,PRKDC,RandomForest,-1.1097005867107814,-0.8773649009713516
P78527,PRKDC,RandomForest,-1.9587036500674555,-0.15808438489992077
P78527,PRKDC,RandomForest,-0.4641712682713416,-0.8416568694845646
P78527,PRKDC,RandomForest,0.1755389273545787,-0.08418301640189214
P78527,PRKDC,XGBoost,-0.1183308617557755,-1.0846463441848755
P78527,PRKDC,XGBoost,-0.4838465320930666,-1.032434344291687
P78527,PRKDC,XGBoost,0.8211826120548598,0.9917109608650208
P78527,PRKDC,XGBoost,0.2002589861067336,-0.49592897295951843
P78527,PRKDC,XGBoost,0.8534027685551625,0.6508655548095703
P78527,PRKDC,XGBoost,-1.2478678529596017,0.5136749744415283
P78527,PRKDC,XGBoost,0.2199461163774018,-0.9153892397880554
P78527,PRKDC,XGBoost,-1.24349643031105,-0.7907820343971252
P78527,PRKDC,XGBoost,0.132254778287071,0.6756016612052917
P78527,PRKDC,XGBoost,-0.5636999130413114,-0.5977312922477722
P78527,PRKDC,XGBoost,0.912255382774298,0.4755418300628662
P78527,PRKDC,XGBoost,0.2319955877644149,-0.376715749502182
P78527,PRKDC,XGBoost,-0.1473326937810884,0.34146741032600403
P78527,PRKDC,XGBoost,-1.1419441543592648,-1.3647490739822388
P78527,PRKDC,XGBoost,-0.4327094360553726,-0.38012930750846863
P78527,PRKDC,XGBoost,-1.1097005867107814,-0.6742925047874451
P78527,PRKDC,XGBoost,-1.9587036500674555,-0.4320165514945984
P78527,PRKDC,XGBoost,-0.4641712682713416,-0.8894019722938538
P78527,PRKDC,XGBoost,0.1755389273545787,0.25946560502052307
P78527,PRKDC,PLS,-0.1183308617557755,-0.35853149537266416
P78527,PRKDC,PLS,-0.4838465320930666,0.18899945836324314
P78527,PRKDC,PLS,0.8211826120548598,0.24012547347869875
P78527,PRKDC,PLS,0.2002589861067336,-0.5873575672739912
P78527,PRKDC,PLS,0.8534027685551625,0.035635054415865175
P78527,PRKDC,PLS,-1.2478678529596017,0.16730395414418567
P78527,PRKDC,PLS,0.2199461163774018,-0.2304685842789956
P78527,PRKDC,PLS,-1.24349643031105,-0.12350240400329887
P78527,PRKDC,PLS,0.132254778287071,-0.2578218136763383
P78527,PRKDC,PLS,-0.5636999130413114,-0.8362642691771593
P78527,PRKDC,PLS,0.912255382774298,-0.26311135993758955
P78527,PRKDC,PLS,0.2319955877644149,0.2840921010322722
P78527,PRKDC,PLS,-0.1473326937810884,-0.05399045391295931
P78527,PRKDC,PLS,-1.1419441543592648,-0.0347940557748109
P78527,PRKDC,PLS,-0.4327094360553726,-0.10757365075748401
P78527,PRKDC,PLS,-1.1097005867107814,-0.4122157130453443
P78527,PRKDC,PLS,-1.9587036500674555,-0.089254165433151
P78527,PRKDC,PLS,-0.4641712682713416,-0.12609189845195093
P78527,PRKDC,PLS,0.1755389273545787,-0.08342289237986575
P78527,PRKDC,SVR,-0.1183308617557755,-0.35179372166080514
P78527,PRKDC,SVR,-0.4838465320930666,0.3494570450835463
P78527,PRKDC,SVR,0.8211826120548598,0.28992513803012915
P78527,PRKDC,SVR,0.2002589861067336,-0.3667523931219138
P78527,PRKDC,SVR,0.8534027685551625,-0.0069797494112747716
P78527,PRKDC,SVR,-1.2478678529596017,0.2555150233219274
P78527,PRKDC,SVR,0.2199461163774018,0.08921031745321145
P78527,PRKDC,SVR,-1.24349643031105,-0.16290682363842374
P78527,PRKDC,SVR,0.132254778287071,-0.298103916312862
P78527,PRKDC,SVR,-0.5636999130413114,-0.6811010672643536
P78527,PRKDC,SVR,0.912255382774298,-0.3178735870086982
P78527,PRKDC,SVR,0.2319955877644149,0.4258594373387338
P78527,PRKDC,SVR,-0.1473326937810884,-0.04827151314361153
P78527,PRKDC,SVR,-1.1419441543592648,0.11119795065091787
P78527,PRKDC,SVR,-0.4327094360553726,-0.17568448639678125
P78527,PRKDC,SVR,-1.1097005867107814,-0.44410565690221265
P78527,PRKDC,SVR,-1.9587036500674555,-0.15294729891809938
P78527,PRKDC,SVR,-0.4641712682713416,0.21180101708554383
P78527,PRKDC,SVR,0.1755389273545787,-0.08560802694572255
P78527,PRKDC,Lasso,-0.1183308617557755,-0.32746261352071687
P78527,PRKDC,Lasso,-0.4838465320930666,0.12847295512512094
P78527,PRKDC,Lasso,0.8211826120548598,0.09406094488442915
P78527,PRKDC,Lasso,0.2002589861067336,-0.5031406212951072
P78527,PRKDC,Lasso,0.8534027685551625,0.02627486129121681
P78527,PRKDC,Lasso,-1.2478678529596017,0.1101477586982508
P78527,PRKDC,Lasso,0.2199461163774018,-0.21307107313648094
P78527,PRKDC,Lasso,-1.24349643031105,-0.13213315674054157
P78527,PRKDC,Lasso,0.132254778287071,-0.2300320779853744
P78527,PRKDC,Lasso,-0.5636999130413114,-0.6975640734777815
P78527,PRKDC,Lasso,0.912255382774298,-0.25764699432653443
P78527,PRKDC,Lasso,0.2319955877644149,0.14385144272601694
P78527,PRKDC,Lasso,-0.1473326937810884,-0.06869275263957882
P78527,PRKDC,Lasso,-1.1419441543592648,-0.06112745604698945
P78527,PRKDC,Lasso,-0.4327094360553726,-0.11079700430454559
P78527,PRKDC,Lasso,-1.1097005867107814,-0.3652688159439672
P78527,PRKDC,Lasso,-1.9587036500674555,-0.08338788990930139
P78527,PRKDC,Lasso,-0.4641712682713416,-0.22025010969404923
P78527,PRKDC,Lasso,0.1755389273545787,-0.1033291130925379
P78527,PRKDC,ElasticNet,-0.1183308617557755,-0.3428072413270523
P78527,PRKDC,ElasticNet,-0.4838465320930666,0.15789691586873403
P78527,PRKDC,ElasticNet,0.8211826120548598,0.1194024457606109
P78527,PRKDC,ElasticNet,0.2002589861067336,-0.5336111415812084
P78527,PRKDC,ElasticNet,0.8534027685551625,0.04432009424097605
P78527,PRKDC,ElasticNet,-1.2478678529596017,0.13725538903235798
P78527,PRKDC,ElasticNet,0.2199461163774018,-0.21504285118525013
P78527,PRKDC,ElasticNet,-1.24349643031105,-0.1291746800082435
P78527,PRKDC,ElasticNet,0.132254778287071,-0.2364478681956489
P78527,PRKDC,ElasticNet,-0.5636999130413114,-0.7471363019018783
P78527,PRKDC,ElasticNet,0.912255382774298,-0.2667930946461958
P78527,PRKDC,ElasticNet,0.2319955877644149,0.1746581367093162
P78527,PRKDC,ElasticNet,-0.1473326937810884,-0.059324414034477135
P78527,PRKDC,ElasticNet,-1.1419441543592648,-0.04993025808825882
P78527,PRKDC,ElasticNet,-0.4327094360553726,-0.1060321004143907
P78527,PRKDC,ElasticNet,-1.1097005867107814,-0.3845347117402593
P78527,PRKDC,ElasticNet,-1.9587036500674555,-0.07598078378941749
P78527,PRKDC,ElasticNet,-0.4641712682713416,-0.222677351698659
P78527,PRKDC,ElasticNet,0.1755389273545787,-0.09732273532620332
P78527,PRKDC,GradientBoosting,-0.1183308617557755,-0.5104359693403001
P78527,PRKDC,GradientBoosting,-0.4838465320930666,-0.4890806787420033
P78527,PRKDC,GradientBoosting,0.8211826120548598,1.358549245753176
P78527,PRKDC,GradientBoosting,0.2002589861067336,-0.7708109155309399
P78527,PRKDC,GradientBoosting,0.8534027685551625,0.5902097012971884
P78527,PRKDC,GradientBoosting,-1.2478678529596017,0.44089945469050307
P78527,PRKDC,GradientBoosting,0.2199461163774018,-1.2044865601219523
P78527,PRKDC,GradientBoosting,-1.24349643031105,-1.120133011511135
P78527,PRKDC,GradientBoosting,0.132254778287071,0.5103453844053221
P78527,PRKDC,GradientBoosting,-0.5636999130413114,-0.5517974613331607
P78527,PRKDC,GradientBoosting,0.912255382774298,-0.3175764557744032
P78527,PRKDC,GradientBoosting,0.2319955877644149,0.13782183748062848
P78527,PRKDC,GradientBoosting,-0.1473326937810884,0.6221441555754236
P78527,PRKDC,GradientBoosting,-1.1419441543592648,-0.9071244787541787
P78527,PRKDC,GradientBoosting,-0.4327094360553726,-0.20059335159978983
P78527,PRKDC,GradientBoosting,-1.1097005867107814,-0.9234904055363785
P78527,PRKDC,GradientBoosting,-1.9587036500674555,0.09110484174103978
P78527,PRKDC,GradientBoosting,-0.4641712682713416,-1.3607190888321183
P78527,PRKDC,GradientBoosting,0.1755389273545787,0.2645885202977566
P78527,PRKDC,MLP,-0.1183308617557755,-0.21793377316735515
P78527,PRKDC,MLP,-0.4838465320930666,-0.09024639297703921
P78527,PRKDC,MLP,0.8211826120548598,0.7788108543631596
P78527,PRKDC,MLP,0.2002589861067336,-0.518617460429496
P78527,PRKDC,MLP,0.8534027685551625,-0.21793377316735515
P78527,PRKDC,MLP,-1.2478678529596017,-0.16719355911906977
P78527,PRKDC,MLP,0.2199461163774018,-0.5340859361141842
P78527,PRKDC,MLP,-1.24349643031105,-0.21793377316735515
P78527,PRKDC,MLP,0.132254778287071,-0.21793377316735515
P78527,PRKDC,MLP,-0.5636999130413114,-0.3886842326467388
P78527,PRKDC,MLP,0.912255382774298,-0.21793377316735515
P78527,PRKDC,MLP,0.2319955877644149,0.5931636181937425
P78527,PRKDC,MLP,-0.1473326937810884,-0.21793377316735515
P78527,PRKDC,MLP,-1.1419441543592648,-0.10117418225568052
P78527,PRKDC,MLP,-0.4327094360553726,-0.21793377316735515
P78527,PRKDC,MLP,-1.1097005867107814,-0.21793377316735515
P78527,PRKDC,MLP,-1.9587036500674555,-0.21793377316735515
P78527,PRKDC,MLP,-0.4641712682713416,0.20339035976716094
P78527,PRKDC,MLP,0.1755389273545787,-0.21793377316735515
Q00536,CDK16,RandomForest,-0.0489836359192419,0.2698763374159794
Q00536,CDK16,RandomForest,0.8124086157843274,0.855967445564915
Q00536,CDK16,RandomForest,-0.0605163847338656,0.5030539226135416
Q00536,CDK16,RandomForest,-0.157460149867427,0.19677549442476877
Q00536,CDK16,RandomForest,0.0606746128553828,0.8348860265114323
Q00536,CDK16,RandomForest,1.020154100842665,0.5649827978634191
Q00536,CDK16,RandomForest,-0.6843330603984737,0.21712339761598348
Q00536,CDK16,RandomForest,0.5954763125419074,0.08151531701214726
Q00536,CDK16,RandomForest,0.0224389115642242,-0.2857331878037956
Q00536,CDK16,RandomForest,-0.2304643735053793,-0.46843190217864206
Q00536,CDK16,RandomForest,-2.1469026877649133,0.7291817197499014
Q00536,CDK16,RandomForest,-1.753752542518656,0.27859554849099494
Q00536,CDK16,RandomForest,0.4716373422340653,0.6982819641005011
Q00536,CDK16,RandomForest,0.7444221223322637,0.347829570980916
Q00536,CDK16,RandomForest,-0.3729635374407714,0.2783391839594094
Q00536,CDK16,RandomForest,-1.190900284664915,0.34798201050748157
Q00536,CDK16,RandomForest,0.3909521320176021,0.2248094795166068
Q00536,CDK16,RandomForest,-3.611531976060717,0.26929343459005073
Q00536,CDK16,RandomForest,2.039570599278764,0.2572822961057831
Q00536,CDK16,XGBoost,-0.0489836359192419,0.13997963070869446
Q00536,CDK16,XGBoost,0.8124086157843274,1.0810997486114502
Q00536,CDK16,XGBoost,-0.0605163847338656,0.5016700029373169
Q00536,CDK16,XGBoost,-0.157460149867427,-0.08364211767911911
Q00536,CDK16,XGBoost,0.0606746128553828,1.0076611042022705
Q00536,CDK16,XGBoost,1.020154100842665,0.5045087337493896
Q00536,CDK16,XGBoost,-0.6843330603984737,0.3110657334327698
Q00536,CDK16,XGBoost,0.5954763125419074,-0.2827893793582916
Q00536,CDK16,XGBoost,0.0224389115642242,0.19486021995544434
Q00536,CDK16,XGBoost,-0.2304643735053793,0.05008278787136078
Q00536,CDK16,XGBoost,-2.1469026877649133,0.830971360206604
Q00536,CDK16,XGBoost,-1.753752542518656,0.23227623105049133
Q00536,CDK16,XGBoost,0.4716373422340653,0.8824630975723267
Q00536,CDK16,XGBoost,0.7444221223322637,0.4412612318992615
Q00536,CDK16,XGBoost,-0.3729635374407714,0.2584766745567322
Q00536,CDK16,XGBoost,-1.190900284664915,0.5071695446968079
Q00536,CDK16,XGBoost,0.3909521320176021,0.23319663107395172
Q00536,CDK16,XGBoost,-3.611531976060717,0.6438326835632324
Q00536,CDK16,XGBoost,2.039570599278764,-0.43243345618247986
Q00536,CDK16,PLS,-0.0489836359192419,-0.043157972258308
Q00536,CDK16,PLS,0.8124086157843274,0.49827253012882006
Q00536,CDK16,PLS,-0.0605163847338656,0.4641474589668546
Q00536,CDK16,PLS,-0.157460149867427,0.39776541985165587
Q00536,CDK16,PLS,0.0606746128553828,0.5942932194874069
Q00536,CDK16,PLS,1.020154100842665,0.525977478411632
Q00536,CDK16,PLS,-0.6843330603984737,0.03182548037960811
Q00536,CDK16,PLS,0.5954763125419074,0.34230421105918585
Q00536,CDK16,PLS,0.0224389115642242,0.30562453830177283
Q00536,CDK16,PLS,-0.2304643735053793,-1.7635162196207312
Q00536,CDK16,PLS,-2.1469026877649133,0.6682176294810926
Q00536,CDK16,PLS,-1.753752542518656,0.18113540950044743
Q00536,CDK16,PLS,0.4716373422340653,0.6177381965546966
Q00536,CDK16,PLS,0.7444221223322637,0.5051052579188556
Q00536,CDK16,PLS,-0.3729635374407714,0.05577065718917672
Q00536,CDK16,PLS,-1.190900284664915,0.34142418610582276
Q00536,CDK16,PLS,0.3909521320176021,0.2947012899891197
Q00536,CDK16,PLS,-3.611531976060717,0.19348601804463283
Q00536,CDK16,PLS,2.039570599278764,0.05220231282119815
Q00536,CDK16,SVR,-0.0489836359192419,0.059855202109156735
Q00536,CDK16,SVR,0.8124086157843274,0.4513810848619094
Q00536,CDK16,SVR,-0.0605163847338656,0.4522155163708119
Q00536,CDK16,SVR,-0.157460149867427,0.29389432415105954
Q00536,CDK16,SVR,0.0606746128553828,0.5524720738119443
Q00536,CDK16,SVR,1.020154100842665,0.5284442777180405
Q00536,CDK16,SVR,-0.6843330603984737,0.173691162113927
Q00536,CDK16,SVR,0.5954763125419074,0.5806282403085834
Q00536,CDK16,SVR,0.0224389115642242,0.6897182006242841
Q00536,CDK16,SVR,-0.2304643735053793,-1.0171281836978048
Q00536,CDK16,SVR,-2.1469026877649133,0.8119977250690675
Q00536,CDK16,SVR,-1.753752542518656,0.3393952697410667
Q00536,CDK16,SVR,0.4716373422340653,0.7198886446557051
Q00536,CDK16,SVR,0.7444221223322637,0.5173462805022044
Q00536,CDK16,SVR,-0.3729635374407714,0.1912400796365643
Q00536,CDK16,SVR,-1.190900284664915,0.5385665745211048
Q00536,CDK16,SVR,0.3909521320176021,0.619469020715689
Q00536,CDK16,SVR,-3.611531976060717,0.3131180674206482
Q00536,CDK16,SVR,2.039570599278764,-0.07447759189363468
Q00536,CDK16,Lasso,-0.0489836359192419,0.005707527299990842
Q00536,CDK16,Lasso,0.8124086157843274,0.34069530970878203
Q00536,CDK16,Lasso,-0.0605163847338656,0.35811239961107033
Q00536,CDK16,Lasso,-0.157460149867427,0.2673871230076287
Q00536,CDK16,Lasso,0.0606746128553828,0.44670802477163873
Q00536,CDK16,Lasso,1.020154100842665,0.40594479762347524
Q00536,CDK16,Lasso,-0.6843330603984737,0.02099555401389823
Q00536,CDK16,Lasso,0.5954763125419074,0.2804423209372039
Q00536,CDK16,Lasso,0.0224389115642242,0.29529430050267763
Q00536,CDK16,Lasso,-0.2304643735053793,-1.3425024656847113
Q00536,CDK16,Lasso,-2.1469026877649133,0.5102522615994265
Q00536,CDK16,Lasso,-1.753752542518656,0.19709138482008431
Q00536,CDK16,Lasso,0.4716373422340653,0.46680675120772597
Q00536,CDK16,Lasso,0.7444221223322637,0.37413543682664263
Q00536,CDK16,Lasso,-0.3729635374407714,0.07139281838740552
Q00536,CDK16,Lasso,-1.190900284664915,0.29963273748610064
Q00536,CDK16,Lasso,0.3909521320176021,0.26303940707513324
Q00536,CDK16,Lasso,-3.611531976060717,0.1670514314384474
Q00536,CDK16,Lasso,2.039570599278764,-0.018275405445199178
Q00536,CDK16,ElasticNet,-0.0489836359192419,-0.022747259973331532
Q00536,CDK16,ElasticNet,0.8124086157843274,0.39480413326416436
Q00536,CDK16,ElasticNet,-0.0605163847338656,0.38716708186807725
Q00536,CDK16,ElasticNet,-0.157460149867427,0.3030554578533275
Q00536,CDK16,ElasticNet,0.0606746128553828,0.491540805521442
Q00536,CDK16,ElasticNet,1.020154100842665,0.44236916976719637
Q00536,CDK16,ElasticNet,-0.6843330603984737,0.029160457337943424
Q00536,CDK16,ElasticNet,0.5954763125419074,0.31699574506916683
Q00536,CDK16,ElasticNet,0.0224389115642242,0.3195606269386534
Q00536,CDK16,ElasticNet,-0.2304643735053793,-1.4465413013164687
Q00536,CDK16,ElasticNet,-2.1469026877649133,0.5793729272282481
Q00536,CDK16,ElasticNet,-1.753752542518656,0.18515850629436098
Q00536,CDK16,ElasticNet,0.4716373422340653,0.5290947094008993
Q00536,CDK16,ElasticNet,0.7444221223322637,0.41899684844142454
Q00536,CDK16,ElasticNet,-0.3729635374407714,0.06221371518204737
Q00536,CDK16,ElasticNet,-1.190900284664915,0.3196612945105515
Q00536,CDK16,ElasticNet,0.3909521320176021,0.29358245974184
Q00536,CDK16,ElasticNet,-3.611531976060717,0.1752430725694607
Q00536,CDK16,ElasticNet,2.039570599278764,-0.006379723879840676
Q00536,CDK16,GradientBoosting,-0.0489836359192419,0.14682233087781682
Q00536,CDK16,GradientBoosting,0.8124086157843274,0.5641739402102607
Q00536,CDK16,GradientBoosting,-0.0605163847338656,0.25593271623435304
Q00536,CDK16,GradientBoosting,-0.157460149867427,-0.048239150913418335
Q00536,CDK16,GradientBoosting,0.0606746128553828,0.7044951395563582
Q00536,CDK16,GradientBoosting,1.020154100842665,0.2890231140318205
Q00536,CDK16,GradientBoosting,-0.6843330603984737,0.06270879915671426
Q00536,CDK16,GradientBoosting,0.5954763125419074,-0.19927295874263187
Q00536,CDK16,GradientBoosting,0.0224389115642242,-0.6284474553425069
Q00536,CDK16,GradientBoosting,-0.2304643735053793,-0.1930892051268134
Q00536,CDK16,GradientBoosting,-2.1469026877649133,0.7353201579972506
Q00536,CDK16,GradientBoosting,-1.753752542518656,0.3150811997468394
Q00536,CDK16,GradientBoosting,0.4716373422340653,0.8252709682586578
Q00536,CDK16,GradientBoosting,0.7444221223322637,0.30392010725758073
Q00536,CDK16,GradientBoosting,-0.3729635374407714,0.2243421989926468
Q00536,CDK16,GradientBoosting,-1.190900284664915,0.8847146154446941
Q00536,CDK16,GradientBoosting,0.3909521320176021,0.45223543937005894
Q00536,CDK16,GradientBoosting,-3.611531976060717,0.45121523474894054
Q00536,CDK16,GradientBoosting,2.039570599278764,0.860038922602108
Q00536,CDK16,MLP,-0.0489836359192419,-0.08349457018587945
Q00536,CDK16,MLP,0.8124086157843274,-0.06089460842343879
Q00536,CDK16,MLP,-0.0605163847338656,0.13025306228478406
Q00536,CDK16,MLP,-0.157460149867427,-0.06089460842343879
Q00536,CDK16,MLP,0.0606746128553828,0.15380888964561995
Q00536,CDK16,MLP,1.020154100842665,0.18903659321509775
Q00536,CDK16,MLP,-0.6843330603984737,-0.06089460842343879
Q00536,CDK16,MLP,0.5954763125419074,0.12905192037940205
Q00536,CDK16,MLP,0.0224389115642242,0.4595762824944774
Q00536,CDK16,MLP,-0.2304643735053793,-0.06089460842343879
Q00536,CDK16,MLP,-2.1469026877649133,0.2608216877099763
Q00536,CDK16,MLP,-1.753752542518656,0.21328369858330576
Q00536,CDK16,MLP,0.4716373422340653,0.17734196223668852
Q00536,CDK16,MLP,0.7444221223322637,0.0285747276091948
Q00536,CDK16,MLP,-0.3729635374407714,-0.027257040550763653
Q00536,CDK16,MLP,-1.190900284664915,0.3092338807955113
Q00536,CDK16,MLP,0.3909521320176021,0.24468781677726137
Q00536,CDK16,MLP,-3.611531976060717,0.012767854891526445
Q00536,CDK16,MLP,2.039570599278764,-0.06089460842343879
Q00537,CDK17,RandomForest,0.4009859423383386,0.18767399371529173
Q00537,CDK17,RandomForest,0.2702273098362374,-0.42430669069574284
Q00537,CDK17,RandomForest,-1.2530416259963515,-0.5861695891220589
Q00537,CDK17,RandomForest,-0.5595710108991592,-0.6126442974987111
Q00537,CDK17,RandomForest,1.154841276447902,0.1754153155495189
Q00537,CDK17,RandomForest,0.7373441557444445,0.5218475981766809
Q00537,CDK17,RandomForest,-2.789497272092359,-0.6260880339946983
Q00537,CDK17,RandomForest,0.3811532073777813,-1.024747979302621
Q00537,CDK17,RandomForest,0.7983318200679904,-0.9464820395651793
Q00537,CDK17,RandomForest,-0.3868821668672738,-0.192704625110523
Q00537,CDK17,RandomForest,-1.2986664789376394,0.574317356671544
Q00537,CDK17,RandomForest,-2.1383693558107453,0.1667536014845594
Q00537,CDK17,RandomForest,1.021820235559699,0.17294116590355052
Q00537,CDK17,RandomForest,0.8909693552806216,0.38659868209778553
Q00537,CDK17,RandomForest,0.0518163629788941,-1.118952714036066
Q00537,CDK17,RandomForest,-0.2093553457321764,-0.9353730673226363
Q00537,CDK17,RandomForest,0.2243277647975552,-0.9929867709860232
Q00537,CDK17,RandomForest,-3.3953305632596398,0.5427813196345387
Q00537,CDK17,RandomForest,1.951383568939016,-0.09945411921979842
Q00537,CDK17,XGBoost,0.4009859423383386,-0.19236961007118225
Q00537,CDK17,XGBoost,0.2702273098362374,0.5661992430686951
Q00537,CDK17,XGBoost,-1.2530416259963515,-0.6416614055633545
Q00537,CDK17,XGBoost,-0.5595710108991592,-0.5526354908943176
Q00537,CDK17,XGBoost,1.154841276447902,-0.06204461306333542
Q00537,CDK17,XGBoost,0.7373441557444445,0.8216176629066467
Q00537,CDK17,XGBoost,-2.789497272092359,0.14873996376991272
Q00537,CDK17,XGBoost,0.3811532073777813,-0.8158472180366516
Q00537,CDK17,XGBoost,0.7983318200679904,-0.4060930907726288
Q00537,CDK17,XGBoost,-0.3868821668672738,-0.8190789222717285
Q00537,CDK17,XGBoost,-1.2986664789376394,0.44538047909736633
Q00537,CDK17,XGBoost,-2.1383693558107453,0.3777724504470825
Q00537,CDK17,XGBoost,1.021820235559699,0.6105326414108276
Q00537,CDK17,XGBoost,0.8909693552806216,-0.3583039939403534
Q00537,CDK17,XGBoost,0.0518163629788941,-1.420181155204773
Q00537,CDK17,XGBoost,-0.2093553457321764,-0.8545812368392944
Q00537,CDK17,XGBoost,0.2243277647975552,-0.3525230884552002
Q00537,CDK17,XGBoost,-3.3953305632596398,0.1646135151386261
Q00537,CDK17,XGBoost,1.951383568939016,-0.6210982203483582
Q00537,CDK17,PLS,0.4009859423383386,0.11723581774573344
Q00537,CDK17,PLS,0.2702273098362374,0.24520977147452958
Q00537,CDK17,PLS,-1.2530416259963515,-0.4978359078918171
Q00537,CDK17,PLS,-0.5595710108991592,-0.5797621265371575
Q00537,CDK17,PLS,1.154841276447902,0.6782860929691614
Q00537,CDK17,PLS,0.7373441557444445,0.3079673771698619
Q00537,CDK17,PLS,-2.789497272092359,-3.7477765565303516
Q00537,CDK17,PLS,0.3811532073777813,-1.8957922097054072
Q00537,CDK17,PLS,0.7983318200679904,-1.2860758419404204
Q00537,CDK17,PLS,-0.3868821668672738,0.1631722110362961
Q00537,CDK17,PLS,-1.2986664789376394,0.7971710770900685
Q00537,CDK17,PLS,-2.1383693558107453,-0.004155145205954544
Q00537,CDK17,PLS,1.021820235559699,-0.4274703143395575
Q00537,CDK17,PLS,0.8909693552806216,0.010388569984729049
Q00537,CDK17,PLS,0.0518163629788941,-0.03080550896516754
Q00537,CDK17,PLS,-0.2093553457321764,-0.9260834064005814
Q00537,CDK17,PLS,0.2243277647975552,-1.8144048371132775
Q00537,CDK17,PLS,-3.3953305632596398,0.01888621861539573
Q00537,CDK17,PLS,1.951383568939016,0.6912342520170501
Q00537,CDK17,SVR,0.4009859423383386,0.12906004657013945
Q00537,CDK17,SVR,0.2702273098362374,0.8258440511175611
Q00537,CDK17,SVR,-1.2530416259963515,-0.3203682126422869
Q00537,CDK17,SVR,-0.5595710108991592,-0.7375136289145425
Q00537,CDK17,SVR,1.154841276447902,0.9371569533894084
Q00537,CDK17,SVR,0.7373441557444445,0.6852996027346805
Q00537,CDK17,SVR,-2.789497272092359,-0.808618885565026
Q00537,CDK17,SVR,0.3811532073777813,-1.9411503284484206
Q00537,CDK17,SVR,0.7983318200679904,-1.2545905571932694
Q00537,CDK17,SVR,-0.3868821668672738,0.3311452741879324
Q00537,CDK17,SVR,-1.2986664789376394,1.3723943697251335
Q00537,CDK17,SVR,-2.1383693558107453,-0.2972965041868496
Q00537,CDK17,SVR,1.021820235559699,-0.2265604104284437
Q00537,CDK17,SVR,0.8909693552806216,0.25338755633766175
Q00537,CDK17,SVR,0.0518163629788941,0.1183223070840824
Q00537,CDK17,SVR,-0.2093553457321764,-1.1942621279757997
Q00537,CDK17,SVR,0.2243277647975552,-1.481339786457642
Q00537,CDK17,SVR,-3.3953305632596398,0.3462840736489615
Q00537,CDK17,SVR,1.951383568939016,0.407692144139175
Q00537,CDK17,Lasso,0.4009859423383386,0.13366015395421624
Q00537,CDK17,Lasso,0.2702273098362374,0.40720922242398455
Q00537,CDK17,Lasso,-1.2530416259963515,-0.3941238758385025
Q00537,CDK17,Lasso,-0.5595710108991592,-0.3808715030209485
Q00537,CDK17,Lasso,1.154841276447902,0.7069512306069405
Q00537,CDK17,Lasso,0.7373441557444445,0.3076188735110852
Q00537,CDK17,Lasso,-2.789497272092359,-0.7142029625690047
Q00537,CDK17,Lasso,0.3811532073777813,-1.147012208818544
Q00537,CDK17,Lasso,0.7983318200679904,-0.7338934041793759
Q00537,CDK17,Lasso,-0.3868821668672738,0.1679423340130426
Q00537,CDK17,Lasso,-1.2986664789376394,0.6741219304344443
Q00537,CDK17,Lasso,-2.1383693558107453,-0.13862207455617515
Q00537,CDK17,Lasso,1.021820235559699,-0.17384349467554727
Q00537,CDK17,Lasso,0.8909693552806216,0.11298091047757627
Q00537,CDK17,Lasso,0.0518163629788941,0.1216292950260306
Q00537,CDK17,Lasso,-0.2093553457321764,-0.6033377287634318
Q00537,CDK17,Lasso,0.2243277647975552,-0.9335934312146187
Q00537,CDK17,Lasso,-3.3953305632596398,0.12738469202043834
Q00537,CDK17,Lasso,1.951383568939016,0.1668376112618602
Q00537,CDK17,ElasticNet,0.4009859423383386,0.06256513092686797
Q00537,CDK17,ElasticNet,0.2702273098362374,0.3320779882092023
Q00537,CDK17,ElasticNet,-1.2530416259963515,-0.3310705838931093
Q00537,CDK17,ElasticNet,-0.5595710108991592,-0.4457178001147464
Q00537,CDK17,ElasticNet,1.154841276447902,0.6567378645466401
Q00537,CDK17,ElasticNet,0.7373441557444445,0.3641002224891078
Q00537,CDK17,ElasticNet,-2.789497272092359,-0.8738761817547258
Q00537,CDK17,ElasticNet,0.3811532073777813,-1.3053980893659394
Q00537,CDK17,ElasticNet,0.7983318200679904,-0.8794009055826866
Q00537,CDK17,ElasticNet,-0.3868821668672738,0.22539587991002838
Q00537,CDK17,ElasticNet,-1.2986664789376394,0.8001623799948515
Q00537,CDK17,ElasticNet,-2.1383693558107453,-0.1875819638383822
Q00537,CDK17,ElasticNet,1.021820235559699,-0.18961921389816805
Q00537,CDK17,ElasticNet,0.8909693552806216,0.1467157612987385
Q00537,CDK17,ElasticNet,0.0518163629788941,0.04261321853764629
Q00537,CDK17,ElasticNet,-0.2093553457321764,-0.6529983071540999
Q00537,CDK17,ElasticNet,0.2243277647975552,-1.1725460551355804
Q00537,CDK17,ElasticNet,-3.3953305632596398,0.1006390217166069
Q00537,CDK17,ElasticNet,1.951383568939016,0.3529071177399955
Q00537,CDK17,GradientBoosting,0.4009859423383386,0.2418695043428451
Q00537,CDK17,GradientBoosting,0.2702273098362374,-0.6587940160496221
Q00537,CDK17,GradientBoosting,-1.2530416259963515,-0.4235503877688703
Q00537,CDK17,GradientBoosting,-0.5595710108991592,-0.6003428606483695
Q00537,CDK17,GradientBoosting,1.154841276447902,0.7361715278681893
Q00537,CDK17,GradientBoosting,0.7373441557444445,0.6993748718528203
Q00537,CDK17,GradientBoosting,-2.789497272092359,-0.2640987314125663
Q00537,CDK17,GradientBoosting,0.3811532073777813,-2.2251164740299116
Q00537,CDK17,GradientBoosting,0.7983318200679904,-1.351274415526393
Q00537,CDK17,GradientBoosting,-0.3868821668672738,-0.41637703062207654
Q00537,CDK17,GradientBoosting,-1.2986664789376394,0.6687467692829313
Q00537,CDK17,GradientBoosting,-2.1383693558107453,0.1516522695597839
Q00537,CDK17,GradientBoosting,1.021820235559699,0.603753398333624
Q00537,CDK17,GradientBoosting,0.8909693552806216,0.8332466729445924
Q00537,CDK17,GradientBoosting,0.0518163629788941,-1.687724410107688
Q00537,CDK17,GradientBoosting,-0.2093553457321764,-1.2024201207005991
Q00537,CDK17,GradientBoosting,0.2243277647975552,-1.6846917177842915
Q00537,CDK17,GradientBoosting,-3.3953305632596398,0.8418251475543371
Q00537,CDK17,GradientBoosting,1.951383568939016,0.04574475234762976
Q00537,CDK17,MLP,0.4009859423383386,0.5513736608528416
Q00537,CDK17,MLP,0.2702273098362374,-0.7506976081315071
Q00537,CDK17,MLP,-1.2530416259963515,0.15694855060168933
Q00537,CDK17,MLP,-0.5595710108991592,-0.886457500335923
Q00537,CDK17,MLP,1.154841276447902,0.8844883775708676
Q00537,CDK17,MLP,0.7373441557444445,0.6193355053529717
Q00537,CDK17,MLP,-2.789497272092359,-1.1476247718650212
Q00537,CDK17,MLP,0.3811532073777813,-1.573752649658473
Q00537,CDK17,MLP,0.7983318200679904,-0.3734052339445878
Q00537,CDK17,MLP,-0.3868821668672738,-0.2722986423250179
Q00537,CDK17,MLP,-1.2986664789376394,0.7061735198903214
Q00537,CDK17,MLP,-2.1383693558107453,0.22873876888170183
Q00537,CDK17,MLP,1.021820235559699,0.07491777918217679
Q00537,CDK17,MLP,0.8909693552806216,0.4936448774229769
Q00537,CDK17,MLP,0.0518163629788941,0.5163114987950503
Q00537,CDK17,MLP,-0.2093553457321764,-1.3016216346456524
Q00537,CDK17,MLP,0.2243277647975552,0.40599194659211724
Q00537,CDK17,MLP,-3.3953305632596398,-0.18171169218125083
Q00537,CDK17,MLP,1.951383568939016,-0.0873765048858477
Q05397,PTK2,RandomForest,1.9328051683010723,1.7907339593123077
Q05397,PTK2,RandomForest,1.3906188783282445,0.19751584749679513
Q05397,PTK2,RandomForest,0.2775993866351032,1.0553079499898386
Q05397,PTK2,RandomForest,-0.7914618710585177,-1.2512991921978118
Q05397,PTK2,RandomForest,0.925543982459118,0.6021204077402501
Q05397,PTK2,RandomForest,0.8757262360472277,-0.5891338976168611
Q05397,PTK2,RandomForest,-0.7371635714555484,0.6009218816575863
Q05397,PTK2,RandomForest,1.1825907809466265,0.32804712924565316
Q05397,PTK2,RandomForest,0.3394782665978417,0.8041401220077821
Q05397,PTK2,RandomForest,-0.4725905431403341,-0.5115449985284357
Q05397,PTK2,RandomForest,0.8944003458956478,0.7781877016397033
Q05397,PTK2,RandomForest,0.4221601922608449,0.897536866846746
Q05397,PTK2,RandomForest,0.8112215589823029,0.2949016219333729
Q05397,PTK2,RandomForest,0.5842371897440909,0.09470337599510283
Q05397,PTK2,RandomForest,-0.6039055023882799,0.6009101333337007
Q05397,PTK2,RandomForest,0.8470322269408462,0.8196599538972704
Q05397,PTK2,RandomForest,-0.396788000993161,0.5279747399763312
Q05397,PTK2,RandomForest,-0.4288382447835647,0.26100250149610627
Q05397,PTK2,RandomForest,1.0992482662506546,0.722724879905977
Q05397,PTK2,XGBoost,1.9328051683010723,1.7288050651550293
Q05397,PTK2,XGBoost,1.3906188783282445,0.5895353555679321
Q05397,PTK2,XGBoost,0.2775993866351032,1.107576608657837
Q05397,PTK2,XGBoost,-0.7914618710585177,0.3164900541305542
Q05397,PTK2,XGBoost,0.925543982459118,0.4726533889770508
Q05397,PTK2,XGBoost,0.8757262360472277,-0.760187566280365
Q05397,PTK2,XGBoost,-0.7371635714555484,0.4766502380371094
Q05397,PTK2,XGBoost,1.1825907809466265,0.3431859016418457
Q05397,PTK2,XGBoost,0.3394782665978417,0.6500988602638245
Q05397,PTK2,XGBoost,-0.4725905431403341,-1.2387391328811646
Q05397,PTK2,XGBoost,0.8944003458956478,0.41400814056396484
Q05397,PTK2,XGBoost,0.4221601922608449,0.8203622698783875
Q05397,PTK2,XGBoost,0.8112215589823029,0.3431859016418457
Q05397,PTK2,XGBoost,0.5842371897440909,0.6550770998001099
Q05397,PTK2,XGBoost,-0.6039055023882799,0.5918074250221252
Q05397,PTK2,XGBoost,0.8470322269408462,0.6305145025253296
Q05397,PTK2,XGBoost,-0.396788000993161,0.19146780669689178
Q05397,PTK2,XGBoost,-0.4288382447835647,-0.07185894250869751
Q05397,PTK2,XGBoost,1.0992482662506546,0.5790750980377197
Q05397,PTK2,PLS,1.9328051683010723,1.3128947591023463
Q05397,PTK2,PLS,1.3906188783282445,-0.10172940549539311
Q05397,PTK2,PLS,0.2775993866351032,0.8632334152806164
Q05397,PTK2,PLS,-0.7914618710585177,0.07583649291729105
Q05397,PTK2,PLS,0.925543982459118,0.5482618297448661
Q05397,PTK2,PLS,0.8757262360472277,0.11697498626354796
Q05397,PTK2,PLS,-0.7371635714555484,0.7745042989955796
Q05397,PTK2,PLS,1.1825907809466265,0.8530621648038998
Q05397,PTK2,PLS,0.3394782665978417,0.9356677826688186
Q05397,PTK2,PLS,-0.4725905431403341,-0.2995485064410284
Q05397,PTK2,PLS,0.8944003458956478,0.6137850819192163
Q05397,PTK2,PLS,0.4221601922608449,0.8344177577243344
Q05397,PTK2,PLS,0.8112215589823029,0.8495929593567924
Q05397,PTK2,PLS,0.5842371897440909,-0.18907070030112494
Q05397,PTK2,PLS,-0.6039055023882799,0.302076084729964
Q05397,PTK2,PLS,0.8470322269408462,1.0177121122547326
Q05397,PTK2,PLS,-0.396788000993161,0.4914953979695561
Q05397,PTK2,PLS,-0.4288382447835647,0.4183208913635708
Q05397,PTK2,PLS,1.0992482662506546,0.8414620064672353
Q05397,PTK2,SVR,1.9328051683010723,1.0074176512783823
Q05397,PTK2,SVR,1.3906188783282445,0.06434002650236553
Q05397,PTK2,SVR,0.2775993866351032,0.7783382804029071
Q05397,PTK2,SVR,-0.7914618710585177,0.2679511206441599
Q05397,PTK2,SVR,0.925543982459118,0.5228556943879145
Q05397,PTK2,SVR,0.8757262360472277,0.22219206679942394
Q05397,PTK2,SVR,-0.7371635714555484,0.7711500696024509
Q05397,PTK2,SVR,1.1825907809466265,0.7357625782340178
Q05397,PTK2,SVR,0.3394782665978417,0.8642849511818986
Q05397,PTK2,SVR,-0.4725905431403341,-0.23422585754766384
Q05397,PTK2,SVR,0.8944003458956478,0.45523905230711575
Q05397,PTK2,SVR,0.4221601922608449,0.7091518738426992
Q05397,PTK2,SVR,0.8112215589823029,0.7316134264626437
Q05397,PTK2,SVR,0.5842371897440909,-0.03509728977261112
Q05397,PTK2,SVR,-0.6039055023882799,0.29868987079495624
Q05397,PTK2,SVR,0.8470322269408462,0.9068927941944072
Q05397,PTK2,SVR,-0.396788000993161,0.5034355915791108
Q05397,PTK2,SVR,-0.4288382447835647,0.5970873720273164
Q05397,PTK2,SVR,1.0992482662506546,0.8216991577772943
Q05397,PTK2,Lasso,1.9328051683010723,1.2188472495077414
Q05397,PTK2,Lasso,1.3906188783282445,-0.054309276609280865
Q05397,PTK2,Lasso,0.2775993866351032,0.645955982898637
Q05397,PTK2,Lasso,-0.7914618710585177,-0.09333188662148068
Q05397,PTK2,Lasso,0.925543982459118,0.4808952614977239
Q05397,PTK2,Lasso,0.8757262360472277,0.12221175077052987
Q05397,PTK2,Lasso,-0.7371635714555484,0.5800611606137822
Q05397,PTK2,Lasso,1.1825907809466265,0.7339715277498732
Q05397,PTK2,Lasso,0.3394782665978417,0.7329755818327393
Q05397,PTK2,Lasso,-0.4725905431403341,-0.06104943992740791
Q05397,PTK2,Lasso,0.8944003458956478,0.6467031230343618
Q05397,PTK2,Lasso,0.4221601922608449,0.678946144434027
Q05397,PTK2,Lasso,0.8112215589823029,0.7327867446329868
Q05397,PTK2,Lasso,0.5842371897440909,-0.08914643733075772
Q05397,PTK2,Lasso,-0.6039055023882799,0.3277764154766098
Q05397,PTK2,Lasso,0.8470322269408462,0.815541356861555
Q05397,PTK2,Lasso,-0.396788000993161,0.4138836248829884
Q05397,PTK2,Lasso,-0.4288382447835647,0.5886179344337058
Q05397,PTK2,Lasso,1.0992482662506546,0.631944016002712
Q05397,PTK2,ElasticNet,1.9328051683010723,1.2736750404118178
Q05397,PTK2,ElasticNet,1.3906188783282445,-0.07250338378805649
Q05397,PTK2,ElasticNet,0.2775993866351032,0.7203488730698671
Q05397,PTK2,ElasticNet,-0.7914618710585177,-0.0515883787922502
Q05397,PTK2,ElasticNet,0.925543982459118,0.5094388744135484
Q05397,PTK2,ElasticNet,0.8757262360472277,0.12090446216206902
Q05397,PTK2,ElasticNet,-0.7371635714555484,0.653429652903503
Q05397,PTK2,ElasticNet,1.1825907809466265,0.7837470205773418
Q05397,PTK2,ElasticNet,0.3394782665978417,0.8113105804790905
Q05397,PTK2,ElasticNet,-0.4725905431403341,-0.14465476774994007
Q05397,PTK2,ElasticNet,0.8944003458956478,0.643299453591233
Q05397,PTK2,ElasticNet,0.4221601922608449,0.7337680924034418
Q05397,PTK2,ElasticNet,0.8112215589823029,0.7817648275858244
Q05397,PTK2,ElasticNet,0.5842371897440909,-0.12578394402484921
Q05397,PTK2,ElasticNet,-0.6039055023882799,0.3223614615203147
Q05397,PTK2,ElasticNet,0.8470322269408462,0.8948574711497349
Q05397,PTK2,ElasticNet,-0.396788000993161,0.44498792716842644
Q05397,PTK2,ElasticNet,-0.4288382447835647,0.5131787909321571
Q05397,PTK2,ElasticNet,1.0992482662506546,0.7111933239982797
Q05397,PTK2,GradientBoosting,1.9328051683010723,2.045918448287524
Q05397,PTK2,GradientBoosting,1.3906188783282445,0.20217231529213156
Q05397,PTK2,GradientBoosting,0.2775993866351032,0.767874850101467
Q05397,PTK2,GradientBoosting,-0.7914618710585177,-0.9382343422268785
Q05397,PTK2,GradientBoosting,0.925543982459118,0.512649991748841
Q05397,PTK2,GradientBoosting,0.8757262360472277,-0.7588554951139921
Q05397,PTK2,GradientBoosting,-0.7371635714555484,0.05453683059433147
Q05397,PTK2,GradientBoosting,1.1825907809466265,0.46746296504931617
Q05397,PTK2,GradientBoosting,0.3394782665978417,0.14031347291435262
Q05397,PTK2,GradientBoosting,-0.4725905431403341,-1.0452403753446973
Q05397,PTK2,GradientBoosting,0.8944003458956478,0.6046783636600933
Q05397,PTK2,GradientBoosting,0.4221601922608449,0.6108150742887103
Q05397,PTK2,GradientBoosting,0.8112215589823029,0.1781478792326503
Q05397,PTK2,GradientBoosting,0.5842371897440909,0.25865292061203493
Q05397,PTK2,GradientBoosting,-0.6039055023882799,0.5106486264162088
Q05397,PTK2,GradientBoosting,0.8470322269408462,-0.12607365807459717
Q05397,PTK2,GradientBoosting,-0.396788000993161,0.4343720458916577
Q05397,PTK2,GradientBoosting,-0.4288382447835647,0.2059168451291314
Q05397,PTK2,GradientBoosting,1.0992482662506546,1.1219375692915898
Q05397,PTK2,MLP,1.9328051683010723,1.7421693989202487
Q05397,PTK2,MLP,1.3906188783282445,-0.3136676630689373
Q05397,PTK2,MLP,0.2775993866351032,0.9204561086284022
Q05397,PTK2,MLP,-0.7914618710585177,-0.07962792157678278
Q05397,PTK2,MLP,0.925543982459118,0.4940962507923191
Q05397,PTK2,MLP,0.8757262360472277,-0.05153716877023068
Q05397,PTK2,MLP,-0.7371635714555484,0.6115525142024644
Q05397,PTK2,MLP,1.1825907809466265,0.9413617669459127
Q05397,PTK2,MLP,0.3394782665978417,0.8942493090486408
Q05397,PTK2,MLP,-0.4725905431403341,-0.1439594021461745
Q05397,PTK2,MLP,0.8944003458956478,0.871147993401477
Q05397,PTK2,MLP,0.4221601922608449,0.9946937670850649
Q05397,PTK2,MLP,0.8112215589823029,0.9403730872771001
Q05397,PTK2,MLP,0.5842371897440909,-0.3231640267873388
Q05397,PTK2,MLP,-0.6039055023882799,0.3191935234068125
Q05397,PTK2,MLP,0.8470322269408462,1.0495833304498248
Q05397,PTK2,MLP,-0.396788000993161,0.36857216773348755
Q05397,PTK2,MLP,-0.4288382447835647,-0.3700095586252028
Q05397,PTK2,MLP,1.0992482662506546,0.7008263453113401
Q05655,PRKCD,RandomForest,0.6559092358013868,-0.6342008978293171
Q05655,PRKCD,RandomForest,-1.4070988587568531,-1.283144718120605
Q05655,PRKCD,RandomForest,-0.1810425311408948,-1.0256187795222398
Q05655,PRKCD,RandomForest,0.7904708816528004,-1.1244975353092272
Q05655,PRKCD,RandomForest,0.0583741670430944,-0.8463145226103049
Q05655,PRKCD,RandomForest,-0.1487471913936255,-1.0401338627497059
Q05655,PRKCD,RandomForest,-1.393283349609108,-1.0196621251481173
Q05655,PRKCD,RandomForest,-1.5919215871821697,-1.433661706064364
Q05655,PRKCD,RandomForest,-0.0341895611560914,-1.7788004651233122
Q05655,PRKCD,RandomForest,-0.4531175519171854,-1.0492341827445173
Q05655,PRKCD,RandomForest,-2.776441824703647,-1.0469587434839078
Q05655,PRKCD,RandomForest,-0.8196853994700667,-0.5938907403035338
Q05655,PRKCD,RandomForest,-2.4845992077505388,-1.015406435646711
Q05655,PRKCD,RandomForest,-0.5949525408577556,-1.0100662282952246
Q05655,PRKCD,RandomForest,-1.861943058748392,-0.9488497499834574
Q05655,PRKCD,RandomForest,-1.2876439375341913,-1.6528415374729013
Q05655,PRKCD,RandomForest,-2.2784950618114257,-1.5863295739076668
Q05655,PRKCD,RandomForest,-1.0528657530251926,-1.1253999979406055
Q05655,PRKCD,RandomForest,-1.579094125839791,-0.946725421905365
Q05655,PRKCD,XGBoost,0.6559092358013868,-0.503242552280426
Q05655,PRKCD,XGBoost,-1.4070988587568531,-0.7082411050796509
Q05655,PRKCD,XGBoost,-0.1810425311408948,-1.6420427560806274
Q05655,PRKCD,XGBoost,0.7904708816528004,-1.2154277563095093
Q05655,PRKCD,XGBoost,0.0583741670430944,-0.9464054703712463
Q05655,PRKCD,XGBoost,-0.1487471913936255,-1.4963630437850952
Q05655,PRKCD,XGBoost,-1.393283349609108,-1.2852094173431396
Q05655,PRKCD,XGBoost,-1.5919215871821697,-2.4118595123291016
Q05655,PRKCD,XGBoost,-0.0341895611560914,-2.392033338546753
Q05655,PRKCD,XGBoost,-0.4531175519171854,-0.8438194990158081
Q05655,PRKCD,XGBoost,-2.776441824703647,-1.530680537223816
Q05655,PRKCD,XGBoost,-0.8196853994700667,-0.3877662420272827
Q05655,PRKCD,XGBoost,-2.4845992077505388,-1.5912481546401978
Q05655,PRKCD,XGBoost,-0.5949525408577556,-0.9898967742919922
Q05655,PRKCD,XGBoost,-1.861943058748392,-1.4406813383102417
Q05655,PRKCD,XGBoost,-1.2876439375341913,-1.5982595682144165
Q05655,PRKCD,XGBoost,-2.2784950618114257,-2.4118595123291016
Q05655,PRKCD,XGBoost,-1.0528657530251926,-0.6870003342628479
Q05655,PRKCD,XGBoost,-1.579094125839791,-1.4133332967758179
Q05655,PRKCD,PLS,0.6559092358013868,-0.47660197320015785
Q05655,PRKCD,PLS,-1.4070988587568531,-1.0141134714303988
Q05655,PRKCD,PLS,-0.1810425311408948,-1.7252128280553705
Q05655,PRKCD,PLS,0.7904708816528004,-1.280930400679304
Q05655,PRKCD,PLS,0.0583741670430944,-0.8469185651438562
Q05655,PRKCD,PLS,-0.1487471913936255,-1.0365815561288358
Q05655,PRKCD,PLS,-1.393283349609108,-1.4922220508989295
Q05655,PRKCD,PLS,-1.5919215871821697,-1.3768386321880557
Q05655,PRKCD,PLS,-0.0341895611560914,-1.0556916757143158
Q05655,PRKCD,PLS,-0.4531175519171854,-1.3574626010802011
Q05655,PRKCD,PLS,-2.776441824703647,-1.97053710081744
Q05655,PRKCD,PLS,-0.8196853994700667,-0.638074289373978
Q05655,PRKCD,PLS,-2.4845992077505388,-1.5681374301349493
Q05655,PRKCD,PLS,-0.5949525408577556,-1.1573033254578609
Q05655,PRKCD,PLS,-1.861943058748392,-0.9593392146920239
Q05655,PRKCD,PLS,-1.2876439375341913,-1.3959339876808974
Q05655,PRKCD,PLS,-2.2784950618114257,-1.2953766797862896
Q05655,PRKCD,PLS,-1.0528657530251926,-0.7696723762319004
Q05655,PRKCD,PLS,-1.579094125839791,-1.272932116680317
Q05655,PRKCD,SVR,0.6559092358013868,-0.7247513872603863
Q05655,PRKCD,SVR,-1.4070988587568531,-1.112549547153802
Q05655,PRKCD,SVR,-0.1810425311408948,-1.3962068659208788
Q05655,PRKCD,SVR,0.7904708816528004,-1.085059495759849
Q05655,PRKCD,SVR,0.0583741670430944,-0.675485229909004
Q05655,PRKCD,SVR,-0.1487471913936255,-1.3071541503477222
Q05655,PRKCD,SVR,-1.393283349609108,-1.079311240704762
Q05655,PRKCD,SVR,-1.5919215871821697,-1.3876777864731569
Q05655,PRKCD,SVR,-0.0341895611560914,-1.306872825641806
Q05655,PRKCD,SVR,-0.4531175519171854,-1.3284021733837925
Q05655,PRKCD,SVR,-2.776441824703647,-1.7940947775158125
Q05655,PRKCD,SVR,-0.8196853994700667,-0.5677872774584631
Q05655,PRKCD,SVR,-2.4845992077505388,-1.4735569803696396
Q05655,PRKCD,SVR,-0.5949525408577556,-1.0831807954928443
Q05655,PRKCD,SVR,-1.861943058748392,-1.031980147901214
Q05655,PRKCD,SVR,-1.2876439375341913,-1.500231436951003
Q05655,PRKCD,SVR,-2.2784950618114257,-1.341167945643651
Q05655,PRKCD,SVR,-1.0528657530251926,-0.7703530869939557
Q05655,PRKCD,SVR,-1.579094125839791,-1.2276420577916174
Q05655,PRKCD,Lasso,0.6559092358013868,-1.0265356231209077
Q05655,PRKCD,Lasso,-1.4070988587568531,-1.0690238223145772
Q05655,PRKCD,Lasso,-0.1810425311408948,-1.3876614178159015
Q05655,PRKCD,Lasso,0.7904708816528004,-1.2947132260235918
Q05655,PRKCD,Lasso,0.0583741670430944,-0.9715585893825929
Q05655,PRKCD,Lasso,-0.1487471913936255,-1.0393482028604228
Q05655,PRKCD,Lasso,-1.393283349609108,-1.1967922919567784
Q05655,PRKCD,Lasso,-1.5919215871821697,-1.2832494614041918
Q05655,PRKCD,Lasso,-0.0341895611560914,-1.1571130434652266
Q05655,PRKCD,Lasso,-0.4531175519171854,-1.335532698219649
Q05655,PRKCD,Lasso,-2.776441824703647,-1.416917521672389
Q05655,PRKCD,Lasso,-0.8196853994700667,-1.1893178624405873
Q05655,PRKCD,Lasso,-2.4845992077505388,-1.3267145888233862
Q05655,PRKCD,Lasso,-0.5949525408577556,-1.1306677478887983
Q05655,PRKCD,Lasso,-1.861943058748392,-1.1612345534111688
Q05655,PRKCD,Lasso,-1.2876439375341913,-1.296976398567831
Q05655,PRKCD,Lasso,-2.2784950618114257,-1.2659233372809393
Q05655,PRKCD,Lasso,-1.0528657530251926,-0.9061427149967052
Q05655,PRKCD,Lasso,-1.579094125839791,-1.2275653832354305
Q05655,PRKCD,ElasticNet,0.6559092358013868,-0.7704488455828983
Q05655,PRKCD,ElasticNet,-1.4070988587568531,-1.04906743024449
Q05655,PRKCD,ElasticNet,-0.1810425311408948,-1.5257732675360143
Q05655,PRKCD,ElasticNet,0.7904708816528004,-1.2826431225374164
Q05655,PRKCD,ElasticNet,0.0583741670430944,-0.9236186452538595
Q05655,PRKCD,ElasticNet,-0.1487471913936255,-1.0518724640288084
Q05655,PRKCD,ElasticNet,-1.393283349609108,-1.341253025073726
Q05655,PRKCD,ElasticNet,-1.5919215871821697,-1.3213483175606702
Q05655,PRKCD,ElasticNet,-0.0341895611560914,-1.1189928146996302
Q05655,PRKCD,ElasticNet,-0.4531175519171854,-1.342521781228939
Q05655,PRKCD,ElasticNet,-2.776441824703647,-1.6674523039133151
Q05655,PRKCD,ElasticNet,-0.8196853994700667,-0.9127249802513357
Q05655,PRKCD,ElasticNet,-2.4845992077505388,-1.4298563156180266
Q05655,PRKCD,ElasticNet,-0.5949525408577556,-1.1497647205042767
Q05655,PRKCD,ElasticNet,-1.861943058748392,-1.0650641646828336
Q05655,PRKCD,ElasticNet,-1.2876439375341913,-1.3452899629402184
Q05655,PRKCD,ElasticNet,-2.2784950618114257,-1.2745162833192607
Q05655,PRKCD,ElasticNet,-1.0528657530251926,-0.8579238980906061
Q05655,PRKCD,ElasticNet,-1.579094125839791,-1.2440066457246535
Q05655,PRKCD,GradientBoosting,0.6559092358013868,-0.577873309364667
Q05655,PRKCD,GradientBoosting,-1.4070988587568531,-1.2140016449482252
Q05655,PRKCD,GradientBoosting,-0.1810425311408948,-1.659907929770758
Q05655,PRKCD,GradientBoosting,0.7904708816528004,-0.882562634212108
Q05655,PRKCD,GradientBoosting,0.0583741670430944,-1.1451561416036005
Q05655,PRKCD,GradientBoosting,-0.1487471913936255,-1.2614328259938818
Q05655,PRKCD,GradientBoosting,-1.393283349609108,-1.5245496573038655
Q05655,PRKCD,GradientBoosting,-1.5919215871821697,-1.5804984744670492
Q05655,PRKCD,GradientBoosting,-0.0341895611560914,-1.9211892373955775
Q05655,PRKCD,GradientBoosting,-0.4531175519171854,-0.61723113561734
Q05655,PRKCD,GradientBoosting,-2.776441824703647,-1.9519778835379773
Q05655,PRKCD,GradientBoosting,-0.8196853994700667,-0.45024975476748613
Q05655,PRKCD,GradientBoosting,-2.4845992077505388,-1.1782729655035602
Q05655,PRKCD,GradientBoosting,-0.5949525408577556,-0.717073849567828
Q05655,PRKCD,GradientBoosting,-1.861943058748392,-0.9623195367594851
Q05655,PRKCD,GradientBoosting,-1.2876439375341913,-1.5154439696942996
Q05655,PRKCD,GradientBoosting,-2.2784950618114257,-1.5220306154035146
Q05655,PRKCD,GradientBoosting,-1.0528657530251926,-0.867045648893965
Q05655,PRKCD,GradientBoosting,-1.579094125839791,-1.0395476913099584
Q05655,PRKCD,MLP,0.6559092358013868,-0.5334941845621842
Q05655,PRKCD,MLP,-1.4070988587568531,-1.066376361167152
Q05655,PRKCD,MLP,-0.1810425311408948,1.056233435073767
Q05655,PRKCD,MLP,0.7904708816528004,-2.0045443554477536
Q05655,PRKCD,MLP,0.0583741670430944,-0.8028743710985671
Q05655,PRKCD,MLP,-0.1487471913936255,-0.3224168849937741
Q05655,PRKCD,MLP,-1.393283349609108,-1.1686964550307506
Q05655,PRKCD,MLP,-1.5919215871821697,-1.3509296941735203
Q05655,PRKCD,MLP,-0.0341895611560914,-1.023361435042792
Q05655,PRKCD,MLP,-0.4531175519171854,-2.75936709934824
Q05655,PRKCD,MLP,-2.776441824703647,-1.6331606003141168
Q05655,PRKCD,MLP,-0.8196853994700667,0.2761718955935397
Q05655,PRKCD,MLP,-2.4845992077505388,-1.0491976910622793
Q05655,PRKCD,MLP,-0.5949525408577556,-1.1663827726074842
Q05655,PRKCD,MLP,-1.861943058748392,-0.9369070630500576
Q05655,PRKCD,MLP,-1.2876439375341913,-1.2986627310810033
Q05655,PRKCD,MLP,-2.2784950618114257,-1.3592034396657524
Q05655,PRKCD,MLP,-1.0528657530251926,-1.2357443122853486
Q05655,PRKCD,MLP,-1.579094125839791,-0.8296691054950143
Q06187,BTK,RandomForest,0.2241951797045536,0.4251225927481295
Q06187,BTK,RandomForest,3.116582978878132,2.3601736233440223
Q06187,BTK,RandomForest,0.019348539746229,0.05288955807273834
Q06187,BTK,RandomForest,-1.067877886941409,-0.6410989979632117
Q06187,BTK,RandomForest,1.2079445888555362,0.12325348065168579
Q06187,BTK,RandomForest,2.740886948260533,2.083409443473012
Q06187,BTK,RandomForest,-1.0193045721895602,1.1042412815195775
Q06187,BTK,RandomForest,0.1844268651613904,-0.49475265016166076
Q06187,BTK,RandomForest,0.530437751944154,0.3861107399220672
Q06187,BTK,RandomForest,-0.4249757416115504,-0.5967414048098878
Q06187,BTK,RandomForest,1.556551041612991,0.31254211886985706
Q06187,BTK,RandomForest,0.4646048394470759,0.9241718362993845
Q06187,BTK,RandomForest,0.8830934463968503,-0.01349459543428499
Q06187,BTK,RandomForest,3.0572404480177533,1.8579559422644454
Q06187,BTK,RandomForest,-1.4840996451688229,-0.8231724605041848
Q06187,BTK,RandomForest,0.8868720721489403,0.08826719442990655
Q06187,BTK,RandomForest,0.2646107248228074,0.18994297588506534
Q06187,BTK,RandomForest,-0.1052216050037029,0.7531448955165468
Q06187,BTK,RandomForest,0.584293916207123,0.874008133835498
Q06187,BTK,XGBoost,0.2241951797045536,1.6708755493164062
Q06187,BTK,XGBoost,3.116582978878132,2.9610955715179443
Q06187,BTK,XGBoost,0.019348539746229,0.0254354365170002
Q06187,BTK,XGBoost,-1.067877886941409,0.15670345723628998
Q06187,BTK,XGBoost,1.2079445888555362,-0.24481716752052307
Q06187,BTK,XGBoost,2.740886948260533,2.0598549842834473
Q06187,BTK,XGBoost,-1.0193045721895602,2.097142219543457
Q06187,BTK,XGBoost,0.1844268651613904,0.6604626774787903
Q06187,BTK,XGBoost,0.530437751944154,0.49156296253204346
Q06187,BTK,XGBoost,-0.4249757416115504,0.45891356468200684
Q06187,BTK,XGBoost,1.556551041612991,1.3377948999404907
Q06187,BTK,XGBoost,0.4646048394470759,1.1766611337661743
Q06187,BTK,XGBoost,0.8830934463968503,0.8354681730270386
Q06187,BTK,XGBoost,3.0572404480177533,2.481499671936035
Q06187,BTK,XGBoost,-1.4840996451688229,-1.3637579679489136
Q06187,BTK,XGBoost,0.8868720721489403,0.003941746428608894
Q06187,BTK,XGBoost,0.2646107248228074,0.18517328798770905
Q06187,BTK,XGBoost,-0.1052216050037029,0.838221549987793
Q06187,BTK,XGBoost,0.584293916207123,2.1713695526123047
Q06187,BTK,PLS,0.2241951797045536,1.2025727762671123
Q06187,BTK,PLS,3.116582978878132,1.3815040010980941
Q06187,BTK,PLS,0.019348539746229,0.3763627759002449
Q06187,BTK,PLS,-1.067877886941409,0.24532876152271138
Q06187,BTK,PLS,1.2079445888555362,0.4935838865220786
Q06187,BTK,PLS,2.740886948260533,1.120787202599164
Q06187,BTK,PLS,-1.0193045721895602,1.0133621041394858
Q06187,BTK,PLS,0.1844268651613904,-0.06476621251716475
Q06187,BTK,PLS,0.530437751944154,-0.24955160466716675
Q06187,BTK,PLS,-0.4249757416115504,0.2425667782277802
Q06187,BTK,PLS,1.556551041612991,0.47627718516360235
Q06187,BTK,PLS,0.4646048394470759,0.8626035885144925
Q06187,BTK,PLS,0.8830934463968503,0.17490922842866968
Q06187,BTK,PLS,3.0572404480177533,0.5064146747351636
Q06187,BTK,PLS,-1.4840996451688229,-0.04048263174557637
Q06187,BTK,PLS,0.8868720721489403,0.1525878533849297
Q06187,BTK,PLS,0.2646107248228074,0.1300259227881188
Q06187,BTK,PLS,-0.1052216050037029,0.5922786341277546
Q06187,BTK,PLS,0.584293916207123,0.9997877006642105
Q06187,BTK,SVR,0.2241951797045536,0.8075378255137169
Q06187,BTK,SVR,3.116582978878132,0.3681130485796766
Q06187,BTK,SVR,0.019348539746229,0.40438094143414127
Q06187,BTK,SVR,-1.067877886941409,0.22412926213495793
Q06187,BTK,SVR,1.2079445888555362,0.09887876901014153
Q06187,BTK,SVR,2.740886948260533,0.15584210670574022
Q06187,BTK,SVR,-1.0193045721895602,0.6663132404113207
Q06187,BTK,SVR,0.1844268651613904,-0.03999158318298174
Q06187,BTK,SVR,0.530437751944154,-0.29887638654723453
Q06187,BTK,SVR,-0.4249757416115504,0.3209906327204234
Q06187,BTK,SVR,1.556551041612991,0.6354507251073962
Q06187,BTK,SVR,0.4646048394470759,0.6859399211615895
Q06187,BTK,SVR,0.8830934463968503,0.4274130848933542
Q06187,BTK,SVR,3.0572404480177533,0.22513706196915412
Q06187,BTK,SVR,-1.4840996451688229,0.27074605138832564
Q06187,BTK,SVR,0.8868720721489403,0.2542222897979099
Q06187,BTK,SVR,0.2646107248228074,0.15329125660235293
Q06187,BTK,SVR,-0.1052216050037029,0.3680286330157811
Q06187,BTK,SVR,0.584293916207123,0.37245797087464955
Q06187,BTK,Lasso,0.2241951797045536,0.9256367441872252
Q06187,BTK,Lasso,3.116582978878132,1.0752297017537757
Q06187,BTK,Lasso,0.019348539746229,0.35089812576552665
Q06187,BTK,Lasso,-1.067877886941409,0.3124474143939373
Q06187,BTK,Lasso,1.2079445888555362,0.5053026997651273
Q06187,BTK,Lasso,2.740886948260533,0.7586201101408543
Q06187,BTK,Lasso,-1.0193045721895602,0.8173978898451706
Q06187,BTK,Lasso,0.1844268651613904,0.1427094085617306
Q06187,BTK,Lasso,0.530437751944154,-0.03505000764710986
Q06187,BTK,Lasso,-0.4249757416115504,0.29239076282579457
Q06187,BTK,Lasso,1.556551041612991,0.37894388608959795
Q06187,BTK,Lasso,0.4646048394470759,0.718730719006953
Q06187,BTK,Lasso,0.8830934463968503,0.2044689494626693
Q06187,BTK,Lasso,3.0572404480177533,0.21673987459284452
Q06187,BTK,Lasso,-1.4840996451688229,0.17189341693400118
Q06187,BTK,Lasso,0.8868720721489403,0.18560615219327647
Q06187,BTK,Lasso,0.2646107248228074,0.18462127922801475
Q06187,BTK,Lasso,-0.1052216050037029,0.3443600758317481
Q06187,BTK,Lasso,0.584293916207123,0.8790948159637637
Q06187,BTK,ElasticNet,0.2241951797045536,1.0191018232644973
Q06187,BTK,ElasticNet,3.116582978878132,1.1483609468609066
Q06187,BTK,ElasticNet,0.019348539746229,0.3665534926801157
Q06187,BTK,ElasticNet,-1.067877886941409,0.2927267378660433
Q06187,BTK,ElasticNet,1.2079445888555362,0.47811561678512776
Q06187,BTK,ElasticNet,2.740886948260533,0.8355313758123923
Q06187,BTK,ElasticNet,-1.0193045721895602,0.8817652840788245
Q06187,BTK,ElasticNet,0.1844268651613904,0.07677706762159209
Q06187,BTK,ElasticNet,0.530437751944154,-0.1175014155503295
Q06187,BTK,ElasticNet,-0.4249757416115504,0.28571859937556676
Q06187,BTK,ElasticNet,1.556551041612991,0.4280475223744081
Q06187,BTK,ElasticNet,0.4646048394470759,0.7757955614315581
Q06187,BTK,ElasticNet,0.8830934463968503,0.21132647953548148
Q06187,BTK,ElasticNet,3.0572404480177533,0.29663718331940403
Q06187,BTK,ElasticNet,-1.4840996451688229,0.12655213488543643
Q06187,BTK,ElasticNet,0.8868720721489403,0.180801617088021
Q06187,BTK,ElasticNet,0.2646107248228074,0.16796735789154987
Q06187,BTK,ElasticNet,-0.1052216050037029,0.41543792004403013
Q06187,BTK,ElasticNet,0.584293916207123,0.9041011042343
Q06187,BTK,GradientBoosting,0.2241951797045536,-1.0418223195473444
Q06187,BTK,GradientBoosting,3.116582978878132,3.535985729918599
Q06187,BTK,GradientBoosting,0.019348539746229,-0.048544093082770925
Q06187,BTK,GradientBoosting,-1.067877886941409,-0.610839319977867
Q06187,BTK,GradientBoosting,1.2079445888555362,0.06908080439607209
Q06187,BTK,GradientBoosting,2.740886948260533,1.9594345097430728
Q06187,BTK,GradientBoosting,-1.0193045721895602,0.9064771237063401
Q06187,BTK,GradientBoosting,0.1844268651613904,-0.40373432412224464
Q06187,BTK,GradientBoosting,0.530437751944154,0.4055464382242755
Q06187,BTK,GradientBoosting,-0.4249757416115504,-0.8257657311000346
Q06187,BTK,GradientBoosting,1.556551041612991,1.13636335761053
Q06187,BTK,GradientBoosting,0.4646048394470759,1.6871826284796738
Q06187,BTK,GradientBoosting,0.8830934463968503,-0.008127958202003925
Q06187,BTK,GradientBoosting,3.0572404480177533,2.568283088640421
Q06187,BTK,GradientBoosting,-1.4840996451688229,-1.6145101754488218
Q06187,BTK,GradientBoosting,0.8868720721489403,-0.2776948335687536
Q06187,BTK,GradientBoosting,0.2646107248228074,0.29275324444263284
Q06187,BTK,GradientBoosting,-0.1052216050037029,0.5661146644952049
Q06187,BTK,GradientBoosting,0.584293916207123,0.033224295077991337
Q06187,BTK,MLP,0.2241951797045536,0.8178355920105629
Q06187,BTK,MLP,3.116582978878132,0.507040819356249
Q06187,BTK,MLP,0.019348539746229,-0.08764929695139889
Q06187,BTK,MLP,-1.067877886941409,-0.061578157294815083
Q06187,BTK,MLP,1.2079445888555362,0.5976811537405906
Q06187,BTK,MLP,2.740886948260533,-0.11834690373927162
Q06187,BTK,MLP,-1.0193045721895602,0.7390827834721099
Q06187,BTK,MLP,0.1844268651613904,-0.1674277190234606
Q06187,BTK,MLP,0.530437751944154,-0.13735750579874983
Q06187,BTK,MLP,-0.4249757416115504,-0.16325382647254233
Q06187,BTK,MLP,1.556551041612991,-0.049696480045356095
Q06187,BTK,MLP,0.4646048394470759,0.5291174551559321
Q06187,BTK,MLP,0.8830934463968503,-0.23078517338444346
Q06187,BTK,MLP,3.0572404480177533,-0.2603795538070656
Q06187,BTK,MLP,-1.4840996451688229,-0.21287769170559698
Q06187,BTK,MLP,0.8868720721489403,-0.21513041555536971
Q06187,BTK,MLP,0.2646107248228074,-0.20279088918541086
Q06187,BTK,MLP,-0.1052216050037029,-0.2603795538070656
Q06187,BTK,MLP,0.584293916207123,0.7581130145174657
Q07002,CDK18,RandomForest,0.388319273020502,0.6327175124403617
Q07002,CDK18,RandomForest,0.4243948157765542,-0.12981211332977466
Q07002,CDK18,RandomForest,-0.6405110853711992,0.13645129665139044
Q07002,CDK18,RandomForest,-0.0750761240004618,-1.337337326691513
Q07002,CDK18,RandomForest,0.2107164256234902,0.5640914701386376
Q07002,CDK18,RandomForest,0.8347846486819606,0.21649183309201173
Q07002,CDK18,RandomForest,-0.7430617371343928,-1.4617941235897909
Q07002,CDK18,RandomForest,0.559156578651775,0.26703589938371075
Q07002,CDK18,RandomForest,0.8220370059055018,0.14539000425864823
Q07002,CDK18,RandomForest,-0.0496015911910292,-1.0955427207440807
Q07002,CDK18,RandomForest,-1.7252915249150866,-0.08020096337101293
Q07002,CDK18,RandomForest,-2.448701387831034,-0.12294796935180485
Q07002,CDK18,RandomForest,1.2929764900243017,0.2738236241087549
Q07002,CDK18,RandomForest,1.0354265999096617,0.28463941254178793
Q07002,CDK18,RandomForest,0.2835896019381317,0.6031729964981727
Q07002,CDK18,RandomForest,-0.4817617702760408,1.0651579887582274
Q07002,CDK18,RandomForest,0.7152446003786928,0.3067724262721584
Q07002,CDK18,RandomForest,-3.518990948824427,0.8565648239914805
Q07002,CDK18,RandomForest,2.285049095269432,0.7528798015079939
Q07002,CDK18,XGBoost,0.388319273020502,0.6211368441581726
Q07002,CDK18,XGBoost,0.4243948157765542,0.015823710709810257
Q07002,CDK18,XGBoost,-0.6405110853711992,-0.18972907960414886
Q07002,CDK18,XGBoost,-0.0750761240004618,-1.5465961694717407
Q07002,CDK18,XGBoost,0.2107164256234902,0.723660409450531
Q07002,CDK18,XGBoost,0.8347846486819606,0.2893880009651184
Q07002,CDK18,XGBoost,-0.7430617371343928,-1.5893967151641846
Q07002,CDK18,XGBoost,0.559156578651775,0.345386803150177
Q07002,CDK18,XGBoost,0.8220370059055018,0.5923457145690918
Q07002,CDK18,XGBoost,-0.0496015911910292,-1.484842300415039
Q07002,CDK18,XGBoost,-1.7252915249150866,0.578818142414093
Q07002,CDK18,XGBoost,-2.448701387831034,-0.23512300848960876
Q07002,CDK18,XGBoost,1.2929764900243017,0.5429964065551758
Q07002,CDK18,XGBoost,1.0354265999096617,0.3164427578449249
Q07002,CDK18,XGBoost,0.2835896019381317,0.7429536581039429
Q07002,CDK18,XGBoost,-0.4817617702760408,1.0281704664230347
Q07002,CDK18,XGBoost,0.7152446003786928,0.6934647560119629
Q07002,CDK18,XGBoost,-3.518990948824427,1.4531214237213135
Q07002,CDK18,XGBoost,2.285049095269432,1.5441914796829224
Q07002,CDK18,PLS,0.388319273020502,-0.0703077853776185
Q07002,CDK18,PLS,0.4243948157765542,0.6226658517676176
Q07002,CDK18,PLS,-0.6405110853711992,-0.4667534048816217
Q07002,CDK18,PLS,-0.0750761240004618,-0.6846493777200682
Q07002,CDK18,PLS,0.2107164256234902,-0.19829835415237912
Q07002,CDK18,PLS,0.8347846486819606,-0.1805433489053762
Q07002,CDK18,PLS,-0.7430617371343928,-1.9619030492695406
Q07002,CDK18,PLS,0.559156578651775,0.1017554948398372
Q07002,CDK18,PLS,0.8220370059055018,-0.11632145131319843
Q07002,CDK18,PLS,-0.0496015911910292,-0.5406175780292406
Q07002,CDK18,PLS,-1.7252915249150866,-0.38783290906957196
Q07002,CDK18,PLS,-2.448701387831034,0.725339016480724
Q07002,CDK18,PLS,1.2929764900243017,0.3855402841419101
Q07002,CDK18,PLS,1.0354265999096617,0.03676974437079436
Q07002,CDK18,PLS,0.2835896019381317,0.40556415343975083
Q07002,CDK18,PLS,-0.4817617702760408,1.714716902916876
Q07002,CDK18,PLS,0.7152446003786928,0.21285314871475297
Q07002,CDK18,PLS,-3.518990948824427,1.5467647354314054
Q07002,CDK18,PLS,2.285049095269432,0.7609523386105408
Q07002,CDK18,SVR,0.388319273020502,0.26726169915394393
Q07002,CDK18,SVR,0.4243948157765542,0.1360311384778531
Q07002,CDK18,SVR,-0.6405110853711992,0.0029626223433957266
Q07002,CDK18,SVR,-0.0750761240004618,-0.04806322616224745
Q07002,CDK18,SVR,0.2107164256234902,0.12115641835981206
Q07002,CDK18,SVR,0.8347846486819606,-0.5775356821596108
Q07002,CDK18,SVR,-0.7430617371343928,-0.8780667760665964
Q07002,CDK18,SVR,0.559156578651775,0.39483694008146464
Q07002,CDK18,SVR,0.8220370059055018,0.2838787909053905
Q07002,CDK18,SVR,-0.0496015911910292,0.11477341849309142
Q07002,CDK18,SVR,-1.7252915249150866,-0.24749963380034734
Q07002,CDK18,SVR,-2.448701387831034,0.2555252796810453
Q07002,CDK18,SVR,1.2929764900243017,0.2548811156598919
Q07002,CDK18,SVR,1.0354265999096617,0.2596668329170013
Q07002,CDK18,SVR,0.2835896019381317,0.39285462367692714
Q07002,CDK18,SVR,-0.4817617702760408,1.5865151197496563
Q07002,CDK18,SVR,0.7152446003786928,0.5753633563427983
Q07002,CDK18,SVR,-3.518990948824427,1.1245423405683366
Q07002,CDK18,SVR,2.285049095269432,1.2003225183915947
Q07002,CDK18,Lasso,0.388319273020502,-0.02200574139900799
Q07002,CDK18,Lasso,0.4243948157765542,0.39234679719284793
Q07002,CDK18,Lasso,-0.6405110853711992,-0.0011365464251893165
Q07002,CDK18,Lasso,-0.0750761240004618,-0.22048416236591123
Q07002,CDK18,Lasso,0.2107164256234902,0.0542512900823553
Q07002,CDK18,Lasso,0.8347846486819606,0.05350471328045117
Q07002,CDK18,Lasso,-0.7430617371343928,-1.0123241219501398
Q07002,CDK18,Lasso,0.559156578651775,0.22181160525688134
Q07002,CDK18,Lasso,0.8220370059055018,-0.049586375456204146
Q07002,CDK18,Lasso,-0.0496015911910292,-0.24329602267474626
Q07002,CDK18,Lasso,-1.7252915249150866,-0.052890655024563304
Q07002,CDK18,Lasso,-2.448701387831034,0.43953133671782674
Q07002,CDK18,Lasso,1.2929764900243017,0.2639281437049332
Q07002,CDK18,Lasso,1.0354265999096617,0.060426168288872734
Q07002,CDK18,Lasso,0.2835896019381317,0.32236378229606943
Q07002,CDK18,Lasso,-0.4817617702760408,1.0390577408358743
Q07002,CDK18,Lasso,0.7152446003786928,0.25221993876973664
Q07002,CDK18,Lasso,-3.518990948824427,0.9366182842776014
Q07002,CDK18,Lasso,2.285049095269432,0.6448031292927164
Q07002,CDK18,ElasticNet,0.388319273020502,0.002979157840331148
Q07002,CDK18,ElasticNet,0.4243948157765542,0.465334233947613
Q07002,CDK18,ElasticNet,-0.6405110853711992,-0.14150848006674405
Q07002,CDK18,ElasticNet,-0.0750761240004618,-0.3549398059007544
Q07002,CDK18,ElasticNet,0.2107164256234902,-0.020806985462129668
Q07002,CDK18,ElasticNet,0.8347846486819606,0.0271329196967266
Q07002,CDK18,ElasticNet,-0.7430617371343928,-1.3559259047927812
Q07002,CDK18,ElasticNet,0.559156578651775,0.19304628331811785
Q07002,CDK18,ElasticNet,0.8220370059055018,-0.04270828876563587
Q07002,CDK18,ElasticNet,-0.0496015911910292,-0.3701126410645372
Q07002,CDK18,ElasticNet,-1.7252915249150866,-0.1622755870270146
Q07002,CDK18,ElasticNet,-2.448701387831034,0.5455720338468364
Q07002,CDK18,ElasticNet,1.2929764900243017,0.3060236574896733
Q07002,CDK18,ElasticNet,1.0354265999096617,0.04197815084040657
Q07002,CDK18,ElasticNet,0.2835896019381317,0.3566853591884108
Q07002,CDK18,ElasticNet,-0.4817617702760408,1.2674799809890511
Q07002,CDK18,ElasticNet,0.7152446003786928,0.26659794677280935
Q07002,CDK18,ElasticNet,-3.518990948824427,1.132532345789833
Q07002,CDK18,ElasticNet,2.285049095269432,0.6672097683062992
Q07002,CDK18,GradientBoosting,0.388319273020502,0.6165317189522084
Q07002,CDK18,GradientBoosting,0.4243948157765542,-0.7480976503531354
Q07002,CDK18,GradientBoosting,-0.6405110853711992,0.08632652069355763
Q07002,CDK18,GradientBoosting,-0.0750761240004618,-1.5240413699534616
Q07002,CDK18,GradientBoosting,0.2107164256234902,0.7741801282528487
Q07002,CDK18,GradientBoosting,0.8347846486819606,0.14957587112623238
Q07002,CDK18,GradientBoosting,-0.7430617371343928,-1.5863994580584513
Q07002,CDK18,GradientBoosting,0.559156578651775,0.6437419934982151
Q07002,CDK18,GradientBoosting,0.8220370059055018,-0.05171516192820793
Q07002,CDK18,GradientBoosting,-0.0496015911910292,-1.4144615204968878
Q07002,CDK18,GradientBoosting,-1.7252915249150866,0.3387316793521679
Q07002,CDK18,GradientBoosting,-2.448701387831034,-0.47220379940765433
Q07002,CDK18,GradientBoosting,1.2929764900243017,-0.152302304034584
Q07002,CDK18,GradientBoosting,1.0354265999096617,0.2265095627993732
Q07002,CDK18,GradientBoosting,0.2835896019381317,0.5000205632341616
Q07002,CDK18,GradientBoosting,-0.4817617702760408,1.1924430945101436
Q07002,CDK18,GradientBoosting,0.7152446003786928,0.3094350265922622
Q07002,CDK18,GradientBoosting,-3.518990948824427,0.26331046392984614
Q07002,CDK18,GradientBoosting,2.285049095269432,1.4872886152169786
Q07002,CDK18,MLP,0.388319273020502,1.271805396566134
Q07002,CDK18,MLP,0.4243948157765542,0.5513228039438103
Q07002,CDK18,MLP,-0.6405110853711992,-0.46472562453872895
Q07002,CDK18,MLP,-0.0750761240004618,-1.6840225650743248
Q07002,CDK18,MLP,0.2107164256234902,-0.03704591349525865
Q07002,CDK18,MLP,0.8347846486819606,1.8464384490578105
Q07002,CDK18,MLP,-0.7430617371343928,-3.2631749015008316
Q07002,CDK18,MLP,0.559156578651775,-0.06911519332506005
Q07002,CDK18,MLP,0.8220370059055018,1.4326722466129636
Q07002,CDK18,MLP,-0.0496015911910292,-2.353756027553258
Q07002,CDK18,MLP,-1.7252915249150866,0.25295111165900686
Q07002,CDK18,MLP,-2.448701387831034,0.7219490515524427
Q07002,CDK18,MLP,1.2929764900243017,0.1735230735580044
Q07002,CDK18,MLP,1.0354265999096617,0.4595251049493027
Q07002,CDK18,MLP,0.2835896019381317,0.20863332566783066
Q07002,CDK18,MLP,-0.4817617702760408,1.32232340798036
Q07002,CDK18,MLP,0.7152446003786928,0.502915723434695
Q07002,CDK18,MLP,-3.518990948824427,1.2365549052376847
Q07002,CDK18,MLP,2.285049095269432,1.6911962276700505
Q13043,STK4,RandomForest,-1.0657950057323582,0.34755067988522975
Q13043,STK4,RandomForest,2.473885909754373,0.21447016599172394
Q13043,STK4,RandomForest,0.431282751360072,-0.16528746096894312
Q13043,STK4,RandomForest,-0.2155710711330183,-0.14211209738793684
Q13043,STK4,RandomForest,0.9400885553834376,0.6312050593698394
Q13043,STK4,RandomForest,0.2477304844778015,-0.8400015340446125
Q13043,STK4,RandomForest,-0.2838714529972896,1.0688919332733215
Q13043,STK4,RandomForest,0.5871596832544516,0.9912736286002533
Q13043,STK4,RandomForest,0.308008488266863,0.0031868848604051643
Q13043,STK4,RandomForest,-0.4962877523962959,1.282033858507379
Q13043,STK4,RandomForest,-0.9246515443733864,0.6706712499231331
Q13043,STK4,RandomForest,0.5656275706446392,-0.4169355918584483
Q13043,STK4,RandomForest,0.695187595083429,0.3484828672083473
Q13043,STK4,RandomForest,0.0684065645978393,-0.07940517507081406
Q13043,STK4,RandomForest,0.2751029237360287,-0.4033336104270968
Q13043,STK4,RandomForest,-0.4263058115480458,-0.5548917174552276
Q13043,STK4,RandomForest,0.7385999883221142,0.3694210511790541
Q13043,STK4,RandomForest,1.2944940946074448,0.8131639656437337
Q13043,STK4,RandomForest,0.1807785813028628,0.4356599440311122
Q13043,STK4,XGBoost,-1.0657950057323582,0.6309040188789368
Q13043,STK4,XGBoost,2.473885909754373,-0.3474799692630768
Q13043,STK4,XGBoost,0.431282751360072,0.14050619304180145
Q13043,STK4,XGBoost,-0.2155710711330183,0.07122547179460526
Q13043,STK4,XGBoost,0.9400885553834376,0.6863487362861633
Q13043,STK4,XGBoost,0.2477304844778015,-1.0865366458892822
Q13043,STK4,XGBoost,-0.2838714529972896,1.1780976057052612
Q13043,STK4,XGBoost,0.5871596832544516,0.777837336063385
Q13043,STK4,XGBoost,0.308008488266863,-0.35494503378868103
Q13043,STK4,XGBoost,-0.4962877523962959,1.1647647619247437
Q13043,STK4,XGBoost,-0.9246515443733864,0.7604296803474426
Q13043,STK4,XGBoost,0.5656275706446392,-0.6266913414001465
Q13043,STK4,XGBoost,0.695187595083429,0.5075346231460571
Q13043,STK4,XGBoost,0.0684065645978393,-0.22004148364067078
Q13043,STK4,XGBoost,0.2751029237360287,-0.609024167060852
Q13043,STK4,XGBoost,-0.4263058115480458,-0.7069733142852783
Q13043,STK4,XGBoost,0.7385999883221142,0.0789908692240715
Q13043,STK4,XGBoost,1.2944940946074448,0.8178662061691284
Q13043,STK4,XGBoost,0.1807785813028628,-0.13562661409378052
Q13043,STK4,PLS,-1.0657950057323582,0.6503955640303613
Q13043,STK4,PLS,2.473885909754373,0.12210505359891063
Q13043,STK4,PLS,0.431282751360072,0.09619716698167805
Q13043,STK4,PLS,-0.2155710711330183,0.011853238660486431
Q13043,STK4,PLS,0.9400885553834376,0.737004520479251
Q13043,STK4,PLS,0.2477304844778015,-0.5253388958256723
Q13043,STK4,PLS,-0.2838714529972896,0.37735644237954036
Q13043,STK4,PLS,0.5871596832544516,0.5225653864751367
Q13043,STK4,PLS,0.308008488266863,0.2775710534940714
Q13043,STK4,PLS,-0.4962877523962959,0.3247618222077974
Q13043,STK4,PLS,-0.9246515443733864,0.4999234150967352
Q13043,STK4,PLS,0.5656275706446392,0.2961996537722368
Q13043,STK4,PLS,0.695187595083429,-0.021072489343940737
Q13043,STK4,PLS,0.0684065645978393,0.19991239521275997
Q13043,STK4,PLS,0.2751029237360287,0.3616414520190623
Q13043,STK4,PLS,-0.4263058115480458,0.15900806726322936
Q13043,STK4,PLS,0.7385999883221142,0.22785930012369002
Q13043,STK4,PLS,1.2944940946074448,0.33176267317048236
Q13043,STK4,PLS,0.1807785813028628,0.3790028361957518
Q13043,STK4,SVR,-1.0657950057323582,0.34603060063425223
Q13043,STK4,SVR,2.473885909754373,0.008190797476826217
Q13043,STK4,SVR,0.431282751360072,0.03147160874036764
Q13043,STK4,SVR,-0.2155710711330183,-0.02070205360380989
Q13043,STK4,SVR,0.9400885553834376,0.388081463009255
Q13043,STK4,SVR,0.2477304844778015,-0.3600161994546334
Q13043,STK4,SVR,-0.2838714529972896,0.234252595259776
Q13043,STK4,SVR,0.5871596832544516,0.3453180837243421
Q13043,STK4,SVR,0.308008488266863,0.17014735472803338
Q13043,STK4,SVR,-0.4962877523962959,0.20548981997237198
Q13043,STK4,SVR,-0.9246515443733864,0.3195616067904982
Q13043,STK4,SVR,0.5656275706446392,0.1709325658245588
Q13043,STK4,SVR,0.695187595083429,0.005240063133477413
Q13043,STK4,SVR,0.0684065645978393,0.026125197356551666
Q13043,STK4,SVR,0.2751029237360287,0.16694355527224364
Q13043,STK4,SVR,-0.4263058115480458,0.06560056582034529
Q13043,STK4,SVR,0.7385999883221142,0.13314013018771126
Q13043,STK4,SVR,1.2944940946074448,0.23148646711726756
Q13043,STK4,SVR,0.1807785813028628,0.2056060493608432
Q13043,STK4,Lasso,-1.0657950057323582,0.49101501290819805
Q13043,STK4,Lasso,2.473885909754373,0.28336615532640835
Q13043,STK4,Lasso,0.431282751360072,0.16060758102887415
Q13043,STK4,Lasso,-0.2155710711330183,0.14000616427369808
Q13043,STK4,Lasso,0.9400885553834376,0.5470774680962704
Q13043,STK4,Lasso,0.2477304844778015,0.015348832956277703
Q13043,STK4,Lasso,-0.2838714529972896,0.25498255098161515
Q13043,STK4,Lasso,0.5871596832544516,0.2861951956788549
Q13043,STK4,Lasso,0.308008488266863,0.283090837867707
Q13043,STK4,Lasso,-0.4962877523962959,0.20287133969955953
Q13043,STK4,Lasso,-0.9246515443733864,0.3293559182215739
Q13043,STK4,Lasso,0.5656275706446392,0.2446886395375491
Q13043,STK4,Lasso,0.695187595083429,0.013199271343317887
Q13043,STK4,Lasso,0.0684065645978393,0.3013074205183904
Q13043,STK4,Lasso,0.2751029237360287,0.34722466074104996
Q13043,STK4,Lasso,-0.4263058115480458,0.21947481985022915
Q13043,STK4,Lasso,0.7385999883221142,0.16573831902024905
Q13043,STK4,Lasso,1.2944940946074448,0.22148893325694047
Q13043,STK4,Lasso,0.1807785813028628,0.2875441925083505
Q13043,STK4,ElasticNet,-1.0657950057323582,0.5496665098489769
Q13043,STK4,ElasticNet,2.473885909754373,0.21365403000456912
Q13043,STK4,ElasticNet,0.431282751360072,0.12829842214295958
Q13043,STK4,ElasticNet,-0.2155710711330183,0.08563631727568449
Q13043,STK4,ElasticNet,0.9400885553834376,0.6152753489228553
Q13043,STK4,ElasticNet,0.2477304844778015,-0.18457203294144608
Q13043,STK4,ElasticNet,-0.2838714529972896,0.3064483072023404
Q13043,STK4,ElasticNet,0.5871596832544516,0.3878018520952271
Q13043,STK4,ElasticNet,0.308008488266863,0.2967103118554806
Q13043,STK4,ElasticNet,-0.4962877523962959,0.2504292740175735
Q13043,STK4,ElasticNet,-0.9246515443733864,0.4090607111067109
Q13043,STK4,ElasticNet,0.5656275706446392,0.2660395209722946
Q13043,STK4,ElasticNet,0.695187595083429,-0.0014084192882236057
Q13043,STK4,ElasticNet,0.0684065645978393,0.236079947925614
Q13043,STK4,ElasticNet,0.2751029237360287,0.3447299157902759
Q13043,STK4,ElasticNet,-0.4263058115480458,0.19238715574139076
Q13043,STK4,ElasticNet,0.7385999883221142,0.1840325666614002
Q13043,STK4,ElasticNet,1.2944940946074448,0.2790385981069012
Q13043,STK4,ElasticNet,0.1807785813028628,0.31722284169150955
Q13043,STK4,GradientBoosting,-1.0657950057323582,0.3363615450369106
Q13043,STK4,GradientBoosting,2.473885909754373,-0.14413085364286007
Q13043,STK4,GradientBoosting,0.431282751360072,-0.24332132237345347
Q13043,STK4,GradientBoosting,-0.2155710711330183,0.06200258580144793
Q13043,STK4,GradientBoosting,0.9400885553834376,0.5743096781279453
Q13043,STK4,GradientBoosting,0.2477304844778015,-0.3815823570768875
Q13043,STK4,GradientBoosting,-0.2838714529972896,0.945285703124305
Q13043,STK4,GradientBoosting,0.5871596832544516,0.752753749059966
Q13043,STK4,GradientBoosting,0.308008488266863,-0.6924153626901576
Q13043,STK4,GradientBoosting,-0.4962877523962959,1.4519508989199763
Q13043,STK4,GradientBoosting,-0.9246515443733864,0.4894476349312095
Q13043,STK4,GradientBoosting,0.5656275706446392,-0.8527665951579674
Q13043,STK4,GradientBoosting,0.695187595083429,0.3708740507848991
Q13043,STK4,GradientBoosting,0.0684065645978393,0.032807178240869844
Q13043,STK4,GradientBoosting,0.2751029237360287,-0.6588874454823662
Q13043,STK4,GradientBoosting,-0.4263058115480458,-0.5587142949658065
Q13043,STK4,GradientBoosting,0.7385999883221142,0.060091980924031334
Q13043,STK4,GradientBoosting,1.2944940946074448,0.5733759742394032
Q13043,STK4,GradientBoosting,0.1807785813028628,-0.12077061469739793
Q13043,STK4,MLP,-1.0657950057323582,0.20701385984078097
Q13043,STK4,MLP,2.473885909754373,0.22579721037655684
Q13043,STK4,MLP,0.431282751360072,0.20701385984078097
Q13043,STK4,MLP,-0.2155710711330183,0.20701385984078097
Q13043,STK4,MLP,0.9400885553834376,0.2429853894808326
Q13043,STK4,MLP,0.2477304844778015,-0.8095446842099532
Q13043,STK4,MLP,-0.2838714529972896,0.20701385984078097
Q13043,STK4,MLP,0.5871596832544516,0.20701385984078097
Q13043,STK4,MLP,0.308008488266863,0.20701385984078097
Q13043,STK4,MLP,-0.4962877523962959,0.20701385984078097
Q13043,STK4,MLP,-0.9246515443733864,0.20701385984078097
Q13043,STK4,MLP,0.5656275706446392,0.20701385984078097
Q13043,STK4,MLP,0.695187595083429,0.20701385984078097
Q13043,STK4,MLP,0.0684065645978393,0.27322616776230135
Q13043,STK4,MLP,0.2751029237360287,0.20701385984078097
Q13043,STK4,MLP,-0.4263058115480458,0.20701385984078097
Q13043,STK4,MLP,0.7385999883221142,0.20701385984078097
Q13043,STK4,MLP,1.2944940946074448,0.20701385984078097
Q13043,STK4,MLP,0.1807785813028628,0.20701385984078097
Q13131,PRKAA1,RandomForest,2.296301291687929,2.2642327919037983
Q13131,PRKAA1,RandomForest,0.3785770430023201,-0.2917421526210694
Q13131,PRKAA1,RandomForest,1.0452489584102067,0.02155397324966996
Q13131,PRKAA1,RandomForest,0.3189604462229091,0.33100097531266376
Q13131,PRKAA1,RandomForest,0.3643862326698628,0.5765283497619443
Q13131,PRKAA1,RandomForest,0.6342854702692349,0.6335479712701256
Q13131,PRKAA1,RandomForest,-0.0320323555888241,0.15142421515826388
Q13131,PRKAA1,RandomForest,0.1401130961215021,-0.05038073114783555
Q13131,PRKAA1,RandomForest,-0.2226441422228226,0.4776349318894287
Q13131,PRKAA1,RandomForest,-0.3994066101221687,0.1964710575051176
Q13131,PRKAA1,RandomForest,0.1912352898638405,0.31218818143874716
Q13131,PRKAA1,RandomForest,0.5894545575808394,0.37487047780776145
Q13131,PRKAA1,RandomForest,-0.4857871889884947,-0.06447325030086874
Q13131,PRKAA1,RandomForest,1.0176587916608442,-0.2688614913541369
Q13131,PRKAA1,RandomForest,2.06751394267968,0.7794597384336025
Q13131,PRKAA1,RandomForest,-0.8489955319332952,0.05081711156038977
Q13131,PRKAA1,RandomForest,0.1403973208503197,-0.15536495677155387
Q13131,PRKAA1,RandomForest,0.4400254040925989,-1.374352702780364
Q13131,PRKAA1,RandomForest,0.901284647827466,0.15844992720978518
Q13131,PRKAA1,XGBoost,2.296301291687929,2.687075614929199
Q13131,PRKAA1,XGBoost,0.3785770430023201,0.6670201420783997
Q13131,PRKAA1,XGBoost,1.0452489584102067,-3.8807907104492188
Q13131,PRKAA1,XGBoost,0.3189604462229091,0.4589121341705322
Q13131,PRKAA1,XGBoost,0.3643862326698628,0.7447237372398376
Q13131,PRKAA1,XGBoost,0.6342854702692349,0.24595680832862854
Q13131,PRKAA1,XGBoost,-0.0320323555888241,0.41594597697257996
Q13131,PRKAA1,XGBoost,0.1401130961215021,0.6690659523010254
Q13131,PRKAA1,XGBoost,-0.2226441422228226,0.48370128870010376
Q13131,PRKAA1,XGBoost,-0.3994066101221687,0.15178637206554413
Q13131,PRKAA1,XGBoost,0.1912352898638405,0.0780709832906723
Q13131,PRKAA1,XGBoost,0.5894545575808394,0.5219197869300842
Q13131,PRKAA1,XGBoost,-0.4857871889884947,-0.16445642709732056
Q13131,PRKAA1,XGBoost,1.0176587916608442,0.7672311663627625
Q13131,PRKAA1,XGBoost,2.06751394267968,0.9888682961463928
Q13131,PRKAA1,XGBoost,-0.8489955319332952,-0.08667898923158646
Q13131,PRKAA1,XGBoost,0.1403973208503197,-0.01733889803290367
Q13131,PRKAA1,XGBoost,0.4400254040925989,-3.8794057369232178
Q13131,PRKAA1,XGBoost,0.901284647827466,-0.16445642709732056
Q13131,PRKAA1,PLS,2.296301291687929,2.4752721500560373
Q13131,PRKAA1,PLS,0.3785770430023201,0.08608660538892138
Q13131,PRKAA1,PLS,1.0452489584102067,0.03351810886361922
Q13131,PRKAA1,PLS,0.3189604462229091,0.23830746416025358
Q13131,PRKAA1,PLS,0.3643862326698628,0.5408380943070623
Q13131,PRKAA1,PLS,0.6342854702692349,0.21261912138457695
Q13131,PRKAA1,PLS,-0.0320323555888241,0.2462640521823651
Q13131,PRKAA1,PLS,0.1401130961215021,0.5552266915073494
Q13131,PRKAA1,PLS,-0.2226441422228226,0.31772845891627266
Q13131,PRKAA1,PLS,-0.3994066101221687,0.5968774569400054
Q13131,PRKAA1,PLS,0.1912352898638405,0.6651168269719683
Q13131,PRKAA1,PLS,0.5894545575808394,-0.15855720747448465
Q13131,PRKAA1,PLS,-0.4857871889884947,0.4937846672190439
Q13131,PRKAA1,PLS,1.0176587916608442,-0.054137078636347535
Q13131,PRKAA1,PLS,2.06751394267968,0.543083118741364
Q13131,PRKAA1,PLS,-0.8489955319332952,0.6045182037226935
Q13131,PRKAA1,PLS,0.1403973208503197,0.4310793189579219
Q13131,PRKAA1,PLS,0.4400254040925989,-0.24862390294862524
Q13131,PRKAA1,PLS,0.901284647827466,0.5495785235998896
Q13131,PRKAA1,SVR,2.296301291687929,2.459358022796364
Q13131,PRKAA1,SVR,0.3785770430023201,0.1365687430999098
Q13131,PRKAA1,SVR,1.0452489584102067,0.19779819727050996
Q13131,PRKAA1,SVR,0.3189604462229091,0.3448374576650566
Q13131,PRKAA1,SVR,0.3643862326698628,0.5879629582758168
Q13131,PRKAA1,SVR,0.6342854702692349,0.27986286674612615
Q13131,PRKAA1,SVR,-0.0320323555888241,0.3257131060020324
Q13131,PRKAA1,SVR,0.1401130961215021,0.6247788612744776
Q13131,PRKAA1,SVR,-0.2226441422228226,0.4010048151487926
Q13131,PRKAA1,SVR,-0.3994066101221687,0.6835611328441442
Q13131,PRKAA1,SVR,0.1912352898638405,0.7677597675977315
Q13131,PRKAA1,SVR,0.5894545575808394,-0.026488286205751388
Q13131,PRKAA1,SVR,-0.4857871889884947,0.6126520917917982
Q13131,PRKAA1,SVR,1.0176587916608442,0.032678687933268225
Q13131,PRKAA1,SVR,2.06751394267968,0.5989593021478195
Q13131,PRKAA1,SVR,-0.8489955319332952,0.7096366892011456
Q13131,PRKAA1,SVR,0.1403973208503197,0.5153568636843728
Q13131,PRKAA1,SVR,0.4400254040925989,-0.05393511556524422
Q13131,PRKAA1,SVR,0.901284647827466,0.6719294544250229
Q13131,PRKAA1,Lasso,2.296301291687929,1.9084345458207506
Q13131,PRKAA1,Lasso,0.3785770430023201,0.1918531475086989
Q13131,PRKAA1,Lasso,1.0452489584102067,0.0603134923333522
Q13131,PRKAA1,Lasso,0.3189604462229091,0.23158287517506948
Q13131,PRKAA1,Lasso,0.3643862326698628,0.4741166697758743
Q13131,PRKAA1,Lasso,0.6342854702692349,0.30672121953036435
Q13131,PRKAA1,Lasso,-0.0320323555888241,0.23914348658742143
Q13131,PRKAA1,Lasso,0.1401130961215021,0.49717788215601555
Q13131,PRKAA1,Lasso,-0.2226441422228226,0.4017308662269314
Q13131,PRKAA1,Lasso,-0.3994066101221687,0.5145086886019313
Q13131,PRKAA1,Lasso,0.1912352898638405,0.4985028537924584
Q13131,PRKAA1,Lasso,0.5894545575808394,-0.12901683446705914
Q13131,PRKAA1,Lasso,-0.4857871889884947,0.4227784881427374
Q13131,PRKAA1,Lasso,1.0176587916608442,0.08613485134980381
Q13131,PRKAA1,Lasso,2.06751394267968,0.5079137292782311
Q13131,PRKAA1,Lasso,-0.8489955319332952,0.47526379889189513
Q13131,PRKAA1,Lasso,0.1403973208503197,0.4390831131143346
Q13131,PRKAA1,Lasso,0.4400254040925989,-0.07754221364426106
Q13131,PRKAA1,Lasso,0.901284647827466,0.43791580137095354
Q13131,PRKAA1,ElasticNet,2.296301291687929,2.1011545606482906
Q13131,PRKAA1,ElasticNet,0.3785770430023201,0.15518462862634397
Q13131,PRKAA1,ElasticNet,1.0452489584102067,0.06153073486729832
Q13131,PRKAA1,ElasticNet,0.3189604462229091,0.24310049539205422
Q13131,PRKAA1,ElasticNet,0.3643862326698628,0.5046749678737957
Q13131,PRKAA1,ElasticNet,0.6342854702692349,0.2676622043447059
Q13131,PRKAA1,ElasticNet,-0.0320323555888241,0.25237766226527614
Q13131,PRKAA1,ElasticNet,0.1401130961215021,0.5205171934772209
Q13131,PRKAA1,ElasticNet,-0.2226441422228226,0.36075596734401416
Q13131,PRKAA1,ElasticNet,-0.3994066101221687,0.5473800027350033
Q13131,PRKAA1,ElasticNet,0.1912352898638405,0.5720797976160636
Q13131,PRKAA1,ElasticNet,0.5894545575808394,-0.11552082030349942
Q13131,PRKAA1,ElasticNet,-0.4857871889884947,0.4532425132113678
Q13131,PRKAA1,ElasticNet,1.0176587916608442,0.03634861050372373
Q13131,PRKAA1,ElasticNet,2.06751394267968,0.5204990102873437
Q13131,PRKAA1,ElasticNet,-0.8489955319332952,0.5318978464256239
Q13131,PRKAA1,ElasticNet,0.1403973208503197,0.4327244755752614
Q13131,PRKAA1,ElasticNet,0.4400254040925989,-0.1404178865375817
Q13131,PRKAA1,ElasticNet,0.901284647827466,0.48697163981076114
Q13131,PRKAA1,GradientBoosting,2.296301291687929,2.2245808584117914
Q13131,PRKAA1,GradientBoosting,0.3785770430023201,-1.5023131186598273
Q13131,PRKAA1,GradientBoosting,1.0452489584102067,-0.12743788678466536
Q13131,PRKAA1,GradientBoosting,0.3189604462229091,0.3350615441199566
Q13131,PRKAA1,GradientBoosting,0.3643862326698628,0.534490643026085
Q13131,PRKAA1,GradientBoosting,0.6342854702692349,0.8096807575218405
Q13131,PRKAA1,GradientBoosting,-0.0320323555888241,0.12431546262579561
Q13131,PRKAA1,GradientBoosting,0.1401130961215021,0.02376357316771685
Q13131,PRKAA1,GradientBoosting,-0.2226441422228226,0.39311043470552837
Q13131,PRKAA1,GradientBoosting,-0.3994066101221687,0.24311932184880447
Q13131,PRKAA1,GradientBoosting,0.1912352898638405,0.030341084487049867
Q13131,PRKAA1,GradientBoosting,0.5894545575808394,0.14230671162853747
Q13131,PRKAA1,GradientBoosting,-0.4857871889884947,-0.4062112373257191
Q13131,PRKAA1,GradientBoosting,1.0176587916608442,-0.8294110124885021
Q13131,PRKAA1,GradientBoosting,2.06751394267968,0.9545772246956458
Q13131,PRKAA1,GradientBoosting,-0.8489955319332952,-0.017691800685485416
Q13131,PRKAA1,GradientBoosting,0.1403973208503197,-0.16019275783725667
Q13131,PRKAA1,GradientBoosting,0.4400254040925989,-2.9521564461938294
Q13131,PRKAA1,GradientBoosting,0.901284647827466,0.04062083357361575
Q13131,PRKAA1,MLP,2.296301291687929,0.1917244785286237
Q13131,PRKAA1,MLP,0.3785770430023201,0.4772084707326216
Q13131,PRKAA1,MLP,1.0452489584102067,0.1917244785286237
Q13131,PRKAA1,MLP,0.3189604462229091,0.1917244785286237
Q13131,PRKAA1,MLP,0.3643862326698628,0.35353158054618444
Q13131,PRKAA1,MLP,0.6342854702692349,0.27760437148901757
Q13131,PRKAA1,MLP,-0.0320323555888241,0.32376578689270574
Q13131,PRKAA1,MLP,0.1401130961215021,0.1917244785286237
Q13131,PRKAA1,MLP,-0.2226441422228226,0.1917244785286237
Q13131,PRKAA1,MLP,-0.3994066101221687,0.1917244785286237
Q13131,PRKAA1,MLP,0.1912352898638405,0.1917244785286237
Q13131,PRKAA1,MLP,0.5894545575808394,0.2994045162811187
Q13131,PRKAA1,MLP,-0.4857871889884947,0.1917244785286237
Q13131,PRKAA1,MLP,1.0176587916608442,0.3291866255612361
Q13131,PRKAA1,MLP,2.06751394267968,0.24128651768328993
Q13131,PRKAA1,MLP,-0.8489955319332952,0.1917244785286237
Q13131,PRKAA1,MLP,0.1403973208503197,0.1917244785286237
Q13131,PRKAA1,MLP,0.4400254040925989,0.1917244785286237
Q13131,PRKAA1,MLP,0.901284647827466,0.1917244785286237
Q13153,PAK1,RandomForest,-0.0706811779909659,-1.5400074389245924
Q13153,PAK1,RandomForest,-1.5582395911163078,-1.5132332189940307
Q13153,PAK1,RandomForest,-0.4316084875635922,-0.20377918695630654
Q13153,PAK1,RandomForest,-0.7446151298715787,-0.273482943700072
Q13153,PAK1,RandomForest,1.5111656310658494,-0.11785797655297546
Q13153,PAK1,RandomForest,-0.5165615061282753,-0.5748761354980435
Q13153,PAK1,RandomForest,0.1673224083449689,-0.6767426873770823
Q13153,PAK1,RandomForest,-4.639775439623039,-1.7022284270932224
Q13153,PAK1,RandomForest,-2.646925324870568,-0.5729739834883475
Q13153,PAK1,RandomForest,-0.1448928488173106,-0.1941208155538724
Q13153,PAK1,RandomForest,-0.1965575954135572,-1.0037537727537869
Q13153,PAK1,RandomForest,-2.7417073111533115,-0.5938537161865133
Q13153,PAK1,RandomForest,-1.1864655606564305,-0.299718521181384
Q13153,PAK1,RandomForest,-1.4759311344230754,-0.572196612696854
Q13153,PAK1,RandomForest,-2.3145537082509087,-1.281186072309612
Q13153,PAK1,RandomForest,1.6829750248075668,-1.719609471699479
Q13153,PAK1,RandomForest,-1.403927888247068,-0.8395446773372554
Q13153,PAK1,RandomForest,-0.0944613312394154,-0.8274614282733858
Q13153,PAK1,RandomForest,-1.8270266538861848,-1.7275628050589213
Q13153,PAK1,XGBoost,-0.0706811779909659,-1.8778860569000244
Q13153,PAK1,XGBoost,-1.5582395911163078,-2.385556936264038
Q13153,PAK1,XGBoost,-0.4316084875635922,-0.32858774065971375
Q13153,PAK1,XGBoost,-0.7446151298715787,-0.4060426652431488
Q13153,PAK1,XGBoost,1.5111656310658494,-1.1713480949401855
Q13153,PAK1,XGBoost,-0.5165615061282753,-0.4900142550468445
Q13153,PAK1,XGBoost,0.1673224083449689,-1.1587222814559937
Q13153,PAK1,XGBoost,-4.639775439623039,-2.830434560775757
Q13153,PAK1,XGBoost,-2.646925324870568,-0.6950891613960266
Q13153,PAK1,XGBoost,-0.1448928488173106,-0.985542893409729
Q13153,PAK1,XGBoost,-0.1965575954135572,-2.206775426864624
Q13153,PAK1,XGBoost,-2.7417073111533115,-1.292860507965088
Q13153,PAK1,XGBoost,-1.1864655606564305,-0.5045715570449829
Q13153,PAK1,XGBoost,-1.4759311344230754,-0.5806117057800293
Q13153,PAK1,XGBoost,-2.3145537082509087,-0.17617620527744293
Q13153,PAK1,XGBoost,1.6829750248075668,-2.4332571029663086
Q13153,PAK1,XGBoost,-1.403927888247068,0.013254974037408829
Q13153,PAK1,XGBoost,-0.0944613312394154,-1.5400159358978271
Q13153,PAK1,XGBoost,-1.8270266538861848,-2.984750986099243
Q13153,PAK1,PLS,-0.0706811779909659,-1.7137192245548627
Q13153,PAK1,PLS,-1.5582395911163078,-1.4337630032445043
Q13153,PAK1,PLS,-0.4316084875635922,0.08624187216856449
Q13153,PAK1,PLS,-0.7446151298715787,-0.06257773395890265
Q13153,PAK1,PLS,1.5111656310658494,-0.026067792544476442
Q13153,PAK1,PLS,-0.5165615061282753,-0.16301981210796146
Q13153,PAK1,PLS,0.1673224083449689,-0.8974223750656166
Q13153,PAK1,PLS,-4.639775439623039,-1.590229472369542
Q13153,PAK1,PLS,-2.646925324870568,-0.9236797297458903
Q13153,PAK1,PLS,-0.1448928488173106,0.6840327308904377
Q13153,PAK1,PLS,-0.1965575954135572,-1.413933478186543
Q13153,PAK1,PLS,-2.7417073111533115,-0.7464617633544113
Q13153,PAK1,PLS,-1.1864655606564305,-0.8292510082014592
Q13153,PAK1,PLS,-1.4759311344230754,0.09559814095243035
Q13153,PAK1,PLS,-2.3145537082509087,-1.1662432694631566
Q13153,PAK1,PLS,1.6829750248075668,-1.240121850162443
Q13153,PAK1,PLS,-1.403927888247068,-1.1764226159011617
Q13153,PAK1,PLS,-0.0944613312394154,-1.1932635881318574
Q13153,PAK1,PLS,-1.8270266538861848,-1.3627527139245532
Q13153,PAK1,SVR,-0.0706811779909659,-1.8090755163361487
Q13153,PAK1,SVR,-1.5582395911163078,-1.2926040403681358
Q13153,PAK1,SVR,-0.4316084875635922,-0.11412773229923023
Q13153,PAK1,SVR,-0.7446151298715787,-0.04704114158173811
Q13153,PAK1,SVR,1.5111656310658494,-0.22815113929680875
Q13153,PAK1,SVR,-0.5165615061282753,-0.014424524296539287
Q13153,PAK1,SVR,0.1673224083449689,-1.020510818194115
Q13153,PAK1,SVR,-4.639775439623039,-1.4907010415481432
Q13153,PAK1,SVR,-2.646925324870568,-0.9731243374680763
Q13153,PAK1,SVR,-0.1448928488173106,0.5753887024413473
Q13153,PAK1,SVR,-0.1965575954135572,-0.9112884801895034
Q13153,PAK1,SVR,-2.7417073111533115,-0.9699976065160123
Q13153,PAK1,SVR,-1.1864655606564305,-0.7975650596883693
Q13153,PAK1,SVR,-1.4759311344230754,0.2451443172498433
Q13153,PAK1,SVR,-2.3145537082509087,-1.312700785473522
Q13153,PAK1,SVR,1.6829750248075668,-0.7852915831082314
Q13153,PAK1,SVR,-1.403927888247068,-1.2724803031688996
Q13153,PAK1,SVR,-0.0944613312394154,-1.3551688295849815
Q13153,PAK1,SVR,-1.8270266538861848,-2.0914906142151213
Q13153,PAK1,Lasso,-0.0706811779909659,-1.2323228387683536
Q13153,PAK1,Lasso,-1.5582395911163078,-1.2857442364809535
Q13153,PAK1,Lasso,-0.4316084875635922,0.0331612522099024
Q13153,PAK1,Lasso,-0.7446151298715787,-0.6253349030908658
Q13153,PAK1,Lasso,1.5111656310658494,-0.20745838728861432
Q13153,PAK1,Lasso,-0.5165615061282753,-0.3232305194478093
Q13153,PAK1,Lasso,0.1673224083449689,-0.6682894158096
Q13153,PAK1,Lasso,-4.639775439623039,-1.4057428380191128
Q13153,PAK1,Lasso,-2.646925324870568,-0.8557383452685885
Q13153,PAK1,Lasso,-0.1448928488173106,-0.44715497294515794
Q13153,PAK1,Lasso,-0.1965575954135572,-1.3089596223191013
Q13153,PAK1,Lasso,-2.7417073111533115,-0.6236339725017718
Q13153,PAK1,Lasso,-1.1864655606564305,-0.6631484946225497
Q13153,PAK1,Lasso,-1.4759311344230754,-0.16998351060682182
Q13153,PAK1,Lasso,-2.3145537082509087,-1.32382684111055
Q13153,PAK1,Lasso,1.6829750248075668,-1.137915311176754
Q13153,PAK1,Lasso,-1.403927888247068,-1.4507066036720244
Q13153,PAK1,Lasso,-0.0944613312394154,-0.7719804018783835
Q13153,PAK1,Lasso,-1.8270266538861848,-1.5238819739936638
Q13153,PAK1,ElasticNet,-0.0706811779909659,-1.4504314239559608
Q13153,PAK1,ElasticNet,-1.5582395911163078,-1.3425067077618025
Q13153,PAK1,ElasticNet,-0.4316084875635922,0.03519283000259921
Q13153,PAK1,ElasticNet,-0.7446151298715787,-0.3675687128942351
Q13153,PAK1,ElasticNet,1.5111656310658494,-0.16252227762933968
Q13153,PAK1,ElasticNet,-0.5165615061282753,-0.26194071949339515
Q13153,PAK1,ElasticNet,0.1673224083449689,-0.7888928467258854
Q13153,PAK1,ElasticNet,-4.639775439623039,-1.479085068757732
Q13153,PAK1,ElasticNet,-2.646925324870568,-0.8772145455722712
Q13153,PAK1,ElasticNet,-0.1448928488173106,0.04357931484787303
Q13153,PAK1,ElasticNet,-0.1965575954135572,-1.3269168525934845
Q13153,PAK1,ElasticNet,-2.7417073111533115,-0.6844067952634689
Q13153,PAK1,ElasticNet,-1.1864655606564305,-0.7510021097476777
Q13153,PAK1,ElasticNet,-1.4759311344230754,-0.05612197404042185
Q13153,PAK1,ElasticNet,-2.3145537082509087,-1.233201778680125
Q13153,PAK1,ElasticNet,1.6829750248075668,-1.1734725520036882
Q13153,PAK1,ElasticNet,-1.403927888247068,-1.3112570212558463
Q13153,PAK1,ElasticNet,-0.0944613312394154,-0.9618883167335138
Q13153,PAK1,ElasticNet,-1.8270266538861848,-1.4122242913430232
Q13153,PAK1,GradientBoosting,-0.0706811779909659,-1.7812449039503842
Q13153,PAK1,GradientBoosting,-1.5582395911163078,-2.2995682845214294
Q13153,PAK1,GradientBoosting,-0.4316084875635922,-0.4665303217235851
Q13153,PAK1,GradientBoosting,-0.7446151298715787,-0.1693755375430884
Q13153,PAK1,GradientBoosting,1.5111656310658494,-0.6996791306176352
Q13153,PAK1,GradientBoosting,-0.5165615061282753,-0.7719226953433981
Q13153,PAK1,GradientBoosting,0.1673224083449689,-1.257601176723151
Q13153,PAK1,GradientBoosting,-4.639775439623039,-2.716527525397881
Q13153,PAK1,GradientBoosting,-2.646925324870568,-0.47377523187581877
Q13153,PAK1,GradientBoosting,-0.1448928488173106,-0.6323317288941032
Q13153,PAK1,GradientBoosting,-0.1965575954135572,-1.3711800362188327
Q13153,PAK1,GradientBoosting,-2.7417073111533115,-0.48794954341390634
Q13153,PAK1,GradientBoosting,-1.1864655606564305,-0.496353391659737
Q13153,PAK1,GradientBoosting,-1.4759311344230754,-0.16561757455046863
Q13153,PAK1,GradientBoosting,-2.3145537082509087,-1.1285559845252826
Q13153,PAK1,GradientBoosting,1.6829750248075668,-2.2393228559288336
Q13153,PAK1,GradientBoosting,-1.403927888247068,-0.6709527334498456
Q13153,PAK1,GradientBoosting,-0.0944613312394154,-0.364007819619616
Q13153,PAK1,GradientBoosting,-1.8270266538861848,-2.4001053281292877
Q13153,PAK1,MLP,-0.0706811779909659,-1.304053443888795
Q13153,PAK1,MLP,-1.5582395911163078,-0.40510690878487804
Q13153,PAK1,MLP,-0.4316084875635922,0.366139886033187
Q13153,PAK1,MLP,-0.7446151298715787,0.34662394977867067
Q13153,PAK1,MLP,1.5111656310658494,1.2844351080749192
Q13153,PAK1,MLP,-0.5165615061282753,0.7874715570411281
Q13153,PAK1,MLP,0.1673224083449689,-1.8495227949743136
Q13153,PAK1,MLP,-4.639775439623039,-0.27713655232828943
Q13153,PAK1,MLP,-2.646925324870568,-1.2354645945345775
Q13153,PAK1,MLP,-0.1448928488173106,3.549134075252971
Q13153,PAK1,MLP,-0.1965575954135572,-0.4280705260444105
Q13153,PAK1,MLP,-2.7417073111533115,-2.1711794063306975
Q13153,PAK1,MLP,-1.1864655606564305,-0.3409368505861568
Q13153,PAK1,MLP,-1.4759311344230754,0.3983479016704711
Q13153,PAK1,MLP,-2.3145537082509087,-0.10251889654346918
Q13153,PAK1,MLP,1.6829750248075668,-2.2785784740091026
Q13153,PAK1,MLP,-1.403927888247068,0.37239452113581145
Q13153,PAK1,MLP,-0.0944613312394154,-0.5859964191884797
Q13153,PAK1,MLP,-1.8270266538861848,-1.8634117420767404
Q13177,PAK2,RandomForest,0.4663724335474707,-0.6550333054772532
Q13177,PAK2,RandomForest,-2.245952805717844,-0.7137781240960979
Q13177,PAK2,RandomForest,-0.8611968949623486,-0.08396806604774733
Q13177,PAK2,RandomForest,1.1061620743321363,-0.022373491872532823
Q13177,PAK2,RandomForest,-0.6053222442690922,-0.6387780128888451
Q13177,PAK2,RandomForest,-0.3527851946462054,-0.5333557085167521
Q13177,PAK2,RandomForest,0.0526305011478321,0.1588828025521673
Q13177,PAK2,RandomForest,-1.0512695851131406,-0.7454038765995381
Q13177,PAK2,RandomForest,0.4813775470593797,-0.6357336792387653
Q13177,PAK2,RandomForest,-1.2895590371776613,-1.0369292533997614
Q13177,PAK2,RandomForest,-0.5657272853018579,-0.5435170215060775
Q13177,PAK2,RandomForest,0.4011519594725453,-0.8247790359123244
Q13177,PAK2,RandomForest,-0.7021589608224689,-0.42448292487815215
Q13177,PAK2,RandomForest,-0.5448678940551428,-0.4868252591118104
Q13177,PAK2,RandomForest,-0.5087580032332393,-0.3884481778811756
Q13177,PAK2,RandomForest,0.3858712851608323,-1.047059367665604
Q13177,PAK2,RandomForest,-0.0771843006036804,-1.5277683893643639
Q13177,PAK2,RandomForest,-0.4539505014368246,-0.6133266497263887
Q13177,PAK2,RandomForest,-0.0015270071129796,-0.08595773245101572
Q13177,PAK2,XGBoost,0.4663724335474707,-0.6963211894035339
Q13177,PAK2,XGBoost,-2.245952805717844,-1.0940932035446167
Q13177,PAK2,XGBoost,-0.8611968949623486,0.0681348368525505
Q13177,PAK2,XGBoost,1.1061620743321363,0.419814795255661
Q13177,PAK2,XGBoost,-0.6053222442690922,-0.7480818033218384
Q13177,PAK2,XGBoost,-0.3527851946462054,-0.5106246471405029
Q13177,PAK2,XGBoost,0.0526305011478321,-0.2428252100944519
Q13177,PAK2,XGBoost,-1.0512695851131406,-0.9184374213218689
Q13177,PAK2,XGBoost,0.4813775470593797,-1.0967780351638794
Q13177,PAK2,XGBoost,-1.2895590371776613,-1.85629141330719
Q13177,PAK2,XGBoost,-0.5657272853018579,-0.5095609426498413
Q13177,PAK2,XGBoost,0.4011519594725453,-0.5957242846488953
Q13177,PAK2,XGBoost,-0.7021589608224689,0.34416770935058594
Q13177,PAK2,XGBoost,-0.5448678940551428,-0.37914127111434937
Q13177,PAK2,XGBoost,-0.5087580032332393,-0.197182759642601
Q13177,PAK2,XGBoost,0.3858712851608323,-0.20585809648036957
Q13177,PAK2,XGBoost,-0.0771843006036804,-0.25855153799057007
Q13177,PAK2,XGBoost,-0.4539505014368246,-0.7739931344985962
Q13177,PAK2,XGBoost,-0.0015270071129796,0.5436077117919922
Q13177,PAK2,PLS,0.4663724335474707,0.11858053572651661
Q13177,PAK2,PLS,-2.245952805717844,-0.37066108125566727
Q13177,PAK2,PLS,-0.8611968949623486,-0.2518715772311637
Q13177,PAK2,PLS,1.1061620743321363,-0.259340114082346
Q13177,PAK2,PLS,-0.6053222442690922,-0.9469506860794927
Q13177,PAK2,PLS,-0.3527851946462054,-0.6543495203445193
Q13177,PAK2,PLS,0.0526305011478321,-0.11029607821031717
Q13177,PAK2,PLS,-1.0512695851131406,-1.3192683974827961
Q13177,PAK2,PLS,0.4813775470593797,0.08703638345379072
Q13177,PAK2,PLS,-1.2895590371776613,-1.174644503886591
Q13177,PAK2,PLS,-0.5657272853018579,-0.6043858062861645
Q13177,PAK2,PLS,0.4011519594725453,-0.6319476417157337
Q13177,PAK2,PLS,-0.7021589608224689,-0.7154101179578348
Q13177,PAK2,PLS,-0.5448678940551428,-0.7142382404110283
Q13177,PAK2,PLS,-0.5087580032332393,-0.42044682905843006
Q13177,PAK2,PLS,0.3858712851608323,-1.1423918317508708
Q13177,PAK2,PLS,-0.0771843006036804,-0.4581887423514287
Q13177,PAK2,PLS,-0.4539505014368246,-0.7080568730852357
Q13177,PAK2,PLS,-0.0015270071129796,-0.4706732741810805
Q13177,PAK2,SVR,0.4663724335474707,0.2693598883839081
Q13177,PAK2,SVR,-2.245952805717844,-0.35278953855481743
Q13177,PAK2,SVR,-0.8611968949623486,0.12115592395968
Q13177,PAK2,SVR,1.1061620743321363,-0.2636820068471524
Q13177,PAK2,SVR,-0.6053222442690922,-0.9619759921669874
Q13177,PAK2,SVR,-0.3527851946462054,-0.5050877240684248
Q13177,PAK2,SVR,0.0526305011478321,-0.2407697717359394
Q13177,PAK2,SVR,-1.0512695851131406,-1.3793255557449644
Q13177,PAK2,SVR,0.4813775470593797,-0.1119254727345742
Q13177,PAK2,SVR,-1.2895590371776613,-1.3995223167271569
Q13177,PAK2,SVR,-0.5657272853018579,-0.9486488113951153
Q13177,PAK2,SVR,0.4011519594725453,-0.5648254404764839
Q13177,PAK2,SVR,-0.7021589608224689,-0.7971744739329443
Q13177,PAK2,SVR,-0.5448678940551428,-0.6884354684394294
Q13177,PAK2,SVR,-0.5087580032332393,-0.4269699018013009
Q13177,PAK2,SVR,0.3858712851608323,-1.1563634081352965
Q13177,PAK2,SVR,-0.0771843006036804,-0.7331327969707137
Q13177,PAK2,SVR,-0.4539505014368246,-0.6125919158604685
Q13177,PAK2,SVR,-0.0015270071129796,-0.2896866657839053
Q13177,PAK2,Lasso,0.4663724335474707,-0.3607040781160272
Q13177,PAK2,Lasso,-2.245952805717844,-0.23636135991257967
Q13177,PAK2,Lasso,-0.8611968949623486,-0.5923360383429551
Q13177,PAK2,Lasso,1.1061620743321363,-0.6045939744959462
Q13177,PAK2,Lasso,-0.6053222442690922,-0.7020946942419822
Q13177,PAK2,Lasso,-0.3527851946462054,-0.4878628783798821
Q13177,PAK2,Lasso,0.0526305011478321,-0.45735479747032853
Q13177,PAK2,Lasso,-1.0512695851131406,-0.7341352362855978
Q13177,PAK2,Lasso,0.4813775470593797,-0.21791661987520583
Q13177,PAK2,Lasso,-1.2895590371776613,-1.059365588446552
Q13177,PAK2,Lasso,-0.5657272853018579,-0.6436021418260398
Q13177,PAK2,Lasso,0.4011519594725453,-0.6840217197728544
Q13177,PAK2,Lasso,-0.7021589608224689,-0.6341258100049741
Q13177,PAK2,Lasso,-0.5448678940551428,-0.6017707038854778
Q13177,PAK2,Lasso,-0.5087580032332393,-0.5572331397800132
Q13177,PAK2,Lasso,0.3858712851608323,-0.7607877757866335
Q13177,PAK2,Lasso,-0.0771843006036804,-0.48943491428616764
Q13177,PAK2,Lasso,-0.4539505014368246,-0.562357353452854
Q13177,PAK2,Lasso,-0.0015270071129796,-0.26126121896786964
Q13177,PAK2,ElasticNet,0.4663724335474707,-0.13784329195771616
Q13177,PAK2,ElasticNet,-2.245952805717844,-0.3117288492716865
Q13177,PAK2,ElasticNet,-0.8611968949623486,-0.5213323130861777
Q13177,PAK2,ElasticNet,1.1061620743321363,-0.48145308629884676
Q13177,PAK2,ElasticNet,-0.6053222442690922,-0.7993435314874928
Q13177,PAK2,ElasticNet,-0.3527851946462054,-0.5607897506385887
Q13177,PAK2,ElasticNet,0.0526305011478321,-0.2983628142442795
Q13177,PAK2,ElasticNet,-1.0512695851131406,-0.9106286512998176
Q13177,PAK2,ElasticNet,0.4813775470593797,-0.09710591170394056
Q13177,PAK2,ElasticNet,-1.2895590371776613,-1.1032551658498755
Q13177,PAK2,ElasticNet,-0.5657272853018579,-0.5193065454246953
Q13177,PAK2,ElasticNet,0.4011519594725453,-0.7268908976444927
Q13177,PAK2,ElasticNet,-0.7021589608224689,-0.6680123892884403
Q13177,PAK2,ElasticNet,-0.5448678940551428,-0.6451906191796339
Q13177,PAK2,ElasticNet,-0.5087580032332393,-0.5089146358113127
Q13177,PAK2,ElasticNet,0.3858712851608323,-0.8983270162655494
Q13177,PAK2,ElasticNet,-0.0771843006036804,-0.4742889323031245
Q13177,PAK2,ElasticNet,-0.4539505014368246,-0.6181900855734106
Q13177,PAK2,ElasticNet,-0.0015270071129796,-0.41615497132517365
Q13177,PAK2,GradientBoosting,0.4663724335474707,-0.9576757199328049
Q13177,PAK2,GradientBoosting,-2.245952805717844,-0.9783487172174005
Q13177,PAK2,GradientBoosting,-0.8611968949623486,0.5536007098038835
Q13177,PAK2,GradientBoosting,1.1061620743321363,-0.0021805516315779832
Q13177,PAK2,GradientBoosting,-0.6053222442690922,-0.7272624521422513
Q13177,PAK2,GradientBoosting,-0.3527851946462054,-0.644158632632251
Q13177,PAK2,GradientBoosting,0.0526305011478321,0.49017271766671217
Q13177,PAK2,GradientBoosting,-1.0512695851131406,-0.6309704777685384
Q13177,PAK2,GradientBoosting,0.4813775470593797,-0.8270367172805095
Q13177,PAK2,GradientBoosting,-1.2895590371776613,-1.4363158023609672
Q13177,PAK2,GradientBoosting,-0.5657272853018579,-0.6338260691972047
Q13177,PAK2,GradientBoosting,0.4011519594725453,-1.097253461523159
Q13177,PAK2,GradientBoosting,-0.7021589608224689,-0.09709968174758025
Q13177,PAK2,GradientBoosting,-0.5448678940551428,-0.18360812322437453
Q13177,PAK2,GradientBoosting,-0.5087580032332393,-0.1450354908519492
Q13177,PAK2,GradientBoosting,0.3858712851608323,-0.9745268344501259
Q13177,PAK2,GradientBoosting,-0.0771843006036804,-1.1537343971515817
Q13177,PAK2,GradientBoosting,-0.4539505014368246,-0.5157704369477457
Q13177,PAK2,GradientBoosting,-0.0015270071129796,0.05891100760632119
Q13177,PAK2,MLP,0.4663724335474707,0.8119675428683046
Q13177,PAK2,MLP,-2.245952805717844,-1.1702415630664293
Q13177,PAK2,MLP,-0.8611968949623486,0.24176013187584658
Q13177,PAK2,MLP,1.1061620743321363,0.9133375951032993
Q13177,PAK2,MLP,-0.6053222442690922,-2.0245292401886323
Q13177,PAK2,MLP,-0.3527851946462054,-0.9853615249283549
Q13177,PAK2,MLP,0.0526305011478321,0.2521163166978271
Q13177,PAK2,MLP,-1.0512695851131406,-1.426572307829876
Q13177,PAK2,MLP,0.4813775470593797,-0.33465672438473937
Q13177,PAK2,MLP,-1.2895590371776613,1.1903194009009292
Q13177,PAK2,MLP,-0.5657272853018579,-0.33880396641488564
Q13177,PAK2,MLP,0.4011519594725453,-1.1318770698503438
Q13177,PAK2,MLP,-0.7021589608224689,-0.7962151499212521
Q13177,PAK2,MLP,-0.5448678940551428,-0.1982498126703891
Q13177,PAK2,MLP,-0.5087580032332393,-0.45069551342756714
Q13177,PAK2,MLP,0.3858712851608323,-3.791513446057382
Q13177,PAK2,MLP,-0.0771843006036804,0.3864666330235962
Q13177,PAK2,MLP,-0.4539505014368246,-2.788069730567397
Q13177,PAK2,MLP,-0.0015270071129796,-1.732028502491058
Q13233,MAP3K1,RandomForest,-0.0493093961638282,-0.22301684758731596
Q13233,MAP3K1,RandomForest,0.6872482741414287,0.04609099867400291
Q13233,MAP3K1,RandomForest,-0.111642122359937,-0.20867435090574152
Q13233,MAP3K1,RandomForest,-0.789157482379268,0.25026422767179957
Q13233,MAP3K1,RandomForest,-0.8787993526684,0.5183849660119987
Q13233,MAP3K1,RandomForest,-0.0246744472683185,-0.14929826211741573
Q13233,MAP3K1,RandomForest,1.8481401449005328,0.7263080541176475
Q13233,MAP3K1,RandomForest,-0.6892197984982821,-0.24535129851505874
Q13233,MAP3K1,RandomForest,2.3174358740041665,-0.016094816366281326
Q13233,MAP3K1,RandomForest,-1.3005293614811737,0.511956551616442
Q13233,MAP3K1,RandomForest,0.9804883028994076,0.44620541042362705
Q13233,MAP3K1,RandomForest,2.1578199938400395,-0.1723329647969754
Q13233,MAP3K1,RandomForest,0.756890276715423,-0.6544087759926984
Q13233,MAP3K1,RandomForest,0.3618607911061595,-0.015784855074406176
Q13233,MAP3K1,RandomForest,0.126164026168714,-0.057196568747111334
Q13233,MAP3K1,RandomForest,1.721501462671633,0.09263866298104331
Q13233,MAP3K1,RandomForest,0.9754064330202264,0.032265853291716426
Q13233,MAP3K1,RandomForest,0.7970518972097739,-0.19758956128525804
Q13233,MAP3K1,RandomForest,0.4188812643239077,-0.14880945770708498
Q13233,MAP3K1,XGBoost,-0.0493093961638282,0.7604742050170898
Q13233,MAP3K1,XGBoost,0.6872482741414287,0.05065550655126572
Q13233,MAP3K1,XGBoost,-0.111642122359937,-0.3131805658340454
Q13233,MAP3K1,XGBoost,-0.789157482379268,0.9800003170967102
Q13233,MAP3K1,XGBoost,-0.8787993526684,0.7310852408409119
Q13233,MAP3K1,XGBoost,-0.0246744472683185,-0.14632341265678406
Q13233,MAP3K1,XGBoost,1.8481401449005328,0.18898403644561768
Q13233,MAP3K1,XGBoost,-0.6892197984982821,-0.5750676393508911
Q13233,MAP3K1,XGBoost,2.3174358740041665,0.4724847078323364
Q13233,MAP3K1,XGBoost,-1.3005293614811737,1.5340248346328735
Q13233,MAP3K1,XGBoost,0.9804883028994076,0.24581851065158844
Q13233,MAP3K1,XGBoost,2.1578199938400395,-0.06102747470140457
Q13233,MAP3K1,XGBoost,0.756890276715423,-0.17341329157352448
Q13233,MAP3K1,XGBoost,0.3618607911061595,-0.4327123165130615
Q13233,MAP3K1,XGBoost,0.126164026168714,-0.30963054299354553
Q13233,MAP3K1,XGBoost,1.721501462671633,0.9824693202972412
Q13233,MAP3K1,XGBoost,0.9754064330202264,0.4724847078323364
Q13233,MAP3K1,XGBoost,0.7970518972097739,-0.34546762704849243
Q13233,MAP3K1,XGBoost,0.4188812643239077,-0.22756946086883545
Q13233,MAP3K1,PLS,-0.0493093961638282,-0.014582240946384425
Q13233,MAP3K1,PLS,0.6872482741414287,0.24234734466566651
Q13233,MAP3K1,PLS,-0.111642122359937,0.05383151540798811
Q13233,MAP3K1,PLS,-0.789157482379268,0.3025159159005515
Q13233,MAP3K1,PLS,-0.8787993526684,0.20331008810380857
Q13233,MAP3K1,PLS,-0.0246744472683185,0.41577584220501657
Q13233,MAP3K1,PLS,1.8481401449005328,0.12370853831531939
Q13233,MAP3K1,PLS,-0.6892197984982821,-0.4018664949025108
Q13233,MAP3K1,PLS,2.3174358740041665,0.056087504541586994
Q13233,MAP3K1,PLS,-1.3005293614811737,0.4425641411103585
Q13233,MAP3K1,PLS,0.9804883028994076,0.4040154688872459
Q13233,MAP3K1,PLS,2.1578199938400395,-0.21977978084090222
Q13233,MAP3K1,PLS,0.756890276715423,0.09493175102504317
Q13233,MAP3K1,PLS,0.3618607911061595,0.3372808396171091
Q13233,MAP3K1,PLS,0.126164026168714,0.031211498118400287
Q13233,MAP3K1,PLS,1.721501462671633,0.25434365526131286
Q13233,MAP3K1,PLS,0.9754064330202264,0.06407648116232956
Q13233,MAP3K1,PLS,0.7970518972097739,-0.09160659055199338
Q13233,MAP3K1,PLS,0.4188812643239077,-0.338114568171259
Q13233,MAP3K1,SVR,-0.0493093961638282,-0.0031107278148088113
Q13233,MAP3K1,SVR,0.6872482741414287,0.06374469196297294
Q13233,MAP3K1,SVR,-0.111642122359937,0.12651627095729145
Q13233,MAP3K1,SVR,-0.789157482379268,0.2944274131949358
Q13233,MAP3K1,SVR,-0.8787993526684,0.2476025145222721
Q13233,MAP3K1,SVR,-0.0246744472683185,0.29296740891688855
Q13233,MAP3K1,SVR,1.8481401449005328,0.16433138212839027
Q13233,MAP3K1,SVR,-0.6892197984982821,0.07888833476332024
Q13233,MAP3K1,SVR,2.3174358740041665,0.26403971843401175
Q13233,MAP3K1,SVR,-1.3005293614811737,0.381573264518722
Q13233,MAP3K1,SVR,0.9804883028994076,0.48961617761524784
Q13233,MAP3K1,SVR,2.1578199938400395,-0.07540985673513756
Q13233,MAP3K1,SVR,0.756890276715423,0.12900358164879677
Q13233,MAP3K1,SVR,0.3618607911061595,0.24944637421281612
Q13233,MAP3K1,SVR,0.126164026168714,0.08788290652280861
Q13233,MAP3K1,SVR,1.721501462671633,0.35719682587438395
Q13233,MAP3K1,SVR,0.9754064330202264,0.2630421701556416
Q13233,MAP3K1,SVR,0.7970518972097739,0.06821528642916808
Q13233,MAP3K1,SVR,0.4188812643239077,0.03232999044859852
Q13233,MAP3K1,Lasso,-0.0493093961638282,-0.05286431087393026
Q13233,MAP3K1,Lasso,0.6872482741414287,-0.005122547147988349
Q13233,MAP3K1,Lasso,-0.111642122359937,0.055668692072729065
Q13233,MAP3K1,Lasso,-0.789157482379268,0.19044656398599707
Q13233,MAP3K1,Lasso,-0.8787993526684,0.15392973865962875
Q13233,MAP3K1,Lasso,-0.0246744472683185,0.18496269507397872
Q13233,MAP3K1,Lasso,1.8481401449005328,0.08561375865055919
Q13233,MAP3K1,Lasso,-0.6892197984982821,0.031780835459079844
Q13233,MAP3K1,Lasso,2.3174358740041665,0.17348377549503258
Q13233,MAP3K1,Lasso,-1.3005293614811737,0.2600471613130599
Q13233,MAP3K1,Lasso,0.9804883028994076,0.35413540406300204
Q13233,MAP3K1,Lasso,2.1578199938400395,-0.10734286973319881
Q13233,MAP3K1,Lasso,0.756890276715423,0.05628209210740791
Q13233,MAP3K1,Lasso,0.3618607911061595,0.15061162108578946
Q13233,MAP3K1,Lasso,0.126164026168714,0.023432063747252027
Q13233,MAP3K1,Lasso,1.721501462671633,0.24614821414702387
Q13233,MAP3K1,Lasso,0.9754064330202264,0.1723318901072402
Q13233,MAP3K1,Lasso,0.7970518972097739,0.011092989698658448
Q13233,MAP3K1,Lasso,0.4188812643239077,-0.010564242204214494
Q13233,MAP3K1,ElasticNet,-0.0493093961638282,-0.029217383828189253
Q13233,MAP3K1,ElasticNet,0.6872482741414287,0.11157763499030457
Q13233,MAP3K1,ElasticNet,-0.111642122359937,0.05467062620288459
Q13233,MAP3K1,ElasticNet,-0.789157482379268,0.24010402232924088
Q13233,MAP3K1,ElasticNet,-0.8787993526684,0.17336757522738255
Q13233,MAP3K1,ElasticNet,-0.0246744472683185,0.28817771691660343
Q13233,MAP3K1,ElasticNet,1.8481401449005328,0.10748438062519483
Q13233,MAP3K1,ElasticNet,-0.6892197984982821,-0.16589643525867515
Q13233,MAP3K1,ElasticNet,2.3174358740041665,0.11539871334379968
Q13233,MAP3K1,ElasticNet,-1.3005293614811737,0.343893600430356
Q13233,MAP3K1,ElasticNet,0.9804883028994076,0.37528730548100553
Q13233,MAP3K1,ElasticNet,2.1578199938400395,-0.15644597496730173
Q13233,MAP3K1,ElasticNet,0.756890276715423,0.07420327512952743
Q13233,MAP3K1,ElasticNet,0.3618607911061595,0.23673471116840672
Q13233,MAP3K1,ElasticNet,0.126164026168714,0.02994020830291795
Q13233,MAP3K1,ElasticNet,1.721501462671633,0.25077722423956944
Q13233,MAP3K1,ElasticNet,0.9754064330202264,0.11848599544814065
Q13233,MAP3K1,ElasticNet,0.7970518972097739,-0.03453211763800142
Q13233,MAP3K1,ElasticNet,0.4188812643239077,-0.16093576749166766
Q13233,MAP3K1,GradientBoosting,-0.0493093961638282,-0.5242617421224796
Q13233,MAP3K1,GradientBoosting,0.6872482741414287,0.2160138086248567
Q13233,MAP3K1,GradientBoosting,-0.111642122359937,0.1934653588870011
Q13233,MAP3K1,GradientBoosting,-0.789157482379268,0.06547317579115736
Q13233,MAP3K1,GradientBoosting,-0.8787993526684,0.5789650622463006
Q13233,MAP3K1,GradientBoosting,-0.0246744472683185,-0.04657051762714524
Q13233,MAP3K1,GradientBoosting,1.8481401449005328,0.7093268346636123
Q13233,MAP3K1,GradientBoosting,-0.6892197984982821,-0.7047262894969258
Q13233,MAP3K1,GradientBoosting,2.3174358740041665,-0.25296815108853526
Q13233,MAP3K1,GradientBoosting,-1.3005293614811737,0.25910354345227316
Q13233,MAP3K1,GradientBoosting,0.9804883028994076,1.503500986145681
Q13233,MAP3K1,GradientBoosting,2.1578199938400395,-0.21121374108320964
Q13233,MAP3K1,GradientBoosting,0.756890276715423,-0.28973648577792815
Q13233,MAP3K1,GradientBoosting,0.3618607911061595,-0.5362750756101924
Q13233,MAP3K1,GradientBoosting,0.126164026168714,0.15610480002641447
Q13233,MAP3K1,GradientBoosting,1.721501462671633,-0.2946872754941401
Q13233,MAP3K1,GradientBoosting,0.9754064330202264,0.6892026220732239
Q13233,MAP3K1,GradientBoosting,0.7970518972097739,-0.2979242460791265
Q13233,MAP3K1,GradientBoosting,0.4188812643239077,0.11067692821059001
Q13233,MAP3K1,MLP,-0.0493093961638282,-0.06179342418888708
Q13233,MAP3K1,MLP,0.6872482741414287,-0.06179342418888708
Q13233,MAP3K1,MLP,-0.111642122359937,-0.04898866337497101
Q13233,MAP3K1,MLP,-0.789157482379268,0.03875811200420854
Q13233,MAP3K1,MLP,-0.8787993526684,0.17948748802043937
Q13233,MAP3K1,MLP,-0.0246744472683185,0.1665312642490238
Q13233,MAP3K1,MLP,1.8481401449005328,-0.06179342418888708
Q13233,MAP3K1,MLP,-0.6892197984982821,-0.06179342418888708
Q13233,MAP3K1,MLP,2.3174358740041665,0.1395162911188014
Q13233,MAP3K1,MLP,-1.3005293614811737,-0.06179342418888708
Q13233,MAP3K1,MLP,0.9804883028994076,-0.06179342418888708
Q13233,MAP3K1,MLP,2.1578199938400395,-0.06179342418888708
Q13233,MAP3K1,MLP,0.756890276715423,-0.06179342418888708
Q13233,MAP3K1,MLP,0.3618607911061595,-0.06179342418888708
Q13233,MAP3K1,MLP,0.126164026168714,-0.06179342418888708
Q13233,MAP3K1,MLP,1.721501462671633,-0.06179342418888708
Q13233,MAP3K1,MLP,0.9754064330202264,0.14250883818625829
Q13233,MAP3K1,MLP,0.7970518972097739,-0.06179342418888708
Q13233,MAP3K1,MLP,0.4188812643239077,-0.09518641938822067
Q13263,TRIM28,RandomForest,0.5648354100964136,0.5392290269769696
Q13263,TRIM28,RandomForest,-0.1640906246959876,-0.02498579338946273
Q13263,TRIM28,RandomForest,0.1753592838387239,-0.3684575273257736
Q13263,TRIM28,RandomForest,0.236321431229398,-0.12008675629671652
Q13263,TRIM28,RandomForest,-0.1275913334568535,-0.13545797079624977
Q13263,TRIM28,RandomForest,0.1811062837704716,0.09575846804193124
Q13263,TRIM28,RandomForest,0.014811855917658,-0.12076600024827679
Q13263,TRIM28,RandomForest,0.5863625324961735,0.1809197108742424
Q13263,TRIM28,RandomForest,0.1645047002830233,0.3594524701638113
Q13263,TRIM28,RandomForest,-0.189700773099614,-0.10626495565177337
Q13263,TRIM28,RandomForest,0.3470513169809207,0.2262139432889763
Q13263,TRIM28,RandomForest,0.0154106475243054,-0.15152507438708263
Q13263,TRIM28,RandomForest,0.6449899371835107,-0.018576265329763347
Q13263,TRIM28,RandomForest,0.0489398665332439,-0.02982145605861096
Q13263,TRIM28,RandomForest,0.5734481212994365,0.07229257397841642
Q13263,TRIM28,RandomForest,0.2004865508619635,0.4036850501327567
Q13263,TRIM28,RandomForest,0.2780392260977953,0.26575327101913593
Q13263,TRIM28,RandomForest,0.3227937413821048,-0.06047862291493753
Q13263,TRIM28,RandomForest,0.1877891711272918,0.5799104658857169
Q13263,TRIM28,XGBoost,0.5648354100964136,0.4563729465007782
Q13263,TRIM28,XGBoost,-0.1640906246959876,-0.17345526814460754
Q13263,TRIM28,XGBoost,0.1753592838387239,0.010083205066621304
Q13263,TRIM28,XGBoost,0.236321431229398,-0.2272939383983612
Q13263,TRIM28,XGBoost,-0.1275913334568535,-0.5642406940460205
Q13263,TRIM28,XGBoost,0.1811062837704716,-0.11125140637159348
Q13263,TRIM28,XGBoost,0.014811855917658,-0.1022636815905571
Q13263,TRIM28,XGBoost,0.5863625324961735,-0.03897462040185928
Q13263,TRIM28,XGBoost,0.1645047002830233,0.2834474742412567
Q13263,TRIM28,XGBoost,-0.189700773099614,-0.14431093633174896
Q13263,TRIM28,XGBoost,0.3470513169809207,0.2895815968513489
Q13263,TRIM28,XGBoost,0.0154106475243054,-0.6532983779907227
Q13263,TRIM28,XGBoost,0.6449899371835107,0.005956512410193682
Q13263,TRIM28,XGBoost,0.0489398665332439,-0.18759606778621674
Q13263,TRIM28,XGBoost,0.5734481212994365,-0.012804718688130379
Q13263,TRIM28,XGBoost,0.2004865508619635,0.5660991668701172
Q13263,TRIM28,XGBoost,0.2780392260977953,0.4149470925331116
Q13263,TRIM28,XGBoost,0.3227937413821048,-0.07348664104938507
Q13263,TRIM28,XGBoost,0.1877891711272918,0.8474299311637878
Q13263,TRIM28,PLS,0.5648354100964136,0.9441798861281341
Q13263,TRIM28,PLS,-0.1640906246959876,0.28934575596949974
Q13263,TRIM28,PLS,0.1753592838387239,0.31602305723145235
Q13263,TRIM28,PLS,0.236321431229398,-0.20745274268982347
Q13263,TRIM28,PLS,-0.1275913334568535,-0.1517835865645107
Q13263,TRIM28,PLS,0.1811062837704716,-0.2223573914765252
Q13263,TRIM28,PLS,0.014811855917658,0.12024477199154429
Q13263,TRIM28,PLS,0.5863625324961735,-0.0795332457680932
Q13263,TRIM28,PLS,0.1645047002830233,0.2339004567790744
Q13263,TRIM28,PLS,-0.189700773099614,-0.054084007954414724
Q13263,TRIM28,PLS,0.3470513169809207,0.36724929955461205
Q13263,TRIM28,PLS,0.0154106475243054,-0.3481047396579391
Q13263,TRIM28,PLS,0.6449899371835107,0.04729568586324741
Q13263,TRIM28,PLS,0.0489398665332439,-0.12480491287225198
Q13263,TRIM28,PLS,0.5734481212994365,0.10947658837073224
Q13263,TRIM28,PLS,0.2004865508619635,0.30939986128706276
Q13263,TRIM28,PLS,0.2780392260977953,0.33588549852948696
Q13263,TRIM28,PLS,0.3227937413821048,-0.13001080102796528
Q13263,TRIM28,PLS,0.1877891711272918,0.5248030752696872
Q13263,TRIM28,SVR,0.5648354100964136,0.8300640081796464
Q13263,TRIM28,SVR,-0.1640906246959876,0.2730524102442681
Q13263,TRIM28,SVR,0.1753592838387239,0.43441912342894506
Q13263,TRIM28,SVR,0.236321431229398,-0.12001458543700541
Q13263,TRIM28,SVR,-0.1275913334568535,-0.05604612464278941
Q13263,TRIM28,SVR,0.1811062837704716,0.09306887867353017
Q13263,TRIM28,SVR,0.014811855917658,-0.034018184204330476
Q13263,TRIM28,SVR,0.5863625324961735,0.032180159162023075
Q13263,TRIM28,SVR,0.1645047002830233,0.34139643310392753
Q13263,TRIM28,SVR,-0.189700773099614,0.03332917399740273
Q13263,TRIM28,SVR,0.3470513169809207,0.20132380504149838
Q13263,TRIM28,SVR,0.0154106475243054,-0.1200304861317886
Q13263,TRIM28,SVR,0.6449899371835107,0.09661863341304075
Q13263,TRIM28,SVR,0.0489398665332439,-0.0005190574462609343
Q13263,TRIM28,SVR,0.5734481212994365,0.14492072581715312
Q13263,TRIM28,SVR,0.2004865508619635,0.2388078909926584
Q13263,TRIM28,SVR,0.2780392260977953,0.46675077862464764
Q13263,TRIM28,SVR,0.3227937413821048,-0.12424180300214452
Q13263,TRIM28,SVR,0.1877891711272918,0.5882111112205001
Q13263,TRIM28,Lasso,0.5648354100964136,0.380662486701044
Q13263,TRIM28,Lasso,-0.1640906246959876,-0.03771917832821468
Q13263,TRIM28,Lasso,0.1753592838387239,-0.07353714055060057
Q13263,TRIM28,Lasso,0.236321431229398,-0.0378913617745353
Q13263,TRIM28,Lasso,-0.1275913334568535,-0.09949822330143956
Q13263,TRIM28,Lasso,0.1811062837704716,0.05496124212731336
Q13263,TRIM28,Lasso,0.014811855917658,0.056924832694628
Q13263,TRIM28,Lasso,0.5863625324961735,0.07192181011689996
Q13263,TRIM28,Lasso,0.1645047002830233,0.20891174035761673
Q13263,TRIM28,Lasso,-0.189700773099614,0.05096928035077246
Q13263,TRIM28,Lasso,0.3470513169809207,0.2135835164109707
Q13263,TRIM28,Lasso,0.0154106475243054,-0.22593314539985362
Q13263,TRIM28,Lasso,0.6449899371835107,-0.11746180988405261
Q13263,TRIM28,Lasso,0.0489398665332439,-0.10913380124409244
Q13263,TRIM28,Lasso,0.5734481212994365,0.08945750738200078
Q13263,TRIM28,Lasso,0.2004865508619635,0.287671774182221
Q13263,TRIM28,Lasso,0.2780392260977953,0.1743664542687985
Q13263,TRIM28,Lasso,0.3227937413821048,-0.09743908425677406
Q13263,TRIM28,Lasso,0.1877891711272918,0.3917198043501974
Q13263,TRIM28,ElasticNet,0.5648354100964136,0.5264085579524226
Q13263,TRIM28,ElasticNet,-0.1640906246959876,-0.005341414961481168
Q13263,TRIM28,ElasticNet,0.1753592838387239,0.007881125072303631
Q13263,TRIM28,ElasticNet,0.236321431229398,-0.15050292386118866
Q13263,TRIM28,ElasticNet,-0.1275913334568535,-0.15001147533132508
Q13263,TRIM28,ElasticNet,0.1811062837704716,-0.04322706413404804
Q13263,TRIM28,ElasticNet,0.014811855917658,0.10459852591754759
Q13263,TRIM28,ElasticNet,0.5863625324961735,0.08118583754816006
Q13263,TRIM28,ElasticNet,0.1645047002830233,0.22309351374003625
Q13263,TRIM28,ElasticNet,-0.189700773099614,-0.034225600900637386
Q13263,TRIM28,ElasticNet,0.3470513169809207,0.3228587457411334
Q13263,TRIM28,ElasticNet,0.0154106475243054,-0.2654877587330228
Q13263,TRIM28,ElasticNet,0.6449899371835107,-0.06825071766996635
Q13263,TRIM28,ElasticNet,0.0489398665332439,-0.1768846484522451
Q13263,TRIM28,ElasticNet,0.5734481212994365,0.10703006738631114
Q13263,TRIM28,ElasticNet,0.2004865508619635,0.3418474033762267
Q13263,TRIM28,ElasticNet,0.2780392260977953,0.23983058528569223
Q13263,TRIM28,ElasticNet,0.3227937413821048,-0.10138301611100783
Q13263,TRIM28,ElasticNet,0.1877891711272918,0.4575152289951185
Q13263,TRIM28,GradientBoosting,0.5648354100964136,0.7011583217968971
Q13263,TRIM28,GradientBoosting,-0.1640906246959876,-0.06362058449141496
Q13263,TRIM28,GradientBoosting,0.1753592838387239,0.06678385675695088
Q13263,TRIM28,GradientBoosting,0.236321431229398,-0.18061535649423452
Q13263,TRIM28,GradientBoosting,-0.1275913334568535,-0.26759832738779415
Q13263,TRIM28,GradientBoosting,0.1811062837704716,-0.1081534326700212
Q13263,TRIM28,GradientBoosting,0.014811855917658,-0.11132940589000968
Q13263,TRIM28,GradientBoosting,0.5863625324961735,-0.10564125878085401
Q13263,TRIM28,GradientBoosting,0.1645047002830233,0.43901818170929224
Q13263,TRIM28,GradientBoosting,-0.189700773099614,-0.018576463548060935
Q13263,TRIM28,GradientBoosting,0.3470513169809207,-0.08000359310433591
Q13263,TRIM28,GradientBoosting,0.0154106475243054,-0.4981730270000414
Q13263,TRIM28,GradientBoosting,0.6449899371835107,-0.0037323966510323854
Q13263,TRIM28,GradientBoosting,0.0489398665332439,-0.22206818184535143
Q13263,TRIM28,GradientBoosting,0.5734481212994365,-0.02489427715470615
Q13263,TRIM28,GradientBoosting,0.2004865508619635,0.49041340003164086
Q13263,TRIM28,GradientBoosting,0.2780392260977953,0.5025019472585757
Q13263,TRIM28,GradientBoosting,0.3227937413821048,-0.31298242689678707
Q13263,TRIM28,GradientBoosting,0.1877891711272918,0.9542712083718515
Q13263,TRIM28,MLP,0.5648354100964136,1.3390656729275874
Q13263,TRIM28,MLP,-0.1640906246959876,-0.15084141063133566
Q13263,TRIM28,MLP,0.1753592838387239,0.2998120801375607
Q13263,TRIM28,MLP,0.236321431229398,-0.14943867772096728
Q13263,TRIM28,MLP,-0.1275913334568535,-0.001330209910893554
Q13263,TRIM28,MLP,0.1811062837704716,-0.03231599609321928
Q13263,TRIM28,MLP,0.014811855917658,0.1243400984048667
Q13263,TRIM28,MLP,0.5863625324961735,-0.6118112842871908
Q13263,TRIM28,MLP,0.1645047002830233,-0.10797722139232654
Q13263,TRIM28,MLP,-0.189700773099614,-0.3358534187314598
Q13263,TRIM28,MLP,0.3470513169809207,0.3374315253215326
Q13263,TRIM28,MLP,0.0154106475243054,-0.3104163107831886
Q13263,TRIM28,MLP,0.6449899371835107,0.027003687881662075
Q13263,TRIM28,MLP,0.0489398665332439,-0.10955025882521377
Q13263,TRIM28,MLP,0.5734481212994365,0.2883805973365757
Q13263,TRIM28,MLP,0.2004865508619635,-0.06273501668776124
Q13263,TRIM28,MLP,0.2780392260977953,0.5724719630515451
Q13263,TRIM28,MLP,0.3227937413821048,-0.8647099655887536
Q13263,TRIM28,MLP,0.1877891711272918,0.6712475086366645
Q13555,CAMK2G,RandomForest,0.0777052710335761,0.3080517841803233
Q13555,CAMK2G,RandomForest,-0.0478027800515582,0.06101484918141446
Q13555,CAMK2G,RandomForest,0.1715708854802124,0.028144607871915042
Q13555,CAMK2G,RandomForest,0.7341098845840668,0.4212106150922551
Q13555,CAMK2G,RandomForest,0.7528312774623385,1.4882012380825034
Q13555,CAMK2G,RandomForest,0.4328312221895745,0.07668938590089396
Q13555,CAMK2G,RandomForest,-0.395698000075735,0.19201061160938726
Q13555,CAMK2G,RandomForest,0.9800103310343522,-0.27843102300966155
Q13555,CAMK2G,RandomForest,0.1494000050458857,-0.1743123357802084
Q13555,CAMK2G,RandomForest,0.4563348254941309,0.7460243957178966
Q13555,CAMK2G,RandomForest,0.5246126337996948,-1.2589671406475162
Q13555,CAMK2G,RandomForest,0.4418587519445923,-0.3689089599546655
Q13555,CAMK2G,RandomForest,1.4783594093034576,-0.028800369254011433
Q13555,CAMK2G,RandomForest,-0.2824604240070681,-0.14330757253812562
Q13555,CAMK2G,RandomForest,-1.073045000379524,-0.14330757253812562
Q13555,CAMK2G,RandomForest,0.6034534197276271,0.08854728508660108
Q13555,CAMK2G,RandomForest,-0.4882625922309502,-0.5195985724108241
Q13555,CAMK2G,RandomForest,0.1361082651063016,-0.33093315372247156
Q13555,CAMK2G,RandomForest,0.0736476706814826,0.7191352721822345
Q13555,CAMK2G,XGBoost,0.0777052710335761,0.7428061366081238
Q13555,CAMK2G,XGBoost,-0.0478027800515582,0.14458316564559937
Q13555,CAMK2G,XGBoost,0.1715708854802124,-0.05681059882044792
Q13555,CAMK2G,XGBoost,0.7341098845840668,0.4101485013961792
Q13555,CAMK2G,XGBoost,0.7528312774623385,1.844220519065857
Q13555,CAMK2G,XGBoost,0.4328312221895745,0.042505696415901184
Q13555,CAMK2G,XGBoost,-0.395698000075735,0.1403578221797943
Q13555,CAMK2G,XGBoost,0.9800103310343522,-0.38135862350463867
Q13555,CAMK2G,XGBoost,0.1494000050458857,-0.3514218032360077
Q13555,CAMK2G,XGBoost,0.4563348254941309,0.7179626226425171
Q13555,CAMK2G,XGBoost,0.5246126337996948,-1.6673628091812134
Q13555,CAMK2G,XGBoost,0.4418587519445923,-0.5119341611862183
Q13555,CAMK2G,XGBoost,1.4783594093034576,-0.03833446279168129
Q13555,CAMK2G,XGBoost,-0.2824604240070681,-0.14351943135261536
Q13555,CAMK2G,XGBoost,-1.073045000379524,-0.14351943135261536
Q13555,CAMK2G,XGBoost,0.6034534197276271,0.058321233838796616
Q13555,CAMK2G,XGBoost,-0.4882625922309502,-0.59244304895401
Q13555,CAMK2G,XGBoost,0.1361082651063016,0.6467539668083191
Q13555,CAMK2G,XGBoost,0.0736476706814826,-0.2920147478580475
Q13555,CAMK2G,PLS,0.0777052710335761,-296308445737953.7
Q13555,CAMK2G,PLS,-0.0478027800515582,531031471793785.06
Q13555,CAMK2G,PLS,0.1715708854802124,-135432422450444.31
Q13555,CAMK2G,PLS,0.7341098845840668,-1650767220450152.0
Q13555,CAMK2G,PLS,0.7528312774623385,-790509975919383.1
Q13555,CAMK2G,PLS,0.4328312221895745,121206040444787.16
Q13555,CAMK2G,PLS,-0.395698000075735,-871195293241188.8
Q13555,CAMK2G,PLS,0.9800103310343522,1336629452243717.2
Q13555,CAMK2G,PLS,0.1494000050458857,-228795035882006.8
Q13555,CAMK2G,PLS,0.4563348254941309,-1166138036022946.0
Q13555,CAMK2G,PLS,0.5246126337996948,2234211602768515.5
Q13555,CAMK2G,PLS,0.4418587519445923,635890361634846.4
Q13555,CAMK2G,PLS,1.4783594093034576,-423737910730035.9
Q13555,CAMK2G,PLS,-0.2824604240070681,94255593626816.17
Q13555,CAMK2G,PLS,-1.073045000379524,86927887717873.34
Q13555,CAMK2G,PLS,0.6034534197276271,983481566214366.4
Q13555,CAMK2G,PLS,-0.4882625922309502,725626117734124.4
Q13555,CAMK2G,PLS,0.1361082651063016,1785448665388126.0
Q13555,CAMK2G,PLS,0.0736476706814826,-2220876797186615.5
Q13555,CAMK2G,SVR,0.0777052710335761,-0.4143265746674275
Q13555,CAMK2G,SVR,-0.0478027800515582,0.14404372395513523
Q13555,CAMK2G,SVR,0.1715708854802124,0.005648554805876255
Q13555,CAMK2G,SVR,0.7341098845840668,0.25572206436454253
Q13555,CAMK2G,SVR,0.7528312774623385,1.089901082939928
Q13555,CAMK2G,SVR,0.4328312221895745,0.12904585238681437
Q13555,CAMK2G,SVR,-0.395698000075735,0.10951421982164786
Q13555,CAMK2G,SVR,0.9800103310343522,-0.248639519355728
Q13555,CAMK2G,SVR,0.1494000050458857,0.115555360784616
Q13555,CAMK2G,SVR,0.4563348254941309,0.6345294846051637
Q13555,CAMK2G,SVR,0.5246126337996948,-0.7763580111190874
Q13555,CAMK2G,SVR,0.4418587519445923,-0.22727939410903195
Q13555,CAMK2G,SVR,1.4783594093034576,0.19495929985015392
Q13555,CAMK2G,SVR,-0.2824604240070681,0.050948287549890475
Q13555,CAMK2G,SVR,-1.073045000379524,0.054926995652749305
Q13555,CAMK2G,SVR,0.6034534197276271,-0.03410621987253476
Q13555,CAMK2G,SVR,-0.4882625922309502,-0.32317016970048884
Q13555,CAMK2G,SVR,0.1361082651063016,-0.459884889931233
Q13555,CAMK2G,SVR,0.0736476706814826,1.374953275552246
Q13555,CAMK2G,Lasso,0.0777052710335761,-0.2989746238584494
Q13555,CAMK2G,Lasso,-0.0478027800515582,0.11832912151877549
Q13555,CAMK2G,Lasso,0.1715708854802124,0.005206431886890392
Q13555,CAMK2G,Lasso,0.7341098845840668,0.15248924071952477
Q13555,CAMK2G,Lasso,0.7528312774623385,0.7680289286606485
Q13555,CAMK2G,Lasso,0.4328312221895745,0.09897881351099967
Q13555,CAMK2G,Lasso,-0.395698000075735,0.06414440845121092
Q13555,CAMK2G,Lasso,0.9800103310343522,-0.14600394172221623
Q13555,CAMK2G,Lasso,0.1494000050458857,0.0819647416740679
Q13555,CAMK2G,Lasso,0.4563348254941309,0.43398478983384137
Q13555,CAMK2G,Lasso,0.5246126337996948,-0.5051221991188714
Q13555,CAMK2G,Lasso,0.4418587519445923,-0.14542385428763463
Q13555,CAMK2G,Lasso,1.4783594093034576,0.1347420914154629
Q13555,CAMK2G,Lasso,-0.2824604240070681,0.042476329204888655
Q13555,CAMK2G,Lasso,-1.073045000379524,0.0451721123270178
Q13555,CAMK2G,Lasso,0.6034534197276271,0.00023505799183767828
Q13555,CAMK2G,Lasso,-0.4882625922309502,-0.2122195399271901
Q13555,CAMK2G,Lasso,0.1361082651063016,-0.28787845363930287
Q13555,CAMK2G,Lasso,0.0736476706814826,0.9421495079912398
Q13555,CAMK2G,ElasticNet,0.0777052710335761,-0.3385207147201753
Q13555,CAMK2G,ElasticNet,-0.0478027800515582,0.11549880949163621
Q13555,CAMK2G,ElasticNet,0.1715708854802124,-0.007576792616371952
Q13555,CAMK2G,ElasticNet,0.7341098845840668,0.15266445019903785
Q13555,CAMK2G,ElasticNet,0.7528312774623385,0.8223613780324784
Q13555,CAMK2G,ElasticNet,0.4328312221895745,0.09444599668474243
Q13555,CAMK2G,ElasticNet,-0.395698000075735,0.056546744193849335
Q13555,CAMK2G,ElasticNet,0.9800103310343522,-0.17209116048967707
Q13555,CAMK2G,ElasticNet,0.1494000050458857,0.07593496991855198
Q13555,CAMK2G,ElasticNet,0.4563348254941309,0.4589269189461006
Q13555,CAMK2G,ElasticNet,0.5246126337996948,-0.5628058429366724
Q13555,CAMK2G,ElasticNet,0.4418587519445923,-0.17146003502299348
Q13555,CAMK2G,ElasticNet,1.4783594093034576,0.13335584735900707
Q13555,CAMK2G,ElasticNet,-0.2824604240070681,0.03297223488503362
Q13555,CAMK2G,ElasticNet,-1.073045000379524,0.03590520201999407
Q13555,CAMK2G,ElasticNet,0.6034534197276271,-0.012985564609229394
Q13555,CAMK2G,ElasticNet,-0.4882625922309502,-0.2441326284262921
Q13555,CAMK2G,ElasticNet,0.1361082651063016,-0.326448266343475
Q13555,CAMK2G,ElasticNet,0.0736476706814826,1.0118016681302786
Q13555,CAMK2G,GradientBoosting,0.0777052710335761,0.987900532564711
Q13555,CAMK2G,GradientBoosting,-0.0478027800515582,0.2538549709950319
Q13555,CAMK2G,GradientBoosting,0.1715708854802124,0.12931695926967735
Q13555,CAMK2G,GradientBoosting,0.7341098845840668,0.815255747853849
Q13555,CAMK2G,GradientBoosting,0.7528312774623385,1.875719564191057
Q13555,CAMK2G,GradientBoosting,0.4328312221895745,0.11109841487641225
Q13555,CAMK2G,GradientBoosting,-0.395698000075735,0.5638324402500068
Q13555,CAMK2G,GradientBoosting,0.9800103310343522,-0.2156758098658187
Q13555,CAMK2G,GradientBoosting,0.1494000050458857,0.025852423313284415
Q13555,CAMK2G,GradientBoosting,0.4563348254941309,1.0366328767487152
Q13555,CAMK2G,GradientBoosting,0.5246126337996948,-1.5948726237419601
Q13555,CAMK2G,GradientBoosting,0.4418587519445923,-0.39897521921156637
Q13555,CAMK2G,GradientBoosting,1.4783594093034576,0.1680386656942733
Q13555,CAMK2G,GradientBoosting,-0.2824604240070681,-0.289685473789631
Q13555,CAMK2G,GradientBoosting,-1.073045000379524,-0.289685473789631
Q13555,CAMK2G,GradientBoosting,0.6034534197276271,-0.01935782524072334
Q13555,CAMK2G,GradientBoosting,-0.4882625922309502,-0.5268797148144809
Q13555,CAMK2G,GradientBoosting,0.1361082651063016,-0.2983093842907298
Q13555,CAMK2G,GradientBoosting,0.0736476706814826,0.7461091622164205
Q13555,CAMK2G,MLP,0.0777052710335761,-0.353282691304312
Q13555,CAMK2G,MLP,-0.0478027800515582,0.17677540020477686
Q13555,CAMK2G,MLP,0.1715708854802124,0.21701160268618602
Q13555,CAMK2G,MLP,0.7341098845840668,0.21701160268618602
Q13555,CAMK2G,MLP,0.7528312774623385,0.21701160268618602
Q13555,CAMK2G,MLP,0.4328312221895745,0.20910451184273554
Q13555,CAMK2G,MLP,-0.395698000075735,0.21701160268618602
Q13555,CAMK2G,MLP,0.9800103310343522,-0.21893688848574933
Q13555,CAMK2G,MLP,0.1494000050458857,0.21701160268618602
Q13555,CAMK2G,MLP,0.4563348254941309,0.21701160268618602
Q13555,CAMK2G,MLP,0.5246126337996948,-1.0492861207182664
Q13555,CAMK2G,MLP,0.4418587519445923,-0.14148188393333727
Q13555,CAMK2G,MLP,1.4783594093034576,0.21701160268618602
Q13555,CAMK2G,MLP,-0.2824604240070681,0.20390805474688356
Q13555,CAMK2G,MLP,-1.073045000379524,0.20488938190656156
Q13555,CAMK2G,MLP,0.6034534197276271,0.11784968846992963
Q13555,CAMK2G,MLP,-0.4882625922309502,-0.28752183773260054
Q13555,CAMK2G,MLP,0.1361082651063016,-0.5572325790082833
Q13555,CAMK2G,MLP,0.0736476706814826,0.21701160268618602
Q13627,DYRK1A,RandomForest,1.594703077943945,0.2923422394402543
Q13627,DYRK1A,RandomForest,2.1575038572083503,0.30255451211362855
Q13627,DYRK1A,RandomForest,0.1787017288720617,0.3463349189400027
Q13627,DYRK1A,RandomForest,0.9169916625436276,0.5842422937641834
Q13627,DYRK1A,RandomForest,1.5744274762166846,0.07417004927519583
Q13627,DYRK1A,RandomForest,1.096118276942927,0.8660700117214017
Q13627,DYRK1A,RandomForest,0.0674171681982619,-0.27680504356203045
Q13627,DYRK1A,RandomForest,-0.5796554970928264,0.6514292037030947
Q13627,DYRK1A,RandomForest,0.7753618941601582,0.037931212231758396
Q13627,DYRK1A,RandomForest,0.1188203415059715,0.863784601201631
Q13627,DYRK1A,RandomForest,-0.1271436109213652,-0.6913521700810473
Q13627,DYRK1A,RandomForest,-2.226869333646888,-0.39738280212386295
Q13627,DYRK1A,RandomForest,1.397474006759009,0.3968598142622291
Q13627,DYRK1A,RandomForest,1.8415453955686332,0.48284255293464357
Q13627,DYRK1A,RandomForest,0.5418219889056608,-0.05180990212343727
Q13627,DYRK1A,RandomForest,1.6968401470845886,-0.08833477058001299
Q13627,DYRK1A,RandomForest,-0.5146913836724122,0.47795894485073703
Q13627,DYRK1A,RandomForest,-1.1763461263153452,0.7525828428053871
Q13627,DYRK1A,RandomForest,1.0224147467179372,0.6265621117382573
Q13627,DYRK1A,XGBoost,1.594703077943945,0.4013795554637909
Q13627,DYRK1A,XGBoost,2.1575038572083503,0.6069809198379517
Q13627,DYRK1A,XGBoost,0.1787017288720617,0.5333284139633179
Q13627,DYRK1A,XGBoost,0.9169916625436276,1.2126245498657227
Q13627,DYRK1A,XGBoost,1.5744274762166846,0.19422338902950287
Q13627,DYRK1A,XGBoost,1.096118276942927,0.9824843406677246
Q13627,DYRK1A,XGBoost,0.0674171681982619,-0.7413275241851807
Q13627,DYRK1A,XGBoost,-0.5796554970928264,1.0640990734100342
Q13627,DYRK1A,XGBoost,0.7753618941601582,0.4434879422187805
Q13627,DYRK1A,XGBoost,0.1188203415059715,0.9467461705207825
Q13627,DYRK1A,XGBoost,-0.1271436109213652,-0.913400411605835
Q13627,DYRK1A,XGBoost,-2.226869333646888,0.04196450859308243
Q13627,DYRK1A,XGBoost,1.397474006759009,0.4078386723995209
Q13627,DYRK1A,XGBoost,1.8415453955686332,0.43960896134376526
Q13627,DYRK1A,XGBoost,0.5418219889056608,-0.43099239468574524
Q13627,DYRK1A,XGBoost,1.6968401470845886,-0.09638738632202148
Q13627,DYRK1A,XGBoost,-0.5146913836724122,0.999731183052063
Q13627,DYRK1A,XGBoost,-1.1763461263153452,0.911493182182312
Q13627,DYRK1A,XGBoost,1.0224147467179372,0.5647714734077454
Q13627,DYRK1A,PLS,1.594703077943945,0.7494354861179423
Q13627,DYRK1A,PLS,2.1575038572083503,0.21635960208214544
Q13627,DYRK1A,PLS,0.1787017288720617,0.13797600281457026
Q13627,DYRK1A,PLS,0.9169916625436276,0.5359447217047884
Q13627,DYRK1A,PLS,1.5744274762166846,-0.07287229494759612
Q13627,DYRK1A,PLS,1.096118276942927,0.482651720847883
Q13627,DYRK1A,PLS,0.0674171681982619,0.6016310083816325
Q13627,DYRK1A,PLS,-0.5796554970928264,0.21114324205421492
Q13627,DYRK1A,PLS,0.7753618941601582,0.010654177693569578
Q13627,DYRK1A,PLS,0.1188203415059715,0.6918935219009581
Q13627,DYRK1A,PLS,-0.1271436109213652,-0.3335770536035216
Q13627,DYRK1A,PLS,-2.226869333646888,-0.5632257760964297
Q13627,DYRK1A,PLS,1.397474006759009,0.0022047213992831827
Q13627,DYRK1A,PLS,1.8415453955686332,0.38107153644190805
Q13627,DYRK1A,PLS,0.5418219889056608,0.383036247215889
Q13627,DYRK1A,PLS,1.6968401470845886,0.16651811666330424
Q13627,DYRK1A,PLS,-0.5146913836724122,0.36011784156487736
Q13627,DYRK1A,PLS,-1.1763461263153452,0.5302520288393553
Q13627,DYRK1A,PLS,1.0224147467179372,0.6358016999200897
Q13627,DYRK1A,SVR,1.594703077943945,0.688381619352481
Q13627,DYRK1A,SVR,2.1575038572083503,0.3782057294375
Q13627,DYRK1A,SVR,0.1787017288720617,0.19228139934944477
Q13627,DYRK1A,SVR,0.9169916625436276,0.530756315605996
Q13627,DYRK1A,SVR,1.5744274762166846,0.11224816682352184
Q13627,DYRK1A,SVR,1.096118276942927,0.49880356157384254
Q13627,DYRK1A,SVR,0.0674171681982619,0.6613986623984982
Q13627,DYRK1A,SVR,-0.5796554970928264,0.322080086793035
Q13627,DYRK1A,SVR,0.7753618941601582,0.1062304076506157
Q13627,DYRK1A,SVR,0.1188203415059715,0.6088140036831176
Q13627,DYRK1A,SVR,-0.1271436109213652,-0.20572924567941347
Q13627,DYRK1A,SVR,-2.226869333646888,-0.291871843812697
Q13627,DYRK1A,SVR,1.397474006759009,0.13815923472566227
Q13627,DYRK1A,SVR,1.8415453955686332,0.425301202553763
Q13627,DYRK1A,SVR,0.5418219889056608,0.3906514002079074
Q13627,DYRK1A,SVR,1.6968401470845886,0.35393025425394603
Q13627,DYRK1A,SVR,-0.5146913836724122,0.4970617265511933
Q13627,DYRK1A,SVR,-1.1763461263153452,0.66583448096782
Q13627,DYRK1A,SVR,1.0224147467179372,0.5384532919710945
Q13627,DYRK1A,Lasso,1.594703077943945,0.5606939548033779
Q13627,DYRK1A,Lasso,2.1575038572083503,0.2609510463258499
Q13627,DYRK1A,Lasso,0.1787017288720617,0.15632997506025884
Q13627,DYRK1A,Lasso,0.9169916625436276,0.3966937559914999
Q13627,DYRK1A,Lasso,1.5744274762166846,0.08779945699965105
Q13627,DYRK1A,Lasso,1.096118276942927,0.38424109595309053
Q13627,DYRK1A,Lasso,0.0674171681982619,0.4634968927637777
Q13627,DYRK1A,Lasso,-0.5796554970928264,0.23885824729142707
Q13627,DYRK1A,Lasso,0.7753618941601582,0.09055111175009198
Q13627,DYRK1A,Lasso,0.1188203415059715,0.4753752105307664
Q13627,DYRK1A,Lasso,-0.1271436109213652,-0.1274274776408898
Q13627,DYRK1A,Lasso,-2.226869333646888,-0.24824580497475573
Q13627,DYRK1A,Lasso,1.397474006759009,0.1113331831926283
Q13627,DYRK1A,Lasso,1.8415453955686332,0.328072356359449
Q13627,DYRK1A,Lasso,0.5418219889056608,0.3311379304427897
Q13627,DYRK1A,Lasso,1.6968401470845886,0.2309594273521971
Q13627,DYRK1A,Lasso,-0.5146913836724122,0.3584756056886783
Q13627,DYRK1A,Lasso,-1.1763461263153452,0.5047647703261384
Q13627,DYRK1A,Lasso,1.0224147467179372,0.45023706828861554
Q13627,DYRK1A,ElasticNet,1.594703077943945,0.6234755715417855
Q13627,DYRK1A,ElasticNet,2.1575038572083503,0.2553600521937054
Q13627,DYRK1A,ElasticNet,0.1787017288720617,0.14048325214158092
Q13627,DYRK1A,ElasticNet,0.9169916625436276,0.4383348705289242
Q13627,DYRK1A,ElasticNet,1.5744274762166846,0.03823768892933002
Q13627,DYRK1A,ElasticNet,1.096118276942927,0.41522992403795744
Q13627,DYRK1A,ElasticNet,0.0674171681982619,0.515827838658014
Q13627,DYRK1A,ElasticNet,-0.5796554970928264,0.23172348044233554
Q13627,DYRK1A,ElasticNet,0.7753618941601582,0.05601966196409236
Q13627,DYRK1A,ElasticNet,0.1188203415059715,0.5377526144304383
Q13627,DYRK1A,ElasticNet,-0.1271436109213652,-0.21133054888987823
Q13627,DYRK1A,ElasticNet,-2.226869333646888,-0.3589425805668632
Q13627,DYRK1A,ElasticNet,1.397474006759009,0.07371983350985936
Q13627,DYRK1A,ElasticNet,1.8415453955686332,0.3444870338518083
Q13627,DYRK1A,ElasticNet,0.5418219889056608,0.344047134192931
Q13627,DYRK1A,ElasticNet,1.6968401470845886,0.2198353217342074
Q13627,DYRK1A,ElasticNet,-0.5146913836724122,0.3710548866076734
Q13627,DYRK1A,ElasticNet,-1.1763461263153452,0.5348982126849195
Q13627,DYRK1A,ElasticNet,1.0224147467179372,0.500537013583431
Q13627,DYRK1A,GradientBoosting,1.594703077943945,0.6002605132623811
Q13627,DYRK1A,GradientBoosting,2.1575038572083503,-0.20169514661891277
Q13627,DYRK1A,GradientBoosting,0.1787017288720617,0.40401025557500864
Q13627,DYRK1A,GradientBoosting,0.9169916625436276,0.08265874062206534
Q13627,DYRK1A,GradientBoosting,1.5744274762166846,0.09866110450413203
Q13627,DYRK1A,GradientBoosting,1.096118276942927,1.1746899465118958
Q13627,DYRK1A,GradientBoosting,0.0674171681982619,-0.4749635941615128
Q13627,DYRK1A,GradientBoosting,-0.5796554970928264,1.0890463585816743
Q13627,DYRK1A,GradientBoosting,0.7753618941601582,-0.0699429739070044
Q13627,DYRK1A,GradientBoosting,0.1188203415059715,0.8989424417531966
Q13627,DYRK1A,GradientBoosting,-0.1271436109213652,-0.7388463818878515
Q13627,DYRK1A,GradientBoosting,-2.226869333646888,-0.4907135609715144
Q13627,DYRK1A,GradientBoosting,1.397474006759009,0.08698635220262235
Q13627,DYRK1A,GradientBoosting,1.8415453955686332,0.0422366555631299
Q13627,DYRK1A,GradientBoosting,0.5418219889056608,-0.2747369006383302
Q13627,DYRK1A,GradientBoosting,1.6968401470845886,-0.06679374083689131
Q13627,DYRK1A,GradientBoosting,-0.5146913836724122,-0.8520955211058086
Q13627,DYRK1A,GradientBoosting,-1.1763461263153452,1.6180714319223453
Q13627,DYRK1A,GradientBoosting,1.0224147467179372,0.7995686998267302
Q13627,DYRK1A,MLP,1.594703077943945,0.5740006283607283
Q13627,DYRK1A,MLP,2.1575038572083503,0.05656006528088367
Q13627,DYRK1A,MLP,0.1787017288720617,0.1444230188604468
Q13627,DYRK1A,MLP,0.9169916625436276,0.6106382740812802
Q13627,DYRK1A,MLP,1.5744274762166846,0.05656006528088367
Q13627,DYRK1A,MLP,1.096118276942927,0.46090442565297385
Q13627,DYRK1A,MLP,0.0674171681982619,0.5631111237661311
Q13627,DYRK1A,MLP,-0.5796554970928264,0.05656006528088367
Q13627,DYRK1A,MLP,0.7753618941601582,0.05656006528088367
Q13627,DYRK1A,MLP,0.1188203415059715,0.7945839154114333
Q13627,DYRK1A,MLP,-0.1271436109213652,0.05656006528088367
Q13627,DYRK1A,MLP,-2.226869333646888,0.05656006528088367
Q13627,DYRK1A,MLP,1.397474006759009,0.05656006528088367
Q13627,DYRK1A,MLP,1.8415453955686332,0.3202301361646519
Q13627,DYRK1A,MLP,0.5418219889056608,0.23895343820854043
Q13627,DYRK1A,MLP,1.6968401470845886,0.05656006528088367
Q13627,DYRK1A,MLP,-0.5146913836724122,0.07027248911336045
Q13627,DYRK1A,MLP,-1.1763461263153452,0.05656006528088367
Q13627,DYRK1A,MLP,1.0224147467179372,0.6804063285881349
Q14004,CDK13,RandomForest,0.3960741645463702,0.8878330302333116
Q14004,CDK13,RandomForest,0.385198081876333,0.5694205494512363
Q14004,CDK13,RandomForest,-0.6220855329284573,0.026474952133605248
Q14004,CDK13,RandomForest,-0.1224336426702472,0.010199157365830974
Q14004,CDK13,RandomForest,0.1552653935287606,0.21392097743205832
Q14004,CDK13,RandomForest,0.8246155942286156,0.38186162384832384
Q14004,CDK13,RandomForest,-0.7349990769348225,0.5006051104922011
Q14004,CDK13,RandomForest,0.6054599850757775,0.4996101040234047
Q14004,CDK13,RandomForest,0.8969515493209262,0.4356536149627773
Q14004,CDK13,RandomForest,-0.07159958849216,0.1939497395703112
Q14004,CDK13,RandomForest,-1.7063380983918184,0.42587033689714543
Q14004,CDK13,RandomForest,-2.4240616354878357,-0.6368734472911839
Q14004,CDK13,RandomForest,1.3252512943974235,0.5938083332917437
Q14004,CDK13,RandomForest,1.038395240383162,0.38652762280635417
Q14004,CDK13,RandomForest,0.2177132403631661,0.22346572229279038
Q14004,CDK13,RandomForest,-0.3536942346214531,0.5136744718351219
Q14004,CDK13,RandomForest,0.7894467381562033,0.481558034475687
Q14004,CDK13,RandomForest,-3.596182591316512,0.15060693109443535
Q14004,CDK13,RandomForest,2.154688552322785,0.2569092377633375
Q14004,CDK13,XGBoost,0.3960741645463702,1.1669378280639648
Q14004,CDK13,XGBoost,0.385198081876333,0.6260400414466858
Q14004,CDK13,XGBoost,-0.6220855329284573,0.17223407328128815
Q14004,CDK13,XGBoost,-0.1224336426702472,0.5317969918251038
Q14004,CDK13,XGBoost,0.1552653935287606,0.2708366811275482
Q14004,CDK13,XGBoost,0.8246155942286156,0.37509220838546753
Q14004,CDK13,XGBoost,-0.7349990769348225,0.3199301064014435
Q14004,CDK13,XGBoost,0.6054599850757775,0.6603263020515442
Q14004,CDK13,XGBoost,0.8969515493209262,0.2909468114376068
Q14004,CDK13,XGBoost,-0.07159958849216,0.27537062764167786
Q14004,CDK13,XGBoost,-1.7063380983918184,0.5876924395561218
Q14004,CDK13,XGBoost,-2.4240616354878357,-0.9196367859840393
Q14004,CDK13,XGBoost,1.3252512943974235,0.8144178986549377
Q14004,CDK13,XGBoost,1.038395240383162,0.7131131291389465
Q14004,CDK13,XGBoost,0.2177132403631661,0.12241601198911667
Q14004,CDK13,XGBoost,-0.3536942346214531,0.8006550073623657
Q14004,CDK13,XGBoost,0.7894467381562033,0.26604482531547546
Q14004,CDK13,XGBoost,-3.596182591316512,0.100758396089077
Q14004,CDK13,XGBoost,2.154688552322785,0.11828380078077316
Q14004,CDK13,PLS,0.3960741645463702,0.8617738578923454
Q14004,CDK13,PLS,0.385198081876333,0.7339134218630872
Q14004,CDK13,PLS,-0.6220855329284573,-0.5202458959346826
Q14004,CDK13,PLS,-0.1224336426702472,-0.7789532931405867
Q14004,CDK13,PLS,0.1552653935287606,0.13431288404533895
Q14004,CDK13,PLS,0.8246155942286156,0.29963078186870756
Q14004,CDK13,PLS,-0.7349990769348225,0.8744320181837282
Q14004,CDK13,PLS,0.6054599850757775,1.4515299514418412
Q14004,CDK13,PLS,0.8969515493209262,0.3412952929769463
Q14004,CDK13,PLS,-0.07159958849216,0.4661645757542503
Q14004,CDK13,PLS,-1.7063380983918184,1.687784342320363
Q14004,CDK13,PLS,-2.4240616354878357,-0.3611461428803511
Q14004,CDK13,PLS,1.3252512943974235,0.08308262435119323
Q14004,CDK13,PLS,1.038395240383162,-0.08703205037741088
Q14004,CDK13,PLS,0.2177132403631661,0.4069902555583673
Q14004,CDK13,PLS,-0.3536942346214531,1.0667353091734766
Q14004,CDK13,PLS,0.7894467381562033,0.8011470184727363
Q14004,CDK13,PLS,-3.596182591316512,-0.7670009398565869
Q14004,CDK13,PLS,2.154688552322785,1.1199648297104268
Q14004,CDK13,SVR,0.3960741645463702,1.1310011466795287
Q14004,CDK13,SVR,0.385198081876333,1.1927676575260802
Q14004,CDK13,SVR,-0.6220855329284573,-0.552430960775965
Q14004,CDK13,SVR,-0.1224336426702472,0.22726161440984294
Q14004,CDK13,SVR,0.1552653935287606,0.306160029496087
Q14004,CDK13,SVR,0.8246155942286156,0.3579655242124594
Q14004,CDK13,SVR,-0.7349990769348225,0.8127161578878199
Q14004,CDK13,SVR,0.6054599850757775,1.3252555938045896
Q14004,CDK13,SVR,0.8969515493209262,0.5316551998621826
Q14004,CDK13,SVR,-0.07159958849216,0.8192190475384709
Q14004,CDK13,SVR,-1.7063380983918184,0.9534706439690129
Q14004,CDK13,SVR,-2.4240616354878357,-1.542148651678675
Q14004,CDK13,SVR,1.3252512943974235,0.7306081215289224
Q14004,CDK13,SVR,1.038395240383162,0.11602079466528437
Q14004,CDK13,SVR,0.2177132403631661,0.2692170985825214
Q14004,CDK13,SVR,-0.3536942346214531,0.9394139388203284
Q14004,CDK13,SVR,0.7894467381562033,0.44552889199654105
Q14004,CDK13,SVR,-3.596182591316512,-0.5349844567017151
Q14004,CDK13,SVR,2.154688552322785,0.28342780393670935
Q14004,CDK13,Lasso,0.3960741645463702,0.4586503268041675
Q14004,CDK13,Lasso,0.385198081876333,0.5182729326935553
Q14004,CDK13,Lasso,-0.6220855329284573,-0.07496289916287013
Q14004,CDK13,Lasso,-0.1224336426702472,-0.24045992613673217
Q14004,CDK13,Lasso,0.1552653935287606,0.2299378322575307
Q14004,CDK13,Lasso,0.8246155942286156,0.274631186621896
Q14004,CDK13,Lasso,-0.7349990769348225,0.20513842105626612
Q14004,CDK13,Lasso,0.6054599850757775,0.3685665166677845
Q14004,CDK13,Lasso,0.8969515493209262,0.2651808104674818
Q14004,CDK13,Lasso,-0.07159958849216,-0.039892076952192324
Q14004,CDK13,Lasso,-1.7063380983918184,0.5879657290354795
Q14004,CDK13,Lasso,-2.4240616354878357,-0.040381331791015274
Q14004,CDK13,Lasso,1.3252512943974235,0.26300015586012526
Q14004,CDK13,Lasso,1.038395240383162,0.28108196982918504
Q14004,CDK13,Lasso,0.2177132403631661,0.20661954812847239
Q14004,CDK13,Lasso,-0.3536942346214531,0.48366262424186995
Q14004,CDK13,Lasso,0.7894467381562033,0.2924527342941584
Q14004,CDK13,Lasso,-3.596182591316512,0.1429718858443335
Q14004,CDK13,Lasso,2.154688552322785,0.41936356012807413
Q14004,CDK13,ElasticNet,0.3960741645463702,0.6383995094932049
Q14004,CDK13,ElasticNet,0.385198081876333,0.6622368639284427
Q14004,CDK13,ElasticNet,-0.6220855329284573,-0.2994542336352528
Q14004,CDK13,ElasticNet,-0.1224336426702472,-0.42478383017484667
Q14004,CDK13,ElasticNet,0.1552653935287606,0.22873647464936162
Q14004,CDK13,ElasticNet,0.8246155942286156,0.3463065232029545
Q14004,CDK13,ElasticNet,-0.7349990769348225,0.49328409633389697
Q14004,CDK13,ElasticNet,0.6054599850757775,0.7040980595370319
Q14004,CDK13,ElasticNet,0.8969515493209262,0.23304491718291087
Q14004,CDK13,ElasticNet,-0.07159958849216,0.10800561169397649
Q14004,CDK13,ElasticNet,-1.7063380983918184,1.0010228877482343
Q14004,CDK13,ElasticNet,-2.4240616354878357,-0.3011256847866509
Q14004,CDK13,ElasticNet,1.3252512943974235,0.21398997512368875
Q14004,CDK13,ElasticNet,1.038395240383162,0.16161877205397424
Q14004,CDK13,ElasticNet,0.2177132403631661,0.26479690325279476
Q14004,CDK13,ElasticNet,-0.3536942346214531,0.7088356122903179
Q14004,CDK13,ElasticNet,0.7894467381562033,0.4217285807686168
Q14004,CDK13,ElasticNet,-3.596182591316512,-0.12575331265556067
Q14004,CDK13,ElasticNet,2.154688552322785,0.7774169631532961
Q14004,CDK13,GradientBoosting,0.3960741645463702,1.1444002904241757
Q14004,CDK13,GradientBoosting,0.385198081876333,0.8208196737861161
Q14004,CDK13,GradientBoosting,-0.6220855329284573,-0.16804256987700134
Q14004,CDK13,GradientBoosting,-0.1224336426702472,0.23034542858301574
Q14004,CDK13,GradientBoosting,0.1552653935287606,0.23250935631139177
Q14004,CDK13,GradientBoosting,0.8246155942286156,0.4234999715126622
Q14004,CDK13,GradientBoosting,-0.7349990769348225,0.4473517499404034
Q14004,CDK13,GradientBoosting,0.6054599850757775,0.7802165441022025
Q14004,CDK13,GradientBoosting,0.8969515493209262,0.4460340174594018
Q14004,CDK13,GradientBoosting,-0.07159958849216,0.3027956306761291
Q14004,CDK13,GradientBoosting,-1.7063380983918184,0.3514836043645401
Q14004,CDK13,GradientBoosting,-2.4240616354878357,-1.4109202412192574
Q14004,CDK13,GradientBoosting,1.3252512943974235,0.5962877260087979
Q14004,CDK13,GradientBoosting,1.038395240383162,0.6534438224541514
Q14004,CDK13,GradientBoosting,0.2177132403631661,0.18483707406135377
Q14004,CDK13,GradientBoosting,-0.3536942346214531,0.678257486126853
Q14004,CDK13,GradientBoosting,0.7894467381562033,0.5055108260325333
Q14004,CDK13,GradientBoosting,-3.596182591316512,-0.5473158289896501
Q14004,CDK13,GradientBoosting,2.154688552322785,0.10118661798208407
Q14004,CDK13,MLP,0.3960741645463702,1.4203194493291962
Q14004,CDK13,MLP,0.385198081876333,0.8950198624501442
Q14004,CDK13,MLP,-0.6220855329284573,-1.0372866574145843
Q14004,CDK13,MLP,-0.1224336426702472,-0.5264079312368064
Q14004,CDK13,MLP,0.1552653935287606,-0.15785215034850114
Q14004,CDK13,MLP,0.8246155942286156,0.6675876796471507
Q14004,CDK13,MLP,-0.7349990769348225,0.4029218972734117
Q14004,CDK13,MLP,0.6054599850757775,0.5873231036429907
Q14004,CDK13,MLP,0.8969515493209262,0.21612022621580856
Q14004,CDK13,MLP,-0.07159958849216,0.7373883002515824
Q14004,CDK13,MLP,-1.7063380983918184,0.835016472295466
Q14004,CDK13,MLP,-2.4240616354878357,-1.2663088069616846
Q14004,CDK13,MLP,1.3252512943974235,0.6547267719094059
Q14004,CDK13,MLP,1.038395240383162,0.2870931363656984
Q14004,CDK13,MLP,0.2177132403631661,-0.12801357948189346
Q14004,CDK13,MLP,-0.3536942346214531,0.9208542109863345
Q14004,CDK13,MLP,0.7894467381562033,-0.49716824932039827
Q14004,CDK13,MLP,-3.596182591316512,-0.6300203275000398
Q14004,CDK13,MLP,2.154688552322785,3.287716878482209
Q14680,MELK,RandomForest,0.4078737289984442,0.14992965359293886
Q14680,MELK,RandomForest,-0.5775299154205318,0.053847282901513624
Q14680,MELK,RandomForest,1.2690588417461268,1.111639076331735
Q14680,MELK,RandomForest,1.1853069505290268,0.5569610025274967
Q14680,MELK,RandomForest,0.6079689769717292,0.6350323947656324
Q14680,MELK,RandomForest,1.015551311243498,0.17694040947058823
Q14680,MELK,RandomForest,0.2768916103135313,0.6773799497332097
Q14680,MELK,RandomForest,0.1339540995458067,0.14703705414327287
Q14680,MELK,RandomForest,-0.2778603417315227,0.025859529093793875
Q14680,MELK,RandomForest,0.292973251929836,0.6117648356352732
Q14680,MELK,RandomForest,1.8990181069234489,0.39528192205072066
Q14680,MELK,RandomForest,0.4451598057575506,0.884199384027665
Q14680,MELK,RandomForest,0.4440379036972683,0.6309072088589089
Q14680,MELK,RandomForest,1.1305318738244152,0.25807327585226697
Q14680,MELK,RandomForest,0.0714765780592694,0.6876634609136761
Q14680,MELK,RandomForest,0.7516842756298854,-0.044801883906263024
Q14680,MELK,RandomForest,-0.1799570775661821,-0.03899500187728992
Q14680,MELK,RandomForest,1.303894379251362,0.730964794994815
Q14680,MELK,RandomForest,-0.5730150555932483,0.1775207159089332
Q14680,MELK,XGBoost,0.4078737289984442,0.2087775617837906
Q14680,MELK,XGBoost,-0.5775299154205318,-0.25473684072494507
Q14680,MELK,XGBoost,1.2690588417461268,1.5234642028808594
Q14680,MELK,XGBoost,1.1853069505290268,0.42828676104545593
Q14680,MELK,XGBoost,0.6079689769717292,0.7344158887863159
Q14680,MELK,XGBoost,1.015551311243498,0.30379652976989746
Q14680,MELK,XGBoost,0.2768916103135313,0.8571518063545227
Q14680,MELK,XGBoost,0.1339540995458067,0.22098374366760254
Q14680,MELK,XGBoost,-0.2778603417315227,-0.1633206456899643
Q14680,MELK,XGBoost,0.292973251929836,0.7211397290229797
Q14680,MELK,XGBoost,1.8990181069234489,0.6117603778839111
Q14680,MELK,XGBoost,0.4451598057575506,1.4843626022338867
Q14680,MELK,XGBoost,0.4440379036972683,0.48150834441185
Q14680,MELK,XGBoost,1.1305318738244152,0.36636796593666077
Q14680,MELK,XGBoost,0.0714765780592694,0.7341502904891968
Q14680,MELK,XGBoost,0.7516842756298854,0.26498785614967346
Q14680,MELK,XGBoost,-0.1799570775661821,0.20105387270450592
Q14680,MELK,XGBoost,1.303894379251362,0.7880797386169434
Q14680,MELK,XGBoost,-0.5730150555932483,0.3341807723045349
Q14680,MELK,PLS,0.4078737289984442,0.2032165817681199
Q14680,MELK,PLS,-0.5775299154205318,0.20555167354175705
Q14680,MELK,PLS,1.2690588417461268,1.1746993042519907
Q14680,MELK,PLS,1.1853069505290268,0.15114809350170438
Q14680,MELK,PLS,0.6079689769717292,0.25031222738873493
Q14680,MELK,PLS,1.015551311243498,0.22886707791015873
Q14680,MELK,PLS,0.2768916103135313,0.5731856609117408
Q14680,MELK,PLS,0.1339540995458067,0.09122202617539166
Q14680,MELK,PLS,-0.2778603417315227,0.0007165522261733392
Q14680,MELK,PLS,0.292973251929836,0.5425330018878379
Q14680,MELK,PLS,1.8990181069234489,0.059361696310877565
Q14680,MELK,PLS,0.4451598057575506,0.7844655838396861
Q14680,MELK,PLS,0.4440379036972683,0.4739604238304969
Q14680,MELK,PLS,1.1305318738244152,0.3815292018921104
Q14680,MELK,PLS,0.0714765780592694,0.2672938296587045
Q14680,MELK,PLS,0.7516842756298854,-0.10201464980637898
Q14680,MELK,PLS,-0.1799570775661821,-0.12380868580406368
Q14680,MELK,PLS,1.303894379251362,0.3722881182621037
Q14680,MELK,PLS,-0.5730150555932483,0.2161448354913182
Q14680,MELK,SVR,0.4078737289984442,0.29391155961915477
Q14680,MELK,SVR,-0.5775299154205318,0.2826167839249564
Q14680,MELK,SVR,1.2690588417461268,1.1899089050722067
Q14680,MELK,SVR,1.1853069505290268,0.2558367917270676
Q14680,MELK,SVR,0.6079689769717292,0.3505520437787943
Q14680,MELK,SVR,1.015551311243498,0.3124316941329219
Q14680,MELK,SVR,0.2768916103135313,0.6359966617351309
Q14680,MELK,SVR,0.1339540995458067,0.20478776964661777
Q14680,MELK,SVR,-0.2778603417315227,0.1523324308468858
Q14680,MELK,SVR,0.292973251929836,0.5806046302265031
Q14680,MELK,SVR,1.8990181069234489,0.1947057358170174
Q14680,MELK,SVR,0.4451598057575506,0.8262383999901657
Q14680,MELK,SVR,0.4440379036972683,0.5484825880904427
Q14680,MELK,SVR,1.1305318738244152,0.44342887039544676
Q14680,MELK,SVR,0.0714765780592694,0.3495117409197019
Q14680,MELK,SVR,0.7516842756298854,0.01717862116763963
Q14680,MELK,SVR,-0.1799570775661821,0.020734704469524246
Q14680,MELK,SVR,1.303894379251362,0.44089865173067294
Q14680,MELK,SVR,-0.5730150555932483,0.29537469552740164
Q14680,MELK,Lasso,0.4078737289984442,0.2944575790525362
Q14680,MELK,Lasso,-0.5775299154205318,0.3161581456025087
Q14680,MELK,Lasso,1.2690588417461268,0.6818814272467961
Q14680,MELK,Lasso,1.1853069505290268,0.26642529829682926
Q14680,MELK,Lasso,0.6079689769717292,0.28939398734455535
Q14680,MELK,Lasso,1.015551311243498,0.3167531219850611
Q14680,MELK,Lasso,0.2768916103135313,0.3986673865450298
Q14680,MELK,Lasso,0.1339540995458067,0.220770035229253
Q14680,MELK,Lasso,-0.2778603417315227,0.10433202659769714
Q14680,MELK,Lasso,0.292973251929836,0.4666257857369872
Q14680,MELK,Lasso,1.8990181069234489,0.16388222086350845
Q14680,MELK,Lasso,0.4451598057575506,0.5544796412707649
Q14680,MELK,Lasso,0.4440379036972683,0.39025778617861584
Q14680,MELK,Lasso,1.1305318738244152,0.3823992733090662
Q14680,MELK,Lasso,0.0714765780592694,0.3426429667763471
Q14680,MELK,Lasso,0.7516842756298854,0.15269379889820872
Q14680,MELK,Lasso,-0.1799570775661821,0.09686439141586312
Q14680,MELK,Lasso,1.303894379251362,0.3897450685187177
Q14680,MELK,Lasso,-0.5730150555932483,0.3043829838025189
Q14680,MELK,ElasticNet,0.4078737289984442,0.2599871227739242
Q14680,MELK,ElasticNet,-0.5775299154205318,0.27002839195855705
Q14680,MELK,ElasticNet,1.2690588417461268,0.8597138742713621
Q14680,MELK,ElasticNet,1.1853069505290268,0.2367534431954813
Q14680,MELK,ElasticNet,0.6079689769717292,0.27410375986731855
Q14680,MELK,ElasticNet,1.015551311243498,0.28690200298107266
Q14680,MELK,ElasticNet,0.2768916103135313,0.40860395484535683
Q14680,MELK,ElasticNet,0.1339540995458067,0.16831531453768922
Q14680,MELK,ElasticNet,-0.2778603417315227,0.03141302994919992
Q14680,MELK,ElasticNet,0.292973251929836,0.4792654275994916
Q14680,MELK,ElasticNet,1.8990181069234489,0.10919432892900091
Q14680,MELK,ElasticNet,0.4451598057575506,0.66350058587928
Q14680,MELK,ElasticNet,0.4440379036972683,0.4152265417769015
Q14680,MELK,ElasticNet,1.1305318738244152,0.36784448043790346
Q14680,MELK,ElasticNet,0.0714765780592694,0.33428060025055834
Q14680,MELK,ElasticNet,0.7516842756298854,0.044630668231565085
Q14680,MELK,ElasticNet,-0.1799570775661821,-0.003952311382301454
Q14680,MELK,ElasticNet,1.303894379251362,0.39657383102769117
Q14680,MELK,ElasticNet,-0.5730150555932483,0.25318088943720235
Q14680,MELK,GradientBoosting,0.4078737289984442,0.11871420858251222
Q14680,MELK,GradientBoosting,-0.5775299154205318,-0.02123573774837292
Q14680,MELK,GradientBoosting,1.2690588417461268,1.572541204443051
Q14680,MELK,GradientBoosting,1.1853069505290268,0.723810522107337
Q14680,MELK,GradientBoosting,0.6079689769717292,0.8079426840454008
Q14680,MELK,GradientBoosting,1.015551311243498,0.33579378711168506
Q14680,MELK,GradientBoosting,0.2768916103135313,0.7187310997555202
Q14680,MELK,GradientBoosting,0.1339540995458067,0.1975084393863672
Q14680,MELK,GradientBoosting,-0.2778603417315227,-0.3225222420399412
Q14680,MELK,GradientBoosting,0.292973251929836,0.340718853654388
Q14680,MELK,GradientBoosting,1.8990181069234489,0.39858943369402455
Q14680,MELK,GradientBoosting,0.4451598057575506,1.5349122238410953
Q14680,MELK,GradientBoosting,0.4440379036972683,0.7211642714915202
Q14680,MELK,GradientBoosting,1.1305318738244152,0.3694942650127091
Q14680,MELK,GradientBoosting,0.0714765780592694,0.9955363047721593
Q14680,MELK,GradientBoosting,0.7516842756298854,0.17371984758637568
Q14680,MELK,GradientBoosting,-0.1799570775661821,-0.04373782292390274
Q14680,MELK,GradientBoosting,1.303894379251362,0.8305216787462623
Q14680,MELK,GradientBoosting,-0.5730150555932483,0.006514393090745988
Q14680,MELK,MLP,0.4078737289984442,0.23015869596378066
Q14680,MELK,MLP,-0.5775299154205318,0.1919355583371976
Q14680,MELK,MLP,1.2690588417461268,1.4624456894314828
Q14680,MELK,MLP,1.1853069505290268,0.31948832175443764
Q14680,MELK,MLP,0.6079689769717292,0.4865394348438628
Q14680,MELK,MLP,1.015551311243498,0.1919355583371976
Q14680,MELK,MLP,0.2768916103135313,0.44454774626105337
Q14680,MELK,MLP,0.1339540995458067,0.2967794764319471
Q14680,MELK,MLP,-0.2778603417315227,-0.4027238013395486
Q14680,MELK,MLP,0.292973251929836,0.26238260294017945
Q14680,MELK,MLP,1.8990181069234489,0.1624379158724542
Q14680,MELK,MLP,0.4451598057575506,0.9259624054704976
Q14680,MELK,MLP,0.4440379036972683,0.6437385632154249
Q14680,MELK,MLP,1.1305318738244152,0.22698866970288362
Q14680,MELK,MLP,0.0714765780592694,0.27036603376554347
Q14680,MELK,MLP,0.7516842756298854,0.13043630066039708
Q14680,MELK,MLP,-0.1799570775661821,-0.32977910150817574
Q14680,MELK,MLP,1.303894379251362,0.3192808528009089
Q14680,MELK,MLP,-0.5730150555932483,0.1919355583371976
Q15139,PRKD1,RandomForest,-1.7263323259432928,-1.045721159183919
Q15139,PRKD1,RandomForest,3.101721642478892,2.62690754038801
Q15139,PRKD1,RandomForest,0.7378123288913173,-0.8311264942250028
Q15139,PRKD1,RandomForest,0.3330482220013429,-0.45287066637202633
Q15139,PRKD1,RandomForest,-0.90651340212817,-0.4333556319042094
Q15139,PRKD1,RandomForest,0.9941778753893392,1.329740524339917
Q15139,PRKD1,RandomForest,0.0035062905577604,1.0946076707080372
Q15139,PRKD1,RandomForest,-2.6470695336283967,-0.7884932218359527
Q15139,PRKD1,RandomForest,1.7337455128819588,1.1304491319639796
Q15139,PRKD1,RandomForest,-0.9929441683606088,-0.18635914524966593
Q15139,PRKD1,RandomForest,-1.8733055910698129,-0.7981662728185573
Q15139,PRKD1,RandomForest,0.3860926294904673,-0.9655356865975497
Q15139,PRKD1,RandomForest,-1.1745140666169058,-0.9156460205078097
Q15139,PRKD1,RandomForest,2.02411897245533,1.4840200654302615
Q15139,PRKD1,RandomForest,-0.4886745872832756,-0.5804186905156022
Q15139,PRKD1,RandomForest,-1.0161910411217,-0.8693153352913474
Q15139,PRKD1,RandomForest,-0.8506380247251192,-0.8999888022648858
Q15139,PRKD1,RandomForest,-0.072901680336333,-0.0880178534010157
Q15139,PRKD1,RandomForest,-1.114818368717778,-0.8284948053418292
Q15139,PRKD1,XGBoost,-1.7263323259432928,-1.441336989402771
Q15139,PRKD1,XGBoost,3.101721642478892,3.0837137699127197
Q15139,PRKD1,XGBoost,0.7378123288913173,-0.4691002368927002
Q15139,PRKD1,XGBoost,0.3330482220013429,-0.5224741101264954
Q15139,PRKD1,XGBoost,-0.90651340212817,0.22468259930610657
Q15139,PRKD1,XGBoost,0.9941778753893392,2.0345492362976074
Q15139,PRKD1,XGBoost,0.0035062905577604,1.3569221496582031
Q15139,PRKD1,XGBoost,-2.6470695336283967,-0.4198445677757263
Q15139,PRKD1,XGBoost,1.7337455128819588,1.261931300163269
Q15139,PRKD1,XGBoost,-0.9929441683606088,-0.670202910900116
Q15139,PRKD1,XGBoost,-1.8733055910698129,-0.19394966959953308
Q15139,PRKD1,XGBoost,0.3860926294904673,-0.7807948589324951
Q15139,PRKD1,XGBoost,-1.1745140666169058,-0.6226426959037781
Q15139,PRKD1,XGBoost,2.02411897245533,2.4653379917144775
Q15139,PRKD1,XGBoost,-0.4886745872832756,-0.337854266166687
Q15139,PRKD1,XGBoost,-1.0161910411217,-1.4876850843429565
Q15139,PRKD1,XGBoost,-0.8506380247251192,-0.2575647532939911
Q15139,PRKD1,XGBoost,-0.072901680336333,-0.9231544137001038
Q15139,PRKD1,XGBoost,-1.114818368717778,-0.5785803198814392
Q15139,PRKD1,PLS,-1.7263323259432928,-1.1661460246238293
Q15139,PRKD1,PLS,3.101721642478892,2.3320729727991445
Q15139,PRKD1,PLS,0.7378123288913173,-0.29948896755676213
Q15139,PRKD1,PLS,0.3330482220013429,-0.08904888079926743
Q15139,PRKD1,PLS,-0.90651340212817,-0.4454318129174737
Q15139,PRKD1,PLS,0.9941778753893392,0.6597420904316468
Q15139,PRKD1,PLS,0.0035062905577604,0.03346493313013321
Q15139,PRKD1,PLS,-2.6470695336283967,-0.7255418669278345
Q15139,PRKD1,PLS,1.7337455128819588,1.9426477608595345
Q15139,PRKD1,PLS,-0.9929441683606088,0.02374681337146392
Q15139,PRKD1,PLS,-1.8733055910698129,-0.7771051405663594
Q15139,PRKD1,PLS,0.3860926294904673,-0.5950270604190172
Q15139,PRKD1,PLS,-1.1745140666169058,-1.6955289449809083
Q15139,PRKD1,PLS,2.02411897245533,0.8299216417994341
Q15139,PRKD1,PLS,-0.4886745872832756,-0.7598833504141019
Q15139,PRKD1,PLS,-1.0161910411217,-0.5556596002008584
Q15139,PRKD1,PLS,-0.8506380247251192,-1.581327516361793
Q15139,PRKD1,PLS,-0.072901680336333,0.9701207226567619
Q15139,PRKD1,PLS,-1.114818368717778,-1.1378382245229122
Q15139,PRKD1,SVR,-1.7263323259432928,-0.8688366650497871
Q15139,PRKD1,SVR,3.101721642478892,2.4045749207507625
Q15139,PRKD1,SVR,0.7378123288913173,-0.02318367327823137
Q15139,PRKD1,SVR,0.3330482220013429,-0.18137866823801344
Q15139,PRKD1,SVR,-0.90651340212817,-0.37371791292789547
Q15139,PRKD1,SVR,0.9941778753893392,1.2970105519433786
Q15139,PRKD1,SVR,0.0035062905577604,-0.01604420746057636
Q15139,PRKD1,SVR,-2.6470695336283967,-0.9152146393789772
Q15139,PRKD1,SVR,1.7337455128819588,2.5073756393883277
Q15139,PRKD1,SVR,-0.9929441683606088,-0.07266037962778552
Q15139,PRKD1,SVR,-1.8733055910698129,-1.1962675405246104
Q15139,PRKD1,SVR,0.3860926294904673,-0.39623057452567567
Q15139,PRKD1,SVR,-1.1745140666169058,-2.0476696831158696
Q15139,PRKD1,SVR,2.02411897245533,1.0911185637614638
Q15139,PRKD1,SVR,-0.4886745872832756,-0.7361298568696195
Q15139,PRKD1,SVR,-1.0161910411217,-0.9940324015507535
Q15139,PRKD1,SVR,-0.8506380247251192,-1.8638320634792986
Q15139,PRKD1,SVR,-0.072901680336333,0.7042626309241364
Q15139,PRKD1,SVR,-1.114818368717778,-1.3795038748484212
Q15139,PRKD1,Lasso,-1.7263323259432928,-0.8076277709255487
Q15139,PRKD1,Lasso,3.101721642478892,1.6517049053804558
Q15139,PRKD1,Lasso,0.7378123288913173,-0.2322515006925672
Q15139,PRKD1,Lasso,0.3330482220013429,-0.09760450980186086
Q15139,PRKD1,Lasso,-0.90651340212817,-0.22696353941974104
Q15139,PRKD1,Lasso,0.9941778753893392,0.7410938465607485
Q15139,PRKD1,Lasso,0.0035062905577604,0.16376261638900522
Q15139,PRKD1,Lasso,-2.6470695336283967,-0.41554503008107446
Q15139,PRKD1,Lasso,1.7337455128819588,1.8001234956712981
Q15139,PRKD1,Lasso,-0.9929441683606088,0.09695391833060181
Q15139,PRKD1,Lasso,-1.8733055910698129,-0.5868368396654987
Q15139,PRKD1,Lasso,0.3860926294904673,-0.4326914443438432
Q15139,PRKD1,Lasso,-1.1745140666169058,-1.1589868969278387
Q15139,PRKD1,Lasso,2.02411897245533,0.7975125136192819
Q15139,PRKD1,Lasso,-0.4886745872832756,-0.7773620470122231
Q15139,PRKD1,Lasso,-1.0161910411217,-0.44251113995279234
Q15139,PRKD1,Lasso,-0.8506380247251192,-1.0853169041956234
Q15139,PRKD1,Lasso,-0.072901680336333,0.5976702333967994
Q15139,PRKD1,Lasso,-1.114818368717778,-0.8530880420659249
Q15139,PRKD1,ElasticNet,-1.7263323259432928,-0.8491742379849787
Q15139,PRKD1,ElasticNet,3.101721642478892,1.7424535010116993
Q15139,PRKD1,ElasticNet,0.7378123288913173,-0.2488683850187386
Q15139,PRKD1,ElasticNet,0.3330482220013429,-0.09364690881909878
Q15139,PRKD1,ElasticNet,-0.90651340212817,-0.25054307306175483
Q15139,PRKD1,ElasticNet,0.9941778753893392,0.7474679791761605
Q15139,PRKD1,ElasticNet,0.0035062905577604,0.15227294543347686
Q15139,PRKD1,ElasticNet,-2.6470695336283967,-0.4653687993209809
Q15139,PRKD1,ElasticNet,1.7337455128819588,1.8499773283913494
Q15139,PRKD1,ElasticNet,-0.9929441683606088,0.09115293790280152
Q15139,PRKD1,ElasticNet,-1.8733055910698129,-0.6215515858337841
Q15139,PRKD1,ElasticNet,0.3860926294904673,-0.46263661817741913
Q15139,PRKD1,ElasticNet,-1.1745140666169058,-1.2527750290814723
Q15139,PRKD1,ElasticNet,2.02411897245533,0.805632354648507
Q15139,PRKD1,ElasticNet,-0.4886745872832756,-0.7900727968360676
Q15139,PRKD1,ElasticNet,-1.0161910411217,-0.47276015515907993
Q15139,PRKD1,ElasticNet,-0.8506380247251192,-1.1696602474461995
Q15139,PRKD1,ElasticNet,-0.072901680336333,0.639350741089347
Q15139,PRKD1,ElasticNet,-1.114818368717778,-0.8960411424607658
Q15139,PRKD1,GradientBoosting,-1.7263323259432928,-1.4283917608766483
Q15139,PRKD1,GradientBoosting,3.101721642478892,3.089417366622525
Q15139,PRKD1,GradientBoosting,0.7378123288913173,-0.3561464345002983
Q15139,PRKD1,GradientBoosting,0.3330482220013429,-0.49963161477672785
Q15139,PRKD1,GradientBoosting,-0.90651340212817,-0.04242087157664905
Q15139,PRKD1,GradientBoosting,0.9941778753893392,1.6637144423203054
Q15139,PRKD1,GradientBoosting,0.0035062905577604,0.8533969857506302
Q15139,PRKD1,GradientBoosting,-2.6470695336283967,-0.8933212717703548
Q15139,PRKD1,GradientBoosting,1.7337455128819588,1.3553856839883274
Q15139,PRKD1,GradientBoosting,-0.9929441683606088,-0.33519886277379624
Q15139,PRKD1,GradientBoosting,-1.8733055910698129,-0.3605878459634256
Q15139,PRKD1,GradientBoosting,0.3860926294904673,-1.4388498130922647
Q15139,PRKD1,GradientBoosting,-1.1745140666169058,-0.8744360771273203
Q15139,PRKD1,GradientBoosting,2.02411897245533,1.8568146170640463
Q15139,PRKD1,GradientBoosting,-0.4886745872832756,0.158640804939498
Q15139,PRKD1,GradientBoosting,-1.0161910411217,-1.5010969310536824
Q15139,PRKD1,GradientBoosting,-0.8506380247251192,-0.8265339703401522
Q15139,PRKD1,GradientBoosting,-0.072901680336333,-0.14311904046616863
Q15139,PRKD1,GradientBoosting,-1.114818368717778,-0.9139748284479481
Q15139,PRKD1,MLP,-1.7263323259432928,-0.921144960145462
Q15139,PRKD1,MLP,3.101721642478892,2.956331473656533
Q15139,PRKD1,MLP,0.7378123288913173,-0.33166004601533605
Q15139,PRKD1,MLP,0.3330482220013429,-0.7728153950135528
Q15139,PRKD1,MLP,-0.90651340212817,-0.552657088426076
Q15139,PRKD1,MLP,0.9941778753893392,0.8631310479607559
Q15139,PRKD1,MLP,0.0035062905577604,-0.10490628745896136
Q15139,PRKD1,MLP,-2.6470695336283967,-0.561138008262186
Q15139,PRKD1,MLP,1.7337455128819588,2.086947732122847
Q15139,PRKD1,MLP,-0.9929441683606088,-0.3234937567149572
Q15139,PRKD1,MLP,-1.8733055910698129,-0.8895587081193079
Q15139,PRKD1,MLP,0.3860926294904673,-0.8000988638733882
Q15139,PRKD1,MLP,-1.1745140666169058,-0.561138008262186
Q15139,PRKD1,MLP,2.02411897245533,0.8771299285580516
Q15139,PRKD1,MLP,-0.4886745872832756,-0.7460398789243149
Q15139,PRKD1,MLP,-1.0161910411217,-0.8553016226914961
Q15139,PRKD1,MLP,-0.8506380247251192,-0.561138008262186
Q15139,PRKD1,MLP,-0.072901680336333,0.7342984928396095
Q15139,PRKD1,MLP,-1.114818368717778,-0.9603823954616453
Q15418,RPS6KA1,RandomForest,0.1270011230578488,-0.2162567800698503
Q15418,RPS6KA1,RandomForest,-1.080746042409158,-0.6206063731844539
Q15418,RPS6KA1,RandomForest,1.171323333707229,0.11051460671175933
Q15418,RPS6KA1,RandomForest,-0.0907674168034384,-0.29548647993127664
Q15418,RPS6KA1,RandomForest,-0.7732700959858195,-0.3241389907221557
Q15418,RPS6KA1,RandomForest,-0.760228727875856,-0.325733354061958
Q15418,RPS6KA1,RandomForest,0.2978964352188922,-0.2323335208346333
Q15418,RPS6KA1,RandomForest,-1.0764709801908643,-1.1848471225870973
Q15418,RPS6KA1,RandomForest,2.152347980258198,0.5635001971326764
Q15418,RPS6KA1,RandomForest,-0.9473409950964324,-0.5307299915600732
Q15418,RPS6KA1,RandomForest,0.7346913047727205,0.03455816700567328
Q15418,RPS6KA1,RandomForest,-0.122162808172459,-0.8562593727050036
Q15418,RPS6KA1,RandomForest,0.9052513932978358,-0.09481069999657159
Q15418,RPS6KA1,RandomForest,-0.1621567697812941,-0.38857364993437266
Q15418,RPS6KA1,RandomForest,-0.2677393473781201,-0.22016320611931614
Q15418,RPS6KA1,RandomForest,2.677227427485274,0.5197971470687481
Q15418,RPS6KA1,RandomForest,0.7751550936087086,0.4229691550365562
Q15418,RPS6KA1,RandomForest,-0.3320134908972812,-0.5696812658262038
Q15418,RPS6KA1,RandomForest,-0.0908413175185969,-0.17173110007956618
Q15418,RPS6KA1,XGBoost,0.1270011230578488,-0.4208905100822449
Q15418,RPS6KA1,XGBoost,-1.080746042409158,-0.3913269639015198
Q15418,RPS6KA1,XGBoost,1.171323333707229,0.45599469542503357
Q15418,RPS6KA1,XGBoost,-0.0907674168034384,-0.6263797283172607
Q15418,RPS6KA1,XGBoost,-0.7732700959858195,0.16825160384178162
Q15418,RPS6KA1,XGBoost,-0.760228727875856,-0.5670235753059387
Q15418,RPS6KA1,XGBoost,0.2978964352188922,-0.1944347769021988
Q15418,RPS6KA1,XGBoost,-1.0764709801908643,-0.9809296131134033
Q15418,RPS6KA1,XGBoost,2.152347980258198,0.5949627161026001
Q15418,RPS6KA1,XGBoost,-0.9473409950964324,-0.4508327841758728
Q15418,RPS6KA1,XGBoost,0.7346913047727205,-0.29244163632392883
Q15418,RPS6KA1,XGBoost,-0.122162808172459,-0.6631984114646912
Q15418,RPS6KA1,XGBoost,0.9052513932978358,-0.07638058066368103
Q15418,RPS6KA1,XGBoost,-0.1621567697812941,-0.536778450012207
Q15418,RPS6KA1,XGBoost,-0.2677393473781201,-0.4888797402381897
Q15418,RPS6KA1,XGBoost,2.677227427485274,0.5949627161026001
Q15418,RPS6KA1,XGBoost,0.7751550936087086,-0.2943772077560425
Q15418,RPS6KA1,XGBoost,-0.3320134908972812,-0.4299621284008026
Q15418,RPS6KA1,XGBoost,-0.0908413175185969,0.11320694535970688
Q15418,RPS6KA1,PLS,0.1270011230578488,-0.277140359336785
Q15418,RPS6KA1,PLS,-1.080746042409158,-0.08537312543667025
Q15418,RPS6KA1,PLS,1.171323333707229,-0.4398132653052561
Q15418,RPS6KA1,PLS,-0.0907674168034384,-0.4064098663826676
Q15418,RPS6KA1,PLS,-0.7732700959858195,-0.9257246496589429
Q15418,RPS6KA1,PLS,-0.760228727875856,-0.9711426947564689
Q15418,RPS6KA1,PLS,0.2978964352188922,0.4373773776013924
Q15418,RPS6KA1,PLS,-1.0764709801908643,-1.6592637309171994
Q15418,RPS6KA1,PLS,2.152347980258198,0.28644256972268245
Q15418,RPS6KA1,PLS,-0.9473409950964324,-0.9027261387362098
Q15418,RPS6KA1,PLS,0.7346913047727205,-0.3758308216926488
Q15418,RPS6KA1,PLS,-0.122162808172459,-1.3390203242390835
Q15418,RPS6KA1,PLS,0.9052513932978358,-0.41225427823048905
Q15418,RPS6KA1,PLS,-0.1621567697812941,-0.2958009031035935
Q15418,RPS6KA1,PLS,-0.2677393473781201,0.12599316979050967
Q15418,RPS6KA1,PLS,2.677227427485274,0.15171609478390946
Q15418,RPS6KA1,PLS,0.7751550936087086,-0.13949181770725388
Q15418,RPS6KA1,PLS,-0.3320134908972812,-0.0594219477303467
Q15418,RPS6KA1,PLS,-0.0908413175185969,0.7241449142185544
Q15418,RPS6KA1,SVR,0.1270011230578488,-0.23591568609781988
Q15418,RPS6KA1,SVR,-1.080746042409158,0.06881598213416512
Q15418,RPS6KA1,SVR,1.171323333707229,-0.3377132763432201
Q15418,RPS6KA1,SVR,-0.0907674168034384,-0.3156665222711155
Q15418,RPS6KA1,SVR,-0.7732700959858195,-1.0126379855764485
Q15418,RPS6KA1,SVR,-0.760228727875856,-0.8749855804541513
Q15418,RPS6KA1,SVR,0.2978964352188922,0.6393920694966289
Q15418,RPS6KA1,SVR,-1.0764709801908643,-1.6784384311393497
Q15418,RPS6KA1,SVR,2.152347980258198,0.17657537026124265
Q15418,RPS6KA1,SVR,-0.9473409950964324,-0.8554333515982129
Q15418,RPS6KA1,SVR,0.7346913047727205,-0.3618720079225094
Q15418,RPS6KA1,SVR,-0.122162808172459,-1.5341172688462992
Q15418,RPS6KA1,SVR,0.9052513932978358,-0.3780531559137319
Q15418,RPS6KA1,SVR,-0.1621567697812941,-0.2690489820205287
Q15418,RPS6KA1,SVR,-0.2677393473781201,0.26268967358947565
Q15418,RPS6KA1,SVR,2.677227427485274,0.13469580369450246
Q15418,RPS6KA1,SVR,0.7751550936087086,-0.15590992517283153
Q15418,RPS6KA1,SVR,-0.3320134908972812,-0.01789912153413198
Q15418,RPS6KA1,SVR,-0.0908413175185969,0.8283799776733032
Q15418,RPS6KA1,Lasso,0.1270011230578488,-0.3294438778713768
Q15418,RPS6KA1,Lasso,-1.080746042409158,-0.22228004607752744
Q15418,RPS6KA1,Lasso,1.171323333707229,-0.7012020974940949
Q15418,RPS6KA1,Lasso,-0.0907674168034384,-0.6921001768205316
Q15418,RPS6KA1,Lasso,-0.7732700959858195,-0.7254870768908808
Q15418,RPS6KA1,Lasso,-0.760228727875856,-1.0395835462915537
Q15418,RPS6KA1,Lasso,0.2978964352188922,-0.05836953334935957
Q15418,RPS6KA1,Lasso,-1.0764709801908643,-1.407344742952661
Q15418,RPS6KA1,Lasso,2.152347980258198,0.7172346050786422
Q15418,RPS6KA1,Lasso,-0.9473409950964324,-1.028331089078577
Q15418,RPS6KA1,Lasso,0.7346913047727205,-0.23241750471624845
Q15418,RPS6KA1,Lasso,-0.122162808172459,-0.8239678439133487
Q15418,RPS6KA1,Lasso,0.9052513932978358,-0.3769367492982689
Q15418,RPS6KA1,Lasso,-0.1621567697812941,-0.35966417240409265
Q15418,RPS6KA1,Lasso,-0.2677393473781201,-0.276628282390596
Q15418,RPS6KA1,Lasso,2.677227427485274,0.304078455877408
Q15418,RPS6KA1,Lasso,0.7751550936087086,-0.06761798211171494
Q15418,RPS6KA1,Lasso,-0.3320134908972812,-0.09621730495307695
Q15418,RPS6KA1,Lasso,-0.0908413175185969,0.29771230209727706
Q15418,RPS6KA1,ElasticNet,0.1270011230578488,-0.3123572173395121
Q15418,RPS6KA1,ElasticNet,-1.080746042409158,-0.25068685292456516
Q15418,RPS6KA1,ElasticNet,1.171323333707229,-0.5952795960493826
Q15418,RPS6KA1,ElasticNet,-0.0907674168034384,-0.5796175508764317
Q15418,RPS6KA1,ElasticNet,-0.7732700959858195,-0.7802741659732443
Q15418,RPS6KA1,ElasticNet,-0.760228727875856,-1.0414406504753468
Q15418,RPS6KA1,ElasticNet,0.2978964352188922,0.0816244593436044
Q15418,RPS6KA1,ElasticNet,-1.0764709801908643,-1.524837612738148
Q15418,RPS6KA1,ElasticNet,2.152347980258198,0.5125394085194166
Q15418,RPS6KA1,ElasticNet,-0.9473409950964324,-0.9792266644752838
Q15418,RPS6KA1,ElasticNet,0.7346913047727205,-0.3034271803807558
Q15418,RPS6KA1,ElasticNet,-0.122162808172459,-1.0212182955316464
Q15418,RPS6KA1,ElasticNet,0.9052513932978358,-0.40614837236518714
Q15418,RPS6KA1,ElasticNet,-0.1621567697812941,-0.355041726992973
Q15418,RPS6KA1,ElasticNet,-0.2677393473781201,-0.1447775412551886
Q15418,RPS6KA1,ElasticNet,2.677227427485274,0.22662041437733393
Q15418,RPS6KA1,ElasticNet,0.7751550936087086,-0.0908577432099128
Q15418,RPS6KA1,ElasticNet,-0.3320134908972812,-0.11963404662668659
Q15418,RPS6KA1,ElasticNet,-0.0908413175185969,0.443644346834247
Q15418,RPS6KA1,GradientBoosting,0.1270011230578488,-0.2807076397448557
Q15418,RPS6KA1,GradientBoosting,-1.080746042409158,-0.32798410278612894
Q15418,RPS6KA1,GradientBoosting,1.171323333707229,0.4633800910910863
Q15418,RPS6KA1,GradientBoosting,-0.0907674168034384,-0.2825159889737384
Q15418,RPS6KA1,GradientBoosting,-0.7732700959858195,-0.7025709518190064
Q15418,RPS6KA1,GradientBoosting,-0.760228727875856,-0.28122137372539613
Q15418,RPS6KA1,GradientBoosting,0.2978964352188922,-0.10068936883316304
Q15418,RPS6KA1,GradientBoosting,-1.0764709801908643,-1.4831931985935778
Q15418,RPS6KA1,GradientBoosting,2.152347980258198,1.0267701357596433
Q15418,RPS6KA1,GradientBoosting,-0.9473409950964324,-0.2630045746441023
Q15418,RPS6KA1,GradientBoosting,0.7346913047727205,0.29758794862305776
Q15418,RPS6KA1,GradientBoosting,-0.122162808172459,-0.5369563914530741
Q15418,RPS6KA1,GradientBoosting,0.9052513932978358,0.18251268286267736
Q15418,RPS6KA1,GradientBoosting,-0.1621567697812941,-0.45672762194019456
Q15418,RPS6KA1,GradientBoosting,-0.2677393473781201,0.05121854261290464
Q15418,RPS6KA1,GradientBoosting,2.677227427485274,1.1192056306076619
Q15418,RPS6KA1,GradientBoosting,0.7751550936087086,0.8227351871829051
Q15418,RPS6KA1,GradientBoosting,-0.3320134908972812,-0.4685461983895583
Q15418,RPS6KA1,GradientBoosting,-0.0908413175185969,-0.7055428703275965
Q15418,RPS6KA1,MLP,0.1270011230578488,0.11677541507553002
Q15418,RPS6KA1,MLP,-1.080746042409158,-0.35784513097606063
Q15418,RPS6KA1,MLP,1.171323333707229,0.1564810621503212
Q15418,RPS6KA1,MLP,-0.0907674168034384,-0.10265112056172632
Q15418,RPS6KA1,MLP,-0.7732700959858195,-0.7302474975063191
Q15418,RPS6KA1,MLP,-0.760228727875856,-0.36757819335911823
Q15418,RPS6KA1,MLP,0.2978964352188922,-1.5397721219639624
Q15418,RPS6KA1,MLP,-1.0764709801908643,-1.6751100919252304
Q15418,RPS6KA1,MLP,2.152347980258198,0.627180081271679
Q15418,RPS6KA1,MLP,-0.9473409950964324,-0.7869223450656613
Q15418,RPS6KA1,MLP,0.7346913047727205,0.10008188170342491
Q15418,RPS6KA1,MLP,-0.122162808172459,-1.4467218365321837
Q15418,RPS6KA1,MLP,0.9052513932978358,0.1591850853244941
Q15418,RPS6KA1,MLP,-0.1621567697812941,-0.33564703361213655
Q15418,RPS6KA1,MLP,-0.2677393473781201,0.10076274838677107
Q15418,RPS6KA1,MLP,2.677227427485274,0.6489791110124477
Q15418,RPS6KA1,MLP,0.7751550936087086,0.52497694913332
Q15418,RPS6KA1,MLP,-0.3320134908972812,0.36054094260134373
Q15418,RPS6KA1,MLP,-0.0908413175185969,-0.7558832400189297
Q16512,PKN1,RandomForest,0.1019326137066907,-0.12263320895176955
Q16512,PKN1,RandomForest,-0.132219057659357,0.2559275239084321
Q16512,PKN1,RandomForest,0.0660151191328449,-0.15595559285549063
Q16512,PKN1,RandomForest,-0.7870254324799708,-0.6777124373504758
Q16512,PKN1,RandomForest,-0.4390711460426441,-0.27383213852135296
Q16512,PKN1,RandomForest,0.004069779568756,-0.7384891027891822
Q16512,PKN1,RandomForest,-1.552715782789781,-0.4565902617917038
Q16512,PKN1,RandomForest,-1.4168715475730045,-0.005064146566016178
Q16512,PKN1,RandomForest,-0.353235566900532,-0.18859851366640298
Q16512,PKN1,RandomForest,-0.8177304256828667,-1.243511925898169
Q16512,PKN1,RandomForest,1.5015810597059909,-0.41213525136947626
Q16512,PKN1,RandomForest,0.6659923417578117,0.195743074245168
Q16512,PKN1,RandomForest,-0.0074187639815259,-0.3567984096940588
Q16512,PKN1,RandomForest,0.2139659107708807,-0.10163065463402318
Q16512,PKN1,RandomForest,0.7070794995806076,-0.12206199738072705
Q16512,PKN1,RandomForest,1.2191802088199222,-0.027311026819440146
Q16512,PKN1,RandomForest,-0.258323796221735,-0.24174566086226232
Q16512,PKN1,RandomForest,0.7722910895322411,0.17403066505862383
Q16512,PKN1,RandomForest,-0.4177395412457124,-0.43224474837882654
Q16512,PKN1,XGBoost,0.1019326137066907,0.35138264298439026
Q16512,PKN1,XGBoost,-0.132219057659357,0.3602648973464966
Q16512,PKN1,XGBoost,0.0660151191328449,-0.779473066329956
Q16512,PKN1,XGBoost,-0.7870254324799708,-0.3218393623828888
Q16512,PKN1,XGBoost,-0.4390711460426441,0.05732099339365959
Q16512,PKN1,XGBoost,0.004069779568756,-0.9519965052604675
Q16512,PKN1,XGBoost,-1.552715782789781,-0.12958480417728424
Q16512,PKN1,XGBoost,-1.4168715475730045,0.3313997983932495
Q16512,PKN1,XGBoost,-0.353235566900532,0.6447345614433289
Q16512,PKN1,XGBoost,-0.8177304256828667,-0.567742645740509
Q16512,PKN1,XGBoost,1.5015810597059909,-0.6995742917060852
Q16512,PKN1,XGBoost,0.6659923417578117,0.4044899642467499
Q16512,PKN1,XGBoost,-0.0074187639815259,-1.154502034187317
Q16512,PKN1,XGBoost,0.2139659107708807,-0.4974806308746338
Q16512,PKN1,XGBoost,0.7070794995806076,-0.38025331497192383
Q16512,PKN1,XGBoost,1.2191802088199222,-0.17357152700424194
Q16512,PKN1,XGBoost,-0.258323796221735,0.6415807008743286
Q16512,PKN1,XGBoost,0.7722910895322411,0.5010921955108643
Q16512,PKN1,XGBoost,-0.4177395412457124,-0.20229925215244293
Q16512,PKN1,PLS,0.1019326137066907,-0.4048555835920715
Q16512,PKN1,PLS,-0.132219057659357,-0.24357986088998518
Q16512,PKN1,PLS,0.0660151191328449,-0.18233828519973874
Q16512,PKN1,PLS,-0.7870254324799708,-0.6962510508212059
Q16512,PKN1,PLS,-0.4390711460426441,-0.18232403862775923
Q16512,PKN1,PLS,0.004069779568756,0.0027229740795793322
Q16512,PKN1,PLS,-1.552715782789781,-0.6974448321836231
Q16512,PKN1,PLS,-1.4168715475730045,-0.13720591814511657
Q16512,PKN1,PLS,-0.353235566900532,-0.0017958131800890342
Q16512,PKN1,PLS,-0.8177304256828667,-0.8961119561943072
Q16512,PKN1,PLS,1.5015810597059909,-0.2901859294005855
Q16512,PKN1,PLS,0.6659923417578117,-0.35646722381338575
Q16512,PKN1,PLS,-0.0074187639815259,0.0695118747190554
Q16512,PKN1,PLS,0.2139659107708807,-0.10555761438290473
Q16512,PKN1,PLS,0.7070794995806076,-0.6241625589246773
Q16512,PKN1,PLS,1.2191802088199222,-0.46926640959831695
Q16512,PKN1,PLS,-0.258323796221735,-0.06509852434642471
Q16512,PKN1,PLS,0.7722910895322411,-0.3973482641647185
Q16512,PKN1,PLS,-0.4177395412457124,-0.8397896166067627
Q16512,PKN1,SVR,0.1019326137066907,-0.4449244105453536
Q16512,PKN1,SVR,-0.132219057659357,-0.026402474847817214
Q16512,PKN1,SVR,0.0660151191328449,0.12449512915587246
Q16512,PKN1,SVR,-0.7870254324799708,-0.9570590692841131
Q16512,PKN1,SVR,-0.4390711460426441,-0.32426149787226277
Q16512,PKN1,SVR,0.004069779568756,0.3420559604459318
Q16512,PKN1,SVR,-1.552715782789781,-0.7806789160138585
Q16512,PKN1,SVR,-1.4168715475730045,-0.2057573386025901
Q16512,PKN1,SVR,-0.353235566900532,0.05936886235885108
Q16512,PKN1,SVR,-0.8177304256828667,-1.4562664351777732
Q16512,PKN1,SVR,1.5015810597059909,-0.23777283637314606
Q16512,PKN1,SVR,0.6659923417578117,-0.17982212203200698
Q16512,PKN1,SVR,-0.0074187639815259,0.1470273542219468
Q16512,PKN1,SVR,0.2139659107708807,-0.08003125228889746
Q16512,PKN1,SVR,0.7070794995806076,-0.5568248204747996
Q16512,PKN1,SVR,1.2191802088199222,-0.41682634085271125
Q16512,PKN1,SVR,-0.258323796221735,-0.17747897304123772
Q16512,PKN1,SVR,0.7722910895322411,-0.2866789054551723
Q16512,PKN1,SVR,-0.4177395412457124,-1.0393625999753484
Q16512,PKN1,Lasso,0.1019326137066907,-0.3554372722243755
Q16512,PKN1,Lasso,-0.132219057659357,-0.30442964272823847
Q16512,PKN1,Lasso,0.0660151191328449,-0.291909224801265
Q16512,PKN1,Lasso,-0.7870254324799708,-0.5727560662271912
Q16512,PKN1,Lasso,-0.4390711460426441,-0.24259526397874132
Q16512,PKN1,Lasso,0.004069779568756,-0.20835234770141647
Q16512,PKN1,Lasso,-1.552715782789781,-0.5683055935348643
Q16512,PKN1,Lasso,-1.4168715475730045,-0.2528724506160706
Q16512,PKN1,Lasso,-0.353235566900532,-0.18248274227568953
Q16512,PKN1,Lasso,-0.8177304256828667,-0.6775234741610247
Q16512,PKN1,Lasso,1.5015810597059909,-0.37650210388179484
Q16512,PKN1,Lasso,0.6659923417578117,-0.3334358018867497
Q16512,PKN1,Lasso,-0.0074187639815259,-0.1884974762123472
Q16512,PKN1,Lasso,0.2139659107708807,-0.2836501903768731
Q16512,PKN1,Lasso,0.7070794995806076,-0.5320349973070964
Q16512,PKN1,Lasso,1.2191802088199222,-0.5967062749929516
Q16512,PKN1,Lasso,-0.258323796221735,-0.17806283064144135
Q16512,PKN1,Lasso,0.7722910895322411,-0.3709567927119092
Q16512,PKN1,Lasso,-0.4177395412457124,-0.519146001716538
Q16512,PKN1,ElasticNet,0.1019326137066907,-0.37957937252417884
Q16512,PKN1,ElasticNet,-0.132219057659357,-0.2576166149080297
Q16512,PKN1,ElasticNet,0.0660151191328449,-0.21898771609608209
Q16512,PKN1,ElasticNet,-0.7870254324799708,-0.6448043060516473
Q16512,PKN1,ElasticNet,-0.4390711460426441,-0.22356405024805273
Q16512,PKN1,ElasticNet,0.004069779568756,-0.09133375213233152
Q16512,PKN1,ElasticNet,-1.552715782789781,-0.6311462601009017
Q16512,PKN1,ElasticNet,-1.4168715475730045,-0.20603524115696797
Q16512,PKN1,ElasticNet,-0.353235566900532,-0.09194763388641114
Q16512,PKN1,ElasticNet,-0.8177304256828667,-0.8118630053077628
Q16512,PKN1,ElasticNet,1.5015810597059909,-0.3305103411148258
Q16512,PKN1,ElasticNet,0.6659923417578117,-0.32726182431863704
Q16512,PKN1,ElasticNet,-0.0074187639815259,-0.06824375900290747
Q16512,PKN1,ElasticNet,0.2139659107708807,-0.20363423292057453
Q16512,PKN1,ElasticNet,0.7070794995806076,-0.5660605884007042
Q16512,PKN1,ElasticNet,1.2191802088199222,-0.5412729410211476
Q16512,PKN1,ElasticNet,-0.258323796221735,-0.13282369122006468
Q16512,PKN1,ElasticNet,0.7722910895322411,-0.37290741687746876
Q16512,PKN1,ElasticNet,-0.4177395412457124,-0.6785309213352655
Q16512,PKN1,GradientBoosting,0.1019326137066907,-0.28987553634763347
Q16512,PKN1,GradientBoosting,-0.132219057659357,0.3660676935218984
Q16512,PKN1,GradientBoosting,0.0660151191328449,-0.2377790052563998
Q16512,PKN1,GradientBoosting,-0.7870254324799708,-0.5233204739149405
Q16512,PKN1,GradientBoosting,-0.4390711460426441,-0.3160758146938268
Q16512,PKN1,GradientBoosting,0.004069779568756,-0.8321326876482943
Q16512,PKN1,GradientBoosting,-1.552715782789781,-0.017054804479502906
Q16512,PKN1,GradientBoosting,-1.4168715475730045,-0.020235727629453894
Q16512,PKN1,GradientBoosting,-0.353235566900532,0.40403868456934705
Q16512,PKN1,GradientBoosting,-0.8177304256828667,-1.5886462545971405
Q16512,PKN1,GradientBoosting,1.5015810597059909,-0.5063585499413249
Q16512,PKN1,GradientBoosting,0.6659923417578117,0.528474397820692
Q16512,PKN1,GradientBoosting,-0.0074187639815259,-1.049562199359074
Q16512,PKN1,GradientBoosting,0.2139659107708807,-0.12010877687439483
Q16512,PKN1,GradientBoosting,0.7070794995806076,-0.022539621825545184
Q16512,PKN1,GradientBoosting,1.2191802088199222,-0.11624982475211608
Q16512,PKN1,GradientBoosting,-0.258323796221735,0.5789922379243545
Q16512,PKN1,GradientBoosting,0.7722910895322411,0.4365930164624802
Q16512,PKN1,GradientBoosting,-0.4177395412457124,-0.21487740046499595
Q16512,PKN1,MLP,0.1019326137066907,-0.17812114158366554
Q16512,PKN1,MLP,-0.132219057659357,0.5691891342397218
Q16512,PKN1,MLP,0.0660151191328449,-0.09156205514882132
Q16512,PKN1,MLP,-0.7870254324799708,-0.6790402578377791
Q16512,PKN1,MLP,-0.4390711460426441,-0.056174871269061843
Q16512,PKN1,MLP,0.004069779568756,-0.007140198840340006
Q16512,PKN1,MLP,-1.552715782789781,-0.6247045578046629
Q16512,PKN1,MLP,-1.4168715475730045,0.10391316765372538
Q16512,PKN1,MLP,-0.353235566900532,-0.3072957146125129
Q16512,PKN1,MLP,-0.8177304256828667,-1.7127505927523026
Q16512,PKN1,MLP,1.5015810597059909,-0.6609985170521798
Q16512,PKN1,MLP,0.6659923417578117,0.10983958365357605
Q16512,PKN1,MLP,-0.0074187639815259,-0.5077105399587911
Q16512,PKN1,MLP,0.2139659107708807,-0.16024061681961965
Q16512,PKN1,MLP,0.7070794995806076,-0.5364790552985125
Q16512,PKN1,MLP,1.2191802088199222,-0.2757866116268598
Q16512,PKN1,MLP,-0.258323796221735,-0.24777080873002466
Q16512,PKN1,MLP,0.7722910895322411,-0.031747800900682965
Q16512,PKN1,MLP,-0.4177395412457124,-0.8311144171060739
Q16513,PKN2,RandomForest,-3.261612194938336,0.3400395048161204
Q16513,PKN2,RandomForest,5.763713801901287,0.7990467833525315
Q16513,PKN2,RandomForest,1.9804871937215,2.1775481979092146
Q16513,PKN2,RandomForest,1.0537254558698106,0.9905501388433134
Q16513,PKN2,RandomForest,-0.2128073475711484,0.0829340411467002
Q16513,PKN2,RandomForest,1.689139461294927,0.43008501513836983
Q16513,PKN2,RandomForest,1.0625485838519384,-0.053408145002276176
Q16513,PKN2,RandomForest,-0.1366728911770015,0.42659047600649946
Q16513,PKN2,RandomForest,0.7610397032870467,-0.29604330705222043
Q16513,PKN2,RandomForest,0.2900248676708508,2.6769696126747897
Q16513,PKN2,RandomForest,0.8337408752113967,-0.15677541927111657
Q16513,PKN2,RandomForest,2.2564653620363946,1.5449209859204196
Q16513,PKN2,RandomForest,1.0582256715992968,-0.31176780006475147
Q16513,PKN2,RandomForest,0.5305078487301191,0.04835721447547026
Q16513,PKN2,RandomForest,-0.0519322073725574,0.032092474976019754
Q16513,PKN2,RandomForest,0.0401409431064348,-0.3292963732243103
Q16513,PKN2,RandomForest,-1.4477141270713672,0.7665502058960314
Q16513,PKN2,RandomForest,1.19292411768106,0.6965796983570722
Q16513,PKN2,RandomForest,-1.846831550104967,0.5144598598941956
Q16513,PKN2,XGBoost,-3.261612194938336,0.6115077137947083
Q16513,PKN2,XGBoost,5.763713801901287,0.2706053555011749
Q16513,PKN2,XGBoost,1.9804871937215,2.2624340057373047
Q16513,PKN2,XGBoost,1.0537254558698106,3.806835889816284
Q16513,PKN2,XGBoost,-0.2128073475711484,0.316182941198349
Q16513,PKN2,XGBoost,1.689139461294927,0.6115077137947083
Q16513,PKN2,XGBoost,1.0625485838519384,-0.019856732338666916
Q16513,PKN2,XGBoost,-0.1366728911770015,0.5989724397659302
Q16513,PKN2,XGBoost,0.7610397032870467,0.7034891843795776
Q16513,PKN2,XGBoost,0.2900248676708508,3.1392509937286377
Q16513,PKN2,XGBoost,0.8337408752113967,-1.160249948501587
Q16513,PKN2,XGBoost,2.2564653620363946,1.0836775302886963
Q16513,PKN2,XGBoost,1.0582256715992968,0.868073046207428
Q16513,PKN2,XGBoost,0.5305078487301191,0.4090151786804199
Q16513,PKN2,XGBoost,-0.0519322073725574,-0.28262457251548767
Q16513,PKN2,XGBoost,0.0401409431064348,-2.390660524368286
Q16513,PKN2,XGBoost,-1.4477141270713672,0.4623625576496124
Q16513,PKN2,XGBoost,1.19292411768106,0.30309441685676575
Q16513,PKN2,XGBoost,-1.846831550104967,0.41047027707099915
Q16513,PKN2,PLS,-3.261612194938336,0.9587515361523846
Q16513,PKN2,PLS,5.763713801901287,1.43304395156889
Q16513,PKN2,PLS,1.9804871937215,1.577278672966325
Q16513,PKN2,PLS,1.0537254558698106,0.6053588196838853
Q16513,PKN2,PLS,-0.2128073475711484,0.5534231356263701
Q16513,PKN2,PLS,1.689139461294927,0.8112373899400044
Q16513,PKN2,PLS,1.0625485838519384,0.2752923686362933
Q16513,PKN2,PLS,-0.1366728911770015,0.20948585475365472
Q16513,PKN2,PLS,0.7610397032870467,0.11295917733161603
Q16513,PKN2,PLS,0.2900248676708508,0.5642650037930287
Q16513,PKN2,PLS,0.8337408752113967,0.6627532504989067
Q16513,PKN2,PLS,2.2564653620363946,1.3144617369587914
Q16513,PKN2,PLS,1.0582256715992968,0.3940748208165673
Q16513,PKN2,PLS,0.5305078487301191,0.8717580674640035
Q16513,PKN2,PLS,-0.0519322073725574,0.24712915085060994
Q16513,PKN2,PLS,0.0401409431064348,0.5691254253346105
Q16513,PKN2,PLS,-1.4477141270713672,0.49795708783263537
Q16513,PKN2,PLS,1.19292411768106,0.03684725492001173
Q16513,PKN2,PLS,-1.846831550104967,0.45968666130019215
Q16513,PKN2,SVR,-3.261612194938336,1.061089778661628
Q16513,PKN2,SVR,5.763713801901287,1.4570993954218765
Q16513,PKN2,SVR,1.9804871937215,1.3146602666531324
Q16513,PKN2,SVR,1.0537254558698106,0.6589558532674132
Q16513,PKN2,SVR,-0.2128073475711484,0.4819715753291288
Q16513,PKN2,SVR,1.689139461294927,0.9072208699383849
Q16513,PKN2,SVR,1.0625485838519384,0.29360453541088705
Q16513,PKN2,SVR,-0.1366728911770015,0.3252618670521422
Q16513,PKN2,SVR,0.7610397032870467,0.15750652339541876
Q16513,PKN2,SVR,0.2900248676708508,0.6102895686618169
Q16513,PKN2,SVR,0.8337408752113967,0.7645487391812561
Q16513,PKN2,SVR,2.2564653620363946,1.1578466023120724
Q16513,PKN2,SVR,1.0582256715992968,0.4265668400799836
Q16513,PKN2,SVR,0.5305078487301191,0.9773081515017802
Q16513,PKN2,SVR,-0.0519322073725574,0.16285414355744787
Q16513,PKN2,SVR,0.0401409431064348,0.6701931591204707
Q16513,PKN2,SVR,-1.4477141270713672,0.37455204484064175
Q16513,PKN2,SVR,1.19292411768106,-0.0513245823953935
Q16513,PKN2,SVR,-1.846831550104967,0.4924072574917092
Q16513,PKN2,Lasso,-3.261612194938336,0.9242261705834678
Q16513,PKN2,Lasso,5.763713801901287,1.0688848555738677
Q16513,PKN2,Lasso,1.9804871937215,1.2500484957479248
Q16513,PKN2,Lasso,1.0537254558698106,0.6459393546474939
Q16513,PKN2,Lasso,-0.2128073475711484,0.5847883022758299
Q16513,PKN2,Lasso,1.689139461294927,0.8278605652940902
Q16513,PKN2,Lasso,1.0625485838519384,0.4653968004541745
Q16513,PKN2,Lasso,-0.1366728911770015,0.42193889990314715
Q16513,PKN2,Lasso,0.7610397032870467,0.24341485783410222
Q16513,PKN2,Lasso,0.2900248676708508,0.6579580067821204
Q16513,PKN2,Lasso,0.8337408752113967,0.6985645875089309
Q16513,PKN2,Lasso,2.2564653620363946,0.9622311004576081
Q16513,PKN2,Lasso,1.0582256715992968,0.40040422903124007
Q16513,PKN2,Lasso,0.5305078487301191,0.8564043149582719
Q16513,PKN2,Lasso,-0.0519322073725574,0.39172567047006146
Q16513,PKN2,Lasso,0.0401409431064348,0.6357091322479219
Q16513,PKN2,Lasso,-1.4477141270713672,0.43170478990816424
Q16513,PKN2,Lasso,1.19292411768106,0.26882999454475903
Q16513,PKN2,Lasso,-1.846831550104967,0.48238773020309766
Q16513,PKN2,ElasticNet,-3.261612194938336,0.9226971752879108
Q16513,PKN2,ElasticNet,5.763713801901287,1.2095707727277976
Q16513,PKN2,ElasticNet,1.9804871937215,1.3735190865766531
Q16513,PKN2,ElasticNet,1.0537254558698106,0.6247551890766266
Q16513,PKN2,ElasticNet,-0.2128073475711484,0.5713763982565151
Q16513,PKN2,ElasticNet,1.689139461294927,0.8072486588743725
Q16513,PKN2,ElasticNet,1.0625485838519384,0.38206269720920294
Q16513,PKN2,ElasticNet,-0.1366728911770015,0.33077385741606286
Q16513,PKN2,ElasticNet,0.7610397032870467,0.20327504117111694
Q16513,PKN2,ElasticNet,0.2900248676708508,0.6104233217161079
Q16513,PKN2,ElasticNet,0.8337408752113967,0.6766489232995566
Q16513,PKN2,ElasticNet,2.2564653620363946,1.1129004764758776
Q16513,PKN2,ElasticNet,1.0582256715992968,0.4090728715247585
Q16513,PKN2,ElasticNet,0.5305078487301191,0.8497280779373304
Q16513,PKN2,ElasticNet,-0.0519322073725574,0.33480805219481574
Q16513,PKN2,ElasticNet,0.0401409431064348,0.6026314185127144
Q16513,PKN2,ElasticNet,-1.4477141270713672,0.4754732070560493
Q16513,PKN2,ElasticNet,1.19292411768106,0.1800712266333419
Q16513,PKN2,ElasticNet,-1.846831550104967,0.4736149338763811
Q16513,PKN2,GradientBoosting,-3.261612194938336,0.1832272833365142
Q16513,PKN2,GradientBoosting,5.763713801901287,1.647579437045313
Q16513,PKN2,GradientBoosting,1.9804871937215,3.877951033625849
Q16513,PKN2,GradientBoosting,1.0537254558698106,3.0220951684446873
Q16513,PKN2,GradientBoosting,-0.2128073475711484,0.21514236583245325
Q16513,PKN2,GradientBoosting,1.689139461294927,0.18889970240836895
Q16513,PKN2,GradientBoosting,1.0625485838519384,-0.0005282911531284927
Q16513,PKN2,GradientBoosting,-0.1366728911770015,-0.3150491032904414
Q16513,PKN2,GradientBoosting,0.7610397032870467,-0.027373199180952944
Q16513,PKN2,GradientBoosting,0.2900248676708508,4.053833212492434
Q16513,PKN2,GradientBoosting,0.8337408752113967,-0.6811950140008524
Q16513,PKN2,GradientBoosting,2.2564653620363946,1.8836583690100872
Q16513,PKN2,GradientBoosting,1.0582256715992968,0.09973397599517593
Q16513,PKN2,GradientBoosting,0.5305078487301191,0.05468834974063588
Q16513,PKN2,GradientBoosting,-0.0519322073725574,0.4320836109462553
Q16513,PKN2,GradientBoosting,0.0401409431064348,-0.44696700579861204
Q16513,PKN2,GradientBoosting,-1.4477141270713672,0.6036245381884446
Q16513,PKN2,GradientBoosting,1.19292411768106,1.0182027527573883
Q16513,PKN2,GradientBoosting,-1.846831550104967,0.36426113747018046
Q16513,PKN2,MLP,-3.261612194938336,0.8679305446906846
Q16513,PKN2,MLP,5.763713801901287,1.1577673569293772
Q16513,PKN2,MLP,1.9804871937215,1.8269788341771218
Q16513,PKN2,MLP,1.0537254558698106,0.4886815806724781
Q16513,PKN2,MLP,-0.2128073475711484,0.2815389754050622
Q16513,PKN2,MLP,1.689139461294927,0.7381006101412948
Q16513,PKN2,MLP,1.0625485838519384,0.15410873565896
Q16513,PKN2,MLP,-0.1366728911770015,0.31046169202444424
Q16513,PKN2,MLP,0.7610397032870467,0.2393276810116282
Q16513,PKN2,MLP,0.2900248676708508,0.5330063887722243
Q16513,PKN2,MLP,0.8337408752113967,0.6379741641969361
Q16513,PKN2,MLP,2.2564653620363946,0.7370543607906603
Q16513,PKN2,MLP,1.0582256715992968,-0.04901434805677299
Q16513,PKN2,MLP,0.5305078487301191,0.807930805705934
Q16513,PKN2,MLP,-0.0519322073725574,0.15871561670684964
Q16513,PKN2,MLP,0.0401409431064348,0.5630322778875736
Q16513,PKN2,MLP,-1.4477141270713672,0.4497578207808401
Q16513,PKN2,MLP,1.19292411768106,0.7186312268117747
Q16513,PKN2,MLP,-1.846831550104967,-0.22840915020728925
Q16584,MAP3K11,RandomForest,-1.2250516384529846,-1.3354730677343827
Q16584,MAP3K11,RandomForest,-1.2662077806533678,-1.3225573886520114
Q16584,MAP3K11,RandomForest,-1.4549329773219348,-1.2449799187755328
Q16584,MAP3K11,RandomForest,-1.1361148233049243,-1.0062635089432415
Q16584,MAP3K11,RandomForest,-1.5902549521401736,-1.209221784871793
Q16584,MAP3K11,RandomForest,-0.9218023395092302,-1.2418462197594247
Q16584,MAP3K11,RandomForest,-1.6331509948564784,-1.1025602304836932
Q16584,MAP3K11,RandomForest,-0.817922994098286,-1.6458582845289402
Q16584,MAP3K11,RandomForest,-1.3468957662695695,-0.8633402204636392
Q16584,MAP3K11,RandomForest,-1.5902801740860786,-1.0249110960911458
Q16584,MAP3K11,RandomForest,-0.3440900122075561,-0.9238758414303924
Q16584,MAP3K11,RandomForest,-1.3552177155253484,-1.7791195824825703
Q16584,MAP3K11,RandomForest,-1.1683449628269609,-0.8879684530154929
Q16584,MAP3K11,RandomForest,-1.0223285218152576,-1.2105185074950544
Q16584,MAP3K11,RandomForest,-1.5091921433683626,-1.3732965449245944
Q16584,MAP3K11,RandomForest,-0.1936913122042571,-1.1766638342874598
Q16584,MAP3K11,RandomForest,-1.737251968817079,-0.6153835955255221
Q16584,MAP3K11,RandomForest,-1.4859234999906676,-2.32101482745944
Q16584,MAP3K11,RandomForest,-1.4598582275740446,-1.109688155204695
Q16584,MAP3K11,XGBoost,-1.2250516384529846,-1.2410985231399536
Q16584,MAP3K11,XGBoost,-1.2662077806533678,-1.2058912515640259
Q16584,MAP3K11,XGBoost,-1.4549329773219348,-1.2662278413772583
Q16584,MAP3K11,XGBoost,-1.1361148233049243,-0.8924030065536499
Q16584,MAP3K11,XGBoost,-1.5902549521401736,-1.1803926229476929
Q16584,MAP3K11,XGBoost,-0.9218023395092302,-1.1550477743148804
Q16584,MAP3K11,XGBoost,-1.6331509948564784,-1.100955605506897
Q16584,MAP3K11,XGBoost,-0.817922994098286,-1.5955907106399536
Q16584,MAP3K11,XGBoost,-1.3468957662695695,-0.24402348697185516
Q16584,MAP3K11,XGBoost,-1.5902801740860786,-1.0744856595993042
Q16584,MAP3K11,XGBoost,-0.3440900122075561,-1.082834005355835
Q16584,MAP3K11,XGBoost,-1.3552177155253484,-1.550385594367981
Q16584,MAP3K11,XGBoost,-1.1683449628269609,-0.9794124960899353
Q16584,MAP3K11,XGBoost,-1.0223285218152576,-1.1933159828186035
Q16584,MAP3K11,XGBoost,-1.5091921433683626,-1.2231403589248657
Q16584,MAP3K11,XGBoost,-0.1936913122042571,-0.9202861785888672
Q16584,MAP3K11,XGBoost,-1.737251968817079,-0.16551348567008972
Q16584,MAP3K11,XGBoost,-1.4859234999906676,-2.045011043548584
Q16584,MAP3K11,XGBoost,-1.4598582275740446,-1.4069257974624634
Q16584,MAP3K11,PLS,-1.2250516384529846,-1.8759869096682764
Q16584,MAP3K11,PLS,-1.2662077806533678,-1.5230898783074478
Q16584,MAP3K11,PLS,-1.4549329773219348,-1.1249910393374245
Q16584,MAP3K11,PLS,-1.1361148233049243,-1.3163972140476392
Q16584,MAP3K11,PLS,-1.5902549521401736,-1.076234238552345
Q16584,MAP3K11,PLS,-0.9218023395092302,-1.1868034021312568
Q16584,MAP3K11,PLS,-1.6331509948564784,-1.571189653804294
Q16584,MAP3K11,PLS,-0.817922994098286,-1.3187523965401098
Q16584,MAP3K11,PLS,-1.3468957662695695,-1.1200587002642015
Q16584,MAP3K11,PLS,-1.5902801740860786,-1.1014186619778306
Q16584,MAP3K11,PLS,-0.3440900122075561,-1.0241387211035695
Q16584,MAP3K11,PLS,-1.3552177155253484,-1.6895987087182185
Q16584,MAP3K11,PLS,-1.1683449628269609,-0.9446839036222028
Q16584,MAP3K11,PLS,-1.0223285218152576,-1.2637873972905551
Q16584,MAP3K11,PLS,-1.5091921433683626,-1.5109185364505096
Q16584,MAP3K11,PLS,-0.1936913122042571,-1.4781511794362323
Q16584,MAP3K11,PLS,-1.737251968817079,-1.115160208317624
Q16584,MAP3K11,PLS,-1.4859234999906676,-1.8181384116371546
Q16584,MAP3K11,PLS,-1.4598582275740446,-0.9390709538905304
Q16584,MAP3K11,SVR,-1.2250516384529846,-1.7203160773067463
Q16584,MAP3K11,SVR,-1.2662077806533678,-1.4261554513164625
Q16584,MAP3K11,SVR,-1.4549329773219348,-1.2379768397468773
Q16584,MAP3K11,SVR,-1.1361148233049243,-1.3723661704439865
Q16584,MAP3K11,SVR,-1.5902549521401736,-1.2142280849667575
Q16584,MAP3K11,SVR,-0.9218023395092302,-1.2800130022971965
Q16584,MAP3K11,SVR,-1.6331509948564784,-1.4444183984473886
Q16584,MAP3K11,SVR,-0.817922994098286,-1.1724380583846772
Q16584,MAP3K11,SVR,-1.3468957662695695,-1.1345761545604292
Q16584,MAP3K11,SVR,-1.5902801740860786,-1.2743355241007053
Q16584,MAP3K11,SVR,-0.3440900122075561,-0.8322510390345168
Q16584,MAP3K11,SVR,-1.3552177155253484,-1.535222196489475
Q16584,MAP3K11,SVR,-1.1683449628269609,-1.109187056112031
Q16584,MAP3K11,SVR,-1.0223285218152576,-1.3557657943440984
Q16584,MAP3K11,SVR,-1.5091921433683626,-1.4201492018700705
Q16584,MAP3K11,SVR,-0.1936913122042571,-1.1448618627943281
Q16584,MAP3K11,SVR,-1.737251968817079,-1.112609263676733
Q16584,MAP3K11,SVR,-1.4859234999906676,-1.5411746497008991
Q16584,MAP3K11,SVR,-1.4598582275740446,-1.1571273899365835
Q16584,MAP3K11,Lasso,-1.2250516384529846,-1.8003169658813523
Q16584,MAP3K11,Lasso,-1.2662077806533678,-1.4455754959809095
Q16584,MAP3K11,Lasso,-1.4549329773219348,-1.268915929923724
Q16584,MAP3K11,Lasso,-1.1361148233049243,-1.358063289830068
Q16584,MAP3K11,Lasso,-1.5902549521401736,-1.2379635165540712
Q16584,MAP3K11,Lasso,-0.9218023395092302,-1.2563097450857557
Q16584,MAP3K11,Lasso,-1.6331509948564784,-1.4448695557879032
Q16584,MAP3K11,Lasso,-0.817922994098286,-1.1774878366984554
Q16584,MAP3K11,Lasso,-1.3468957662695695,-1.136090382293415
Q16584,MAP3K11,Lasso,-1.5902801740860786,-1.244854505011073
Q16584,MAP3K11,Lasso,-0.3440900122075561,-0.8016722978010042
Q16584,MAP3K11,Lasso,-1.3552177155253484,-1.5925936364211821
Q16584,MAP3K11,Lasso,-1.1683449628269609,-1.11264655122775
Q16584,MAP3K11,Lasso,-1.0223285218152576,-1.3270266695249409
Q16584,MAP3K11,Lasso,-1.5091921433683626,-1.4587516670761027
Q16584,MAP3K11,Lasso,-0.1936913122042571,-1.1477077059824943
Q16584,MAP3K11,Lasso,-1.737251968817079,-1.1125727015136102
Q16584,MAP3K11,Lasso,-1.4859234999906676,-1.6308180695290362
Q16584,MAP3K11,Lasso,-1.4598582275740446,-1.1181015264532856
Q16584,MAP3K11,ElasticNet,-1.2250516384529846,-1.8417041094897855
Q16584,MAP3K11,ElasticNet,-1.2662077806533678,-1.4610366771338517
Q16584,MAP3K11,ElasticNet,-1.4549329773219348,-1.2375573014239312
Q16584,MAP3K11,ElasticNet,-1.1361148233049243,-1.298665925164929
Q16584,MAP3K11,ElasticNet,-1.5902549521401736,-1.17864512513388
Q16584,MAP3K11,ElasticNet,-0.9218023395092302,-1.196996226085632
Q16584,MAP3K11,ElasticNet,-1.6331509948564784,-1.4367342929153217
Q16584,MAP3K11,ElasticNet,-0.817922994098286,-1.245323001178375
Q16584,MAP3K11,ElasticNet,-1.3468957662695695,-1.1353363257472122
Q16584,MAP3K11,ElasticNet,-1.5902801740860786,-1.1383205191634083
Q16584,MAP3K11,ElasticNet,-0.3440900122075561,-0.9165749246490648
Q16584,MAP3K11,ElasticNet,-1.3552177155253484,-1.6463458041995997
Q16584,MAP3K11,ElasticNet,-1.1683449628269609,-1.0504545955292968
Q16584,MAP3K11,ElasticNet,-1.0223285218152576,-1.2649769041030536
Q16584,MAP3K11,ElasticNet,-1.5091921433683626,-1.4845348536195901
Q16584,MAP3K11,ElasticNet,-0.1936913122042571,-1.3288787001537399
Q16584,MAP3K11,ElasticNet,-1.737251968817079,-1.1241825143366264
Q16584,MAP3K11,ElasticNet,-1.4859234999906676,-1.7015289042391715
Q16584,MAP3K11,ElasticNet,-1.4598582275740446,-1.063656518116007
Q16584,MAP3K11,GradientBoosting,-1.2250516384529846,-1.2125091826334458
Q16584,MAP3K11,GradientBoosting,-1.2662077806533678,-1.4131495838619434
Q16584,MAP3K11,GradientBoosting,-1.4549329773219348,-1.1895196902305631
Q16584,MAP3K11,GradientBoosting,-1.1361148233049243,-0.7948139723181549
Q16584,MAP3K11,GradientBoosting,-1.5902549521401736,-1.3316650597294672
Q16584,MAP3K11,GradientBoosting,-0.9218023395092302,-1.2043529756305866
Q16584,MAP3K11,GradientBoosting,-1.6331509948564784,-1.1689129195563488
Q16584,MAP3K11,GradientBoosting,-0.817922994098286,-2.0855298229940997
Q16584,MAP3K11,GradientBoosting,-1.3468957662695695,-0.5980711355602912
Q16584,MAP3K11,GradientBoosting,-1.5902801740860786,-0.8265738834480888
Q16584,MAP3K11,GradientBoosting,-0.3440900122075561,-0.7592953979832779
Q16584,MAP3K11,GradientBoosting,-1.3552177155253484,-1.79657452122039
Q16584,MAP3K11,GradientBoosting,-1.1683449628269609,-0.8208702693404214
Q16584,MAP3K11,GradientBoosting,-1.0223285218152576,-1.0437727968388157
Q16584,MAP3K11,GradientBoosting,-1.5091921433683626,-1.3273122847769003
Q16584,MAP3K11,GradientBoosting,-0.1936913122042571,-0.7979554394820348
Q16584,MAP3K11,GradientBoosting,-1.737251968817079,-0.5030079766560746
Q16584,MAP3K11,GradientBoosting,-1.4859234999906676,-2.6836341925817546
Q16584,MAP3K11,GradientBoosting,-1.4598582275740446,-1.2834892971121876
Q16584,MAP3K11,MLP,-1.2250516384529846,-1.735539531738468
Q16584,MAP3K11,MLP,-1.2662077806533678,-1.4659801823985195
Q16584,MAP3K11,MLP,-1.4549329773219348,-0.9515078669592063
Q16584,MAP3K11,MLP,-1.1361148233049243,-1.0533242654761217
Q16584,MAP3K11,MLP,-1.5902549521401736,-1.0533242654761217
Q16584,MAP3K11,MLP,-0.9218023395092302,-1.0533242654761217
Q16584,MAP3K11,MLP,-1.6331509948564784,-1.2434013126315673
Q16584,MAP3K11,MLP,-0.817922994098286,-1.4293800686395617
Q16584,MAP3K11,MLP,-1.3468957662695695,-1.346690767935519
Q16584,MAP3K11,MLP,-1.5902801740860786,-1.0533242654761217
Q16584,MAP3K11,MLP,-0.3440900122075561,-0.24139222649851133
Q16584,MAP3K11,MLP,-1.3552177155253484,-1.8156318523531656
Q16584,MAP3K11,MLP,-1.1683449628269609,-1.0533242654761217
Q16584,MAP3K11,MLP,-1.0223285218152576,-1.0533242654761217
Q16584,MAP3K11,MLP,-1.5091921433683626,-1.5956495174901737
Q16584,MAP3K11,MLP,-0.1936913122042571,-0.6371035857733343
Q16584,MAP3K11,MLP,-1.737251968817079,-1.1874594761218753
Q16584,MAP3K11,MLP,-1.4859234999906676,-2.0419637036317866
Q16584,MAP3K11,MLP,-1.4598582275740446,-1.0533242654761217
Q2M2I8,AAK1,RandomForest,0.5343541665824459,-0.08362120539225033
Q2M2I8,AAK1,RandomForest,0.1939343894843138,0.11663054287067029
Q2M2I8,AAK1,RandomForest,1.137636403627331,0.5848740250218093
Q2M2I8,AAK1,RandomForest,0.1030163230425475,-0.08791085144581874
Q2M2I8,AAK1,RandomForest,-0.1682388353903651,0.9972613121217841
Q2M2I8,AAK1,RandomForest,-0.149429274988842,-0.18976463828633214
Q2M2I8,AAK1,RandomForest,0.0418851021035137,0.1922684090099371
Q2M2I8,AAK1,RandomForest,0.9891986424037348,0.1772217239274634
Q2M2I8,AAK1,RandomForest,0.8664234127653614,0.08259510812731329
Q2M2I8,AAK1,RandomForest,-0.2122652867634029,0.4563473245310832
Q2M2I8,AAK1,RandomForest,0.8026619222443456,0.304431799435098
Q2M2I8,AAK1,RandomForest,0.6526263493424868,0.34940326626542595
Q2M2I8,AAK1,RandomForest,-0.830716011271881,0.6158316498578769
Q2M2I8,AAK1,RandomForest,-0.3867161900686325,-0.5113168960907822
Q2M2I8,AAK1,RandomForest,0.3838030925630973,-0.09029845720742953
Q2M2I8,AAK1,RandomForest,0.27502951917856,0.1257627474189986
Q2M2I8,AAK1,RandomForest,0.1928587125390162,-0.023408691287371962
Q2M2I8,AAK1,RandomForest,0.2019766981697083,-0.07915950107996292
Q2M2I8,AAK1,RandomForest,0.4291997663149397,0.11336349810284975
Q2M2I8,AAK1,XGBoost,0.5343541665824459,-0.15419530868530273
Q2M2I8,AAK1,XGBoost,0.1939343894843138,0.2082769274711609
Q2M2I8,AAK1,XGBoost,1.137636403627331,0.7783412337303162
Q2M2I8,AAK1,XGBoost,0.1030163230425475,0.14492523670196533
Q2M2I8,AAK1,XGBoost,-0.1682388353903651,0.7660930156707764
Q2M2I8,AAK1,XGBoost,-0.149429274988842,0.24448296427726746
Q2M2I8,AAK1,XGBoost,0.0418851021035137,0.0021214326843619347
Q2M2I8,AAK1,XGBoost,0.9891986424037348,0.546040415763855
Q2M2I8,AAK1,XGBoost,0.8664234127653614,0.029410192742943764
Q2M2I8,AAK1,XGBoost,-0.2122652867634029,0.6360903382301331
Q2M2I8,AAK1,XGBoost,0.8026619222443456,0.6949484944343567
Q2M2I8,AAK1,XGBoost,0.6526263493424868,0.35298043489456177
Q2M2I8,AAK1,XGBoost,-0.830716011271881,0.7963347434997559
Q2M2I8,AAK1,XGBoost,-0.3867161900686325,-0.6366788148880005
Q2M2I8,AAK1,XGBoost,0.3838030925630973,-0.0972364991903305
Q2M2I8,AAK1,XGBoost,0.27502951917856,0.16100753843784332
Q2M2I8,AAK1,XGBoost,0.1928587125390162,-0.014352875761687756
Q2M2I8,AAK1,XGBoost,0.2019766981697083,-0.23104926943778992
Q2M2I8,AAK1,XGBoost,0.4291997663149397,0.24729114770889282
Q2M2I8,AAK1,PLS,0.5343541665824459,-0.1837014684391601
Q2M2I8,AAK1,PLS,0.1939343894843138,0.20746544643786796
Q2M2I8,AAK1,PLS,1.137636403627331,0.3958554492953218
Q2M2I8,AAK1,PLS,0.1030163230425475,-0.199285753888835
Q2M2I8,AAK1,PLS,-0.1682388353903651,0.6749188839419793
Q2M2I8,AAK1,PLS,-0.149429274988842,-0.32482244694704077
Q2M2I8,AAK1,PLS,0.0418851021035137,-0.17999665802939027
Q2M2I8,AAK1,PLS,0.9891986424037348,0.03608365545126269
Q2M2I8,AAK1,PLS,0.8664234127653614,-0.10982904305635616
Q2M2I8,AAK1,PLS,-0.2122652867634029,0.2256842766362253
Q2M2I8,AAK1,PLS,0.8026619222443456,0.03272165245083595
Q2M2I8,AAK1,PLS,0.6526263493424868,0.775407146262048
Q2M2I8,AAK1,PLS,-0.830716011271881,0.08595141475643844
Q2M2I8,AAK1,PLS,-0.3867161900686325,0.04422021214131357
Q2M2I8,AAK1,PLS,0.3838030925630973,-0.07768258060133909
Q2M2I8,AAK1,PLS,0.27502951917856,0.032717126377029886
Q2M2I8,AAK1,PLS,0.1928587125390162,-0.05870579044104629
Q2M2I8,AAK1,PLS,0.2019766981697083,-0.07574106415779491
Q2M2I8,AAK1,PLS,0.4291997663149397,-0.12749654616911968
Q2M2I8,AAK1,SVR,0.5343541665824459,-0.31851739968734233
Q2M2I8,AAK1,SVR,0.1939343894843138,0.2843623571197087
Q2M2I8,AAK1,SVR,1.137636403627331,0.2621575548722311
Q2M2I8,AAK1,SVR,0.1030163230425475,-0.4313398308173401
Q2M2I8,AAK1,SVR,-0.1682388353903651,0.4294379314982575
Q2M2I8,AAK1,SVR,-0.149429274988842,-0.18968483597765734
Q2M2I8,AAK1,SVR,0.0418851021035137,-0.2652515379091564
Q2M2I8,AAK1,SVR,0.9891986424037348,0.3810729735018629
Q2M2I8,AAK1,SVR,0.8664234127653614,-0.15791271173510923
Q2M2I8,AAK1,SVR,-0.2122652867634029,-0.006057225687411322
Q2M2I8,AAK1,SVR,0.8026619222443456,0.4429957748060252
Q2M2I8,AAK1,SVR,0.6526263493424868,0.48012103849196797
Q2M2I8,AAK1,SVR,-0.830716011271881,0.08228893902600842
Q2M2I8,AAK1,SVR,-0.3867161900686325,0.14519435273041925
Q2M2I8,AAK1,SVR,0.3838030925630973,0.020989924741182935
Q2M2I8,AAK1,SVR,0.27502951917856,0.2011108260850584
Q2M2I8,AAK1,SVR,0.1928587125390162,-0.16794438213127727
Q2M2I8,AAK1,SVR,0.2019766981697083,-0.1267824085141986
Q2M2I8,AAK1,SVR,0.4291997663149397,-0.25995461252000723
Q2M2I8,AAK1,Lasso,0.5343541665824459,0.03124188433458909
Q2M2I8,AAK1,Lasso,0.1939343894843138,0.16103844456975142
Q2M2I8,AAK1,Lasso,1.137636403627331,0.37215454775161483
Q2M2I8,AAK1,Lasso,0.1030163230425475,-0.10685370008978737
Q2M2I8,AAK1,Lasso,-0.1682388353903651,0.3725967815036135
Q2M2I8,AAK1,Lasso,-0.149429274988842,-0.18609696719849816
Q2M2I8,AAK1,Lasso,0.0418851021035137,-0.08783085759995116
Q2M2I8,AAK1,Lasso,0.9891986424037348,0.058091164728628186
Q2M2I8,AAK1,Lasso,0.8664234127653614,-0.03926286584512345
Q2M2I8,AAK1,Lasso,-0.2122652867634029,0.21280406922956874
Q2M2I8,AAK1,Lasso,0.8026619222443456,0.08825230984013152
Q2M2I8,AAK1,Lasso,0.6526263493424868,0.5571919469490316
Q2M2I8,AAK1,Lasso,-0.830716011271881,0.09507592890977945
Q2M2I8,AAK1,Lasso,-0.3867161900686325,0.026241178100702187
Q2M2I8,AAK1,Lasso,0.3838030925630973,0.05854543851198076
Q2M2I8,AAK1,Lasso,0.27502951917856,0.06168223705301551
Q2M2I8,AAK1,Lasso,0.1928587125390162,0.011649505597515528
Q2M2I8,AAK1,Lasso,0.2019766981697083,-0.005897879099780082
Q2M2I8,AAK1,Lasso,0.4291997663149397,0.06555977873909309
Q2M2I8,AAK1,ElasticNet,0.5343541665824459,-0.007087849336879476
Q2M2I8,AAK1,ElasticNet,0.1939343894843138,0.15670151845845118
Q2M2I8,AAK1,ElasticNet,1.137636403627331,0.3907181105364682
Q2M2I8,AAK1,ElasticNet,0.1030163230425475,-0.13672280810652998
Q2M2I8,AAK1,ElasticNet,-0.1682388353903651,0.4996630182118498
Q2M2I8,AAK1,ElasticNet,-0.149429274988842,-0.2549341818452362
Q2M2I8,AAK1,ElasticNet,0.0418851021035137,-0.09376031195428892
Q2M2I8,AAK1,ElasticNet,0.9891986424037348,0.04566484930559021
Q2M2I8,AAK1,ElasticNet,0.8664234127653614,-0.053151728827968994
Q2M2I8,AAK1,ElasticNet,-0.2122652867634029,0.22990960922634524
Q2M2I8,AAK1,ElasticNet,0.8026619222443456,0.06312069867592837
Q2M2I8,AAK1,ElasticNet,0.6526263493424868,0.6463794356834865
Q2M2I8,AAK1,ElasticNet,-0.830716011271881,0.08790518712073833
Q2M2I8,AAK1,ElasticNet,-0.3867161900686325,0.019681374568944296
Q2M2I8,AAK1,ElasticNet,0.3838030925630973,0.04217116366585843
Q2M2I8,AAK1,ElasticNet,0.27502951917856,0.04939803966222025
Q2M2I8,AAK1,ElasticNet,0.1928587125390162,-0.004868176151690079
Q2M2I8,AAK1,ElasticNet,0.2019766981697083,-0.013221125600057212
Q2M2I8,AAK1,ElasticNet,0.4291997663149397,-0.010554323490044745
Q2M2I8,AAK1,GradientBoosting,0.5343541665824459,-0.017468389115720635
Q2M2I8,AAK1,GradientBoosting,0.1939343894843138,0.0005012753845215356
Q2M2I8,AAK1,GradientBoosting,1.137636403627331,0.7100543130799807
Q2M2I8,AAK1,GradientBoosting,0.1030163230425475,0.27175751417935956
Q2M2I8,AAK1,GradientBoosting,-0.1682388353903651,1.0348302420446083
Q2M2I8,AAK1,GradientBoosting,-0.149429274988842,-0.04490695411965985
Q2M2I8,AAK1,GradientBoosting,0.0418851021035137,0.19922840646167853
Q2M2I8,AAK1,GradientBoosting,0.9891986424037348,0.17052261546575911
Q2M2I8,AAK1,GradientBoosting,0.8664234127653614,0.10340746227415332
Q2M2I8,AAK1,GradientBoosting,-0.2122652867634029,0.2808688856768888
Q2M2I8,AAK1,GradientBoosting,0.8026619222443456,0.059633718580647185
Q2M2I8,AAK1,GradientBoosting,0.6526263493424868,0.39045592479516605
Q2M2I8,AAK1,GradientBoosting,-0.830716011271881,0.7536273144657375
Q2M2I8,AAK1,GradientBoosting,-0.3867161900686325,-0.6482036360296418
Q2M2I8,AAK1,GradientBoosting,0.3838030925630973,-0.16915893590483272
Q2M2I8,AAK1,GradientBoosting,0.27502951917856,0.369648217802772
Q2M2I8,AAK1,GradientBoosting,0.1928587125390162,-0.05620792225179346
Q2M2I8,AAK1,GradientBoosting,0.2019766981697083,-0.16096997758742176
Q2M2I8,AAK1,GradientBoosting,0.4291997663149397,0.048658533600810364
Q2M2I8,AAK1,MLP,0.5343541665824459,-0.16336965191277003
Q2M2I8,AAK1,MLP,0.1939343894843138,-0.23740383579808866
Q2M2I8,AAK1,MLP,1.137636403627331,0.42612883427615256
Q2M2I8,AAK1,MLP,0.1030163230425475,-0.17666926390332777
Q2M2I8,AAK1,MLP,-0.1682388353903651,1.1172258048528263
Q2M2I8,AAK1,MLP,-0.149429274988842,-0.4867928330122347
Q2M2I8,AAK1,MLP,0.0418851021035137,-0.7266617502015382
Q2M2I8,AAK1,MLP,0.9891986424037348,0.05220795697857823
Q2M2I8,AAK1,MLP,0.8664234127653614,0.049816044313820654
Q2M2I8,AAK1,MLP,-0.2122652867634029,-0.3394522571048046
Q2M2I8,AAK1,MLP,0.8026619222443456,-0.5563647593587792
Q2M2I8,AAK1,MLP,0.6526263493424868,0.20937672406776953
Q2M2I8,AAK1,MLP,-0.830716011271881,-0.09735731833889986
Q2M2I8,AAK1,MLP,-0.3867161900686325,-0.4702167956073728
Q2M2I8,AAK1,MLP,0.3838030925630973,0.33992957768547777
Q2M2I8,AAK1,MLP,0.27502951917856,0.0718663780938484
Q2M2I8,AAK1,MLP,0.1928587125390162,0.3469933358016291
Q2M2I8,AAK1,MLP,0.2019766981697083,-0.2982976240230705
Q2M2I8,AAK1,MLP,0.4291997663149397,0.31091568581635187
Q7KZI7,MARK2,RandomForest,0.1672882238988562,0.23111455384383206
Q7KZI7,MARK2,RandomForest,1.369384548383751,0.06452447339651655
Q7KZI7,MARK2,RandomForest,-0.6764297887510222,-0.7289527830147458
Q7KZI7,MARK2,RandomForest,0.2928421167020668,0.09587820011956595
Q7KZI7,MARK2,RandomForest,-1.6748352812591327,-0.6289312141559645
Q7KZI7,MARK2,RandomForest,1.4131124299084317,1.035520807565326
Q7KZI7,MARK2,RandomForest,1.2860318604518697,0.003805621278203307
Q7KZI7,MARK2,RandomForest,1.7160691405669386,0.8359122090891448
Q7KZI7,MARK2,RandomForest,-0.2438229561157028,0.48338532689127883
Q7KZI7,MARK2,RandomForest,1.0275204649352998,0.43682182537381975
Q7KZI7,MARK2,RandomForest,0.6179862551713503,-0.007120376604021879
Q7KZI7,MARK2,RandomForest,-0.1462210374987586,0.042503057848920126
Q7KZI7,MARK2,RandomForest,-1.397799800717208,0.8563797191326953
Q7KZI7,MARK2,RandomForest,0.5201225302729247,-0.4362731733898535
Q7KZI7,MARK2,RandomForest,1.0319232976897863,0.5839709341661485
Q7KZI7,MARK2,RandomForest,0.7159167064090898,-0.36572928847377495
Q7KZI7,MARK2,RandomForest,0.302942084534907,-0.44162090144669475
Q7KZI7,MARK2,RandomForest,0.5197301076566285,0.0851626742290734
Q7KZI7,MARK2,RandomForest,0.9666121304057792,1.161828926110749
Q7KZI7,MARK2,XGBoost,0.1672882238988562,-0.00670261075720191
Q7KZI7,MARK2,XGBoost,1.369384548383751,0.5628936290740967
Q7KZI7,MARK2,XGBoost,-0.6764297887510222,-0.833759069442749
Q7KZI7,MARK2,XGBoost,0.2928421167020668,-0.2362239956855774
Q7KZI7,MARK2,XGBoost,-1.6748352812591327,-0.8009844422340393
Q7KZI7,MARK2,XGBoost,1.4131124299084317,1.085249900817871
Q7KZI7,MARK2,XGBoost,1.2860318604518697,0.3760376572608948
Q7KZI7,MARK2,XGBoost,1.7160691405669386,0.4077809751033783
Q7KZI7,MARK2,XGBoost,-0.2438229561157028,0.9819612503051758
Q7KZI7,MARK2,XGBoost,1.0275204649352998,1.1799662113189697
Q7KZI7,MARK2,XGBoost,0.6179862551713503,-0.327054500579834
Q7KZI7,MARK2,XGBoost,-0.1462210374987586,0.4957764446735382
Q7KZI7,MARK2,XGBoost,-1.397799800717208,0.6156303286552429
Q7KZI7,MARK2,XGBoost,0.5201225302729247,-0.9043615460395813
Q7KZI7,MARK2,XGBoost,1.0319232976897863,0.08904312551021576
Q7KZI7,MARK2,XGBoost,0.7159167064090898,-0.019848233088850975
Q7KZI7,MARK2,XGBoost,0.302942084534907,-1.1238651275634766
Q7KZI7,MARK2,XGBoost,0.5197301076566285,0.4544050693511963
Q7KZI7,MARK2,XGBoost,0.9666121304057792,1.3925161361694336
Q7KZI7,MARK2,PLS,0.1672882238988562,1.6733903904174308
Q7KZI7,MARK2,PLS,1.369384548383751,0.37506181011322315
Q7KZI7,MARK2,PLS,-0.6764297887510222,0.31856998789678137
Q7KZI7,MARK2,PLS,0.2928421167020668,0.21953659201398273
Q7KZI7,MARK2,PLS,-1.6748352812591327,0.1667315101309809
Q7KZI7,MARK2,PLS,1.4131124299084317,0.19402685810692782
Q7KZI7,MARK2,PLS,1.2860318604518697,0.11562005657715052
Q7KZI7,MARK2,PLS,1.7160691405669386,1.7155677362561206
Q7KZI7,MARK2,PLS,-0.2438229561157028,1.3409331985928195
Q7KZI7,MARK2,PLS,1.0275204649352998,0.49681180468526015
Q7KZI7,MARK2,PLS,0.6179862551713503,0.2801967886198877
Q7KZI7,MARK2,PLS,-0.1462210374987586,1.0210845605934171
Q7KZI7,MARK2,PLS,-1.397799800717208,0.6925322765054184
Q7KZI7,MARK2,PLS,0.5201225302729247,-0.3906801133703693
Q7KZI7,MARK2,PLS,1.0319232976897863,0.5528075256543309
Q7KZI7,MARK2,PLS,0.7159167064090898,-1.4433917772558604
Q7KZI7,MARK2,PLS,0.302942084534907,-1.5148472375387276
Q7KZI7,MARK2,PLS,0.5197301076566285,-0.7153599205125081
Q7KZI7,MARK2,PLS,0.9666121304057792,0.6976346957489407
Q7KZI7,MARK2,SVR,0.1672882238988562,1.4488293541113353
Q7KZI7,MARK2,SVR,1.369384548383751,0.563389513352548
Q7KZI7,MARK2,SVR,-0.6764297887510222,0.2153000276648045
Q7KZI7,MARK2,SVR,0.2928421167020668,0.08485351377951034
Q7KZI7,MARK2,SVR,-1.6748352812591327,-0.018815121992078437
Q7KZI7,MARK2,SVR,1.4131124299084317,0.17421412153189353
Q7KZI7,MARK2,SVR,1.2860318604518697,0.10192343298354811
Q7KZI7,MARK2,SVR,1.7160691405669386,1.4693534477018826
Q7KZI7,MARK2,SVR,-0.2438229561157028,0.9933435276945598
Q7KZI7,MARK2,SVR,1.0275204649352998,0.7243415259912458
Q7KZI7,MARK2,SVR,0.6179862551713503,-0.151304354063548
Q7KZI7,MARK2,SVR,-0.1462210374987586,1.2109533626469986
Q7KZI7,MARK2,SVR,-1.397799800717208,0.5471864843903302
Q7KZI7,MARK2,SVR,0.5201225302729247,-0.25444658419773314
Q7KZI7,MARK2,SVR,1.0319232976897863,0.3332037956600725
Q7KZI7,MARK2,SVR,0.7159167064090898,-1.2077907600183595
Q7KZI7,MARK2,SVR,0.302942084534907,-2.0242785471671336
Q7KZI7,MARK2,SVR,0.5197301076566285,0.07460372025578504
Q7KZI7,MARK2,SVR,0.9666121304057792,0.15582675279486657
Q7KZI7,MARK2,Lasso,0.1672882238988562,0.8555932741354603
Q7KZI7,MARK2,Lasso,1.369384548383751,0.17380809316990212
Q7KZI7,MARK2,Lasso,-0.6764297887510222,0.15853847278767247
Q7KZI7,MARK2,Lasso,0.2928421167020668,0.399285291475087
Q7KZI7,MARK2,Lasso,-1.6748352812591327,0.1412313101559825
Q7KZI7,MARK2,Lasso,1.4131124299084317,0.25660394283333227
Q7KZI7,MARK2,Lasso,1.2860318604518697,0.07824186211277823
Q7KZI7,MARK2,Lasso,1.7160691405669386,0.9021046599024796
Q7KZI7,MARK2,Lasso,-0.2438229561157028,1.2131498815799087
Q7KZI7,MARK2,Lasso,1.0275204649352998,0.5689904974101827
Q7KZI7,MARK2,Lasso,0.6179862551713503,0.23145999330443076
Q7KZI7,MARK2,Lasso,-0.1462210374987586,0.2928670675778117
Q7KZI7,MARK2,Lasso,-1.397799800717208,0.522273245017654
Q7KZI7,MARK2,Lasso,0.5201225302729247,-0.2941025277445642
Q7KZI7,MARK2,Lasso,1.0319232976897863,0.41140076267491993
Q7KZI7,MARK2,Lasso,0.7159167064090898,-0.9199760668986087
Q7KZI7,MARK2,Lasso,0.302942084534907,-0.5481845405759705
Q7KZI7,MARK2,Lasso,0.5197301076566285,-0.9862697570896904
Q7KZI7,MARK2,Lasso,0.9666121304057792,0.5844667939541972
Q7KZI7,MARK2,ElasticNet,0.1672882238988562,1.212428742622024
Q7KZI7,MARK2,ElasticNet,1.369384548383751,0.24091581878777718
Q7KZI7,MARK2,ElasticNet,-0.6764297887510222,0.24103541231431125
Q7KZI7,MARK2,ElasticNet,0.2928421167020668,0.38529327435764926
Q7KZI7,MARK2,ElasticNet,-1.6748352812591327,0.19406017942335943
Q7KZI7,MARK2,ElasticNet,1.4131124299084317,0.19523468084771742
Q7KZI7,MARK2,ElasticNet,1.2860318604518697,0.0577085223345611
Q7KZI7,MARK2,ElasticNet,1.7160691405669386,1.1579957674368129
Q7KZI7,MARK2,ElasticNet,-0.2438229561157028,1.2215119923250934
Q7KZI7,MARK2,ElasticNet,1.0275204649352998,0.5066408679118772
Q7KZI7,MARK2,ElasticNet,0.6179862551713503,0.21154032363251865
Q7KZI7,MARK2,ElasticNet,-0.1462210374987586,0.5718831895084919
Q7KZI7,MARK2,ElasticNet,-1.397799800717208,0.6038825698537499
Q7KZI7,MARK2,ElasticNet,0.5201225302729247,-0.3217347172480877
Q7KZI7,MARK2,ElasticNet,1.0319232976897863,0.45646548437990114
Q7KZI7,MARK2,ElasticNet,0.7159167064090898,-1.0216780973761859
Q7KZI7,MARK2,ElasticNet,0.302942084534907,-0.7142658620533544
Q7KZI7,MARK2,ElasticNet,0.5197301076566285,-0.9325260650391636
Q7KZI7,MARK2,ElasticNet,0.9666121304057792,0.6767424687315864
Q7KZI7,MARK2,GradientBoosting,0.1672882238988562,0.35036091894362287
Q7KZI7,MARK2,GradientBoosting,1.369384548383751,0.6272128040845871
Q7KZI7,MARK2,GradientBoosting,-0.6764297887510222,-0.7542495445253418
Q7KZI7,MARK2,GradientBoosting,0.2928421167020668,0.4040450009891917
Q7KZI7,MARK2,GradientBoosting,-1.6748352812591327,-0.6559972919027278
Q7KZI7,MARK2,GradientBoosting,1.4131124299084317,0.4839190760490739
Q7KZI7,MARK2,GradientBoosting,1.2860318604518697,0.004945857599282879
Q7KZI7,MARK2,GradientBoosting,1.7160691405669386,1.4781723257508659
Q7KZI7,MARK2,GradientBoosting,-0.2438229561157028,0.22696271173420435
Q7KZI7,MARK2,GradientBoosting,1.0275204649352998,0.4964418324722442
Q7KZI7,MARK2,GradientBoosting,0.6179862551713503,0.3786937144221995
Q7KZI7,MARK2,GradientBoosting,-0.1462210374987586,0.6217553897013056
Q7KZI7,MARK2,GradientBoosting,-1.397799800717208,0.9817376878177358
Q7KZI7,MARK2,GradientBoosting,0.5201225302729247,-0.331603109586302
Q7KZI7,MARK2,GradientBoosting,1.0319232976897863,0.5972188498146056
Q7KZI7,MARK2,GradientBoosting,0.7159167064090898,0.2114035591188769
Q7KZI7,MARK2,GradientBoosting,0.302942084534907,-0.8205519658046648
Q7KZI7,MARK2,GradientBoosting,0.5197301076566285,0.6149355923529519
Q7KZI7,MARK2,GradientBoosting,0.9666121304057792,1.2858923335437071
Q7KZI7,MARK2,MLP,0.1672882238988562,0.8017074207491336
Q7KZI7,MARK2,MLP,1.369384548383751,0.163628303158331
Q7KZI7,MARK2,MLP,-0.6764297887510222,-0.40593953275178607
Q7KZI7,MARK2,MLP,0.2928421167020668,-0.8651611295385394
Q7KZI7,MARK2,MLP,-1.6748352812591327,-0.3539589770616387
Q7KZI7,MARK2,MLP,1.4131124299084317,0.8506718036663624
Q7KZI7,MARK2,MLP,1.2860318604518697,1.0801103028205117
Q7KZI7,MARK2,MLP,1.7160691405669386,1.27926586454491
Q7KZI7,MARK2,MLP,-0.2438229561157028,2.153679421055711
Q7KZI7,MARK2,MLP,1.0275204649352998,1.5928771509519861
Q7KZI7,MARK2,MLP,0.6179862551713503,-0.6652160660617837
Q7KZI7,MARK2,MLP,-0.1462210374987586,1.6262131589751152
Q7KZI7,MARK2,MLP,-1.397799800717208,0.07316575600974562
Q7KZI7,MARK2,MLP,0.5201225302729247,-0.1852907108946108
Q7KZI7,MARK2,MLP,1.0319232976897863,-0.03670158984019403
Q7KZI7,MARK2,MLP,0.7159167064090898,-2.0989787169151244
Q7KZI7,MARK2,MLP,0.302942084534907,0.19698935368230464
Q7KZI7,MARK2,MLP,0.5197301076566285,0.35791967257742907
Q7KZI7,MARK2,MLP,0.9666121304057792,0.056551088156155616
Q8IV63,VRK3,RandomForest,-1.0467996556198251,-1.3380603788894616
Q8IV63,VRK3,RandomForest,5.230633562344243,-0.3324886492926813
Q8IV63,VRK3,RandomForest,-0.1874681158764912,-1.0807819848520817
Q8IV63,VRK3,RandomForest,-1.3281305232050773,-1.3689831098807719
Q8IV63,VRK3,RandomForest,-1.5449139384194897,-1.190763062094051
Q8IV63,VRK3,RandomForest,-1.223758519264197,-1.0812199054517373
Q8IV63,VRK3,RandomForest,-1.1230476866084065,-0.40543007125966285
Q8IV63,VRK3,RandomForest,-1.1399921139467395,-1.0129863748636445
Q8IV63,VRK3,RandomForest,-1.3460410959522036,-0.009071378217626965
Q8IV63,VRK3,RandomForest,-1.181588526123168,-0.2102362950788412
Q8IV63,VRK3,RandomForest,-1.3740555108383363,-0.5117965788029754
Q8IV63,VRK3,RandomForest,-2.7919259141787456,-0.9725478645283709
Q8IV63,VRK3,RandomForest,-1.7734068738865183,-0.867878391473988
Q8IV63,VRK3,RandomForest,-1.269405150348554,-1.2318606222866542
Q8IV63,VRK3,RandomForest,-1.623961762018478,-1.4848302960154849
Q8IV63,VRK3,RandomForest,-1.4088227622234826,-0.08999836396350917
Q8IV63,VRK3,RandomForest,-1.4208649852579536,0.11503810254772623
Q8IV63,VRK3,RandomForest,-1.0883726851763074,-0.9174053863733672
Q8IV63,VRK3,RandomForest,-1.342639746321597,-1.0988122764296413
Q8IV63,VRK3,XGBoost,-1.0467996556198251,-1.358332872390747
Q8IV63,VRK3,XGBoost,5.230633562344243,0.11946787685155869
Q8IV63,VRK3,XGBoost,-0.1874681158764912,-0.8466771841049194
Q8IV63,VRK3,XGBoost,-1.3281305232050773,-1.534901738166809
Q8IV63,VRK3,XGBoost,-1.5449139384194897,-2.01780104637146
Q8IV63,VRK3,XGBoost,-1.223758519264197,-0.8466771841049194
Q8IV63,VRK3,XGBoost,-1.1230476866084065,-0.7326908707618713
Q8IV63,VRK3,XGBoost,-1.1399921139467395,-0.9861330986022949
Q8IV63,VRK3,XGBoost,-1.3460410959522036,-1.3100895881652832
Q8IV63,VRK3,XGBoost,-1.181588526123168,1.3142595291137695
Q8IV63,VRK3,XGBoost,-1.3740555108383363,-0.0018177788006141782
Q8IV63,VRK3,XGBoost,-2.7919259141787456,-0.8466771841049194
Q8IV63,VRK3,XGBoost,-1.7734068738865183,-1.2699671983718872
Q8IV63,VRK3,XGBoost,-1.269405150348554,-1.1600147485733032
Q8IV63,VRK3,XGBoost,-1.623961762018478,-1.374964952468872
Q8IV63,VRK3,XGBoost,-1.4088227622234826,-0.694667637348175
Q8IV63,VRK3,XGBoost,-1.4208649852579536,0.119960255920887
Q8IV63,VRK3,XGBoost,-1.0883726851763074,-1.8519619703292847
Q8IV63,VRK3,XGBoost,-1.342639746321597,-1.127079963684082
Q8IV63,VRK3,PLS,-1.0467996556198251,-0.5102566820716546
Q8IV63,VRK3,PLS,5.230633562344243,-0.9392262181115054
Q8IV63,VRK3,PLS,-0.1874681158764912,-0.8707307189021714
Q8IV63,VRK3,PLS,-1.3281305232050773,-0.4874987198540783
Q8IV63,VRK3,PLS,-1.5449139384194897,-0.94263457300565
Q8IV63,VRK3,PLS,-1.223758519264197,-0.8808682998386445
Q8IV63,VRK3,PLS,-1.1230476866084065,-0.9031206655062689
Q8IV63,VRK3,PLS,-1.1399921139467395,-0.7606050908623897
Q8IV63,VRK3,PLS,-1.3460410959522036,-0.7248281439596114
Q8IV63,VRK3,PLS,-1.181588526123168,-0.6313364699533028
Q8IV63,VRK3,PLS,-1.3740555108383363,-0.8329966219959735
Q8IV63,VRK3,PLS,-2.7919259141787456,-0.936335704443674
Q8IV63,VRK3,PLS,-1.7734068738865183,-0.6733538118091896
Q8IV63,VRK3,PLS,-1.269405150348554,-0.7681159344600651
Q8IV63,VRK3,PLS,-1.623961762018478,-0.9306033163355627
Q8IV63,VRK3,PLS,-1.4088227622234826,-0.687969804120487
Q8IV63,VRK3,PLS,-1.4208649852579536,-0.7141218703012554
Q8IV63,VRK3,PLS,-1.0883726851763074,-0.8990175715058132
Q8IV63,VRK3,PLS,-1.342639746321597,-0.6132103055557472
Q8IV63,VRK3,SVR,-1.0467996556198251,-1.2132644197779245
Q8IV63,VRK3,SVR,5.230633562344243,-1.1796622975699829
Q8IV63,VRK3,SVR,-0.1874681158764912,-1.1564315200804833
Q8IV63,VRK3,SVR,-1.3281305232050773,-1.2312489683388663
Q8IV63,VRK3,SVR,-1.5449139384194897,-1.241379529392064
Q8IV63,VRK3,SVR,-1.223758519264197,-1.1525151045513946
Q8IV63,VRK3,SVR,-1.1230476866084065,-1.4478477358713153
Q8IV63,VRK3,SVR,-1.1399921139467395,-1.1125129399824312
Q8IV63,VRK3,SVR,-1.3460410959522036,-1.2507488353731633
Q8IV63,VRK3,SVR,-1.181588526123168,-1.2789719066787946
Q8IV63,VRK3,SVR,-1.3740555108383363,-1.1949701643839594
Q8IV63,VRK3,SVR,-2.7919259141787456,-1.1483938490780043
Q8IV63,VRK3,SVR,-1.7734068738865183,-1.195681046251575
Q8IV63,VRK3,SVR,-1.269405150348554,-1.1873842483750385
Q8IV63,VRK3,SVR,-1.623961762018478,-1.1983553251122125
Q8IV63,VRK3,SVR,-1.4088227622234826,-1.2178350404500642
Q8IV63,VRK3,SVR,-1.4208649852579536,-1.2444316208157473
Q8IV63,VRK3,SVR,-1.0883726851763074,-1.2753674149034395
Q8IV63,VRK3,SVR,-1.342639746321597,-1.066299983125825
Q8IV63,VRK3,Lasso,-1.0467996556198251,-0.7614079079497802
Q8IV63,VRK3,Lasso,5.230633562344243,-0.832087971111005
Q8IV63,VRK3,Lasso,-0.1874681158764912,-0.8012622428046745
Q8IV63,VRK3,Lasso,-1.3281305232050773,-0.7406468324189623
Q8IV63,VRK3,Lasso,-1.5449139384194897,-0.8066542583547593
Q8IV63,VRK3,Lasso,-1.223758519264197,-0.8017633275220122
Q8IV63,VRK3,Lasso,-1.1230476866084065,-0.8282843162282785
Q8IV63,VRK3,Lasso,-1.1399921139467395,-0.7982812809608855
Q8IV63,VRK3,Lasso,-1.3460410959522036,-0.7595469077035625
Q8IV63,VRK3,Lasso,-1.181588526123168,-0.7855440066724846
Q8IV63,VRK3,Lasso,-1.3740555108383363,-0.7953171758024989
Q8IV63,VRK3,Lasso,-2.7919259141787456,-0.8150097829995641
Q8IV63,VRK3,Lasso,-1.7734068738865183,-0.7664499835813746
Q8IV63,VRK3,Lasso,-1.269405150348554,-0.7807056607603658
Q8IV63,VRK3,Lasso,-1.623961762018478,-0.975179877057248
Q8IV63,VRK3,Lasso,-1.4088227622234826,-0.7759817008403449
Q8IV63,VRK3,Lasso,-1.4208649852579536,-0.7530039765581097
Q8IV63,VRK3,Lasso,-1.0883726851763074,-0.8312224966519006
Q8IV63,VRK3,Lasso,-1.342639746321597,-0.6411679162951528
Q8IV63,VRK3,ElasticNet,-1.0467996556198251,-0.6434342152183941
Q8IV63,VRK3,ElasticNet,5.230633562344243,-0.8813987563751104
Q8IV63,VRK3,ElasticNet,-0.1874681158764912,-0.8336195699093553
Q8IV63,VRK3,ElasticNet,-1.3281305232050773,-0.62251487807328
Q8IV63,VRK3,ElasticNet,-1.5449139384194897,-0.8708150515474331
Q8IV63,VRK3,ElasticNet,-1.223758519264197,-0.8386502640611294
Q8IV63,VRK3,ElasticNet,-1.1230476866084065,-0.8638584143621321
Q8IV63,VRK3,ElasticNet,-1.1399921139467395,-0.7797174397679434
Q8IV63,VRK3,ElasticNet,-1.3460410959522036,-0.7444201239900438
Q8IV63,VRK3,ElasticNet,-1.181588526123168,-0.7130697659032914
Q8IV63,VRK3,ElasticNet,-1.3740555108383363,-0.8130132599024344
Q8IV63,VRK3,ElasticNet,-2.7919259141787456,-0.8714449921401329
Q8IV63,VRK3,ElasticNet,-1.7734068738865183,-0.7231270916933529
Q8IV63,VRK3,ElasticNet,-1.269405150348554,-0.7750211332889501
Q8IV63,VRK3,ElasticNet,-1.623961762018478,-0.9479192542720764
Q8IV63,VRK3,ElasticNet,-1.4088227622234826,-0.7348707972735186
Q8IV63,VRK3,ElasticNet,-1.4208649852579536,-0.7360876356219826
Q8IV63,VRK3,ElasticNet,-1.0883726851763074,-0.8624308939883083
Q8IV63,VRK3,ElasticNet,-1.342639746321597,-0.6321917134603972
Q8IV63,VRK3,GradientBoosting,-1.0467996556198251,-1.3938171423380679
Q8IV63,VRK3,GradientBoosting,5.230633562344243,0.9294767575640952
Q8IV63,VRK3,GradientBoosting,-0.1874681158764912,-1.262123116092783
Q8IV63,VRK3,GradientBoosting,-1.3281305232050773,-1.5552709501310182
Q8IV63,VRK3,GradientBoosting,-1.5449139384194897,-1.772174468457898
Q8IV63,VRK3,GradientBoosting,-1.223758519264197,-1.262123116092783
Q8IV63,VRK3,GradientBoosting,-1.1230476866084065,-0.7545068698582148
Q8IV63,VRK3,GradientBoosting,-1.1399921139467395,-1.0486382979867774
Q8IV63,VRK3,GradientBoosting,-1.3460410959522036,1.2280821089687168
Q8IV63,VRK3,GradientBoosting,-1.181588526123168,0.8878361851480928
Q8IV63,VRK3,GradientBoosting,-1.3740555108383363,-0.8036724417747688
Q8IV63,VRK3,GradientBoosting,-2.7919259141787456,-0.8564618189095194
Q8IV63,VRK3,GradientBoosting,-1.7734068738865183,-1.204395930915915
Q8IV63,VRK3,GradientBoosting,-1.269405150348554,-0.8673567552360901
Q8IV63,VRK3,GradientBoosting,-1.623961762018478,-1.3379740730617335
Q8IV63,VRK3,GradientBoosting,-1.4088227622234826,-0.7876690086369412
Q8IV63,VRK3,GradientBoosting,-1.4208649852579536,1.1928848297100332
Q8IV63,VRK3,GradientBoosting,-1.0883726851763074,-0.5185501204972568
Q8IV63,VRK3,GradientBoosting,-1.342639746321597,-1.1390600904681047
Q8IV63,VRK3,MLP,-1.0467996556198251,-0.6627096782269583
Q8IV63,VRK3,MLP,5.230633562344243,-0.5052313398950342
Q8IV63,VRK3,MLP,-0.1874681158764912,-0.5052313398950342
Q8IV63,VRK3,MLP,-1.3281305232050773,-0.6982191686365713
Q8IV63,VRK3,MLP,-1.5449139384194897,-0.5052313398950342
Q8IV63,VRK3,MLP,-1.223758519264197,-0.5052313398950342
Q8IV63,VRK3,MLP,-1.1230476866084065,-1.6780162716307698
Q8IV63,VRK3,MLP,-1.1399921139467395,-0.5052313398950342
Q8IV63,VRK3,MLP,-1.3460410959522036,-0.49431871914302294
Q8IV63,VRK3,MLP,-1.181588526123168,-0.9728773374199873
Q8IV63,VRK3,MLP,-1.3740555108383363,-0.5052313398950342
Q8IV63,VRK3,MLP,-2.7919259141787456,-0.5052313398950342
Q8IV63,VRK3,MLP,-1.7734068738865183,-0.5052313398950342
Q8IV63,VRK3,MLP,-1.269405150348554,-0.5052313398950342
Q8IV63,VRK3,MLP,-1.623961762018478,-1.0147523348861518
Q8IV63,VRK3,MLP,-1.4088227622234826,-0.5052313398950342
Q8IV63,VRK3,MLP,-1.4208649852579536,-0.4957318609106987
Q8IV63,VRK3,MLP,-1.0883726851763074,-0.6158763176704625
Q8IV63,VRK3,MLP,-1.342639746321597,-0.5052313398950342
Q8IVT5,KSR1,RandomForest,1.0125626189937422,0.17496491494514133
Q8IVT5,KSR1,RandomForest,0.6391612619497181,0.9289179787287856
Q8IVT5,KSR1,RandomForest,-0.1634361011809537,-0.20726000548520174
Q8IVT5,KSR1,RandomForest,-0.9165500662335744,0.8225508096922648
Q8IVT5,KSR1,RandomForest,-0.8668111521818045,0.08276127936817826
Q8IVT5,KSR1,RandomForest,-1.3015843864889376,1.1539166497871622
Q8IVT5,KSR1,RandomForest,2.456340775023864,0.631527852821059
Q8IVT5,KSR1,RandomForest,-1.4836407976252457,0.4780286102232337
Q8IVT5,KSR1,RandomForest,2.6870235515415164,2.5036380664650486
Q8IVT5,KSR1,RandomForest,-1.651598916070522,1.1237571390921164
Q8IVT5,KSR1,RandomForest,1.3474626863073873,-0.9905604212955571
Q8IVT5,KSR1,RandomForest,3.08952718042102,0.30029539796945576
Q8IVT5,KSR1,RandomForest,0.7586259204185262,-0.22455527141162082
Q8IVT5,KSR1,RandomForest,-0.4943350919042386,0.9237915965499791
Q8IVT5,KSR1,RandomForest,0.2916460677177909,-1.4150865521199156
Q8IVT5,KSR1,RandomForest,2.112005335011428,-1.189861214352184
Q8IVT5,KSR1,RandomForest,1.2980329595333402,0.08768872630221884
Q8IVT5,KSR1,RandomForest,1.2364768464097589,-2.711877053127969
Q8IVT5,KSR1,RandomForest,0.172988170865061,-0.6992243109765629
Q8IVT5,KSR1,XGBoost,1.0125626189937422,0.2864818572998047
Q8IVT5,KSR1,XGBoost,0.6391612619497181,0.8026444315910339
Q8IVT5,KSR1,XGBoost,-0.1634361011809537,-0.010691232047975063
Q8IVT5,KSR1,XGBoost,-0.9165500662335744,0.7181811332702637
Q8IVT5,KSR1,XGBoost,-0.8668111521818045,-0.1131032183766365
Q8IVT5,KSR1,XGBoost,-1.3015843864889376,1.1128075122833252
Q8IVT5,KSR1,XGBoost,2.456340775023864,-0.08545096963644028
Q8IVT5,KSR1,XGBoost,-1.4836407976252457,-0.44310522079467773
Q8IVT5,KSR1,XGBoost,2.6870235515415164,1.5083377361297607
Q8IVT5,KSR1,XGBoost,-1.651598916070522,0.07553251832723618
Q8IVT5,KSR1,XGBoost,1.3474626863073873,-0.934709370136261
Q8IVT5,KSR1,XGBoost,3.08952718042102,-1.5601283311843872
Q8IVT5,KSR1,XGBoost,0.7586259204185262,-0.14012081921100616
Q8IVT5,KSR1,XGBoost,-0.4943350919042386,0.86873859167099
Q8IVT5,KSR1,XGBoost,0.2916460677177909,-0.09046606719493866
Q8IVT5,KSR1,XGBoost,2.112005335011428,-2.4723751544952393
Q8IVT5,KSR1,XGBoost,1.2980329595333402,0.7294042706489563
Q8IVT5,KSR1,XGBoost,1.2364768464097589,-6.75977897644043
Q8IVT5,KSR1,XGBoost,0.172988170865061,-1.69875967502594
Q8IVT5,KSR1,PLS,1.0125626189937422,0.6649544409550017
Q8IVT5,KSR1,PLS,0.6391612619497181,2.229145647247627
Q8IVT5,KSR1,PLS,-0.1634361011809537,-1.1653061962543119
Q8IVT5,KSR1,PLS,-0.9165500662335744,1.892849103587007
Q8IVT5,KSR1,PLS,-0.8668111521818045,0.018847616544386776
Q8IVT5,KSR1,PLS,-1.3015843864889376,0.7762594113050039
Q8IVT5,KSR1,PLS,2.456340775023864,-0.008734246400415462
Q8IVT5,KSR1,PLS,-1.4836407976252457,-0.30055370778723867
Q8IVT5,KSR1,PLS,2.6870235515415164,0.9705558364516614
Q8IVT5,KSR1,PLS,-1.651598916070522,1.368015557154279
Q8IVT5,KSR1,PLS,1.3474626863073873,-1.0573867231205998
Q8IVT5,KSR1,PLS,3.08952718042102,-1.1905691102081886
Q8IVT5,KSR1,PLS,0.7586259204185262,0.3038424405703716
Q8IVT5,KSR1,PLS,-0.4943350919042386,1.9796997220569863
Q8IVT5,KSR1,PLS,0.2916460677177909,-0.4274559225686466
Q8IVT5,KSR1,PLS,2.112005335011428,-0.4798826295335965
Q8IVT5,KSR1,PLS,1.2980329595333402,0.4918800236759173
Q8IVT5,KSR1,PLS,1.2364768464097589,-1.843241681350788
Q8IVT5,KSR1,PLS,0.172988170865061,-0.010130554830570099
Q8IVT5,KSR1,SVR,1.0125626189937422,0.5743413376066066
Q8IVT5,KSR1,SVR,0.6391612619497181,1.4840457504796973
Q8IVT5,KSR1,SVR,-0.1634361011809537,-0.7716650000950088
Q8IVT5,KSR1,SVR,-0.9165500662335744,1.382099897903134
Q8IVT5,KSR1,SVR,-0.8668111521818045,0.04172547548287679
Q8IVT5,KSR1,SVR,-1.3015843864889376,0.64476904484417
Q8IVT5,KSR1,SVR,2.456340775023864,0.06507795260560349
Q8IVT5,KSR1,SVR,-1.4836407976252457,-0.16932029635868023
Q8IVT5,KSR1,SVR,2.6870235515415164,0.6911047026875214
Q8IVT5,KSR1,SVR,-1.651598916070522,1.0082025684414218
Q8IVT5,KSR1,SVR,1.3474626863073873,-0.7023245338843555
Q8IVT5,KSR1,SVR,3.08952718042102,-0.8261774755464965
Q8IVT5,KSR1,SVR,0.7586259204185262,0.2564306691703539
Q8IVT5,KSR1,SVR,-0.4943350919042386,1.283496191044515
Q8IVT5,KSR1,SVR,0.2916460677177909,-0.19958619647892345
Q8IVT5,KSR1,SVR,2.112005335011428,-0.3536904542597726
Q8IVT5,KSR1,SVR,1.2980329595333402,0.35594160271652087
Q8IVT5,KSR1,SVR,1.2364768464097589,-1.1032992048899575
Q8IVT5,KSR1,SVR,0.172988170865061,-0.07054887628819
Q8IVT5,KSR1,Lasso,1.0125626189937422,0.44960471181970296
Q8IVT5,KSR1,Lasso,0.6391612619497181,1.6295294079213825
Q8IVT5,KSR1,Lasso,-0.1634361011809537,-0.8618924713583687
Q8IVT5,KSR1,Lasso,-0.9165500662335744,1.4067717405373426
Q8IVT5,KSR1,Lasso,-0.8668111521818045,0.02238783264797146
Q8IVT5,KSR1,Lasso,-1.3015843864889376,0.6074683529866933
Q8IVT5,KSR1,Lasso,2.456340775023864,0.15359203075369915
Q8IVT5,KSR1,Lasso,-1.4836407976252457,-0.24012626790584563
Q8IVT5,KSR1,Lasso,2.6870235515415164,0.7086703207498504
Q8IVT5,KSR1,Lasso,-1.651598916070522,1.0660136544632821
Q8IVT5,KSR1,Lasso,1.3474626863073873,-0.7642509224269043
Q8IVT5,KSR1,Lasso,3.08952718042102,-0.906489723905824
Q8IVT5,KSR1,Lasso,0.7586259204185262,0.190256118783655
Q8IVT5,KSR1,Lasso,-0.4943350919042386,1.4436945694328949
Q8IVT5,KSR1,Lasso,0.2916460677177909,-0.3307005852188826
Q8IVT5,KSR1,Lasso,2.112005335011428,-0.3557864608151558
Q8IVT5,KSR1,Lasso,1.2980329595333402,0.3420863284824612
Q8IVT5,KSR1,Lasso,1.2364768464097589,-1.346971557669263
Q8IVT5,KSR1,Lasso,0.172988170865061,-0.0622751640920695
Q8IVT5,KSR1,ElasticNet,1.0125626189937422,0.5064310072825674
Q8IVT5,KSR1,ElasticNet,0.6391612619497181,1.8201213110672758
Q8IVT5,KSR1,ElasticNet,-0.1634361011809537,-0.9438874642411744
Q8IVT5,KSR1,ElasticNet,-0.9165500662335744,1.5288312522315823
Q8IVT5,KSR1,ElasticNet,-0.8668111521818045,0.029778729462628533
Q8IVT5,KSR1,ElasticNet,-1.3015843864889376,0.6462989887557542
Q8IVT5,KSR1,ElasticNet,2.456340775023864,0.09621814324844219
Q8IVT5,KSR1,ElasticNet,-1.4836407976252457,-0.2533923521934126
Q8IVT5,KSR1,ElasticNet,2.6870235515415164,0.8108100381736855
Q8IVT5,KSR1,ElasticNet,-1.651598916070522,1.154532624478317
Q8IVT5,KSR1,ElasticNet,1.3474626863073873,-0.8333272793669216
Q8IVT5,KSR1,ElasticNet,3.08952718042102,-0.9951273109822554
Q8IVT5,KSR1,ElasticNet,0.7586259204185262,0.23384358743077577
Q8IVT5,KSR1,ElasticNet,-0.4943350919042386,1.618597919365714
Q8IVT5,KSR1,ElasticNet,0.2916460677177909,-0.35639916187565224
Q8IVT5,KSR1,ElasticNet,2.112005335011428,-0.3729328179853028
Q8IVT5,KSR1,ElasticNet,1.2980329595333402,0.40873774402990254
Q8IVT5,KSR1,ElasticNet,1.2364768464097589,-1.5321625126577512
Q8IVT5,KSR1,ElasticNet,0.172988170865061,-0.025120710451604487
Q8IVT5,KSR1,GradientBoosting,1.0125626189937422,-0.20811653746988507
Q8IVT5,KSR1,GradientBoosting,0.6391612619497181,1.1251245882988716
Q8IVT5,KSR1,GradientBoosting,-0.1634361011809537,-0.24393722278173094
Q8IVT5,KSR1,GradientBoosting,-0.9165500662335744,1.1145647967648458
Q8IVT5,KSR1,GradientBoosting,-0.8668111521818045,0.7505903395411454
Q8IVT5,KSR1,GradientBoosting,-1.3015843864889376,0.6535660157608129
Q8IVT5,KSR1,GradientBoosting,2.456340775023864,0.0041222302433701705
Q8IVT5,KSR1,GradientBoosting,-1.4836407976252457,-0.26533055099019215
Q8IVT5,KSR1,GradientBoosting,2.6870235515415164,3.188596933709198
Q8IVT5,KSR1,GradientBoosting,-1.651598916070522,1.0720010684465442
Q8IVT5,KSR1,GradientBoosting,1.3474626863073873,-2.220077625586097
Q8IVT5,KSR1,GradientBoosting,3.08952718042102,-0.8039139197031291
Q8IVT5,KSR1,GradientBoosting,0.7586259204185262,-0.16745623043479652
Q8IVT5,KSR1,GradientBoosting,-0.4943350919042386,1.0240699400163389
Q8IVT5,KSR1,GradientBoosting,0.2916460677177909,-3.005327755185859
Q8IVT5,KSR1,GradientBoosting,2.112005335011428,-2.2510873305222443
Q8IVT5,KSR1,GradientBoosting,1.2980329595333402,0.3280670036733633
Q8IVT5,KSR1,GradientBoosting,1.2364768464097589,-3.8278073903294327
Q8IVT5,KSR1,GradientBoosting,0.172988170865061,-0.6128512882062188
Q8IVT5,KSR1,MLP,1.0125626189937422,0.15459199915847735
Q8IVT5,KSR1,MLP,0.6391612619497181,0.5418213408531365
Q8IVT5,KSR1,MLP,-0.1634361011809537,-3.0921439710376757
Q8IVT5,KSR1,MLP,-0.9165500662335744,1.6942695458705905
Q8IVT5,KSR1,MLP,-0.8668111521818045,-0.4472358030447353
Q8IVT5,KSR1,MLP,-1.3015843864889376,-0.6995939823137042
Q8IVT5,KSR1,MLP,2.456340775023864,-1.9297187239800626
Q8IVT5,KSR1,MLP,-1.4836407976252457,-0.3736054177707476
Q8IVT5,KSR1,MLP,2.6870235515415164,2.802406254876123
Q8IVT5,KSR1,MLP,-1.651598916070522,1.9072086327986917
Q8IVT5,KSR1,MLP,1.3474626863073873,-4.914414456780266
Q8IVT5,KSR1,MLP,3.08952718042102,1.3486320869103612
Q8IVT5,KSR1,MLP,0.7586259204185262,1.5281060954786199
Q8IVT5,KSR1,MLP,-0.4943350919042386,-0.2033909855998942
Q8IVT5,KSR1,MLP,0.2916460677177909,-1.9877778017488819
Q8IVT5,KSR1,MLP,2.112005335011428,-1.523023750371859
Q8IVT5,KSR1,MLP,1.2980329595333402,1.2871135967661393
Q8IVT5,KSR1,MLP,1.2364768464097589,-4.001041831879034
Q8IVT5,KSR1,MLP,0.172988170865061,-0.2033909855998942
Q8IWQ3,BRSK2,RandomForest,-0.0404766750378928,0.26887677718617914
Q8IWQ3,BRSK2,RandomForest,-0.1024840578981461,0.4180312324801466
Q8IWQ3,BRSK2,RandomForest,0.0876811324321552,-0.2973323452709837
Q8IWQ3,BRSK2,RandomForest,-0.573391376990014,-0.050487238565871714
Q8IWQ3,BRSK2,RandomForest,0.022909447793921,0.2673862488142168
Q8IWQ3,BRSK2,RandomForest,-0.0534318091286997,0.24188358909187282
Q8IWQ3,BRSK2,RandomForest,-0.2704720355803209,0.029193573195249848
Q8IWQ3,BRSK2,RandomForest,0.9250055968226938,-0.04578737106478306
Q8IWQ3,BRSK2,RandomForest,1.6108167115883962,-0.23978150369044723
Q8IWQ3,BRSK2,RandomForest,0.0927167900562353,-0.1231730538274177
Q8IWQ3,BRSK2,RandomForest,1.0688334922988754,0.42228893454002553
Q8IWQ3,BRSK2,RandomForest,0.2686078368675199,0.059025363166182586
Q8IWQ3,BRSK2,RandomForest,1.131026089453528,-0.05335068423062081
Q8IWQ3,BRSK2,RandomForest,0.0066198222560907,0.02669052089349612
Q8IWQ3,BRSK2,RandomForest,0.222554560335545,0.0889714622602614
Q8IWQ3,BRSK2,RandomForest,0.6453764149179616,0.26030231790709374
Q8IWQ3,BRSK2,RandomForest,1.255097812063313,0.4189951348388594
Q8IWQ3,BRSK2,RandomForest,0.3257062949294232,0.09469180402116269
Q8IWQ3,BRSK2,RandomForest,-1.0535573649091814,-0.16555999917342126
Q8IWQ3,BRSK2,XGBoost,-0.0404766750378928,1.3504961729049683
Q8IWQ3,BRSK2,XGBoost,-0.1024840578981461,0.3150326609611511
Q8IWQ3,BRSK2,XGBoost,0.0876811324321552,-0.4125474989414215
Q8IWQ3,BRSK2,XGBoost,-0.573391376990014,-0.25179189443588257
Q8IWQ3,BRSK2,XGBoost,0.022909447793921,0.2158699482679367
Q8IWQ3,BRSK2,XGBoost,-0.0534318091286997,0.09301549941301346
Q8IWQ3,BRSK2,XGBoost,-0.2704720355803209,-0.08131523430347443
Q8IWQ3,BRSK2,XGBoost,0.9250055968226938,-0.20107921957969666
Q8IWQ3,BRSK2,XGBoost,1.6108167115883962,-0.5408288836479187
Q8IWQ3,BRSK2,XGBoost,0.0927167900562353,-0.535123884677887
Q8IWQ3,BRSK2,XGBoost,1.0688334922988754,0.5174297094345093
Q8IWQ3,BRSK2,XGBoost,0.2686078368675199,0.3468606770038605
Q8IWQ3,BRSK2,XGBoost,1.131026089453528,-0.09199841320514679
Q8IWQ3,BRSK2,XGBoost,0.0066198222560907,-0.03479447588324547
Q8IWQ3,BRSK2,XGBoost,0.222554560335545,0.3341236114501953
Q8IWQ3,BRSK2,XGBoost,0.6453764149179616,0.5588936805725098
Q8IWQ3,BRSK2,XGBoost,1.255097812063313,0.41361111402511597
Q8IWQ3,BRSK2,XGBoost,0.3257062949294232,0.358399897813797
Q8IWQ3,BRSK2,XGBoost,-1.0535573649091814,-0.3808688819408417
Q8IWQ3,BRSK2,PLS,-0.0404766750378928,-0.08401902354866495
Q8IWQ3,BRSK2,PLS,-0.1024840578981461,0.08384056898836514
Q8IWQ3,BRSK2,PLS,0.0876811324321552,-0.030719591429234555
Q8IWQ3,BRSK2,PLS,-0.573391376990014,-0.28385719428040757
Q8IWQ3,BRSK2,PLS,0.022909447793921,0.13384980886468045
Q8IWQ3,BRSK2,PLS,-0.0534318091286997,0.18325694958226946
Q8IWQ3,BRSK2,PLS,-0.2704720355803209,-0.33746349208685855
Q8IWQ3,BRSK2,PLS,0.9250055968226938,0.2870348441597347
Q8IWQ3,BRSK2,PLS,1.6108167115883962,0.28914622516489213
Q8IWQ3,BRSK2,PLS,0.0927167900562353,-0.20944062267852923
Q8IWQ3,BRSK2,PLS,1.0688334922988754,0.7160390126735247
Q8IWQ3,BRSK2,PLS,0.2686078368675199,0.055899578826791
Q8IWQ3,BRSK2,PLS,1.131026089453528,0.6224241966981912
Q8IWQ3,BRSK2,PLS,0.0066198222560907,0.10439395897307602
Q8IWQ3,BRSK2,PLS,0.222554560335545,-0.22453326847687258
Q8IWQ3,BRSK2,PLS,0.6453764149179616,0.6276230349619356
Q8IWQ3,BRSK2,PLS,1.255097812063313,-0.2282458910289177
Q8IWQ3,BRSK2,PLS,0.3257062949294232,-0.24679281189489768
Q8IWQ3,BRSK2,PLS,-1.0535573649091814,-0.13639545321111776
Q8IWQ3,BRSK2,SVR,-0.0404766750378928,0.06234451955949846
Q8IWQ3,BRSK2,SVR,-0.1024840578981461,-0.044144294643602616
Q8IWQ3,BRSK2,SVR,0.0876811324321552,0.3016770102541826
Q8IWQ3,BRSK2,SVR,-0.573391376990014,-0.41338090449731857
Q8IWQ3,BRSK2,SVR,0.022909447793921,0.19924860002887376
Q8IWQ3,BRSK2,SVR,-0.0534318091286997,-0.08083216773741111
Q8IWQ3,BRSK2,SVR,-0.2704720355803209,-0.3877615516359083
Q8IWQ3,BRSK2,SVR,0.9250055968226938,0.5710020328392198
Q8IWQ3,BRSK2,SVR,1.6108167115883962,0.5038322289253538
Q8IWQ3,BRSK2,SVR,0.0927167900562353,-0.1573963421539362
Q8IWQ3,BRSK2,SVR,1.0688334922988754,0.8141023040607096
Q8IWQ3,BRSK2,SVR,0.2686078368675199,0.3459705433997713
Q8IWQ3,BRSK2,SVR,1.131026089453528,0.6418070787277623
Q8IWQ3,BRSK2,SVR,0.0066198222560907,-0.12721703181932179
Q8IWQ3,BRSK2,SVR,0.222554560335545,-0.2195738417060731
Q8IWQ3,BRSK2,SVR,0.6453764149179616,0.681770417579155
Q8IWQ3,BRSK2,SVR,1.255097812063313,-0.2752830693413908
Q8IWQ3,BRSK2,SVR,0.3257062949294232,-0.3410177796718674
Q8IWQ3,BRSK2,SVR,-1.0535573649091814,-0.3745339201856299
Q8IWQ3,BRSK2,Lasso,-0.0404766750378928,-0.031818619683760416
Q8IWQ3,BRSK2,Lasso,-0.1024840578981461,-0.006041970555693901
Q8IWQ3,BRSK2,Lasso,0.0876811324321552,0.17508124992340457
Q8IWQ3,BRSK2,Lasso,-0.573391376990014,-0.27142633548981
Q8IWQ3,BRSK2,Lasso,0.022909447793921,0.15763446284702926
Q8IWQ3,BRSK2,Lasso,-0.0534318091286997,0.06678585885444172
Q8IWQ3,BRSK2,Lasso,-0.2704720355803209,-0.1568407024955104
Q8IWQ3,BRSK2,Lasso,0.9250055968226938,0.15164530140475307
Q8IWQ3,BRSK2,Lasso,1.6108167115883962,0.19624783703360732
Q8IWQ3,BRSK2,Lasso,0.0927167900562353,-0.16355398604378676
Q8IWQ3,BRSK2,Lasso,1.0688334922988754,0.4108606187703592
Q8IWQ3,BRSK2,Lasso,0.2686078368675199,0.15189904850597163
Q8IWQ3,BRSK2,Lasso,1.131026089453528,0.4108455754053637
Q8IWQ3,BRSK2,Lasso,0.0066198222560907,0.03451064729491285
Q8IWQ3,BRSK2,Lasso,0.222554560335545,-0.07138249910600422
Q8IWQ3,BRSK2,Lasso,0.6453764149179616,0.3683869108312354
Q8IWQ3,BRSK2,Lasso,1.255097812063313,-0.1269650139901332
Q8IWQ3,BRSK2,Lasso,0.3257062949294232,0.008706881142256567
Q8IWQ3,BRSK2,Lasso,-1.0535573649091814,-0.1963076499128706
Q8IWQ3,BRSK2,ElasticNet,-0.0404766750378928,-0.04545067052391431
Q8IWQ3,BRSK2,ElasticNet,-0.1024840578981461,0.041140915583509595
Q8IWQ3,BRSK2,ElasticNet,0.0876811324321552,0.06826986795119416
Q8IWQ3,BRSK2,ElasticNet,-0.573391376990014,-0.3414048679560616
Q8IWQ3,BRSK2,ElasticNet,0.022909447793921,0.17288257927596618
Q8IWQ3,BRSK2,ElasticNet,-0.0534318091286997,0.1453620275974296
Q8IWQ3,BRSK2,ElasticNet,-0.2704720355803209,-0.1855069610039194
Q8IWQ3,BRSK2,ElasticNet,0.9250055968226938,0.1581311812102685
Q8IWQ3,BRSK2,ElasticNet,1.6108167115883962,0.21447119204563503
Q8IWQ3,BRSK2,ElasticNet,0.0927167900562353,-0.1828864052321566
Q8IWQ3,BRSK2,ElasticNet,1.0688334922988754,0.5106540009525146
Q8IWQ3,BRSK2,ElasticNet,0.2686078368675199,0.1041375035239551
Q8IWQ3,BRSK2,ElasticNet,1.131026089453528,0.5204179550191094
Q8IWQ3,BRSK2,ElasticNet,0.0066198222560907,0.10400155363498502
Q8IWQ3,BRSK2,ElasticNet,0.222554560335545,-0.13907368292501343
Q8IWQ3,BRSK2,ElasticNet,0.6453764149179616,0.44657652542108967
Q8IWQ3,BRSK2,ElasticNet,1.255097812063313,-0.17736886223417592
Q8IWQ3,BRSK2,ElasticNet,0.3257062949294232,-0.06364193750638232
Q8IWQ3,BRSK2,ElasticNet,-1.0535573649091814,-0.2310382856684126
Q8IWQ3,BRSK2,GradientBoosting,-0.0404766750378928,0.293076000087316
Q8IWQ3,BRSK2,GradientBoosting,-0.1024840578981461,0.46452726535088945
Q8IWQ3,BRSK2,GradientBoosting,0.0876811324321552,-0.6895141195396007
Q8IWQ3,BRSK2,GradientBoosting,-0.573391376990014,-0.00011952664651035155
Q8IWQ3,BRSK2,GradientBoosting,0.022909447793921,0.5005560997744297
Q8IWQ3,BRSK2,GradientBoosting,-0.0534318091286997,0.33049086701674263
Q8IWQ3,BRSK2,GradientBoosting,-0.2704720355803209,-0.27022165547729
Q8IWQ3,BRSK2,GradientBoosting,0.9250055968226938,-0.17520088302754555
Q8IWQ3,BRSK2,GradientBoosting,1.6108167115883962,0.09601633138610298
Q8IWQ3,BRSK2,GradientBoosting,0.0927167900562353,-0.18968128620213995
Q8IWQ3,BRSK2,GradientBoosting,1.0688334922988754,0.8376652073400845
Q8IWQ3,BRSK2,GradientBoosting,0.2686078368675199,0.4634308529100305
Q8IWQ3,BRSK2,GradientBoosting,1.131026089453528,-0.5145129414176507
Q8IWQ3,BRSK2,GradientBoosting,0.0066198222560907,0.02234371442524735
Q8IWQ3,BRSK2,GradientBoosting,0.222554560335545,0.16163639622212986
Q8IWQ3,BRSK2,GradientBoosting,0.6453764149179616,1.4719936379032097
Q8IWQ3,BRSK2,GradientBoosting,1.255097812063313,0.3999920540795609
Q8IWQ3,BRSK2,GradientBoosting,0.3257062949294232,0.06505352070154966
Q8IWQ3,BRSK2,GradientBoosting,-1.0535573649091814,-0.23713899103791564
Q8IWQ3,BRSK2,MLP,-0.0404766750378928,-0.03347215008526018
Q8IWQ3,BRSK2,MLP,-0.1024840578981461,0.08407851731294384
Q8IWQ3,BRSK2,MLP,0.0876811324321552,-0.3771542139751437
Q8IWQ3,BRSK2,MLP,-0.573391376990014,1.210219761778922
Q8IWQ3,BRSK2,MLP,0.022909447793921,-0.5621645856851537
Q8IWQ3,BRSK2,MLP,-0.0534318091286997,0.15964578931449236
Q8IWQ3,BRSK2,MLP,-0.2704720355803209,-0.04505238477471753
Q8IWQ3,BRSK2,MLP,0.9250055968226938,0.7471275148412833
Q8IWQ3,BRSK2,MLP,1.6108167115883962,0.6336942251942628
Q8IWQ3,BRSK2,MLP,0.0927167900562353,0.0659475364068831
Q8IWQ3,BRSK2,MLP,1.0688334922988754,1.1425471523427424
Q8IWQ3,BRSK2,MLP,0.2686078368675199,-0.3848586052491558
Q8IWQ3,BRSK2,MLP,1.131026089453528,0.5650974953122578
Q8IWQ3,BRSK2,MLP,0.0066198222560907,-0.059757123000531806
Q8IWQ3,BRSK2,MLP,0.222554560335545,-0.1145243929094897
Q8IWQ3,BRSK2,MLP,0.6453764149179616,0.29947103448271284
Q8IWQ3,BRSK2,MLP,1.255097812063313,0.679148595110578
Q8IWQ3,BRSK2,MLP,0.3257062949294232,0.10800561842633614
Q8IWQ3,BRSK2,MLP,-1.0535573649091814,0.7283441279996518
Q8TD19,NEK9,RandomForest,-5.000436205240553,-2.3492166747171863
Q8TD19,NEK9,RandomForest,2.047731583151804,1.8001188082976467
Q8TD19,NEK9,RandomForest,0.2013642435484308,-1.120484601356057
Q8TD19,NEK9,RandomForest,-0.996581249446116,-0.8879902932399039
Q8TD19,NEK9,RandomForest,0.7210126178578979,-0.3692455159094174
Q8TD19,NEK9,RandomForest,1.2201017202561135,1.9908388321905712
Q8TD19,NEK9,RandomForest,-0.9711360302600742,1.0282885311341396
Q8TD19,NEK9,RandomForest,-0.0153391980947093,-2.7566475487733157
Q8TD19,NEK9,RandomForest,-0.3337785915732492,-1.273168273331313
Q8TD19,NEK9,RandomForest,-1.9766871899930556,0.4737908071027768
Q8TD19,NEK9,RandomForest,-1.6885482981880562,-2.505469283977377
Q8TD19,NEK9,RandomForest,-1.2748575064143923,-1.120484601356057
Q8TD19,NEK9,RandomForest,-0.175251215755165,-1.2840656247214195
Q8TD19,NEK9,RandomForest,2.294589344355107,1.9747830672105784
Q8TD19,NEK9,RandomForest,-0.9700302436677752,-1.120484601356057
Q8TD19,NEK9,RandomForest,0.3554595892590381,-0.19184488649322198
Q8TD19,NEK9,RandomForest,0.91851059729205,-1.3237844638497973
Q8TD19,NEK9,RandomForest,1.971817472429905,2.3699997649645237
Q8TD19,NEK9,RandomForest,-2.174577554565166,-0.4703209152998948
Q8TD19,NEK9,XGBoost,-5.000436205240553,-2.6665899753570557
Q8TD19,NEK9,XGBoost,2.047731583151804,2.0730624198913574
Q8TD19,NEK9,XGBoost,0.2013642435484308,-0.9968295097351074
Q8TD19,NEK9,XGBoost,-0.996581249446116,-0.25746890902519226
Q8TD19,NEK9,XGBoost,0.7210126178578979,-0.9757490754127502
Q8TD19,NEK9,XGBoost,1.2201017202561135,2.510685920715332
Q8TD19,NEK9,XGBoost,-0.9711360302600742,0.616865336894989
Q8TD19,NEK9,XGBoost,-0.0153391980947093,-2.051574230194092
Q8TD19,NEK9,XGBoost,-0.3337785915732492,-1.5460727214813232
Q8TD19,NEK9,XGBoost,-1.9766871899930556,-0.3792423903942108
Q8TD19,NEK9,XGBoost,-1.6885482981880562,-2.8608009815216064
Q8TD19,NEK9,XGBoost,-1.2748575064143923,-0.9968295097351074
Q8TD19,NEK9,XGBoost,-0.175251215755165,-0.5663979053497314
Q8TD19,NEK9,XGBoost,2.294589344355107,2.510685920715332
Q8TD19,NEK9,XGBoost,-0.9700302436677752,-0.9968295097351074
Q8TD19,NEK9,XGBoost,0.3554595892590381,-0.3823380172252655
Q8TD19,NEK9,XGBoost,0.91851059729205,-0.5705007314682007
Q8TD19,NEK9,XGBoost,1.971817472429905,2.221256971359253
Q8TD19,NEK9,XGBoost,-2.174577554565166,-0.502540647983551
Q8TD19,NEK9,PLS,-5.000436205240553,-2.5764837050819183
Q8TD19,NEK9,PLS,2.047731583151804,0.8142975413994238
Q8TD19,NEK9,PLS,0.2013642435484308,-1.3228062629635597
Q8TD19,NEK9,PLS,-0.996581249446116,0.15235127991642589
Q8TD19,NEK9,PLS,0.7210126178578979,0.5123209760357301
Q8TD19,NEK9,PLS,1.2201017202561135,1.5275633432610092
Q8TD19,NEK9,PLS,-0.9711360302600742,-0.42431718390236994
Q8TD19,NEK9,PLS,-0.0153391980947093,-0.8628782895872682
Q8TD19,NEK9,PLS,-0.3337785915732492,0.014560361646174191
Q8TD19,NEK9,PLS,-1.9766871899930556,-0.40175418903323257
Q8TD19,NEK9,PLS,-1.6885482981880562,-0.9448395326455632
Q8TD19,NEK9,PLS,-1.2748575064143923,-1.3010335880902901
Q8TD19,NEK9,PLS,-0.175251215755165,0.20409897596773913
Q8TD19,NEK9,PLS,2.294589344355107,1.482046951915565
Q8TD19,NEK9,PLS,-0.9700302436677752,-1.2982071847657086
Q8TD19,NEK9,PLS,0.3554595892590381,0.5713546151409727
Q8TD19,NEK9,PLS,0.91851059729205,0.03460329327839637
Q8TD19,NEK9,PLS,1.971817472429905,1.4940206250123238
Q8TD19,NEK9,PLS,-2.174577554565166,-0.7359277220389113
Q8TD19,NEK9,SVR,-5.000436205240553,-2.5887493354165
Q8TD19,NEK9,SVR,2.047731583151804,0.9309133228440172
Q8TD19,NEK9,SVR,0.2013642435484308,-1.29517604308246
Q8TD19,NEK9,SVR,-0.996581249446116,0.4507956543659812
Q8TD19,NEK9,SVR,0.7210126178578979,0.5928221445274378
Q8TD19,NEK9,SVR,1.2201017202561135,1.5842985652916919
Q8TD19,NEK9,SVR,-0.9711360302600742,-0.39915097225953927
Q8TD19,NEK9,SVR,-0.0153391980947093,-0.9220308340089016
Q8TD19,NEK9,SVR,-0.3337785915732492,0.14344581854175237
Q8TD19,NEK9,SVR,-1.9766871899930556,-0.6784255177309038
Q8TD19,NEK9,SVR,-1.6885482981880562,-1.2018412709614419
Q8TD19,NEK9,SVR,-1.2748575064143923,-1.2815553740365395
Q8TD19,NEK9,SVR,-0.175251215755165,0.3383058608264862
Q8TD19,NEK9,SVR,2.294589344355107,1.5653600848580678
Q8TD19,NEK9,SVR,-0.9700302436677752,-1.2797872171840408
Q8TD19,NEK9,SVR,0.3554595892590381,0.6599783772771086
Q8TD19,NEK9,SVR,0.91851059729205,0.18367913172733202
Q8TD19,NEK9,SVR,1.971817472429905,1.7710297124636436
Q8TD19,NEK9,SVR,-2.174577554565166,-0.9280333551667144
Q8TD19,NEK9,Lasso,-5.000436205240553,-2.3242842508357864
Q8TD19,NEK9,Lasso,2.047731583151804,0.6899449082632785
Q8TD19,NEK9,Lasso,0.2013642435484308,-1.1639257936911858
Q8TD19,NEK9,Lasso,-0.996581249446116,0.09994332507505066
Q8TD19,NEK9,Lasso,0.7210126178578979,0.41380231223190306
Q8TD19,NEK9,Lasso,1.2201017202561135,1.3521254415704118
Q8TD19,NEK9,Lasso,-0.9711360302600742,-0.34159009961831477
Q8TD19,NEK9,Lasso,-0.0153391980947093,-0.9045960079132498
Q8TD19,NEK9,Lasso,-0.3337785915732492,-0.034987055797047945
Q8TD19,NEK9,Lasso,-1.9766871899930556,-0.4110472436333955
Q8TD19,NEK9,Lasso,-1.6885482981880562,-0.9523753749181303
Q8TD19,NEK9,Lasso,-1.2748575064143923,-1.1464148030489132
Q8TD19,NEK9,Lasso,-0.175251215755165,0.15129562230000237
Q8TD19,NEK9,Lasso,2.294589344355107,1.3183515923380098
Q8TD19,NEK9,Lasso,-0.9700302436677752,-1.1441416270401723
Q8TD19,NEK9,Lasso,0.3554595892590381,0.44310310971258743
Q8TD19,NEK9,Lasso,0.91851059729205,-0.022404586229842982
Q8TD19,NEK9,Lasso,1.971817472429905,1.4052173971468283
Q8TD19,NEK9,Lasso,-2.174577554565166,-0.6919201858318236
Q8TD19,NEK9,ElasticNet,-5.000436205240553,-2.381022342327906
Q8TD19,NEK9,ElasticNet,2.047731583151804,0.7323046686156722
Q8TD19,NEK9,ElasticNet,0.2013642435484308,-1.2183495987652297
Q8TD19,NEK9,ElasticNet,-0.996581249446116,0.13214803574859996
Q8TD19,NEK9,ElasticNet,0.7210126178578979,0.45208886729119085
Q8TD19,NEK9,ElasticNet,1.2201017202561135,1.3911101631656124
Q8TD19,NEK9,ElasticNet,-0.9711360302600742,-0.3886867606633081
Q8TD19,NEK9,ElasticNet,-0.0153391980947093,-0.8387961568433251
Q8TD19,NEK9,ElasticNet,-0.3337785915732492,-0.003962770244703567
Q8TD19,NEK9,ElasticNet,-1.9766871899930556,-0.402879132283955
Q8TD19,NEK9,ElasticNet,-1.6885482981880562,-0.9151152203171065
Q8TD19,NEK9,ElasticNet,-1.2748575064143923,-1.1991840286322093
Q8TD19,NEK9,ElasticNet,-0.175251215755165,0.17459822205584336
Q8TD19,NEK9,ElasticNet,2.294589344355107,1.352147211094205
Q8TD19,NEK9,ElasticNet,-0.9700302436677752,-1.1966960646380391
Q8TD19,NEK9,ElasticNet,0.3554595892590381,0.5005220226566234
Q8TD19,NEK9,ElasticNet,0.91851059729205,0.013839183858576631
Q8TD19,NEK9,ElasticNet,1.971817472429905,1.3903638077062939
Q8TD19,NEK9,ElasticNet,-2.174577554565166,-0.7017450978885336
Q8TD19,NEK9,GradientBoosting,-5.000436205240553,-3.305228089631767
Q8TD19,NEK9,GradientBoosting,2.047731583151804,1.6989680117194461
Q8TD19,NEK9,GradientBoosting,0.2013642435484308,-1.0740827159458015
Q8TD19,NEK9,GradientBoosting,-0.996581249446116,-0.5181842532767176
Q8TD19,NEK9,GradientBoosting,0.7210126178578979,-0.6698191422095673
Q8TD19,NEK9,GradientBoosting,1.2201017202561135,2.9094238683121207
Q8TD19,NEK9,GradientBoosting,-0.9711360302600742,0.5196365388739043
Q8TD19,NEK9,GradientBoosting,-0.0153391980947093,-2.939500577462403
Q8TD19,NEK9,GradientBoosting,-0.3337785915732492,-1.1326574101121594
Q8TD19,NEK9,GradientBoosting,-1.9766871899930556,-0.08876821863416115
Q8TD19,NEK9,GradientBoosting,-1.6885482981880562,-2.4160977696880344
Q8TD19,NEK9,GradientBoosting,-1.2748575064143923,-1.0740827159458015
Q8TD19,NEK9,GradientBoosting,-0.175251215755165,-1.2074236590696117
Q8TD19,NEK9,GradientBoosting,2.294589344355107,2.8589959239024436
Q8TD19,NEK9,GradientBoosting,-0.9700302436677752,-1.0740827159458015
Q8TD19,NEK9,GradientBoosting,0.3554595892590381,-0.3683113244606986
Q8TD19,NEK9,GradientBoosting,0.91851059729205,-0.9192314594028576
Q8TD19,NEK9,GradientBoosting,1.971817472429905,1.6572532224152934
Q8TD19,NEK9,GradientBoosting,-2.174577554565166,-0.4130010682306717
Q8TD19,NEK9,MLP,-5.000436205240553,-2.433072590588557
Q8TD19,NEK9,MLP,2.047731583151804,0.7275107905524674
Q8TD19,NEK9,MLP,0.2013642435484308,-1.2486950392165481
Q8TD19,NEK9,MLP,-0.996581249446116,0.13047860340676332
Q8TD19,NEK9,MLP,0.7210126178578979,0.4523284179448277
Q8TD19,NEK9,MLP,1.2201017202561135,1.3261669766579256
Q8TD19,NEK9,MLP,-0.9711360302600742,-0.4134671533212204
Q8TD19,NEK9,MLP,-0.0153391980947093,-0.8399902517987166
Q8TD19,NEK9,MLP,-0.3337785915732492,0.0013244516625972036
Q8TD19,NEK9,MLP,-1.9766871899930556,-0.5245959674763014
Q8TD19,NEK9,MLP,-1.6885482981880562,-1.0094007318038376
Q8TD19,NEK9,MLP,-1.2748575064143923,-1.2319977705540859
Q8TD19,NEK9,MLP,-0.175251215755165,0.18254709419180482
Q8TD19,NEK9,MLP,2.294589344355107,1.3261669766579256
Q8TD19,NEK9,MLP,-0.9700302436677752,-1.2298302272488326
Q8TD19,NEK9,MLP,0.3554595892590381,0.4903705690872632
Q8TD19,NEK9,MLP,0.91851059729205,0.015680693805815604
Q8TD19,NEK9,MLP,1.971817472429905,1.3261669766579256
Q8TD19,NEK9,MLP,-2.174577554565166,-0.7986231611817975
Q92630,DYRK2,RandomForest,1.247478401185893,-0.0940550423137646
Q92630,DYRK2,RandomForest,0.2892566411761009,0.2856908261948986
Q92630,DYRK2,RandomForest,-0.0246541577168814,-0.4469931345933224
Q92630,DYRK2,RandomForest,1.2736839372782152,-0.21667441701032356
Q92630,DYRK2,RandomForest,-2.241468369229265,0.4437152416927941
Q92630,DYRK2,RandomForest,0.55764030293545,0.04513659124503399
Q92630,DYRK2,RandomForest,-0.0755126608720584,-0.7210226998997765
Q92630,DYRK2,RandomForest,0.7173403252531676,0.24568109525806237
Q92630,DYRK2,RandomForest,1.3460619260349092,0.22857281220772868
Q92630,DYRK2,RandomForest,-0.4902573935372499,-0.672107204621953
Q92630,DYRK2,RandomForest,1.0959682113745548,0.3526745098357383
Q92630,DYRK2,RandomForest,-0.9414107010571074,-0.5079706803597072
Q92630,DYRK2,RandomForest,-0.6892319507865112,0.1518010987048986
Q92630,DYRK2,RandomForest,0.8837698933813102,-0.004405722370155902
Q92630,DYRK2,RandomForest,-0.1879657293427365,-0.5305504417176791
Q92630,DYRK2,RandomForest,0.6385119113158385,0.27716998487568584
Q92630,DYRK2,RandomForest,0.4107777640949022,-0.23184616114780743
Q92630,DYRK2,RandomForest,-0.4257498859126744,-0.20986183110686293
Q92630,DYRK2,RandomForest,-0.9991116411109154,-0.5859486301673005
Q92630,DYRK2,XGBoost,1.247478401185893,-0.26483291387557983
Q92630,DYRK2,XGBoost,0.2892566411761009,0.5378739833831787
Q92630,DYRK2,XGBoost,-0.0246541577168814,-1.0520100593566895
Q92630,DYRK2,XGBoost,1.2736839372782152,-0.5529066324234009
Q92630,DYRK2,XGBoost,-2.241468369229265,0.19797798991203308
Q92630,DYRK2,XGBoost,0.55764030293545,0.6539357304573059
Q92630,DYRK2,XGBoost,-0.0755126608720584,-0.924035906791687
Q92630,DYRK2,XGBoost,0.7173403252531676,0.28863149881362915
Q92630,DYRK2,XGBoost,1.3460619260349092,0.46175554394721985
Q92630,DYRK2,XGBoost,-0.4902573935372499,-0.5177238583564758
Q92630,DYRK2,XGBoost,1.0959682113745548,0.6173485517501831
Q92630,DYRK2,XGBoost,-0.9414107010571074,-0.7089130878448486
Q92630,DYRK2,XGBoost,-0.6892319507865112,0.14284417033195496
Q92630,DYRK2,XGBoost,0.8837698933813102,0.013074939139187336
Q92630,DYRK2,XGBoost,-0.1879657293427365,-0.9433697462081909
Q92630,DYRK2,XGBoost,0.6385119113158385,0.19477126002311707
Q92630,DYRK2,XGBoost,0.4107777640949022,-0.7340829372406006
Q92630,DYRK2,XGBoost,-0.4257498859126744,-0.44204071164131165
Q92630,DYRK2,XGBoost,-0.9991116411109154,-0.6019827723503113
Q92630,DYRK2,PLS,1.247478401185893,0.4378481221593893
Q92630,DYRK2,PLS,0.2892566411761009,-0.005795209660793735
Q92630,DYRK2,PLS,-0.0246541577168814,0.34149565385953107
Q92630,DYRK2,PLS,1.2736839372782152,0.9270486917971219
Q92630,DYRK2,PLS,-2.241468369229265,-0.04678426483992777
Q92630,DYRK2,PLS,0.55764030293545,-0.11235571450162538
Q92630,DYRK2,PLS,-0.0755126608720584,-0.10264990486912748
Q92630,DYRK2,PLS,0.7173403252531676,-0.04039330762934516
Q92630,DYRK2,PLS,1.3460619260349092,-0.1468555645848164
Q92630,DYRK2,PLS,-0.4902573935372499,-0.30951486855382176
Q92630,DYRK2,PLS,1.0959682113745548,-0.028300708255169116
Q92630,DYRK2,PLS,-0.9414107010571074,1.039680159972392
Q92630,DYRK2,PLS,-0.6892319507865112,-0.02535116189567166
Q92630,DYRK2,PLS,0.8837698933813102,0.0851220186631838
Q92630,DYRK2,PLS,-0.1879657293427365,-0.29501206104656424
Q92630,DYRK2,PLS,0.6385119113158385,0.0018816453184069687
Q92630,DYRK2,PLS,0.4107777640949022,-0.32323501768038637
Q92630,DYRK2,PLS,-0.4257498859126744,0.5235185843749584
Q92630,DYRK2,PLS,-0.9991116411109154,0.06632790736929077
Q92630,DYRK2,SVR,1.247478401185893,0.6344758508613915
Q92630,DYRK2,SVR,0.2892566411761009,0.07295634756716046
Q92630,DYRK2,SVR,-0.0246541577168814,0.4090095658849882
Q92630,DYRK2,SVR,1.2736839372782152,1.2040162641240986
Q92630,DYRK2,SVR,-2.241468369229265,-0.006058251229317246
Q92630,DYRK2,SVR,0.55764030293545,-0.015516056586816152
Q92630,DYRK2,SVR,-0.0755126608720584,0.3353188002470298
Q92630,DYRK2,SVR,0.7173403252531676,0.0008147708740821324
Q92630,DYRK2,SVR,1.3460619260349092,-0.133388286699693
Q92630,DYRK2,SVR,-0.4902573935372499,-0.12163271768849454
Q92630,DYRK2,SVR,1.0959682113745548,0.004158085750188167
Q92630,DYRK2,SVR,-0.9414107010571074,1.2878379757482181
Q92630,DYRK2,SVR,-0.6892319507865112,0.05677195908527588
Q92630,DYRK2,SVR,0.8837698933813102,0.30592207869963867
Q92630,DYRK2,SVR,-0.1879657293427365,-0.26575295729975384
Q92630,DYRK2,SVR,0.6385119113158385,0.04160789806688697
Q92630,DYRK2,SVR,0.4107777640949022,-0.331633596734022
Q92630,DYRK2,SVR,-0.4257498859126744,0.740170666797054
Q92630,DYRK2,SVR,-0.9991116411109154,0.2176681070961219
Q92630,DYRK2,Lasso,1.247478401185893,0.28168592594851155
Q92630,DYRK2,Lasso,0.2892566411761009,0.05320631566968207
Q92630,DYRK2,Lasso,-0.0246541577168814,0.19998761153520536
Q92630,DYRK2,Lasso,1.2736839372782152,0.4525392478363799
Q92630,DYRK2,Lasso,-2.241468369229265,0.017942320531223563
Q92630,DYRK2,Lasso,0.55764030293545,0.02556267106968533
Q92630,DYRK2,Lasso,-0.0755126608720584,0.040564010813326404
Q92630,DYRK2,Lasso,0.7173403252531676,-0.00399926719811447
Q92630,DYRK2,Lasso,1.3460619260349092,-0.037826479233256216
Q92630,DYRK2,Lasso,-0.4902573935372499,-0.034357425276075035
Q92630,DYRK2,Lasso,1.0959682113745548,-0.025373644389224903
Q92630,DYRK2,Lasso,-0.9414107010571074,0.5295002869258827
Q92630,DYRK2,Lasso,-0.6892319507865112,0.0393685663674269
Q92630,DYRK2,Lasso,0.8837698933813102,0.17210112330091187
Q92630,DYRK2,Lasso,-0.1879657293427365,-0.0714867851689731
Q92630,DYRK2,Lasso,0.6385119113158385,0.0231514384102494
Q92630,DYRK2,Lasso,0.4107777640949022,-0.13079936961988453
Q92630,DYRK2,Lasso,-0.4257498859126744,0.320409764747707
Q92630,DYRK2,Lasso,-0.9991116411109154,0.018777829166866863
Q92630,DYRK2,ElasticNet,1.247478401185893,0.3547655793016803
Q92630,DYRK2,ElasticNet,0.2892566411761009,0.03463971982600503
Q92630,DYRK2,ElasticNet,-0.0246541577168814,0.23155335520536718
Q92630,DYRK2,ElasticNet,1.2736839372782152,0.6430836598072213
Q92630,DYRK2,ElasticNet,-2.241468369229265,-0.01241532571000424
Q92630,DYRK2,ElasticNet,0.55764030293545,-0.01056832662739346
Q92630,DYRK2,ElasticNet,-0.0755126608720584,0.11578246026810117
Q92630,DYRK2,ElasticNet,0.7173403252531676,-0.02316339031318411
Q92630,DYRK2,ElasticNet,1.3460619260349092,-0.08735690034207301
Q92630,DYRK2,ElasticNet,-0.4902573935372499,-0.0801227814566799
Q92630,DYRK2,ElasticNet,1.0959682113745548,-0.034801324032165945
Q92630,DYRK2,ElasticNet,-0.9414107010571074,0.7159113410157607
Q92630,DYRK2,ElasticNet,-0.6892319507865112,0.021166955633924414
Q92630,DYRK2,ElasticNet,0.8837698933813102,0.1824473258021746
Q92630,DYRK2,ElasticNet,-0.1879657293427365,-0.15051772990079004
Q92630,DYRK2,ElasticNet,0.6385119113158385,0.00626934190864295
Q92630,DYRK2,ElasticNet,0.4107777640949022,-0.2075204733621917
Q92630,DYRK2,ElasticNet,-0.4257498859126744,0.4124684722136698
Q92630,DYRK2,ElasticNet,-0.9991116411109154,0.06216938836292671
Q92630,DYRK2,GradientBoosting,1.247478401185893,-0.050718176524832174
Q92630,DYRK2,GradientBoosting,0.2892566411761009,0.40971614000307865
Q92630,DYRK2,GradientBoosting,-0.0246541577168814,-0.8275030887979198
Q92630,DYRK2,GradientBoosting,1.2736839372782152,-0.40114351527076547
Q92630,DYRK2,GradientBoosting,-2.241468369229265,0.2969195123058798
Q92630,DYRK2,GradientBoosting,0.55764030293545,0.3837118473958937
Q92630,DYRK2,GradientBoosting,-0.0755126608720584,-1.2390416423449926
Q92630,DYRK2,GradientBoosting,0.7173403252531676,0.16257482884426466
Q92630,DYRK2,GradientBoosting,1.3460619260349092,0.5471943428463684
Q92630,DYRK2,GradientBoosting,-0.4902573935372499,-0.9383673306634014
Q92630,DYRK2,GradientBoosting,1.0959682113745548,0.7905892696377432
Q92630,DYRK2,GradientBoosting,-0.9414107010571074,-0.6257053683385652
Q92630,DYRK2,GradientBoosting,-0.6892319507865112,0.036574306044098615
Q92630,DYRK2,GradientBoosting,0.8837698933813102,-0.4566173037142353
Q92630,DYRK2,GradientBoosting,-0.1879657293427365,-0.1249053076733424
Q92630,DYRK2,GradientBoosting,0.6385119113158385,0.237985006495178
Q92630,DYRK2,GradientBoosting,0.4107777640949022,-0.5278708293405748
Q92630,DYRK2,GradientBoosting,-0.4257498859126744,-0.25783633269579925
Q92630,DYRK2,GradientBoosting,-0.9991116411109154,-0.8343556529547332
Q92630,DYRK2,MLP,1.247478401185893,-0.0646929773001918
Q92630,DYRK2,MLP,0.2892566411761009,-0.0646929773001918
Q92630,DYRK2,MLP,-0.0246541577168814,-0.0646929773001918
Q92630,DYRK2,MLP,1.2736839372782152,-0.0646929773001918
Q92630,DYRK2,MLP,-2.241468369229265,-0.03711640914755248
Q92630,DYRK2,MLP,0.55764030293545,-0.0646929773001918
Q92630,DYRK2,MLP,-0.0755126608720584,-0.0646929773001918
Q92630,DYRK2,MLP,0.7173403252531676,0.030951061819860515
Q92630,DYRK2,MLP,1.3460619260349092,0.02128002047659526
Q92630,DYRK2,MLP,-0.4902573935372499,-0.0646929773001918
Q92630,DYRK2,MLP,1.0959682113745548,0.021857067615811784
Q92630,DYRK2,MLP,-0.9414107010571074,-0.0646929773001918
Q92630,DYRK2,MLP,-0.6892319507865112,-0.0646929773001918
Q92630,DYRK2,MLP,0.8837698933813102,-0.0646929773001918
Q92630,DYRK2,MLP,-0.1879657293427365,-0.0646929773001918
Q92630,DYRK2,MLP,0.6385119113158385,0.0076449511140801035
Q92630,DYRK2,MLP,0.4107777640949022,0.08665411798766945
Q92630,DYRK2,MLP,-0.4257498859126744,-0.0646929773001918
Q92630,DYRK2,MLP,-0.9991116411109154,-0.0026548287514505386
Q96GX5,MASTL,RandomForest,0.8861650202961059,0.4878343051304427
Q96GX5,MASTL,RandomForest,0.0409749201140168,-0.009085120381090937
Q96GX5,MASTL,RandomForest,0.2214829828497779,0.3894839107553911
Q96GX5,MASTL,RandomForest,-0.2805212641440924,0.004391909711026849
Q96GX5,MASTL,RandomForest,0.1424001800895891,0.10220249810418236
Q96GX5,MASTL,RandomForest,-0.0377692525881602,0.03975308254427162
Q96GX5,MASTL,RandomForest,-0.0415425740894272,0.28782560348778047
Q96GX5,MASTL,RandomForest,0.5935577896713045,0.4977943310688835
Q96GX5,MASTL,RandomForest,0.2707049445807621,0.5291719175119944
Q96GX5,MASTL,RandomForest,-0.1802917083303182,0.23033837158618253
Q96GX5,MASTL,RandomForest,-0.2203413692460652,0.4379747243652523
Q96GX5,MASTL,RandomForest,0.2583612027029052,0.450907025408662
Q96GX5,MASTL,RandomForest,0.642483628672069,0.2962386284986867
Q96GX5,MASTL,RandomForest,-0.0860525468010344,0.0723128992949896
Q96GX5,MASTL,RandomForest,0.668573516581605,0.311381183509592
Q96GX5,MASTL,RandomForest,0.0053398383902663,0.5578467606130119
Q96GX5,MASTL,RandomForest,0.085942012072181,0.31423780752211006
Q96GX5,MASTL,RandomForest,0.0525757759877642,0.12626670285285427
Q96GX5,MASTL,RandomForest,-0.4879401595229816,-0.1489429387995384
Q96GX5,MASTL,XGBoost,0.8861650202961059,0.35804298520088196
Q96GX5,MASTL,XGBoost,0.0409749201140168,-0.4419037997722626
Q96GX5,MASTL,XGBoost,0.2214829828497779,0.4630758464336395
Q96GX5,MASTL,XGBoost,-0.2805212641440924,-0.08399473130702972
Q96GX5,MASTL,XGBoost,0.1424001800895891,-0.07599053531885147
Q96GX5,MASTL,XGBoost,-0.0377692525881602,-0.12597568333148956
Q96GX5,MASTL,XGBoost,-0.0415425740894272,0.07495452463626862
Q96GX5,MASTL,XGBoost,0.5935577896713045,0.40478312969207764
Q96GX5,MASTL,XGBoost,0.2707049445807621,0.39628806710243225
Q96GX5,MASTL,XGBoost,-0.1802917083303182,0.4243943691253662
Q96GX5,MASTL,XGBoost,-0.2203413692460652,0.38020041584968567
Q96GX5,MASTL,XGBoost,0.2583612027029052,0.4360995888710022
Q96GX5,MASTL,XGBoost,0.642483628672069,0.38479915261268616
Q96GX5,MASTL,XGBoost,-0.0860525468010344,0.030546193942427635
Q96GX5,MASTL,XGBoost,0.668573516581605,0.024629220366477966
Q96GX5,MASTL,XGBoost,0.0053398383902663,0.8697749376296997
Q96GX5,MASTL,XGBoost,0.085942012072181,0.48435428738594055
Q96GX5,MASTL,XGBoost,0.0525757759877642,0.43042439222335815
Q96GX5,MASTL,XGBoost,-0.4879401595229816,-0.15653802454471588
Q96GX5,MASTL,PLS,0.8861650202961059,0.4557232126951911
Q96GX5,MASTL,PLS,0.0409749201140168,0.15691577283880914
Q96GX5,MASTL,PLS,0.2214829828497779,0.258819230338377
Q96GX5,MASTL,PLS,-0.2805212641440924,0.15743468300794924
Q96GX5,MASTL,PLS,0.1424001800895891,0.23226317591575915
Q96GX5,MASTL,PLS,-0.0377692525881602,0.0056604305768683805
Q96GX5,MASTL,PLS,-0.0415425740894272,0.2527787445790012
Q96GX5,MASTL,PLS,0.5935577896713045,0.3675995510738089
Q96GX5,MASTL,PLS,0.2707049445807621,0.4244543918700385
Q96GX5,MASTL,PLS,-0.1802917083303182,0.12108949319330359
Q96GX5,MASTL,PLS,-0.2203413692460652,0.37363674302411204
Q96GX5,MASTL,PLS,0.2583612027029052,0.44787088518647544
Q96GX5,MASTL,PLS,0.642483628672069,0.30031261309231905
Q96GX5,MASTL,PLS,-0.0860525468010344,0.032728118276939666
Q96GX5,MASTL,PLS,0.668573516581605,0.3039164250382651
Q96GX5,MASTL,PLS,0.0053398383902663,0.3812908211149122
Q96GX5,MASTL,PLS,0.085942012072181,0.24227079329492812
Q96GX5,MASTL,PLS,0.0525757759877642,0.13117861845186615
Q96GX5,MASTL,PLS,-0.4879401595229816,0.15427689393949448
Q96GX5,MASTL,SVR,0.8861650202961059,0.29014856183684046
Q96GX5,MASTL,SVR,0.0409749201140168,0.16416719939588245
Q96GX5,MASTL,SVR,0.2214829828497779,0.18689484555904468
Q96GX5,MASTL,SVR,-0.2805212641440924,0.08967336220432934
Q96GX5,MASTL,SVR,0.1424001800895891,0.21068583449803643
Q96GX5,MASTL,SVR,-0.0377692525881602,0.0046770147928872075
Q96GX5,MASTL,SVR,-0.0415425740894272,0.25772931697051893
Q96GX5,MASTL,SVR,0.5935577896713045,0.2758477631796634
Q96GX5,MASTL,SVR,0.2707049445807621,0.3701759181917783
Q96GX5,MASTL,SVR,-0.1802917083303182,-0.001723396319475795
Q96GX5,MASTL,SVR,-0.2203413692460652,0.34920936324743623
Q96GX5,MASTL,SVR,0.2583612027029052,0.40801449429389325
Q96GX5,MASTL,SVR,0.642483628672069,0.21605677555769678
Q96GX5,MASTL,SVR,-0.0860525468010344,0.021499257573123903
Q96GX5,MASTL,SVR,0.668573516581605,0.18138686124922415
Q96GX5,MASTL,SVR,0.0053398383902663,0.4689804400934021
Q96GX5,MASTL,SVR,0.085942012072181,0.21179446605146537
Q96GX5,MASTL,SVR,0.0525757759877642,0.045902147629993145
Q96GX5,MASTL,SVR,-0.4879401595229816,0.11305266958012541
Q96GX5,MASTL,Lasso,0.8861650202961059,0.2752250554510752
Q96GX5,MASTL,Lasso,0.0409749201140168,0.20540263288102886
Q96GX5,MASTL,Lasso,0.2214829828497779,0.2752250554510752
Q96GX5,MASTL,Lasso,-0.2805212641440924,0.22957491130151114
Q96GX5,MASTL,Lasso,0.1424001800895891,0.2679045368994354
Q96GX5,MASTL,Lasso,-0.0377692525881602,0.17143497580233877
Q96GX5,MASTL,Lasso,-0.0415425740894272,0.2112517804926426
Q96GX5,MASTL,Lasso,0.5935577896713045,0.27982449059014136
Q96GX5,MASTL,Lasso,0.2707049445807621,0.32183548557448133
Q96GX5,MASTL,Lasso,-0.1802917083303182,0.23036099047600947
Q96GX5,MASTL,Lasso,-0.2203413692460652,0.2765957487581828
Q96GX5,MASTL,Lasso,0.2583612027029052,0.28807422530620125
Q96GX5,MASTL,Lasso,0.642483628672069,0.28319262556650726
Q96GX5,MASTL,Lasso,-0.0860525468010344,0.19389089892721045
Q96GX5,MASTL,Lasso,0.668573516581605,0.24005451004723538
Q96GX5,MASTL,Lasso,0.0053398383902663,0.2770048821833375
Q96GX5,MASTL,Lasso,0.085942012072181,0.27944614545105356
Q96GX5,MASTL,Lasso,0.0525757759877642,0.17628212471096283
Q96GX5,MASTL,Lasso,-0.4879401595229816,0.20861035582390192
Q96GX5,MASTL,ElasticNet,0.8861650202961059,0.3491623328709108
Q96GX5,MASTL,ElasticNet,0.0409749201140168,0.16669911931745984
Q96GX5,MASTL,ElasticNet,0.2214829828497779,0.2817996252717044
Q96GX5,MASTL,ElasticNet,-0.2805212641440924,0.20962788287009287
Q96GX5,MASTL,ElasticNet,0.1424001800895891,0.26181005744781627
Q96GX5,MASTL,ElasticNet,-0.0377692525881602,0.09823190524611466
Q96GX5,MASTL,ElasticNet,-0.0415425740894272,0.21247849218846065
Q96GX5,MASTL,ElasticNet,0.5935577896713045,0.31140163911108426
Q96GX5,MASTL,ElasticNet,0.2707049445807621,0.36852625223864866
Q96GX5,MASTL,ElasticNet,-0.1802917083303182,0.20652471228041858
Q96GX5,MASTL,ElasticNet,-0.2203413692460652,0.3104598020992804
Q96GX5,MASTL,ElasticNet,0.2583612027029052,0.3370308451364898
Q96GX5,MASTL,ElasticNet,0.642483628672069,0.3018369170979496
Q96GX5,MASTL,ElasticNet,-0.0860525468010344,0.12876759699430082
Q96GX5,MASTL,ElasticNet,0.668573516581605,0.26486661793361493
Q96GX5,MASTL,ElasticNet,0.0053398383902663,0.2994516048354754
Q96GX5,MASTL,ElasticNet,0.085942012072181,0.27589806193520056
Q96GX5,MASTL,ElasticNet,0.0525757759877642,0.14095422746728709
Q96GX5,MASTL,ElasticNet,-0.4879401595229816,0.1790506355993444
Q96GX5,MASTL,GradientBoosting,0.8861650202961059,0.5758129380185877
Q96GX5,MASTL,GradientBoosting,0.0409749201140168,-0.023209832209174903
Q96GX5,MASTL,GradientBoosting,0.2214829828497779,0.4055882309035969
Q96GX5,MASTL,GradientBoosting,-0.2805212641440924,-0.013492707642650467
Q96GX5,MASTL,GradientBoosting,0.1424001800895891,0.1532884147852043
Q96GX5,MASTL,GradientBoosting,-0.0377692525881602,-0.05480730341114448
Q96GX5,MASTL,GradientBoosting,-0.0415425740894272,0.3497902154006749
Q96GX5,MASTL,GradientBoosting,0.5935577896713045,0.8395156012227067
Q96GX5,MASTL,GradientBoosting,0.2707049445807621,0.4971931888679599
Q96GX5,MASTL,GradientBoosting,-0.1802917083303182,0.4998623668326009
Q96GX5,MASTL,GradientBoosting,-0.2203413692460652,0.5019691949612058
Q96GX5,MASTL,GradientBoosting,0.2583612027029052,0.5136256233025457
Q96GX5,MASTL,GradientBoosting,0.642483628672069,0.3915864318033739
Q96GX5,MASTL,GradientBoosting,-0.0860525468010344,-0.059140256780704746
Q96GX5,MASTL,GradientBoosting,0.668573516581605,0.22602943814940918
Q96GX5,MASTL,GradientBoosting,0.0053398383902663,0.5969756793263535
Q96GX5,MASTL,GradientBoosting,0.085942012072181,0.3434133539538404
Q96GX5,MASTL,GradientBoosting,0.0525757759877642,0.3585565529328564
Q96GX5,MASTL,GradientBoosting,-0.4879401595229816,-0.16051324120899413
Q96GX5,MASTL,MLP,0.8861650202961059,0.4608865577919323
Q96GX5,MASTL,MLP,0.0409749201140168,0.4829355014205221
Q96GX5,MASTL,MLP,0.2214829828497779,0.36845316662643457
Q96GX5,MASTL,MLP,-0.2805212641440924,0.22125057533824455
Q96GX5,MASTL,MLP,0.1424001800895891,0.42296769501394693
Q96GX5,MASTL,MLP,-0.0377692525881602,-0.07143547121244553
Q96GX5,MASTL,MLP,-0.0415425740894272,0.8785540572508352
Q96GX5,MASTL,MLP,0.5935577896713045,0.3230059937523603
Q96GX5,MASTL,MLP,0.2707049445807621,0.5081335036469599
Q96GX5,MASTL,MLP,-0.1802917083303182,-0.0929317351438601
Q96GX5,MASTL,MLP,-0.2203413692460652,0.6282610411850491
Q96GX5,MASTL,MLP,0.2583612027029052,0.9897224898269701
Q96GX5,MASTL,MLP,0.642483628672069,0.4413542126216661
Q96GX5,MASTL,MLP,-0.0860525468010344,-0.22127627479241901
Q96GX5,MASTL,MLP,0.668573516581605,0.5115792117395108
Q96GX5,MASTL,MLP,0.0053398383902663,0.641280050715187
Q96GX5,MASTL,MLP,0.085942012072181,0.3872711773734383
Q96GX5,MASTL,MLP,0.0525757759877642,0.2921547419820667
Q96GX5,MASTL,MLP,-0.4879401595229816,0.6161089853773885
Q96Q15,SMG1,RandomForest,-0.1397311382680172,0.20993483653485792
Q96Q15,SMG1,RandomForest,0.0283857734915824,0.0016225176003708333
Q96Q15,SMG1,RandomForest,0.1827892551930273,-1.242232950587509
Q96Q15,SMG1,RandomForest,-0.18101585041895,-0.291748356241034
Q96Q15,SMG1,RandomForest,0.1206574615572127,0.06914332561200855
Q96Q15,SMG1,RandomForest,0.2189718389007231,-0.37266090145098735
Q96Q15,SMG1,RandomForest,-1.1220655399731252,-0.390151431769341
Q96Q15,SMG1,RandomForest,-0.0791896129898703,0.08106050003311434
Q96Q15,SMG1,RandomForest,-0.3792121933233568,-0.11943928879655828
Q96Q15,SMG1,RandomForest,-1.3161014531645745,-0.1807839614531221
Q96Q15,SMG1,RandomForest,-0.4102684730363048,0.09053125680473446
Q96Q15,SMG1,RandomForest,-0.1495319135571048,-1.0698209899479307
Q96Q15,SMG1,RandomForest,-0.1215331022418441,-0.09801939782565572
Q96Q15,SMG1,RandomForest,-0.0469633477998785,-0.7726044133127593
Q96Q15,SMG1,RandomForest,-0.043752474389873,0.15497776943211236
Q96Q15,SMG1,RandomForest,-0.0350651154965974,-0.4463679501691235
Q96Q15,SMG1,RandomForest,0.0228678344293879,-0.6198634825653617
Q96Q15,SMG1,RandomForest,-1.2586339508197537,-0.051618827780963356
Q96Q15,SMG1,RandomForest,-0.2970834429245311,-0.20748472047717104
Q96Q15,SMG1,XGBoost,-0.1397311382680172,0.2827710509300232
Q96Q15,SMG1,XGBoost,0.0283857734915824,0.065638966858387
Q96Q15,SMG1,XGBoost,0.1827892551930273,-2.262521505355835
Q96Q15,SMG1,XGBoost,-0.18101585041895,-0.5349000692367554
Q96Q15,SMG1,XGBoost,0.1206574615572127,0.2823835611343384
Q96Q15,SMG1,XGBoost,0.2189718389007231,-0.02799956314265728
Q96Q15,SMG1,XGBoost,-1.1220655399731252,-0.5753494501113892
Q96Q15,SMG1,XGBoost,-0.0791896129898703,0.2823835611343384
Q96Q15,SMG1,XGBoost,-0.3792121933233568,-0.03437183052301407
Q96Q15,SMG1,XGBoost,-1.3161014531645745,-0.34787020087242126
Q96Q15,SMG1,XGBoost,-0.4102684730363048,0.13266433775424957
Q96Q15,SMG1,XGBoost,-0.1495319135571048,-2.1801908016204834
Q96Q15,SMG1,XGBoost,-0.1215331022418441,-0.03471635654568672
Q96Q15,SMG1,XGBoost,-0.0469633477998785,-2.204773426055908
Q96Q15,SMG1,XGBoost,-0.043752474389873,0.24533461034297943
Q96Q15,SMG1,XGBoost,-0.0350651154965974,-0.7406886219978333
Q96Q15,SMG1,XGBoost,0.0228678344293879,-1.1372380256652832
Q96Q15,SMG1,XGBoost,-1.2586339508197537,-0.1030149906873703
Q96Q15,SMG1,XGBoost,-0.2970834429245311,-0.16101491451263428
Q96Q15,SMG1,PLS,-0.1397311382680172,-0.22315945755233452
Q96Q15,SMG1,PLS,0.0283857734915824,-0.23434997063784857
Q96Q15,SMG1,PLS,0.1827892551930273,-0.2585375372898541
Q96Q15,SMG1,PLS,-0.18101585041895,0.07115645825402436
Q96Q15,SMG1,PLS,0.1206574615572127,-0.21966270266653368
Q96Q15,SMG1,PLS,0.2189718389007231,-0.35116958229708245
Q96Q15,SMG1,PLS,-1.1220655399731252,0.050987434732437636
Q96Q15,SMG1,PLS,-0.0791896129898703,-0.22538420055486774
Q96Q15,SMG1,PLS,-0.3792121933233568,-0.248677223976524
Q96Q15,SMG1,PLS,-1.3161014531645745,-0.19980490471774842
Q96Q15,SMG1,PLS,-0.4102684730363048,-0.014827165462236891
Q96Q15,SMG1,PLS,-0.1495319135571048,-0.1310257293495341
Q96Q15,SMG1,PLS,-0.1215331022418441,-0.268671804802846
Q96Q15,SMG1,PLS,-0.0469633477998785,-0.2784270170040094
Q96Q15,SMG1,PLS,-0.043752474389873,-0.2071180130563241
Q96Q15,SMG1,PLS,-0.0350651154965974,-0.1407886208136558
Q96Q15,SMG1,PLS,0.0228678344293879,-0.0642032240648201
Q96Q15,SMG1,PLS,-1.2586339508197537,-0.25776109892679355
Q96Q15,SMG1,PLS,-0.2970834429245311,-0.1540086922599661
Q96Q15,SMG1,SVR,-0.1397311382680172,-0.07056666457824784
Q96Q15,SMG1,SVR,0.0283857734915824,-0.039857413876281056
Q96Q15,SMG1,SVR,0.1827892551930273,-0.046130397356190636
Q96Q15,SMG1,SVR,-0.18101585041895,-0.14507809546890366
Q96Q15,SMG1,SVR,0.1206574615572127,-0.059523682454759114
Q96Q15,SMG1,SVR,0.2189718389007231,-0.08839783878091874
Q96Q15,SMG1,SVR,-1.1220655399731252,-0.05275880744214452
Q96Q15,SMG1,SVR,-0.0791896129898703,-0.06299050125067672
Q96Q15,SMG1,SVR,-0.3792121933233568,-0.06058428553451205
Q96Q15,SMG1,SVR,-1.3161014531645745,-0.1143841849064423
Q96Q15,SMG1,SVR,-0.4102684730363048,0.11430223722268255
Q96Q15,SMG1,SVR,-0.1495319135571048,-0.047256843932693374
Q96Q15,SMG1,SVR,-0.1215331022418441,-0.06496993049798468
Q96Q15,SMG1,SVR,-0.0469633477998785,-0.035853808999605455
Q96Q15,SMG1,SVR,-0.043752474389873,-0.08872187016034144
Q96Q15,SMG1,SVR,-0.0350651154965974,0.03544221991980433
Q96Q15,SMG1,SVR,0.0228678344293879,0.12131418488012084
Q96Q15,SMG1,SVR,-1.2586339508197537,-0.11222400468178896
Q96Q15,SMG1,SVR,-0.2970834429245311,0.041275418645245435
Q96Q15,SMG1,Lasso,-0.1397311382680172,-0.20447608337271486
Q96Q15,SMG1,Lasso,0.0283857734915824,-0.22456888093822755
Q96Q15,SMG1,Lasso,0.1827892551930273,-0.24629042530770845
Q96Q15,SMG1,Lasso,-0.18101585041895,-0.14927447202602404
Q96Q15,SMG1,Lasso,0.1206574615572127,-0.20186407321818312
Q96Q15,SMG1,Lasso,0.2189718389007231,-0.2665716920081441
Q96Q15,SMG1,Lasso,-1.1220655399731252,-0.11577805550466802
Q96Q15,SMG1,Lasso,-0.0791896129898703,-0.20409109327514305
Q96Q15,SMG1,Lasso,-0.3792121933233568,-0.21084190943976366
Q96Q15,SMG1,Lasso,-1.3161014531645745,-0.18682646045804635
Q96Q15,SMG1,Lasso,-0.4102684730363048,-0.18699767022523908
Q96Q15,SMG1,Lasso,-0.1495319135571048,-0.21452611133735536
Q96Q15,SMG1,Lasso,-0.1215331022418441,-0.21754104809169741
Q96Q15,SMG1,Lasso,-0.0469633477998785,-0.24227298147337664
Q96Q15,SMG1,Lasso,-0.043752474389873,-0.20213953769767423
Q96Q15,SMG1,Lasso,-0.0350651154965974,-0.20918587675465997
Q96Q15,SMG1,Lasso,0.0228678344293879,-0.23244478975462457
Q96Q15,SMG1,Lasso,-1.2586339508197537,-0.24354783479355774
Q96Q15,SMG1,Lasso,-0.2970834429245311,-0.16775600957737036
Q96Q15,SMG1,ElasticNet,-0.1397311382680172,-0.1946832437347679
Q96Q15,SMG1,ElasticNet,0.0283857734915824,-0.23083799405314603
Q96Q15,SMG1,ElasticNet,0.1827892551930273,-0.2699234927572243
Q96Q15,SMG1,ElasticNet,-0.18101585041895,-0.09535409512296128
Q96Q15,SMG1,ElasticNet,0.1206574615572127,-0.18998322251282246
Q96Q15,SMG1,ElasticNet,0.2189718389007231,-0.30641737228315274
Q96Q15,SMG1,ElasticNet,-1.1220655399731252,-0.03508102603233951
Q96Q15,SMG1,ElasticNet,-0.0791896129898703,-0.19399049695287385
Q96Q15,SMG1,ElasticNet,-0.3792121933233568,-0.2061378384109921
Q96Q15,SMG1,ElasticNet,-1.3161014531645745,-0.16292471396245625
Q96Q15,SMG1,ElasticNet,-0.4102684730363048,-0.16323278686095324
Q96Q15,SMG1,ElasticNet,-0.1495319135571048,-0.2127671492023649
Q96Q15,SMG1,ElasticNet,-0.1215331022418441,-0.21819219194335351
Q96Q15,SMG1,ElasticNet,-0.0469633477998785,-0.2626945502331788
Q96Q15,SMG1,ElasticNet,-0.043752474389873,-0.19047889014920363
Q96Q15,SMG1,ElasticNet,-0.0350651154965974,-0.20315799212260047
Q96Q15,SMG1,ElasticNet,0.0228678344293879,-0.24500981437128305
Q96Q15,SMG1,ElasticNet,-1.2586339508197537,-0.2649885067284562
Q96Q15,SMG1,ElasticNet,-0.2970834429245311,-0.12860956258536915
Q96Q15,SMG1,GradientBoosting,-0.1397311382680172,0.22966809368146351
Q96Q15,SMG1,GradientBoosting,0.0283857734915824,-0.11217165162187409
Q96Q15,SMG1,GradientBoosting,0.1827892551930273,-1.515243297630811
Q96Q15,SMG1,GradientBoosting,-0.18101585041895,-0.29520607254866915
Q96Q15,SMG1,GradientBoosting,0.1206574615572127,0.24844356051562716
Q96Q15,SMG1,GradientBoosting,0.2189718389007231,-0.03597839304240683
Q96Q15,SMG1,GradientBoosting,-1.1220655399731252,-0.599365874610054
Q96Q15,SMG1,GradientBoosting,-0.0791896129898703,0.22966809368146351
Q96Q15,SMG1,GradientBoosting,-0.3792121933233568,0.03320784373572136
Q96Q15,SMG1,GradientBoosting,-1.3161014531645745,-0.1404100318603537
Q96Q15,SMG1,GradientBoosting,-0.4102684730363048,0.193490093224897
Q96Q15,SMG1,GradientBoosting,-0.1495319135571048,-2.2935990631734895
Q96Q15,SMG1,GradientBoosting,-0.1215331022418441,-0.057466329383347024
Q96Q15,SMG1,GradientBoosting,-0.0469633477998785,-0.6011430418331468
Q96Q15,SMG1,GradientBoosting,-0.043752474389873,0.20834327666395755
Q96Q15,SMG1,GradientBoosting,-0.0350651154965974,-0.8001948612841581
Q96Q15,SMG1,GradientBoosting,0.0228678344293879,-0.474347836415357
Q96Q15,SMG1,GradientBoosting,-1.2586339508197537,-0.024577205829974403
Q96Q15,SMG1,GradientBoosting,-0.2970834429245311,-0.054095344691710526
Q96Q15,SMG1,MLP,-0.1397311382680172,-0.20835960222444405
Q96Q15,SMG1,MLP,0.0283857734915824,-0.20835960222444405
Q96Q15,SMG1,MLP,0.1827892551930273,-0.20835960222444405
Q96Q15,SMG1,MLP,-0.18101585041895,-0.20835960222444405
Q96Q15,SMG1,MLP,0.1206574615572127,-0.20835960222444405
Q96Q15,SMG1,MLP,0.2189718389007231,-0.22145198606426753
Q96Q15,SMG1,MLP,-1.1220655399731252,-0.20835960222444405
Q96Q15,SMG1,MLP,-0.0791896129898703,-0.20835960222444405
Q96Q15,SMG1,MLP,-0.3792121933233568,-0.20835960222444405
Q96Q15,SMG1,MLP,-1.3161014531645745,-0.22139669751830843
Q96Q15,SMG1,MLP,-0.4102684730363048,-0.20835960222444405
Q96Q15,SMG1,MLP,-0.1495319135571048,-0.20835960222444405
Q96Q15,SMG1,MLP,-0.1215331022418441,-0.21762073162554452
Q96Q15,SMG1,MLP,-0.0469633477998785,-0.20835960222444405
Q96Q15,SMG1,MLP,-0.043752474389873,-0.20835960222444405
Q96Q15,SMG1,MLP,-0.0350651154965974,-0.20835960222444405
Q96Q15,SMG1,MLP,0.0228678344293879,-0.20835960222444405
Q96Q15,SMG1,MLP,-1.2586339508197537,-0.20273281860755563
Q96Q15,SMG1,MLP,-0.2970834429245311,-0.20835960222444405
Q96QT4,TRPM7,RandomForest,0.6858076320558707,0.7319059736932649
Q96QT4,TRPM7,RandomForest,0.0313349299763142,0.23506364379504968
Q96QT4,TRPM7,RandomForest,-0.1276147761763889,-0.31416840741823576
Q96QT4,TRPM7,RandomForest,1.18621841533642,1.2253153898481512
Q96QT4,TRPM7,RandomForest,-0.342728595680526,-0.28710181152710423
Q96QT4,TRPM7,RandomForest,-2.420429093964682,-1.4723677608615762
Q96QT4,TRPM7,RandomForest,0.4894050727576541,0.7452216301583082
Q96QT4,TRPM7,RandomForest,0.3181098018708952,-0.17661335410164697
Q96QT4,TRPM7,RandomForest,0.6369033439602692,0.9001192828864985
Q96QT4,TRPM7,RandomForest,0.9767371959716484,0.9787222091797981
Q96QT4,TRPM7,RandomForest,-0.883090666484556,-1.3467404827145848
Q96QT4,TRPM7,RandomForest,-0.2213782369517618,-0.2892866286946432
Q96QT4,TRPM7,RandomForest,0.3428934133120413,0.062029665961579904
Q96QT4,TRPM7,RandomForest,-0.4977066455380978,-1.002024380639953
Q96QT4,TRPM7,RandomForest,0.759893883963826,0.88008923104057
Q96QT4,TRPM7,RandomForest,-0.9930164118882104,-1.3599177668331912
Q96QT4,TRPM7,RandomForest,1.1181174389577464,1.2492574254872297
Q96QT4,TRPM7,RandomForest,0.0735319973099089,0.10844214740979177
Q96QT4,TRPM7,RandomForest,-0.3046223022012229,-0.19864409738653843
Q96QT4,TRPM7,XGBoost,0.6858076320558707,0.6834380030632019
Q96QT4,TRPM7,XGBoost,0.0313349299763142,0.29731056094169617
Q96QT4,TRPM7,XGBoost,-0.1276147761763889,-0.30693432688713074
Q96QT4,TRPM7,XGBoost,1.18621841533642,1.520412802696228
Q96QT4,TRPM7,XGBoost,-0.342728595680526,-0.3113117814064026
Q96QT4,TRPM7,XGBoost,-2.420429093964682,-1.9230495691299438
Q96QT4,TRPM7,XGBoost,0.4894050727576541,0.8942835927009583
Q96QT4,TRPM7,XGBoost,0.3181098018708952,-0.18922753632068634
Q96QT4,TRPM7,XGBoost,0.6369033439602692,1.0112773180007935
Q96QT4,TRPM7,XGBoost,0.9767371959716484,0.9242913126945496
Q96QT4,TRPM7,XGBoost,-0.883090666484556,-1.0928267240524292
Q96QT4,TRPM7,XGBoost,-0.2213782369517618,-0.21376639604568481
Q96QT4,TRPM7,XGBoost,0.3428934133120413,-0.01026521809399128
Q96QT4,TRPM7,XGBoost,-0.4977066455380978,-0.8069793581962585
Q96QT4,TRPM7,XGBoost,0.759893883963826,0.6955932378768921
Q96QT4,TRPM7,XGBoost,-0.9930164118882104,-1.0951693058013916
Q96QT4,TRPM7,XGBoost,1.1181174389577464,1.1843241453170776
Q96QT4,TRPM7,XGBoost,0.0735319973099089,0.27746281027793884
Q96QT4,TRPM7,XGBoost,-0.3046223022012229,-0.18744651973247528
Q96QT4,TRPM7,PLS,0.6858076320558707,0.5816172694716205
Q96QT4,TRPM7,PLS,0.0313349299763142,0.03398993836643325
Q96QT4,TRPM7,PLS,-0.1276147761763889,-0.20965906221477643
Q96QT4,TRPM7,PLS,1.18621841533642,0.9734287594277649
Q96QT4,TRPM7,PLS,-0.342728595680526,-0.17503062813512588
Q96QT4,TRPM7,PLS,-2.420429093964682,-3.3736487742330303
Q96QT4,TRPM7,PLS,0.4894050727576541,0.7404238838407395
Q96QT4,TRPM7,PLS,0.3181098018708952,-0.08916874548204765
Q96QT4,TRPM7,PLS,0.6369033439602692,0.6596093317235374
Q96QT4,TRPM7,PLS,0.9767371959716484,1.0862430210458924
Q96QT4,TRPM7,PLS,-0.883090666484556,-1.0873144584525398
Q96QT4,TRPM7,PLS,-0.2213782369517618,-0.36581466992200773
Q96QT4,TRPM7,PLS,0.3428934133120413,0.1183002703715323
Q96QT4,TRPM7,PLS,-0.4977066455380978,-0.8225887387756734
Q96QT4,TRPM7,PLS,0.759893883963826,0.6935432717231913
Q96QT4,TRPM7,PLS,-0.9930164118882104,-1.1857738966479476
Q96QT4,TRPM7,PLS,1.1181174389577464,1.1213399753725595
Q96QT4,TRPM7,PLS,0.0735319973099089,0.012142226267388171
Q96QT4,TRPM7,PLS,-0.3046223022012229,-0.07161851770504461
Q96QT4,TRPM7,SVR,0.6858076320558707,0.6221001639759577
Q96QT4,TRPM7,SVR,0.0313349299763142,0.04701588731468337
Q96QT4,TRPM7,SVR,-0.1276147761763889,-0.1757819017958368
Q96QT4,TRPM7,SVR,1.18621841533642,0.9796057714460756
Q96QT4,TRPM7,SVR,-0.342728595680526,-0.14021900823093153
Q96QT4,TRPM7,SVR,-2.420429093964682,-3.365619162529589
Q96QT4,TRPM7,SVR,0.4894050727576541,0.7524460403888459
Q96QT4,TRPM7,SVR,0.3181098018708952,-0.05056844992563492
Q96QT4,TRPM7,SVR,0.6369033439602692,0.6948504575280879
Q96QT4,TRPM7,SVR,0.9767371959716484,1.1281358059168884
Q96QT4,TRPM7,SVR,-0.883090666484556,-1.0539083893556007
Q96QT4,TRPM7,SVR,-0.2213782369517618,-0.33787647501154056
Q96QT4,TRPM7,SVR,0.3428934133120413,0.15579300972591642
Q96QT4,TRPM7,SVR,-0.4977066455380978,-0.7939471232457439
Q96QT4,TRPM7,SVR,0.759893883963826,0.7341421387819901
Q96QT4,TRPM7,SVR,-0.9930164118882104,-1.156030605597506
Q96QT4,TRPM7,SVR,1.1181174389577464,1.1646571226106819
Q96QT4,TRPM7,SVR,0.0735319973099089,0.030087068954322064
Q96QT4,TRPM7,SVR,-0.3046223022012229,-0.03312385677007751
Q96QT4,TRPM7,Lasso,0.6858076320558707,0.46148219980108646
Q96QT4,TRPM7,Lasso,0.0313349299763142,0.07894601820597016
Q96QT4,TRPM7,Lasso,-0.1276147761763889,-0.12786318434787217
Q96QT4,TRPM7,Lasso,1.18621841533642,0.9451835783599295
Q96QT4,TRPM7,Lasso,-0.342728595680526,-0.12387202106276639
Q96QT4,TRPM7,Lasso,-2.420429093964682,-2.7559911695690267
Q96QT4,TRPM7,Lasso,0.4894050727576541,0.6912496552858274
Q96QT4,TRPM7,Lasso,0.3181098018708952,-0.051623185176002784
Q96QT4,TRPM7,Lasso,0.6369033439602692,0.624083225639806
Q96QT4,TRPM7,Lasso,0.9767371959716484,0.8116916167465941
Q96QT4,TRPM7,Lasso,-0.883090666484556,-0.8293656328963612
Q96QT4,TRPM7,Lasso,-0.2213782369517618,-0.21894972080346622
Q96QT4,TRPM7,Lasso,0.3428934133120413,0.11786677142249727
Q96QT4,TRPM7,Lasso,-0.4977066455380978,-0.7596465202573862
Q96QT4,TRPM7,Lasso,0.759893883963826,0.5229266395201575
Q96QT4,TRPM7,Lasso,-0.9930164118882104,-0.8905341869667911
Q96QT4,TRPM7,Lasso,1.1181174389577464,0.9810684741828798
Q96QT4,TRPM7,Lasso,0.0735319973099089,0.026846544399222946
Q96QT4,TRPM7,Lasso,-0.3046223022012229,-0.07414181218512444
Q96QT4,TRPM7,ElasticNet,0.6858076320558707,0.4760534896965847
Q96QT4,TRPM7,ElasticNet,0.0313349299763142,0.08735207366742562
Q96QT4,TRPM7,ElasticNet,-0.1276147761763889,-0.15095611262155403
Q96QT4,TRPM7,ElasticNet,1.18621841533642,0.9383633411184121
Q96QT4,TRPM7,ElasticNet,-0.342728595680526,-0.14530198482241075
Q96QT4,TRPM7,ElasticNet,-2.420429093964682,-2.8143387755633897
Q96QT4,TRPM7,ElasticNet,0.4894050727576541,0.7023184726203141
Q96QT4,TRPM7,ElasticNet,0.3181098018708952,-0.042949832765002326
Q96QT4,TRPM7,ElasticNet,0.6369033439602692,0.6203429590699501
Q96QT4,TRPM7,ElasticNet,0.9767371959716484,0.8867373969131334
Q96QT4,TRPM7,ElasticNet,-0.883090666484556,-0.851532098571562
Q96QT4,TRPM7,ElasticNet,-0.2213782369517618,-0.279994911866673
Q96QT4,TRPM7,ElasticNet,0.3428934133120413,0.11760809775386154
Q96QT4,TRPM7,ElasticNet,-0.4977066455380978,-0.7450285979747961
Q96QT4,TRPM7,ElasticNet,0.759893883963826,0.5313313512714326
Q96QT4,TRPM7,ElasticNet,-0.9930164118882104,-0.9368533603337219
Q96QT4,TRPM7,ElasticNet,1.1181174389577464,0.9991609628001732
Q96QT4,TRPM7,ElasticNet,0.0735319973099089,0.02508315649950449
Q96QT4,TRPM7,ElasticNet,-0.3046223022012229,-0.07485110712427463
Q96QT4,TRPM7,GradientBoosting,0.6858076320558707,0.7083272070625615
Q96QT4,TRPM7,GradientBoosting,0.0313349299763142,0.24169134232627298
Q96QT4,TRPM7,GradientBoosting,-0.1276147761763889,-0.29371536100226103
Q96QT4,TRPM7,GradientBoosting,1.18621841533642,1.283416560808086
Q96QT4,TRPM7,GradientBoosting,-0.342728595680526,-0.2903278768813068
Q96QT4,TRPM7,GradientBoosting,-2.420429093964682,-1.6469447111618958
Q96QT4,TRPM7,GradientBoosting,0.4894050727576541,0.7839215711401012
Q96QT4,TRPM7,GradientBoosting,0.3181098018708952,-0.21077847816350276
Q96QT4,TRPM7,GradientBoosting,0.6369033439602692,0.8236243124878277
Q96QT4,TRPM7,GradientBoosting,0.9767371959716484,1.086657374721705
Q96QT4,TRPM7,GradientBoosting,-0.883090666484556,-1.29045565051907
Q96QT4,TRPM7,GradientBoosting,-0.2213782369517618,-0.22549281705208266
Q96QT4,TRPM7,GradientBoosting,0.3428934133120413,0.18642882674247563
Q96QT4,TRPM7,GradientBoosting,-0.4977066455380978,-0.8461136183958516
Q96QT4,TRPM7,GradientBoosting,0.759893883963826,1.0951627676095697
Q96QT4,TRPM7,GradientBoosting,-0.9930164118882104,-1.2902279522037299
Q96QT4,TRPM7,GradientBoosting,1.1181174389577464,1.1417448568916204
Q96QT4,TRPM7,GradientBoosting,0.0735319973099089,0.008851500656082655
Q96QT4,TRPM7,GradientBoosting,-0.3046223022012229,-0.2426118382932778
Q96QT4,TRPM7,MLP,0.6858076320558707,0.6684460624688495
Q96QT4,TRPM7,MLP,0.0313349299763142,0.4203037399639383
Q96QT4,TRPM7,MLP,-0.1276147761763889,-0.14043535848308009
Q96QT4,TRPM7,MLP,1.18621841533642,0.513894355093085
Q96QT4,TRPM7,MLP,-0.342728595680526,-0.1739251112681559
Q96QT4,TRPM7,MLP,-2.420429093964682,-1.5293137355409523
Q96QT4,TRPM7,MLP,0.4894050727576541,0.5546158371506519
Q96QT4,TRPM7,MLP,0.3181098018708952,-0.014186550829071831
Q96QT4,TRPM7,MLP,0.6369033439602692,0.894218145348908
Q96QT4,TRPM7,MLP,0.9767371959716484,0.6089003119606221
Q96QT4,TRPM7,MLP,-0.883090666484556,-1.047245588131747
Q96QT4,TRPM7,MLP,-0.2213782369517618,-0.09176090119893066
Q96QT4,TRPM7,MLP,0.3428934133120413,0.256314178423375
Q96QT4,TRPM7,MLP,-0.4977066455380978,-0.017124948294099163
Q96QT4,TRPM7,MLP,0.759893883963826,0.7612275673112683
Q96QT4,TRPM7,MLP,-0.9930164118882104,-1.0560533615930814
Q96QT4,TRPM7,MLP,1.1181174389577464,1.4859664255502976
Q96QT4,TRPM7,MLP,0.0735319973099089,0.2918593906464655
Q96QT4,TRPM7,MLP,-0.3046223022012229,-0.12671439337743406
Q96RR4,CAMKK2,RandomForest,1.306634361166157,0.6928815136416958
Q96RR4,CAMKK2,RandomForest,-0.1131430001516406,0.8029684581442293
Q96RR4,CAMKK2,RandomForest,0.0490526204299491,0.0935925664112799
Q96RR4,CAMKK2,RandomForest,1.0726570936421835,0.8474248317890996
Q96RR4,CAMKK2,RandomForest,0.5288784791581718,0.5981363174012835
Q96RR4,CAMKK2,RandomForest,0.2924978230273159,0.6690267357273626
Q96RR4,CAMKK2,RandomForest,2.1079667765132624,1.7949890221148082
Q96RR4,CAMKK2,RandomForest,1.7780948667034444,0.6766115867297592
Q96RR4,CAMKK2,RandomForest,1.089447491645859,1.4034188367447422
Q96RR4,CAMKK2,RandomForest,2.1784381019436307,1.5699738850546883
Q96RR4,CAMKK2,RandomForest,2.025787599038372,0.23931369384636866
Q96RR4,CAMKK2,RandomForest,-0.0492904409225601,0.19066635015180564
Q96RR4,CAMKK2,RandomForest,2.5224269825413086,1.052552458974765
Q96RR4,CAMKK2,RandomForest,0.6129003278391149,0.07420783886299591
Q96RR4,CAMKK2,RandomForest,0.1387867186510731,0.9360069943583175
Q96RR4,CAMKK2,RandomForest,2.163516919409718,0.6631088862596438
Q96RR4,CAMKK2,RandomForest,1.5238126072805005,0.2668789217538091
Q96RR4,CAMKK2,RandomForest,-0.6625592103311863,0.2684425319072653
Q96RR4,CAMKK2,RandomForest,1.0507203725720111,0.5553443060137543
Q96RR4,CAMKK2,XGBoost,1.306634361166157,0.7110086679458618
Q96RR4,CAMKK2,XGBoost,-0.1131430001516406,1.2483819723129272
Q96RR4,CAMKK2,XGBoost,0.0490526204299491,0.14285722374916077
Q96RR4,CAMKK2,XGBoost,1.0726570936421835,0.6996457576751709
Q96RR4,CAMKK2,XGBoost,0.5288784791581718,0.37660521268844604
Q96RR4,CAMKK2,XGBoost,0.2924978230273159,0.5643224716186523
Q96RR4,CAMKK2,XGBoost,2.1079667765132624,2.475430727005005
Q96RR4,CAMKK2,XGBoost,1.7780948667034444,0.6622155904769897
Q96RR4,CAMKK2,XGBoost,1.089447491645859,1.9639092683792114
Q96RR4,CAMKK2,XGBoost,2.1784381019436307,2.0938973426818848
Q96RR4,CAMKK2,XGBoost,2.025787599038372,0.28259432315826416
Q96RR4,CAMKK2,XGBoost,-0.0492904409225601,0.4350305497646332
Q96RR4,CAMKK2,XGBoost,2.5224269825413086,1.685289978981018
Q96RR4,CAMKK2,XGBoost,0.6129003278391149,-0.34926387667655945
Q96RR4,CAMKK2,XGBoost,0.1387867186510731,0.14590701460838318
Q96RR4,CAMKK2,XGBoost,2.163516919409718,0.7282547950744629
Q96RR4,CAMKK2,XGBoost,1.5238126072805005,-0.02296564355492592
Q96RR4,CAMKK2,XGBoost,-0.6625592103311863,0.4493236839771271
Q96RR4,CAMKK2,XGBoost,1.0507203725720111,0.2734321653842926
Q96RR4,CAMKK2,PLS,1.306634361166157,0.6169001719203521
Q96RR4,CAMKK2,PLS,-0.1131430001516406,0.4666514685089091
Q96RR4,CAMKK2,PLS,0.0490526204299491,0.5392817143400973
Q96RR4,CAMKK2,PLS,1.0726570936421835,0.973572864489164
Q96RR4,CAMKK2,PLS,0.5288784791581718,0.8634816383037609
Q96RR4,CAMKK2,PLS,0.2924978230273159,0.7482347209277155
Q96RR4,CAMKK2,PLS,2.1079667765132624,1.7245436633618745
Q96RR4,CAMKK2,PLS,1.7780948667034444,0.8490042559582268
Q96RR4,CAMKK2,PLS,1.089447491645859,0.8243361044665904
Q96RR4,CAMKK2,PLS,2.1784381019436307,1.5000990123368516
Q96RR4,CAMKK2,PLS,2.025787599038372,0.6196480350241108
Q96RR4,CAMKK2,PLS,-0.0492904409225601,0.4807616546407716
Q96RR4,CAMKK2,PLS,2.5224269825413086,0.6930697552167214
Q96RR4,CAMKK2,PLS,0.6129003278391149,0.5779515798151591
Q96RR4,CAMKK2,PLS,0.1387867186510731,0.43433768360336267
Q96RR4,CAMKK2,PLS,2.163516919409718,0.574449879054568
Q96RR4,CAMKK2,PLS,1.5238126072805005,0.7387946063505001
Q96RR4,CAMKK2,PLS,-0.6625592103311863,0.6356570249185033
Q96RR4,CAMKK2,PLS,1.0507203725720111,1.0796795578707716
Q96RR4,CAMKK2,SVR,1.306634361166157,0.37866124659575917
Q96RR4,CAMKK2,SVR,-0.1131430001516406,0.09359470370582346
Q96RR4,CAMKK2,SVR,0.0490526204299491,0.3288572603024852
Q96RR4,CAMKK2,SVR,1.0726570936421835,0.9176493192307468
Q96RR4,CAMKK2,SVR,0.5288784791581718,0.577097052766912
Q96RR4,CAMKK2,SVR,0.2924978230273159,0.4064420289127605
Q96RR4,CAMKK2,SVR,2.1079667765132624,1.86541569413713
Q96RR4,CAMKK2,SVR,1.7780948667034444,0.6202738014147914
Q96RR4,CAMKK2,SVR,1.089447491645859,0.5626765495542793
Q96RR4,CAMKK2,SVR,2.1784381019436307,1.6066856628380508
Q96RR4,CAMKK2,SVR,2.025787599038372,0.36532213170940253
Q96RR4,CAMKK2,SVR,-0.0492904409225601,0.27640394132122525
Q96RR4,CAMKK2,SVR,2.5224269825413086,0.40510912655572373
Q96RR4,CAMKK2,SVR,0.6129003278391149,0.18430663532491665
Q96RR4,CAMKK2,SVR,0.1387867186510731,0.16800718534094872
Q96RR4,CAMKK2,SVR,2.163516919409718,0.3611711015521487
Q96RR4,CAMKK2,SVR,1.5238126072805005,0.5193354467549298
Q96RR4,CAMKK2,SVR,-0.6625592103311863,0.469360040952676
Q96RR4,CAMKK2,SVR,1.0507203725720111,0.9008588117342177
Q96RR4,CAMKK2,Lasso,1.306634361166157,0.7406329686256172
Q96RR4,CAMKK2,Lasso,-0.1131430001516406,0.6434627587688241
Q96RR4,CAMKK2,Lasso,0.0490526204299491,0.7065773454402416
Q96RR4,CAMKK2,Lasso,1.0726570936421835,0.8783195752968838
Q96RR4,CAMKK2,Lasso,0.5288784791581718,0.7532825426451939
Q96RR4,CAMKK2,Lasso,0.2924978230273159,0.7806483018518477
Q96RR4,CAMKK2,Lasso,2.1079667765132624,1.3720046262296512
Q96RR4,CAMKK2,Lasso,1.7780948667034444,0.7416271751073007
Q96RR4,CAMKK2,Lasso,1.089447491645859,0.7427731525094871
Q96RR4,CAMKK2,Lasso,2.1784381019436307,1.2589146798903403
Q96RR4,CAMKK2,Lasso,2.025787599038372,0.7111667130623337
Q96RR4,CAMKK2,Lasso,-0.0492904409225601,0.6437574437491067
Q96RR4,CAMKK2,Lasso,2.5224269825413086,0.7334040187566381
Q96RR4,CAMKK2,Lasso,0.6129003278391149,0.7621607240286672
Q96RR4,CAMKK2,Lasso,0.1387867186510731,0.7210130149760733
Q96RR4,CAMKK2,Lasso,2.163516919409718,0.7367256139772053
Q96RR4,CAMKK2,Lasso,1.5238126072805005,0.7236427826596953
Q96RR4,CAMKK2,Lasso,-0.6625592103311863,0.7086711434445189
Q96RR4,CAMKK2,Lasso,1.0507203725720111,0.8888660148844184
Q96RR4,CAMKK2,ElasticNet,1.306634361166157,0.6951890057885881
Q96RR4,CAMKK2,ElasticNet,-0.1131430001516406,0.560337677660834
Q96RR4,CAMKK2,ElasticNet,0.0490526204299491,0.6434724728670724
Q96RR4,CAMKK2,ElasticNet,1.0726570936421835,0.9235947460190425
Q96RR4,CAMKK2,ElasticNet,0.5288784791581718,0.785577173354187
Q96RR4,CAMKK2,ElasticNet,0.2924978230273159,0.7514081540516073
Q96RR4,CAMKK2,ElasticNet,2.1079667765132624,1.548840911349232
Q96RR4,CAMKK2,ElasticNet,1.7780948667034444,0.7811320293918722
Q96RR4,CAMKK2,ElasticNet,1.089447491645859,0.7702554885801836
Q96RR4,CAMKK2,ElasticNet,2.1784381019436307,1.3662976284226915
Q96RR4,CAMKK2,ElasticNet,2.025787599038372,0.669407948836893
Q96RR4,CAMKK2,ElasticNet,-0.0492904409225601,0.5847334474689664
Q96RR4,CAMKK2,ElasticNet,2.5224269825413086,0.7097227714830616
Q96RR4,CAMKK2,ElasticNet,0.6129003278391149,0.6676381654530185
Q96RR4,CAMKK2,ElasticNet,0.1387867186510731,0.6100519584311855
Q96RR4,CAMKK2,ElasticNet,2.163516919409718,0.6738468604658191
Q96RR4,CAMKK2,ElasticNet,1.5238126072805005,0.7305657367922134
Q96RR4,CAMKK2,ElasticNet,-0.6625592103311863,0.6881235845185788
Q96RR4,CAMKK2,ElasticNet,1.0507203725720111,0.9614449904107747
Q96RR4,CAMKK2,GradientBoosting,1.306634361166157,0.3899887881276119
Q96RR4,CAMKK2,GradientBoosting,-0.1131430001516406,1.4053600355054803
Q96RR4,CAMKK2,GradientBoosting,0.0490526204299491,0.17492478953919652
Q96RR4,CAMKK2,GradientBoosting,1.0726570936421835,0.7569009224343706
Q96RR4,CAMKK2,GradientBoosting,0.5288784791581718,1.1165981337284174
Q96RR4,CAMKK2,GradientBoosting,0.2924978230273159,0.8977694730206295
Q96RR4,CAMKK2,GradientBoosting,2.1079667765132624,2.2030509390611557
Q96RR4,CAMKK2,GradientBoosting,1.7780948667034444,0.7236533663077295
Q96RR4,CAMKK2,GradientBoosting,1.089447491645859,1.8669624004195304
Q96RR4,CAMKK2,GradientBoosting,2.1784381019436307,1.6766570530543239
Q96RR4,CAMKK2,GradientBoosting,2.025787599038372,0.749663056020488
Q96RR4,CAMKK2,GradientBoosting,-0.0492904409225601,0.2861989355114826
Q96RR4,CAMKK2,GradientBoosting,2.5224269825413086,2.05826500142948
Q96RR4,CAMKK2,GradientBoosting,0.6129003278391149,0.1975894091194912
Q96RR4,CAMKK2,GradientBoosting,0.1387867186510731,0.5107572642044124
Q96RR4,CAMKK2,GradientBoosting,2.163516919409718,0.3702538810657532
Q96RR4,CAMKK2,GradientBoosting,1.5238126072805005,0.3032505738086193
Q96RR4,CAMKK2,GradientBoosting,-0.6625592103311863,0.041631818413243364
Q96RR4,CAMKK2,GradientBoosting,1.0507203725720111,0.2657179213313017
Q96RR4,CAMKK2,MLP,1.306634361166157,0.999816995868623
Q96RR4,CAMKK2,MLP,-0.1131430001516406,1.6506736063689424
Q96RR4,CAMKK2,MLP,0.0490526204299491,0.8228557088912536
Q96RR4,CAMKK2,MLP,1.0726570936421835,1.4157776028217235
Q96RR4,CAMKK2,MLP,0.5288784791581718,0.5639255715205059
Q96RR4,CAMKK2,MLP,0.2924978230273159,0.8025143688748959
Q96RR4,CAMKK2,MLP,2.1079667765132624,2.914608690065813
Q96RR4,CAMKK2,MLP,1.7780948667034444,0.8924011832659968
Q96RR4,CAMKK2,MLP,1.089447491645859,1.091950647116649
Q96RR4,CAMKK2,MLP,2.1784381019436307,1.9674594220928108
Q96RR4,CAMKK2,MLP,2.025787599038372,0.4861633121859351
Q96RR4,CAMKK2,MLP,-0.0492904409225601,0.9320818813160925
Q96RR4,CAMKK2,MLP,2.5224269825413086,1.1163077280893545
Q96RR4,CAMKK2,MLP,0.6129003278391149,0.72804509926362
Q96RR4,CAMKK2,MLP,0.1387867186510731,0.8094023084075459
Q96RR4,CAMKK2,MLP,2.163516919409718,0.6096354726835143
Q96RR4,CAMKK2,MLP,1.5238126072805005,0.9701737488921836
Q96RR4,CAMKK2,MLP,-0.6625592103311863,0.6532754479668099
Q96RR4,CAMKK2,MLP,1.0507203725720111,0.4861633121859351
Q96S53,TESK2,RandomForest,-0.1472751683543004,0.21539049282155653
Q96S53,TESK2,RandomForest,-0.2260977896936137,-0.20349595303387588
Q96S53,TESK2,RandomForest,-0.1045599046814186,-0.4569998469037016
Q96S53,TESK2,RandomForest,1.3290777730295855,-0.8080381811558067
Q96S53,TESK2,RandomForest,-0.3648370285231357,0.14019274533073725
Q96S53,TESK2,RandomForest,-0.085429723194732,-0.197630356152038
Q96S53,TESK2,RandomForest,-0.6914123064911235,-0.14538280556324412
Q96S53,TESK2,RandomForest,-0.1556154166070602,0.3059123829927841
Q96S53,TESK2,RandomForest,-0.3276207299588423,0.12988438541040387
Q96S53,TESK2,RandomForest,-0.9851367338705624,-0.5139354022316768
Q96S53,TESK2,RandomForest,-0.5731027573076648,-0.1716860899303618
Q96S53,TESK2,RandomForest,-0.3173366138931139,-0.17892170522631634
Q96S53,TESK2,RandomForest,0.033151226272723,-0.10380567513142172
Q96S53,TESK2,RandomForest,-0.5733395485193199,-0.2035096677115133
Q96S53,TESK2,RandomForest,-0.2136297087374913,-0.13418675907793853
Q96S53,TESK2,RandomForest,-0.5703965886035541,-0.12808286158869814
Q96S53,TESK2,RandomForest,1.0984351530844576,-0.035474735643157757
Q96S53,TESK2,RandomForest,0.0949633442374714,-0.12021467787732101
Q96S53,TESK2,RandomForest,0.6891115561512886,0.10200663762775158
Q96S53,TESK2,XGBoost,-0.1472751683543004,0.005017113871872425
Q96S53,TESK2,XGBoost,-0.2260977896936137,-0.1161009892821312
Q96S53,TESK2,XGBoost,-0.1045599046814186,-0.6624358296394348
Q96S53,TESK2,XGBoost,1.3290777730295855,-0.6243895292282104
Q96S53,TESK2,XGBoost,-0.3648370285231357,0.362066388130188
Q96S53,TESK2,XGBoost,-0.085429723194732,-0.3119477927684784
Q96S53,TESK2,XGBoost,-0.6914123064911235,-0.31517186760902405
Q96S53,TESK2,XGBoost,-0.1556154166070602,-0.35483941435813904
Q96S53,TESK2,XGBoost,-0.3276207299588423,-0.10190381109714508
Q96S53,TESK2,XGBoost,-0.9851367338705624,-0.17158229649066925
Q96S53,TESK2,XGBoost,-0.5731027573076648,-0.2784765362739563
Q96S53,TESK2,XGBoost,-0.3173366138931139,-0.2525779604911804
Q96S53,TESK2,XGBoost,0.033151226272723,0.0564592219889164
Q96S53,TESK2,XGBoost,-0.5733395485193199,-0.18676157295703888
Q96S53,TESK2,XGBoost,-0.2136297087374913,-0.12637650966644287
Q96S53,TESK2,XGBoost,-0.5703965886035541,-0.32900941371917725
Q96S53,TESK2,XGBoost,1.0984351530844576,-0.1344994157552719
Q96S53,TESK2,XGBoost,0.0949633442374714,-0.18676157295703888
Q96S53,TESK2,XGBoost,0.6891115561512886,0.20931579172611237
Q96S53,TESK2,PLS,-0.1472751683543004,0.15780034179356267
Q96S53,TESK2,PLS,-0.2260977896936137,-0.3346280152971311
Q96S53,TESK2,PLS,-0.1045599046814186,-0.3117106482839553
Q96S53,TESK2,PLS,1.3290777730295855,-0.6887340272546937
Q96S53,TESK2,PLS,-0.3648370285231357,-0.2517563697535595
Q96S53,TESK2,PLS,-0.085429723194732,-0.27244919231070897
Q96S53,TESK2,PLS,-0.6914123064911235,0.06536119990302307
Q96S53,TESK2,PLS,-0.1556154166070602,0.20875354961872555
Q96S53,TESK2,PLS,-0.3276207299588423,0.11036063219904423
Q96S53,TESK2,PLS,-0.9851367338705624,-0.7492377822364814
Q96S53,TESK2,PLS,-0.5731027573076648,0.013873106397095034
Q96S53,TESK2,PLS,-0.3173366138931139,-0.046531221399757954
Q96S53,TESK2,PLS,0.033151226272723,0.03243127687905083
Q96S53,TESK2,PLS,-0.5733395485193199,-0.3140912558561637
Q96S53,TESK2,PLS,-0.2136297087374913,-0.033540291269910746
Q96S53,TESK2,PLS,-0.5703965886035541,-0.047358990194714436
Q96S53,TESK2,PLS,1.0984351530844576,0.3465271200737818
Q96S53,TESK2,PLS,0.0949633442374714,-0.2680543016809074
Q96S53,TESK2,PLS,0.6891115561512886,0.114822262268419
Q96S53,TESK2,SVR,-0.1472751683543004,-0.0319621900040262
Q96S53,TESK2,SVR,-0.2260977896936137,-0.26680230710243624
Q96S53,TESK2,SVR,-0.1045599046814186,-0.14525265217438296
Q96S53,TESK2,SVR,1.3290777730295855,-0.47685532414315357
Q96S53,TESK2,SVR,-0.3648370285231357,-0.15515640277498136
Q96S53,TESK2,SVR,-0.085429723194732,-0.2881691500732849
Q96S53,TESK2,SVR,-0.6914123064911235,-0.10715526250479854
Q96S53,TESK2,SVR,-0.1556154166070602,0.13711934714328636
Q96S53,TESK2,SVR,-0.3276207299588423,0.06102012023144385
Q96S53,TESK2,SVR,-0.9851367338705624,-0.5465507276055678
Q96S53,TESK2,SVR,-0.5731027573076648,-0.047704788958365524
Q96S53,TESK2,SVR,-0.3173366138931139,-0.02245881344247022
Q96S53,TESK2,SVR,0.033151226272723,-0.011710777782557746
Q96S53,TESK2,SVR,-0.5733395485193199,-0.2798724814784092
Q96S53,TESK2,SVR,-0.2136297087374913,-0.05534293574407004
Q96S53,TESK2,SVR,-0.5703965886035541,-0.0391084245079317
Q96S53,TESK2,SVR,1.0984351530844576,0.19677918738396674
Q96S53,TESK2,SVR,0.0949633442374714,-0.24262899907650443
Q96S53,TESK2,SVR,0.6891115561512886,0.08582612530729353
Q96S53,TESK2,Lasso,-0.1472751683543004,-0.015367322857028076
Q96S53,TESK2,Lasso,-0.2260977896936137,-0.1589348421347263
Q96S53,TESK2,Lasso,-0.1045599046814186,-0.1775640011137663
Q96S53,TESK2,Lasso,1.3290777730295855,-0.2969563173696721
Q96S53,TESK2,Lasso,-0.3648370285231357,-0.16708922281731564
Q96S53,TESK2,Lasso,-0.085429723194732,-0.13701106987385964
Q96S53,TESK2,Lasso,-0.6914123064911235,-0.05828995913990983
Q96S53,TESK2,Lasso,-0.1556154166070602,-0.03711830984962389
Q96S53,TESK2,Lasso,-0.3276207299588423,-0.054254702187720084
Q96S53,TESK2,Lasso,-0.9851367338705624,-0.311941768309178
Q96S53,TESK2,Lasso,-0.5731027573076648,-0.0707582275617389
Q96S53,TESK2,Lasso,-0.3173366138931139,-0.07951645421848152
Q96S53,TESK2,Lasso,0.033151226272723,-0.06590898696778556
Q96S53,TESK2,Lasso,-0.5733395485193199,-0.1521274029071907
Q96S53,TESK2,Lasso,-0.2136297087374913,-0.07951645421848152
Q96S53,TESK2,Lasso,-0.5703965886035541,-0.08642622482165425
Q96S53,TESK2,Lasso,1.0984351530844576,0.03840513462219715
Q96S53,TESK2,Lasso,0.0949633442374714,-0.14140180235104152
Q96S53,TESK2,Lasso,0.6891115561512886,-0.0412060069180558
Q96S53,TESK2,ElasticNet,-0.1472751683543004,0.07050704947758815
Q96S53,TESK2,ElasticNet,-0.2260977896936137,-0.21844101966332136
Q96S53,TESK2,ElasticNet,-0.1045599046814186,-0.24746405405107905
Q96S53,TESK2,ElasticNet,1.3290777730295855,-0.4839584826971519
Q96S53,TESK2,ElasticNet,-0.3648370285231357,-0.22381317778622295
Q96S53,TESK2,ElasticNet,-0.085429723194732,-0.17547485311825478
Q96S53,TESK2,ElasticNet,-0.6914123064911235,-0.010206845822933824
Q96S53,TESK2,ElasticNet,-0.1556154166070602,0.03903062622129158
Q96S53,TESK2,ElasticNet,-0.3276207299588423,0.0006067785301228923
Q96S53,TESK2,ElasticNet,-0.9851367338705624,-0.5149118664517901
Q96S53,TESK2,ElasticNet,-0.5731027573076648,-0.036461266411730864
Q96S53,TESK2,ElasticNet,-0.3173366138931139,-0.05735259748544909
Q96S53,TESK2,ElasticNet,0.033151226272723,-0.026593967396557172
Q96S53,TESK2,ElasticNet,-0.5733395485193199,-0.20495187334177084
Q96S53,TESK2,ElasticNet,-0.2136297087374913,-0.055904130363325095
Q96S53,TESK2,ElasticNet,-0.5703965886035541,-0.06888007564170687
Q96S53,TESK2,ElasticNet,1.0984351530844576,0.17871620768063365
Q96S53,TESK2,ElasticNet,0.0949633442374714,-0.18247421023789542
Q96S53,TESK2,ElasticNet,0.6891115561512886,0.022696633810266792
Q96S53,TESK2,GradientBoosting,-0.1472751683543004,0.13429052657583176
Q96S53,TESK2,GradientBoosting,-0.2260977896936137,-0.2542270426818133
Q96S53,TESK2,GradientBoosting,-0.1045599046814186,-0.46521413892248237
Q96S53,TESK2,GradientBoosting,1.3290777730295855,-0.9231217882262621
Q96S53,TESK2,GradientBoosting,-0.3648370285231357,0.2942029321936281
Q96S53,TESK2,GradientBoosting,-0.085429723194732,-0.22947295359091946
Q96S53,TESK2,GradientBoosting,-0.6914123064911235,0.12094876067697743
Q96S53,TESK2,GradientBoosting,-0.1556154166070602,0.1355917382298316
Q96S53,TESK2,GradientBoosting,-0.3276207299588423,0.2523540974720914
Q96S53,TESK2,GradientBoosting,-0.9851367338705624,-0.630585053341298
Q96S53,TESK2,GradientBoosting,-0.5731027573076648,-0.06352492970127012
Q96S53,TESK2,GradientBoosting,-0.3173366138931139,-0.33948909760868856
Q96S53,TESK2,GradientBoosting,0.033151226272723,0.0015881453281569639
Q96S53,TESK2,GradientBoosting,-0.5733395485193199,-0.2598439757579315
Q96S53,TESK2,GradientBoosting,-0.2136297087374913,-0.16261594303249471
Q96S53,TESK2,GradientBoosting,-0.5703965886035541,-0.14069789837907784
Q96S53,TESK2,GradientBoosting,1.0984351530844576,-0.18198654669107633
Q96S53,TESK2,GradientBoosting,0.0949633442374714,0.11275508589851273
Q96S53,TESK2,GradientBoosting,0.6891115561512886,0.16607270413984782
Q96S53,TESK2,MLP,-0.1472751683543004,0.10094169461448263
Q96S53,TESK2,MLP,-0.2260977896936137,-0.14749786461108813
Q96S53,TESK2,MLP,-0.1045599046814186,-0.14749786461108813
Q96S53,TESK2,MLP,1.3290777730295855,-0.14749786461108813
Q96S53,TESK2,MLP,-0.3648370285231357,-0.14749786461108813
Q96S53,TESK2,MLP,-0.085429723194732,-0.14749786461108813
Q96S53,TESK2,MLP,-0.6914123064911235,-0.14749786461108813
Q96S53,TESK2,MLP,-0.1556154166070602,-0.0956045981113913
Q96S53,TESK2,MLP,-0.3276207299588423,-0.05264377909269567
Q96S53,TESK2,MLP,-0.9851367338705624,-0.14749786461108813
Q96S53,TESK2,MLP,-0.5731027573076648,-0.07200932551280716
Q96S53,TESK2,MLP,-0.3173366138931139,0.0215840909878183
Q96S53,TESK2,MLP,0.033151226272723,-2.0763396571754633e-05
Q96S53,TESK2,MLP,-0.5733395485193199,-0.14749786461108813
Q96S53,TESK2,MLP,-0.2136297087374913,-0.020916504503617456
Q96S53,TESK2,MLP,-0.5703965886035541,-0.02695379105649362
Q96S53,TESK2,MLP,1.0984351530844576,0.26368595727445676
Q96S53,TESK2,MLP,0.0949633442374714,-0.14749786461108813
Q96S53,TESK2,MLP,0.6891115561512886,0.03624277921778951
Q96SB4,SRPK1,RandomForest,1.1420212263371674,0.09851462908648506
Q96SB4,SRPK1,RandomForest,-0.6656655168557508,-0.14426810624621111
Q96SB4,SRPK1,RandomForest,-0.2705009258386783,0.02358248447176187
Q96SB4,SRPK1,RandomForest,0.1278718375741493,0.22198499581139722
Q96SB4,SRPK1,RandomForest,2.406913999734102,0.029390912094674686
Q96SB4,SRPK1,RandomForest,-1.036874078458719,-0.5773060852660462
Q96SB4,SRPK1,RandomForest,0.3226044070283724,-0.09413854898303967
Q96SB4,SRPK1,RandomForest,0.3115400773163612,2.38567270854718
Q96SB4,SRPK1,RandomForest,1.5161242389536826,1.8291136405616728
Q96SB4,SRPK1,RandomForest,-0.2865141725256643,0.1999718679331308
Q96SB4,SRPK1,RandomForest,2.431085676467222,2.2624849596407994
Q96SB4,SRPK1,RandomForest,-1.807131834554091,0.573077543912762
Q96SB4,SRPK1,RandomForest,2.27994854732732,1.5263491661587492
Q96SB4,SRPK1,RandomForest,-0.5451293763140487,-0.5203741472944258
Q96SB4,SRPK1,RandomForest,0.1441826301104423,0.7214656188467318
Q96SB4,SRPK1,RandomForest,3.129748693365783,2.749261012155257
Q96SB4,SRPK1,RandomForest,1.036838371604343,2.2915999975335777
Q96SB4,SRPK1,RandomForest,-0.2762392871221008,-0.03983833392621434
Q96SB4,SRPK1,RandomForest,-2.2642723982383672,-1.892059809399204
Q96SB4,SRPK1,XGBoost,1.1420212263371674,0.31421199440956116
Q96SB4,SRPK1,XGBoost,-0.6656655168557508,-0.2140459269285202
Q96SB4,SRPK1,XGBoost,-0.2705009258386783,-0.7189498543739319
Q96SB4,SRPK1,XGBoost,0.1278718375741493,-0.07538871467113495
Q96SB4,SRPK1,XGBoost,2.406913999734102,-0.4331957697868347
Q96SB4,SRPK1,XGBoost,-1.036874078458719,-0.6163727045059204
Q96SB4,SRPK1,XGBoost,0.3226044070283724,-0.2140459269285202
Q96SB4,SRPK1,XGBoost,0.3115400773163612,1.9088456630706787
Q96SB4,SRPK1,XGBoost,1.5161242389536826,2.0150952339172363
Q96SB4,SRPK1,XGBoost,-0.2865141725256643,0.0773325264453888
Q96SB4,SRPK1,XGBoost,2.431085676467222,2.8678886890411377
Q96SB4,SRPK1,XGBoost,-1.807131834554091,-0.09212953597307205
Q96SB4,SRPK1,XGBoost,2.27994854732732,0.18370884656906128
Q96SB4,SRPK1,XGBoost,-0.5451293763140487,-0.5276265144348145
Q96SB4,SRPK1,XGBoost,0.1441826301104423,1.008884310722351
Q96SB4,SRPK1,XGBoost,3.129748693365783,2.8544442653656006
Q96SB4,SRPK1,XGBoost,1.036838371604343,1.9191547632217407
Q96SB4,SRPK1,XGBoost,-0.2762392871221008,-0.3573349714279175
Q96SB4,SRPK1,XGBoost,-2.2642723982383672,-2.083743095397949
Q96SB4,SRPK1,PLS,1.1420212263371674,-0.10546424069349451
Q96SB4,SRPK1,PLS,-0.6656655168557508,-0.1885491345564756
Q96SB4,SRPK1,PLS,-0.2705009258386783,-0.022250946400165943
Q96SB4,SRPK1,PLS,0.1278718375741493,0.24179695627366593
Q96SB4,SRPK1,PLS,2.406913999734102,0.2858830109808962
Q96SB4,SRPK1,PLS,-1.036874078458719,-0.4056456784732308
Q96SB4,SRPK1,PLS,0.3226044070283724,-0.02873619316309981
Q96SB4,SRPK1,PLS,0.3115400773163612,1.9609275328537525
Q96SB4,SRPK1,PLS,1.5161242389536826,1.9103886305808364
Q96SB4,SRPK1,PLS,-0.2865141725256643,0.11262690635220848
Q96SB4,SRPK1,PLS,2.431085676467222,2.1036318007988952
Q96SB4,SRPK1,PLS,-1.807131834554091,0.04473413111930573
Q96SB4,SRPK1,PLS,2.27994854732732,1.262559764137862
Q96SB4,SRPK1,PLS,-0.5451293763140487,-0.32242297891698624
Q96SB4,SRPK1,PLS,0.1441826301104423,0.2290891783135205
Q96SB4,SRPK1,PLS,3.129748693365783,2.226238654959633
Q96SB4,SRPK1,PLS,1.036838371604343,1.8615726414832592
Q96SB4,SRPK1,PLS,-0.2762392871221008,-0.17156460132427456
Q96SB4,SRPK1,PLS,-2.2642723982383672,-2.6024251943582755
Q96SB4,SRPK1,SVR,1.1420212263371674,-0.333346648708705
Q96SB4,SRPK1,SVR,-0.6656655168557508,-0.3834010239534199
Q96SB4,SRPK1,SVR,-0.2705009258386783,-0.2957710859149344
Q96SB4,SRPK1,SVR,0.1278718375741493,0.052900000516363344
Q96SB4,SRPK1,SVR,2.406913999734102,0.004910312713821863
Q96SB4,SRPK1,SVR,-1.036874078458719,-0.5963070942426647
Q96SB4,SRPK1,SVR,0.3226044070283724,-0.24622643011146217
Q96SB4,SRPK1,SVR,0.3115400773163612,1.349841517766812
Q96SB4,SRPK1,SVR,1.5161242389536826,1.3437767865304013
Q96SB4,SRPK1,SVR,-0.2865141725256643,-0.09491534820062497
Q96SB4,SRPK1,SVR,2.431085676467222,1.4731920927951467
Q96SB4,SRPK1,SVR,-1.807131834554091,-0.2229791556942846
Q96SB4,SRPK1,SVR,2.27994854732732,0.8019964336428724
Q96SB4,SRPK1,SVR,-0.5451293763140487,-0.49092647119486243
Q96SB4,SRPK1,SVR,0.1441826301104423,-0.07074797384727638
Q96SB4,SRPK1,SVR,3.129748693365783,1.5887042413506176
Q96SB4,SRPK1,SVR,1.036838371604343,1.2828749098058574
Q96SB4,SRPK1,SVR,-0.2762392871221008,-0.4048089539398808
Q96SB4,SRPK1,SVR,-2.2642723982383672,-2.3882655092815197
Q96SB4,SRPK1,Lasso,1.1420212263371674,0.5942508185451946
Q96SB4,SRPK1,Lasso,-0.6656655168557508,-0.25695068052196707
Q96SB4,SRPK1,Lasso,-0.2705009258386783,-0.04617823542361284
Q96SB4,SRPK1,Lasso,0.1278718375741493,0.008186709100477585
Q96SB4,SRPK1,Lasso,2.406913999734102,0.14370478842620799
Q96SB4,SRPK1,Lasso,-1.036874078458719,-0.37803138288525123
Q96SB4,SRPK1,Lasso,0.3226044070283724,-0.14512353767666208
Q96SB4,SRPK1,Lasso,0.3115400773163612,1.6321772175708122
Q96SB4,SRPK1,Lasso,1.5161242389536826,1.5201337122894405
Q96SB4,SRPK1,Lasso,-0.2865141725256643,-0.08200142157969544
Q96SB4,SRPK1,Lasso,2.431085676467222,1.7052853336853562
Q96SB4,SRPK1,Lasso,-1.807131834554091,0.0033412497861113194
Q96SB4,SRPK1,Lasso,2.27994854732732,1.016295342933717
Q96SB4,SRPK1,Lasso,-0.5451293763140487,-0.3722836115092703
Q96SB4,SRPK1,Lasso,0.1441826301104423,0.5664509929814124
Q96SB4,SRPK1,Lasso,3.129748693365783,1.8222332972467166
Q96SB4,SRPK1,Lasso,1.036838371604343,1.525377881664216
Q96SB4,SRPK1,Lasso,-0.2762392871221008,-0.21696411061842363
Q96SB4,SRPK1,Lasso,-2.2642723982383672,-2.346518337418929
Q96SB4,SRPK1,ElasticNet,1.1420212263371674,0.4951045197676662
Q96SB4,SRPK1,ElasticNet,-0.6656655168557508,-0.24327098340433778
Q96SB4,SRPK1,ElasticNet,-0.2705009258386783,-0.04819262855909691
Q96SB4,SRPK1,ElasticNet,0.1278718375741493,0.0505103082788116
Q96SB4,SRPK1,ElasticNet,2.406913999734102,0.16054598705459414
Q96SB4,SRPK1,ElasticNet,-1.036874078458719,-0.37958838951138746
Q96SB4,SRPK1,ElasticNet,0.3226044070283724,-0.12619916368108614
Q96SB4,SRPK1,ElasticNet,0.3115400773163612,1.6460261754547634
Q96SB4,SRPK1,ElasticNet,1.5161242389536826,1.5484562909721067
Q96SB4,SRPK1,ElasticNet,-0.2865141725256643,-0.049141313662828326
Q96SB4,SRPK1,ElasticNet,2.431085676467222,1.7277349773297177
Q96SB4,SRPK1,ElasticNet,-1.807131834554091,0.005300898510935903
Q96SB4,SRPK1,ElasticNet,2.27994854732732,1.032538016685454
Q96SB4,SRPK1,ElasticNet,-0.5451293763140487,-0.3588848641898527
Q96SB4,SRPK1,ElasticNet,0.1441826301104423,0.5120009792963227
Q96SB4,SRPK1,ElasticNet,3.129748693365783,1.8457296844008462
Q96SB4,SRPK1,ElasticNet,1.036838371604343,1.543833195271155
Q96SB4,SRPK1,ElasticNet,-0.2762392871221008,-0.21177755059433895
Q96SB4,SRPK1,ElasticNet,-2.2642723982383672,-2.345779139221401
Q96SB4,SRPK1,GradientBoosting,1.1420212263371674,0.0915045563057275
Q96SB4,SRPK1,GradientBoosting,-0.6656655168557508,-0.10825229618407814
Q96SB4,SRPK1,GradientBoosting,-0.2705009258386783,-0.5475185554668173
Q96SB4,SRPK1,GradientBoosting,0.1278718375741493,-0.04873007160879313
Q96SB4,SRPK1,GradientBoosting,2.406913999734102,-0.1692040879247214
Q96SB4,SRPK1,GradientBoosting,-1.036874078458719,-0.4952508131763004
Q96SB4,SRPK1,GradientBoosting,0.3226044070283724,-0.10825229618407814
Q96SB4,SRPK1,GradientBoosting,0.3115400773163612,3.067765479570515
Q96SB4,SRPK1,GradientBoosting,1.5161242389536826,2.0351911880278335
Q96SB4,SRPK1,GradientBoosting,-0.2865141725256643,0.21974522460461698
Q96SB4,SRPK1,GradientBoosting,2.431085676467222,2.5961445222332578
Q96SB4,SRPK1,GradientBoosting,-1.807131834554091,0.43229536769864646
Q96SB4,SRPK1,GradientBoosting,2.27994854732732,1.2459359761909148
Q96SB4,SRPK1,GradientBoosting,-0.5451293763140487,-0.6205480406075194
Q96SB4,SRPK1,GradientBoosting,0.1441826301104423,1.2329823695310216
Q96SB4,SRPK1,GradientBoosting,3.129748693365783,3.9230005628996323
Q96SB4,SRPK1,GradientBoosting,1.036838371604343,3.2640365662174586
Q96SB4,SRPK1,GradientBoosting,-0.2762392871221008,-0.1314626710259642
Q96SB4,SRPK1,GradientBoosting,-2.2642723982383672,-2.1105200578915215
Q96SB4,SRPK1,MLP,1.1420212263371674,0.029538433171056214
Q96SB4,SRPK1,MLP,-0.6656655168557508,-0.3891832543358053
Q96SB4,SRPK1,MLP,-0.2705009258386783,-0.08822767267573463
Q96SB4,SRPK1,MLP,0.1278718375741493,0.39960993571800024
Q96SB4,SRPK1,MLP,2.406913999734102,0.42187733897350665
Q96SB4,SRPK1,MLP,-1.036874078458719,-0.36384902075035935
Q96SB4,SRPK1,MLP,0.3226044070283724,-0.16449318640452087
Q96SB4,SRPK1,MLP,0.3115400773163612,2.0036039845639375
Q96SB4,SRPK1,MLP,1.5161242389536826,2.096682164551738
Q96SB4,SRPK1,MLP,-0.2865141725256643,0.02928417983393032
Q96SB4,SRPK1,MLP,2.431085676467222,2.1704666555095504
Q96SB4,SRPK1,MLP,-1.807131834554091,0.05510389965295755
Q96SB4,SRPK1,MLP,2.27994854732732,1.3997102506890255
Q96SB4,SRPK1,MLP,-0.5451293763140487,-0.5420367084076595
Q96SB4,SRPK1,MLP,0.1441826301104423,0.2871603699478392
Q96SB4,SRPK1,MLP,3.129748693365783,2.3599992974381436
Q96SB4,SRPK1,MLP,1.036838371604343,1.9626746769630345
Q96SB4,SRPK1,MLP,-0.2762392871221008,-0.32671824942559774
Q96SB4,SRPK1,MLP,-2.2642723982383672,-2.6890983956662415
Q99640,PKMYT1,RandomForest,1.1712993331185455,0.0665856294943587
Q99640,PKMYT1,RandomForest,1.0255570042601188,0.49723946038472955
Q99640,PKMYT1,RandomForest,-0.6553419185665957,-0.31585715259393976
Q99640,PKMYT1,RandomForest,0.1144662607246452,-0.5731059319510815
Q99640,PKMYT1,RandomForest,-1.1711395044913016,-0.13667478738884767
Q99640,PKMYT1,RandomForest,0.2780697763246861,0.29944444695215805
Q99640,PKMYT1,RandomForest,0.4486652428978587,-0.380721255996274
Q99640,PKMYT1,RandomForest,0.6323256094915968,0.24378665331447594
Q99640,PKMYT1,RandomForest,-0.3810293785413219,0.7804890374194297
Q99640,PKMYT1,RandomForest,-0.2148016280014858,0.52264995050716
Q99640,PKMYT1,RandomForest,-1.3204336015617582,-0.5176167140433301
Q99640,PKMYT1,RandomForest,-1.0709482195293367,0.23816108051253151
Q99640,PKMYT1,RandomForest,0.1840896330572524,0.7381660350456438
Q99640,PKMYT1,RandomForest,0.6339384584910535,0.08934917807294909
Q99640,PKMYT1,RandomForest,0.9074989259058728,0.10508492661304877
Q99640,PKMYT1,RandomForest,-0.2412986346702417,0.40768149888166894
Q99640,PKMYT1,RandomForest,-0.3106022150123237,0.08052207507828413
Q99640,PKMYT1,RandomForest,0.3378911072798443,-0.494503469543784
Q99640,PKMYT1,RandomForest,0.8028474286756265,0.06701500691545309
Q99640,PKMYT1,XGBoost,1.1712993331185455,0.1345365196466446
Q99640,PKMYT1,XGBoost,1.0255570042601188,0.09631892293691635
Q99640,PKMYT1,XGBoost,-0.6553419185665957,-0.6830485463142395
Q99640,PKMYT1,XGBoost,0.1144662607246452,0.29954278469085693
Q99640,PKMYT1,XGBoost,-1.1711395044913016,-0.30854594707489014
Q99640,PKMYT1,XGBoost,0.2780697763246861,0.36390647292137146
Q99640,PKMYT1,XGBoost,0.4486652428978587,0.38677147030830383
Q99640,PKMYT1,XGBoost,0.6323256094915968,0.11377724260091782
Q99640,PKMYT1,XGBoost,-0.3810293785413219,0.8766005635261536
Q99640,PKMYT1,XGBoost,-0.2148016280014858,0.43179479241371155
Q99640,PKMYT1,XGBoost,-1.3204336015617582,-0.07388614863157272
Q99640,PKMYT1,XGBoost,-1.0709482195293367,0.2139643132686615
Q99640,PKMYT1,XGBoost,0.1840896330572524,1.3188682794570923
Q99640,PKMYT1,XGBoost,0.6339384584910535,-0.45458096265792847
Q99640,PKMYT1,XGBoost,0.9074989259058728,-0.13125242292881012
Q99640,PKMYT1,XGBoost,-0.2412986346702417,0.02987813390791416
Q99640,PKMYT1,XGBoost,-0.3106022150123237,0.007768967654556036
Q99640,PKMYT1,XGBoost,0.3378911072798443,-0.33560988306999207
Q99640,PKMYT1,XGBoost,0.8028474286756265,0.2087179273366928
Q99640,PKMYT1,PLS,1.1712993331185455,0.12111153173531902
Q99640,PKMYT1,PLS,1.0255570042601188,0.061066768298454165
Q99640,PKMYT1,PLS,-0.6553419185665957,0.05047709437678857
Q99640,PKMYT1,PLS,0.1144662607246452,0.05489841236226979
Q99640,PKMYT1,PLS,-1.1711395044913016,0.06872540951787785
Q99640,PKMYT1,PLS,0.2780697763246861,0.14293959224972844
Q99640,PKMYT1,PLS,0.4486652428978587,-0.027618218689425808
Q99640,PKMYT1,PLS,0.6323256094915968,0.09048207028586787
Q99640,PKMYT1,PLS,-0.3810293785413219,0.21277835846000492
Q99640,PKMYT1,PLS,-0.2148016280014858,0.17557773634757973
Q99640,PKMYT1,PLS,-1.3204336015617582,0.016080455859139593
Q99640,PKMYT1,PLS,-1.0709482195293367,0.12585888499434636
Q99640,PKMYT1,PLS,0.1840896330572524,0.23789238092058607
Q99640,PKMYT1,PLS,0.6339384584910535,0.04580425002100949
Q99640,PKMYT1,PLS,0.9074989259058728,0.10347083165570284
Q99640,PKMYT1,PLS,-0.2412986346702417,0.09162017157669794
Q99640,PKMYT1,PLS,-0.3106022150123237,0.11117265227334083
Q99640,PKMYT1,PLS,0.3378911072798443,-0.15010639225336975
Q99640,PKMYT1,PLS,0.8028474286756265,0.037525796852554145
Q99640,PKMYT1,SVR,1.1712993331185455,0.16281869734025506
Q99640,PKMYT1,SVR,1.0255570042601188,0.06662905722750295
Q99640,PKMYT1,SVR,-0.6553419185665957,0.2875863677556805
Q99640,PKMYT1,SVR,0.1144662607246452,-0.17547532102182145
Q99640,PKMYT1,SVR,-1.1711395044913016,0.22902183716239038
Q99640,PKMYT1,SVR,0.2780697763246861,0.23616264020141148
Q99640,PKMYT1,SVR,0.4486652428978587,-0.008828841576694446
Q99640,PKMYT1,SVR,0.6323256094915968,0.18819201508412625
Q99640,PKMYT1,SVR,-0.3810293785413219,0.32608278346056335
Q99640,PKMYT1,SVR,-0.2148016280014858,0.24041065413254298
Q99640,PKMYT1,SVR,-1.3204336015617582,-0.062171134220791846
Q99640,PKMYT1,SVR,-1.0709482195293367,0.8659488714465187
Q99640,PKMYT1,SVR,0.1840896330572524,0.24776110573818405
Q99640,PKMYT1,SVR,0.6339384584910535,0.23912765092668498
Q99640,PKMYT1,SVR,0.9074989259058728,0.2928277378978608
Q99640,PKMYT1,SVR,-0.2412986346702417,0.10369106346378848
Q99640,PKMYT1,SVR,-0.3106022150123237,-0.08599409058755808
Q99640,PKMYT1,SVR,0.3378911072798443,0.19432215303100114
Q99640,PKMYT1,SVR,0.8028474286756265,0.20783126653233625
Q99640,PKMYT1,Lasso,1.1712993331185455,0.10092114579496568
Q99640,PKMYT1,Lasso,1.0255570042601188,0.06622532445916418
Q99640,PKMYT1,Lasso,-0.6553419185665957,0.07760273703830935
Q99640,PKMYT1,Lasso,0.1144662607246452,0.05153335605920119
Q99640,PKMYT1,Lasso,-1.1711395044913016,0.08538265451535748
Q99640,PKMYT1,Lasso,0.2780697763246861,0.09890920089887857
Q99640,PKMYT1,Lasso,0.4486652428978587,0.03888025809529983
Q99640,PKMYT1,Lasso,0.6323256094915968,0.07972653292694812
Q99640,PKMYT1,Lasso,-0.3810293785413219,0.1424135866160265
Q99640,PKMYT1,Lasso,-0.2148016280014858,0.10284188629857406
Q99640,PKMYT1,Lasso,-1.3204336015617582,0.044947708824336595
Q99640,PKMYT1,Lasso,-1.0709482195293367,0.16435464304865477
Q99640,PKMYT1,Lasso,0.1840896330572524,0.1365531432326522
Q99640,PKMYT1,Lasso,0.6339384584910535,0.07277606591499083
Q99640,PKMYT1,Lasso,0.9074989259058728,0.10360190523924484
Q99640,PKMYT1,Lasso,-0.2412986346702417,0.07952445813149164
Q99640,PKMYT1,Lasso,-0.3106022150123237,0.06188871244176996
Q99640,PKMYT1,Lasso,0.3378911072798443,0.00048367369550474104
Q99640,PKMYT1,Lasso,0.8028474286756265,0.07250961809534179
Q99640,PKMYT1,ElasticNet,1.1712993331185455,0.11377109088358983
Q99640,PKMYT1,ElasticNet,1.0255570042601188,0.0636140262729245
Q99640,PKMYT1,ElasticNet,-0.6553419185665957,0.07714450021209932
Q99640,PKMYT1,ElasticNet,0.1144662607246452,0.044440714724821265
Q99640,PKMYT1,ElasticNet,-1.1711395044913016,0.08898287663709578
Q99640,PKMYT1,ElasticNet,0.2780697763246861,0.11268339438578723
Q99640,PKMYT1,ElasticNet,0.4486652428978587,0.020771245498265083
Q99640,PKMYT1,ElasticNet,0.6323256094915968,0.08339707286553043
Q99640,PKMYT1,ElasticNet,-0.3810293785413219,0.17521787223549845
Q99640,PKMYT1,ElasticNet,-0.2148016280014858,0.12045390447615187
Q99640,PKMYT1,ElasticNet,-1.3204336015617582,0.03238279145819166
Q99640,PKMYT1,ElasticNet,-1.0709482195293367,0.19569152007737944
Q99640,PKMYT1,ElasticNet,0.1840896330572524,0.16972987347729518
Q99640,PKMYT1,ElasticNet,0.6339384584910535,0.07055286190382076
Q99640,PKMYT1,ElasticNet,0.9074989259058728,0.11554382429639334
Q99640,PKMYT1,ElasticNet,-0.2412986346702417,0.08344250273376815
Q99640,PKMYT1,ElasticNet,-0.3106022150123237,0.0623228865473418
Q99640,PKMYT1,ElasticNet,0.3378911072798443,-0.04002764693574601
Q99640,PKMYT1,ElasticNet,0.8028474286756265,0.06962138051789347
Q99640,PKMYT1,GradientBoosting,1.1712993331185455,0.214948492072077
Q99640,PKMYT1,GradientBoosting,1.0255570042601188,0.9352459654079989
Q99640,PKMYT1,GradientBoosting,-0.6553419185665957,-0.9280635575555595
Q99640,PKMYT1,GradientBoosting,0.1144662607246452,-0.9770032019352397
Q99640,PKMYT1,GradientBoosting,-1.1711395044913016,0.1281136174905427
Q99640,PKMYT1,GradientBoosting,0.2780697763246861,0.2774838329950843
Q99640,PKMYT1,GradientBoosting,0.4486652428978587,0.03303902146657897
Q99640,PKMYT1,GradientBoosting,0.6323256094915968,0.3406276465593945
Q99640,PKMYT1,GradientBoosting,-0.3810293785413219,1.4141251264964196
Q99640,PKMYT1,GradientBoosting,-0.2148016280014858,0.7804165311461967
Q99640,PKMYT1,GradientBoosting,-1.3204336015617582,-0.5867198464148469
Q99640,PKMYT1,GradientBoosting,-1.0709482195293367,0.3973529200977169
Q99640,PKMYT1,GradientBoosting,0.1840896330572524,0.9135787636126521
Q99640,PKMYT1,GradientBoosting,0.6339384584910535,-0.6149237349226636
Q99640,PKMYT1,GradientBoosting,0.9074989259058728,0.13783911484476766
Q99640,PKMYT1,GradientBoosting,-0.2412986346702417,0.845414075751937
Q99640,PKMYT1,GradientBoosting,-0.3106022150123237,0.06602629114858409
Q99640,PKMYT1,GradientBoosting,0.3378911072798443,-0.8850569240054457
Q99640,PKMYT1,GradientBoosting,0.8028474286756265,0.555946657812775
Q99640,PKMYT1,MLP,1.1712993331185455,-0.07094560725623714
Q99640,PKMYT1,MLP,1.0255570042601188,-0.07094560725623714
Q99640,PKMYT1,MLP,-0.6553419185665957,0.06901492045704707
Q99640,PKMYT1,MLP,0.1144662607246452,-0.07094560725623714
Q99640,PKMYT1,MLP,-1.1711395044913016,0.0016147068670212678
Q99640,PKMYT1,MLP,0.2780697763246861,-0.07094560725623714
Q99640,PKMYT1,MLP,0.4486652428978587,-0.08844204971263446
Q99640,PKMYT1,MLP,0.6323256094915968,-0.07094560725623714
Q99640,PKMYT1,MLP,-0.3810293785413219,-0.07094560725623714
Q99640,PKMYT1,MLP,-0.2148016280014858,-0.07094560725623714
Q99640,PKMYT1,MLP,-1.3204336015617582,-0.07094560725623714
Q99640,PKMYT1,MLP,-1.0709482195293367,0.3319194424589321
Q99640,PKMYT1,MLP,0.1840896330572524,-0.07094560725623714
Q99640,PKMYT1,MLP,0.6339384584910535,0.023780194537925806
Q99640,PKMYT1,MLP,0.9074989259058728,0.029187848007450334
Q99640,PKMYT1,MLP,-0.2412986346702417,-0.07094560725623714
Q99640,PKMYT1,MLP,-0.3106022150123237,-0.07094560725623714
Q99640,PKMYT1,MLP,0.3378911072798443,-4.7291624590134473e-05
Q99640,PKMYT1,MLP,0.8028474286756265,0.010743337816679743
Q99759,MAP3K3,RandomForest,-1.4282053802127763,-0.5417662819496436
Q99759,MAP3K3,RandomForest,2.698287842139387,-0.0923659799161766
Q99759,MAP3K3,RandomForest,0.0842026300699662,-0.6004017150133517
Q99759,MAP3K3,RandomForest,-0.0107827418519122,0.5451309398355944
Q99759,MAP3K3,RandomForest,3.745730226893099,-0.037381354072734484
Q99759,MAP3K3,RandomForest,0.6996053597518838,-0.2875116526888112
Q99759,MAP3K3,RandomForest,-0.2276963823194832,-0.7618083143799216
Q99759,MAP3K3,RandomForest,1.928433781053304,0.8488555531094125
Q99759,MAP3K3,RandomForest,-0.1004504500937422,-0.4383409232601542
Q99759,MAP3K3,RandomForest,-0.2893226692046163,0.008235242762821164
Q99759,MAP3K3,RandomForest,0.5629872894890632,-0.06924955889424017
Q99759,MAP3K3,RandomForest,-0.0060065031053797,-0.733908609079663
Q99759,MAP3K3,RandomForest,1.6375407663485393,0.3504202588402671
Q99759,MAP3K3,RandomForest,-0.1982904067621212,-0.12555266562082076
Q99759,MAP3K3,RandomForest,1.2517836254530796,-0.5509409405906445
Q99759,MAP3K3,RandomForest,-0.1823614257320832,-0.055136616375322064
Q99759,MAP3K3,RandomForest,-0.0773088629465771,-0.18932712054586684
Q99759,MAP3K3,RandomForest,0.7565798185531682,0.46465216401370546
Q99759,MAP3K3,RandomForest,4.542764229603312,-0.4712841466704651
Q99759,MAP3K3,XGBoost,-1.4282053802127763,-0.7141380906105042
Q99759,MAP3K3,XGBoost,2.698287842139387,1.566651463508606
Q99759,MAP3K3,XGBoost,0.0842026300699662,-1.4004095792770386
Q99759,MAP3K3,XGBoost,-0.0107827418519122,1.1112220287322998
Q99759,MAP3K3,XGBoost,3.745730226893099,-0.9118025302886963
Q99759,MAP3K3,XGBoost,0.6996053597518838,-0.5362823605537415
Q99759,MAP3K3,XGBoost,-0.2276963823194832,-1.3377323150634766
Q99759,MAP3K3,XGBoost,1.928433781053304,1.3007018566131592
Q99759,MAP3K3,XGBoost,-0.1004504500937422,-0.3004727065563202
Q99759,MAP3K3,XGBoost,-0.2893226692046163,-0.4011760950088501
Q99759,MAP3K3,XGBoost,0.5629872894890632,0.7584406137466431
Q99759,MAP3K3,XGBoost,-0.0060065031053797,-2.516061782836914
Q99759,MAP3K3,XGBoost,1.6375407663485393,-0.28343522548675537
Q99759,MAP3K3,XGBoost,-0.1982904067621212,0.32667285203933716
Q99759,MAP3K3,XGBoost,1.2517836254530796,-0.6120433807373047
Q99759,MAP3K3,XGBoost,-0.1823614257320832,0.21864323318004608
Q99759,MAP3K3,XGBoost,-0.0773088629465771,1.554889440536499
Q99759,MAP3K3,XGBoost,0.7565798185531682,0.5545717477798462
Q99759,MAP3K3,XGBoost,4.542764229603312,-0.9118025302886963
Q99759,MAP3K3,PLS,-1.4282053802127763,0.13474525089228034
Q99759,MAP3K3,PLS,2.698287842139387,-0.07019748260515354
Q99759,MAP3K3,PLS,0.0842026300699662,0.5703871477281878
Q99759,MAP3K3,PLS,-0.0107827418519122,0.45725853624099255
Q99759,MAP3K3,PLS,3.745730226893099,0.4712153697465402
Q99759,MAP3K3,PLS,0.6996053597518838,-0.913012254481855
Q99759,MAP3K3,PLS,-0.2276963823194832,0.35790791827759405
Q99759,MAP3K3,PLS,1.928433781053304,0.11878648352821689
Q99759,MAP3K3,PLS,-0.1004504500937422,-0.12691004983260043
Q99759,MAP3K3,PLS,-0.2893226692046163,0.3506161842864698
Q99759,MAP3K3,PLS,0.5629872894890632,0.2410028424192343
Q99759,MAP3K3,PLS,-0.0060065031053797,0.36984359909252196
Q99759,MAP3K3,PLS,1.6375407663485393,-0.08256268219866181
Q99759,MAP3K3,PLS,-0.1982904067621212,0.18838463819898044
Q99759,MAP3K3,PLS,1.2517836254530796,-0.01403248068032173
Q99759,MAP3K3,PLS,-0.1823614257320832,0.280601182272735
Q99759,MAP3K3,PLS,-0.0773088629465771,0.037567402388697296
Q99759,MAP3K3,PLS,0.7565798185531682,0.08859473124682102
Q99759,MAP3K3,PLS,4.542764229603312,0.4416798835970369
Q99759,MAP3K3,SVR,-1.4282053802127763,-0.6015560591987649
Q99759,MAP3K3,SVR,2.698287842139387,-0.1433558862074886
Q99759,MAP3K3,SVR,0.0842026300699662,0.17572854575213456
Q99759,MAP3K3,SVR,-0.0107827418519122,-0.07744356621749718
Q99759,MAP3K3,SVR,3.745730226893099,0.05013734541587675
Q99759,MAP3K3,SVR,0.6996053597518838,-0.501333145007049
Q99759,MAP3K3,SVR,-0.2276963823194832,-0.12337676124322391
Q99759,MAP3K3,SVR,1.928433781053304,-0.17998745902505406
Q99759,MAP3K3,SVR,-0.1004504500937422,-0.18226863632311976
Q99759,MAP3K3,SVR,-0.2893226692046163,-0.0954687573949918
Q99759,MAP3K3,SVR,0.5629872894890632,0.04225381256392455
Q99759,MAP3K3,SVR,-0.0060065031053797,-0.11534104069695542
Q99759,MAP3K3,SVR,1.6375407663485393,-0.28872775302343723
Q99759,MAP3K3,SVR,-0.1982904067621212,-0.04046875342261405
Q99759,MAP3K3,SVR,1.2517836254530796,-0.4404881322035171
Q99759,MAP3K3,SVR,-0.1823614257320832,0.020512676806080016
Q99759,MAP3K3,SVR,-0.0773088629465771,-0.07744726058126353
Q99759,MAP3K3,SVR,0.7565798185531682,-0.2518815114434675
Q99759,MAP3K3,SVR,4.542764229603312,0.011455064478192861
Q99759,MAP3K3,Lasso,-1.4282053802127763,0.2797487404759512
Q99759,MAP3K3,Lasso,2.698287842139387,-0.015442412501395414
Q99759,MAP3K3,Lasso,0.0842026300699662,0.3228292464469087
Q99759,MAP3K3,Lasso,-0.0107827418519122,0.3339973512705231
Q99759,MAP3K3,Lasso,3.745730226893099,0.2596126131631931
Q99759,MAP3K3,Lasso,0.6996053597518838,-0.5421421656531132
Q99759,MAP3K3,Lasso,-0.2276963823194832,0.28033133879334804
Q99759,MAP3K3,Lasso,1.928433781053304,0.1408752508411706
Q99759,MAP3K3,Lasso,-0.1004504500937422,0.0007189802555097602
Q99759,MAP3K3,Lasso,-0.2893226692046163,0.2717315919648342
Q99759,MAP3K3,Lasso,0.5629872894890632,0.13714644163932266
Q99759,MAP3K3,Lasso,-0.0060065031053797,0.29440975041453854
Q99759,MAP3K3,Lasso,1.6375407663485393,0.0029334556771715703
Q99759,MAP3K3,Lasso,-0.1982904067621212,0.13474357668925624
Q99759,MAP3K3,Lasso,1.2517836254530796,0.15079758218085793
Q99759,MAP3K3,Lasso,-0.1823614257320832,0.14091468445926114
Q99759,MAP3K3,Lasso,-0.0773088629465771,0.04288512832830729
Q99759,MAP3K3,Lasso,0.7565798185531682,0.1470519657801425
Q99759,MAP3K3,Lasso,4.542764229603312,0.2534126131600379
Q99759,MAP3K3,ElasticNet,-1.4282053802127763,0.25246595842125547
Q99759,MAP3K3,ElasticNet,2.698287842139387,-0.04383511991661587
Q99759,MAP3K3,ElasticNet,0.0842026300699662,0.41054980377298356
Q99759,MAP3K3,ElasticNet,-0.0107827418519122,0.3858349396167482
Q99759,MAP3K3,ElasticNet,3.745730226893099,0.3433088211389642
Q99759,MAP3K3,ElasticNet,0.6996053597518838,-0.6876223729760222
Q99759,MAP3K3,ElasticNet,-0.2276963823194832,0.3143974532376202
Q99759,MAP3K3,ElasticNet,1.928433781053304,0.13163040115497932
Q99759,MAP3K3,ElasticNet,-0.1004504500937422,-0.060754973939309564
Q99759,MAP3K3,ElasticNet,-0.2893226692046163,0.3035028021234754
Q99759,MAP3K3,ElasticNet,0.5629872894890632,0.16792854088216944
Q99759,MAP3K3,ElasticNet,-0.0060065031053797,0.3263699556642675
Q99759,MAP3K3,ElasticNet,1.6375407663485393,-0.025454566804200746
Q99759,MAP3K3,ElasticNet,-0.1982904067621212,0.1489618727036188
Q99759,MAP3K3,ElasticNet,1.2517836254530796,0.09707340218044003
Q99759,MAP3K3,ElasticNet,-0.1823614257320832,0.19230863315611718
Q99759,MAP3K3,ElasticNet,-0.0773088629465771,0.03195333189572516
Q99759,MAP3K3,ElasticNet,0.7565798185531682,0.12704169268362098
Q99759,MAP3K3,ElasticNet,4.542764229603312,0.329486869342534
Q99759,MAP3K3,GradientBoosting,-1.4282053802127763,-0.7389169296254314
Q99759,MAP3K3,GradientBoosting,2.698287842139387,-0.16899482919372752
Q99759,MAP3K3,GradientBoosting,0.0842026300699662,-1.1237280909788299
Q99759,MAP3K3,GradientBoosting,-0.0107827418519122,1.9794283335484966
Q99759,MAP3K3,GradientBoosting,3.745730226893099,-0.1418923545219291
Q99759,MAP3K3,GradientBoosting,0.6996053597518838,-1.076688009287124
Q99759,MAP3K3,GradientBoosting,-0.2276963823194832,-0.8614055982556695
Q99759,MAP3K3,GradientBoosting,1.928433781053304,1.6302018065583472
Q99759,MAP3K3,GradientBoosting,-0.1004504500937422,-1.2366948551059265
Q99759,MAP3K3,GradientBoosting,-0.2893226692046163,-0.46413470210338936
Q99759,MAP3K3,GradientBoosting,0.5629872894890632,-0.9850532468488976
Q99759,MAP3K3,GradientBoosting,-0.0060065031053797,-1.0639636043181684
Q99759,MAP3K3,GradientBoosting,1.6375407663485393,0.6792921512250267
Q99759,MAP3K3,GradientBoosting,-0.1982904067621212,-1.3658666956685426
Q99759,MAP3K3,GradientBoosting,1.2517836254530796,-0.5570474844165814
Q99759,MAP3K3,GradientBoosting,-0.1823614257320832,-0.04154148406177654
Q99759,MAP3K3,GradientBoosting,-0.0773088629465771,-0.14408813516144944
Q99759,MAP3K3,GradientBoosting,0.7565798185531682,0.6604657603841063
Q99759,MAP3K3,GradientBoosting,4.542764229603312,-1.1463760261875862
Q99759,MAP3K3,MLP,-1.4282053802127763,0.06443049320460498
Q99759,MAP3K3,MLP,2.698287842139387,-0.048836190651294985
Q99759,MAP3K3,MLP,0.0842026300699662,0.3684955219921163
Q99759,MAP3K3,MLP,-0.0107827418519122,0.35285940637224267
Q99759,MAP3K3,MLP,3.745730226893099,0.4636892404737173
Q99759,MAP3K3,MLP,0.6996053597518838,-0.048836190651294985
Q99759,MAP3K3,MLP,-0.2276963823194832,0.21178875772534836
Q99759,MAP3K3,MLP,1.928433781053304,-0.048836190651294985
Q99759,MAP3K3,MLP,-0.1004504500937422,-0.048836190651294985
Q99759,MAP3K3,MLP,-0.2893226692046163,0.152903198861844
Q99759,MAP3K3,MLP,0.5629872894890632,-0.025721124931770353
Q99759,MAP3K3,MLP,-0.0060065031053797,0.1733157936762407
Q99759,MAP3K3,MLP,1.6375407663485393,-0.048836190651294985
Q99759,MAP3K3,MLP,-0.1982904067621212,-0.048836190651294985
Q99759,MAP3K3,MLP,1.2517836254530796,-0.048836190651294985
Q99759,MAP3K3,MLP,-0.1823614257320832,0.16259288954397128
Q99759,MAP3K3,MLP,-0.0773088629465771,-0.048836190651294985
Q99759,MAP3K3,MLP,0.7565798185531682,-0.048836190651294985
Q99759,MAP3K3,MLP,4.542764229603312,0.45675879921585505
Q9BZL6,PRKD2,RandomForest,-1.2717958362851036,0.04445184209519324
Q9BZL6,PRKD2,RandomForest,0.9425426708187936,0.7295875634623996
Q9BZL6,PRKD2,RandomForest,-2.4532419504688336,-1.3426389524739255
Q9BZL6,PRKD2,RandomForest,0.8341353835178505,0.3310586479863955
Q9BZL6,PRKD2,RandomForest,-0.2493339287402757,0.10849687247301631
Q9BZL6,PRKD2,RandomForest,-0.0115987550625201,1.4512066171416733
Q9BZL6,PRKD2,RandomForest,0.3013263039152823,0.8092134507208418
Q9BZL6,PRKD2,RandomForest,-0.2082930682626455,0.13040272922142182
Q9BZL6,PRKD2,RandomForest,-0.3797696294175552,0.1301541414676461
Q9BZL6,PRKD2,RandomForest,0.4083738089791851,0.24150146771679762
Q9BZL6,PRKD2,RandomForest,1.461650644844208,0.3330523839416885
Q9BZL6,PRKD2,RandomForest,-2.9866685476835384,-0.26217626765522817
Q9BZL6,PRKD2,RandomForest,1.7233485237718638,0.0823806540324506
Q9BZL6,PRKD2,RandomForest,2.7155542540520843,0.9871506635621862
Q9BZL6,PRKD2,RandomForest,-1.895272281073873,0.23117446064031777
Q9BZL6,PRKD2,RandomForest,0.3651304147872251,0.07113830844895248
Q9BZL6,PRKD2,RandomForest,-0.6418418807774072,0.19387980337235666
Q9BZL6,PRKD2,RandomForest,-0.8689511428358132,0.29375768730515567
Q9BZL6,PRKD2,RandomForest,-0.2692739636841014,0.06662281631375745
Q9BZL6,PRKD2,XGBoost,-1.2717958362851036,0.3174872398376465
Q9BZL6,PRKD2,XGBoost,0.9425426708187936,0.35099753737449646
Q9BZL6,PRKD2,XGBoost,-2.4532419504688336,-0.6793943047523499
Q9BZL6,PRKD2,XGBoost,0.8341353835178505,0.09775211662054062
Q9BZL6,PRKD2,XGBoost,-0.2493339287402757,0.5105474591255188
Q9BZL6,PRKD2,XGBoost,-0.0115987550625201,0.650787353515625
Q9BZL6,PRKD2,XGBoost,0.3013263039152823,0.712348461151123
Q9BZL6,PRKD2,XGBoost,-0.2082930682626455,-0.05094253644347191
Q9BZL6,PRKD2,XGBoost,-0.3797696294175552,0.10554230213165283
Q9BZL6,PRKD2,XGBoost,0.4083738089791851,-0.1195768490433693
Q9BZL6,PRKD2,XGBoost,1.461650644844208,0.48616382479667664
Q9BZL6,PRKD2,XGBoost,-2.9866685476835384,-0.6410164833068848
Q9BZL6,PRKD2,XGBoost,1.7233485237718638,0.032145027071237564
Q9BZL6,PRKD2,XGBoost,2.7155542540520843,1.7030972242355347
Q9BZL6,PRKD2,XGBoost,-1.895272281073873,-0.02332829125225544
Q9BZL6,PRKD2,XGBoost,0.3651304147872251,0.28129154443740845
Q9BZL6,PRKD2,XGBoost,-0.6418418807774072,0.14430494606494904
Q9BZL6,PRKD2,XGBoost,-0.8689511428358132,0.9261670112609863
Q9BZL6,PRKD2,XGBoost,-0.2692739636841014,-0.08962680399417877
Q9BZL6,PRKD2,PLS,-1.2717958362851036,0.07325995776343561
Q9BZL6,PRKD2,PLS,0.9425426708187936,0.5905495598994908
Q9BZL6,PRKD2,PLS,-2.4532419504688336,-1.6391759906979861
Q9BZL6,PRKD2,PLS,0.8341353835178505,0.9459301515204348
Q9BZL6,PRKD2,PLS,-0.2493339287402757,-0.17149258101737924
Q9BZL6,PRKD2,PLS,-0.0115987550625201,1.7623036821335818
Q9BZL6,PRKD2,PLS,0.3013263039152823,1.2044757952389555
Q9BZL6,PRKD2,PLS,-0.2082930682626455,-0.3310884493231601
Q9BZL6,PRKD2,PLS,-0.3797696294175552,0.15947278934991121
Q9BZL6,PRKD2,PLS,0.4083738089791851,-0.35719957822059206
Q9BZL6,PRKD2,PLS,1.461650644844208,-0.13370749232715384
Q9BZL6,PRKD2,PLS,-2.9866685476835384,-0.9383132801027435
Q9BZL6,PRKD2,PLS,1.7233485237718638,0.25826330607819237
Q9BZL6,PRKD2,PLS,2.7155542540520843,1.3062276740867542
Q9BZL6,PRKD2,PLS,-1.895272281073873,-0.34467092856478654
Q9BZL6,PRKD2,PLS,0.3651304147872251,0.005260326939214882
Q9BZL6,PRKD2,PLS,-0.6418418807774072,0.2990389534938638
Q9BZL6,PRKD2,PLS,-0.8689511428358132,-0.4832700513336582
Q9BZL6,PRKD2,PLS,-0.2692739636841014,-0.3036223099441106
Q9BZL6,PRKD2,SVR,-1.2717958362851036,0.3099888450639699
Q9BZL6,PRKD2,SVR,0.9425426708187936,0.6577237344132663
Q9BZL6,PRKD2,SVR,-2.4532419504688336,-2.0105379124513325
Q9BZL6,PRKD2,SVR,0.8341353835178505,1.2893149940972688
Q9BZL6,PRKD2,SVR,-0.2493339287402757,-0.2273374721978489
Q9BZL6,PRKD2,SVR,-0.0115987550625201,2.151593269879886
Q9BZL6,PRKD2,SVR,0.3013263039152823,1.4344153744772885
Q9BZL6,PRKD2,SVR,-0.2082930682626455,-0.3370941357340665
Q9BZL6,PRKD2,SVR,-0.3797696294175552,0.2540546992962946
Q9BZL6,PRKD2,SVR,0.4083738089791851,-0.32732118118461223
Q9BZL6,PRKD2,SVR,1.461650644844208,-0.11279132020589017
Q9BZL6,PRKD2,SVR,-2.9866685476835384,-1.0917097096277681
Q9BZL6,PRKD2,SVR,1.7233485237718638,0.34630217080772674
Q9BZL6,PRKD2,SVR,2.7155542540520843,1.4428705445747751
Q9BZL6,PRKD2,SVR,-1.895272281073873,-0.3205719334689667
Q9BZL6,PRKD2,SVR,0.3651304147872251,0.08239979606259035
Q9BZL6,PRKD2,SVR,-0.6418418807774072,0.34217370949675124
Q9BZL6,PRKD2,SVR,-0.8689511428358132,-0.5678901234563478
Q9BZL6,PRKD2,SVR,-0.2692739636841014,-0.35558121034990803
Q9BZL6,PRKD2,Lasso,-1.2717958362851036,-0.3138277497087397
Q9BZL6,PRKD2,Lasso,0.9425426708187936,0.7756882418385103
Q9BZL6,PRKD2,Lasso,-2.4532419504688336,-0.8727461994112141
Q9BZL6,PRKD2,Lasso,0.8341353835178505,0.5707952517159102
Q9BZL6,PRKD2,Lasso,-0.2493339287402757,-0.12314009574120574
Q9BZL6,PRKD2,Lasso,-0.0115987550625201,1.611485152193125
Q9BZL6,PRKD2,Lasso,0.3013263039152823,0.9243083988134694
Q9BZL6,PRKD2,Lasso,-0.2082930682626455,-0.14606044273854965
Q9BZL6,PRKD2,Lasso,-0.3797696294175552,0.2008910044996326
Q9BZL6,PRKD2,Lasso,0.4083738089791851,-0.29110989155265343
Q9BZL6,PRKD2,Lasso,1.461650644844208,-0.027014653015060675
Q9BZL6,PRKD2,Lasso,-2.9866685476835384,-0.5320040141587677
Q9BZL6,PRKD2,Lasso,1.7233485237718638,0.30975676111818423
Q9BZL6,PRKD2,Lasso,2.7155542540520843,1.2698049958771023
Q9BZL6,PRKD2,Lasso,-1.895272281073873,-0.29536248065314874
Q9BZL6,PRKD2,Lasso,0.3651304147872251,0.1168028547558296
Q9BZL6,PRKD2,Lasso,-0.6418418807774072,0.3511465307026033
Q9BZL6,PRKD2,Lasso,-0.8689511428358132,-0.39113375172528186
Q9BZL6,PRKD2,Lasso,-0.2692739636841014,-0.22452955255024162
Q9BZL6,PRKD2,ElasticNet,-1.2717958362851036,-0.15922984729326345
Q9BZL6,PRKD2,ElasticNet,0.9425426708187936,0.7000296207267938
Q9BZL6,PRKD2,ElasticNet,-2.4532419504688336,-1.1648213060375592
Q9BZL6,PRKD2,ElasticNet,0.8341353835178505,0.7608261462017372
Q9BZL6,PRKD2,ElasticNet,-0.2493339287402757,-0.12797227102708553
Q9BZL6,PRKD2,ElasticNet,-0.0115987550625201,1.621924611050269
Q9BZL6,PRKD2,ElasticNet,0.3013263039152823,0.9949366860245816
Q9BZL6,PRKD2,ElasticNet,-0.2082930682626455,-0.2177294402490415
Q9BZL6,PRKD2,ElasticNet,-0.3797696294175552,0.21874999237233952
Q9BZL6,PRKD2,ElasticNet,0.4083738089791851,-0.3052191335663487
Q9BZL6,PRKD2,ElasticNet,1.461650644844208,-0.05820649077509546
Q9BZL6,PRKD2,ElasticNet,-2.9866685476835384,-0.6551732389014218
Q9BZL6,PRKD2,ElasticNet,1.7233485237718638,0.3092698236128206
Q9BZL6,PRKD2,ElasticNet,2.7155542540520843,1.2402045811463458
Q9BZL6,PRKD2,ElasticNet,-1.895272281073873,-0.3050614029508893
Q9BZL6,PRKD2,ElasticNet,0.3651304147872251,0.09092895320498319
Q9BZL6,PRKD2,ElasticNet,-0.6418418807774072,0.337359033241179
Q9BZL6,PRKD2,ElasticNet,-0.8689511428358132,-0.43246292665973746
Q9BZL6,PRKD2,ElasticNet,-0.2692739636841014,-0.2827381183597131
Q9BZL6,PRKD2,GradientBoosting,-1.2717958362851036,-0.09894161729909705
Q9BZL6,PRKD2,GradientBoosting,0.9425426708187936,0.5222453698734879
Q9BZL6,PRKD2,GradientBoosting,-2.4532419504688336,-2.4320698777901466
Q9BZL6,PRKD2,GradientBoosting,0.8341353835178505,0.1285405960138105
Q9BZL6,PRKD2,GradientBoosting,-0.2493339287402757,0.6197234133319622
Q9BZL6,PRKD2,GradientBoosting,-0.0115987550625201,1.5739809681976555
Q9BZL6,PRKD2,GradientBoosting,0.3013263039152823,1.0770865635487425
Q9BZL6,PRKD2,GradientBoosting,-0.2082930682626455,0.008421618625153735
Q9BZL6,PRKD2,GradientBoosting,-0.3797696294175552,0.15971425170115938
Q9BZL6,PRKD2,GradientBoosting,0.4083738089791851,0.16690702602868246
Q9BZL6,PRKD2,GradientBoosting,1.461650644844208,0.0926407520776544
Q9BZL6,PRKD2,GradientBoosting,-2.9866685476835384,-0.8536861774780219
Q9BZL6,PRKD2,GradientBoosting,1.7233485237718638,0.051438094423576816
Q9BZL6,PRKD2,GradientBoosting,2.7155542540520843,0.5107729444703993
Q9BZL6,PRKD2,GradientBoosting,-1.895272281073873,0.16690702602868246
Q9BZL6,PRKD2,GradientBoosting,0.3651304147872251,0.11524062899735772
Q9BZL6,PRKD2,GradientBoosting,-0.6418418807774072,0.08387296542344551
Q9BZL6,PRKD2,GradientBoosting,-0.8689511428358132,1.4628390488106746
Q9BZL6,PRKD2,GradientBoosting,-0.2692739636841014,-0.1025524268714852
Q9BZL6,PRKD2,MLP,-1.2717958362851036,-0.24165493824794415
Q9BZL6,PRKD2,MLP,0.9425426708187936,-0.031884051884036535
Q9BZL6,PRKD2,MLP,-2.4532419504688336,-2.8168960714776556
Q9BZL6,PRKD2,MLP,0.8341353835178505,-0.19814517725787234
Q9BZL6,PRKD2,MLP,-0.2493339287402757,0.3591184022906201
Q9BZL6,PRKD2,MLP,-0.0115987550625201,0.4646285652779597
Q9BZL6,PRKD2,MLP,0.3013263039152823,0.7390110631460381
Q9BZL6,PRKD2,MLP,-0.2082930682626455,0.518585191555592
Q9BZL6,PRKD2,MLP,-0.3797696294175552,0.10668991251479965
Q9BZL6,PRKD2,MLP,0.4083738089791851,-0.20626564709983086
Q9BZL6,PRKD2,MLP,1.461650644844208,0.3674320778737561
Q9BZL6,PRKD2,MLP,-2.9866685476835384,-1.2225197311868041
Q9BZL6,PRKD2,MLP,1.7233485237718638,0.2232708769647942
Q9BZL6,PRKD2,MLP,2.7155542540520843,0.6651193692801761
Q9BZL6,PRKD2,MLP,-1.895272281073873,-0.1091527339459426
Q9BZL6,PRKD2,MLP,0.3651304147872251,0.38243758072225376
Q9BZL6,PRKD2,MLP,-0.6418418807774072,0.3444451445872
Q9BZL6,PRKD2,MLP,-0.8689511428358132,-0.3899191247163719
Q9BZL6,PRKD2,MLP,-0.2692739636841014,0.30559818822308626
Q9H0K1,SIK2,RandomForest,-2.0791587555746798,-1.0426240681704835
Q9H0K1,SIK2,RandomForest,-1.260218146865309,-1.1036919221436248
Q9H0K1,SIK2,RandomForest,-0.0212766567733861,-0.14088203437469404
Q9H0K1,SIK2,RandomForest,1.220390089203901,0.5874200848140788
Q9H0K1,SIK2,RandomForest,0.940706925956508,0.0114420608067931
Q9H0K1,SIK2,RandomForest,-0.3887295316309493,-0.48031501421348927
Q9H0K1,SIK2,RandomForest,2.7530845642366804,1.8039657122290813
Q9H0K1,SIK2,RandomForest,0.2738100083132727,-0.15862224933385632
Q9H0K1,SIK2,RandomForest,0.0684064970511018,0.1593870350893941
Q9H0K1,SIK2,RandomForest,1.2832528671881505,1.5669436273576374
Q9H0K1,SIK2,RandomForest,2.0785351242194365,1.2348255230668372
Q9H0K1,SIK2,RandomForest,-0.2954933236103924,-0.3730954442396701
Q9H0K1,SIK2,RandomForest,0.1435519404268229,-0.28677622708292094
Q9H0K1,SIK2,RandomForest,-0.446358503858911,-0.2184523099763717
Q9H0K1,SIK2,RandomForest,-2.2545285417053416,-1.0880889751864131
Q9H0K1,SIK2,RandomForest,0.9775003488576944,0.5358994038939556
Q9H0K1,SIK2,RandomForest,0.2148229192250684,0.1428291838126908
Q9H0K1,SIK2,RandomForest,0.2019643814048483,0.27914074983239323
Q9H0K1,SIK2,RandomForest,0.2750464180291556,0.01800024489166443
Q9H0K1,SIK2,XGBoost,-2.0791587555746798,-1.1663904190063477
Q9H0K1,SIK2,XGBoost,-1.260218146865309,-0.9889042973518372
Q9H0K1,SIK2,XGBoost,-0.0212766567733861,-0.08401980996131897
Q9H0K1,SIK2,XGBoost,1.220390089203901,0.6616632342338562
Q9H0K1,SIK2,XGBoost,0.940706925956508,-0.2191525399684906
Q9H0K1,SIK2,XGBoost,-0.3887295316309493,-0.7752939462661743
Q9H0K1,SIK2,XGBoost,2.7530845642366804,1.9486972093582153
Q9H0K1,SIK2,XGBoost,0.2738100083132727,0.34195154905319214
Q9H0K1,SIK2,XGBoost,0.0684064970511018,0.281547874212265
Q9H0K1,SIK2,XGBoost,1.2832528671881505,1.317901372909546
Q9H0K1,SIK2,XGBoost,2.0785351242194365,1.4053376913070679
Q9H0K1,SIK2,XGBoost,-0.2954933236103924,-0.5750482678413391
Q9H0K1,SIK2,XGBoost,0.1435519404268229,-0.7857730388641357
Q9H0K1,SIK2,XGBoost,-0.446358503858911,-0.6777117848396301
Q9H0K1,SIK2,XGBoost,-2.2545285417053416,-1.0617961883544922
Q9H0K1,SIK2,XGBoost,0.9775003488576944,0.625158965587616
Q9H0K1,SIK2,XGBoost,0.2148229192250684,0.20545774698257446
Q9H0K1,SIK2,XGBoost,0.2019643814048483,0.29391995072364807
Q9H0K1,SIK2,XGBoost,0.2750464180291556,-0.08196091651916504
Q9H0K1,SIK2,PLS,-2.0791587555746798,-0.7433491860470328
Q9H0K1,SIK2,PLS,-1.260218146865309,-0.7574422610088842
Q9H0K1,SIK2,PLS,-0.0212766567733861,-0.18813536941885023
Q9H0K1,SIK2,PLS,1.220390089203901,0.9825742057290603
Q9H0K1,SIK2,PLS,0.940706925956508,-0.23750374843231414
Q9H0K1,SIK2,PLS,-0.3887295316309493,-0.16012976952703548
Q9H0K1,SIK2,PLS,2.7530845642366804,2.268138511704289
Q9H0K1,SIK2,PLS,0.2738100083132727,-0.057886469184426706
Q9H0K1,SIK2,PLS,0.0684064970511018,-0.10226622280973383
Q9H0K1,SIK2,PLS,1.2832528671881505,1.5435554226294366
Q9H0K1,SIK2,PLS,2.0785351242194365,1.5418312975231778
Q9H0K1,SIK2,PLS,-0.2954933236103924,-0.5586840228637493
Q9H0K1,SIK2,PLS,0.1435519404268229,-0.040750690134063
Q9H0K1,SIK2,PLS,-0.446358503858911,-0.25900210723251416
Q9H0K1,SIK2,PLS,-2.2545285417053416,-0.6315449602861548
Q9H0K1,SIK2,PLS,0.9775003488576944,1.0385095516969742
Q9H0K1,SIK2,PLS,0.2148229192250684,0.32834576164753304
Q9H0K1,SIK2,PLS,0.2019643814048483,0.47132126179916534
Q9H0K1,SIK2,PLS,0.2750464180291556,0.2858892730008926
Q9H0K1,SIK2,SVR,-2.0791587555746798,-0.8529878335335798
Q9H0K1,SIK2,SVR,-1.260218146865309,-1.153709991905059
Q9H0K1,SIK2,SVR,-0.0212766567733861,-0.15282694268417718
Q9H0K1,SIK2,SVR,1.220390089203901,0.9912554486672805
Q9H0K1,SIK2,SVR,0.940706925956508,-0.304919684373797
Q9H0K1,SIK2,SVR,-0.3887295316309493,-0.26169967471857375
Q9H0K1,SIK2,SVR,2.7530845642366804,2.280880985841633
Q9H0K1,SIK2,SVR,0.2738100083132727,-0.19049806537503222
Q9H0K1,SIK2,SVR,0.0684064970511018,-0.2649024921648345
Q9H0K1,SIK2,SVR,1.2832528671881505,1.4587643226397988
Q9H0K1,SIK2,SVR,2.0785351242194365,1.4745315700742587
Q9H0K1,SIK2,SVR,-0.2954933236103924,-0.4900324354069642
Q9H0K1,SIK2,SVR,0.1435519404268229,-0.2478953473960368
Q9H0K1,SIK2,SVR,-0.446358503858911,-0.31423060011913084
Q9H0K1,SIK2,SVR,-2.2545285417053416,-0.7651373776544961
Q9H0K1,SIK2,SVR,0.9775003488576944,1.0217358243621093
Q9H0K1,SIK2,SVR,0.2148229192250684,0.3039295396126642
Q9H0K1,SIK2,SVR,0.2019643814048483,0.4597204131955137
Q9H0K1,SIK2,SVR,0.2750464180291556,0.17709197089069295
Q9H0K1,SIK2,Lasso,-2.0791587555746798,-0.6512597822809203
Q9H0K1,SIK2,Lasso,-1.260218146865309,-0.8937276354100052
Q9H0K1,SIK2,Lasso,-0.0212766567733861,0.0009894316533112651
Q9H0K1,SIK2,Lasso,1.220390089203901,0.9535102270663347
Q9H0K1,SIK2,Lasso,0.940706925956508,-0.19347259168674008
Q9H0K1,SIK2,Lasso,-0.3887295316309493,-0.169634061660776
Q9H0K1,SIK2,Lasso,2.7530845642366804,2.0250069240715556
Q9H0K1,SIK2,Lasso,0.2738100083132727,-0.14584362395567313
Q9H0K1,SIK2,Lasso,0.0684064970511018,-0.12522353271888012
Q9H0K1,SIK2,Lasso,1.2832528671881505,1.3318179031582238
Q9H0K1,SIK2,Lasso,2.0785351242194365,1.183620506737012
Q9H0K1,SIK2,Lasso,-0.2954933236103924,-0.2627428746849645
Q9H0K1,SIK2,Lasso,0.1435519404268229,-0.13680023906857144
Q9H0K1,SIK2,Lasso,-0.446358503858911,-0.17024397573194272
Q9H0K1,SIK2,Lasso,-2.2545285417053416,-0.601602408951246
Q9H0K1,SIK2,Lasso,0.9775003488576944,0.9255014425016246
Q9H0K1,SIK2,Lasso,0.2148229192250684,0.30278093120028626
Q9H0K1,SIK2,Lasso,0.2019643814048483,0.46535399124199517
Q9H0K1,SIK2,Lasso,0.2750464180291556,0.20181826147390863
Q9H0K1,SIK2,ElasticNet,-2.0791587555746798,-0.6552797729417416
Q9H0K1,SIK2,ElasticNet,-1.260218146865309,-0.8721579079068833
Q9H0K1,SIK2,ElasticNet,-0.0212766567733861,-0.03812931304848094
Q9H0K1,SIK2,ElasticNet,1.220390089203901,0.9599065383375808
Q9H0K1,SIK2,ElasticNet,0.940706925956508,-0.21381830817906758
Q9H0K1,SIK2,ElasticNet,-0.3887295316309493,-0.17895619559372453
Q9H0K1,SIK2,ElasticNet,2.7530845642366804,2.0403155005705833
Q9H0K1,SIK2,ElasticNet,0.2738100083132727,-0.14416441452221754
Q9H0K1,SIK2,ElasticNet,0.0684064970511018,-0.11400903407576513
Q9H0K1,SIK2,ElasticNet,1.2832528671881505,1.3761943024031469
Q9H0K1,SIK2,ElasticNet,2.0785351242194365,1.1578660278538815
Q9H0K1,SIK2,ElasticNet,-0.2954933236103924,-0.3023825271065782
Q9H0K1,SIK2,ElasticNet,0.1435519404268229,-0.1309391232922907
Q9H0K1,SIK2,ElasticNet,-0.446358503858911,-0.17984815046649735
Q9H0K1,SIK2,ElasticNet,-2.2545285417053416,-0.603932458086403
Q9H0K1,SIK2,ElasticNet,0.9775003488576944,0.9044448647506456
Q9H0K1,SIK2,ElasticNet,0.2148229192250684,0.2787708527454358
Q9H0K1,SIK2,ElasticNet,0.2019643814048483,0.4539793013580391
Q9H0K1,SIK2,ElasticNet,0.2750464180291556,0.2135655695898201
Q9H0K1,SIK2,GradientBoosting,-2.0791587555746798,-1.2322721093790643
Q9H0K1,SIK2,GradientBoosting,-1.260218146865309,-1.6163583561051154
Q9H0K1,SIK2,GradientBoosting,-0.0212766567733861,-0.07398953611200867
Q9H0K1,SIK2,GradientBoosting,1.220390089203901,0.8451532305566921
Q9H0K1,SIK2,GradientBoosting,0.940706925956508,-0.1561436741723412
Q9H0K1,SIK2,GradientBoosting,-0.3887295316309493,-0.3406831335988401
Q9H0K1,SIK2,GradientBoosting,2.7530845642366804,0.720662032705781
Q9H0K1,SIK2,GradientBoosting,0.2738100083132727,0.11307689980168122
Q9H0K1,SIK2,GradientBoosting,0.0684064970511018,0.044799831848059794
Q9H0K1,SIK2,GradientBoosting,1.2832528671881505,1.6575510978121348
Q9H0K1,SIK2,GradientBoosting,2.0785351242194365,1.06440023256062
Q9H0K1,SIK2,GradientBoosting,-0.2954933236103924,-1.430132755953004
Q9H0K1,SIK2,GradientBoosting,0.1435519404268229,-0.4099255450528055
Q9H0K1,SIK2,GradientBoosting,-0.446358503858911,-0.250089191594077
Q9H0K1,SIK2,GradientBoosting,-2.2545285417053416,-1.2044958989771155
Q9H0K1,SIK2,GradientBoosting,0.9775003488576944,0.3573069486108274
Q9H0K1,SIK2,GradientBoosting,0.2148229192250684,0.21731467837789753
Q9H0K1,SIK2,GradientBoosting,0.2019643814048483,0.1938651814025003
Q9H0K1,SIK2,GradientBoosting,0.2750464180291556,-0.0031924905892482995
Q9H0K1,SIK2,MLP,-2.0791587555746798,-0.401396649099422
Q9H0K1,SIK2,MLP,-1.260218146865309,0.2600959811926214
Q9H0K1,SIK2,MLP,-0.0212766567733861,-0.051124383801097184
Q9H0K1,SIK2,MLP,1.220390089203901,0.7015842013730318
Q9H0K1,SIK2,MLP,0.940706925956508,-0.30447846631954845
Q9H0K1,SIK2,MLP,-0.3887295316309493,-0.2937187044218851
Q9H0K1,SIK2,MLP,2.7530845642366804,1.8612503843462698
Q9H0K1,SIK2,MLP,0.2738100083132727,-0.039787237609766435
Q9H0K1,SIK2,MLP,0.0684064970511018,-0.12620448625494846
Q9H0K1,SIK2,MLP,1.2832528671881505,1.3543184776699067
Q9H0K1,SIK2,MLP,2.0785351242194365,1.857135344438025
Q9H0K1,SIK2,MLP,-0.2954933236103924,-0.10129691203413754
Q9H0K1,SIK2,MLP,0.1435519404268229,0.02306668040102644
Q9H0K1,SIK2,MLP,-0.446358503858911,-0.14550096495191994
Q9H0K1,SIK2,MLP,-2.2545285417053416,-0.401396649099422
Q9H0K1,SIK2,MLP,0.9775003488576944,0.6683807281241343
Q9H0K1,SIK2,MLP,0.2148229192250684,-0.02412284743040044
Q9H0K1,SIK2,MLP,0.2019643814048483,0.22219913663270702
Q9H0K1,SIK2,MLP,0.2750464180291556,0.11334287323323128
Q9H4A3,WNK1,RandomForest,-1.7895162573679255,-0.3159122376426085
Q9H4A3,WNK1,RandomForest,1.5133892703536318,0.8092563478259902
Q9H4A3,WNK1,RandomForest,1.793087216170378,1.9441699261011742
Q9H4A3,WNK1,RandomForest,0.9939241071352628,0.079659839784147
Q9H4A3,WNK1,RandomForest,2.5630881431093897,0.73711965186355
Q9H4A3,WNK1,RandomForest,0.4990856118421783,1.0413217543615436
Q9H4A3,WNK1,RandomForest,-0.4194811482706579,1.015143080492579
Q9H4A3,WNK1,RandomForest,-0.2910752968893501,0.3737275035207633
Q9H4A3,WNK1,RandomForest,0.44294600046241,0.02356363991334219
Q9H4A3,WNK1,RandomForest,-0.0810074359954774,1.2212588281418228
Q9H4A3,WNK1,RandomForest,-2.681236786428044,-0.3925947658159943
Q9H4A3,WNK1,RandomForest,0.8343877956051301,0.268728398385837
Q9H4A3,WNK1,RandomForest,-0.6790303488973429,0.4445499075939879
Q9H4A3,WNK1,RandomForest,-0.57197179967813,1.3878327192821762
Q9H4A3,WNK1,RandomForest,-0.8636277862325181,-0.1786121639010498
Q9H4A3,WNK1,RandomForest,-0.3050838431157326,-0.5422488389491145
Q9H4A3,WNK1,RandomForest,1.5171037652694928,0.8579474806385231
Q9H4A3,WNK1,RandomForest,0.0514575590654232,-0.4158890721854439
Q9H4A3,WNK1,RandomForest,-0.3340516073498727,-0.8602737304326941
Q9H4A3,WNK1,XGBoost,-1.7895162573679255,-0.7210234999656677
Q9H4A3,WNK1,XGBoost,1.5133892703536318,1.2226040363311768
Q9H4A3,WNK1,XGBoost,1.793087216170378,3.3249449729919434
Q9H4A3,WNK1,XGBoost,0.9939241071352628,-0.3118809461593628
Q9H4A3,WNK1,XGBoost,2.5630881431093897,1.1269513368606567
Q9H4A3,WNK1,XGBoost,0.4990856118421783,1.1431353092193604
Q9H4A3,WNK1,XGBoost,-0.4194811482706579,1.20377779006958
Q9H4A3,WNK1,XGBoost,-0.2910752968893501,0.6217141151428223
Q9H4A3,WNK1,XGBoost,0.44294600046241,-0.46099960803985596
Q9H4A3,WNK1,XGBoost,-0.0810074359954774,1.4441254138946533
Q9H4A3,WNK1,XGBoost,-2.681236786428044,-0.5070202350616455
Q9H4A3,WNK1,XGBoost,0.8343877956051301,-0.23743487894535065
Q9H4A3,WNK1,XGBoost,-0.6790303488973429,-0.1864619106054306
Q9H4A3,WNK1,XGBoost,-0.57197179967813,1.7296808958053589
Q9H4A3,WNK1,XGBoost,-0.8636277862325181,-0.07240709662437439
Q9H4A3,WNK1,XGBoost,-0.3050838431157326,-0.3644915819168091
Q9H4A3,WNK1,XGBoost,1.5171037652694928,1.2297776937484741
Q9H4A3,WNK1,XGBoost,0.0514575590654232,-0.2017761766910553
Q9H4A3,WNK1,XGBoost,-0.3340516073498727,-1.037449836730957
Q9H4A3,WNK1,PLS,-1.7895162573679255,-0.3775873674349048
Q9H4A3,WNK1,PLS,1.5133892703536318,1.5537159374416922
Q9H4A3,WNK1,PLS,1.793087216170378,1.558551031981491
Q9H4A3,WNK1,PLS,0.9939241071352628,1.1285686120676526
Q9H4A3,WNK1,PLS,2.5630881431093897,1.87026169922603
Q9H4A3,WNK1,PLS,0.4990856118421783,0.815858023015265
Q9H4A3,WNK1,PLS,-0.4194811482706579,1.1308791935053657
Q9H4A3,WNK1,PLS,-0.2910752968893501,0.05128151528796687
Q9H4A3,WNK1,PLS,0.44294600046241,-1.3786898475135512
Q9H4A3,WNK1,PLS,-0.0810074359954774,1.4043327666487688
Q9H4A3,WNK1,PLS,-2.681236786428044,-0.28927616680377694
Q9H4A3,WNK1,PLS,0.8343877956051301,0.8366446230513795
Q9H4A3,WNK1,PLS,-0.6790303488973429,-0.9104236575110003
Q9H4A3,WNK1,PLS,-0.57197179967813,0.9300516322125381
Q9H4A3,WNK1,PLS,-0.8636277862325181,0.322545493786935
Q9H4A3,WNK1,PLS,-0.3050838431157326,-1.4744392471680587
Q9H4A3,WNK1,PLS,1.5171037652694928,0.6160036488793256
Q9H4A3,WNK1,PLS,0.0514575590654232,-0.8763708675422104
Q9H4A3,WNK1,PLS,-0.3340516073498727,-0.4820285166310259
Q9H4A3,WNK1,SVR,-1.7895162573679255,-0.8444004353200981
Q9H4A3,WNK1,SVR,1.5133892703536318,1.422999987567703
Q9H4A3,WNK1,SVR,1.793087216170378,1.1991694398331205
Q9H4A3,WNK1,SVR,0.9939241071352628,0.9558956092160672
Q9H4A3,WNK1,SVR,2.5630881431093897,2.084252584067997
Q9H4A3,WNK1,SVR,0.4990856118421783,0.7405905794127124
Q9H4A3,WNK1,SVR,-0.4194811482706579,0.4598338013613516
Q9H4A3,WNK1,SVR,-0.2910752968893501,-0.0992858954937756
Q9H4A3,WNK1,SVR,0.44294600046241,-1.8364490803359965
Q9H4A3,WNK1,SVR,-0.0810074359954774,0.6388851987934173
Q9H4A3,WNK1,SVR,-2.681236786428044,-0.2663958590589071
Q9H4A3,WNK1,SVR,0.8343877956051301,-0.21687250776440875
Q9H4A3,WNK1,SVR,-0.6790303488973429,-1.9046380632240747
Q9H4A3,WNK1,SVR,-0.57197179967813,1.241023308828697
Q9H4A3,WNK1,SVR,-0.8636277862325181,-0.17231719827376818
Q9H4A3,WNK1,SVR,-0.3050838431157326,-1.8246923040394802
Q9H4A3,WNK1,SVR,1.5171037652694928,0.5572424724754005
Q9H4A3,WNK1,SVR,0.0514575590654232,-2.4159329133978513
Q9H4A3,WNK1,SVR,-0.3340516073498727,-0.8425252737612542
Q9H4A3,WNK1,Lasso,-1.7895162573679255,-0.3475737879233371
Q9H4A3,WNK1,Lasso,1.5133892703536318,1.044089439267588
Q9H4A3,WNK1,Lasso,1.793087216170378,1.29695601878646
Q9H4A3,WNK1,Lasso,0.9939241071352628,0.7184826011794102
Q9H4A3,WNK1,Lasso,2.5630881431093897,1.2798376233352853
Q9H4A3,WNK1,Lasso,0.4990856118421783,0.7865708881735758
Q9H4A3,WNK1,Lasso,-0.4194811482706579,0.8888522380507604
Q9H4A3,WNK1,Lasso,-0.2910752968893501,0.38909902168166643
Q9H4A3,WNK1,Lasso,0.44294600046241,-0.7257466307115994
Q9H4A3,WNK1,Lasso,-0.0810074359954774,1.1282020448655392
Q9H4A3,WNK1,Lasso,-2.681236786428044,0.20327617753718732
Q9H4A3,WNK1,Lasso,0.8343877956051301,0.6731394029115105
Q9H4A3,WNK1,Lasso,-0.6790303488973429,-0.3711891467348533
Q9H4A3,WNK1,Lasso,-0.57197179967813,0.9573387539262233
Q9H4A3,WNK1,Lasso,-0.8636277862325181,0.24481262880344268
Q9H4A3,WNK1,Lasso,-0.3050838431157326,-0.6567884402189048
Q9H4A3,WNK1,Lasso,1.5171037652694928,0.8937135624550943
Q9H4A3,WNK1,Lasso,0.0514575590654232,-0.6528753559741274
Q9H4A3,WNK1,Lasso,-0.3340516073498727,-0.6726499515763373
Q9H4A3,WNK1,ElasticNet,-1.7895162573679255,-0.3561029717014827
Q9H4A3,WNK1,ElasticNet,1.5133892703536318,1.2753654255178057
Q9H4A3,WNK1,ElasticNet,1.793087216170378,1.291911014236032
Q9H4A3,WNK1,ElasticNet,0.9939241071352628,0.8074286788358063
Q9H4A3,WNK1,ElasticNet,2.5630881431093897,1.488826031618609
Q9H4A3,WNK1,ElasticNet,0.4990856118421783,0.8654021219208075
Q9H4A3,WNK1,ElasticNet,-0.4194811482706579,0.886275346317486
Q9H4A3,WNK1,ElasticNet,-0.2910752968893501,0.260691474279647
Q9H4A3,WNK1,ElasticNet,0.44294600046241,-0.9472575194986155
Q9H4A3,WNK1,ElasticNet,-0.0810074359954774,1.2366154660214153
Q9H4A3,WNK1,ElasticNet,-2.681236786428044,0.09411781917573953
Q9H4A3,WNK1,ElasticNet,0.8343877956051301,0.3755435519310565
Q9H4A3,WNK1,ElasticNet,-0.6790303488973429,-0.4693134175049815
Q9H4A3,WNK1,ElasticNet,-0.57197179967813,1.0530967019621138
Q9H4A3,WNK1,ElasticNet,-0.8636277862325181,0.28677868848374266
Q9H4A3,WNK1,ElasticNet,-0.3050838431157326,-0.9141120329056094
Q9H4A3,WNK1,ElasticNet,1.5171037652694928,0.8790926056051607
Q9H4A3,WNK1,ElasticNet,0.0514575590654232,-0.8197002778683278
Q9H4A3,WNK1,ElasticNet,-0.3340516073498727,-0.6805340196852943
Q9H4A3,WNK1,GradientBoosting,-1.7895162573679255,-0.5780865266671217
Q9H4A3,WNK1,GradientBoosting,1.5133892703536318,0.7886631116542226
Q9H4A3,WNK1,GradientBoosting,1.793087216170378,2.8474139325823056
Q9H4A3,WNK1,GradientBoosting,0.9939241071352628,0.004998804267922007
Q9H4A3,WNK1,GradientBoosting,2.5630881431093897,1.0829156997726967
Q9H4A3,WNK1,GradientBoosting,0.4990856118421783,0.8713308644839007
Q9H4A3,WNK1,GradientBoosting,-0.4194811482706579,1.282841532180178
Q9H4A3,WNK1,GradientBoosting,-0.2910752968893501,0.9328211935232753
Q9H4A3,WNK1,GradientBoosting,0.44294600046241,0.276130567572282
Q9H4A3,WNK1,GradientBoosting,-0.0810074359954774,1.4138917254449404
Q9H4A3,WNK1,GradientBoosting,-2.681236786428044,-0.6516485310544265
Q9H4A3,WNK1,GradientBoosting,0.8343877956051301,0.27901135026444684
Q9H4A3,WNK1,GradientBoosting,-0.6790303488973429,0.8271529835082003
Q9H4A3,WNK1,GradientBoosting,-0.57197179967813,1.2165873318299105
Q9H4A3,WNK1,GradientBoosting,-0.8636277862325181,-0.20731502377431724
Q9H4A3,WNK1,GradientBoosting,-0.3050838431157326,-0.9038895133042568
Q9H4A3,WNK1,GradientBoosting,1.5171037652694928,0.9373043126180022
Q9H4A3,WNK1,GradientBoosting,0.0514575590654232,-0.8463525269165814
Q9H4A3,WNK1,GradientBoosting,-0.3340516073498727,-0.9183648677838495
Q9H4A3,WNK1,MLP,-1.7895162573679255,-1.2863817936292112
Q9H4A3,WNK1,MLP,1.5133892703536318,0.3204613252147447
Q9H4A3,WNK1,MLP,1.793087216170378,0.7612269933562321
Q9H4A3,WNK1,MLP,0.9939241071352628,-0.00015382165679223014
Q9H4A3,WNK1,MLP,2.5630881431093897,0.27066546518493795
Q9H4A3,WNK1,MLP,0.4990856118421783,0.0253627126406879
Q9H4A3,WNK1,MLP,-0.4194811482706579,1.0003361366198311
Q9H4A3,WNK1,MLP,-0.2910752968893501,1.1514273773901826
Q9H4A3,WNK1,MLP,0.44294600046241,-0.8929920450115729
Q9H4A3,WNK1,MLP,-0.0810074359954774,1.6647742133526338
Q9H4A3,WNK1,MLP,-2.681236786428044,0.6098390759958946
Q9H4A3,WNK1,MLP,0.8343877956051301,0.31846523546789296
Q9H4A3,WNK1,MLP,-0.6790303488973429,0.5863346807806922
Q9H4A3,WNK1,MLP,-0.57197179967813,0.21501976433862724
Q9H4A3,WNK1,MLP,-0.8636277862325181,0.5622828120513187
Q9H4A3,WNK1,MLP,-0.3050838431157326,-1.4006455414727852
Q9H4A3,WNK1,MLP,1.5171037652694928,1.7130220737323634
Q9H4A3,WNK1,MLP,0.0514575590654232,-2.492358361022418
Q9H4A3,WNK1,MLP,-0.3340516073498727,0.12372256935670597
Q9HAZ1,CLK4,RandomForest,0.3582523353937238,0.6890573934386955
Q9HAZ1,CLK4,RandomForest,3.111672090574366,-0.07671745150882718
Q9HAZ1,CLK4,RandomForest,-0.5391071593406327,0.35759179283719145
Q9HAZ1,CLK4,RandomForest,0.3424040033488552,1.8374218965480211
Q9HAZ1,CLK4,RandomForest,-1.5856361162558468,0.5513459304212012
Q9HAZ1,CLK4,RandomForest,2.1555797247010373,-0.08042902351881205
Q9HAZ1,CLK4,RandomForest,0.406795850741438,0.4045813576196845
Q9HAZ1,CLK4,RandomForest,0.1824338363710964,0.389223234007847
Q9HAZ1,CLK4,RandomForest,-0.1189779948012383,0.4362088826438362
Q9HAZ1,CLK4,RandomForest,0.0978870970714081,1.9103053869968085
Q9HAZ1,CLK4,RandomForest,0.5402347094998221,0.34855520785200445
Q9HAZ1,CLK4,RandomForest,0.2393196453767013,0.1332360620444238
Q9HAZ1,CLK4,RandomForest,0.5827990493834444,0.6905278006630645
Q9HAZ1,CLK4,RandomForest,1.6558579512342049,-0.42883735714327187
Q9HAZ1,CLK4,RandomForest,0.362745931798261,0.46422771394861223
Q9HAZ1,CLK4,RandomForest,-0.0721545365297401,0.9470477152884971
Q9HAZ1,CLK4,RandomForest,0.1349602147666916,0.6553864970333493
Q9HAZ1,CLK4,RandomForest,2.3785089807216915,0.8397517739308158
Q9HAZ1,CLK4,RandomForest,0.4515026010149376,0.27849729449416183
Q9HAZ1,CLK4,XGBoost,0.3582523353937238,0.4163033068180084
Q9HAZ1,CLK4,XGBoost,3.111672090574366,-1.7597413063049316
Q9HAZ1,CLK4,XGBoost,-0.5391071593406327,0.7211604118347168
Q9HAZ1,CLK4,XGBoost,0.3424040033488552,2.4834604263305664
Q9HAZ1,CLK4,XGBoost,-1.5856361162558468,0.45461392402648926
Q9HAZ1,CLK4,XGBoost,2.1555797247010373,1.5278098583221436
Q9HAZ1,CLK4,XGBoost,0.406795850741438,0.4614422917366028
Q9HAZ1,CLK4,XGBoost,0.1824338363710964,0.7440404891967773
Q9HAZ1,CLK4,XGBoost,-0.1189779948012383,0.5767794251441956
Q9HAZ1,CLK4,XGBoost,0.0978870970714081,2.4834604263305664
Q9HAZ1,CLK4,XGBoost,0.5402347094998221,0.4395444989204407
Q9HAZ1,CLK4,XGBoost,0.2393196453767013,-0.08406251668930054
Q9HAZ1,CLK4,XGBoost,0.5827990493834444,1.3622543811798096
Q9HAZ1,CLK4,XGBoost,1.6558579512342049,-1.7623531818389893
Q9HAZ1,CLK4,XGBoost,0.362745931798261,0.30448800325393677
Q9HAZ1,CLK4,XGBoost,-0.0721545365297401,0.8682719469070435
Q9HAZ1,CLK4,XGBoost,0.1349602147666916,0.7731248140335083
Q9HAZ1,CLK4,XGBoost,2.3785089807216915,1.000815749168396
Q9HAZ1,CLK4,XGBoost,0.4515026010149376,0.855578601360321
Q9HAZ1,CLK4,PLS,0.3582523353937238,0.6520812035203923
Q9HAZ1,CLK4,PLS,3.111672090574366,1.087903071775765
Q9HAZ1,CLK4,PLS,-0.5391071593406327,-0.07542570047541586
Q9HAZ1,CLK4,PLS,0.3424040033488552,0.4399246549780987
Q9HAZ1,CLK4,PLS,-1.5856361162558468,0.3975877544918008
Q9HAZ1,CLK4,PLS,2.1555797247010373,1.0472558853485228
Q9HAZ1,CLK4,PLS,0.406795850741438,0.2205364526979866
Q9HAZ1,CLK4,PLS,0.1824338363710964,0.13194323888396509
Q9HAZ1,CLK4,PLS,-0.1189779948012383,0.8371246584397423
Q9HAZ1,CLK4,PLS,0.0978870970714081,0.5917361108145892
Q9HAZ1,CLK4,PLS,0.5402347094998221,0.06435226540714806
Q9HAZ1,CLK4,PLS,0.2393196453767013,-0.018072017997128376
Q9HAZ1,CLK4,PLS,0.5827990493834444,0.3328443149144674
Q9HAZ1,CLK4,PLS,1.6558579512342049,1.1093162667070207
Q9HAZ1,CLK4,PLS,0.362745931798261,0.37541227307954794
Q9HAZ1,CLK4,PLS,-0.0721545365297401,0.26439524872763054
Q9HAZ1,CLK4,PLS,0.1349602147666916,0.47357738209994693
Q9HAZ1,CLK4,PLS,2.3785089807216915,0.32621107303665764
Q9HAZ1,CLK4,PLS,0.4515026010149376,0.16367683230033842
Q9HAZ1,CLK4,SVR,0.3582523353937238,0.5418833652344194
Q9HAZ1,CLK4,SVR,3.111672090574366,0.8364538819522643
Q9HAZ1,CLK4,SVR,-0.5391071593406327,-0.15419912013730508
Q9HAZ1,CLK4,SVR,0.3424040033488552,0.21204948354226894
Q9HAZ1,CLK4,SVR,-1.5856361162558468,0.3072021375616202
Q9HAZ1,CLK4,SVR,2.1555797247010373,0.7978270040040903
Q9HAZ1,CLK4,SVR,0.406795850741438,0.09515460515399449
Q9HAZ1,CLK4,SVR,0.1824338363710964,0.09144751464909329
Q9HAZ1,CLK4,SVR,-0.1189779948012383,0.7932965868613927
Q9HAZ1,CLK4,SVR,0.0978870970714081,0.31513035348745844
Q9HAZ1,CLK4,SVR,0.5402347094998221,-0.008422753508310232
Q9HAZ1,CLK4,SVR,0.2393196453767013,0.066255750730429
Q9HAZ1,CLK4,SVR,0.5827990493834444,0.21600405650481624
Q9HAZ1,CLK4,SVR,1.6558579512342049,0.866941782965002
Q9HAZ1,CLK4,SVR,0.362745931798261,0.2576943175289963
Q9HAZ1,CLK4,SVR,-0.0721545365297401,0.11217269316379808
Q9HAZ1,CLK4,SVR,0.1349602147666916,0.3121015990633561
Q9HAZ1,CLK4,SVR,2.3785089807216915,0.2205684014175836
Q9HAZ1,CLK4,SVR,0.4515026010149376,0.10552727988650823
Q9HAZ1,CLK4,Lasso,0.3582523353937238,0.5275290815718601
Q9HAZ1,CLK4,Lasso,3.111672090574366,0.8067711526849746
Q9HAZ1,CLK4,Lasso,-0.5391071593406327,0.2160978964941541
Q9HAZ1,CLK4,Lasso,0.3424040033488552,0.537102537224491
Q9HAZ1,CLK4,Lasso,-1.5856361162558468,0.4124386224996648
Q9HAZ1,CLK4,Lasso,2.1555797247010373,0.7891365379948279
Q9HAZ1,CLK4,Lasso,0.406795850741438,0.3715785373028043
Q9HAZ1,CLK4,Lasso,0.1824338363710964,0.26900463640913813
Q9HAZ1,CLK4,Lasso,-0.1189779948012383,0.5479883736849892
Q9HAZ1,CLK4,Lasso,0.0978870970714081,0.6342443949449644
Q9HAZ1,CLK4,Lasso,0.5402347094998221,0.26798467265336895
Q9HAZ1,CLK4,Lasso,0.2393196453767013,0.1109986766773991
Q9HAZ1,CLK4,Lasso,0.5827990493834444,0.40713953822326754
Q9HAZ1,CLK4,Lasso,1.6558579512342049,0.8084460093612502
Q9HAZ1,CLK4,Lasso,0.362745931798261,0.4255641560769333
Q9HAZ1,CLK4,Lasso,-0.0721545365297401,0.40799431619415766
Q9HAZ1,CLK4,Lasso,0.1349602147666916,0.49725498289531994
Q9HAZ1,CLK4,Lasso,2.3785089807216915,0.39555820803395153
Q9HAZ1,CLK4,Lasso,0.4515026010149376,0.2929038353406488
Q9HAZ1,CLK4,ElasticNet,0.3582523353937238,0.5743874787460459
Q9HAZ1,CLK4,ElasticNet,3.111672090574366,0.893261549101211
Q9HAZ1,CLK4,ElasticNet,-0.5391071593406327,0.12069176488069555
Q9HAZ1,CLK4,ElasticNet,0.3424040033488552,0.5585969180955904
Q9HAZ1,CLK4,ElasticNet,-1.5856361162558468,0.4204801804931993
Q9HAZ1,CLK4,ElasticNet,2.1555797247010373,0.8672832371592692
Q9HAZ1,CLK4,ElasticNet,0.406795850741438,0.36750317644556624
Q9HAZ1,CLK4,ElasticNet,0.1824338363710964,0.23018576878065664
Q9HAZ1,CLK4,ElasticNet,-0.1189779948012383,0.6230717027070769
Q9HAZ1,CLK4,ElasticNet,0.0978870970714081,0.6730464184349714
Q9HAZ1,CLK4,ElasticNet,0.5402347094998221,0.22121754672937152
Q9HAZ1,CLK4,ElasticNet,0.2393196453767013,0.026065806367355115
Q9HAZ1,CLK4,ElasticNet,0.5827990493834444,0.3955857890041981
Q9HAZ1,CLK4,ElasticNet,1.6558579512342049,0.9039761775935473
Q9HAZ1,CLK4,ElasticNet,0.362745931798261,0.43615313132017025
Q9HAZ1,CLK4,ElasticNet,-0.0721545365297401,0.3852013615880808
Q9HAZ1,CLK4,ElasticNet,0.1349602147666916,0.508758995660065
Q9HAZ1,CLK4,ElasticNet,2.3785089807216915,0.37978850123622676
Q9HAZ1,CLK4,ElasticNet,0.4515026010149376,0.22510028059979054
Q9HAZ1,CLK4,GradientBoosting,0.3582523353937238,0.6117490995811644
Q9HAZ1,CLK4,GradientBoosting,3.111672090574366,-0.6094577697130645
Q9HAZ1,CLK4,GradientBoosting,-0.5391071593406327,0.9521647086999864
Q9HAZ1,CLK4,GradientBoosting,0.3424040033488552,2.4354012579045605
Q9HAZ1,CLK4,GradientBoosting,-1.5856361162558468,0.716111440471975
Q9HAZ1,CLK4,GradientBoosting,2.1555797247010373,-0.6094577697130645
Q9HAZ1,CLK4,GradientBoosting,0.406795850741438,0.1871138229638584
Q9HAZ1,CLK4,GradientBoosting,0.1824338363710964,0.4930609797436689
Q9HAZ1,CLK4,GradientBoosting,-0.1189779948012383,0.4925895457808932
Q9HAZ1,CLK4,GradientBoosting,0.0978870970714081,2.358967492555763
Q9HAZ1,CLK4,GradientBoosting,0.5402347094998221,0.256460741850378
Q9HAZ1,CLK4,GradientBoosting,0.2393196453767013,0.09110616508894401
Q9HAZ1,CLK4,GradientBoosting,0.5827990493834444,0.555145781105193
Q9HAZ1,CLK4,GradientBoosting,1.6558579512342049,-0.6076837528467786
Q9HAZ1,CLK4,GradientBoosting,0.362745931798261,0.3539951269987495
Q9HAZ1,CLK4,GradientBoosting,-0.0721545365297401,0.9772927547164304
Q9HAZ1,CLK4,GradientBoosting,0.1349602147666916,0.6507694778920221
Q9HAZ1,CLK4,GradientBoosting,2.3785089807216915,0.6762523288157574
Q9HAZ1,CLK4,GradientBoosting,0.4515026010149376,0.596411129903712
Q9HAZ1,CLK4,MLP,0.3582523353937238,0.05016300886064125
Q9HAZ1,CLK4,MLP,3.111672090574366,0.9418698301044526
Q9HAZ1,CLK4,MLP,-0.5391071593406327,0.05016300886064125
Q9HAZ1,CLK4,MLP,0.3424040033488552,0.6074755987931781
Q9HAZ1,CLK4,MLP,-1.5856361162558468,0.05016300886064125
Q9HAZ1,CLK4,MLP,2.1555797247010373,0.9249110370874507
Q9HAZ1,CLK4,MLP,0.406795850741438,0.05016300886064125
Q9HAZ1,CLK4,MLP,0.1824338363710964,0.05016300886064125
Q9HAZ1,CLK4,MLP,-0.1189779948012383,0.05016300886064125
Q9HAZ1,CLK4,MLP,0.0978870970714081,0.9183120379265837
Q9HAZ1,CLK4,MLP,0.5402347094998221,0.05016300886064125
Q9HAZ1,CLK4,MLP,0.2393196453767013,0.05016300886064125
Q9HAZ1,CLK4,MLP,0.5827990493834444,0.05016300886064125
Q9HAZ1,CLK4,MLP,1.6558579512342049,0.8878581545132392
Q9HAZ1,CLK4,MLP,0.362745931798261,0.05016300886064125
Q9HAZ1,CLK4,MLP,-0.0721545365297401,0.16243668209622214
Q9HAZ1,CLK4,MLP,0.1349602147666916,0.2657482668188449
Q9HAZ1,CLK4,MLP,2.3785089807216915,0.05016300886064125
Q9HAZ1,CLK4,MLP,0.4515026010149376,0.05016300886064125
Q9HBH9,MKNK2,RandomForest,0.8338193856132817,0.1535104020674828
Q9HBH9,MKNK2,RandomForest,-0.1629872157518873,-0.14694953831401505
Q9HBH9,MKNK2,RandomForest,0.4426861377703077,-0.03728030065693521
Q9HBH9,MKNK2,RandomForest,-0.0869279968018335,-0.34803651924118634
Q9HBH9,MKNK2,RandomForest,-0.4177675315033248,-0.22175195090453192
Q9HBH9,MKNK2,RandomForest,0.4841929456283806,0.07440008806107157
Q9HBH9,MKNK2,RandomForest,0.0600050596731088,-0.019504447299929617
Q9HBH9,MKNK2,RandomForest,0.640510298404675,-0.3166201795868845
Q9HBH9,MKNK2,RandomForest,-0.0508719905252727,-0.6557457432354221
Q9HBH9,MKNK2,RandomForest,-0.0433998026466133,-0.6119678775661481
Q9HBH9,MKNK2,RandomForest,0.2642760496931,-0.7966125836239965
Q9HBH9,MKNK2,RandomForest,0.2877667677370858,0.08583792834351862
Q9HBH9,MKNK2,RandomForest,0.0067782704794885,-0.6832988613074932
Q9HBH9,MKNK2,RandomForest,0.6068004756480725,0.018632037755478396
Q9HBH9,MKNK2,RandomForest,0.7768459159023492,-0.10593130234843055
Q9HBH9,MKNK2,RandomForest,-0.1534410963519243,-0.26878295433003385
Q9HBH9,MKNK2,RandomForest,-1.3536181960565503,-0.5664394372310071
Q9HBH9,MKNK2,RandomForest,-0.5068472397813705,-3.109628979289233
Q9HBH9,MKNK2,RandomForest,-1.099051333178612,-2.2756026151353907
Q9HBH9,MKNK2,XGBoost,0.8338193856132817,0.07612176239490509
Q9HBH9,MKNK2,XGBoost,-0.1629872157518873,-0.12473393231630325
Q9HBH9,MKNK2,XGBoost,0.4426861377703077,0.3147927522659302
Q9HBH9,MKNK2,XGBoost,-0.0869279968018335,-0.7366652488708496
Q9HBH9,MKNK2,XGBoost,-0.4177675315033248,0.06538732349872589
Q9HBH9,MKNK2,XGBoost,0.4841929456283806,0.11220352351665497
Q9HBH9,MKNK2,XGBoost,0.0600050596731088,-0.4914667308330536
Q9HBH9,MKNK2,XGBoost,0.640510298404675,-0.33158379793167114
Q9HBH9,MKNK2,XGBoost,-0.0508719905252727,-1.150754690170288
Q9HBH9,MKNK2,XGBoost,-0.0433998026466133,-0.5312995910644531
Q9HBH9,MKNK2,XGBoost,0.2642760496931,-1.4477025270462036
Q9HBH9,MKNK2,XGBoost,0.2877667677370858,0.1607840657234192
Q9HBH9,MKNK2,XGBoost,0.0067782704794885,-1.4904203414916992
Q9HBH9,MKNK2,XGBoost,0.6068004756480725,0.29023924469947815
Q9HBH9,MKNK2,XGBoost,0.7768459159023492,-0.12473393231630325
Q9HBH9,MKNK2,XGBoost,-0.1534410963519243,-0.4219714105129242
Q9HBH9,MKNK2,XGBoost,-1.3536181960565503,-1.497727870941162
Q9HBH9,MKNK2,XGBoost,-0.5068472397813705,-4.189731597900391
Q9HBH9,MKNK2,XGBoost,-1.099051333178612,-1.5449217557907104
Q9HBH9,MKNK2,PLS,0.8338193856132817,0.22058447871982806
Q9HBH9,MKNK2,PLS,-0.1629872157518873,0.03351850340289508
Q9HBH9,MKNK2,PLS,0.4426861377703077,-0.2654022528148012
Q9HBH9,MKNK2,PLS,-0.0869279968018335,-0.09102844019777692
Q9HBH9,MKNK2,PLS,-0.4177675315033248,-0.290933643173563
Q9HBH9,MKNK2,PLS,0.4841929456283806,-0.32083563159993855
Q9HBH9,MKNK2,PLS,0.0600050596731088,0.28374190974976626
Q9HBH9,MKNK2,PLS,0.640510298404675,-0.0893032838757937
Q9HBH9,MKNK2,PLS,-0.0508719905252727,-0.14433324687054197
Q9HBH9,MKNK2,PLS,-0.0433998026466133,0.1253440364349378
Q9HBH9,MKNK2,PLS,0.2642760496931,0.12309265002977215
Q9HBH9,MKNK2,PLS,0.2877667677370858,-0.27213240301165315
Q9HBH9,MKNK2,PLS,0.0067782704794885,-0.2627264011108072
Q9HBH9,MKNK2,PLS,0.6068004756480725,-0.5216157181169963
Q9HBH9,MKNK2,PLS,0.7768459159023492,0.02378909324425632
Q9HBH9,MKNK2,PLS,-0.1534410963519243,0.057691821941429966
Q9HBH9,MKNK2,PLS,-1.3536181960565503,-0.15879394642677622
Q9HBH9,MKNK2,PLS,-0.5068472397813705,-0.6557772526197372
Q9HBH9,MKNK2,PLS,-1.099051333178612,-1.9979813910385378
Q9HBH9,MKNK2,SVR,0.8338193856132817,0.2698517662683669
Q9HBH9,MKNK2,SVR,-0.1629872157518873,0.10481425925120547
Q9HBH9,MKNK2,SVR,0.4426861377703077,-0.20941250860259947
Q9HBH9,MKNK2,SVR,-0.0869279968018335,0.009809753711166491
Q9HBH9,MKNK2,SVR,-0.4177675315033248,-0.19626998785507987
Q9HBH9,MKNK2,SVR,0.4841929456283806,-0.2501963532033991
Q9HBH9,MKNK2,SVR,0.0600050596731088,0.4063195777648538
Q9HBH9,MKNK2,SVR,0.640510298404675,-0.016104157074444625
Q9HBH9,MKNK2,SVR,-0.0508719905252727,-0.041125196437809264
Q9HBH9,MKNK2,SVR,-0.0433998026466133,0.23205383539212182
Q9HBH9,MKNK2,SVR,0.2642760496931,0.21174598434774705
Q9HBH9,MKNK2,SVR,0.2877667677370858,-0.22459706167491572
Q9HBH9,MKNK2,SVR,0.0067782704794885,-0.16157973042115953
Q9HBH9,MKNK2,SVR,0.6068004756480725,-0.39260389145557656
Q9HBH9,MKNK2,SVR,0.7768459159023492,0.08954254570516679
Q9HBH9,MKNK2,SVR,-0.1534410963519243,0.12756451215786418
Q9HBH9,MKNK2,SVR,-1.3536181960565503,-0.07253572442594675
Q9HBH9,MKNK2,SVR,-0.5068472397813705,-0.5741607771125963
Q9HBH9,MKNK2,SVR,-1.099051333178612,-1.85224622307954
Q9HBH9,MKNK2,Lasso,0.8338193856132817,0.24406408678591607
Q9HBH9,MKNK2,Lasso,-0.1629872157518873,-0.03534697344115911
Q9HBH9,MKNK2,Lasso,0.4426861377703077,-0.22051334230191605
Q9HBH9,MKNK2,Lasso,-0.0869279968018335,-0.1569260293376139
Q9HBH9,MKNK2,Lasso,-0.4177675315033248,-0.2809466663310068
Q9HBH9,MKNK2,Lasso,0.4841929456283806,-0.2755428371451298
Q9HBH9,MKNK2,Lasso,0.0600050596731088,0.12000962632458628
Q9HBH9,MKNK2,Lasso,0.640510298404675,-0.06378342721834615
Q9HBH9,MKNK2,Lasso,-0.0508719905252727,-0.16733599279707217
Q9HBH9,MKNK2,Lasso,-0.0433998026466133,-0.01110280312692652
Q9HBH9,MKNK2,Lasso,0.2642760496931,0.04960889153932768
Q9HBH9,MKNK2,Lasso,0.2877667677370858,-0.2578886681681274
Q9HBH9,MKNK2,Lasso,0.0067782704794885,-0.23115829194293558
Q9HBH9,MKNK2,Lasso,0.6068004756480725,-0.45192171079044957
Q9HBH9,MKNK2,Lasso,0.7768459159023492,-0.06408966913089731
Q9HBH9,MKNK2,Lasso,-0.1534410963519243,0.0525193661441708
Q9HBH9,MKNK2,Lasso,-1.3536181960565503,-0.167559347654181
Q9HBH9,MKNK2,Lasso,-0.5068472397813705,-0.6622357694742916
Q9HBH9,MKNK2,Lasso,-1.099051333178612,-1.5734890259437093
Q9HBH9,MKNK2,ElasticNet,0.8338193856132817,0.22256378185787096
Q9HBH9,MKNK2,ElasticNet,-0.1629872157518873,-0.015966613497003346
Q9HBH9,MKNK2,ElasticNet,0.4426861377703077,-0.2383043224648435
Q9HBH9,MKNK2,ElasticNet,-0.0869279968018335,-0.14031872204581158
Q9HBH9,MKNK2,ElasticNet,-0.4177675315033248,-0.28981743954102757
Q9HBH9,MKNK2,ElasticNet,0.4841929456283806,-0.29443649791732696
Q9HBH9,MKNK2,ElasticNet,0.0600050596731088,0.16372297279643866
Q9HBH9,MKNK2,ElasticNet,0.640510298404675,-0.08136377659739061
Q9HBH9,MKNK2,ElasticNet,-0.0508719905252727,-0.16785773841047177
Q9HBH9,MKNK2,ElasticNet,-0.0433998026466133,0.02829071420592144
Q9HBH9,MKNK2,ElasticNet,0.2642760496931,0.06538596501432054
Q9HBH9,MKNK2,ElasticNet,0.2877667677370858,-0.26098772468216397
Q9HBH9,MKNK2,ElasticNet,0.0067782704794885,-0.25114174457153543
Q9HBH9,MKNK2,ElasticNet,0.6068004756480725,-0.48548629027511664
Q9HBH9,MKNK2,ElasticNet,0.7768459159023492,-0.03538302178636424
Q9HBH9,MKNK2,ElasticNet,-0.1534410963519243,0.044345324290546995
Q9HBH9,MKNK2,ElasticNet,-1.3536181960565503,-0.1708020069202869
Q9HBH9,MKNK2,ElasticNet,-0.5068472397813705,-0.6513648608792985
Q9HBH9,MKNK2,ElasticNet,-1.099051333178612,-1.7184540124315189
Q9HBH9,MKNK2,GradientBoosting,0.8338193856132817,-0.31489479920011204
Q9HBH9,MKNK2,GradientBoosting,-0.1629872157518873,0.028592556635070737
Q9HBH9,MKNK2,GradientBoosting,0.4426861377703077,0.22035903202712964
Q9HBH9,MKNK2,GradientBoosting,-0.0869279968018335,-0.8766670587480139
Q9HBH9,MKNK2,GradientBoosting,-0.4177675315033248,-0.5974124396188284
Q9HBH9,MKNK2,GradientBoosting,0.4841929456283806,0.09181810919400618
Q9HBH9,MKNK2,GradientBoosting,0.0600050596731088,1.0421444711616867
Q9HBH9,MKNK2,GradientBoosting,0.640510298404675,-0.2930584232955222
Q9HBH9,MKNK2,GradientBoosting,-0.0508719905252727,-1.3461978481263734
Q9HBH9,MKNK2,GradientBoosting,-0.0433998026466133,-0.21323247473310228
Q9HBH9,MKNK2,GradientBoosting,0.2642760496931,-0.9779493881875524
Q9HBH9,MKNK2,GradientBoosting,0.2877667677370858,0.1214600085465427
Q9HBH9,MKNK2,GradientBoosting,0.0067782704794885,-1.0708553433174512
Q9HBH9,MKNK2,GradientBoosting,0.6068004756480725,0.27827460670925025
Q9HBH9,MKNK2,GradientBoosting,0.7768459159023492,-0.008258573673147496
Q9HBH9,MKNK2,GradientBoosting,-0.1534410963519243,-0.40274573006835457
Q9HBH9,MKNK2,GradientBoosting,-1.3536181960565503,-1.3577600784346708
Q9HBH9,MKNK2,GradientBoosting,-0.5068472397813705,-4.460287009465632
Q9HBH9,MKNK2,GradientBoosting,-1.099051333178612,-1.926730867506379
Q9HBH9,MKNK2,MLP,0.8338193856132817,-0.46328652090323574
Q9HBH9,MKNK2,MLP,-0.1629872157518873,-0.24858083587228383
Q9HBH9,MKNK2,MLP,0.4426861377703077,-0.2942610586614953
Q9HBH9,MKNK2,MLP,-0.0869279968018335,-0.24858083587228383
Q9HBH9,MKNK2,MLP,-0.4177675315033248,-0.24858083587228383
Q9HBH9,MKNK2,MLP,0.4841929456283806,-0.2563350637794052
Q9HBH9,MKNK2,MLP,0.0600050596731088,-0.24858083587228383
Q9HBH9,MKNK2,MLP,0.640510298404675,-0.2680103425237904
Q9HBH9,MKNK2,MLP,-0.0508719905252727,-0.24858083587228383
Q9HBH9,MKNK2,MLP,-0.0433998026466133,-0.24858083587228383
Q9HBH9,MKNK2,MLP,0.2642760496931,-0.24858083587228383
Q9HBH9,MKNK2,MLP,0.2877667677370858,-0.2630691775285808
Q9HBH9,MKNK2,MLP,0.0067782704794885,-0.24858083587228383
Q9HBH9,MKNK2,MLP,0.6068004756480725,-0.24858083587228383
Q9HBH9,MKNK2,MLP,0.7768459159023492,-0.24858083587228383
Q9HBH9,MKNK2,MLP,-0.1534410963519243,-0.27844885959895377
Q9HBH9,MKNK2,MLP,-1.3536181960565503,-0.24858083587228383
Q9HBH9,MKNK2,MLP,-0.5068472397813705,-0.24858083587228383
Q9HBH9,MKNK2,MLP,-1.099051333178612,-0.2537872015235137
Q9NSY1,BMP2K,RandomForest,0.5343541665824459,-0.2833034285814411
Q9NSY1,BMP2K,RandomForest,0.1939343894843138,0.04197788177500222
Q9NSY1,BMP2K,RandomForest,1.137636403627331,0.07035191147380847
Q9NSY1,BMP2K,RandomForest,0.1030163230425475,-0.1351511914282234
Q9NSY1,BMP2K,RandomForest,-0.1682388353903651,0.11474650468014215
Q9NSY1,BMP2K,RandomForest,-0.149429274988842,0.16381911011951888
Q9NSY1,BMP2K,RandomForest,0.0418851021035137,-0.15147339869870483
Q9NSY1,BMP2K,RandomForest,0.9891986424037348,-0.7815326878490191
Q9NSY1,BMP2K,RandomForest,0.8664234127653614,-0.608678318140119
Q9NSY1,BMP2K,RandomForest,-0.2122652867634029,-0.02232274000215078
Q9NSY1,BMP2K,RandomForest,0.8026619222443456,-0.2879347494346007
Q9NSY1,BMP2K,RandomForest,0.6526263493424868,0.5298968431882276
Q9NSY1,BMP2K,RandomForest,-0.830716011271881,-0.2583233330351403
Q9NSY1,BMP2K,RandomForest,-0.3867161900686325,-0.4202781626378107
Q9NSY1,BMP2K,RandomForest,0.3838030925630973,-0.14736513465063075
Q9NSY1,BMP2K,RandomForest,0.27502951917856,-0.49883917211096124
Q9NSY1,BMP2K,RandomForest,0.1928587125390162,-0.735016723047168
Q9NSY1,BMP2K,RandomForest,0.2019766981697083,-0.1052177706911148
Q9NSY1,BMP2K,RandomForest,0.4291997663149397,0.6116059630963104
Q9NSY1,BMP2K,XGBoost,0.5343541665824459,-0.5406692028045654
Q9NSY1,BMP2K,XGBoost,0.1939343894843138,0.24371616542339325
Q9NSY1,BMP2K,XGBoost,1.137636403627331,-0.015057179145514965
Q9NSY1,BMP2K,XGBoost,0.1030163230425475,0.23910309374332428
Q9NSY1,BMP2K,XGBoost,-0.1682388353903651,0.6973901391029358
Q9NSY1,BMP2K,XGBoost,-0.149429274988842,0.049673158675432205
Q9NSY1,BMP2K,XGBoost,0.0418851021035137,-0.5054317712783813
Q9NSY1,BMP2K,XGBoost,0.9891986424037348,-1.0999220609664917
Q9NSY1,BMP2K,XGBoost,0.8664234127653614,-0.35478484630584717
Q9NSY1,BMP2K,XGBoost,-0.2122652867634029,-0.045571040362119675
Q9NSY1,BMP2K,XGBoost,0.8026619222443456,0.2327909618616104
Q9NSY1,BMP2K,XGBoost,0.6526263493424868,0.7597561478614807
Q9NSY1,BMP2K,XGBoost,-0.830716011271881,-0.4997352063655853
Q9NSY1,BMP2K,XGBoost,-0.3867161900686325,-1.0572974681854248
Q9NSY1,BMP2K,XGBoost,0.3838030925630973,-0.2345104217529297
Q9NSY1,BMP2K,XGBoost,0.27502951917856,-0.3492755591869354
Q9NSY1,BMP2K,XGBoost,0.1928587125390162,-0.18841518461704254
Q9NSY1,BMP2K,XGBoost,0.2019766981697083,-0.3173414468765259
Q9NSY1,BMP2K,XGBoost,0.4291997663149397,1.1363656520843506
Q9NSY1,BMP2K,PLS,0.5343541665824459,0.05783984293327907
Q9NSY1,BMP2K,PLS,0.1939343894843138,0.016952264850262508
Q9NSY1,BMP2K,PLS,1.137636403627331,0.21999702104733182
Q9NSY1,BMP2K,PLS,0.1030163230425475,-0.096580242189833
Q9NSY1,BMP2K,PLS,-0.1682388353903651,0.06390442157234387
Q9NSY1,BMP2K,PLS,-0.149429274988842,-0.05668587427232283
Q9NSY1,BMP2K,PLS,0.0418851021035137,0.11119415695991912
Q9NSY1,BMP2K,PLS,0.9891986424037348,-0.12918321598104168
Q9NSY1,BMP2K,PLS,0.8664234127653614,-0.35406568872563104
Q9NSY1,BMP2K,PLS,-0.2122652867634029,-0.07074022056216206
Q9NSY1,BMP2K,PLS,0.8026619222443456,-0.12361711816817236
Q9NSY1,BMP2K,PLS,0.6526263493424868,0.36874409886544013
Q9NSY1,BMP2K,PLS,-0.830716011271881,-0.07132475840393751
Q9NSY1,BMP2K,PLS,-0.3867161900686325,-0.08665086642753148
Q9NSY1,BMP2K,PLS,0.3838030925630973,0.26339752907461544
Q9NSY1,BMP2K,PLS,0.27502951917856,-0.3165888765456103
Q9NSY1,BMP2K,PLS,0.1928587125390162,-0.1901213439283728
Q9NSY1,BMP2K,PLS,0.2019766981697083,0.2508395541461837
Q9NSY1,BMP2K,PLS,0.4291997663149397,0.5240966076155765
Q9NSY1,BMP2K,SVR,0.5343541665824459,0.03321350629417477
Q9NSY1,BMP2K,SVR,0.1939343894843138,-0.00709493624691146
Q9NSY1,BMP2K,SVR,1.137636403627331,0.09783749944459888
Q9NSY1,BMP2K,SVR,0.1030163230425475,-0.04737177214155738
Q9NSY1,BMP2K,SVR,-0.1682388353903651,0.004724734910441258
Q9NSY1,BMP2K,SVR,-0.149429274988842,-0.035749621245207946
Q9NSY1,BMP2K,SVR,0.0418851021035137,0.05450639147763317
Q9NSY1,BMP2K,SVR,0.9891986424037348,-0.08367007931693374
Q9NSY1,BMP2K,SVR,0.8664234127653614,-0.18587131653906516
Q9NSY1,BMP2K,SVR,-0.2122652867634029,-0.028100750821184434
Q9NSY1,BMP2K,SVR,0.8026619222443456,-0.08970994808465324
Q9NSY1,BMP2K,SVR,0.6526263493424868,0.17533726031283184
Q9NSY1,BMP2K,SVR,-0.830716011271881,-0.05375454127714566
Q9NSY1,BMP2K,SVR,-0.3867161900686325,-0.06306001841237471
Q9NSY1,BMP2K,SVR,0.3838030925630973,0.11277285020971553
Q9NSY1,BMP2K,SVR,0.27502951917856,-0.16855625565352514
Q9NSY1,BMP2K,SVR,0.1928587125390162,-0.09923595362777801
Q9NSY1,BMP2K,SVR,0.2019766981697083,0.10152080145601641
Q9NSY1,BMP2K,SVR,0.4291997663149397,0.2853537124140506
Q9NSY1,BMP2K,Lasso,0.5343541665824459,0.08157414972459932
Q9NSY1,BMP2K,Lasso,0.1939343894843138,0.03622052100483826
Q9NSY1,BMP2K,Lasso,1.137636403627331,0.1491450634657891
Q9NSY1,BMP2K,Lasso,0.1030163230425475,0.0036429780698407632
Q9NSY1,BMP2K,Lasso,-0.1682388353903651,0.04964708582993685
Q9NSY1,BMP2K,Lasso,-0.149429274988842,0.006380544232309229
Q9NSY1,BMP2K,Lasso,0.0418851021035137,0.10294172651401376
Q9NSY1,BMP2K,Lasso,0.9891986424037348,-0.046777630978468945
Q9NSY1,BMP2K,Lasso,0.8664234127653614,-0.15469116509653505
Q9NSY1,BMP2K,Lasso,-0.2122652867634029,0.04101982578779587
Q9NSY1,BMP2K,Lasso,0.8026619222443456,-0.05535664091975426
Q9NSY1,BMP2K,Lasso,0.6526263493424868,0.23516072635764482
Q9NSY1,BMP2K,Lasso,-0.830716011271881,-0.013786187073115547
Q9NSY1,BMP2K,Lasso,-0.3867161900686325,-0.02410131777990876
Q9NSY1,BMP2K,Lasso,0.3838030925630973,0.16337858483830558
Q9NSY1,BMP2K,Lasso,0.27502951917856,-0.13570453326494636
Q9NSY1,BMP2K,Lasso,0.1928587125390162,-0.06153801837460671
Q9NSY1,BMP2K,Lasso,0.2019766981697083,0.1502933560238714
Q9NSY1,BMP2K,Lasso,0.4291997663149397,0.3536240726512125
Q9NSY1,BMP2K,ElasticNet,0.5343541665824459,0.06743764031884768
Q9NSY1,BMP2K,ElasticNet,0.1939343894843138,0.026888065051759856
Q9NSY1,BMP2K,ElasticNet,1.137636403627331,0.18053072030417866
Q9NSY1,BMP2K,ElasticNet,0.1030163230425475,-0.036634163149142154
Q9NSY1,BMP2K,ElasticNet,-0.1682388353903651,0.05913138848371187
Q9NSY1,BMP2K,ElasticNet,-0.149429274988842,-0.024079494349399946
Q9NSY1,BMP2K,ElasticNet,0.0418851021035137,0.10332718762597529
Q9NSY1,BMP2K,ElasticNet,0.9891986424037348,-0.0849352139757347
Q9NSY1,BMP2K,ElasticNet,0.8664234127653614,-0.2471459943157217
Q9NSY1,BMP2K,ElasticNet,-0.2122652867634029,0.009674198266748125
Q9NSY1,BMP2K,ElasticNet,0.8026619222443456,-0.08691439194097214
Q9NSY1,BMP2K,ElasticNet,0.6526263493424868,0.2971839796644091
Q9NSY1,BMP2K,ElasticNet,-0.830716011271881,-0.03996546578708367
Q9NSY1,BMP2K,ElasticNet,-0.3867161900686325,-0.05249158266674854
Q9NSY1,BMP2K,ElasticNet,0.3838030925630973,0.20803185544303046
Q9NSY1,BMP2K,ElasticNet,0.27502951917856,-0.21897878735401344
Q9NSY1,BMP2K,ElasticNet,0.1928587125390162,-0.12254511843377822
Q9NSY1,BMP2K,ElasticNet,0.2019766981697083,0.1954220376759631
Q9NSY1,BMP2K,ElasticNet,0.4291997663149397,0.42519227041756474
Q9NSY1,BMP2K,GradientBoosting,0.5343541665824459,-0.7760859152342733
Q9NSY1,BMP2K,GradientBoosting,0.1939343894843138,-0.06304733986625541
Q9NSY1,BMP2K,GradientBoosting,1.137636403627331,0.27143529960355983
Q9NSY1,BMP2K,GradientBoosting,0.1030163230425475,-0.3982553159780168
Q9NSY1,BMP2K,GradientBoosting,-0.1682388353903651,-0.037968676290913196
Q9NSY1,BMP2K,GradientBoosting,-0.149429274988842,0.10832957001569048
Q9NSY1,BMP2K,GradientBoosting,0.0418851021035137,-0.5082146088099126
Q9NSY1,BMP2K,GradientBoosting,0.9891986424037348,-0.6226326603832872
Q9NSY1,BMP2K,GradientBoosting,0.8664234127653614,-0.9605465665306816
Q9NSY1,BMP2K,GradientBoosting,-0.2122652867634029,-0.08382586744546361
Q9NSY1,BMP2K,GradientBoosting,0.8026619222443456,-0.16864097906799155
Q9NSY1,BMP2K,GradientBoosting,0.6526263493424868,-0.08941874668783763
Q9NSY1,BMP2K,GradientBoosting,-0.830716011271881,-0.2942440409236754
Q9NSY1,BMP2K,GradientBoosting,-0.3867161900686325,-0.809190353966152
Q9NSY1,BMP2K,GradientBoosting,0.3838030925630973,-0.19440211441813343
Q9NSY1,BMP2K,GradientBoosting,0.27502951917856,-0.9982467901636831
Q9NSY1,BMP2K,GradientBoosting,0.1928587125390162,-1.0333828748336304
Q9NSY1,BMP2K,GradientBoosting,0.2019766981697083,-0.2400951820859039
Q9NSY1,BMP2K,GradientBoosting,0.4291997663149397,0.5537871101058348
Q9NSY1,BMP2K,MLP,0.5343541665824459,0.050414760576346904
Q9NSY1,BMP2K,MLP,0.1939343894843138,-0.07723585069763901
Q9NSY1,BMP2K,MLP,1.137636403627331,-0.037476969385719046
Q9NSY1,BMP2K,MLP,0.1030163230425475,-0.07723585069763901
Q9NSY1,BMP2K,MLP,-0.1682388353903651,-0.07723585069763901
Q9NSY1,BMP2K,MLP,-0.149429274988842,-0.07723585069763901
Q9NSY1,BMP2K,MLP,0.0418851021035137,0.05358619895444276
Q9NSY1,BMP2K,MLP,0.9891986424037348,-0.07723585069763901
Q9NSY1,BMP2K,MLP,0.8664234127653614,-0.2578190493875859
Q9NSY1,BMP2K,MLP,-0.2122652867634029,-0.07723585069763901
Q9NSY1,BMP2K,MLP,0.8026619222443456,-0.07723585069763901
Q9NSY1,BMP2K,MLP,0.6526263493424868,-0.05456428766537944
Q9NSY1,BMP2K,MLP,-0.830716011271881,-0.07723585069763901
Q9NSY1,BMP2K,MLP,-0.3867161900686325,-0.07723585069763901
Q9NSY1,BMP2K,MLP,0.3838030925630973,-0.04315547245730505
Q9NSY1,BMP2K,MLP,0.27502951917856,-0.20071657758504197
Q9NSY1,BMP2K,MLP,0.1928587125390162,-0.17769372123583077
Q9NSY1,BMP2K,MLP,0.2019766981697083,-0.07186064673333077
Q9NSY1,BMP2K,MLP,0.4291997663149397,0.37284789594795115
Q9NYV4,CDK12,RandomForest,0.5036127134120343,0.24904931430556304
Q9NYV4,CDK12,RandomForest,0.1346426279989897,0.29347685065989654
Q9NYV4,CDK12,RandomForest,-0.0047013778730568,-0.054920207420545125
Q9NYV4,CDK12,RandomForest,-0.3370766760409512,-0.26948591031236274
Q9NYV4,CDK12,RandomForest,0.2666888266684303,0.038492998109660184
Q9NYV4,CDK12,RandomForest,0.3951193500890831,0.1937068529344222
Q9NYV4,CDK12,RandomForest,-0.8022216386380476,0.08980483260873136
Q9NYV4,CDK12,RandomForest,1.0129238367469555,0.5482891637525641
Q9NYV4,CDK12,RandomForest,1.2635901226458286,0.7347775755707542
Q9NYV4,CDK12,RandomForest,-0.3512531087087595,-0.08684754706052637
Q9NYV4,CDK12,RandomForest,-0.9176841228699608,0.5794124704668626
Q9NYV4,CDK12,RandomForest,-1.296132688935116,0.044767791953614126
Q9NYV4,CDK12,RandomForest,1.1151044855173915,0.3232623089267057
Q9NYV4,CDK12,RandomForest,0.5424537246086893,0.08562035290635628
Q9NYV4,CDK12,RandomForest,0.3483567500813853,-0.20744169787778635
Q9NYV4,CDK12,RandomForest,0.2235865938418833,0.5317852614298704
Q9NYV4,CDK12,RandomForest,0.7657673838781467,0.40915235155402224
Q9NYV4,CDK12,RandomForest,-3.297866053302624,0.37527959041253967
Q9NYV4,CDK12,RandomForest,1.9130812982241592,0.21861558206797146
Q9NYV4,CDK12,XGBoost,0.5036127134120343,0.2557777762413025
Q9NYV4,CDK12,XGBoost,0.1346426279989897,-0.06934049725532532
Q9NYV4,CDK12,XGBoost,-0.0047013778730568,0.2525467574596405
Q9NYV4,CDK12,XGBoost,-0.3370766760409512,-0.2938680648803711
Q9NYV4,CDK12,XGBoost,0.2666888266684303,-0.039161499589681625
Q9NYV4,CDK12,XGBoost,0.3951193500890831,0.11238190531730652
Q9NYV4,CDK12,XGBoost,-0.8022216386380476,-0.4535815119743347
Q9NYV4,CDK12,XGBoost,1.0129238367469555,0.5482392311096191
Q9NYV4,CDK12,XGBoost,1.2635901226458286,0.4622560441493988
Q9NYV4,CDK12,XGBoost,-0.3512531087087595,0.15813085436820984
Q9NYV4,CDK12,XGBoost,-0.9176841228699608,0.8040579557418823
Q9NYV4,CDK12,XGBoost,-1.296132688935116,0.10771194845438004
Q9NYV4,CDK12,XGBoost,1.1151044855173915,0.2055879384279251
Q9NYV4,CDK12,XGBoost,0.5424537246086893,0.1535472571849823
Q9NYV4,CDK12,XGBoost,0.3483567500813853,-0.4879083037376404
Q9NYV4,CDK12,XGBoost,0.2235865938418833,0.7515208125114441
Q9NYV4,CDK12,XGBoost,0.7657673838781467,0.24717745184898376
Q9NYV4,CDK12,XGBoost,-3.297866053302624,0.507164478302002
Q9NYV4,CDK12,XGBoost,1.9130812982241592,0.4822659194469452
Q9NYV4,CDK12,PLS,0.5036127134120343,0.872754128970469
Q9NYV4,CDK12,PLS,0.1346426279989897,1.031958536058218
Q9NYV4,CDK12,PLS,-0.0047013778730568,-0.6240237833090552
Q9NYV4,CDK12,PLS,-0.3370766760409512,-0.37158778277470317
Q9NYV4,CDK12,PLS,0.2666888266684303,-0.448682724721553
Q9NYV4,CDK12,PLS,0.3951193500890831,0.42413061976063626
Q9NYV4,CDK12,PLS,-0.8022216386380476,0.12346048841595941
Q9NYV4,CDK12,PLS,1.0129238367469555,-0.022667066774915784
Q9NYV4,CDK12,PLS,1.2635901226458286,0.39585068201461243
Q9NYV4,CDK12,PLS,-0.3512531087087595,-0.5709333484457558
Q9NYV4,CDK12,PLS,-0.9176841228699608,-0.30898437190916517
Q9NYV4,CDK12,PLS,-1.296132688935116,-0.6384831814281829
Q9NYV4,CDK12,PLS,1.1151044855173915,0.25551901588300197
Q9NYV4,CDK12,PLS,0.5424537246086893,0.36073538958581747
Q9NYV4,CDK12,PLS,0.3483567500813853,0.25133981121617327
Q9NYV4,CDK12,PLS,0.2235865938418833,0.06869688741901529
Q9NYV4,CDK12,PLS,0.7657673838781467,-0.37876680574581567
Q9NYV4,CDK12,PLS,-3.297866053302624,-1.262707479441676
Q9NYV4,CDK12,PLS,1.9130812982241592,-0.37540413517401316
Q9NYV4,CDK12,SVR,0.5036127134120343,0.24740426143982752
Q9NYV4,CDK12,SVR,0.1346426279989897,1.0813349482470915
Q9NYV4,CDK12,SVR,-0.0047013778730568,-0.41100698822490234
Q9NYV4,CDK12,SVR,-0.3370766760409512,-0.603514723505364
Q9NYV4,CDK12,SVR,0.2666888266684303,-0.06179019396374264
Q9NYV4,CDK12,SVR,0.3951193500890831,-0.1303664462351346
Q9NYV4,CDK12,SVR,-0.8022216386380476,0.4674289707988475
Q9NYV4,CDK12,SVR,1.0129238367469555,0.22359127536861223
Q9NYV4,CDK12,SVR,1.2635901226458286,1.097325699242996
Q9NYV4,CDK12,SVR,-0.3512531087087595,-0.42294259643800847
Q9NYV4,CDK12,SVR,-0.9176841228699608,0.6027981007961394
Q9NYV4,CDK12,SVR,-1.296132688935116,-0.37113989396377445
Q9NYV4,CDK12,SVR,1.1151044855173915,0.41084694423697643
Q9NYV4,CDK12,SVR,0.5424537246086893,0.3189348746477898
Q9NYV4,CDK12,SVR,0.3483567500813853,0.4229896085019076
Q9NYV4,CDK12,SVR,0.2235865938418833,-0.5112774348907951
Q9NYV4,CDK12,SVR,0.7657673838781467,-0.24993042323552483
Q9NYV4,CDK12,SVR,-3.297866053302624,0.024834409131118555
Q9NYV4,CDK12,SVR,1.9130812982241592,-1.462282731164323
Q9NYV4,CDK12,Lasso,0.5036127134120343,0.12363103744453433
Q9NYV4,CDK12,Lasso,0.1346426279989897,0.4485235217376161
Q9NYV4,CDK12,Lasso,-0.0047013778730568,-0.03905336763512038
Q9NYV4,CDK12,Lasso,-0.3370766760409512,0.25302135052192476
Q9NYV4,CDK12,Lasso,0.2666888266684303,-0.12961974279051786
Q9NYV4,CDK12,Lasso,0.3951193500890831,0.22664966187003274
Q9NYV4,CDK12,Lasso,-0.8022216386380476,0.2575630412663425
Q9NYV4,CDK12,Lasso,1.0129238367469555,0.3005255636898811
Q9NYV4,CDK12,Lasso,1.2635901226458286,0.7988796826076163
Q9NYV4,CDK12,Lasso,-0.3512531087087595,-0.13444940733714683
Q9NYV4,CDK12,Lasso,-0.9176841228699608,0.21450231691652719
Q9NYV4,CDK12,Lasso,-1.296132688935116,-0.34556372151038967
Q9NYV4,CDK12,Lasso,1.1151044855173915,0.6019156921141373
Q9NYV4,CDK12,Lasso,0.5424537246086893,0.11059984023944457
Q9NYV4,CDK12,Lasso,0.3483567500813853,0.029916614572772143
Q9NYV4,CDK12,Lasso,0.2235865938418833,0.5645486112556348
Q9NYV4,CDK12,Lasso,0.7657673838781467,0.1963050350312307
Q9NYV4,CDK12,Lasso,-3.297866053302624,0.006515422968125767
Q9NYV4,CDK12,Lasso,1.9130812982241592,-0.2664555621405648
Q9NYV4,CDK12,ElasticNet,0.5036127134120343,0.23368394135644877
Q9NYV4,CDK12,ElasticNet,0.1346426279989897,0.6334811672202336
Q9NYV4,CDK12,ElasticNet,-0.0047013778730568,-0.22360929141550262
Q9NYV4,CDK12,ElasticNet,-0.3370766760409512,0.1122392559719809
Q9NYV4,CDK12,ElasticNet,0.2666888266684303,-0.12617066291488926
Q9NYV4,CDK12,ElasticNet,0.3951193500890831,0.24827941322268476
Q9NYV4,CDK12,ElasticNet,-0.8022216386380476,0.41804634416674014
Q9NYV4,CDK12,ElasticNet,1.0129238367469555,0.3534210264259784
Q9NYV4,CDK12,ElasticNet,1.2635901226458286,0.8253990805296585
Q9NYV4,CDK12,ElasticNet,-0.3512531087087595,-0.1896029201423075
Q9NYV4,CDK12,ElasticNet,-0.9176841228699608,0.20162081217507685
Q9NYV4,CDK12,ElasticNet,-1.296132688935116,-0.5476919223743082
Q9NYV4,CDK12,ElasticNet,1.1151044855173915,0.5610990289216629
Q9NYV4,CDK12,ElasticNet,0.5424537246086893,0.18089709668521475
Q9NYV4,CDK12,ElasticNet,0.3483567500813853,0.21012988942663316
Q9NYV4,CDK12,ElasticNet,0.2235865938418833,0.22923822025265816
Q9NYV4,CDK12,ElasticNet,0.7657673838781467,0.0425825153740772
Q9NYV4,CDK12,ElasticNet,-3.297866053302624,-0.11325320452088145
Q9NYV4,CDK12,ElasticNet,1.9130812982241592,-0.44686192992098456
Q9NYV4,CDK12,GradientBoosting,0.5036127134120343,0.1149923876808129
Q9NYV4,CDK12,GradientBoosting,0.1346426279989897,0.5747283074799805
Q9NYV4,CDK12,GradientBoosting,-0.0047013778730568,-0.22501188243953132
Q9NYV4,CDK12,GradientBoosting,-0.3370766760409512,-0.8047582086849966
Q9NYV4,CDK12,GradientBoosting,0.2666888266684303,0.0493284111847767
Q9NYV4,CDK12,GradientBoosting,0.3951193500890831,0.2235138376756175
Q9NYV4,CDK12,GradientBoosting,-0.8022216386380476,0.378331854171107
Q9NYV4,CDK12,GradientBoosting,1.0129238367469555,0.9294730766868373
Q9NYV4,CDK12,GradientBoosting,1.2635901226458286,0.6736205966484146
Q9NYV4,CDK12,GradientBoosting,-0.3512531087087595,-0.3394786955838419
Q9NYV4,CDK12,GradientBoosting,-0.9176841228699608,0.8265811809241772
Q9NYV4,CDK12,GradientBoosting,-1.296132688935116,0.3718749061179116
Q9NYV4,CDK12,GradientBoosting,1.1151044855173915,0.4765444384105126
Q9NYV4,CDK12,GradientBoosting,0.5424537246086893,0.18869605738444456
Q9NYV4,CDK12,GradientBoosting,0.3483567500813853,-0.40644335489337674
Q9NYV4,CDK12,GradientBoosting,0.2235865938418833,0.5120480086077345
Q9NYV4,CDK12,GradientBoosting,0.7657673838781467,0.5192222333501164
Q9NYV4,CDK12,GradientBoosting,-3.297866053302624,0.434381782938968
Q9NYV4,CDK12,GradientBoosting,1.9130812982241592,0.38524600751259547
Q9NYV4,CDK12,MLP,0.5036127134120343,0.42763059608987136
Q9NYV4,CDK12,MLP,0.1346426279989897,1.1517381250196315
Q9NYV4,CDK12,MLP,-0.0047013778730568,-0.9679185555251246
Q9NYV4,CDK12,MLP,-0.3370766760409512,-0.31619274593433966
Q9NYV4,CDK12,MLP,0.2666888266684303,-0.13160219436249918
Q9NYV4,CDK12,MLP,0.3951193500890831,0.10633948296152629
Q9NYV4,CDK12,MLP,-0.8022216386380476,0.21482294835582666
Q9NYV4,CDK12,MLP,1.0129238367469555,0.8835416906314579
Q9NYV4,CDK12,MLP,1.2635901226458286,0.8472390292507104
Q9NYV4,CDK12,MLP,-0.3512531087087595,-0.16465320962128863
Q9NYV4,CDK12,MLP,-0.9176841228699608,0.6812858465363099
Q9NYV4,CDK12,MLP,-1.296132688935116,0.07471373876255943
Q9NYV4,CDK12,MLP,1.1151044855173915,0.054273232841548
Q9NYV4,CDK12,MLP,0.5424537246086893,0.7511194683272406
Q9NYV4,CDK12,MLP,0.3483567500813853,-0.04374045858365164
Q9NYV4,CDK12,MLP,0.2235865938418833,-0.10144699084329506
Q9NYV4,CDK12,MLP,0.7657673838781467,-0.4788091843990467
Q9NYV4,CDK12,MLP,-3.297866053302624,-0.6737068357069913
Q9NYV4,CDK12,MLP,1.9130812982241592,-0.012051883106950712
Q9UKE5,TNIK,RandomForest,-1.386012634586259,-1.716277728794233
Q9UKE5,TNIK,RandomForest,-1.0119238631690584,-0.722715702406179
Q9UKE5,TNIK,RandomForest,0.6535962512391132,0.31592973384081213
Q9UKE5,TNIK,RandomForest,-1.023414801895942,-0.6988722325272992
Q9UKE5,TNIK,RandomForest,-0.3058384430216648,-0.4758197433234499
Q9UKE5,TNIK,RandomForest,-0.8384357604678842,-0.8036058547875571
Q9UKE5,TNIK,RandomForest,-0.7534318922014324,-0.6917750512889278
Q9UKE5,TNIK,RandomForest,0.244818230550695,0.608034894966284
Q9UKE5,TNIK,RandomForest,0.0297488249023484,-0.293922198129523
Q9UKE5,TNIK,RandomForest,-0.8894556620426296,-0.7257660433130912
Q9UKE5,TNIK,RandomForest,-1.5720258014675277,-1.377370796288642
Q9UKE5,TNIK,RandomForest,-0.3430867087338011,-0.44146341268153116
Q9UKE5,TNIK,RandomForest,0.0264832663608134,0.06962172754355361
Q9UKE5,TNIK,RandomForest,-1.1135878638173649,-0.6898164689091728
Q9UKE5,TNIK,RandomForest,-0.1216354240422704,-0.18585493099685657
Q9UKE5,TNIK,RandomForest,-0.3557399139107342,-0.416386338349328
Q9UKE5,TNIK,RandomForest,-0.7089208462560419,-0.7856567948155196
Q9UKE5,TNIK,RandomForest,1.43803915487979,1.3638038872171745
Q9UKE5,TNIK,RandomForest,-0.3552639389045322,-0.3899276525470166
Q9UKE5,TNIK,XGBoost,-1.386012634586259,-1.8200021982192993
Q9UKE5,TNIK,XGBoost,-1.0119238631690584,-1.151133418083191
Q9UKE5,TNIK,XGBoost,0.6535962512391132,0.6247787475585938
Q9UKE5,TNIK,XGBoost,-1.023414801895942,-0.9322910904884338
Q9UKE5,TNIK,XGBoost,-0.3058384430216648,-0.4967493414878845
Q9UKE5,TNIK,XGBoost,-0.8384357604678842,-1.1858924627304077
Q9UKE5,TNIK,XGBoost,-0.7534318922014324,-0.9188382625579834
Q9UKE5,TNIK,XGBoost,0.244818230550695,0.20627707242965698
Q9UKE5,TNIK,XGBoost,0.0297488249023484,-0.17122095823287964
Q9UKE5,TNIK,XGBoost,-0.8894556620426296,-0.9138277769088745
Q9UKE5,TNIK,XGBoost,-1.5720258014675277,-1.2815731763839722
Q9UKE5,TNIK,XGBoost,-0.3430867087338011,-0.7156447768211365
Q9UKE5,TNIK,XGBoost,0.0264832663608134,-0.23290176689624786
Q9UKE5,TNIK,XGBoost,-1.1135878638173649,-1.0153629779815674
Q9UKE5,TNIK,XGBoost,-0.1216354240422704,-0.0866800844669342
Q9UKE5,TNIK,XGBoost,-0.3557399139107342,-0.42562809586524963
Q9UKE5,TNIK,XGBoost,-0.7089208462560419,-0.950908899307251
Q9UKE5,TNIK,XGBoost,1.43803915487979,1.3903826475143433
Q9UKE5,TNIK,XGBoost,-0.3552639389045322,-0.4826211631298065
Q9UKE5,TNIK,PLS,-1.386012634586259,-1.6699372754709212
Q9UKE5,TNIK,PLS,-1.0119238631690584,-1.064766315147708
Q9UKE5,TNIK,PLS,0.6535962512391132,0.5472857553162354
Q9UKE5,TNIK,PLS,-1.023414801895942,-0.9929589823346995
Q9UKE5,TNIK,PLS,-0.3058384430216648,-0.19646316516801046
Q9UKE5,TNIK,PLS,-0.8384357604678842,-0.8777125323027736
Q9UKE5,TNIK,PLS,-0.7534318922014324,-0.8929772089149997
Q9UKE5,TNIK,PLS,0.244818230550695,0.22675822151467295
Q9UKE5,TNIK,PLS,0.0297488249023484,0.01339948418066457
Q9UKE5,TNIK,PLS,-0.8894556620426296,-0.9128803588776915
Q9UKE5,TNIK,PLS,-1.5720258014675277,-1.4841044189815775
Q9UKE5,TNIK,PLS,-0.3430867087338011,-0.4995123886407738
Q9UKE5,TNIK,PLS,0.0264832663608134,-0.040573072287073096
Q9UKE5,TNIK,PLS,-1.1135878638173649,-1.1859039045139739
Q9UKE5,TNIK,PLS,-0.1216354240422704,-0.1335072900505916
Q9UKE5,TNIK,PLS,-0.3557399139107342,-0.26897001695764056
Q9UKE5,TNIK,PLS,-0.7089208462560419,-0.6055700383509254
Q9UKE5,TNIK,PLS,1.43803915487979,1.5123184223639536
Q9UKE5,TNIK,PLS,-0.3552639389045322,-0.4164852996823925
Q9UKE5,TNIK,SVR,-1.386012634586259,-1.6203528984259528
Q9UKE5,TNIK,SVR,-1.0119238631690584,-1.03058983275006
Q9UKE5,TNIK,SVR,0.6535962512391132,0.5413126896833578
Q9UKE5,TNIK,SVR,-1.023414801895942,-0.9869196983936837
Q9UKE5,TNIK,SVR,-0.3058384430216648,-0.18892753061661474
Q9UKE5,TNIK,SVR,-0.8384357604678842,-0.8561634057314954
Q9UKE5,TNIK,SVR,-0.7534318922014324,-0.8839094982098359
Q9UKE5,TNIK,SVR,0.244818230550695,0.22780147811923254
Q9UKE5,TNIK,SVR,0.0297488249023484,0.012310774827207521
Q9UKE5,TNIK,SVR,-0.8894556620426296,-0.9154978206246807
Q9UKE5,TNIK,SVR,-1.5720258014675277,-1.4558160018961916
Q9UKE5,TNIK,SVR,-0.3430867087338011,-0.4563517798533073
Q9UKE5,TNIK,SVR,0.0264832663608134,-0.016457584557687782
Q9UKE5,TNIK,SVR,-1.1135878638173649,-1.159021184453964
Q9UKE5,TNIK,SVR,-0.1216354240422704,-0.11245942141666168
Q9UKE5,TNIK,SVR,-0.3557399139107342,-0.24710364544893973
Q9UKE5,TNIK,SVR,-0.7089208462560419,-0.5899766748997989
Q9UKE5,TNIK,SVR,1.43803915487979,1.4751617744710186
Q9UKE5,TNIK,SVR,-0.3552639389045322,-0.39940882938837774
Q9UKE5,TNIK,Lasso,-1.386012634586259,-1.5031593072350173
Q9UKE5,TNIK,Lasso,-1.0119238631690584,-0.890918502411921
Q9UKE5,TNIK,Lasso,0.6535962512391132,0.4986291626549188
Q9UKE5,TNIK,Lasso,-1.023414801895942,-0.8985773696492283
Q9UKE5,TNIK,Lasso,-0.3058384430216648,-0.17767969054835148
Q9UKE5,TNIK,Lasso,-0.8384357604678842,-0.7485710258594884
Q9UKE5,TNIK,Lasso,-0.7534318922014324,-0.7960033669651156
Q9UKE5,TNIK,Lasso,0.244818230550695,0.16518109255882957
Q9UKE5,TNIK,Lasso,0.0297488249023484,-0.0114489799752642
Q9UKE5,TNIK,Lasso,-0.8894556620426296,-0.8572841534031161
Q9UKE5,TNIK,Lasso,-1.5720258014675277,-1.2775909032020245
Q9UKE5,TNIK,Lasso,-0.3430867087338011,-0.37116881795595524
Q9UKE5,TNIK,Lasso,0.0264832663608134,0.0030948295658072
Q9UKE5,TNIK,Lasso,-1.1135878638173649,-0.989758377064357
Q9UKE5,TNIK,Lasso,-0.1216354240422704,-0.11295656172606158
Q9UKE5,TNIK,Lasso,-0.3557399139107342,-0.2492242753867469
Q9UKE5,TNIK,Lasso,-0.7089208462560419,-0.566781669339131
Q9UKE5,TNIK,Lasso,1.43803915487979,1.2665829816000402
Q9UKE5,TNIK,Lasso,-0.3552639389045322,-0.24789728032455288
Q9UKE5,TNIK,ElasticNet,-1.386012634586259,-1.5561098558760684
Q9UKE5,TNIK,ElasticNet,-1.0119238631690584,-0.9236535076518094
Q9UKE5,TNIK,ElasticNet,0.6535962512391132,0.5225214099666798
Q9UKE5,TNIK,ElasticNet,-1.023414801895942,-0.9183310228316889
Q9UKE5,TNIK,ElasticNet,-0.3058384430216648,-0.19029393677430861
Q9UKE5,TNIK,ElasticNet,-0.8384357604678842,-0.7796129764080476
Q9UKE5,TNIK,ElasticNet,-0.7534318922014324,-0.8101248002081729
Q9UKE5,TNIK,ElasticNet,0.244818230550695,0.16099295787799467
Q9UKE5,TNIK,ElasticNet,0.0297488249023484,-0.01882865762058153
Q9UKE5,TNIK,ElasticNet,-0.8894556620426296,-0.8747704438053635
Q9UKE5,TNIK,ElasticNet,-1.5720258014675277,-1.3277997033756206
Q9UKE5,TNIK,ElasticNet,-0.3430867087338011,-0.3983419845327325
Q9UKE5,TNIK,ElasticNet,0.0264832663608134,0.00020862591082976278
Q9UKE5,TNIK,ElasticNet,-1.1135878638173649,-1.0178953805471087
Q9UKE5,TNIK,ElasticNet,-0.1216354240422704,-0.11353437899691202
Q9UKE5,TNIK,ElasticNet,-0.3557399139107342,-0.27019590201766497
Q9UKE5,TNIK,ElasticNet,-0.7089208462560419,-0.5884681109156311
Q9UKE5,TNIK,ElasticNet,1.43803915487979,1.302898100916063
Q9UKE5,TNIK,ElasticNet,-0.3552639389045322,-0.25959354772167476
Q9UKE5,TNIK,GradientBoosting,-1.386012634586259,-1.7410318963413494
Q9UKE5,TNIK,GradientBoosting,-1.0119238631690584,-1.0051373052886168
Q9UKE5,TNIK,GradientBoosting,0.6535962512391132,0.5654182585009775
Q9UKE5,TNIK,GradientBoosting,-1.023414801895942,-0.7737302677522246
Q9UKE5,TNIK,GradientBoosting,-0.3058384430216648,-0.2167501319225322
Q9UKE5,TNIK,GradientBoosting,-0.8384357604678842,-1.335323088827122
Q9UKE5,TNIK,GradientBoosting,-0.7534318922014324,-0.7969864694650075
Q9UKE5,TNIK,GradientBoosting,0.244818230550695,0.5893797070926051
Q9UKE5,TNIK,GradientBoosting,0.0297488249023484,-0.09481941214005829
Q9UKE5,TNIK,GradientBoosting,-0.8894556620426296,-0.6833243039147479
Q9UKE5,TNIK,GradientBoosting,-1.5720258014675277,-1.6304669988623672
Q9UKE5,TNIK,GradientBoosting,-0.3430867087338011,-0.5704884571236115
Q9UKE5,TNIK,GradientBoosting,0.0264832663608134,0.15069160808327958
Q9UKE5,TNIK,GradientBoosting,-1.1135878638173649,-0.9286951808137917
Q9UKE5,TNIK,GradientBoosting,-0.1216354240422704,-0.13786794984157158
Q9UKE5,TNIK,GradientBoosting,-0.3557399139107342,-0.5434199873489293
Q9UKE5,TNIK,GradientBoosting,-0.7089208462560419,-0.8151325442800194
Q9UKE5,TNIK,GradientBoosting,1.43803915487979,0.9265155983539826
Q9UKE5,TNIK,GradientBoosting,-0.3552639389045322,-0.4480099145630323
Q9UKE5,TNIK,MLP,-1.386012634586259,-2.234682694314876
Q9UKE5,TNIK,MLP,-1.0119238631690584,-0.004528035058100621
Q9UKE5,TNIK,MLP,0.6535962512391132,0.1573562880184426
Q9UKE5,TNIK,MLP,-1.023414801895942,-1.1345819992703896
Q9UKE5,TNIK,MLP,-0.3058384430216648,0.16196070095010429
Q9UKE5,TNIK,MLP,-0.8384357604678842,-0.7935509149971962
Q9UKE5,TNIK,MLP,-0.7534318922014324,-0.005107230935530116
Q9UKE5,TNIK,MLP,0.244818230550695,1.058071341492275
Q9UKE5,TNIK,MLP,0.0297488249023484,0.18570798140531297
Q9UKE5,TNIK,MLP,-0.8894556620426296,-1.1266457308896467
Q9UKE5,TNIK,MLP,-1.5720258014675277,-0.7143875039337868
Q9UKE5,TNIK,MLP,-0.3430867087338011,0.33504967193144053
Q9UKE5,TNIK,MLP,0.0264832663608134,1.0101337226545868
Q9UKE5,TNIK,MLP,-1.1135878638173649,-0.30422104615218193
Q9UKE5,TNIK,MLP,-0.1216354240422704,0.33189314447589674
Q9UKE5,TNIK,MLP,-0.3557399139107342,0.9823759449557208
Q9UKE5,TNIK,MLP,-0.7089208462560419,0.6767577633706687
Q9UKE5,TNIK,MLP,1.43803915487979,1.2222543670446993
Q9UKE5,TNIK,MLP,-0.3552639389045322,-0.9325312212924601
Q9Y2K2,SIK3,RandomForest,2.686986379301536,2.0152878010055333
Q9Y2K2,SIK3,RandomForest,0.512955331189573,0.3206409622446618
Q9Y2K2,SIK3,RandomForest,0.132627815783268,0.7238809940796116
Q9Y2K2,SIK3,RandomForest,0.4408423833733998,-0.352601670167089
Q9Y2K2,SIK3,RandomForest,-0.2434427812075662,0.34696343568146204
Q9Y2K2,SIK3,RandomForest,0.267185591783935,-0.13277375546328915
Q9Y2K2,SIK3,RandomForest,0.1423472706023517,-0.36341774866386317
Q9Y2K2,SIK3,RandomForest,0.3952320042113444,0.5990343435201222
Q9Y2K2,SIK3,RandomForest,0.3910224565869074,0.48189389526152454
Q9Y2K2,SIK3,RandomForest,-1.6412781075649372,-0.6044600335160477
Q9Y2K2,SIK3,RandomForest,0.4149712066517001,0.1834098616336791
Q9Y2K2,SIK3,RandomForest,1.4145924447746785,0.37524030876851744
Q9Y2K2,SIK3,RandomForest,0.5761135923203429,-0.026323380035271834
Q9Y2K2,SIK3,RandomForest,-0.4064213722387428,0.4276711317365565
Q9Y2K2,SIK3,RandomForest,1.8684041153842528,1.8093424121331372
Q9Y2K2,SIK3,RandomForest,-0.0528176724196576,0.14452299165260574
Q9Y2K2,SIK3,RandomForest,-0.0379073505852908,0.016511173613101608
Q9Y2K2,SIK3,RandomForest,1.1736445679096184,0.6545210823507973
Q9Y2K2,SIK3,RandomForest,-0.6929694068349967,0.21459801091038636
Q9Y2K2,SIK3,XGBoost,2.686986379301536,0.05110269784927368
Q9Y2K2,SIK3,XGBoost,0.512955331189573,0.06699656695127487
Q9Y2K2,SIK3,XGBoost,0.132627815783268,0.1348288357257843
Q9Y2K2,SIK3,XGBoost,0.4408423833733998,-0.42375409603118896
Q9Y2K2,SIK3,XGBoost,-0.2434427812075662,0.32129237055778503
Q9Y2K2,SIK3,XGBoost,0.267185591783935,-0.43251410126686096
Q9Y2K2,SIK3,XGBoost,0.1423472706023517,-0.6010056138038635
Q9Y2K2,SIK3,XGBoost,0.3952320042113444,0.022254660725593567
Q9Y2K2,SIK3,XGBoost,0.3910224565869074,0.7234596610069275
Q9Y2K2,SIK3,XGBoost,-1.6412781075649372,-1.102308750152588
Q9Y2K2,SIK3,XGBoost,0.4149712066517001,0.11535607278347015
Q9Y2K2,SIK3,XGBoost,1.4145924447746785,0.13722939789295197
Q9Y2K2,SIK3,XGBoost,0.5761135923203429,-0.25251227617263794
Q9Y2K2,SIK3,XGBoost,-0.4064213722387428,-0.3776499629020691
Q9Y2K2,SIK3,XGBoost,1.8684041153842528,2.4794583320617676
Q9Y2K2,SIK3,XGBoost,-0.0528176724196576,0.4439622163772583
Q9Y2K2,SIK3,XGBoost,-0.0379073505852908,-0.05333594232797623
Q9Y2K2,SIK3,XGBoost,1.1736445679096184,1.0023013353347778
Q9Y2K2,SIK3,XGBoost,-0.6929694068349967,-0.28114840388298035
Q9Y2K2,SIK3,PLS,2.686986379301536,0.645280534658127
Q9Y2K2,SIK3,PLS,0.512955331189573,0.861835997311498
Q9Y2K2,SIK3,PLS,0.132627815783268,0.6922171640037429
Q9Y2K2,SIK3,PLS,0.4408423833733998,0.16484008385495694
Q9Y2K2,SIK3,PLS,-0.2434427812075662,0.42491483072901065
Q9Y2K2,SIK3,PLS,0.267185591783935,0.39958204278557036
Q9Y2K2,SIK3,PLS,0.1423472706023517,-1.0517308134734489
Q9Y2K2,SIK3,PLS,0.3952320042113444,0.2692590265330276
Q9Y2K2,SIK3,PLS,0.3910224565869074,0.1995110709846306
Q9Y2K2,SIK3,PLS,-1.6412781075649372,-0.41664127835281994
Q9Y2K2,SIK3,PLS,0.4149712066517001,-0.45920326765871455
Q9Y2K2,SIK3,PLS,1.4145924447746785,1.0707077730613066
Q9Y2K2,SIK3,PLS,0.5761135923203429,-0.31960493043463245
Q9Y2K2,SIK3,PLS,-0.4064213722387428,0.448135866620952
Q9Y2K2,SIK3,PLS,1.8684041153842528,0.8267628927017636
Q9Y2K2,SIK3,PLS,-0.0528176724196576,-0.4857504914056804
Q9Y2K2,SIK3,PLS,-0.0379073505852908,0.046203590658106364
Q9Y2K2,SIK3,PLS,1.1736445679096184,0.6680619693329364
Q9Y2K2,SIK3,PLS,-0.6929694068349967,0.8693212444846234
Q9Y2K2,SIK3,SVR,2.686986379301536,-0.1707681242118799
Q9Y2K2,SIK3,SVR,0.512955331189573,0.4296520711668268
Q9Y2K2,SIK3,SVR,0.132627815783268,0.43904696478573957
Q9Y2K2,SIK3,SVR,0.4408423833733998,-0.056794476061835825
Q9Y2K2,SIK3,SVR,-0.2434427812075662,0.19794969635373397
Q9Y2K2,SIK3,SVR,0.267185591783935,0.05287297247607084
Q9Y2K2,SIK3,SVR,0.1423472706023517,-1.1520958286878846
Q9Y2K2,SIK3,SVR,0.3952320042113444,0.4322867271514196
Q9Y2K2,SIK3,SVR,0.3910224565869074,0.13575409023830612
Q9Y2K2,SIK3,SVR,-1.6412781075649372,-0.25673366224867356
Q9Y2K2,SIK3,SVR,0.4149712066517001,-0.4050868749841612
Q9Y2K2,SIK3,SVR,1.4145924447746785,1.0221639175403965
Q9Y2K2,SIK3,SVR,0.5761135923203429,-0.2874753982712095
Q9Y2K2,SIK3,SVR,-0.4064213722387428,-0.10294443126547745
Q9Y2K2,SIK3,SVR,1.8684041153842528,0.4276556028490417
Q9Y2K2,SIK3,SVR,-0.0528176724196576,-0.5647123316479297
Q9Y2K2,SIK3,SVR,-0.0379073505852908,0.10947083000778493
Q9Y2K2,SIK3,SVR,1.1736445679096184,0.23722041106293015
Q9Y2K2,SIK3,SVR,-0.6929694068349967,0.19655072273374777
Q9Y2K2,SIK3,Lasso,2.686986379301536,0.5089932396758683
Q9Y2K2,SIK3,Lasso,0.512955331189573,0.5812620690995294
Q9Y2K2,SIK3,Lasso,0.132627815783268,0.6617666416877199
Q9Y2K2,SIK3,Lasso,0.4408423833733998,0.1708917626836429
Q9Y2K2,SIK3,Lasso,-0.2434427812075662,0.5119591758823508
Q9Y2K2,SIK3,Lasso,0.267185591783935,0.5204826930462267
Q9Y2K2,SIK3,Lasso,0.1423472706023517,-0.6524424985119343
Q9Y2K2,SIK3,Lasso,0.3952320042113444,0.31358595178105564
Q9Y2K2,SIK3,Lasso,0.3910224565869074,0.2659742413468924
Q9Y2K2,SIK3,Lasso,-1.6412781075649372,-0.22177035593557803
Q9Y2K2,SIK3,Lasso,0.4149712066517001,-0.21844859138995798
Q9Y2K2,SIK3,Lasso,1.4145924447746785,0.7096807494437972
Q9Y2K2,SIK3,Lasso,0.5761135923203429,-0.07427615247653319
Q9Y2K2,SIK3,Lasso,-0.4064213722387428,0.498668756307177
Q9Y2K2,SIK3,Lasso,1.8684041153842528,0.6927077481070656
Q9Y2K2,SIK3,Lasso,-0.0528176724196576,-0.21309467669259907
Q9Y2K2,SIK3,Lasso,-0.0379073505852908,0.18952679866812894
Q9Y2K2,SIK3,Lasso,1.1736445679096184,0.4990737332545482
Q9Y2K2,SIK3,Lasso,-0.6929694068349967,0.6559887114245965
Q9Y2K2,SIK3,ElasticNet,2.686986379301536,0.5507861473907598
Q9Y2K2,SIK3,ElasticNet,0.512955331189573,0.6722931693402798
Q9Y2K2,SIK3,ElasticNet,0.132627815783268,0.6879515284144107
Q9Y2K2,SIK3,ElasticNet,0.4408423833733998,0.1612203918461514
Q9Y2K2,SIK3,ElasticNet,-0.2434427812075662,0.4606078509323568
Q9Y2K2,SIK3,ElasticNet,0.267185591783935,0.47197750290474794
Q9Y2K2,SIK3,ElasticNet,0.1423472706023517,-0.8096698469627416
Q9Y2K2,SIK3,ElasticNet,0.3952320042113444,0.3063345726891517
Q9Y2K2,SIK3,ElasticNet,0.3910224565869074,0.24325806331235236
Q9Y2K2,SIK3,ElasticNet,-1.6412781075649372,-0.2856416628735905
Q9Y2K2,SIK3,ElasticNet,0.4149712066517001,-0.3042602574670904
Q9Y2K2,SIK3,ElasticNet,1.4145924447746785,0.8660363499712437
Q9Y2K2,SIK3,ElasticNet,0.5761135923203429,-0.16728038137077827
Q9Y2K2,SIK3,ElasticNet,-0.4064213722387428,0.46057104218277967
Q9Y2K2,SIK3,ElasticNet,1.8684041153842528,0.7502128991662995
Q9Y2K2,SIK3,ElasticNet,-0.0528176724196576,-0.3306325439807387
Q9Y2K2,SIK3,ElasticNet,-0.0379073505852908,0.14216936268937638
Q9Y2K2,SIK3,ElasticNet,1.1736445679096184,0.5454400278647564
Q9Y2K2,SIK3,ElasticNet,-0.6929694068349967,0.7196192887479724
Q9Y2K2,SIK3,GradientBoosting,2.686986379301536,1.1207213530026845
Q9Y2K2,SIK3,GradientBoosting,0.512955331189573,0.34555539007828284
Q9Y2K2,SIK3,GradientBoosting,0.132627815783268,1.4088823681335207
Q9Y2K2,SIK3,GradientBoosting,0.4408423833733998,-0.5246323343880624
Q9Y2K2,SIK3,GradientBoosting,-0.2434427812075662,-0.1151896439452634
Q9Y2K2,SIK3,GradientBoosting,0.267185591783935,-0.26225639643249327
Q9Y2K2,SIK3,GradientBoosting,0.1423472706023517,-0.786972751629249
Q9Y2K2,SIK3,GradientBoosting,0.3952320042113444,0.26970113253032585
Q9Y2K2,SIK3,GradientBoosting,0.3910224565869074,0.684853042689947
Q9Y2K2,SIK3,GradientBoosting,-1.6412781075649372,-0.7006867982006213
Q9Y2K2,SIK3,GradientBoosting,0.4149712066517001,0.05067936004303317
Q9Y2K2,SIK3,GradientBoosting,1.4145924447746785,0.1503836497082092
Q9Y2K2,SIK3,GradientBoosting,0.5761135923203429,-0.4524616750275019
Q9Y2K2,SIK3,GradientBoosting,-0.4064213722387428,0.909871464266342
Q9Y2K2,SIK3,GradientBoosting,1.8684041153842528,2.049653475343188
Q9Y2K2,SIK3,GradientBoosting,-0.0528176724196576,0.10778990432597678
Q9Y2K2,SIK3,GradientBoosting,-0.0379073505852908,0.41245770671280524
Q9Y2K2,SIK3,GradientBoosting,1.1736445679096184,0.09712232447640973
Q9Y2K2,SIK3,GradientBoosting,-0.6929694068349967,0.018117779490224813
Q9Y2K2,SIK3,MLP,2.686986379301536,2.356186753079442
Q9Y2K2,SIK3,MLP,0.512955331189573,1.941325583075975
Q9Y2K2,SIK3,MLP,0.132627815783268,0.4189063057975838
Q9Y2K2,SIK3,MLP,0.4408423833733998,0.002406968635651152
Q9Y2K2,SIK3,MLP,-0.2434427812075662,-0.2774102735373106
Q9Y2K2,SIK3,MLP,0.267185591783935,-0.7994721105979968
Q9Y2K2,SIK3,MLP,0.1423472706023517,-0.5019372537229848
Q9Y2K2,SIK3,MLP,0.3952320042113444,0.7046893130195047
Q9Y2K2,SIK3,MLP,0.3910224565869074,0.40150683176147783
Q9Y2K2,SIK3,MLP,-1.6412781075649372,-1.2621498491991971
Q9Y2K2,SIK3,MLP,0.4149712066517001,0.38302207186443843
Q9Y2K2,SIK3,MLP,1.4145924447746785,0.7295898484012481
Q9Y2K2,SIK3,MLP,0.5761135923203429,-0.13370502706557807
Q9Y2K2,SIK3,MLP,-0.4064213722387428,-0.24074490829283612
Q9Y2K2,SIK3,MLP,1.8684041153842528,1.6192176721448166
Q9Y2K2,SIK3,MLP,-0.0528176724196576,0.5627898323666902
Q9Y2K2,SIK3,MLP,-0.0379073505852908,0.7201074221782552
Q9Y2K2,SIK3,MLP,1.1736445679096184,0.3154698795218277
Q9Y2K2,SIK3,MLP,-0.6929694068349967,0.5880513334000236
Q9Y2U5,MAP3K2,RandomForest,-1.6730592220982765,-0.5606168175052043
Q9Y2U5,MAP3K2,RandomForest,0.0312041079882247,-0.21822498257323614
Q9Y2U5,MAP3K2,RandomForest,-0.4012942891756601,-0.07498514672534357
Q9Y2U5,MAP3K2,RandomForest,-1.7376626076691988,-1.4203210891495268
Q9Y2U5,MAP3K2,RandomForest,-1.0678217403576475,-0.4866141890387072
Q9Y2U5,MAP3K2,RandomForest,-0.4645712966425813,-0.38475816791045114
Q9Y2U5,MAP3K2,RandomForest,3.449421303444592,-0.2713202156831165
Q9Y2U5,MAP3K2,RandomForest,-1.894479684369507,-0.10351696539252846
Q9Y2U5,MAP3K2,RandomForest,1.3273424038611965,-0.04919384504112045
Q9Y2U5,MAP3K2,RandomForest,-1.2147975151050965,0.1749488338128577
Q9Y2U5,MAP3K2,RandomForest,1.388665566250997,-0.249266953175215
Q9Y2U5,MAP3K2,RandomForest,2.6453822380713783,0.3446365358950807
Q9Y2U5,MAP3K2,RandomForest,-0.4707489405458401,-0.5390458623700862
Q9Y2U5,MAP3K2,RandomForest,0.1085196256664863,-0.23651280412209283
Q9Y2U5,MAP3K2,RandomForest,-1.0196632796960965,-0.39189465138317275
Q9Y2U5,MAP3K2,RandomForest,1.7177060109679596,-2.1496215844308715
Q9Y2U5,MAP3K2,RandomForest,0.1591877240482497,-0.023553188733789834
Q9Y2U5,MAP3K2,RandomForest,1.1848901951664532,-0.4211303150561404
Q9Y2U5,MAP3K2,RandomForest,-0.5172646917759565,-0.5418989338791177
Q9Y2U5,MAP3K2,XGBoost,-1.6730592220982765,-1.5912705659866333
Q9Y2U5,MAP3K2,XGBoost,0.0312041079882247,-2.0540318489074707
Q9Y2U5,MAP3K2,XGBoost,-0.4012942891756601,0.41335296630859375
Q9Y2U5,MAP3K2,XGBoost,-1.7376626076691988,-1.419416904449463
Q9Y2U5,MAP3K2,XGBoost,-1.0678217403576475,0.14008072018623352
Q9Y2U5,MAP3K2,XGBoost,-0.4645712966425813,-0.1411779671907425
Q9Y2U5,MAP3K2,XGBoost,3.449421303444592,0.5764589905738831
Q9Y2U5,MAP3K2,XGBoost,-1.894479684369507,-5.034023284912109
Q9Y2U5,MAP3K2,XGBoost,1.3273424038611965,-0.44261762499809265
Q9Y2U5,MAP3K2,XGBoost,-1.2147975151050965,1.1108499765396118
Q9Y2U5,MAP3K2,XGBoost,1.388665566250997,-1.2560505867004395
Q9Y2U5,MAP3K2,XGBoost,2.6453822380713783,0.3378118872642517
Q9Y2U5,MAP3K2,XGBoost,-0.4707489405458401,-0.9869744777679443
Q9Y2U5,MAP3K2,XGBoost,0.1085196256664863,-0.15315115451812744
Q9Y2U5,MAP3K2,XGBoost,-1.0196632796960965,0.5282817482948303
Q9Y2U5,MAP3K2,XGBoost,1.7177060109679596,-0.37661466002464294
Q9Y2U5,MAP3K2,XGBoost,0.1591877240482497,-0.32784751057624817
Q9Y2U5,MAP3K2,XGBoost,1.1848901951664532,-1.6546686887741089
Q9Y2U5,MAP3K2,XGBoost,-0.5172646917759565,0.440215528011322
Q9Y2U5,MAP3K2,PLS,-1.6730592220982765,-0.7971049540722287
Q9Y2U5,MAP3K2,PLS,0.0312041079882247,-0.4906236614858902
Q9Y2U5,MAP3K2,PLS,-0.4012942891756601,0.3845424623627268
Q9Y2U5,MAP3K2,PLS,-1.7376626076691988,0.252159628730271
Q9Y2U5,MAP3K2,PLS,-1.0678217403576475,-1.2548022898548434
Q9Y2U5,MAP3K2,PLS,-0.4645712966425813,0.4436748593682496
Q9Y2U5,MAP3K2,PLS,3.449421303444592,0.6897338601312588
Q9Y2U5,MAP3K2,PLS,-1.894479684369507,-0.16007411816132236
Q9Y2U5,MAP3K2,PLS,1.3273424038611965,-0.13318398218123323
Q9Y2U5,MAP3K2,PLS,-1.2147975151050965,0.8377377752000349
Q9Y2U5,MAP3K2,PLS,1.388665566250997,-0.26419679885964004
Q9Y2U5,MAP3K2,PLS,2.6453822380713783,0.1424897788523284
Q9Y2U5,MAP3K2,PLS,-0.4707489405458401,0.03535948775075379
Q9Y2U5,MAP3K2,PLS,0.1085196256664863,0.9684829768127147
Q9Y2U5,MAP3K2,PLS,-1.0196632796960965,-0.11937660030418187
Q9Y2U5,MAP3K2,PLS,1.7177060109679596,0.15307287663400262
Q9Y2U5,MAP3K2,PLS,0.1591877240482497,0.3595416446291596
Q9Y2U5,MAP3K2,PLS,1.1848901951664532,-0.2269990966109168
Q9Y2U5,MAP3K2,PLS,-0.5172646917759565,-0.8741645917684937
Q9Y2U5,MAP3K2,SVR,-1.6730592220982765,-0.0809360637108971
Q9Y2U5,MAP3K2,SVR,0.0312041079882247,-0.34443102695675887
Q9Y2U5,MAP3K2,SVR,-0.4012942891756601,0.15412349870260114
Q9Y2U5,MAP3K2,SVR,-1.7376626076691988,0.30630537269197067
Q9Y2U5,MAP3K2,SVR,-1.0678217403576475,-1.0187612232298604
Q9Y2U5,MAP3K2,SVR,-0.4645712966425813,-0.021221964777046277
Q9Y2U5,MAP3K2,SVR,3.449421303444592,0.9081940036845818
Q9Y2U5,MAP3K2,SVR,-1.894479684369507,-0.09889470171476375
Q9Y2U5,MAP3K2,SVR,1.3273424038611965,-0.06781581097641806
Q9Y2U5,MAP3K2,SVR,-1.2147975151050965,0.7651968830360273
Q9Y2U5,MAP3K2,SVR,1.388665566250997,0.21513022884421754
Q9Y2U5,MAP3K2,SVR,2.6453822380713783,0.07651293980152465
Q9Y2U5,MAP3K2,SVR,-0.4707489405458401,-0.009375949792562156
Q9Y2U5,MAP3K2,SVR,0.1085196256664863,0.3580418017660326
Q9Y2U5,MAP3K2,SVR,-1.0196632796960965,0.13546270429025178
Q9Y2U5,MAP3K2,SVR,1.7177060109679596,0.4289189862476791
Q9Y2U5,MAP3K2,SVR,0.1591877240482497,0.38996570099974426
Q9Y2U5,MAP3K2,SVR,1.1848901951664532,0.17026548796107868
Q9Y2U5,MAP3K2,SVR,-0.5172646917759565,-0.19140927035095298
Q9Y2U5,MAP3K2,Lasso,-1.6730592220982765,-0.3803192524447597
Q9Y2U5,MAP3K2,Lasso,0.0312041079882247,-0.32538399557890085
Q9Y2U5,MAP3K2,Lasso,-0.4012942891756601,0.05506300896469335
Q9Y2U5,MAP3K2,Lasso,-1.7376626076691988,0.10924444959424942
Q9Y2U5,MAP3K2,Lasso,-1.0678217403576475,-0.8173462237048034
Q9Y2U5,MAP3K2,Lasso,-0.4645712966425813,0.08532142442523852
Q9Y2U5,MAP3K2,Lasso,3.449421303444592,0.30538368506492547
Q9Y2U5,MAP3K2,Lasso,-1.894479684369507,-0.1483486530770934
Q9Y2U5,MAP3K2,Lasso,1.3273424038611965,-0.05981506532092612
Q9Y2U5,MAP3K2,Lasso,-1.2147975151050965,0.3299408218619865
Q9Y2U5,MAP3K2,Lasso,1.388665566250997,-0.09251174887666944
Q9Y2U5,MAP3K2,Lasso,2.6453822380713783,-0.06477329857074232
Q9Y2U5,MAP3K2,Lasso,-0.4707489405458401,-0.08093517348835938
Q9Y2U5,MAP3K2,Lasso,0.1085196256664863,0.4157276298708188
Q9Y2U5,MAP3K2,Lasso,-1.0196632796960965,-0.05305483588496984
Q9Y2U5,MAP3K2,Lasso,1.7177060109679596,0.0923669663412644
Q9Y2U5,MAP3K2,Lasso,0.1591877240482497,0.14590051622372402
Q9Y2U5,MAP3K2,Lasso,1.1848901951664532,-0.11153654430831358
Q9Y2U5,MAP3K2,Lasso,-0.5172646917759565,-0.32241935627236495
Q9Y2U5,MAP3K2,ElasticNet,-1.6730592220982765,-0.5452443351203167
Q9Y2U5,MAP3K2,ElasticNet,0.0312041079882247,-0.34582832448051054
Q9Y2U5,MAP3K2,ElasticNet,-0.4012942891756601,0.15982037383781983
Q9Y2U5,MAP3K2,ElasticNet,-1.7376626076691988,0.13938036325622483
Q9Y2U5,MAP3K2,ElasticNet,-1.0678217403576475,-0.9765305848715609
Q9Y2U5,MAP3K2,ElasticNet,-0.4645712966425813,0.1817380143056005
Q9Y2U5,MAP3K2,ElasticNet,3.449421303444592,0.39585205046741
Q9Y2U5,MAP3K2,ElasticNet,-1.894479684369507,-0.15812341751290548
Q9Y2U5,MAP3K2,ElasticNet,1.3273424038611965,-0.040083003975058776
Q9Y2U5,MAP3K2,ElasticNet,-1.2147975151050965,0.5080604690830872
Q9Y2U5,MAP3K2,ElasticNet,1.388665566250997,-0.17415878686400282
Q9Y2U5,MAP3K2,ElasticNet,2.6453822380713783,0.03169897212756298
Q9Y2U5,MAP3K2,ElasticNet,-0.4707489405458401,-0.0416858235398468
Q9Y2U5,MAP3K2,ElasticNet,0.1085196256664863,0.5700785592559547
Q9Y2U5,MAP3K2,ElasticNet,-1.0196632796960965,-0.0660762032266261
Q9Y2U5,MAP3K2,ElasticNet,1.7177060109679596,0.07025035296957602
Q9Y2U5,MAP3K2,ElasticNet,0.1591877240482497,0.23149486420129195
Q9Y2U5,MAP3K2,ElasticNet,1.1848901951664532,-0.14470716905046485
Q9Y2U5,MAP3K2,ElasticNet,-0.5172646917759565,-0.482388849596796
Q9Y2U5,MAP3K2,GradientBoosting,-1.6730592220982765,-0.1741303184935494
Q9Y2U5,MAP3K2,GradientBoosting,0.0312041079882247,-0.5472019380093208
Q9Y2U5,MAP3K2,GradientBoosting,-0.4012942891756601,0.1957984014446911
Q9Y2U5,MAP3K2,GradientBoosting,-1.7376626076691988,-0.7452707492754873
Q9Y2U5,MAP3K2,GradientBoosting,-1.0678217403576475,-0.6354604569265542
Q9Y2U5,MAP3K2,GradientBoosting,-0.4645712966425813,0.05677856676692206
Q9Y2U5,MAP3K2,GradientBoosting,3.449421303444592,1.2206843503238256
Q9Y2U5,MAP3K2,GradientBoosting,-1.894479684369507,0.8782471584558847
Q9Y2U5,MAP3K2,GradientBoosting,1.3273424038611965,0.2515170703016306
Q9Y2U5,MAP3K2,GradientBoosting,-1.2147975151050965,0.5019310059087538
Q9Y2U5,MAP3K2,GradientBoosting,1.388665566250997,0.39103244420397143
Q9Y2U5,MAP3K2,GradientBoosting,2.6453822380713783,0.03864825553283869
Q9Y2U5,MAP3K2,GradientBoosting,-0.4707489405458401,-0.791480669184425
Q9Y2U5,MAP3K2,GradientBoosting,0.1085196256664863,0.2966231617599415
Q9Y2U5,MAP3K2,GradientBoosting,-1.0196632796960965,-0.5988398967472651
Q9Y2U5,MAP3K2,GradientBoosting,1.7177060109679596,-0.4461938532435795
Q9Y2U5,MAP3K2,GradientBoosting,0.1591877240482497,-0.3697182656296045
Q9Y2U5,MAP3K2,GradientBoosting,1.1848901951664532,-0.403421665377683
Q9Y2U5,MAP3K2,GradientBoosting,-0.5172646917759565,-1.3911615347731774
Q9Y2U5,MAP3K2,MLP,-1.6730592220982765,-0.9753267194863768
Q9Y2U5,MAP3K2,MLP,0.0312041079882247,-1.4728867840380484
Q9Y2U5,MAP3K2,MLP,-0.4012942891756601,-0.8891769658673798
Q9Y2U5,MAP3K2,MLP,-1.7376626076691988,-2.1860506198526823
Q9Y2U5,MAP3K2,MLP,-1.0678217403576475,-1.8190344693049239
Q9Y2U5,MAP3K2,MLP,-0.4645712966425813,-0.20711028507551707
Q9Y2U5,MAP3K2,MLP,3.449421303444592,0.4419165925813592
Q9Y2U5,MAP3K2,MLP,-1.894479684369507,0.20565224768325965
Q9Y2U5,MAP3K2,MLP,1.3273424038611965,-3.76698224596298
Q9Y2U5,MAP3K2,MLP,-1.2147975151050965,0.9637508256346926
Q9Y2U5,MAP3K2,MLP,1.388665566250997,-2.4426392547318194
Q9Y2U5,MAP3K2,MLP,2.6453822380713783,-1.6784606553951602
Q9Y2U5,MAP3K2,MLP,-0.4707489405458401,-0.21588979476458245
Q9Y2U5,MAP3K2,MLP,0.1085196256664863,-1.1528552727127799
Q9Y2U5,MAP3K2,MLP,-1.0196632796960965,0.6185451748325288
Q9Y2U5,MAP3K2,MLP,1.7177060109679596,-3.6847303415535073
Q9Y2U5,MAP3K2,MLP,0.1591877240482497,0.589859629103184
Q9Y2U5,MAP3K2,MLP,1.1848901951664532,-0.3349877152311772
Q9Y2U5,MAP3K2,MLP,-0.5172646917759565,-0.8082503679651845
Q9Y3S1,WNK2,RandomForest,-0.0266230907665988,0.07461671493563354
Q9Y3S1,WNK2,RandomForest,-0.4205408998479988,-1.1299597893640188
Q9Y3S1,WNK2,RandomForest,2.158061888489054,0.00358236829956502
Q9Y3S1,WNK2,RandomForest,0.8196076074949316,-0.3625606788711153
Q9Y3S1,WNK2,RandomForest,0.1458753720252242,-0.3531060296486343
Q9Y3S1,WNK2,RandomForest,0.3388337956450613,0.3354996296506736
Q9Y3S1,WNK2,RandomForest,0.2898701084742087,-0.6018468104341586
Q9Y3S1,WNK2,RandomForest,-0.5390713020673836,0.24157247541944254
Q9Y3S1,WNK2,RandomForest,-0.0831789775439819,-0.07796544282980056
Q9Y3S1,WNK2,RandomForest,0.073248866912001,-0.741666472534621
Q9Y3S1,WNK2,RandomForest,-0.6474298442668033,0.3935842659155094
Q9Y3S1,WNK2,RandomForest,0.9076196668558012,1.3510134958947757
Q9Y3S1,WNK2,RandomForest,-0.6287108873568065,0.053297498739352314
Q9Y3S1,WNK2,RandomForest,-1.4970435701935962,-0.037187869509480255
Q9Y3S1,WNK2,RandomForest,-1.9316396140486505,-0.23861496344464553
Q9Y3S1,WNK2,RandomForest,-1.070606045418235,-1.0763086538358069
Q9Y3S1,WNK2,RandomForest,0.435585976497131,0.2987834169336794
Q9Y3S1,WNK2,RandomForest,0.7021816531364766,-0.14458969351496526
Q9Y3S1,WNK2,RandomForest,-0.0629109507039492,0.024978704326430092
Q9Y3S1,WNK2,XGBoost,-0.0266230907665988,0.4354558289051056
Q9Y3S1,WNK2,XGBoost,-0.4205408998479988,-1.0564405918121338
Q9Y3S1,WNK2,XGBoost,2.158061888489054,-0.23651988804340363
Q9Y3S1,WNK2,XGBoost,0.8196076074949316,-1.757562279701233
Q9Y3S1,WNK2,XGBoost,0.1458753720252242,-0.5164633989334106
Q9Y3S1,WNK2,XGBoost,0.3388337956450613,-0.14327484369277954
Q9Y3S1,WNK2,XGBoost,0.2898701084742087,-0.3575286269187927
Q9Y3S1,WNK2,XGBoost,-0.5390713020673836,0.25805243849754333
Q9Y3S1,WNK2,XGBoost,-0.0831789775439819,-0.050458282232284546
Q9Y3S1,WNK2,XGBoost,0.073248866912001,-0.3651745319366455
Q9Y3S1,WNK2,XGBoost,-0.6474298442668033,0.32160821557044983
Q9Y3S1,WNK2,XGBoost,0.9076196668558012,1.9034124612808228
Q9Y3S1,WNK2,XGBoost,-0.6287108873568065,-0.24950918555259705
Q9Y3S1,WNK2,XGBoost,-1.4970435701935962,0.09255827963352203
Q9Y3S1,WNK2,XGBoost,-1.9316396140486505,-0.38707295060157776
Q9Y3S1,WNK2,XGBoost,-1.070606045418235,-2.068654775619507
Q9Y3S1,WNK2,XGBoost,0.435585976497131,-0.3020959794521332
Q9Y3S1,WNK2,XGBoost,0.7021816531364766,-0.5827895402908325
Q9Y3S1,WNK2,XGBoost,-0.0629109507039492,0.21002686023712158
Q9Y3S1,WNK2,PLS,-0.0266230907665988,-0.17777214061339836
Q9Y3S1,WNK2,PLS,-0.4205408998479988,-0.032192325973568636
Q9Y3S1,WNK2,PLS,2.158061888489054,0.13251544636432055
Q9Y3S1,WNK2,PLS,0.8196076074949316,-0.025394834246179127
Q9Y3S1,WNK2,PLS,0.1458753720252242,-0.10690109364647392
Q9Y3S1,WNK2,PLS,0.3388337956450613,-0.27917030797396863
Q9Y3S1,WNK2,PLS,0.2898701084742087,0.029797124689341245
Q9Y3S1,WNK2,PLS,-0.5390713020673836,-0.15233427503914881
Q9Y3S1,WNK2,PLS,-0.0831789775439819,-0.13524120313458893
Q9Y3S1,WNK2,PLS,0.073248866912001,-0.018038039695011752
Q9Y3S1,WNK2,PLS,-0.6474298442668033,0.033544431763891686
Q9Y3S1,WNK2,PLS,0.9076196668558012,0.1974287223615765
Q9Y3S1,WNK2,PLS,-0.6287108873568065,-0.06718600573969294
Q9Y3S1,WNK2,PLS,-1.4970435701935962,-0.3031923674689541
Q9Y3S1,WNK2,PLS,-1.9316396140486505,-0.13002177900580197
Q9Y3S1,WNK2,PLS,-1.070606045418235,-0.06259321594804722
Q9Y3S1,WNK2,PLS,0.435585976497131,-0.08676328571819722
Q9Y3S1,WNK2,PLS,0.7021816531364766,-0.03966520922717126
Q9Y3S1,WNK2,PLS,-0.0629109507039492,-0.04348438244709848
Q9Y3S1,WNK2,SVR,-0.0266230907665988,-0.022070713296428054
Q9Y3S1,WNK2,SVR,-0.4205408998479988,-0.030059376852565642
Q9Y3S1,WNK2,SVR,2.158061888489054,0.18967663634496434
Q9Y3S1,WNK2,SVR,0.8196076074949316,0.04532288942765984
Q9Y3S1,WNK2,SVR,0.1458753720252242,0.008772534153917391
Q9Y3S1,WNK2,SVR,0.3388337956450613,-0.04824082742183165
Q9Y3S1,WNK2,SVR,0.2898701084742087,0.032352503864555585
Q9Y3S1,WNK2,SVR,-0.5390713020673836,0.13766725114188294
Q9Y3S1,WNK2,SVR,-0.0831789775439819,0.04860197556077585
Q9Y3S1,WNK2,SVR,0.073248866912001,0.03889338844619096
Q9Y3S1,WNK2,SVR,-0.6474298442668033,0.06427970685894614
Q9Y3S1,WNK2,SVR,0.9076196668558012,0.09973841731623491
Q9Y3S1,WNK2,SVR,-0.6287108873568065,0.003106007526889179
Q9Y3S1,WNK2,SVR,-1.4970435701935962,-0.06880611140790314
Q9Y3S1,WNK2,SVR,-1.9316396140486505,-0.04805012161525256
Q9Y3S1,WNK2,SVR,-1.070606045418235,0.041608209956568956
Q9Y3S1,WNK2,SVR,0.435585976497131,0.029009038454615714
Q9Y3S1,WNK2,SVR,0.7021816531364766,0.021818841522538643
Q9Y3S1,WNK2,SVR,-0.0629109507039492,0.00982787113558213
Q9Y3S1,WNK2,Lasso,-0.0266230907665988,-0.08806073929793291
Q9Y3S1,WNK2,Lasso,-0.4205408998479988,-0.06609677327353627
Q9Y3S1,WNK2,Lasso,2.158061888489054,0.0573809813476216
Q9Y3S1,WNK2,Lasso,0.8196076074949316,-0.0324120271190942
Q9Y3S1,WNK2,Lasso,0.1458753720252242,-0.062394671411689626
Q9Y3S1,WNK2,Lasso,0.3388337956450613,-0.11704003964385815
Q9Y3S1,WNK2,Lasso,0.2898701084742087,-0.02837111413764677
Q9Y3S1,WNK2,Lasso,-0.5390713020673836,-0.014755737001844467
Q9Y3S1,WNK2,Lasso,-0.0831789775439819,-0.05016981411713649
Q9Y3S1,WNK2,Lasso,0.073248866912001,-0.03389989895195021
Q9Y3S1,WNK2,Lasso,-0.6474298442668033,-0.013952820218581831
Q9Y3S1,WNK2,Lasso,0.9076196668558012,0.029936609209000424
Q9Y3S1,WNK2,Lasso,-0.6287108873568065,-0.05790613237793153
Q9Y3S1,WNK2,Lasso,-1.4970435701935962,-0.13009859184084394
Q9Y3S1,WNK2,Lasso,-1.9316396140486505,-0.09092698304552624
Q9Y3S1,WNK2,Lasso,-1.070606045418235,-0.04050569956221979
Q9Y3S1,WNK2,Lasso,0.435585976497131,-0.050155777946217214
Q9Y3S1,WNK2,Lasso,0.7021816531364766,-0.04503556474394181
Q9Y3S1,WNK2,Lasso,-0.0629109507039492,-0.050871604000395906
Q9Y3S1,WNK2,ElasticNet,-0.0266230907665988,-0.12373273070374835
Q9Y3S1,WNK2,ElasticNet,-0.4205408998479988,-0.06561515603634988
Q9Y3S1,WNK2,ElasticNet,2.158061888489054,0.11227855211880847
Q9Y3S1,WNK2,ElasticNet,0.8196076074949316,-0.025767982443487464
Q9Y3S1,WNK2,ElasticNet,0.1458753720252242,-0.07841500445936948
Q9Y3S1,WNK2,ElasticNet,0.3388337956450613,-0.17976779274567042
Q9Y3S1,WNK2,ElasticNet,0.2898701084742087,-0.008607765506570372
Q9Y3S1,WNK2,ElasticNet,-0.5390713020673836,-0.03459340626057353
Q9Y3S1,WNK2,ElasticNet,-0.0831789775439819,-0.07096760301833091
Q9Y3S1,WNK2,ElasticNet,0.073248866912001,-0.025784752771957162
Q9Y3S1,WNK2,ElasticNet,-0.6474298442668033,0.00863900007865702
Q9Y3S1,WNK2,ElasticNet,0.9076196668558012,0.09585326385740367
Q9Y3S1,WNK2,ElasticNet,-0.6287108873568065,-0.06426949607000923
Q9Y3S1,WNK2,ElasticNet,-1.4970435701935962,-0.2000845371282687
Q9Y3S1,WNK2,ElasticNet,-1.9316396140486505,-0.11612020181069208
Q9Y3S1,WNK2,ElasticNet,-1.070606045418235,-0.04343954401676555
Q9Y3S1,WNK2,ElasticNet,0.435585976497131,-0.0599145500859699
Q9Y3S1,WNK2,ElasticNet,0.7021816531364766,-0.043369923641691406
Q9Y3S1,WNK2,ElasticNet,-0.0629109507039492,-0.0508750239189671
Q9Y3S1,WNK2,GradientBoosting,-0.0266230907665988,-0.03505616335508637
Q9Y3S1,WNK2,GradientBoosting,-0.4205408998479988,-1.2353085016494045
Q9Y3S1,WNK2,GradientBoosting,2.158061888489054,-0.08054186209401706
Q9Y3S1,WNK2,GradientBoosting,0.8196076074949316,-0.6294413746463969
Q9Y3S1,WNK2,GradientBoosting,0.1458753720252242,-0.36456957798338185
Q9Y3S1,WNK2,GradientBoosting,0.3388337956450613,-0.2256086831001745
Q9Y3S1,WNK2,GradientBoosting,0.2898701084742087,-0.6382100072111804
Q9Y3S1,WNK2,GradientBoosting,-0.5390713020673836,0.2666935381522951
Q9Y3S1,WNK2,GradientBoosting,-0.0831789775439819,0.34014306445989567
Q9Y3S1,WNK2,GradientBoosting,0.073248866912001,-1.0402269547443028
Q9Y3S1,WNK2,GradientBoosting,-0.6474298442668033,0.5403141041986762
Q9Y3S1,WNK2,GradientBoosting,0.9076196668558012,1.6776742478978424
Q9Y3S1,WNK2,GradientBoosting,-0.6287108873568065,0.27824293510273074
Q9Y3S1,WNK2,GradientBoosting,-1.4970435701935962,0.23640607865052482
Q9Y3S1,WNK2,GradientBoosting,-1.9316396140486505,-0.22006860723423827
Q9Y3S1,WNK2,GradientBoosting,-1.070606045418235,-1.6475078826526521
Q9Y3S1,WNK2,GradientBoosting,0.435585976497131,-0.2058886208984709
Q9Y3S1,WNK2,GradientBoosting,0.7021816531364766,-0.12907508945301052
Q9Y3S1,WNK2,GradientBoosting,-0.0629109507039492,0.15240202850001291
Q9Y3S1,WNK2,MLP,-0.0266230907665988,-0.25284286618565555
Q9Y3S1,WNK2,MLP,-0.4205408998479988,-0.2861775245029039
Q9Y3S1,WNK2,MLP,2.158061888489054,-0.31543238303341486
Q9Y3S1,WNK2,MLP,0.8196076074949316,-0.3086313468509928
Q9Y3S1,WNK2,MLP,0.1458753720252242,-0.2957935940177082
Q9Y3S1,WNK2,MLP,0.3388337956450613,-0.28899511273338124
Q9Y3S1,WNK2,MLP,0.2898701084742087,-0.3061736187039644
Q9Y3S1,WNK2,MLP,-0.5390713020673836,-0.7456940420704978
Q9Y3S1,WNK2,MLP,-0.0831789775439819,-0.39813179155099676
Q9Y3S1,WNK2,MLP,0.073248866912001,-0.30691416185423603
Q9Y3S1,WNK2,MLP,-0.6474298442668033,-0.31543238303341486
Q9Y3S1,WNK2,MLP,0.9076196668558012,-0.31543238303341486
Q9Y3S1,WNK2,MLP,-0.6287108873568065,-0.29510900365482345
Q9Y3S1,WNK2,MLP,-1.4970435701935962,-0.16968693745492225
Q9Y3S1,WNK2,MLP,-1.9316396140486505,-0.12096077876363887
Q9Y3S1,WNK2,MLP,-1.070606045418235,-0.30660546135757527
Q9Y3S1,WNK2,MLP,0.435585976497131,-0.30227810654344356
Q9Y3S1,WNK2,MLP,0.7021816531364766,-0.3013272318954558
Q9Y3S1,WNK2,MLP,-0.0629109507039492,-0.29768724229235016
