UniprotID,GeneName,Perturbation,CellLine,KSEA_z_score
P12931,SRC,AZD5438,HL60,0.34967830579960846
P12931,SRC,FRAX486,HL60,-0.062325417313658094
P12931,SRC,Ku0063794,HL60,1.0047395919591044
P12931,SRC,PD153035,HL60,0.41557697458970005
P12931,SRC,PF3758309,HL60,-0.23665229191005147
P12931,SRC,Torin,HL60,1.708840577332771
P12931,SRC,Trametinib,HL60,0.36255024859273605
P12931,SRC,AZD1480,HL60,-0.29944791564268725
P12931,SRC,AZD5363,HL60,1.5258231879299993
P12931,SRC,BX912,HL60,0.45767590175182943
P12931,SRC,CHIR99021,HL60,-0.922989938363257
P12931,SRC,GSK2334470,HL60,0.21928108716112443
P12931,SRC,Ipatasertib,HL60,-1.1726647182933145
P12931,SRC,LY2090314,HL60,-0.15132033130239977
P12931,SRC,Tofacitinib,HL60,-0.34437540301725467
P12931,SRC,AZD6482,HL60,1.6809805096877193
P12931,SRC,CAL101,HL60,3.3032075204909987
P12931,SRC,GDC0941,HL60,0.7219085689096744
P12931,SRC,HS173,HL60,1.9544102994978743
P12931,SRC,PIK294,HL60,2.8115767387707016
P12931,SRC,TGX221,HL60,-0.10205566479477007
P12931,SRC,AZD8055,HL60,0.42887403779453404
P12931,SRC,GDC0994,HL60,-1.1277008578198542
P12931,SRC,JNK,HL60,-0.2483194103168635
P12931,SRC,LY2584702,HL60,1.7772621917060831
P12931,SRC,PH797804,HL60,0.16043555316084793
P12931,SRC,Selumetinib,HL60,0.4948584791020433
P12931,SRC,U73122,HL60,0.7914760862911961
P12931,SRC,Ulixertinib,HL60,-0.19043711886072062
P12931,SRC,Amuvatinib,HL60,-0.634786165312827
P12931,SRC,AZD3759,HL60,-0.5014960485412074
P12931,SRC,GSK690693,HL60,0.28318039830116903
P12931,SRC,JNJ,HL60,0.5293842049228322
P12931,SRC,KN62,HL60,0.13714614252123575
P12931,SRC,Linsitinib,HL60,-0.2801790681922822
P12931,SRC,LY2835219,HL60,-0.36834141142756216
P12931,SRC,Ribociclib,HL60,1.2947809841971412
P12931,SRC,AC220,HL60,1.1799590892519476
P12931,SRC,Edelfosine,HL60,1.932547956063311
P12931,SRC,GF109203X,HL60,1.5819014423060846
P12931,SRC,Go6976,HL60,1.3256118769050997
P12931,SRC,PF4708671,HL60,0.9319151354148634
P12931,SRC,SP600125,HL60,1.9244792727465694
P12931,SRC,TAK715,HL60,0.5254956929580784
P12931,SRC,TBCA,HL60,0.376097656334442
P12931,SRC,AT13148,HL60,0.9482244190096805
P12931,SRC,AZ20,HL60,-0.6517554667544511
P12931,SRC,AZD6738,HL60,-2.079036648879754
P12931,SRC,Bosutinib,HL60,-2.264793023097875
P12931,SRC,Dabrafenib,HL60,0.2724455610466644
P12931,SRC,Dasatinib,HL60,-1.1508529634579798
P12931,SRC,DNAPK,HL60,-0.23817246559070934
P12931,SRC,H89,HL60,-1.7893803094762675
P12931,SRC,KD025,HL60,-0.3692404454556148
P12931,SRC,NU7441,HL60,-1.5041637030785022
P12931,SRC,Ripasudil,HL60,0.1895842298035639
P12931,SRC,Vemurafenib,HL60,-0.99252220483984
P12931,SRC,CX4945,HL60,1.7668062668645714
P12931,SRC,GO6983,HL60,1.0738820614629192
P12931,SRC,KN93,HL60,1.8545235213311972
P12931,SRC,MK2206,HL60,1.3064241714526337
P00519,ABL1,AZD5438,HL60,0.6804237536953901
P00519,ABL1,FRAX486,HL60,-1.7323613439118408
P00519,ABL1,Ku0063794,HL60,-0.6284848889204262
P00519,ABL1,PD153035,HL60,0.2804178481324791
P00519,ABL1,PF3758309,HL60,-1.4184888762207941
P00519,ABL1,Torin,HL60,0.12318963704095136
P00519,ABL1,Trametinib,HL60,-1.0120353116316567
P00519,ABL1,AZD1480,HL60,0.5339277634642512
P00519,ABL1,AZD5363,HL60,1.913160803442733
P00519,ABL1,BX912,HL60,1.5934864777151982
P00519,ABL1,CHIR99021,HL60,-0.9903284225211145
P00519,ABL1,GSK2334470,HL60,0.3767626450813231
P00519,ABL1,Ipatasertib,HL60,0.920746419055393
P00519,ABL1,LY2090314,HL60,-0.7012866196660684
P00519,ABL1,Tofacitinib,HL60,0.7729163163015969
P00519,ABL1,AZD6482,HL60,0.6176785759299875
P00519,ABL1,CAL101,HL60,0.04005767120270607
P00519,ABL1,GDC0941,HL60,-0.2779992503588156
P00519,ABL1,HS173,HL60,-0.2618960163903019
P00519,ABL1,PIK294,HL60,0.4503367281458171
P00519,ABL1,TGX221,HL60,0.3361713810900919
P00519,ABL1,AZD8055,HL60,-0.36005244549606447
P00519,ABL1,GDC0994,HL60,1.193545298852719
P00519,ABL1,JNK,HL60,0.2850696379515519
P00519,ABL1,LY2584702,HL60,1.1802341962018332
P00519,ABL1,PH797804,HL60,-0.2044127158286567
P00519,ABL1,Selumetinib,HL60,0.34878102078386963
P00519,ABL1,U73122,HL60,0.02768486697488936
P00519,ABL1,Ulixertinib,HL60,-0.1865239260816637
P00519,ABL1,Amuvatinib,HL60,-0.13154231556679322
P00519,ABL1,AZD3759,HL60,-0.6802242994454302
P00519,ABL1,GSK690693,HL60,0.4218174781865271
P00519,ABL1,JNJ,HL60,0.08307596555461212
P00519,ABL1,KN62,HL60,-0.669539405278555
P00519,ABL1,Linsitinib,HL60,-0.35649975976362996
P00519,ABL1,LY2835219,HL60,-0.2109981311998894
P00519,ABL1,Ribociclib,HL60,0.016914808514989915
P00519,ABL1,AC220,HL60,0.7537450591326138
P00519,ABL1,Edelfosine,HL60,0.6291931430357888
P00519,ABL1,GF109203X,HL60,0.27765292791899704
P00519,ABL1,Go6976,HL60,1.042328419479524
P00519,ABL1,PF4708671,HL60,1.0567537041769024
P00519,ABL1,SP600125,HL60,0.8556117592114081
P00519,ABL1,TAK715,HL60,0.8612797000888959
P00519,ABL1,TBCA,HL60,1.0992882651635068
P00519,ABL1,AT13148,HL60,0.7148252442845006
P00519,ABL1,AZ20,HL60,-0.6379891136501402
P00519,ABL1,AZD6738,HL60,-0.6500815185815569
P00519,ABL1,Bosutinib,HL60,-1.3165610803693848
P00519,ABL1,Dabrafenib,HL60,0.9616186222146859
P00519,ABL1,Dasatinib,HL60,-2.349160068699147
P00519,ABL1,DNAPK,HL60,-0.31929852550058296
P00519,ABL1,H89,HL60,0.620114834592178
P00519,ABL1,KD025,HL60,0.07139296699417648
P00519,ABL1,NU7441,HL60,0.02163298836674023
P00519,ABL1,Ripasudil,HL60,0.28604514186226976
P00519,ABL1,Vemurafenib,HL60,0.11255507718354472
P00519,ABL1,CX4945,HL60,-0.2820435895263184
P00519,ABL1,GO6983,HL60,0.4136414036579633
P00519,ABL1,KN93,HL60,0.7043095188216513
P00519,ABL1,MK2206,HL60,0.614602512302414
P24941,CDK2,AZD5438,HL60,-5.061228287870881
P24941,CDK2,FRAX486,HL60,0.7976615723479051
P24941,CDK2,Ku0063794,HL60,-0.8741396209091605
P24941,CDK2,PD153035,HL60,0.2739918531338792
P24941,CDK2,PF3758309,HL60,0.7144352952854048
P24941,CDK2,Torin,HL60,0.05440318766340223
P24941,CDK2,Trametinib,HL60,-0.32447126588811787
P24941,CDK2,AZD1480,HL60,-0.33134747489550553
P24941,CDK2,AZD5363,HL60,-0.5016654072678373
P24941,CDK2,BX912,HL60,-0.5123237084816682
P24941,CDK2,CHIR99021,HL60,0.16221647399373126
P24941,CDK2,GSK2334470,HL60,-0.6772493865994172
P24941,CDK2,Ipatasertib,HL60,-0.13117187385049697
P24941,CDK2,LY2090314,HL60,-0.2608644923470196
P24941,CDK2,Tofacitinib,HL60,1.5710437125355567
P24941,CDK2,AZD6482,HL60,1.6867444209915943
P24941,CDK2,CAL101,HL60,2.032203284317754
P24941,CDK2,GDC0941,HL60,1.4936052716526371
P24941,CDK2,HS173,HL60,0.9829674530114116
P24941,CDK2,PIK294,HL60,0.9056058127662835
P24941,CDK2,TGX221,HL60,2.0608441695562982
P24941,CDK2,AZD8055,HL60,0.8049282868388983
P24941,CDK2,GDC0994,HL60,1.2013950478972377
P24941,CDK2,JNK,HL60,1.0201543294643476
P24941,CDK2,LY2584702,HL60,1.0837166864753558
P24941,CDK2,PH797804,HL60,0.8826086557245387
P24941,CDK2,Selumetinib,HL60,2.5097491422403566
P24941,CDK2,U73122,HL60,1.6754951008664816
P24941,CDK2,Ulixertinib,HL60,0.9054445547991457
P24941,CDK2,Amuvatinib,HL60,-0.07979213368349347
P24941,CDK2,AZD3759,HL60,0.6422700709570879
P24941,CDK2,GSK690693,HL60,0.6187414128123753
P24941,CDK2,JNJ,HL60,0.0130896382039455
P24941,CDK2,KN62,HL60,-1.0622450062230424
P24941,CDK2,Linsitinib,HL60,-0.3440637490079912
P24941,CDK2,LY2835219,HL60,-0.657314996568856
P24941,CDK2,Ribociclib,HL60,-0.11026231317665312
P24941,CDK2,AC220,HL60,1.7664490120399714
P24941,CDK2,Edelfosine,HL60,1.3405299673325326
P24941,CDK2,GF109203X,HL60,2.243037535425802
P24941,CDK2,Go6976,HL60,2.300674149006101
P24941,CDK2,PF4708671,HL60,1.2116943934769304
P24941,CDK2,SP600125,HL60,2.442728758448431
P24941,CDK2,TAK715,HL60,1.7540487149239636
P24941,CDK2,TBCA,HL60,1.1664844072787535
P24941,CDK2,AT13148,HL60,0.8396219339117172
P24941,CDK2,AZ20,HL60,0.87867536198822
P24941,CDK2,AZD6738,HL60,1.1802401624655778
P24941,CDK2,Bosutinib,HL60,0.552583269639013
P24941,CDK2,Dabrafenib,HL60,-2.6852533118741966
P24941,CDK2,Dasatinib,HL60,0.18969705741670043
P24941,CDK2,DNAPK,HL60,1.3376510645807194
P24941,CDK2,H89,HL60,2.006287394494403
P24941,CDK2,KD025,HL60,-2.8891926838307382
P24941,CDK2,NU7441,HL60,-0.1796892735220552
P24941,CDK2,Ripasudil,HL60,0.8121939528337238
P24941,CDK2,Vemurafenib,HL60,-1.0922095204584072
P24941,CDK2,CX4945,HL60,2.1904712328796574
P24941,CDK2,GO6983,HL60,1.4618896579800018
P24941,CDK2,KN93,HL60,3.0659076677362753
P24941,CDK2,MK2206,HL60,0.9150032296883479
O14757,CHEK1,AZD5438,HL60,0.3980186967389989
O14757,CHEK1,FRAX486,HL60,-0.21462537632040127
O14757,CHEK1,Ku0063794,HL60,-0.38984833991071316
O14757,CHEK1,PD153035,HL60,0.8414188549600644
O14757,CHEK1,PF3758309,HL60,-1.0174171125357745
O14757,CHEK1,Torin,HL60,-0.11701390976923555
O14757,CHEK1,Trametinib,HL60,0.14977324133705777
O14757,CHEK1,AZD1480,HL60,0.7804865719354479
O14757,CHEK1,AZD5363,HL60,-0.037570277671403564
O14757,CHEK1,BX912,HL60,1.4994404459033555
O14757,CHEK1,CHIR99021,HL60,3.351187440714414
O14757,CHEK1,GSK2334470,HL60,1.6967446010643505
O14757,CHEK1,Ipatasertib,HL60,1.2932454801878523
O14757,CHEK1,LY2090314,HL60,2.225984483187949
O14757,CHEK1,Tofacitinib,HL60,1.760342547235246
O14757,CHEK1,AZD6482,HL60,0.6593836150701419
O14757,CHEK1,CAL101,HL60,0.2782981764305604
O14757,CHEK1,GDC0941,HL60,-0.31384228238983936
O14757,CHEK1,HS173,HL60,1.2160782387269935
O14757,CHEK1,PIK294,HL60,0.9102459401690115
O14757,CHEK1,TGX221,HL60,0.595295656774918
O14757,CHEK1,AZD8055,HL60,-0.7163043994668893
O14757,CHEK1,GDC0994,HL60,1.797160140658114
O14757,CHEK1,JNK,HL60,-0.6181529013624464
O14757,CHEK1,LY2584702,HL60,1.2660736020985428
O14757,CHEK1,PH797804,HL60,-0.6599133287314903
O14757,CHEK1,Selumetinib,HL60,0.2797059642662642
O14757,CHEK1,U73122,HL60,0.8381981014159168
O14757,CHEK1,Ulixertinib,HL60,-0.4539230182796675
O14757,CHEK1,Amuvatinib,HL60,-0.5837644336344611
O14757,CHEK1,AZD3759,HL60,-0.9520834884495198
O14757,CHEK1,GSK690693,HL60,-1.999789674998249
O14757,CHEK1,JNJ,HL60,-1.2842062579514186
O14757,CHEK1,KN62,HL60,-0.9166423447079618
O14757,CHEK1,Linsitinib,HL60,-1.353232557890971
O14757,CHEK1,LY2835219,HL60,-1.2915379341086906
O14757,CHEK1,Ribociclib,HL60,-1.135926911895075
O14757,CHEK1,AC220,HL60,1.1712039397999991
O14757,CHEK1,Edelfosine,HL60,2.058953665096414
O14757,CHEK1,GF109203X,HL60,3.2117684548277743
O14757,CHEK1,Go6976,HL60,0.9560581637414467
O14757,CHEK1,PF4708671,HL60,0.6219534098956621
O14757,CHEK1,SP600125,HL60,0.6040986564973326
O14757,CHEK1,TAK715,HL60,1.734547815237002
O14757,CHEK1,TBCA,HL60,2.2007672678130845
O14757,CHEK1,AT13148,HL60,-0.04226627916060147
O14757,CHEK1,AZ20,HL60,0.6382517817352027
O14757,CHEK1,AZD6738,HL60,0.02592539053643069
O14757,CHEK1,Bosutinib,HL60,-0.34249271698399497
O14757,CHEK1,Dabrafenib,HL60,-0.22141065821471237
O14757,CHEK1,Dasatinib,HL60,-0.8120155394507554
O14757,CHEK1,DNAPK,HL60,1.1327745642887053
O14757,CHEK1,H89,HL60,1.8229785708993507
O14757,CHEK1,KD025,HL60,0.7350003984416072
O14757,CHEK1,NU7441,HL60,0.0006229685748593592
O14757,CHEK1,Ripasudil,HL60,0.2856577112717892
O14757,CHEK1,Vemurafenib,HL60,-1.037156003033747
O14757,CHEK1,CX4945,HL60,0.048100996923991786
O14757,CHEK1,GO6983,HL60,2.237786917214984
O14757,CHEK1,KN93,HL60,2.7301489757023583
O14757,CHEK1,MK2206,HL60,0.42038749172595075
P06493,CDK1,AZD5438,HL60,-2.4161774598663457
P06493,CDK1,FRAX486,HL60,1.1940991135292913
P06493,CDK1,Ku0063794,HL60,0.7153197512883663
P06493,CDK1,PD153035,HL60,0.5973498038886801
P06493,CDK1,PF3758309,HL60,1.7913063268576306
P06493,CDK1,Torin,HL60,1.0824214911294827
P06493,CDK1,Trametinib,HL60,2.703242914299979
P06493,CDK1,AZD1480,HL60,0.6892844312247748
P06493,CDK1,AZD5363,HL60,1.433370401286134
P06493,CDK1,BX912,HL60,0.010443640051102829
P06493,CDK1,CHIR99021,HL60,0.8054206637287241
P06493,CDK1,GSK2334470,HL60,0.5264140727499517
P06493,CDK1,Ipatasertib,HL60,0.9765029484397336
P06493,CDK1,LY2090314,HL60,1.6499856313790586
P06493,CDK1,Tofacitinib,HL60,1.1552086214439075
P06493,CDK1,AZD6482,HL60,-1.5778323650024284
P06493,CDK1,CAL101,HL60,-0.5656081112271728
P06493,CDK1,GDC0941,HL60,0.2742256405361749
P06493,CDK1,HS173,HL60,0.050112244294331164
P06493,CDK1,PIK294,HL60,-0.5287239483689181
P06493,CDK1,TGX221,HL60,0.19336958850696048
P06493,CDK1,AZD8055,HL60,0.4562035756584254
P06493,CDK1,GDC0994,HL60,2.1931832378027436
P06493,CDK1,JNK,HL60,0.854677653618306
P06493,CDK1,LY2584702,HL60,1.641825007936152
P06493,CDK1,PH797804,HL60,2.6146510466041724
P06493,CDK1,Selumetinib,HL60,1.234555017350239
P06493,CDK1,U73122,HL60,0.13241490851511237
P06493,CDK1,Ulixertinib,HL60,-0.10778269836117467
P06493,CDK1,Amuvatinib,HL60,0.1415897528677026
P06493,CDK1,AZD3759,HL60,0.060482798319262183
P06493,CDK1,GSK690693,HL60,1.6606249129007808
P06493,CDK1,JNJ,HL60,-0.007835493959591409
P06493,CDK1,KN62,HL60,-0.5055132978210983
P06493,CDK1,Linsitinib,HL60,0.6634094747033571
P06493,CDK1,LY2835219,HL60,1.7970386440928936
P06493,CDK1,Ribociclib,HL60,0.3241199605276735
P06493,CDK1,AC220,HL60,0.6041962463730414
P06493,CDK1,Edelfosine,HL60,1.8191671908914027
P06493,CDK1,GF109203X,HL60,2.068814933580765
P06493,CDK1,Go6976,HL60,0.9130601995996155
P06493,CDK1,PF4708671,HL60,1.5437649837191825
P06493,CDK1,SP600125,HL60,-0.014014107017043071
P06493,CDK1,TAK715,HL60,2.098830539166118
P06493,CDK1,TBCA,HL60,0.5455567057462178
P06493,CDK1,AT13148,HL60,-0.4987532914067569
P06493,CDK1,AZ20,HL60,0.7827066972830539
P06493,CDK1,AZD6738,HL60,0.6740891979720901
P06493,CDK1,Bosutinib,HL60,-0.05593465223582127
P06493,CDK1,Dabrafenib,HL60,-2.746597658063106
P06493,CDK1,Dasatinib,HL60,1.1055842735188393
P06493,CDK1,DNAPK,HL60,0.5188606453661314
P06493,CDK1,H89,HL60,1.4088223584951232
P06493,CDK1,KD025,HL60,-2.8590366420767044
P06493,CDK1,NU7441,HL60,-0.4666290740931946
P06493,CDK1,Ripasudil,HL60,-0.9990425657523444
P06493,CDK1,Vemurafenib,HL60,-0.3738530535988194
P06493,CDK1,CX4945,HL60,0.17167543922722125
P06493,CDK1,GO6983,HL60,-0.20612057720858223
P06493,CDK1,KN93,HL60,1.22655117887916
P06493,CDK1,MK2206,HL60,1.0171302328361604
O15530,PDPK1,AZD5438,HL60,0.2532121498282354
O15530,PDPK1,FRAX486,HL60,-0.4242086601545987
O15530,PDPK1,Ku0063794,HL60,-0.3702482854625428
O15530,PDPK1,PD153035,HL60,0.5839214292000475
O15530,PDPK1,PF3758309,HL60,-0.28146009369209685
O15530,PDPK1,Torin,HL60,-0.6665940631363229
O15530,PDPK1,Trametinib,HL60,-0.47817965255941786
O15530,PDPK1,AZD1480,HL60,0.9860460461409923
O15530,PDPK1,AZD5363,HL60,3.3041960716984056
O15530,PDPK1,BX912,HL60,0.3309387001881207
O15530,PDPK1,CHIR99021,HL60,2.8662909339171185
O15530,PDPK1,GSK2334470,HL60,-0.15237168102213897
O15530,PDPK1,Ipatasertib,HL60,1.0062778144136233
O15530,PDPK1,LY2090314,HL60,1.177929763672984
O15530,PDPK1,Tofacitinib,HL60,1.1690593934814968
O15530,PDPK1,AZD6482,HL60,-1.5978143244094563
O15530,PDPK1,CAL101,HL60,-0.20960660705958206
O15530,PDPK1,GDC0941,HL60,-1.4074749447887716
O15530,PDPK1,HS173,HL60,0.955981540330277
O15530,PDPK1,PIK294,HL60,0.060554874184033124
O15530,PDPK1,TGX221,HL60,-0.5786776008007886
O15530,PDPK1,AZD8055,HL60,1.151889506335803
O15530,PDPK1,GDC0994,HL60,0.633374631106537
O15530,PDPK1,JNK,HL60,0.7299161247660948
O15530,PDPK1,LY2584702,HL60,0.3590141509847433
O15530,PDPK1,PH797804,HL60,0.2881962246566949
O15530,PDPK1,Selumetinib,HL60,-0.5299885801934099
O15530,PDPK1,U73122,HL60,0.7111912272430697
O15530,PDPK1,Ulixertinib,HL60,0.9430738029933557
O15530,PDPK1,Amuvatinib,HL60,0.3680233989992254
O15530,PDPK1,AZD3759,HL60,0.8677244438836968
O15530,PDPK1,GSK690693,HL60,1.993763757215747
O15530,PDPK1,JNJ,HL60,1.601963207594412
O15530,PDPK1,KN62,HL60,1.776521719057845
O15530,PDPK1,Linsitinib,HL60,0.8866491103822303
O15530,PDPK1,LY2835219,HL60,1.390695436024757
O15530,PDPK1,Ribociclib,HL60,0.7932632497292836
O15530,PDPK1,AC220,HL60,-1.4691485156626136
O15530,PDPK1,Edelfosine,HL60,3.497131622768684
O15530,PDPK1,GF109203X,HL60,2.3771878461318297
O15530,PDPK1,Go6976,HL60,0.7000518509725241
O15530,PDPK1,PF4708671,HL60,0.40724724262204953
O15530,PDPK1,SP600125,HL60,1.557803757334572
O15530,PDPK1,TAK715,HL60,2.559450870725167
O15530,PDPK1,TBCA,HL60,-0.2626746908490325
O15530,PDPK1,AT13148,HL60,-0.7584864340072244
O15530,PDPK1,AZ20,HL60,-1.3634715753218976
O15530,PDPK1,AZD6738,HL60,-0.35778554929819567
O15530,PDPK1,Bosutinib,HL60,-0.05691223014109793
O15530,PDPK1,Dabrafenib,HL60,-0.943690957249954
O15530,PDPK1,Dasatinib,HL60,0.36246456673842953
O15530,PDPK1,DNAPK,HL60,0.58169162824753
O15530,PDPK1,H89,HL60,0.7498658304064882
O15530,PDPK1,KD025,HL60,-1.8817727310507262
O15530,PDPK1,NU7441,HL60,0.15734138411118426
O15530,PDPK1,Ripasudil,HL60,0.08006351096810851
O15530,PDPK1,Vemurafenib,HL60,0.3820648614480165
O15530,PDPK1,CX4945,HL60,-0.9956483611513335
O15530,PDPK1,GO6983,HL60,-1.2186737480937184
O15530,PDPK1,KN93,HL60,-0.6749499043547921
O15530,PDPK1,MK2206,HL60,-2.6410576465257587
P07949,RET,AZD5438,HL60,0.6266114529911757
P07949,RET,FRAX486,HL60,5.2554673754172105
P07949,RET,Ku0063794,HL60,0.47671306869736185
P07949,RET,PD153035,HL60,0.12782993857045596
P07949,RET,PF3758309,HL60,1.6819518511654379
P07949,RET,Torin,HL60,0.3433274069749242
P07949,RET,Trametinib,HL60,-6.349690406922493
P07949,RET,AZD1480,HL60,0.26605767922578694
P07949,RET,AZD5363,HL60,0.8771478161783477
P07949,RET,BX912,HL60,1.1939445554373243
P07949,RET,CHIR99021,HL60,-0.14560690306572754
P07949,RET,GSK2334470,HL60,1.6160383638882503
P07949,RET,Ipatasertib,HL60,0.06963770208307293
P07949,RET,LY2090314,HL60,-0.9741810129605409
P07949,RET,Tofacitinib,HL60,-0.4816500036435871
P07949,RET,AZD6482,HL60,-0.5190139193769122
P07949,RET,CAL101,HL60,-0.885749594025737
P07949,RET,GDC0941,HL60,-0.8265374659424215
P07949,RET,HS173,HL60,-2.124920374918599
P07949,RET,PIK294,HL60,-0.5288370380691254
P07949,RET,TGX221,HL60,-0.29058447071703253
P07949,RET,AZD8055,HL60,0.16068822330264648
P07949,RET,GDC0994,HL60,0.11512201826341774
P07949,RET,JNK,HL60,0.18434664321999528
P07949,RET,LY2584702,HL60,0.7442552422889908
P07949,RET,PH797804,HL60,0.07809362651045113
P07949,RET,Selumetinib,HL60,-2.5519953606662162
P07949,RET,U73122,HL60,-0.9213106138498501
P07949,RET,Ulixertinib,HL60,2.247039940109365
P07949,RET,Amuvatinib,HL60,-0.1291421506871152
P07949,RET,AZD3759,HL60,0.8470709194542784
P07949,RET,GSK690693,HL60,1.3582298770169998
P07949,RET,JNJ,HL60,-0.34337946215438786
P07949,RET,KN62,HL60,2.002350044528892
P07949,RET,Linsitinib,HL60,-1.176926657562856
P07949,RET,LY2835219,HL60,0.6376455916359866
P07949,RET,Ribociclib,HL60,1.1730144454582137
P07949,RET,AC220,HL60,0.5820300238314173
P07949,RET,Edelfosine,HL60,-2.028345736218034
P07949,RET,GF109203X,HL60,-0.5512644146528978
P07949,RET,Go6976,HL60,0.4562043668668438
P07949,RET,PF4708671,HL60,0.0514290637136777
P07949,RET,SP600125,HL60,0.05150264578017524
P07949,RET,TAK715,HL60,0.2628656574621308
P07949,RET,TBCA,HL60,0.41306169712994917
P07949,RET,AT13148,HL60,-0.6554995752984658
P07949,RET,AZ20,HL60,1.0397382608241565
P07949,RET,AZD6738,HL60,1.0566991516185253
P07949,RET,Bosutinib,HL60,2.1484074956917825
P07949,RET,Dabrafenib,HL60,1.912939981220431
P07949,RET,Dasatinib,HL60,0.5523997397200353
P07949,RET,DNAPK,HL60,0.8275991112232441
P07949,RET,H89,HL60,0.9207918959574235
P07949,RET,KD025,HL60,1.0042743501285112
P07949,RET,NU7441,HL60,0.5953996723224358
P07949,RET,Ripasudil,HL60,-0.7394544660949007
P07949,RET,Vemurafenib,HL60,-0.14575395391830825
P07949,RET,CX4945,HL60,0.5175055844652058
P07949,RET,GO6983,HL60,0.1675091397591427
P07949,RET,KN93,HL60,0.42027732006920054
P07949,RET,MK2206,HL60,0.7713159287971207
O43318,MAP3K7,AZD5438,HL60,-1.0109649318240832
O43318,MAP3K7,FRAX486,HL60,1.0485303223741558
O43318,MAP3K7,Ku0063794,HL60,-0.37001021825027414
O43318,MAP3K7,PD153035,HL60,0.6168983902475371
O43318,MAP3K7,PF3758309,HL60,-0.9591355738717458
O43318,MAP3K7,Torin,HL60,0.02390765628810458
O43318,MAP3K7,Trametinib,HL60,1.182083580314783
O43318,MAP3K7,AZD1480,HL60,1.1530533529980003
O43318,MAP3K7,AZD5363,HL60,1.258415406029843
O43318,MAP3K7,BX912,HL60,1.13551103945763
O43318,MAP3K7,CHIR99021,HL60,1.238177462995851
O43318,MAP3K7,GSK2334470,HL60,0.884551927331913
O43318,MAP3K7,Ipatasertib,HL60,0.4228656144895686
O43318,MAP3K7,LY2090314,HL60,0.48313697504575687
O43318,MAP3K7,Tofacitinib,HL60,1.4807284187638508
O43318,MAP3K7,AZD6482,HL60,-1.150806126867685
O43318,MAP3K7,CAL101,HL60,-0.6975492287985455
O43318,MAP3K7,GDC0941,HL60,0.057536483189842204
O43318,MAP3K7,HS173,HL60,-0.4283800564062736
O43318,MAP3K7,PIK294,HL60,0.1761329313396663
O43318,MAP3K7,TGX221,HL60,0.31964617409598106
O43318,MAP3K7,AZD8055,HL60,-0.31748885200693827
O43318,MAP3K7,GDC0994,HL60,0.6311395407810599
O43318,MAP3K7,JNK,HL60,-0.5678640426154192
O43318,MAP3K7,LY2584702,HL60,-0.6154771619663034
O43318,MAP3K7,PH797804,HL60,0.6170291883773363
O43318,MAP3K7,Selumetinib,HL60,0.35991278314457986
O43318,MAP3K7,U73122,HL60,-1.2471129458403198
O43318,MAP3K7,Ulixertinib,HL60,-0.9346753537910294
O43318,MAP3K7,Amuvatinib,HL60,-0.6445775584221685
O43318,MAP3K7,AZD3759,HL60,0.25120551588847084
O43318,MAP3K7,GSK690693,HL60,-0.18819453411279513
O43318,MAP3K7,JNJ,HL60,-0.08796979688956934
O43318,MAP3K7,KN62,HL60,-0.22702214994184164
O43318,MAP3K7,Linsitinib,HL60,0.021888835983063838
O43318,MAP3K7,LY2835219,HL60,-0.029594799588560424
O43318,MAP3K7,Ribociclib,HL60,-0.30603470387820336
O43318,MAP3K7,AC220,HL60,-1.337658645050928
O43318,MAP3K7,Edelfosine,HL60,0.7298364820832166
O43318,MAP3K7,GF109203X,HL60,0.13082306794156068
O43318,MAP3K7,Go6976,HL60,1.3394087081854351
O43318,MAP3K7,PF4708671,HL60,0.7034156813550249
O43318,MAP3K7,SP600125,HL60,-1.8483211431474986
O43318,MAP3K7,TAK715,HL60,-0.06543980252609206
O43318,MAP3K7,TBCA,HL60,0.7353490745344927
O43318,MAP3K7,AT13148,HL60,-0.12112013488705382
O43318,MAP3K7,AZ20,HL60,0.3372092320885587
O43318,MAP3K7,AZD6738,HL60,0.3726551695728402
O43318,MAP3K7,Bosutinib,HL60,-0.5157585876267177
O43318,MAP3K7,Dabrafenib,HL60,-0.43747279612409073
O43318,MAP3K7,Dasatinib,HL60,-0.5063583151039485
O43318,MAP3K7,DNAPK,HL60,-0.7308220788394358
O43318,MAP3K7,H89,HL60,0.7441062976925898
O43318,MAP3K7,KD025,HL60,-0.9198270732395034
O43318,MAP3K7,NU7441,HL60,-2.6362930598553938
O43318,MAP3K7,Ripasudil,HL60,0.4319343089840916
O43318,MAP3K7,Vemurafenib,HL60,0.06321389377952509
O43318,MAP3K7,CX4945,HL60,-0.16373762392886007
O43318,MAP3K7,GO6983,HL60,0.90524943983954
O43318,MAP3K7,KN93,HL60,-0.5561988105572648
O43318,MAP3K7,MK2206,HL60,-0.13657885637185477
Q04759,PRKCQ,AZD5438,HL60,1.082796606862432
Q04759,PRKCQ,FRAX486,HL60,5.447123190817025
Q04759,PRKCQ,Ku0063794,HL60,0.9565609009295257
Q04759,PRKCQ,PD153035,HL60,0.5467423117064443
Q04759,PRKCQ,PF3758309,HL60,1.0932089904566746
Q04759,PRKCQ,Torin,HL60,0.5417725666164663
Q04759,PRKCQ,Trametinib,HL60,-5.5822682094871
Q04759,PRKCQ,AZD1480,HL60,0.45810228881216
Q04759,PRKCQ,AZD5363,HL60,1.1508712217308068
Q04759,PRKCQ,BX912,HL60,1.641061910413839
Q04759,PRKCQ,CHIR99021,HL60,0.2305429780836257
Q04759,PRKCQ,GSK2334470,HL60,1.5980075897336168
Q04759,PRKCQ,Ipatasertib,HL60,0.5239459094747198
Q04759,PRKCQ,LY2090314,HL60,0.7454741349319794
Q04759,PRKCQ,Tofacitinib,HL60,0.6102926072256221
Q04759,PRKCQ,AZD6482,HL60,0.0926325357811611
Q04759,PRKCQ,CAL101,HL60,0.6350448297125139
Q04759,PRKCQ,GDC0941,HL60,-0.0271434767163422
Q04759,PRKCQ,HS173,HL60,-1.1981743189757343
Q04759,PRKCQ,PIK294,HL60,0.17796731716357156
Q04759,PRKCQ,TGX221,HL60,0.9633466834497788
Q04759,PRKCQ,AZD8055,HL60,-2.365310582093422
Q04759,PRKCQ,GDC0994,HL60,0.5054387663752445
Q04759,PRKCQ,JNK,HL60,0.40755641192539216
Q04759,PRKCQ,LY2584702,HL60,1.7482800614337715
Q04759,PRKCQ,PH797804,HL60,1.119755031363516
Q04759,PRKCQ,Selumetinib,HL60,-2.585481980993281
Q04759,PRKCQ,U73122,HL60,-1.5491577779006278
Q04759,PRKCQ,Ulixertinib,HL60,1.8750390973530566
Q04759,PRKCQ,Amuvatinib,HL60,-0.46891618440610644
Q04759,PRKCQ,AZD3759,HL60,-0.26712269677966977
Q04759,PRKCQ,GSK690693,HL60,1.2089414644970653
Q04759,PRKCQ,JNJ,HL60,-0.015065927566955165
Q04759,PRKCQ,KN62,HL60,1.434089400198416
Q04759,PRKCQ,Linsitinib,HL60,-0.8585288240826183
Q04759,PRKCQ,LY2835219,HL60,0.18548185650982246
Q04759,PRKCQ,Ribociclib,HL60,1.8069373471533565
Q04759,PRKCQ,AC220,HL60,0.33945725168768004
Q04759,PRKCQ,Edelfosine,HL60,-3.804639511515209
Q04759,PRKCQ,GF109203X,HL60,-2.179578231941501
Q04759,PRKCQ,Go6976,HL60,-0.7575983401600502
Q04759,PRKCQ,PF4708671,HL60,-0.5999995093098907
Q04759,PRKCQ,SP600125,HL60,-1.5300871977999109
Q04759,PRKCQ,TAK715,HL60,-0.9061099684144638
Q04759,PRKCQ,TBCA,HL60,-2.1074513997857514
Q04759,PRKCQ,AT13148,HL60,0.27686641354017005
Q04759,PRKCQ,AZ20,HL60,0.1850256372071542
Q04759,PRKCQ,AZD6738,HL60,1.4223149393781873
Q04759,PRKCQ,Bosutinib,HL60,1.4824834715782889
Q04759,PRKCQ,Dabrafenib,HL60,1.2481376120303642
Q04759,PRKCQ,Dasatinib,HL60,-1.5912528797262884
Q04759,PRKCQ,DNAPK,HL60,-0.212034176226246
Q04759,PRKCQ,H89,HL60,0.9898770162812923
Q04759,PRKCQ,KD025,HL60,0.538265929509376
Q04759,PRKCQ,NU7441,HL60,0.4393763878548543
Q04759,PRKCQ,Ripasudil,HL60,0.14378872946776064
Q04759,PRKCQ,Vemurafenib,HL60,0.6489814111780322
Q04759,PRKCQ,CX4945,HL60,2.1834279555926868
Q04759,PRKCQ,GO6983,HL60,-1.1659979696467964
Q04759,PRKCQ,KN93,HL60,-0.22802848229978526
Q04759,PRKCQ,MK2206,HL60,0.5295643818000978
O14920,IKBKB,AZD5438,HL60,-0.2022498488093727
O14920,IKBKB,FRAX486,HL60,-3.0520490030700085
O14920,IKBKB,Ku0063794,HL60,-1.18336150478619
O14920,IKBKB,PD153035,HL60,-1.686655459839289
O14920,IKBKB,PF3758309,HL60,-0.5175571165066565
O14920,IKBKB,Torin,HL60,0.960342284689425
O14920,IKBKB,Trametinib,HL60,0.6712004385208117
O14920,IKBKB,AZD1480,HL60,1.814747686839821
O14920,IKBKB,AZD5363,HL60,0.9632617457366707
O14920,IKBKB,BX912,HL60,2.388165742099946
O14920,IKBKB,CHIR99021,HL60,1.3580389000182878
O14920,IKBKB,GSK2334470,HL60,0.840353596648318
O14920,IKBKB,Ipatasertib,HL60,2.9194449870067127
O14920,IKBKB,LY2090314,HL60,1.280912456732957
O14920,IKBKB,Tofacitinib,HL60,2.0706885527999694
O14920,IKBKB,AZD6482,HL60,-0.23842555428113626
O14920,IKBKB,CAL101,HL60,1.1629004129783629
O14920,IKBKB,GDC0941,HL60,-0.02180116010411902
O14920,IKBKB,HS173,HL60,1.294068234495521
O14920,IKBKB,PIK294,HL60,1.8190590622504828
O14920,IKBKB,TGX221,HL60,-0.0181639150454378
O14920,IKBKB,AZD8055,HL60,0.047912091932684746
O14920,IKBKB,GDC0994,HL60,0.06877427391823564
O14920,IKBKB,JNK,HL60,0.31752235827216796
O14920,IKBKB,LY2584702,HL60,0.2990951624550998
O14920,IKBKB,PH797804,HL60,-0.402204798900762
O14920,IKBKB,Selumetinib,HL60,1.3290307124412453
O14920,IKBKB,U73122,HL60,1.0190355141169263
O14920,IKBKB,Ulixertinib,HL60,1.5425110146645185
O14920,IKBKB,Amuvatinib,HL60,-0.5580536103600653
O14920,IKBKB,AZD3759,HL60,0.3088325505563888
O14920,IKBKB,GSK690693,HL60,-1.7793835168132401
O14920,IKBKB,JNJ,HL60,0.7927426172802116
O14920,IKBKB,KN62,HL60,0.36949941664600167
O14920,IKBKB,Linsitinib,HL60,-1.499075156620877
O14920,IKBKB,LY2835219,HL60,0.41067967765959745
O14920,IKBKB,Ribociclib,HL60,0.9616570768637478
O14920,IKBKB,AC220,HL60,-0.7034602133062918
O14920,IKBKB,Edelfosine,HL60,0.05362214907656256
O14920,IKBKB,GF109203X,HL60,0.8803219059619324
O14920,IKBKB,Go6976,HL60,-0.4552435542945525
O14920,IKBKB,PF4708671,HL60,-2.001116974455711
O14920,IKBKB,SP600125,HL60,-1.5436280652639414
O14920,IKBKB,TAK715,HL60,-2.070575105674354
O14920,IKBKB,TBCA,HL60,-2.0636143410726233
O14920,IKBKB,AT13148,HL60,-1.478991869131924
O14920,IKBKB,AZ20,HL60,0.412883784272931
O14920,IKBKB,AZD6738,HL60,-0.3947398215768258
O14920,IKBKB,Bosutinib,HL60,0.4558052277470476
O14920,IKBKB,Dabrafenib,HL60,-0.31747845225089355
O14920,IKBKB,Dasatinib,HL60,-0.7979178539324296
O14920,IKBKB,DNAPK,HL60,0.2953310208052666
O14920,IKBKB,H89,HL60,0.23429554940630065
O14920,IKBKB,KD025,HL60,0.19746535862379516
O14920,IKBKB,NU7441,HL60,0.08479507935586045
O14920,IKBKB,Ripasudil,HL60,-0.8895305400541739
O14920,IKBKB,Vemurafenib,HL60,0.4160962898138131
O14920,IKBKB,CX4945,HL60,-1.484233674232292
O14920,IKBKB,GO6983,HL60,-1.9887354310552834
O14920,IKBKB,KN93,HL60,-0.6512054383559276
O14920,IKBKB,MK2206,HL60,-0.30199327671698
O60674,JAK2,AZD5438,HL60,0.6266114529911757
O60674,JAK2,FRAX486,HL60,5.2554673754172105
O60674,JAK2,Ku0063794,HL60,0.47671306869736185
O60674,JAK2,PD153035,HL60,0.12782993857045596
O60674,JAK2,PF3758309,HL60,1.6819518511654379
O60674,JAK2,Torin,HL60,0.3433274069749242
O60674,JAK2,Trametinib,HL60,-6.349690406922493
O60674,JAK2,AZD1480,HL60,0.26605767922578694
O60674,JAK2,AZD5363,HL60,0.8771478161783477
O60674,JAK2,BX912,HL60,1.1939445554373243
O60674,JAK2,CHIR99021,HL60,-0.14560690306572754
O60674,JAK2,GSK2334470,HL60,1.6160383638882503
O60674,JAK2,Ipatasertib,HL60,0.06963770208307293
O60674,JAK2,LY2090314,HL60,-0.9741810129605409
O60674,JAK2,Tofacitinib,HL60,-0.4816500036435871
O60674,JAK2,AZD6482,HL60,-0.5190139193769122
O60674,JAK2,CAL101,HL60,-0.885749594025737
O60674,JAK2,GDC0941,HL60,-0.8265374659424215
O60674,JAK2,HS173,HL60,-2.124920374918599
O60674,JAK2,PIK294,HL60,-0.5288370380691254
O60674,JAK2,TGX221,HL60,-0.29058447071703253
O60674,JAK2,AZD8055,HL60,0.16068822330264648
O60674,JAK2,GDC0994,HL60,0.11512201826341774
O60674,JAK2,JNK,HL60,0.18434664321999528
O60674,JAK2,LY2584702,HL60,0.7442552422889908
O60674,JAK2,PH797804,HL60,0.07809362651045113
O60674,JAK2,Selumetinib,HL60,-2.5519953606662162
O60674,JAK2,U73122,HL60,-0.9213106138498501
O60674,JAK2,Ulixertinib,HL60,2.247039940109365
O60674,JAK2,Amuvatinib,HL60,-0.1291421506871152
O60674,JAK2,AZD3759,HL60,0.8470709194542784
O60674,JAK2,GSK690693,HL60,1.3582298770169998
O60674,JAK2,JNJ,HL60,-0.34337946215438786
O60674,JAK2,KN62,HL60,2.002350044528892
O60674,JAK2,Linsitinib,HL60,-1.176926657562856
O60674,JAK2,LY2835219,HL60,0.6376455916359866
O60674,JAK2,Ribociclib,HL60,1.1730144454582137
O60674,JAK2,AC220,HL60,0.5820300238314173
O60674,JAK2,Edelfosine,HL60,-2.028345736218034
O60674,JAK2,GF109203X,HL60,-0.5512644146528978
O60674,JAK2,Go6976,HL60,0.4562043668668438
O60674,JAK2,PF4708671,HL60,0.0514290637136777
O60674,JAK2,SP600125,HL60,0.05150264578017524
O60674,JAK2,TAK715,HL60,0.2628656574621308
O60674,JAK2,TBCA,HL60,0.41306169712994917
O60674,JAK2,AT13148,HL60,-0.6554995752984658
O60674,JAK2,AZ20,HL60,1.0397382608241565
O60674,JAK2,AZD6738,HL60,1.0566991516185253
O60674,JAK2,Bosutinib,HL60,2.1484074956917825
O60674,JAK2,Dabrafenib,HL60,1.912939981220431
O60674,JAK2,Dasatinib,HL60,0.5523997397200353
O60674,JAK2,DNAPK,HL60,0.8275991112232441
O60674,JAK2,H89,HL60,0.9207918959574235
O60674,JAK2,KD025,HL60,1.0042743501285112
O60674,JAK2,NU7441,HL60,0.5953996723224358
O60674,JAK2,Ripasudil,HL60,-0.7394544660949007
O60674,JAK2,Vemurafenib,HL60,-0.14575395391830825
O60674,JAK2,CX4945,HL60,0.5175055844652058
O60674,JAK2,GO6983,HL60,0.1675091397591427
O60674,JAK2,KN93,HL60,0.42027732006920054
O60674,JAK2,MK2206,HL60,0.7713159287971207
Q13315,ATM,AZD5438,HL60,0.5724558849536157
Q13315,ATM,FRAX486,HL60,-1.9044952027174402
Q13315,ATM,Ku0063794,HL60,-0.9103643995383223
Q13315,ATM,PD153035,HL60,-1.2300320953588357
Q13315,ATM,PF3758309,HL60,-1.0840755991162199
Q13315,ATM,Torin,HL60,-1.7714152193513277
Q13315,ATM,Trametinib,HL60,0.2366452854652274
Q13315,ATM,AZD1480,HL60,-0.0480715098619065
Q13315,ATM,AZD5363,HL60,0.7736988666432507
Q13315,ATM,BX912,HL60,-0.12738265221672979
Q13315,ATM,CHIR99021,HL60,0.3411308134465564
Q13315,ATM,GSK2334470,HL60,0.484089438677174
Q13315,ATM,Ipatasertib,HL60,0.9367968660914997
Q13315,ATM,LY2090314,HL60,0.7115425821607196
Q13315,ATM,Tofacitinib,HL60,-0.7247045930618806
Q13315,ATM,AZD6482,HL60,0.9360903179280309
Q13315,ATM,CAL101,HL60,0.8130072607243707
Q13315,ATM,GDC0941,HL60,0.7066789408540844
Q13315,ATM,HS173,HL60,-1.1606254628533128
Q13315,ATM,PIK294,HL60,0.12969014195273068
Q13315,ATM,TGX221,HL60,0.0598807640413585
Q13315,ATM,AZD8055,HL60,1.2436151702971034
Q13315,ATM,GDC0994,HL60,1.3023266890335474
Q13315,ATM,JNK,HL60,0.6708515772458477
Q13315,ATM,LY2584702,HL60,2.031893059580949
Q13315,ATM,PH797804,HL60,1.5420427803013594
Q13315,ATM,Selumetinib,HL60,0.5255023380825614
Q13315,ATM,U73122,HL60,0.984415074745182
Q13315,ATM,Ulixertinib,HL60,1.953055995860985
Q13315,ATM,Amuvatinib,HL60,-0.7442483894771896
Q13315,ATM,AZD3759,HL60,0.7004596528387093
Q13315,ATM,GSK690693,HL60,0.35125142861378905
Q13315,ATM,JNJ,HL60,-0.7575355493306867
Q13315,ATM,KN62,HL60,-0.49677929206527593
Q13315,ATM,Linsitinib,HL60,-0.13379387375706295
Q13315,ATM,LY2835219,HL60,0.6327167567725662
Q13315,ATM,Ribociclib,HL60,-0.05129553042260687
Q13315,ATM,AC220,HL60,-1.1697640309917865
Q13315,ATM,Edelfosine,HL60,1.177626507379142
Q13315,ATM,GF109203X,HL60,0.0697785621465235
Q13315,ATM,Go6976,HL60,-1.1173345498327676
Q13315,ATM,PF4708671,HL60,-0.9324643722079501
Q13315,ATM,SP600125,HL60,-0.2871512948869195
Q13315,ATM,TAK715,HL60,0.2234064430207187
Q13315,ATM,TBCA,HL60,-0.17300637568780597
Q13315,ATM,AT13148,HL60,0.6553556567486095
Q13315,ATM,AZ20,HL60,-4.080771855069629
Q13315,ATM,AZD6738,HL60,-1.612928649616531
Q13315,ATM,Bosutinib,HL60,0.4073301734878134
Q13315,ATM,Dabrafenib,HL60,0.43845891574608686
Q13315,ATM,Dasatinib,HL60,-0.12896558139232367
Q13315,ATM,DNAPK,HL60,1.2971339924179708
Q13315,ATM,H89,HL60,0.43977582381914865
Q13315,ATM,KD025,HL60,2.4562155531492635
Q13315,ATM,NU7441,HL60,-0.21113210080300557
Q13315,ATM,Ripasudil,HL60,1.1201032362607095
Q13315,ATM,Vemurafenib,HL60,-1.0863928889598125
Q13315,ATM,CX4945,HL60,-2.3606925388101803
Q13315,ATM,GO6983,HL60,-0.4410025242753519
Q13315,ATM,KN93,HL60,-0.11942287097993462
Q13315,ATM,MK2206,HL60,-1.5817211393489823
P33981,TTK,AZD5438,HL60,-1.2189944357308113
P33981,TTK,FRAX486,HL60,0.04913692075270208
P33981,TTK,Ku0063794,HL60,0.4293130954093074
P33981,TTK,PD153035,HL60,0.5054098522574516
P33981,TTK,PF3758309,HL60,-1.3697141413932095
P33981,TTK,Torin,HL60,-0.03550787700305113
P33981,TTK,Trametinib,HL60,-0.7514181265949785
P33981,TTK,AZD1480,HL60,-0.12174555742967959
P33981,TTK,AZD5363,HL60,0.761756358100687
P33981,TTK,BX912,HL60,0.32040742281615653
P33981,TTK,CHIR99021,HL60,-0.027936990625850876
P33981,TTK,GSK2334470,HL60,0.7788267905792138
P33981,TTK,Ipatasertib,HL60,-0.09385568732612871
P33981,TTK,LY2090314,HL60,0.1851265508577776
P33981,TTK,Tofacitinib,HL60,1.0292873137234764
P33981,TTK,AZD6482,HL60,0.5392965145050962
P33981,TTK,CAL101,HL60,1.080021608013606
P33981,TTK,GDC0941,HL60,-0.6685532151260267
P33981,TTK,HS173,HL60,0.5330176517184021
P33981,TTK,PIK294,HL60,0.18848351084691456
P33981,TTK,TGX221,HL60,1.0801473557077905
P33981,TTK,AZD8055,HL60,-0.25924298732689677
P33981,TTK,GDC0994,HL60,-0.33304425070345434
P33981,TTK,JNK,HL60,-0.47753464553958297
P33981,TTK,LY2584702,HL60,0.4705854324065319
P33981,TTK,PH797804,HL60,0.3924285639875703
P33981,TTK,Selumetinib,HL60,-0.08935671182495142
P33981,TTK,U73122,HL60,-0.024400272539082002
P33981,TTK,Ulixertinib,HL60,-0.0713281428721015
P33981,TTK,Amuvatinib,HL60,0.3970772859510936
P33981,TTK,AZD3759,HL60,0.11864902847981273
P33981,TTK,GSK690693,HL60,0.8935867408974912
P33981,TTK,JNJ,HL60,1.6575739782642838
P33981,TTK,KN62,HL60,1.0483255614615268
P33981,TTK,Linsitinib,HL60,0.07144455450218583
P33981,TTK,LY2835219,HL60,0.724537364890238
P33981,TTK,Ribociclib,HL60,1.5748965945393862
P33981,TTK,AC220,HL60,0.81962911290136
P33981,TTK,Edelfosine,HL60,1.0014640095329979
P33981,TTK,GF109203X,HL60,0.08543370266900009
P33981,TTK,Go6976,HL60,-0.981041758742089
P33981,TTK,PF4708671,HL60,-0.09072243260353036
P33981,TTK,SP600125,HL60,-0.8662528022942053
P33981,TTK,TAK715,HL60,0.5493708699051512
P33981,TTK,TBCA,HL60,-1.253933585506373
P33981,TTK,AT13148,HL60,0.42049234579531114
P33981,TTK,AZ20,HL60,-0.022478643674638855
P33981,TTK,AZD6738,HL60,-2.8585318340583368
P33981,TTK,Bosutinib,HL60,-1.091176296949048
P33981,TTK,Dabrafenib,HL60,-2.263866034091076
P33981,TTK,Dasatinib,HL60,-0.05280588589862938
P33981,TTK,DNAPK,HL60,0.31002267923366483
P33981,TTK,H89,HL60,0.35956600782650167
P33981,TTK,KD025,HL60,-0.13244460174633105
P33981,TTK,NU7441,HL60,0.16378668872080493
P33981,TTK,Ripasudil,HL60,-0.34492004931935577
P33981,TTK,Vemurafenib,HL60,-0.7727766010228331
P33981,TTK,CX4945,HL60,-0.02971934417938383
P33981,TTK,GO6983,HL60,-0.6677402791824854
P33981,TTK,KN93,HL60,-0.9377708250958682
P33981,TTK,MK2206,HL60,-1.118566417469833
P53350,PLK1,AZD5438,HL60,-2.1016296338490292
P53350,PLK1,FRAX486,HL60,-0.449199346873786
P53350,PLK1,Ku0063794,HL60,-1.1091129911983315
P53350,PLK1,PD153035,HL60,-1.030148089535164
P53350,PLK1,PF3758309,HL60,-1.05141619659823
P53350,PLK1,Torin,HL60,-0.6110373370903427
P53350,PLK1,Trametinib,HL60,-0.3911175627888321
P53350,PLK1,AZD1480,HL60,-0.6267840072391541
P53350,PLK1,AZD5363,HL60,-0.8172587216342215
P53350,PLK1,BX912,HL60,-1.4411410904040203
P53350,PLK1,CHIR99021,HL60,-0.9176077936204489
P53350,PLK1,GSK2334470,HL60,0.12220080067181328
P53350,PLK1,Ipatasertib,HL60,-1.4656208290924388
P53350,PLK1,LY2090314,HL60,0.2980226226491593
P53350,PLK1,Tofacitinib,HL60,-1.5099151193413993
P53350,PLK1,AZD6482,HL60,-1.2974906719609012
P53350,PLK1,CAL101,HL60,-0.19054313991953756
P53350,PLK1,GDC0941,HL60,-0.06412572443102366
P53350,PLK1,HS173,HL60,-1.6937624619752465
P53350,PLK1,PIK294,HL60,-1.2592690849953874
P53350,PLK1,TGX221,HL60,-1.3699817166198551
P53350,PLK1,AZD8055,HL60,0.3478379728643743
P53350,PLK1,GDC0994,HL60,-0.7694208084105747
P53350,PLK1,JNK,HL60,0.19116658509823822
P53350,PLK1,LY2584702,HL60,-0.39772214720910287
P53350,PLK1,PH797804,HL60,-0.015427080967686848
P53350,PLK1,Selumetinib,HL60,-0.14233091010766882
P53350,PLK1,U73122,HL60,0.0006123447239043204
P53350,PLK1,Ulixertinib,HL60,-0.19273148676705656
P53350,PLK1,Amuvatinib,HL60,-0.10493495496534026
P53350,PLK1,AZD3759,HL60,-0.36775437599612704
P53350,PLK1,GSK690693,HL60,0.6643516589898983
P53350,PLK1,JNJ,HL60,0.14421781881641416
P53350,PLK1,KN62,HL60,-0.6037759726929183
P53350,PLK1,Linsitinib,HL60,0.012295838161139373
P53350,PLK1,LY2835219,HL60,0.16225433798401379
P53350,PLK1,Ribociclib,HL60,-1.0388059059016315
P53350,PLK1,AC220,HL60,0.7192287247033826
P53350,PLK1,Edelfosine,HL60,0.4613629427538349
P53350,PLK1,GF109203X,HL60,0.5652723320946202
P53350,PLK1,Go6976,HL60,-0.7142208125444449
P53350,PLK1,PF4708671,HL60,0.9562450346840821
P53350,PLK1,SP600125,HL60,-1.1999122731750764
P53350,PLK1,TAK715,HL60,0.9826042826651726
P53350,PLK1,TBCA,HL60,-0.11585848641152167
P53350,PLK1,AT13148,HL60,2.5750617955115467
P53350,PLK1,AZ20,HL60,1.709587467006922
P53350,PLK1,AZD6738,HL60,0.03667354568882557
P53350,PLK1,Bosutinib,HL60,1.0908813075334718
P53350,PLK1,Dabrafenib,HL60,0.9455106980726495
P53350,PLK1,Dasatinib,HL60,0.9590700497356878
P53350,PLK1,DNAPK,HL60,2.718270759491067
P53350,PLK1,H89,HL60,1.6381651023520674
P53350,PLK1,KD025,HL60,2.575239611733105
P53350,PLK1,NU7441,HL60,0.19266261929565026
P53350,PLK1,Ripasudil,HL60,1.2290405624394531
P53350,PLK1,Vemurafenib,HL60,0.9253862576472017
P53350,PLK1,CX4945,HL60,-0.6816692856011887
P53350,PLK1,GO6983,HL60,0.20805035843327552
P53350,PLK1,KN93,HL60,-1.0360472941809113
P53350,PLK1,MK2206,HL60,-0.8681898024916413
P27361,MAPK3,AZD5438,HL60,0.29229624016109823
P27361,MAPK3,FRAX486,HL60,1.934074587000308
P27361,MAPK3,Ku0063794,HL60,-0.7743907881047042
P27361,MAPK3,PD153035,HL60,-0.8468344583040389
P27361,MAPK3,PF3758309,HL60,1.1388600907131379
P27361,MAPK3,Torin,HL60,-0.2632317162301593
P27361,MAPK3,Trametinib,HL60,-2.7400172844291917
P27361,MAPK3,AZD1480,HL60,1.677184107914814
P27361,MAPK3,AZD5363,HL60,3.4160160943669635
P27361,MAPK3,BX912,HL60,2.1477051388160433
P27361,MAPK3,CHIR99021,HL60,1.1394115722048332
P27361,MAPK3,GSK2334470,HL60,1.2820801323950541
P27361,MAPK3,Ipatasertib,HL60,0.5287770596388832
P27361,MAPK3,LY2090314,HL60,0.5659599674555295
P27361,MAPK3,Tofacitinib,HL60,1.5023979284493936
P27361,MAPK3,AZD6482,HL60,0.3070325770894349
P27361,MAPK3,CAL101,HL60,-0.274025342323316
P27361,MAPK3,GDC0941,HL60,0.3973100954586061
P27361,MAPK3,HS173,HL60,-0.07873174949744031
P27361,MAPK3,PIK294,HL60,1.099993982728063
P27361,MAPK3,TGX221,HL60,-0.1682713279779914
P27361,MAPK3,AZD8055,HL60,1.7584882899616407
P27361,MAPK3,GDC0994,HL60,0.8160649942845886
P27361,MAPK3,JNK,HL60,2.319105189279192
P27361,MAPK3,LY2584702,HL60,0.9044467472309212
P27361,MAPK3,PH797804,HL60,1.3218076224005415
P27361,MAPK3,Selumetinib,HL60,1.2487017123921305
P27361,MAPK3,U73122,HL60,1.5620104599453735
P27361,MAPK3,Ulixertinib,HL60,0.22908301016103125
P27361,MAPK3,Amuvatinib,HL60,-1.4004716438837495
P27361,MAPK3,AZD3759,HL60,1.5007257621030428
P27361,MAPK3,GSK690693,HL60,-0.32023880789766707
P27361,MAPK3,JNJ,HL60,-0.5570284280842791
P27361,MAPK3,KN62,HL60,-0.25863109248724814
P27361,MAPK3,Linsitinib,HL60,-1.8047235532304782
P27361,MAPK3,LY2835219,HL60,-0.6436219206382578
P27361,MAPK3,Ribociclib,HL60,0.06172139758947827
P27361,MAPK3,AC220,HL60,0.9490635964090999
P27361,MAPK3,Edelfosine,HL60,2.1726215727324543
P27361,MAPK3,GF109203X,HL60,1.8828468321123533
P27361,MAPK3,Go6976,HL60,1.4195970975550307
P27361,MAPK3,PF4708671,HL60,-0.1984353291705766
P27361,MAPK3,SP600125,HL60,-0.28506920584612006
P27361,MAPK3,TAK715,HL60,1.4094524719832409
P27361,MAPK3,TBCA,HL60,0.11425928032800081
P27361,MAPK3,AT13148,HL60,-1.23699927932889
P27361,MAPK3,AZ20,HL60,0.8176148957669085
P27361,MAPK3,AZD6738,HL60,0.9880865674980502
P27361,MAPK3,Bosutinib,HL60,2.16912364613029
P27361,MAPK3,Dabrafenib,HL60,-1.6473318368056709
P27361,MAPK3,Dasatinib,HL60,0.831772620032749
P27361,MAPK3,DNAPK,HL60,0.8768028347604642
P27361,MAPK3,H89,HL60,1.0211510554968126
P27361,MAPK3,KD025,HL60,-0.5059673251835543
P27361,MAPK3,NU7441,HL60,-1.3913529330508272
P27361,MAPK3,Ripasudil,HL60,-1.6179900721082774
P27361,MAPK3,Vemurafenib,HL60,-1.7871985905638779
P27361,MAPK3,CX4945,HL60,1.0883652919181264
P27361,MAPK3,GO6983,HL60,2.6200313489360667
P27361,MAPK3,KN93,HL60,1.155475371656864
P27361,MAPK3,MK2206,HL60,0.3859671645607857
P28482,MAPK1,AZD5438,HL60,-0.5552052588658273
P28482,MAPK1,FRAX486,HL60,4.204454581147473
P28482,MAPK1,Ku0063794,HL60,-0.36931602730248414
P28482,MAPK1,PD153035,HL60,-1.0322929989968441
P28482,MAPK1,PF3758309,HL60,1.674404199587763
P28482,MAPK1,Torin,HL60,-1.1686388974180801
P28482,MAPK1,Trametinib,HL60,-1.8052760442728175
P28482,MAPK1,AZD1480,HL60,2.379603698198565
P28482,MAPK1,AZD5363,HL60,3.2277918800880037
P28482,MAPK1,BX912,HL60,2.082355921747537
P28482,MAPK1,CHIR99021,HL60,2.0973898549145993
P28482,MAPK1,GSK2334470,HL60,1.7164572941732434
P28482,MAPK1,Ipatasertib,HL60,0.40257159474002063
P28482,MAPK1,LY2090314,HL60,0.4494541247026597
P28482,MAPK1,Tofacitinib,HL60,0.8840897839796529
P28482,MAPK1,AZD6482,HL60,0.7461740016194066
P28482,MAPK1,CAL101,HL60,0.36692223333351187
P28482,MAPK1,GDC0941,HL60,0.2154753438593674
P28482,MAPK1,HS173,HL60,0.553055427402072
P28482,MAPK1,PIK294,HL60,0.7719637417556164
P28482,MAPK1,TGX221,HL60,-0.00940899570955633
P28482,MAPK1,AZD8055,HL60,0.499632982189973
P28482,MAPK1,GDC0994,HL60,-0.4447388711641984
P28482,MAPK1,JNK,HL60,0.3944217466441072
P28482,MAPK1,LY2584702,HL60,0.5983709515806617
P28482,MAPK1,PH797804,HL60,0.7541305915824627
P28482,MAPK1,Selumetinib,HL60,-0.44167767885984044
P28482,MAPK1,U73122,HL60,-0.00911003506530168
P28482,MAPK1,Ulixertinib,HL60,0.20582429979878333
P28482,MAPK1,Amuvatinib,HL60,-0.2799923984663979
P28482,MAPK1,AZD3759,HL60,1.4307248681329594
P28482,MAPK1,GSK690693,HL60,-0.4634677414450765
P28482,MAPK1,JNJ,HL60,-0.09084832893988419
P28482,MAPK1,KN62,HL60,0.0002760324685004401
P28482,MAPK1,Linsitinib,HL60,-1.098027459337897
P28482,MAPK1,LY2835219,HL60,0.0028445124975576817
P28482,MAPK1,Ribociclib,HL60,-0.17952449478768778
P28482,MAPK1,AC220,HL60,1.082757310405009
P28482,MAPK1,Edelfosine,HL60,1.3046324125916642
P28482,MAPK1,GF109203X,HL60,1.2680630879415007
P28482,MAPK1,Go6976,HL60,1.2643004365666002
P28482,MAPK1,PF4708671,HL60,0.8831621200957407
P28482,MAPK1,SP600125,HL60,0.5453618365436066
P28482,MAPK1,TAK715,HL60,2.0357784676612245
P28482,MAPK1,TBCA,HL60,1.5176212575717662
P28482,MAPK1,AT13148,HL60,-0.8765172373783983
P28482,MAPK1,AZ20,HL60,0.5234985526150701
P28482,MAPK1,AZD6738,HL60,2.2909786725923778
P28482,MAPK1,Bosutinib,HL60,3.028391171641558
P28482,MAPK1,Dabrafenib,HL60,1.2077421917247495
P28482,MAPK1,Dasatinib,HL60,0.9182756338435304
P28482,MAPK1,DNAPK,HL60,0.9653995872981588
P28482,MAPK1,H89,HL60,2.1906725837869687
P28482,MAPK1,KD025,HL60,-0.08431103339650135
P28482,MAPK1,NU7441,HL60,-0.8304977206120853
P28482,MAPK1,Ripasudil,HL60,-1.4759839410922115
P28482,MAPK1,Vemurafenib,HL60,0.3850811043104083
P28482,MAPK1,CX4945,HL60,1.0637136649355876
P28482,MAPK1,GO6983,HL60,1.8656669658368208
P28482,MAPK1,KN93,HL60,0.3779730708596802
P28482,MAPK1,MK2206,HL60,0.4332096540311881
P00533,EGFR,AZD5438,HL60,1.6855436567672333
P00533,EGFR,FRAX486,HL60,-1.357878683777708
P00533,EGFR,Ku0063794,HL60,-1.53438645641304
P00533,EGFR,PD153035,HL60,-0.6275124211171755
P00533,EGFR,PF3758309,HL60,1.3642245591430309
P00533,EGFR,Torin,HL60,-0.42889131017750715
P00533,EGFR,Trametinib,HL60,0.7874201191631519
P00533,EGFR,AZD1480,HL60,-0.4432463219141265
P00533,EGFR,AZD5363,HL60,-0.5844649204758577
P00533,EGFR,BX912,HL60,-0.5643697862793158
P00533,EGFR,CHIR99021,HL60,0.413889820474989
P00533,EGFR,GSK2334470,HL60,-0.7554848479148923
P00533,EGFR,Ipatasertib,HL60,-1.2740632020951794
P00533,EGFR,LY2090314,HL60,0.3802423846806927
P00533,EGFR,Tofacitinib,HL60,-0.024691639919221554
P00533,EGFR,AZD6482,HL60,-0.9624104391919135
P00533,EGFR,CAL101,HL60,-0.8907060943923909
P00533,EGFR,GDC0941,HL60,-0.045111761274257124
P00533,EGFR,HS173,HL60,-1.8636423482939826
P00533,EGFR,PIK294,HL60,-0.07088263217636595
P00533,EGFR,TGX221,HL60,0.7869671853906066
P00533,EGFR,AZD8055,HL60,1.232857685699962
P00533,EGFR,GDC0994,HL60,1.5183604571051228
P00533,EGFR,JNK,HL60,1.5394937694809807
P00533,EGFR,LY2584702,HL60,1.2555414529090276
P00533,EGFR,PH797804,HL60,1.2566562399783756
P00533,EGFR,Selumetinib,HL60,0.6207080256276458
P00533,EGFR,U73122,HL60,0.30516398892820945
P00533,EGFR,Ulixertinib,HL60,1.1374911713351348
P00533,EGFR,Amuvatinib,HL60,-0.1539628862897419
P00533,EGFR,AZD3759,HL60,0.24564626277695895
P00533,EGFR,GSK690693,HL60,-0.0025251047956753167
P00533,EGFR,JNJ,HL60,-0.4987816670570419
P00533,EGFR,KN62,HL60,0.40969225288188804
P00533,EGFR,Linsitinib,HL60,0.02105711231016125
P00533,EGFR,LY2835219,HL60,0.21414662034622786
P00533,EGFR,Ribociclib,HL60,-0.44523038851755226
P00533,EGFR,AC220,HL60,0.187864978707219
P00533,EGFR,Edelfosine,HL60,-0.7373958071388284
P00533,EGFR,GF109203X,HL60,3.629265269521833
P00533,EGFR,Go6976,HL60,-1.6950416504560775
P00533,EGFR,PF4708671,HL60,1.0534581578748194
P00533,EGFR,SP600125,HL60,-0.7698083267217027
P00533,EGFR,TAK715,HL60,-1.9476159633253205
P00533,EGFR,TBCA,HL60,-3.8155794110114494
P00533,EGFR,AT13148,HL60,-2.4760547691239343
P00533,EGFR,AZ20,HL60,-2.5968253408031963
P00533,EGFR,AZD6738,HL60,-1.7209524233813263
P00533,EGFR,Bosutinib,HL60,-1.216488228596158
P00533,EGFR,Dabrafenib,HL60,-1.016339350129513
P00533,EGFR,Dasatinib,HL60,-0.09573156283830639
P00533,EGFR,DNAPK,HL60,-1.7902389615902656
P00533,EGFR,H89,HL60,-1.6870833541063501
P00533,EGFR,KD025,HL60,-0.3552330810430699
P00533,EGFR,NU7441,HL60,-3.4569012066205627
P00533,EGFR,Ripasudil,HL60,-2.0064881926194844
P00533,EGFR,Vemurafenib,HL60,-1.580973362628408
P00533,EGFR,CX4945,HL60,-1.2005463991990095
P00533,EGFR,GO6983,HL60,-0.9592810017753356
P00533,EGFR,KN93,HL60,-1.4991063078360205
P00533,EGFR,MK2206,HL60,-1.3743447451686273
P17252,PRKCA,AZD5438,HL60,1.0857849355213116
P17252,PRKCA,FRAX486,HL60,0.8518529222876126
P17252,PRKCA,Ku0063794,HL60,0.9628647205683606
P17252,PRKCA,PD153035,HL60,-0.39793673074366204
P17252,PRKCA,PF3758309,HL60,-1.0854065328000784
P17252,PRKCA,Torin,HL60,-2.293463542093081
P17252,PRKCA,Trametinib,HL60,-3.209688832942963
P17252,PRKCA,AZD1480,HL60,1.3561565816096794
P17252,PRKCA,AZD5363,HL60,-0.6836607080617768
P17252,PRKCA,BX912,HL60,1.371550284577484
P17252,PRKCA,CHIR99021,HL60,0.9884776281161058
P17252,PRKCA,GSK2334470,HL60,1.1276921563156985
P17252,PRKCA,Ipatasertib,HL60,1.6659800655388044
P17252,PRKCA,LY2090314,HL60,-0.5885390773930702
P17252,PRKCA,Tofacitinib,HL60,0.20399162580577065
P17252,PRKCA,AZD6482,HL60,0.22570530166500416
P17252,PRKCA,CAL101,HL60,-0.11442272310911332
P17252,PRKCA,GDC0941,HL60,0.02788053805657603
P17252,PRKCA,HS173,HL60,0.1799962267877486
P17252,PRKCA,PIK294,HL60,2.176720298079229
P17252,PRKCA,TGX221,HL60,0.8575451360674573
P17252,PRKCA,AZD8055,HL60,0.10114356235690258
P17252,PRKCA,GDC0994,HL60,1.7943627372678028
P17252,PRKCA,JNK,HL60,1.6675408607212687
P17252,PRKCA,LY2584702,HL60,0.1482452387380928
P17252,PRKCA,PH797804,HL60,1.0115500645838047
P17252,PRKCA,Selumetinib,HL60,-0.715728631843965
P17252,PRKCA,U73122,HL60,-0.8388695748368794
P17252,PRKCA,Ulixertinib,HL60,1.3380829696668344
P17252,PRKCA,Amuvatinib,HL60,-1.2363755063366408
P17252,PRKCA,AZD3759,HL60,-0.9834938759542582
P17252,PRKCA,GSK690693,HL60,-1.0390653924937172
P17252,PRKCA,JNJ,HL60,-0.8739162890607935
P17252,PRKCA,KN62,HL60,-0.8201889113273587
P17252,PRKCA,Linsitinib,HL60,-1.7674044752148026
P17252,PRKCA,LY2835219,HL60,-3.2714724455099424
P17252,PRKCA,Ribociclib,HL60,-1.7499566357007927
P17252,PRKCA,AC220,HL60,2.287759158585718
P17252,PRKCA,Edelfosine,HL60,-1.6965011861844848
P17252,PRKCA,GF109203X,HL60,-3.5778891547712868
P17252,PRKCA,Go6976,HL60,0.20053820894377977
P17252,PRKCA,PF4708671,HL60,1.2977067544728151
P17252,PRKCA,SP600125,HL60,0.6289417830705452
P17252,PRKCA,TAK715,HL60,0.9038957386924376
P17252,PRKCA,TBCA,HL60,-0.14749326564580453
P17252,PRKCA,AT13148,HL60,-4.17522140000933
P17252,PRKCA,AZ20,HL60,-1.0528434456679037
P17252,PRKCA,AZD6738,HL60,-1.986463410461197
P17252,PRKCA,Bosutinib,HL60,1.3012245490064687
P17252,PRKCA,Dabrafenib,HL60,1.1165252390123537
P17252,PRKCA,Dasatinib,HL60,0.6762072442980069
P17252,PRKCA,DNAPK,HL60,-1.147759808124245
P17252,PRKCA,H89,HL60,0.2552281780289871
P17252,PRKCA,KD025,HL60,-1.036457301753363
P17252,PRKCA,NU7441,HL60,0.7655158812552624
P17252,PRKCA,Ripasudil,HL60,-2.3655698590329974
P17252,PRKCA,Vemurafenib,HL60,0.18950385600831066
P17252,PRKCA,CX4945,HL60,-0.50664514027619
P17252,PRKCA,GO6983,HL60,-3.0254682208880994
P17252,PRKCA,KN93,HL60,-2.2602138608710787
P17252,PRKCA,MK2206,HL60,-1.2612133422019387
P49840,GSK3A,AZD5438,HL60,-1.5877226513294662
P49840,GSK3A,FRAX486,HL60,0.8478300023145136
P49840,GSK3A,Ku0063794,HL60,0.7499507212869935
P49840,GSK3A,PD153035,HL60,-0.781257418366876
P49840,GSK3A,PF3758309,HL60,-0.395384534341371
P49840,GSK3A,Torin,HL60,-0.0826398032196556
P49840,GSK3A,Trametinib,HL60,0.17650917915710398
P49840,GSK3A,AZD1480,HL60,2.5137212688503423
P49840,GSK3A,AZD5363,HL60,1.498227734186707
P49840,GSK3A,BX912,HL60,2.447727196787211
P49840,GSK3A,CHIR99021,HL60,-0.13914495939989804
P49840,GSK3A,GSK2334470,HL60,1.056371972070752
P49840,GSK3A,Ipatasertib,HL60,1.2948003546821005
P49840,GSK3A,LY2090314,HL60,-0.6012501503833825
P49840,GSK3A,Tofacitinib,HL60,0.8347146319839892
P49840,GSK3A,AZD6482,HL60,0.40977346892899275
P49840,GSK3A,CAL101,HL60,2.2254886212897045
P49840,GSK3A,GDC0941,HL60,-0.15201277463333615
P49840,GSK3A,HS173,HL60,-0.7453962537697923
P49840,GSK3A,PIK294,HL60,2.4476371776462367
P49840,GSK3A,TGX221,HL60,-0.16575360594840446
P49840,GSK3A,AZD8055,HL60,-1.5574838676845721
P49840,GSK3A,GDC0994,HL60,-0.6707036909209179
P49840,GSK3A,JNK,HL60,-0.8058156616913782
P49840,GSK3A,LY2584702,HL60,-0.18906355528887786
P49840,GSK3A,PH797804,HL60,-0.5629104798793039
P49840,GSK3A,Selumetinib,HL60,-0.9400779738427502
P49840,GSK3A,U73122,HL60,-0.8934360914168026
P49840,GSK3A,Ulixertinib,HL60,-2.7238788026530996
P49840,GSK3A,Amuvatinib,HL60,1.4688385581299321
P49840,GSK3A,AZD3759,HL60,-1.268027840699963
P49840,GSK3A,GSK690693,HL60,-0.7306421813243957
P49840,GSK3A,JNJ,HL60,-0.20716714324054217
P49840,GSK3A,KN62,HL60,0.006570437275080704
P49840,GSK3A,Linsitinib,HL60,-0.6452816495110332
P49840,GSK3A,LY2835219,HL60,-0.814850715488227
P49840,GSK3A,Ribociclib,HL60,-0.14362248980169115
P49840,GSK3A,AC220,HL60,1.2861627184709046
P49840,GSK3A,Edelfosine,HL60,-1.1690404135267953
P49840,GSK3A,GF109203X,HL60,0.7626405513312272
P49840,GSK3A,Go6976,HL60,-0.3605297883164252
P49840,GSK3A,PF4708671,HL60,3.721978726850012
P49840,GSK3A,SP600125,HL60,-0.9880667921175985
P49840,GSK3A,TAK715,HL60,-0.4955943782811419
P49840,GSK3A,TBCA,HL60,-0.7254816494945846
P49840,GSK3A,AT13148,HL60,0.6550781416061546
P49840,GSK3A,AZ20,HL60,-0.5012437484379724
P49840,GSK3A,AZD6738,HL60,-0.004450881015322522
P49840,GSK3A,Bosutinib,HL60,0.5296514341245163
P49840,GSK3A,Dabrafenib,HL60,1.325357438204344
P49840,GSK3A,Dasatinib,HL60,2.3066280900889184
P49840,GSK3A,DNAPK,HL60,1.5407078895243216
P49840,GSK3A,H89,HL60,-0.6965023514227524
P49840,GSK3A,KD025,HL60,-0.022854662751626485
P49840,GSK3A,NU7441,HL60,0.44833302657134616
P49840,GSK3A,Ripasudil,HL60,-1.1337260516771404
P49840,GSK3A,Vemurafenib,HL60,2.303780311701521
P49840,GSK3A,CX4945,HL60,0.30375353096241353
P49840,GSK3A,GO6983,HL60,0.42959480839162184
P49840,GSK3A,KN93,HL60,0.2692020036655347
P49840,GSK3A,MK2206,HL60,0.5998297341230849
P49841,GSK3B,AZD5438,HL60,0.588785760264543
P49841,GSK3B,FRAX486,HL60,0.49675537873572423
P49841,GSK3B,Ku0063794,HL60,-0.7597035035783759
P49841,GSK3B,PD153035,HL60,0.04716118581357571
P49841,GSK3B,PF3758309,HL60,4.094800725872905
P49841,GSK3B,Torin,HL60,-0.1945921853231141
P49841,GSK3B,Trametinib,HL60,0.08098796297372947
P49841,GSK3B,AZD1480,HL60,0.29356077832974
P49841,GSK3B,AZD5363,HL60,0.5576600227569262
P49841,GSK3B,BX912,HL60,0.19670134361514208
P49841,GSK3B,CHIR99021,HL60,-0.009700524199574654
P49841,GSK3B,GSK2334470,HL60,-0.22760899153101283
P49841,GSK3B,Ipatasertib,HL60,-0.0276505834905726
P49841,GSK3B,LY2090314,HL60,-0.5722709835612316
P49841,GSK3B,Tofacitinib,HL60,0.38988610538296314
P49841,GSK3B,AZD6482,HL60,-0.24366157692738905
P49841,GSK3B,CAL101,HL60,0.04458570041049969
P49841,GSK3B,GDC0941,HL60,-0.23894290161353135
P49841,GSK3B,HS173,HL60,-1.2159352196768407
P49841,GSK3B,PIK294,HL60,-0.05627058309208412
P49841,GSK3B,TGX221,HL60,-0.55434547252237
P49841,GSK3B,AZD8055,HL60,-0.5263276017343721
P49841,GSK3B,GDC0994,HL60,1.1424351762765226
P49841,GSK3B,JNK,HL60,0.37997081027914387
P49841,GSK3B,LY2584702,HL60,1.3553455125700693
P49841,GSK3B,PH797804,HL60,0.6686350685931501
P49841,GSK3B,Selumetinib,HL60,0.8934370968829152
P49841,GSK3B,U73122,HL60,1.454043963810924
P49841,GSK3B,Ulixertinib,HL60,1.602494617819409
P49841,GSK3B,Amuvatinib,HL60,-0.045288121223432384
P49841,GSK3B,AZD3759,HL60,-0.776866419599761
P49841,GSK3B,GSK690693,HL60,0.07985034366552117
P49841,GSK3B,JNJ,HL60,-0.3958010663036472
P49841,GSK3B,KN62,HL60,-0.38337005571499627
P49841,GSK3B,Linsitinib,HL60,-1.510967670614915
P49841,GSK3B,LY2835219,HL60,-0.3466651816201478
P49841,GSK3B,Ribociclib,HL60,1.2848734248994993
P49841,GSK3B,AC220,HL60,1.778995898930291
P49841,GSK3B,Edelfosine,HL60,1.0837087561060956
P49841,GSK3B,GF109203X,HL60,0.176102069088999
P49841,GSK3B,Go6976,HL60,-0.18362893335566596
P49841,GSK3B,PF4708671,HL60,0.12176893944577956
P49841,GSK3B,SP600125,HL60,0.5806164131755521
P49841,GSK3B,TAK715,HL60,0.6831022204419084
P49841,GSK3B,TBCA,HL60,0.5602067162014106
P49841,GSK3B,AT13148,HL60,1.200799916095804
P49841,GSK3B,AZ20,HL60,-1.389058724168852
P49841,GSK3B,AZD6738,HL60,-0.5153661043647565
P49841,GSK3B,Bosutinib,HL60,-0.13579193544153617
P49841,GSK3B,Dabrafenib,HL60,-1.0026546975967412
P49841,GSK3B,Dasatinib,HL60,-0.7894366362024048
P49841,GSK3B,DNAPK,HL60,0.2426228969868603
P49841,GSK3B,H89,HL60,0.6009549095185049
P49841,GSK3B,KD025,HL60,-0.8565775361305872
P49841,GSK3B,NU7441,HL60,-0.2431598176095282
P49841,GSK3B,Ripasudil,HL60,0.012883018505500918
P49841,GSK3B,Vemurafenib,HL60,0.7503064951628207
P49841,GSK3B,CX4945,HL60,1.9685545669501723
P49841,GSK3B,GO6983,HL60,-0.5557149255446181
P49841,GSK3B,KN93,HL60,1.8428219314761665
P49841,GSK3B,MK2206,HL60,1.4077448961731798
Q13153,PAK1,AZD5438,HL60,-0.0944613312394154
Q13153,PAK1,FRAX486,HL60,-2.051660806198489
Q13153,PAK1,Ku0063794,HL60,-1.5334707467815383
Q13153,PAK1,PD153035,HL60,-2.0662858689213177
Q13153,PAK1,PF3758309,HL60,-2.3521508647021014
Q13153,PAK1,Torin,HL60,0.05196080603847483
Q13153,PAK1,Trametinib,HL60,-0.7071866397780029
Q13153,PAK1,AZD1480,HL60,-1.4759311344230754
Q13153,PAK1,AZD5363,HL60,-1.5582395911163078
Q13153,PAK1,BX912,HL60,0.040723506365827326
Q13153,PAK1,CHIR99021,HL60,-0.9140069688536653
Q13153,PAK1,GSK2334470,HL60,-0.35710826220102854
Q13153,PAK1,Ipatasertib,HL60,-0.7767812367732311
Q13153,PAK1,LY2090314,HL60,-0.08551885760212717
Q13153,PAK1,Tofacitinib,HL60,-0.5165615061282753
Q13153,PAK1,AZD6482,HL60,0.04718704827192405
Q13153,PAK1,CAL101,HL60,1.5111656310658494
Q13153,PAK1,GDC0941,HL60,0.9351702255123957
Q13153,PAK1,HS173,HL60,1.9834610474257401
Q13153,PAK1,PIK294,HL60,1.8372727259250652
Q13153,PAK1,TGX221,HL60,0.29601064226022855
Q13153,PAK1,AZD8055,HL60,0.20765505800103443
Q13153,PAK1,GDC0994,HL60,-0.4942845300527049
Q13153,PAK1,JNK,HL60,-0.9747594622752416
Q13153,PAK1,LY2584702,HL60,-0.6847144113196656
Q13153,PAK1,PH797804,HL60,-0.43160848756359227
Q13153,PAK1,Selumetinib,HL60,-0.5966170893399215
Q13153,PAK1,U73122,HL60,-0.22167150688847262
Q13153,PAK1,Ulixertinib,HL60,-2.7417073111533115
Q13153,PAK1,Amuvatinib,HL60,-1.0201905694109914
Q13153,PAK1,AZD3759,HL60,-0.33616673533005836
Q13153,PAK1,GSK690693,HL60,-1.0328173337169353
Q13153,PAK1,JNJ,HL60,-0.7446151298715787
Q13153,PAK1,KN62,HL60,0.16732240834496895
Q13153,PAK1,Linsitinib,HL60,-0.14489284881731065
Q13153,PAK1,LY2835219,HL60,-1.6814308941866947
Q13153,PAK1,Ribociclib,HL60,0.6652618501573332
Q13153,PAK1,AC220,HL60,-0.07068117799096599
Q13153,PAK1,Edelfosine,HL60,-1.9111130544366004
Q13153,PAK1,GF109203X,HL60,-0.8215047097459396
Q13153,PAK1,Go6976,HL60,0.17033988739658537
Q13153,PAK1,PF4708671,HL60,0.2778036263075515
Q13153,PAK1,SP600125,HL60,-1.671450991807822
Q13153,PAK1,TAK715,HL60,-1.8319829103473622
Q13153,PAK1,TBCA,HL60,-2.3145537082509087
Q13153,PAK1,AT13148,HL60,-2.396439333599252
Q13153,PAK1,AZ20,HL60,-0.4794249721135971
Q13153,PAK1,AZD6738,HL60,-1.403927888247068
Q13153,PAK1,Bosutinib,HL60,-2.6469253248705678
Q13153,PAK1,Dabrafenib,HL60,1.6829750248075668
Q13153,PAK1,Dasatinib,HL60,0.7846753923010155
Q13153,PAK1,DNAPK,HL60,-1.1864655606564303
Q13153,PAK1,H89,HL60,-3.8111799955322425
Q13153,PAK1,KD025,HL60,-0.1965575954135572
Q13153,PAK1,NU7441,HL60,-2.985821736978416
Q13153,PAK1,Ripasudil,HL60,-4.639775439623039
Q13153,PAK1,Vemurafenib,HL60,0.056136484904835054
Q13153,PAK1,CX4945,HL60,-3.0287851407982074
Q13153,PAK1,GO6983,HL60,0.8241292836036325
Q13153,PAK1,KN93,HL60,-3.1243693808937882
Q13153,PAK1,MK2206,HL60,-1.8270266538861848
P50613,CDK7,AZD5438,HL60,-2.680271381027397
P50613,CDK7,FRAX486,HL60,-0.17354108006063357
P50613,CDK7,Ku0063794,HL60,0.23336786683117158
P50613,CDK7,PD153035,HL60,0.9383089887034444
P50613,CDK7,PF3758309,HL60,-0.8445501066029244
P50613,CDK7,Torin,HL60,-0.34672548510231865
P50613,CDK7,Trametinib,HL60,-0.08993227341195713
P50613,CDK7,AZD1480,HL60,1.4465507474331945
P50613,CDK7,AZD5363,HL60,1.9485691108317742
P50613,CDK7,BX912,HL60,1.8584118330794526
P50613,CDK7,CHIR99021,HL60,1.4794349073040727
P50613,CDK7,GSK2334470,HL60,2.4815354929092805
P50613,CDK7,Ipatasertib,HL60,1.204771603416097
P50613,CDK7,LY2090314,HL60,2.273167589423002
P50613,CDK7,Tofacitinib,HL60,1.614806358398789
P50613,CDK7,AZD6482,HL60,-0.3975484957897554
P50613,CDK7,CAL101,HL60,0.7348181991162684
P50613,CDK7,GDC0941,HL60,2.1759523041781805
P50613,CDK7,HS173,HL60,2.5210091794767164
P50613,CDK7,PIK294,HL60,1.2716138648965103
P50613,CDK7,TGX221,HL60,2.043493870908669
P50613,CDK7,AZD8055,HL60,0.12037914753612027
P50613,CDK7,GDC0994,HL60,0.014670123843809859
P50613,CDK7,JNK,HL60,-0.4799169264400488
P50613,CDK7,LY2584702,HL60,-0.059528436899489036
P50613,CDK7,PH797804,HL60,0.39664089081789666
P50613,CDK7,Selumetinib,HL60,-1.4424639549095897
P50613,CDK7,U73122,HL60,-1.7561052897698475
P50613,CDK7,Ulixertinib,HL60,-2.040776423751308
P50613,CDK7,Amuvatinib,HL60,-0.5225955700783209
P50613,CDK7,AZD3759,HL60,0.8466038621308677
P50613,CDK7,GSK690693,HL60,0.37505705050708893
P50613,CDK7,JNJ,HL60,0.31819465170592953
P50613,CDK7,KN62,HL60,0.4371538601886064
P50613,CDK7,Linsitinib,HL60,0.6991748956093149
P50613,CDK7,LY2835219,HL60,-0.8196436524641906
P50613,CDK7,Ribociclib,HL60,-0.5396935104838395
P50613,CDK7,AC220,HL60,-1.8228834229634703
P50613,CDK7,Edelfosine,HL60,-0.46288657715274073
P50613,CDK7,GF109203X,HL60,0.6226405884124693
P50613,CDK7,Go6976,HL60,-0.06184453031274551
P50613,CDK7,PF4708671,HL60,-0.29193481799259924
P50613,CDK7,SP600125,HL60,-0.7717673347942479
P50613,CDK7,TAK715,HL60,0.8390242642488956
P50613,CDK7,TBCA,HL60,-1.2211311860290441
P50613,CDK7,AT13148,HL60,-0.5312485941852786
P50613,CDK7,AZ20,HL60,2.520409354379766
P50613,CDK7,AZD6738,HL60,2.296071595329405
P50613,CDK7,Bosutinib,HL60,1.416589212462764
P50613,CDK7,Dabrafenib,HL60,-0.8071895593058526
P50613,CDK7,Dasatinib,HL60,-0.056497803052144434
P50613,CDK7,DNAPK,HL60,0.5329880428996242
P50613,CDK7,H89,HL60,2.133244915004853
P50613,CDK7,KD025,HL60,-1.5487914081058243
P50613,CDK7,NU7441,HL60,-0.05381025016053041
P50613,CDK7,Ripasudil,HL60,0.9569412412600021
P50613,CDK7,Vemurafenib,HL60,0.17591797900781672
P50613,CDK7,CX4945,HL60,0.17965959636383952
P50613,CDK7,GO6983,HL60,0.5961364312192273
P50613,CDK7,KN93,HL60,0.598804672863851
P50613,CDK7,MK2206,HL60,1.7644874222396054
Q8IVT5,KSR1,AZD5438,HL60,1.2364768464097589
Q8IVT5,KSR1,FRAX486,HL60,7.522690269822393
Q8IVT5,KSR1,Ku0063794,HL60,0.8010938267753741
Q8IVT5,KSR1,PD153035,HL60,0.868572381398881
Q8IVT5,KSR1,PF3758309,HL60,2.046816929846838
Q8IVT5,KSR1,Torin,HL60,1.1971238203716406
Q8IVT5,KSR1,Trametinib,HL60,-9.016346154472354
Q8IVT5,KSR1,AZD1480,HL60,-0.4943350919042386
Q8IVT5,KSR1,AZD5363,HL60,0.6391612619497181
Q8IVT5,KSR1,BX912,HL60,0.7145464991165162
Q8IVT5,KSR1,CHIR99021,HL60,-0.6524672892430137
Q8IVT5,KSR1,GSK2334470,HL60,1.7737382518265317
Q8IVT5,KSR1,Ipatasertib,HL60,-0.47844185984479115
Q8IVT5,KSR1,LY2090314,HL60,-1.4527736562619145
Q8IVT5,KSR1,Tofacitinib,HL60,-1.3015843864889376
Q8IVT5,KSR1,AZD6482,HL60,-0.4881480183840727
Q8IVT5,KSR1,CAL101,HL60,-0.8668111521818045
Q8IVT5,KSR1,GDC0941,HL60,-1.3913854454164762
Q8IVT5,KSR1,HS173,HL60,-2.4906869251296526
Q8IVT5,KSR1,PIK294,HL60,-0.5544964554374308
Q8IVT5,KSR1,TGX221,HL60,-0.27145204552741026
Q8IVT5,KSR1,AZD8055,HL60,0.978148812945827
Q8IVT5,KSR1,GDC0994,HL60,-0.09005834345754431
Q8IVT5,KSR1,JNK,HL60,0.31863269848853565
Q8IVT5,KSR1,LY2584702,HL60,1.1817973054174518
Q8IVT5,KSR1,PH797804,HL60,-0.16343610118095375
Q8IVT5,KSR1,Selumetinib,HL60,-3.554808854049618
Q8IVT5,KSR1,U73122,HL60,-1.1166549751827477
Q8IVT5,KSR1,Ulixertinib,HL60,3.08952718042102
Q8IVT5,KSR1,Amuvatinib,HL60,-0.5445265677863392
Q8IVT5,KSR1,AZD3759,HL60,0.7556901207362353
Q8IVT5,KSR1,GSK690693,HL60,1.538440644035973
Q8IVT5,KSR1,JNJ,HL60,-0.9165500662335745
Q8IVT5,KSR1,KN62,HL60,2.456340775023864
Q8IVT5,KSR1,Linsitinib,HL60,-1.651598916070522
Q8IVT5,KSR1,LY2835219,HL60,0.44221669257771706
Q8IVT5,KSR1,Ribociclib,HL60,1.2184140325456203
Q8IVT5,KSR1,AC220,HL60,1.0125626189937422
Q8IVT5,KSR1,Edelfosine,HL60,-3.3893270838700524
Q8IVT5,KSR1,GF109203X,HL60,-0.561401472998413
Q8IVT5,KSR1,Go6976,HL60,1.1960230804624168
Q8IVT5,KSR1,PF4708671,HL60,0.07590108755821395
Q8IVT5,KSR1,SP600125,HL60,0.4261748369769038
Q8IVT5,KSR1,TAK715,HL60,0.370529040091275
Q8IVT5,KSR1,TBCA,HL60,0.29164606771779095
Q8IVT5,KSR1,AT13148,HL60,-1.4542766552851256
Q8IVT5,KSR1,AZ20,HL60,1.245326252614396
Q8IVT5,KSR1,AZD6738,HL60,1.2980329595333402
Q8IVT5,KSR1,Bosutinib,HL60,2.6870235515415164
Q8IVT5,KSR1,Dabrafenib,HL60,2.112005335011428
Q8IVT5,KSR1,Dasatinib,HL60,0.05873733719198823
Q8IVT5,KSR1,DNAPK,HL60,0.7586259204185262
Q8IVT5,KSR1,H89,HL60,1.005088801506111
Q8IVT5,KSR1,KD025,HL60,1.3474626863073873
Q8IVT5,KSR1,NU7441,HL60,0.6907913480465064
Q8IVT5,KSR1,Ripasudil,HL60,-1.4836407976252455
Q8IVT5,KSR1,Vemurafenib,HL60,0.19206433912530563
Q8IVT5,KSR1,CX4945,HL60,0.4089784018287759
Q8IVT5,KSR1,GO6983,HL60,-1.0250531517191912
Q8IVT5,KSR1,KN93,HL60,-0.1415195249707819
Q8IVT5,KSR1,MK2206,HL60,0.17298817086506107
P78527,PRKDC,AZD5438,HL60,-0.4641712682713416
P78527,PRKDC,FRAX486,HL60,-1.6201520267696725
P78527,PRKDC,Ku0063794,HL60,-0.13115870057369833
P78527,PRKDC,PD153035,HL60,-0.7484545784128667
P78527,PRKDC,PF3758309,HL60,-1.7460237277705535
P78527,PRKDC,Torin,HL60,-0.5645521210653647
P78527,PRKDC,Trametinib,HL60,0.42785206986025676
P78527,PRKDC,AZD1480,HL60,-1.1419441543592648
P78527,PRKDC,AZD5363,HL60,-0.4838465320930666
P78527,PRKDC,BX912,HL60,-1.7831063100243842
P78527,PRKDC,CHIR99021,HL60,-1.3092561586534242
P78527,PRKDC,GSK2334470,HL60,-0.18997185466924288
P78527,PRKDC,Ipatasertib,HL60,0.5387852882248091
P78527,PRKDC,LY2090314,HL60,-0.59467340700028
P78527,PRKDC,Tofacitinib,HL60,-1.2478678529596017
P78527,PRKDC,AZD6482,HL60,1.6438165041489308
P78527,PRKDC,CAL101,HL60,0.8534027685551625
P78527,PRKDC,GDC0941,HL60,1.8954024420403857
P78527,PRKDC,HS173,HL60,0.26949387258927876
P78527,PRKDC,PIK294,HL60,0.27623280200450967
P78527,PRKDC,TGX221,HL60,0.6900131234356769
P78527,PRKDC,AZD8055,HL60,1.3982965596036276
P78527,PRKDC,GDC0994,HL60,1.0092060289039333
P78527,PRKDC,JNK,HL60,0.6863269571583507
P78527,PRKDC,LY2584702,HL60,1.2324570227572715
P78527,PRKDC,PH797804,HL60,0.8211826120548598
P78527,PRKDC,Selumetinib,HL60,0.9871205670300326
P78527,PRKDC,U73122,HL60,0.33850317701042204
P78527,PRKDC,Ulixertinib,HL60,0.23199558776441495
P78527,PRKDC,Amuvatinib,HL60,-1.483583320252031
P78527,PRKDC,AZD3759,HL60,-0.1745677595363598
P78527,PRKDC,GSK690693,HL60,0.30886033560743253
P78527,PRKDC,JNJ,HL60,0.20025898610673368
P78527,PRKDC,KN62,HL60,0.21994611637740188
P78527,PRKDC,Linsitinib,HL60,-0.5636999130413114
P78527,PRKDC,LY2835219,HL60,-0.46399780573831434
P78527,PRKDC,Ribociclib,HL60,-1.5511606607139887
P78527,PRKDC,AC220,HL60,-0.11833086175577552
P78527,PRKDC,Edelfosine,HL60,1.5085473935281364
P78527,PRKDC,GF109203X,HL60,-0.5308857096420482
P78527,PRKDC,Go6976,HL60,-0.9091816756954617
P78527,PRKDC,PF4708671,HL60,-1.6136839646788668
P78527,PRKDC,SP600125,HL60,-0.5201017343691464
P78527,PRKDC,TAK715,HL60,-0.0634666854509726
P78527,PRKDC,TBCA,HL60,-0.4327094360553726
P78527,PRKDC,AT13148,HL60,-1.4244505809297259
P78527,PRKDC,AZ20,HL60,-0.7609039480629282
P78527,PRKDC,AZD6738,HL60,-1.9587036500674555
P78527,PRKDC,Bosutinib,HL60,0.13225477828707108
P78527,PRKDC,Dabrafenib,HL60,-1.1097005867107814
P78527,PRKDC,Dasatinib,HL60,-0.9892323615880014
P78527,PRKDC,DNAPK,HL60,-0.1473326937810884
P78527,PRKDC,H89,HL60,0.3420493929041814
P78527,PRKDC,KD025,HL60,0.9122553827742979
P78527,PRKDC,NU7441,HL60,-0.4943448525511756
P78527,PRKDC,Ripasudil,HL60,-1.24349643031105
P78527,PRKDC,Vemurafenib,HL60,-1.1026493185606687
P78527,PRKDC,CX4945,HL60,-0.3853075756359287
P78527,PRKDC,GO6983,HL60,0.3838024535091297
P78527,PRKDC,KN93,HL60,0.11193047062726653
P78527,PRKDC,MK2206,HL60,0.17553892735457877
P04626,ERBB2,AZD5438,HL60,-0.45912069610831685
P04626,ERBB2,FRAX486,HL60,-2.3583385481069046
P04626,ERBB2,Ku0063794,HL60,-2.8865587536571113
P04626,ERBB2,PD153035,HL60,-2.469949605874028
P04626,ERBB2,PF3758309,HL60,-4.027166755415367
P04626,ERBB2,Torin,HL60,-2.0579528632659376
P04626,ERBB2,Trametinib,HL60,-1.6619100927766766
P04626,ERBB2,AZD1480,HL60,-0.12714533283160076
P04626,ERBB2,AZD5363,HL60,-2.039134989372729
P04626,ERBB2,BX912,HL60,-1.4226434662755336
P04626,ERBB2,CHIR99021,HL60,-0.6619942453389605
P04626,ERBB2,GSK2334470,HL60,-1.2235712677485793
P04626,ERBB2,Ipatasertib,HL60,-1.3342881964150928
P04626,ERBB2,LY2090314,HL60,-1.4965586692372517
P04626,ERBB2,Tofacitinib,HL60,-1.119339634467387
P04626,ERBB2,AZD6482,HL60,-1.0509142237947202
P04626,ERBB2,CAL101,HL60,-1.110944357773974
P04626,ERBB2,GDC0941,HL60,-0.25162308504734177
P04626,ERBB2,HS173,HL60,-0.5170059237623852
P04626,ERBB2,PIK294,HL60,-0.04395686243612499
P04626,ERBB2,TGX221,HL60,-0.08737440337624207
P04626,ERBB2,AZD8055,HL60,1.5898243155054912
P04626,ERBB2,GDC0994,HL60,-0.41612674318518966
P04626,ERBB2,JNK,HL60,2.195776543356275
P04626,ERBB2,LY2584702,HL60,1.6722549137605625
P04626,ERBB2,PH797804,HL60,0.16495725211511358
P04626,ERBB2,Selumetinib,HL60,0.09828433048784631
P04626,ERBB2,U73122,HL60,1.0893944148344321
P04626,ERBB2,Ulixertinib,HL60,1.4820832435358153
P04626,ERBB2,Amuvatinib,HL60,-1.4280051417931665
P04626,ERBB2,AZD3759,HL60,-0.2468064145892493
P04626,ERBB2,GSK690693,HL60,-1.3714314236826788
P04626,ERBB2,JNJ,HL60,-0.29579828350753923
P04626,ERBB2,KN62,HL60,0.4471507621679208
P04626,ERBB2,Linsitinib,HL60,-0.40307467369056926
P04626,ERBB2,LY2835219,HL60,-1.2218015938694728
P04626,ERBB2,Ribociclib,HL60,-0.0837680802672796
P04626,ERBB2,AC220,HL60,0.6480186784090355
P04626,ERBB2,Edelfosine,HL60,0.9306320385488552
P04626,ERBB2,GF109203X,HL60,-1.5577114342274243
P04626,ERBB2,Go6976,HL60,0.5035232060255286
P04626,ERBB2,PF4708671,HL60,0.31266582083250877
P04626,ERBB2,SP600125,HL60,0.0660122061387973
P04626,ERBB2,TAK715,HL60,0.11695123667499348
P04626,ERBB2,TBCA,HL60,-1.6377281345920676
P04626,ERBB2,AT13148,HL60,-1.9742416499585838
P04626,ERBB2,AZ20,HL60,-0.5843726987400427
P04626,ERBB2,AZD6738,HL60,0.10236820589174038
P04626,ERBB2,Bosutinib,HL60,0.6296725825519423
P04626,ERBB2,Dabrafenib,HL60,0.22613378938589418
P04626,ERBB2,Dasatinib,HL60,0.1257496752735008
P04626,ERBB2,DNAPK,HL60,0.07246102439511394
P04626,ERBB2,H89,HL60,0.12204534330986136
P04626,ERBB2,KD025,HL60,0.7258027847850569
P04626,ERBB2,NU7441,HL60,0.010762400877041915
P04626,ERBB2,Ripasudil,HL60,-0.2464672172062423
P04626,ERBB2,Vemurafenib,HL60,0.38039321790972813
P04626,ERBB2,CX4945,HL60,1.2757147280530108
P04626,ERBB2,GO6983,HL60,2.2720288570310507
P04626,ERBB2,KN93,HL60,2.6336680462797344
P04626,ERBB2,MK2206,HL60,0.6726227586022417
Q8IW41,MAPKAPK5,AZD5438,HL60,-0.8646408036399209
Q8IW41,MAPKAPK5,FRAX486,HL60,-0.055869698309940236
Q8IW41,MAPKAPK5,Ku0063794,HL60,-0.3417446951550058
Q8IW41,MAPKAPK5,PD153035,HL60,0.025321483865095806
Q8IW41,MAPKAPK5,PF3758309,HL60,-0.9935902372830269
Q8IW41,MAPKAPK5,Torin,HL60,-0.02417270284653098
Q8IW41,MAPKAPK5,Trametinib,HL60,0.10951827564301336
Q8IW41,MAPKAPK5,AZD1480,HL60,1.7859906960734637
Q8IW41,MAPKAPK5,AZD5363,HL60,1.9078151930345089
Q8IW41,MAPKAPK5,BX912,HL60,0.5925442668986416
Q8IW41,MAPKAPK5,CHIR99021,HL60,1.2936927055638656
Q8IW41,MAPKAPK5,GSK2334470,HL60,2.0650398568921764
Q8IW41,MAPKAPK5,Ipatasertib,HL60,1.9585212733767787
Q8IW41,MAPKAPK5,LY2090314,HL60,1.848036642700557
Q8IW41,MAPKAPK5,Tofacitinib,HL60,-0.48423564572819666
Q8IW41,MAPKAPK5,AZD6482,HL60,-0.5012297242269521
Q8IW41,MAPKAPK5,CAL101,HL60,1.3215078297493974
Q8IW41,MAPKAPK5,GDC0941,HL60,2.574031776767907
Q8IW41,MAPKAPK5,HS173,HL60,-0.9462688589992899
Q8IW41,MAPKAPK5,PIK294,HL60,2.2442307067266287
Q8IW41,MAPKAPK5,TGX221,HL60,2.30403546316878
Q8IW41,MAPKAPK5,AZD8055,HL60,0.3124181900801163
Q8IW41,MAPKAPK5,GDC0994,HL60,-0.15989818541274214
Q8IW41,MAPKAPK5,JNK,HL60,-1.4445707397250553
Q8IW41,MAPKAPK5,LY2584702,HL60,-0.6117373003738427
Q8IW41,MAPKAPK5,PH797804,HL60,0.23311418743500353
Q8IW41,MAPKAPK5,Selumetinib,HL60,0.1928956441777213
Q8IW41,MAPKAPK5,U73122,HL60,-1.8403662462748358
Q8IW41,MAPKAPK5,Ulixertinib,HL60,-0.8322482713139858
Q8IW41,MAPKAPK5,Amuvatinib,HL60,-1.1480150340711273
Q8IW41,MAPKAPK5,AZD3759,HL60,-0.9692551938537521
Q8IW41,MAPKAPK5,GSK690693,HL60,-1.5335849537859783
Q8IW41,MAPKAPK5,JNJ,HL60,0.15545164193671698
Q8IW41,MAPKAPK5,KN62,HL60,0.0016366183439348652
Q8IW41,MAPKAPK5,Linsitinib,HL60,-0.7948449092495232
Q8IW41,MAPKAPK5,LY2835219,HL60,-1.4312547768764763
Q8IW41,MAPKAPK5,Ribociclib,HL60,-0.7917784666516711
Q8IW41,MAPKAPK5,AC220,HL60,-3.6970878057845638
Q8IW41,MAPKAPK5,Edelfosine,HL60,-1.6824516193194405
Q8IW41,MAPKAPK5,GF109203X,HL60,-0.5270049893110956
Q8IW41,MAPKAPK5,Go6976,HL60,-1.7989259078682969
Q8IW41,MAPKAPK5,PF4708671,HL60,-1.0690377441271963
Q8IW41,MAPKAPK5,SP600125,HL60,-2.6363151661119137
Q8IW41,MAPKAPK5,TAK715,HL60,-0.6205793309832168
Q8IW41,MAPKAPK5,TBCA,HL60,-1.034754467938748
Q8IW41,MAPKAPK5,AT13148,HL60,-1.4035845502492512
Q8IW41,MAPKAPK5,AZ20,HL60,0.8204288527502479
Q8IW41,MAPKAPK5,AZD6738,HL60,-0.6808941268155754
Q8IW41,MAPKAPK5,Bosutinib,HL60,-0.4896652948904717
Q8IW41,MAPKAPK5,Dabrafenib,HL60,-0.33288384419780204
Q8IW41,MAPKAPK5,Dasatinib,HL60,-0.2286780350314582
Q8IW41,MAPKAPK5,DNAPK,HL60,0.21488254321471237
Q8IW41,MAPKAPK5,H89,HL60,0.5854245424179002
Q8IW41,MAPKAPK5,KD025,HL60,-0.44932960335941874
Q8IW41,MAPKAPK5,NU7441,HL60,-2.3486809679818106
Q8IW41,MAPKAPK5,Ripasudil,HL60,0.0038908867145377155
Q8IW41,MAPKAPK5,Vemurafenib,HL60,0.3501246251322687
Q8IW41,MAPKAPK5,CX4945,HL60,-0.988622676446835
Q8IW41,MAPKAPK5,GO6983,HL60,0.4869180385621296
Q8IW41,MAPKAPK5,KN93,HL60,0.6192354836569705
Q8IW41,MAPKAPK5,MK2206,HL60,1.1406957841678813
Q92630,DYRK2,AZD5438,HL60,-0.42574988591267443
Q92630,DYRK2,FRAX486,HL60,0.4443578001363358
Q92630,DYRK2,Ku0063794,HL60,0.40010058755324185
Q92630,DYRK2,PD153035,HL60,-0.0701579873469012
Q92630,DYRK2,PF3758309,HL60,0.054588839317718255
Q92630,DYRK2,Torin,HL60,-0.5754315945105252
Q92630,DYRK2,Trametinib,HL60,-0.5621242670042721
Q92630,DYRK2,AZD1480,HL60,0.8837698933813102
Q92630,DYRK2,AZD5363,HL60,0.2892566411761009
Q92630,DYRK2,BX912,HL60,0.7286973982580752
Q92630,DYRK2,CHIR99021,HL60,0.4707577288639408
Q92630,DYRK2,GSK2334470,HL60,0.06099425056404068
Q92630,DYRK2,Ipatasertib,HL60,0.3722578480117431
Q92630,DYRK2,LY2090314,HL60,1.001380196473532
Q92630,DYRK2,Tofacitinib,HL60,0.55764030293545
Q92630,DYRK2,AZD6482,HL60,-0.8049050762844785
Q92630,DYRK2,CAL101,HL60,-2.241468369229265
Q92630,DYRK2,GDC0941,HL60,-1.4776836244966005
Q92630,DYRK2,HS173,HL60,-0.997726035210978
Q92630,DYRK2,PIK294,HL60,-0.4242871492263992
Q92630,DYRK2,TGX221,HL60,-1.0570765067099475
Q92630,DYRK2,AZD8055,HL60,-0.15256969686655486
Q92630,DYRK2,GDC0994,HL60,-0.5895673372170431
Q92630,DYRK2,JNK,HL60,-0.054801872939994646
Q92630,DYRK2,LY2584702,HL60,-0.4073441439080044
Q92630,DYRK2,PH797804,HL60,-0.024654157716881408
Q92630,DYRK2,Selumetinib,HL60,0.5199060988643078
Q92630,DYRK2,U73122,HL60,0.5322345578385165
Q92630,DYRK2,Ulixertinib,HL60,-0.9414107010571074
Q92630,DYRK2,Amuvatinib,HL60,1.327110122629675
Q92630,DYRK2,AZD3759,HL60,0.25660757804595924
Q92630,DYRK2,GSK690693,HL60,-1.3592254212173047
Q92630,DYRK2,JNJ,HL60,1.2736839372782152
Q92630,DYRK2,KN62,HL60,-0.07551266087205849
Q92630,DYRK2,Linsitinib,HL60,-0.4902573935372499
Q92630,DYRK2,LY2835219,HL60,0.2687880420556741
Q92630,DYRK2,Ribociclib,HL60,0.212223290005032
Q92630,DYRK2,AC220,HL60,1.247478401185893
Q92630,DYRK2,Edelfosine,HL60,-0.2509848087305278
Q92630,DYRK2,GF109203X,HL60,2.5425379708733327
Q92630,DYRK2,Go6976,HL60,-1.175453398746498
Q92630,DYRK2,PF4708671,HL60,-0.4895773515999306
Q92630,DYRK2,SP600125,HL60,0.6588146423048802
Q92630,DYRK2,TAK715,HL60,0.3208636809265648
Q92630,DYRK2,TBCA,HL60,-0.18796572934273653
Q92630,DYRK2,AT13148,HL60,0.5736889547286291
Q92630,DYRK2,AZ20,HL60,1.2412180275642135
Q92630,DYRK2,AZD6738,HL60,0.41077776409490224
Q92630,DYRK2,Bosutinib,HL60,1.3460619260349092
Q92630,DYRK2,Dabrafenib,HL60,0.6385119113158385
Q92630,DYRK2,Dasatinib,HL60,0.6647488148038122
Q92630,DYRK2,DNAPK,HL60,-0.6892319507865112
Q92630,DYRK2,H89,HL60,0.5493307796191429
Q92630,DYRK2,KD025,HL60,1.0959682113745548
Q92630,DYRK2,NU7441,HL60,0.8112110845541443
Q92630,DYRK2,Ripasudil,HL60,0.7173403252531676
Q92630,DYRK2,Vemurafenib,HL60,1.0712327788517952
Q92630,DYRK2,CX4945,HL60,-0.6257782481093169
Q92630,DYRK2,GO6983,HL60,-1.0136958496737916
Q92630,DYRK2,KN93,HL60,0.10473605072019117
Q92630,DYRK2,MK2206,HL60,-0.9991116411109154
Q9H2X6,HIPK2,AZD5438,HL60,-2.947434633826816
Q9H2X6,HIPK2,FRAX486,HL60,-1.8726873691409893
Q9H2X6,HIPK2,Ku0063794,HL60,-0.92388349033101
Q9H2X6,HIPK2,PD153035,HL60,-0.9752135162612549
Q9H2X6,HIPK2,PF3758309,HL60,-2.9301319786370077
Q9H2X6,HIPK2,Torin,HL60,-0.9017232996067474
Q9H2X6,HIPK2,Trametinib,HL60,-0.9127617419901616
Q9H2X6,HIPK2,AZD1480,HL60,-2.2115522689415887
Q9H2X6,HIPK2,AZD5363,HL60,-2.0990292190728654
Q9H2X6,HIPK2,BX912,HL60,-1.3377047731471026
Q9H2X6,HIPK2,CHIR99021,HL60,-1.977528085335662
Q9H2X6,HIPK2,GSK2334470,HL60,-1.279321795616065
Q9H2X6,HIPK2,Ipatasertib,HL60,-2.0379848028924474
Q9H2X6,HIPK2,LY2090314,HL60,-2.6738889247686717
Q9H2X6,HIPK2,Tofacitinib,HL60,-0.4415731191873695
Q9H2X6,HIPK2,AZD6482,HL60,-1.4809625236818504
Q9H2X6,HIPK2,CAL101,HL60,-0.2992178930963579
Q9H2X6,HIPK2,GDC0941,HL60,-1.6369845172852002
Q9H2X6,HIPK2,HS173,HL60,-0.6296423226178849
Q9H2X6,HIPK2,PIK294,HL60,-0.7628388277800434
Q9H2X6,HIPK2,TGX221,HL60,-1.9890924840331212
Q9H2X6,HIPK2,AZD8055,HL60,0.16466808911649805
Q9H2X6,HIPK2,GDC0994,HL60,-1.7444420966654663
Q9H2X6,HIPK2,JNK,HL60,-0.5710207317316037
Q9H2X6,HIPK2,LY2584702,HL60,-0.4267432479358255
Q9H2X6,HIPK2,PH797804,HL60,0.9101066226668758
Q9H2X6,HIPK2,Selumetinib,HL60,1.140195180217531
Q9H2X6,HIPK2,U73122,HL60,0.9977982607139424
Q9H2X6,HIPK2,Ulixertinib,HL60,0.19030507682600625
Q9H2X6,HIPK2,Amuvatinib,HL60,-0.6756159429092589
Q9H2X6,HIPK2,AZD3759,HL60,-1.901783042963154
Q9H2X6,HIPK2,GSK690693,HL60,-1.6041344574830418
Q9H2X6,HIPK2,JNJ,HL60,0.9017494322971092
Q9H2X6,HIPK2,KN62,HL60,-2.904751455493815
Q9H2X6,HIPK2,Linsitinib,HL60,-0.8979513850078416
Q9H2X6,HIPK2,LY2835219,HL60,-0.9618556126694152
Q9H2X6,HIPK2,Ribociclib,HL60,-0.3117811448976948
Q9H2X6,HIPK2,AC220,HL60,-0.909024509512957
Q9H2X6,HIPK2,Edelfosine,HL60,0.42929386852446183
Q9H2X6,HIPK2,GF109203X,HL60,0.6644213813990778
Q9H2X6,HIPK2,Go6976,HL60,0.6390309762650737
Q9H2X6,HIPK2,PF4708671,HL60,0.4578940354749259
Q9H2X6,HIPK2,SP600125,HL60,0.32898976288559395
Q9H2X6,HIPK2,TAK715,HL60,0.9049951548460916
Q9H2X6,HIPK2,TBCA,HL60,-0.18224462058173804
Q9H2X6,HIPK2,AT13148,HL60,0.5367179803756702
Q9H2X6,HIPK2,AZ20,HL60,0.68216475463336
Q9H2X6,HIPK2,AZD6738,HL60,1.4283910533869049
Q9H2X6,HIPK2,Bosutinib,HL60,1.1289108855934153
Q9H2X6,HIPK2,Dabrafenib,HL60,0.7154569799940821
Q9H2X6,HIPK2,Dasatinib,HL60,1.436614709143856
Q9H2X6,HIPK2,DNAPK,HL60,0.6662784746503626
Q9H2X6,HIPK2,H89,HL60,-0.08338430514947746
Q9H2X6,HIPK2,KD025,HL60,-0.04228688892622288
Q9H2X6,HIPK2,NU7441,HL60,0.697129377376899
Q9H2X6,HIPK2,Ripasudil,HL60,0.46786006231763777
Q9H2X6,HIPK2,Vemurafenib,HL60,0.27952996047969736
Q9H2X6,HIPK2,CX4945,HL60,0.6489313439245401
Q9H2X6,HIPK2,GO6983,HL60,0.85843988548771
Q9H2X6,HIPK2,KN93,HL60,-0.1773233787125911
Q9H2X6,HIPK2,MK2206,HL60,-0.856511453127276
Q9UBS0,RPS6KB2,AZD5438,HL60,-0.8072875259483812
Q9UBS0,RPS6KB2,FRAX486,HL60,-0.34512041389184483
Q9UBS0,RPS6KB2,Ku0063794,HL60,-0.8411307969711914
Q9UBS0,RPS6KB2,PD153035,HL60,-1.768664029961826
Q9UBS0,RPS6KB2,PF3758309,HL60,-1.6571754250393
Q9UBS0,RPS6KB2,Torin,HL60,-0.7333138358080716
Q9UBS0,RPS6KB2,Trametinib,HL60,-2.142410913502757
Q9UBS0,RPS6KB2,AZD1480,HL60,-0.6571379065047253
Q9UBS0,RPS6KB2,AZD5363,HL60,-1.6492569899724625
Q9UBS0,RPS6KB2,BX912,HL60,0.19318762197000722
Q9UBS0,RPS6KB2,CHIR99021,HL60,-0.9561952099646812
Q9UBS0,RPS6KB2,GSK2334470,HL60,-1.442072410067432
Q9UBS0,RPS6KB2,Ipatasertib,HL60,-1.0840094656265027
Q9UBS0,RPS6KB2,LY2090314,HL60,-1.667490368674554
Q9UBS0,RPS6KB2,Tofacitinib,HL60,-0.41241406667111885
Q9UBS0,RPS6KB2,AZD6482,HL60,-0.8220535072254862
Q9UBS0,RPS6KB2,CAL101,HL60,-0.4792308706010761
Q9UBS0,RPS6KB2,GDC0941,HL60,-1.6089969730676394
Q9UBS0,RPS6KB2,HS173,HL60,-0.8721197047260646
Q9UBS0,RPS6KB2,PIK294,HL60,-0.39243255233600244
Q9UBS0,RPS6KB2,TGX221,HL60,-0.1289814638585795
Q9UBS0,RPS6KB2,AZD8055,HL60,-0.057664162651636756
Q9UBS0,RPS6KB2,GDC0994,HL60,-0.9119569413754706
Q9UBS0,RPS6KB2,JNK,HL60,0.7484879334224234
Q9UBS0,RPS6KB2,LY2584702,HL60,-0.761826836221593
Q9UBS0,RPS6KB2,PH797804,HL60,0.2912960065558953
Q9UBS0,RPS6KB2,Selumetinib,HL60,-0.41713509257899306
Q9UBS0,RPS6KB2,U73122,HL60,0.719232769155267
Q9UBS0,RPS6KB2,Ulixertinib,HL60,0.3824475310828819
Q9UBS0,RPS6KB2,Amuvatinib,HL60,0.4745154436386717
Q9UBS0,RPS6KB2,AZD3759,HL60,0.21559859726512984
Q9UBS0,RPS6KB2,GSK690693,HL60,0.25494378572073223
Q9UBS0,RPS6KB2,JNJ,HL60,0.21587511532645945
Q9UBS0,RPS6KB2,KN62,HL60,-0.48018784073227594
Q9UBS0,RPS6KB2,Linsitinib,HL60,-0.5104095497985555
Q9UBS0,RPS6KB2,LY2835219,HL60,-0.9597087835671727
Q9UBS0,RPS6KB2,Ribociclib,HL60,0.3346735509630203
Q9UBS0,RPS6KB2,AC220,HL60,1.8518259150316434
Q9UBS0,RPS6KB2,Edelfosine,HL60,0.393712363101436
Q9UBS0,RPS6KB2,GF109203X,HL60,-0.5265837880449163
Q9UBS0,RPS6KB2,Go6976,HL60,-1.0477556483958363
Q9UBS0,RPS6KB2,PF4708671,HL60,1.479193326426199
Q9UBS0,RPS6KB2,SP600125,HL60,1.0059738520303605
Q9UBS0,RPS6KB2,TAK715,HL60,0.5161666374620064
Q9UBS0,RPS6KB2,TBCA,HL60,2.3255914828058066
Q9UBS0,RPS6KB2,AT13148,HL60,-0.04149156773386886
Q9UBS0,RPS6KB2,AZ20,HL60,-0.0010375401905909057
Q9UBS0,RPS6KB2,AZD6738,HL60,0.4104982544791252
Q9UBS0,RPS6KB2,Bosutinib,HL60,0.8431947729169041
Q9UBS0,RPS6KB2,Dabrafenib,HL60,0.43113952258914384
Q9UBS0,RPS6KB2,Dasatinib,HL60,1.2975606015281373
Q9UBS0,RPS6KB2,DNAPK,HL60,0.6851569913621791
Q9UBS0,RPS6KB2,H89,HL60,1.1754874900812102
Q9UBS0,RPS6KB2,KD025,HL60,1.2051202858584633
Q9UBS0,RPS6KB2,NU7441,HL60,0.31732170733815435
Q9UBS0,RPS6KB2,Ripasudil,HL60,-0.18868878882157888
Q9UBS0,RPS6KB2,Vemurafenib,HL60,0.7496956176349923
Q9UBS0,RPS6KB2,CX4945,HL60,1.096993169915856
Q9UBS0,RPS6KB2,GO6983,HL60,0.8315006939370225
Q9UBS0,RPS6KB2,KN93,HL60,1.0945459541160665
Q9UBS0,RPS6KB2,MK2206,HL60,0.7309263924863696
Q15139,PRKD1,AZD5438,HL60,-0.07290168033633306
Q15139,PRKD1,FRAX486,HL60,-1.8883634764376276
Q15139,PRKD1,Ku0063794,HL60,-0.02760279508811688
Q15139,PRKD1,PD153035,HL60,-1.628389721188233
Q15139,PRKD1,PF3758309,HL60,-0.28780610060136635
Q15139,PRKD1,Torin,HL60,0.09695866099105685
Q15139,PRKD1,Trametinib,HL60,-0.035872720019242195
Q15139,PRKD1,AZD1480,HL60,2.02411897245533
Q15139,PRKD1,AZD5363,HL60,3.1017216424788914
Q15139,PRKD1,BX912,HL60,3.229687664462471
Q15139,PRKD1,CHIR99021,HL60,2.41678403921831
Q15139,PRKD1,GSK2334470,HL60,2.519804544296019
Q15139,PRKD1,Ipatasertib,HL60,2.454365313384375
Q15139,PRKD1,LY2090314,HL60,1.1040332501448042
Q15139,PRKD1,Tofacitinib,HL60,0.9941778753893392
Q15139,PRKD1,AZD6482,HL60,0.8487732505003583
Q15139,PRKD1,CAL101,HL60,-0.9065134021281701
Q15139,PRKD1,GDC0941,HL60,1.074436822824146
Q15139,PRKD1,HS173,HL60,0.30536386330282206
Q15139,PRKD1,PIK294,HL60,1.9469814406882855
Q15139,PRKD1,TGX221,HL60,1.4581717995905041
Q15139,PRKD1,AZD8055,HL60,1.424184348989073
Q15139,PRKD1,GDC0994,HL60,1.1095783325777653
Q15139,PRKD1,JNK,HL60,-0.890460438613868
Q15139,PRKD1,LY2584702,HL60,0.1325503501663341
Q15139,PRKD1,PH797804,HL60,0.7378123288913173
Q15139,PRKD1,Selumetinib,HL60,0.41362230384464044
Q15139,PRKD1,U73122,HL60,-0.882503344581794
Q15139,PRKD1,Ulixertinib,HL60,0.3860926294904673
Q15139,PRKD1,Amuvatinib,HL60,-0.8805575756667317
Q15139,PRKD1,AZD3759,HL60,-0.09153695686063994
Q15139,PRKD1,GSK690693,HL60,0.3696247185596023
Q15139,PRKD1,JNJ,HL60,0.3330482220013429
Q15139,PRKD1,KN62,HL60,0.0035062905577604724
Q15139,PRKD1,Linsitinib,HL60,-0.9929441683606087
Q15139,PRKD1,LY2835219,HL60,-0.6696640661455691
Q15139,PRKD1,Ribociclib,HL60,0.6336460625469196
Q15139,PRKD1,AC220,HL60,-1.7263323259432928
Q15139,PRKD1,Edelfosine,HL60,0.11377193107782856
Q15139,PRKD1,GF109203X,HL60,0.5765171756054271
Q15139,PRKD1,Go6976,HL60,0.3129519020471071
Q15139,PRKD1,PF4708671,HL60,-1.6961689374777955
Q15139,PRKD1,SP600125,HL60,0.48544661346912826
Q15139,PRKD1,TAK715,HL60,0.8433871183284823
Q15139,PRKD1,TBCA,HL60,-0.4886745872832756
Q15139,PRKD1,AT13148,HL60,-0.8715444194854727
Q15139,PRKD1,AZ20,HL60,-2.096924314243456
Q15139,PRKD1,AZD6738,HL60,-0.8506380247251192
Q15139,PRKD1,Bosutinib,HL60,1.7337455128819588
Q15139,PRKD1,Dabrafenib,HL60,-1.0161910411217001
Q15139,PRKD1,Dasatinib,HL60,0.879296201161533
Q15139,PRKD1,DNAPK,HL60,-1.1745140666169058
Q15139,PRKD1,H89,HL60,-0.9385260056453654
Q15139,PRKD1,KD025,HL60,-1.8733055910698126
Q15139,PRKD1,NU7441,HL60,-0.6237012870914905
Q15139,PRKD1,Ripasudil,HL60,-2.6470695336283967
Q15139,PRKD1,Vemurafenib,HL60,-1.1501556893732565
Q15139,PRKD1,CX4945,HL60,-1.578309265213772
Q15139,PRKD1,GO6983,HL60,-0.19372921283580788
Q15139,PRKD1,KN93,HL60,-1.6948982487883353
Q15139,PRKD1,MK2206,HL60,-1.114818368717778
Q05655,PRKCD,AZD5438,HL60,-1.0528657530251926
Q05655,PRKCD,FRAX486,HL60,-1.0880219558947444
Q05655,PRKCD,Ku0063794,HL60,-0.19664613819013171
Q05655,PRKCD,PD153035,HL60,-1.7799332917313817
Q05655,PRKCD,PF3758309,HL60,-0.5607959694085114
Q05655,PRKCD,Torin,HL60,-3.1366640661226355
Q05655,PRKCD,Trametinib,HL60,-1.2578969700775073
Q05655,PRKCD,AZD1480,HL60,-0.5949525408577556
Q05655,PRKCD,AZD5363,HL60,-1.4070988587568531
Q05655,PRKCD,BX912,HL60,-0.8377910658804923
Q05655,PRKCD,CHIR99021,HL60,-1.0906517780078242
Q05655,PRKCD,GSK2334470,HL60,-1.2915310910709055
Q05655,PRKCD,Ipatasertib,HL60,0.3215172911341155
Q05655,PRKCD,LY2090314,HL60,-0.9853845051409091
Q05655,PRKCD,Tofacitinib,HL60,-0.14874719139362552
Q05655,PRKCD,AZD6482,HL60,-1.2152151829496938
Q05655,PRKCD,CAL101,HL60,0.05837416704309448
Q05655,PRKCD,GDC0941,HL60,-0.2509527781103403
Q05655,PRKCD,HS173,HL60,-1.0369560169476415
Q05655,PRKCD,PIK294,HL60,0.5900268398171143
Q05655,PRKCD,TGX221,HL60,-0.48794782700874184
Q05655,PRKCD,AZD8055,HL60,0.004383725051866361
Q05655,PRKCD,GDC0994,HL60,-0.20292452583075843
Q05655,PRKCD,JNK,HL60,-1.198119125273302
Q05655,PRKCD,LY2584702,HL60,-0.9182169219766747
Q05655,PRKCD,PH797804,HL60,-0.18104253114089489
Q05655,PRKCD,Selumetinib,HL60,-1.6501852777091557
Q05655,PRKCD,U73122,HL60,-1.9162039686663843
Q05655,PRKCD,Ulixertinib,HL60,-0.8196853994700667
Q05655,PRKCD,Amuvatinib,HL60,-0.8317038653509893
Q05655,PRKCD,AZD3759,HL60,-0.39719377888407253
Q05655,PRKCD,GSK690693,HL60,-0.8182911619529056
Q05655,PRKCD,JNJ,HL60,0.7904708816528004
Q05655,PRKCD,KN62,HL60,-1.393283349609108
Q05655,PRKCD,Linsitinib,HL60,-0.4531175519171854
Q05655,PRKCD,LY2835219,HL60,-2.371752813988388
Q05655,PRKCD,Ribociclib,HL60,-2.040758193859355
Q05655,PRKCD,AC220,HL60,0.6559092358013868
Q05655,PRKCD,Edelfosine,HL60,-0.13350844333932588
Q05655,PRKCD,GF109203X,HL60,-5.121482273629594
Q05655,PRKCD,Go6976,HL60,-0.8113136908484585
Q05655,PRKCD,PF4708671,HL60,-1.1781050732309704
Q05655,PRKCD,SP600125,HL60,0.06714570407582166
Q05655,PRKCD,TAK715,HL60,-0.5361917394535297
Q05655,PRKCD,TBCA,HL60,-1.8619430587483918
Q05655,PRKCD,AT13148,HL60,-2.3745350512019034
Q05655,PRKCD,AZ20,HL60,-2.9527216570552053
Q05655,PRKCD,AZD6738,HL60,-2.2784950618114257
Q05655,PRKCD,Bosutinib,HL60,-0.03418956115609144
Q05655,PRKCD,Dabrafenib,HL60,-1.2876439375341913
Q05655,PRKCD,Dasatinib,HL60,-3.1704308370684853
Q05655,PRKCD,DNAPK,HL60,-2.4845992077505388
Q05655,PRKCD,H89,HL60,0.25432110584640905
Q05655,PRKCD,KD025,HL60,-2.776441824703647
Q05655,PRKCD,NU7441,HL60,-1.1036967503377582
Q05655,PRKCD,Ripasudil,HL60,-1.5919215871821697
Q05655,PRKCD,Vemurafenib,HL60,0.2041167609602417
Q05655,PRKCD,CX4945,HL60,-0.7994384603862549
Q05655,PRKCD,GO6983,HL60,-2.1925397187799374
Q05655,PRKCD,KN93,HL60,-2.3946777748213766
Q05655,PRKCD,MK2206,HL60,-1.579094125839791
P30291,WEE1,AZD5438,HL60,0.04790215982004984
P30291,WEE1,FRAX486,HL60,-1.3428747617140768
P30291,WEE1,Ku0063794,HL60,-0.7214106019029835
P30291,WEE1,PD153035,HL60,0.1345674010788674
P30291,WEE1,PF3758309,HL60,-0.2383953935003117
P30291,WEE1,Torin,HL60,-0.837046854514847
P30291,WEE1,Trametinib,HL60,-0.9686457161516738
P30291,WEE1,AZD1480,HL60,-1.0611676029801367
P30291,WEE1,AZD5363,HL60,0.7435533008713711
P30291,WEE1,BX912,HL60,-0.10343521947108382
P30291,WEE1,CHIR99021,HL60,-0.2686042698468019
P30291,WEE1,GSK2334470,HL60,-0.17376762974417834
P30291,WEE1,Ipatasertib,HL60,-0.9176759595238857
P30291,WEE1,LY2090314,HL60,1.5880229140958184
P30291,WEE1,Tofacitinib,HL60,-1.0413580355900853
P30291,WEE1,AZD6482,HL60,0.5914999807003737
P30291,WEE1,CAL101,HL60,0.4633276057196536
P30291,WEE1,GDC0941,HL60,0.08862546956818382
P30291,WEE1,HS173,HL60,1.427894042611954
P30291,WEE1,PIK294,HL60,0.41106625061310503
P30291,WEE1,TGX221,HL60,1.3025099383602499
P30291,WEE1,AZD8055,HL60,1.0832286904936372
P30291,WEE1,GDC0994,HL60,-1.0346446810748935
P30291,WEE1,JNK,HL60,-0.12182800926691376
P30291,WEE1,LY2584702,HL60,-0.5936704158077858
P30291,WEE1,PH797804,HL60,0.5741768090043033
P30291,WEE1,Selumetinib,HL60,0.11221020750310838
P30291,WEE1,U73122,HL60,-0.1796227345669111
P30291,WEE1,Ulixertinib,HL60,0.5523921015914335
P30291,WEE1,Amuvatinib,HL60,-0.11470238882412703
P30291,WEE1,AZD3759,HL60,-0.13571425142469837
P30291,WEE1,GSK690693,HL60,-0.4153362395836252
P30291,WEE1,JNJ,HL60,-0.2956065321005293
P30291,WEE1,KN62,HL60,0.8930345117641223
P30291,WEE1,Linsitinib,HL60,0.6786759652341896
P30291,WEE1,LY2835219,HL60,0.37287303258552973
P30291,WEE1,Ribociclib,HL60,0.8673223342796491
P30291,WEE1,AC220,HL60,1.1705863395513159
P30291,WEE1,Edelfosine,HL60,2.206311202543895
P30291,WEE1,GF109203X,HL60,1.4507107836268736
P30291,WEE1,Go6976,HL60,0.9015417291817365
P30291,WEE1,PF4708671,HL60,0.9106045784072198
P30291,WEE1,SP600125,HL60,0.7174644942309122
P30291,WEE1,TAK715,HL60,2.69587513556354
P30291,WEE1,TBCA,HL60,-0.86373915644407
P30291,WEE1,AT13148,HL60,-0.9041841955175809
P30291,WEE1,AZ20,HL60,-1.1964874141797537
P30291,WEE1,AZD6738,HL60,-0.41462417487076536
P30291,WEE1,Bosutinib,HL60,0.0007058818343897554
P30291,WEE1,Dabrafenib,HL60,-2.82282014755316
P30291,WEE1,Dasatinib,HL60,-0.2227620361112513
P30291,WEE1,DNAPK,HL60,-0.1529865024794882
P30291,WEE1,H89,HL60,0.8337135822604116
P30291,WEE1,KD025,HL60,-1.3860960047708315
P30291,WEE1,NU7441,HL60,-1.3113651707287204
P30291,WEE1,Ripasudil,HL60,0.03927092282729381
P30291,WEE1,Vemurafenib,HL60,-0.6587573786291271
P30291,WEE1,CX4945,HL60,0.2002528450697339
P30291,WEE1,GO6983,HL60,0.21949182117688798
P30291,WEE1,KN93,HL60,0.5955440446366034
P30291,WEE1,MK2206,HL60,0.0021211864472814356
Q9HBH9,MKNK2,AZD5438,HL60,-0.5068472397813705
Q9HBH9,MKNK2,FRAX486,HL60,-0.12048005335265954
Q9HBH9,MKNK2,Ku0063794,HL60,1.042179324852461
Q9HBH9,MKNK2,PD153035,HL60,-0.2904443103694076
Q9HBH9,MKNK2,PF3758309,HL60,-0.4901612443784776
Q9HBH9,MKNK2,Torin,HL60,0.23980994060235677
Q9HBH9,MKNK2,Trametinib,HL60,0.22871689060873848
Q9HBH9,MKNK2,AZD1480,HL60,0.6068004756480725
Q9HBH9,MKNK2,AZD5363,HL60,-0.16298721575188738
Q9HBH9,MKNK2,BX912,HL60,0.555909537404966
Q9HBH9,MKNK2,CHIR99021,HL60,1.4238929943074294
Q9HBH9,MKNK2,GSK2334470,HL60,0.40673035798144896
Q9HBH9,MKNK2,Ipatasertib,HL60,-0.47744273511034857
Q9HBH9,MKNK2,LY2090314,HL60,-0.03280181080994287
Q9HBH9,MKNK2,Tofacitinib,HL60,0.48419294562838067
Q9HBH9,MKNK2,AZD6482,HL60,-0.4404669734439796
Q9HBH9,MKNK2,CAL101,HL60,-0.41776753150332485
Q9HBH9,MKNK2,GDC0941,HL60,-4.2139912748190245
Q9HBH9,MKNK2,HS173,HL60,-0.6234095255448625
Q9HBH9,MKNK2,PIK294,HL60,-1.9176365553224828
Q9HBH9,MKNK2,TGX221,HL60,-0.5037366643172838
Q9HBH9,MKNK2,AZD8055,HL60,0.040900729671455575
Q9HBH9,MKNK2,GDC0994,HL60,-0.24680962531609935
Q9HBH9,MKNK2,JNK,HL60,0.1983713038879647
Q9HBH9,MKNK2,LY2584702,HL60,0.02959958788002716
Q9HBH9,MKNK2,PH797804,HL60,0.44268613777030774
Q9HBH9,MKNK2,Selumetinib,HL60,-0.04084383345824161
Q9HBH9,MKNK2,U73122,HL60,0.7155453138255436
Q9HBH9,MKNK2,Ulixertinib,HL60,0.2877667677370858
Q9HBH9,MKNK2,Amuvatinib,HL60,0.33523124805571797
Q9HBH9,MKNK2,AZD3759,HL60,-0.19055486425238116
Q9HBH9,MKNK2,GSK690693,HL60,0.5116691121970882
Q9HBH9,MKNK2,JNJ,HL60,-0.08692799680183351
Q9HBH9,MKNK2,KN62,HL60,0.06000505967310884
Q9HBH9,MKNK2,Linsitinib,HL60,-0.04339980264661336
Q9HBH9,MKNK2,LY2835219,HL60,0.3586733299648504
Q9HBH9,MKNK2,Ribociclib,HL60,0.6650842040948334
Q9HBH9,MKNK2,AC220,HL60,0.8338193856132817
Q9HBH9,MKNK2,Edelfosine,HL60,1.2547851321992
Q9HBH9,MKNK2,GF109203X,HL60,-0.7369611053574466
Q9HBH9,MKNK2,Go6976,HL60,-1.3474900538891232
Q9HBH9,MKNK2,PF4708671,HL60,0.7526229073046945
Q9HBH9,MKNK2,SP600125,HL60,0.10567385323165386
Q9HBH9,MKNK2,TAK715,HL60,0.3588287882253811
Q9HBH9,MKNK2,TBCA,HL60,0.7768459159023492
Q9HBH9,MKNK2,AT13148,HL60,-0.02468739899167026
Q9HBH9,MKNK2,AZ20,HL60,-0.1735181134371452
Q9HBH9,MKNK2,AZD6738,HL60,-1.3536181960565505
Q9HBH9,MKNK2,Bosutinib,HL60,-0.05087199052527273
Q9HBH9,MKNK2,Dabrafenib,HL60,-0.15344109635192438
Q9HBH9,MKNK2,Dasatinib,HL60,-0.012900964992442965
Q9HBH9,MKNK2,DNAPK,HL60,0.006778270479488504
Q9HBH9,MKNK2,H89,HL60,0.5380579126778767
Q9HBH9,MKNK2,KD025,HL60,0.2642760496931
Q9HBH9,MKNK2,NU7441,HL60,-1.1966399572046416
Q9HBH9,MKNK2,Ripasudil,HL60,0.640510298404675
Q9HBH9,MKNK2,Vemurafenib,HL60,-2.0069156130948205
Q9HBH9,MKNK2,CX4945,HL60,-2.6750286959084666
Q9HBH9,MKNK2,GO6983,HL60,-1.5462404336487892
Q9HBH9,MKNK2,KN93,HL60,-2.5432967163477973
Q9HBH9,MKNK2,MK2206,HL60,-1.099051333178612
P25098,GRK2,AZD5438,HL60,1.1630754437558053
P25098,GRK2,FRAX486,HL60,1.2805347233276843
P25098,GRK2,Ku0063794,HL60,1.2942421359973304
P25098,GRK2,PD153035,HL60,0.6646696433150702
P25098,GRK2,PF3758309,HL60,0.2591556835408121
P25098,GRK2,Torin,HL60,0.9557920118264798
P25098,GRK2,Trametinib,HL60,0.22090908030921477
P25098,GRK2,AZD1480,HL60,-0.7366095461949865
P25098,GRK2,AZD5363,HL60,0.07103502223067294
P25098,GRK2,BX912,HL60,-0.7471669984429087
P25098,GRK2,CHIR99021,HL60,-0.3242227064887504
P25098,GRK2,GSK2334470,HL60,-0.3691344239532034
P25098,GRK2,Ipatasertib,HL60,-1.491296185655983
P25098,GRK2,LY2090314,HL60,1.2382342652552096
P25098,GRK2,Tofacitinib,HL60,-0.8265458926863274
P25098,GRK2,AZD6482,HL60,0.27356941872252377
P25098,GRK2,CAL101,HL60,1.6631107929380389
P25098,GRK2,GDC0941,HL60,1.1987081254526355
P25098,GRK2,HS173,HL60,-0.4215274407509837
P25098,GRK2,PIK294,HL60,-0.9633866076610038
P25098,GRK2,TGX221,HL60,1.4296565710548172
P25098,GRK2,AZD8055,HL60,-1.9435437597583434
P25098,GRK2,GDC0994,HL60,-0.13058997903950942
P25098,GRK2,JNK,HL60,-0.20334214040764229
P25098,GRK2,LY2584702,HL60,1.8477482041793427
P25098,GRK2,PH797804,HL60,0.6515969814646088
P25098,GRK2,Selumetinib,HL60,-1.3688566881073323
P25098,GRK2,U73122,HL60,-0.39479317639765177
P25098,GRK2,Ulixertinib,HL60,0.10236601716497057
P25098,GRK2,Amuvatinib,HL60,0.6628895472144806
P25098,GRK2,AZD3759,HL60,1.1174570928836958
P25098,GRK2,GSK690693,HL60,1.1567759563367195
P25098,GRK2,JNJ,HL60,-1.0783383972690552
P25098,GRK2,KN62,HL60,-0.7353883239329844
P25098,GRK2,Linsitinib,HL60,1.1926079717497136
P25098,GRK2,LY2835219,HL60,0.046579287444815466
P25098,GRK2,Ribociclib,HL60,-0.04890982736397537
P25098,GRK2,AC220,HL60,-1.6868095176543294
P25098,GRK2,Edelfosine,HL60,-1.0883543120759145
P25098,GRK2,GF109203X,HL60,-1.7692020014893537
P25098,GRK2,Go6976,HL60,0.2559347578030234
P25098,GRK2,PF4708671,HL60,-0.2127995683453871
P25098,GRK2,SP600125,HL60,-0.14956904738395457
P25098,GRK2,TAK715,HL60,-1.6758206522662955
P25098,GRK2,TBCA,HL60,-1.6714831732189523
P25098,GRK2,AT13148,HL60,0.44796969144396714
P25098,GRK2,AZ20,HL60,-1.0489937904620326
P25098,GRK2,AZD6738,HL60,-1.843134496859203
P25098,GRK2,Bosutinib,HL60,-1.6621555611888712
P25098,GRK2,Dabrafenib,HL60,-0.5577872272206446
P25098,GRK2,Dasatinib,HL60,-0.6918191935388792
P25098,GRK2,DNAPK,HL60,-1.191800585746898
P25098,GRK2,H89,HL60,-0.44187074472007637
P25098,GRK2,KD025,HL60,-1.1055063382637713
P25098,GRK2,NU7441,HL60,-0.780709548131511
P25098,GRK2,Ripasudil,HL60,-0.4981179826209507
P25098,GRK2,Vemurafenib,HL60,-0.4188606872618258
P25098,GRK2,CX4945,HL60,2.368060669115644
P25098,GRK2,GO6983,HL60,-1.7830982915343867
P25098,GRK2,KN93,HL60,0.4040354693863598
P25098,GRK2,MK2206,HL60,0.4174227642171678
P08581,MET,AZD5438,HL60,0.2242642959452424
P08581,MET,FRAX486,HL60,0.42655653868234555
P08581,MET,Ku0063794,HL60,0.24717859930535127
P08581,MET,PD153035,HL60,0.2044440969175969
P08581,MET,PF3758309,HL60,0.7487533494445985
P08581,MET,Torin,HL60,-0.5373351465285351
P08581,MET,Trametinib,HL60,-0.7353373833854305
P08581,MET,AZD1480,HL60,-0.5769434799606786
P08581,MET,AZD5363,HL60,-0.6555487024949549
P08581,MET,BX912,HL60,-0.17282566332030716
P08581,MET,CHIR99021,HL60,-0.33641735945706414
P08581,MET,GSK2334470,HL60,-0.7651549394543219
P08581,MET,Ipatasertib,HL60,-0.810501708590275
P08581,MET,LY2090314,HL60,-0.18083250329344847
P08581,MET,Tofacitinib,HL60,-0.3602954408999374
P08581,MET,AZD6482,HL60,0.1408868697917033
P08581,MET,CAL101,HL60,0.2749557032970334
P08581,MET,GDC0941,HL60,-0.010099973221974281
P08581,MET,HS173,HL60,-0.1148718179377301
P08581,MET,PIK294,HL60,-0.9850502841146179
P08581,MET,TGX221,HL60,-0.7174294134580936
P08581,MET,AZD8055,HL60,1.067563716134417
P08581,MET,GDC0994,HL60,1.403359065306672
P08581,MET,JNK,HL60,0.5377697198995351
P08581,MET,LY2584702,HL60,0.5022151491071818
P08581,MET,PH797804,HL60,0.8655773071808244
P08581,MET,Selumetinib,HL60,1.1235803317663535
P08581,MET,U73122,HL60,1.0293265822861093
P08581,MET,Ulixertinib,HL60,0.9766389774751749
P08581,MET,Amuvatinib,HL60,-0.12555283409048457
P08581,MET,AZD3759,HL60,-0.2937879363870645
P08581,MET,GSK690693,HL60,-0.01118310908908098
P08581,MET,JNJ,HL60,-0.26878302793905506
P08581,MET,KN62,HL60,0.02522914957093586
P08581,MET,Linsitinib,HL60,-0.056580555043208185
P08581,MET,LY2835219,HL60,-0.23082494497174172
P08581,MET,Ribociclib,HL60,-0.5315517640148583
P08581,MET,AC220,HL60,1.3363551398504485
P08581,MET,Edelfosine,HL60,0.8424235900023137
P08581,MET,GF109203X,HL60,-0.3879849721566942
P08581,MET,Go6976,HL60,1.1868255258369762
P08581,MET,PF4708671,HL60,0.22745048696320935
P08581,MET,SP600125,HL60,-0.01526144218223817
P08581,MET,TAK715,HL60,0.9393658515169209
P08581,MET,TBCA,HL60,0.27939093181534785
P08581,MET,AT13148,HL60,0.3251459654881749
P08581,MET,AZ20,HL60,0.06867181989496607
P08581,MET,AZD6738,HL60,0.07332028391625894
P08581,MET,Bosutinib,HL60,0.48314434381657234
P08581,MET,Dabrafenib,HL60,0.6721435429124518
P08581,MET,Dasatinib,HL60,0.35285424530027454
P08581,MET,DNAPK,HL60,1.0041940208667863
P08581,MET,H89,HL60,0.12552330692433666
P08581,MET,KD025,HL60,1.146009530036039
P08581,MET,NU7441,HL60,0.5609415241468984
P08581,MET,Ripasudil,HL60,0.7296149497816261
P08581,MET,Vemurafenib,HL60,0.2008490517347165
P08581,MET,CX4945,HL60,0.49231809147646155
P08581,MET,GO6983,HL60,0.15809860190376276
P08581,MET,KN93,HL60,-0.48649652209644256
P08581,MET,MK2206,HL60,0.08411674342077362
P08631,HCK,AZD5438,HL60,-0.057417653300337344
P08631,HCK,FRAX486,HL60,-0.24700643933516891
P08631,HCK,Ku0063794,HL60,0.09935422592835481
P08631,HCK,PD153035,HL60,-0.4884313704978741
P08631,HCK,PF3758309,HL60,-0.36738718276058596
P08631,HCK,Torin,HL60,0.37971693779231186
P08631,HCK,Trametinib,HL60,0.41666162862154793
P08631,HCK,AZD1480,HL60,0.37839503255531887
P08631,HCK,AZD5363,HL60,-0.025477234671341133
P08631,HCK,BX912,HL60,0.32833763526247006
P08631,HCK,CHIR99021,HL60,-0.17024284144525573
P08631,HCK,GSK2334470,HL60,0.7588570303268533
P08631,HCK,Ipatasertib,HL60,0.56374583412395
P08631,HCK,LY2090314,HL60,-0.05878541672826843
P08631,HCK,Tofacitinib,HL60,0.4720656026749214
P08631,HCK,AZD6482,HL60,0.5250336265270401
P08631,HCK,CAL101,HL60,-0.012967759950081882
P08631,HCK,GDC0941,HL60,0.04903691728045833
P08631,HCK,HS173,HL60,0.09022054017245042
P08631,HCK,PIK294,HL60,0.3600264888628653
P08631,HCK,TGX221,HL60,0.14106134946326748
P08631,HCK,AZD8055,HL60,-0.45228283865329477
P08631,HCK,GDC0994,HL60,0.1325197838466799
P08631,HCK,JNK,HL60,-0.7456673855189494
P08631,HCK,LY2584702,HL60,0.21405650994253006
P08631,HCK,PH797804,HL60,-0.39365530963283213
P08631,HCK,Selumetinib,HL60,-0.20355333778327003
P08631,HCK,U73122,HL60,-0.38684195377329844
P08631,HCK,Ulixertinib,HL60,-0.3375245335220462
P08631,HCK,Amuvatinib,HL60,-0.32531509512869633
P08631,HCK,AZD3759,HL60,-0.5964347331350487
P08631,HCK,GSK690693,HL60,0.7878509458037513
P08631,HCK,JNJ,HL60,0.3132915169016223
P08631,HCK,KN62,HL60,-0.6834698904495092
P08631,HCK,Linsitinib,HL60,-0.5568668786786656
P08631,HCK,LY2835219,HL60,-0.3133339747928158
P08631,HCK,Ribociclib,HL60,0.10677751846104913
P08631,HCK,AC220,HL60,-0.1531685710405854
P08631,HCK,Edelfosine,HL60,-0.23497964775311384
P08631,HCK,GF109203X,HL60,-0.14937495485719204
P08631,HCK,Go6976,HL60,-0.27460668382005415
P08631,HCK,PF4708671,HL60,0.3066866788835368
P08631,HCK,SP600125,HL60,-0.13668289980852047
P08631,HCK,TAK715,HL60,-0.3018378939298033
P08631,HCK,TBCA,HL60,0.2354367732131684
P08631,HCK,AT13148,HL60,0.741761344828703
P08631,HCK,AZ20,HL60,0.6202190451239546
P08631,HCK,AZD6738,HL60,0.3860793894563863
P08631,HCK,Bosutinib,HL60,-0.2388637363148882
P08631,HCK,Dabrafenib,HL60,0.23715346664197423
P08631,HCK,Dasatinib,HL60,0.06459417619905677
P08631,HCK,DNAPK,HL60,0.03141152266934354
P08631,HCK,H89,HL60,-0.2833601462774774
P08631,HCK,KD025,HL60,0.5545175778712783
P08631,HCK,NU7441,HL60,0.353465592834327
P08631,HCK,Ripasudil,HL60,0.4536981032655536
P08631,HCK,Vemurafenib,HL60,0.3017176337064245
P08631,HCK,CX4945,HL60,0.17425865098883744
P08631,HCK,GO6983,HL60,-0.6180261111202363
P08631,HCK,KN93,HL60,0.12883374065710468
P08631,HCK,MK2206,HL60,-0.12973965050227587
Q13464,ROCK1,AZD5438,HL60,-0.5037278047666667
Q13464,ROCK1,FRAX486,HL60,-0.11871409157198569
Q13464,ROCK1,Ku0063794,HL60,-0.940193688287662
Q13464,ROCK1,PD153035,HL60,-0.16389565666077735
Q13464,ROCK1,PF3758309,HL60,-1.3117705635492738
Q13464,ROCK1,Torin,HL60,-0.42273304048214255
Q13464,ROCK1,Trametinib,HL60,0.610142728322875
Q13464,ROCK1,AZD1480,HL60,0.3838500081589998
Q13464,ROCK1,AZD5363,HL60,-0.9683231836192321
Q13464,ROCK1,BX912,HL60,1.022075693112247
Q13464,ROCK1,CHIR99021,HL60,1.7337047456534045
Q13464,ROCK1,GSK2334470,HL60,1.0026984241283647
Q13464,ROCK1,Ipatasertib,HL60,0.06454656970450198
Q13464,ROCK1,LY2090314,HL60,1.9261536517101452
Q13464,ROCK1,Tofacitinib,HL60,0.6566988496844823
Q13464,ROCK1,AZD6482,HL60,1.1869383134836824
Q13464,ROCK1,CAL101,HL60,1.0781299960526043
Q13464,ROCK1,GDC0941,HL60,1.8697172661085817
Q13464,ROCK1,HS173,HL60,0.7827080484028798
Q13464,ROCK1,PIK294,HL60,1.5595189043830007
Q13464,ROCK1,TGX221,HL60,1.263375414708971
Q13464,ROCK1,AZD8055,HL60,0.880379527442673
Q13464,ROCK1,GDC0994,HL60,-1.4607031334229361
Q13464,ROCK1,JNK,HL60,-0.25865714334687917
Q13464,ROCK1,LY2584702,HL60,-0.3708016838107304
Q13464,ROCK1,PH797804,HL60,0.19177171095641518
Q13464,ROCK1,Selumetinib,HL60,-0.37910564772600325
Q13464,ROCK1,U73122,HL60,-0.35842648584839143
Q13464,ROCK1,Ulixertinib,HL60,0.5305017660067588
Q13464,ROCK1,Amuvatinib,HL60,0.9184206823002846
Q13464,ROCK1,AZD3759,HL60,1.2399600337276593
Q13464,ROCK1,GSK690693,HL60,0.20407061422122183
Q13464,ROCK1,JNJ,HL60,0.8230389605331189
Q13464,ROCK1,KN62,HL60,-0.22068664078345346
Q13464,ROCK1,Linsitinib,HL60,0.306135655344122
Q13464,ROCK1,LY2835219,HL60,-0.11822914059701492
Q13464,ROCK1,Ribociclib,HL60,0.8250809647630224
Q13464,ROCK1,AC220,HL60,0.7323019444200296
Q13464,ROCK1,Edelfosine,HL60,0.24405322893386425
Q13464,ROCK1,GF109203X,HL60,-1.1984164868885454
Q13464,ROCK1,Go6976,HL60,-1.020222725363831
Q13464,ROCK1,PF4708671,HL60,-0.155297732538915
Q13464,ROCK1,SP600125,HL60,-0.9917649843759635
Q13464,ROCK1,TAK715,HL60,-1.106018789956477
Q13464,ROCK1,TBCA,HL60,-0.6376074976630487
Q13464,ROCK1,AT13148,HL60,-1.8596373928184704
Q13464,ROCK1,AZ20,HL60,-1.063089997785133
Q13464,ROCK1,AZD6738,HL60,1.1593897893697735
Q13464,ROCK1,Bosutinib,HL60,-0.6454069252751695
Q13464,ROCK1,Dabrafenib,HL60,0.8006959243398732
Q13464,ROCK1,Dasatinib,HL60,0.7615004818256657
Q13464,ROCK1,DNAPK,HL60,0.7820857950334353
Q13464,ROCK1,H89,HL60,0.5948884293249909
Q13464,ROCK1,KD025,HL60,-0.7675377613319915
Q13464,ROCK1,NU7441,HL60,-0.28991784345382315
Q13464,ROCK1,Ripasudil,HL60,-0.9798088898248447
Q13464,ROCK1,Vemurafenib,HL60,0.013025063831581713
Q13464,ROCK1,CX4945,HL60,-0.260064305088079
Q13464,ROCK1,GO6983,HL60,-0.47388878410079854
Q13464,ROCK1,KN93,HL60,-0.26556519135461537
Q13464,ROCK1,MK2206,HL60,0.3446067315835766
P23443,RPS6KB1,AZD5438,HL60,-0.7185822049345295
P23443,RPS6KB1,FRAX486,HL60,-1.7832973035290975
P23443,RPS6KB1,Ku0063794,HL60,-1.068825032233334
P23443,RPS6KB1,PD153035,HL60,-1.849436776391429
P23443,RPS6KB1,PF3758309,HL60,-3.1162795139249053
P23443,RPS6KB1,Torin,HL60,-1.035781549313309
P23443,RPS6KB1,Trametinib,HL60,-3.9314431223684605
P23443,RPS6KB1,AZD1480,HL60,1.0855074416735606
P23443,RPS6KB1,AZD5363,HL60,-0.7263074675405443
P23443,RPS6KB1,BX912,HL60,0.7421124455298025
P23443,RPS6KB1,CHIR99021,HL60,0.16822527671370888
P23443,RPS6KB1,GSK2334470,HL60,-1.4512559262574063
P23443,RPS6KB1,Ipatasertib,HL60,0.33894988677182947
P23443,RPS6KB1,LY2090314,HL60,0.026978682874916383
P23443,RPS6KB1,Tofacitinib,HL60,-1.9134278064252737
P23443,RPS6KB1,AZD6482,HL60,-1.099544186690947
P23443,RPS6KB1,CAL101,HL60,-0.05763713743265958
P23443,RPS6KB1,GDC0941,HL60,-0.1332601102379406
P23443,RPS6KB1,HS173,HL60,-2.0808039170921506
P23443,RPS6KB1,PIK294,HL60,0.6717629293887654
P23443,RPS6KB1,TGX221,HL60,0.8518910625524703
P23443,RPS6KB1,AZD8055,HL60,0.6444783230932167
P23443,RPS6KB1,GDC0994,HL60,-1.2038425298376079
P23443,RPS6KB1,JNK,HL60,0.27298901052148034
P23443,RPS6KB1,LY2584702,HL60,-1.0188980298732602
P23443,RPS6KB1,PH797804,HL60,-0.7707148464616462
P23443,RPS6KB1,Selumetinib,HL60,-0.13418085848554287
P23443,RPS6KB1,U73122,HL60,-0.2226296598395935
P23443,RPS6KB1,Ulixertinib,HL60,1.1128671026353814
P23443,RPS6KB1,Amuvatinib,HL60,0.13823000445856
P23443,RPS6KB1,AZD3759,HL60,1.165057313593289
P23443,RPS6KB1,GSK690693,HL60,-0.8332508439964909
P23443,RPS6KB1,JNJ,HL60,1.8392165781853267
P23443,RPS6KB1,KN62,HL60,0.8426361548391295
P23443,RPS6KB1,Linsitinib,HL60,-0.5588694238732155
P23443,RPS6KB1,LY2835219,HL60,0.14921743947971358
P23443,RPS6KB1,Ribociclib,HL60,2.4701912636205963
P23443,RPS6KB1,AC220,HL60,-2.4114083169128757
P23443,RPS6KB1,Edelfosine,HL60,-2.0104316193429286
P23443,RPS6KB1,GF109203X,HL60,-1.8773007993524795
P23443,RPS6KB1,Go6976,HL60,-3.423650988815581
P23443,RPS6KB1,PF4708671,HL60,-3.7107810763324682
P23443,RPS6KB1,SP600125,HL60,-2.6811160937117466
P23443,RPS6KB1,TAK715,HL60,-1.76903528760074
P23443,RPS6KB1,TBCA,HL60,-2.6556000155839903
P23443,RPS6KB1,AT13148,HL60,-2.5756594292694905
P23443,RPS6KB1,AZ20,HL60,-2.479755085633195
P23443,RPS6KB1,AZD6738,HL60,-1.4612936064949167
P23443,RPS6KB1,Bosutinib,HL60,-0.40443598455717455
P23443,RPS6KB1,Dabrafenib,HL60,-1.4424648708821979
P23443,RPS6KB1,Dasatinib,HL60,-3.379742484868164
P23443,RPS6KB1,DNAPK,HL60,-0.8598934255411398
P23443,RPS6KB1,H89,HL60,-0.7007894464924126
P23443,RPS6KB1,KD025,HL60,-0.6436789739880296
P23443,RPS6KB1,NU7441,HL60,-0.9133496154660133
P23443,RPS6KB1,Ripasudil,HL60,-2.291392696865742
P23443,RPS6KB1,Vemurafenib,HL60,-0.41848338971983345
P23443,RPS6KB1,CX4945,HL60,-1.185079892969556
P23443,RPS6KB1,GO6983,HL60,-1.6622293017789869
P23443,RPS6KB1,KN93,HL60,-2.1691956720029464
P23443,RPS6KB1,MK2206,HL60,-0.8613025079401075
P11362,FGFR1,AZD5438,HL60,
P11362,FGFR1,FRAX486,HL60,
P11362,FGFR1,Ku0063794,HL60,
P11362,FGFR1,PD153035,HL60,
P11362,FGFR1,PF3758309,HL60,
P11362,FGFR1,Torin,HL60,
P11362,FGFR1,Trametinib,HL60,
P11362,FGFR1,AZD1480,HL60,
P11362,FGFR1,AZD5363,HL60,
P11362,FGFR1,BX912,HL60,
P11362,FGFR1,CHIR99021,HL60,
P11362,FGFR1,GSK2334470,HL60,
P11362,FGFR1,Ipatasertib,HL60,
P11362,FGFR1,LY2090314,HL60,
P11362,FGFR1,Tofacitinib,HL60,
P11362,FGFR1,AZD6482,HL60,
P11362,FGFR1,CAL101,HL60,
P11362,FGFR1,GDC0941,HL60,
P11362,FGFR1,HS173,HL60,
P11362,FGFR1,PIK294,HL60,
P11362,FGFR1,TGX221,HL60,
P11362,FGFR1,AZD8055,HL60,
P11362,FGFR1,GDC0994,HL60,
P11362,FGFR1,JNK,HL60,
P11362,FGFR1,LY2584702,HL60,
P11362,FGFR1,PH797804,HL60,
P11362,FGFR1,Selumetinib,HL60,
P11362,FGFR1,U73122,HL60,
P11362,FGFR1,Ulixertinib,HL60,
P11362,FGFR1,Amuvatinib,HL60,
P11362,FGFR1,AZD3759,HL60,
P11362,FGFR1,GSK690693,HL60,
P11362,FGFR1,JNJ,HL60,
P11362,FGFR1,KN62,HL60,
P11362,FGFR1,Linsitinib,HL60,
P11362,FGFR1,LY2835219,HL60,
P11362,FGFR1,Ribociclib,HL60,
P11362,FGFR1,AC220,HL60,
P11362,FGFR1,Edelfosine,HL60,
P11362,FGFR1,GF109203X,HL60,
P11362,FGFR1,Go6976,HL60,
P11362,FGFR1,PF4708671,HL60,
P11362,FGFR1,SP600125,HL60,
P11362,FGFR1,TAK715,HL60,
P11362,FGFR1,TBCA,HL60,
P11362,FGFR1,AT13148,HL60,
P11362,FGFR1,AZ20,HL60,
P11362,FGFR1,AZD6738,HL60,
P11362,FGFR1,Bosutinib,HL60,
P11362,FGFR1,Dabrafenib,HL60,
P11362,FGFR1,Dasatinib,HL60,
P11362,FGFR1,DNAPK,HL60,
P11362,FGFR1,H89,HL60,
P11362,FGFR1,KD025,HL60,
P11362,FGFR1,NU7441,HL60,
P11362,FGFR1,Ripasudil,HL60,
P11362,FGFR1,Vemurafenib,HL60,
P11362,FGFR1,CX4945,HL60,
P11362,FGFR1,GO6983,HL60,
P11362,FGFR1,KN93,HL60,
P11362,FGFR1,MK2206,HL60,
Q05397,PTK2,AZD5438,HL60,-0.42883824478356475
Q05397,PTK2,FRAX486,HL60,-0.14242897237538474
Q05397,PTK2,Ku0063794,HL60,1.1930376911425562
Q05397,PTK2,PD153035,HL60,0.0370225071847414
Q05397,PTK2,PF3758309,HL60,-0.22985475755538756
Q05397,PTK2,Torin,HL60,0.3321818347579483
Q05397,PTK2,Trametinib,HL60,0.4719243730707787
Q05397,PTK2,AZD1480,HL60,0.5842371897440909
Q05397,PTK2,AZD5363,HL60,1.3906188783282443
Q05397,PTK2,BX912,HL60,1.3559445724789256
Q05397,PTK2,CHIR99021,HL60,-1.9235712347444185
Q05397,PTK2,GSK2334470,HL60,0.9086944106393002
Q05397,PTK2,Ipatasertib,HL60,0.8175365040207772
Q05397,PTK2,LY2090314,HL60,-1.344669533668572
Q05397,PTK2,Tofacitinib,HL60,0.8757262360472277
Q05397,PTK2,AZD6482,HL60,0.8884380343855554
Q05397,PTK2,CAL101,HL60,0.925543982459118
Q05397,PTK2,GDC0941,HL60,0.8841971091675279
Q05397,PTK2,HS173,HL60,1.04724417964722
Q05397,PTK2,PIK294,HL60,0.5758958458531985
Q05397,PTK2,TGX221,HL60,-0.04140867904567975
Q05397,PTK2,AZD8055,HL60,2.677820048472152
Q05397,PTK2,GDC0994,HL60,0.7822317324512762
Q05397,PTK2,JNK,HL60,1.0539780510591863
Q05397,PTK2,LY2584702,HL60,2.134439379185772
Q05397,PTK2,PH797804,HL60,0.2775993866351032
Q05397,PTK2,Selumetinib,HL60,0.7974098574274162
Q05397,PTK2,U73122,HL60,0.8208054966485451
Q05397,PTK2,Ulixertinib,HL60,0.42216019226084495
Q05397,PTK2,Amuvatinib,HL60,-0.7584851697501439
Q05397,PTK2,AZD3759,HL60,-1.3686020762704814
Q05397,PTK2,GSK690693,HL60,-0.33560946707012357
Q05397,PTK2,JNJ,HL60,-0.7914618710585177
Q05397,PTK2,KN62,HL60,-0.7371635714555484
Q05397,PTK2,Linsitinib,HL60,-0.47259054314033416
Q05397,PTK2,LY2835219,HL60,-1.9211023285199058
Q05397,PTK2,Ribociclib,HL60,-0.7681800736514139
Q05397,PTK2,AC220,HL60,1.9328051683010725
Q05397,PTK2,Edelfosine,HL60,1.995072748663724
Q05397,PTK2,GF109203X,HL60,-0.7567355122217813
Q05397,PTK2,Go6976,HL60,0.487029820484624
Q05397,PTK2,PF4708671,HL60,0.23516753426087667
Q05397,PTK2,SP600125,HL60,1.843941954841689
Q05397,PTK2,TAK715,HL60,0.3103214957763066
Q05397,PTK2,TBCA,HL60,-0.6039055023882799
Q05397,PTK2,AT13148,HL60,0.7630479936721428
Q05397,PTK2,AZ20,HL60,1.170731357075899
Q05397,PTK2,AZD6738,HL60,-0.396788000993161
Q05397,PTK2,Bosutinib,HL60,0.3394782665978417
Q05397,PTK2,Dabrafenib,HL60,0.8470322269408462
Q05397,PTK2,Dasatinib,HL60,0.8005864363365014
Q05397,PTK2,DNAPK,HL60,0.8112215589823029
Q05397,PTK2,H89,HL60,0.05078927971282427
Q05397,PTK2,KD025,HL60,0.8944003458956478
Q05397,PTK2,NU7441,HL60,-0.015678129407464617
Q05397,PTK2,Ripasudil,HL60,1.1825907809466265
Q05397,PTK2,Vemurafenib,HL60,0.35673010316088
Q05397,PTK2,CX4945,HL60,1.4223802447755545
Q05397,PTK2,GO6983,HL60,0.05068464092388067
Q05397,PTK2,KN93,HL60,0.6135330252514467
Q05397,PTK2,MK2206,HL60,1.0992482662506546
P48730,CSNK1D,AZD5438,HL60,-2.5384431577043762
P48730,CSNK1D,FRAX486,HL60,-2.6671477308024776
P48730,CSNK1D,Ku0063794,HL60,0.16779894379784097
P48730,CSNK1D,PD153035,HL60,-0.7374911381402235
P48730,CSNK1D,PF3758309,HL60,-2.530972722279543
P48730,CSNK1D,Torin,HL60,-0.5417739072983314
P48730,CSNK1D,Trametinib,HL60,-0.9017732989265912
P48730,CSNK1D,AZD1480,HL60,-0.004556963236197639
P48730,CSNK1D,AZD5363,HL60,1.3014971190524467
P48730,CSNK1D,BX912,HL60,0.7782895804975672
P48730,CSNK1D,CHIR99021,HL60,-0.04954924967649935
P48730,CSNK1D,GSK2334470,HL60,-0.11494599001733402
P48730,CSNK1D,Ipatasertib,HL60,-0.7130125787527388
P48730,CSNK1D,LY2090314,HL60,-0.30826356258067333
P48730,CSNK1D,Tofacitinib,HL60,-0.7721775574653976
P48730,CSNK1D,AZD6482,HL60,-2.0303225321959584
P48730,CSNK1D,CAL101,HL60,0.0033640286871511244
P48730,CSNK1D,GDC0941,HL60,-0.85383984332657
P48730,CSNK1D,HS173,HL60,-1.0929001273822656
P48730,CSNK1D,PIK294,HL60,-1.2500522468026187
P48730,CSNK1D,TGX221,HL60,-1.9209181567445632
P48730,CSNK1D,AZD8055,HL60,-1.174062408702672
P48730,CSNK1D,GDC0994,HL60,-2.093191307272743
P48730,CSNK1D,JNK,HL60,-0.7282363251221047
P48730,CSNK1D,LY2584702,HL60,-0.8456930072816022
P48730,CSNK1D,PH797804,HL60,-1.7387785472682484
P48730,CSNK1D,Selumetinib,HL60,-2.7418184955754357
P48730,CSNK1D,U73122,HL60,-0.6193166140280996
P48730,CSNK1D,Ulixertinib,HL60,-0.7945485099457074
P48730,CSNK1D,Amuvatinib,HL60,0.2221115020116561
P48730,CSNK1D,AZD3759,HL60,0.8096578665100691
P48730,CSNK1D,GSK690693,HL60,0.24080190328194295
P48730,CSNK1D,JNJ,HL60,-0.3419540136118197
P48730,CSNK1D,KN62,HL60,1.2059863059097795
P48730,CSNK1D,Linsitinib,HL60,-0.15072016428086615
P48730,CSNK1D,LY2835219,HL60,1.0833095049736754
P48730,CSNK1D,Ribociclib,HL60,0.5907253415353814
P48730,CSNK1D,AC220,HL60,-1.9341091539666486
P48730,CSNK1D,Edelfosine,HL60,-0.894778122041665
P48730,CSNK1D,GF109203X,HL60,-1.4863506024710313
P48730,CSNK1D,Go6976,HL60,-1.728339772221996
P48730,CSNK1D,PF4708671,HL60,-1.2433544699652657
P48730,CSNK1D,SP600125,HL60,-1.286121677255776
P48730,CSNK1D,TAK715,HL60,-0.5772306710504184
P48730,CSNK1D,TBCA,HL60,-1.9700073895291568
P48730,CSNK1D,AT13148,HL60,-0.09867778657137617
P48730,CSNK1D,AZ20,HL60,-0.42036319542875106
P48730,CSNK1D,AZD6738,HL60,-1.4521214179133046
P48730,CSNK1D,Bosutinib,HL60,0.44531092230548147
P48730,CSNK1D,Dabrafenib,HL60,1.0233665371988856
P48730,CSNK1D,Dasatinib,HL60,1.2362964217390735
P48730,CSNK1D,DNAPK,HL60,0.9045214464179226
P48730,CSNK1D,H89,HL60,-0.06293698659377898
P48730,CSNK1D,KD025,HL60,1.5427432164318589
P48730,CSNK1D,NU7441,HL60,0.7721280254463183
P48730,CSNK1D,Ripasudil,HL60,1.1603202061956686
P48730,CSNK1D,Vemurafenib,HL60,0.7402599966765591
P48730,CSNK1D,CX4945,HL60,-0.14871185524533925
P48730,CSNK1D,GO6983,HL60,1.1665087777538694
P48730,CSNK1D,KN93,HL60,0.599870600885934
P48730,CSNK1D,MK2206,HL60,0.13097950630153907
Q00535,CDK5,AZD5438,HL60,-2.6914028975014332
Q00535,CDK5,FRAX486,HL60,-0.43046143907077017
Q00535,CDK5,Ku0063794,HL60,0.27353394458844804
Q00535,CDK5,PD153035,HL60,1.5706691702876765
Q00535,CDK5,PF3758309,HL60,-0.349738813160497
Q00535,CDK5,Torin,HL60,0.28214437305207646
Q00535,CDK5,Trametinib,HL60,1.4451947320670095
Q00535,CDK5,AZD1480,HL60,2.286045327102558
Q00535,CDK5,AZD5363,HL60,4.361508516536269
Q00535,CDK5,BX912,HL60,2.361661309556492
Q00535,CDK5,CHIR99021,HL60,3.2927224651742177
Q00535,CDK5,GSK2334470,HL60,3.0745544968563268
Q00535,CDK5,Ipatasertib,HL60,2.586669060480516
Q00535,CDK5,LY2090314,HL60,2.5042844538073363
Q00535,CDK5,Tofacitinib,HL60,2.510518026948841
Q00535,CDK5,AZD6482,HL60,-1.021292642240959
Q00535,CDK5,CAL101,HL60,1.2251668976865093
Q00535,CDK5,GDC0941,HL60,2.491726643783658
Q00535,CDK5,HS173,HL60,1.739946849862325
Q00535,CDK5,PIK294,HL60,1.5940164105946777
Q00535,CDK5,TGX221,HL60,1.234036881934492
Q00535,CDK5,AZD8055,HL60,0.03891808612448048
Q00535,CDK5,GDC0994,HL60,0.24548378910829555
Q00535,CDK5,JNK,HL60,-0.14625938585272327
Q00535,CDK5,LY2584702,HL60,-0.4869265473376851
Q00535,CDK5,PH797804,HL60,0.6342253863858068
Q00535,CDK5,Selumetinib,HL60,-0.41720519491574837
Q00535,CDK5,U73122,HL60,0.73199370942502
Q00535,CDK5,Ulixertinib,HL60,-1.7009985509256487
Q00535,CDK5,Amuvatinib,HL60,0.756986439076108
Q00535,CDK5,AZD3759,HL60,0.6093204492416364
Q00535,CDK5,GSK690693,HL60,0.5394332570291475
Q00535,CDK5,JNJ,HL60,2.2883249988298835
Q00535,CDK5,KN62,HL60,-0.30658075478517727
Q00535,CDK5,Linsitinib,HL60,1.1767580025998612
Q00535,CDK5,LY2835219,HL60,-0.7822351263008186
Q00535,CDK5,Ribociclib,HL60,0.6289932431365631
Q00535,CDK5,AC220,HL60,0.7213767534575154
Q00535,CDK5,Edelfosine,HL60,1.9954897187427252
Q00535,CDK5,GF109203X,HL60,2.325521048319596
Q00535,CDK5,Go6976,HL60,2.360286959239793
Q00535,CDK5,PF4708671,HL60,1.349476226395166
Q00535,CDK5,SP600125,HL60,0.8197833851177738
Q00535,CDK5,TAK715,HL60,2.79801269722329
Q00535,CDK5,TBCA,HL60,0.2939692062620005
Q00535,CDK5,AT13148,HL60,-0.40965100338768584
Q00535,CDK5,AZ20,HL60,1.3134140565086525
Q00535,CDK5,AZD6738,HL60,1.238455298408436
Q00535,CDK5,Bosutinib,HL60,0.9996536157255829
Q00535,CDK5,Dabrafenib,HL60,-0.1995736101120124
Q00535,CDK5,Dasatinib,HL60,0.43476486936809283
Q00535,CDK5,DNAPK,HL60,1.4328853993966024
Q00535,CDK5,H89,HL60,2.7845199951741795
Q00535,CDK5,KD025,HL60,-2.1048700693949063
Q00535,CDK5,NU7441,HL60,-0.8939786288154585
Q00535,CDK5,Ripasudil,HL60,1.2404038830388264
Q00535,CDK5,Vemurafenib,HL60,0.08902899902100585
Q00535,CDK5,CX4945,HL60,2.363809126939752
Q00535,CDK5,GO6983,HL60,2.1027855251897214
Q00535,CDK5,KN93,HL60,2.6342208560612406
Q00535,CDK5,MK2206,HL60,2.623864205773469
O43293,DAPK3,AZD5438,HL60,0.6609969268654106
O43293,DAPK3,FRAX486,HL60,-0.30609568277449695
O43293,DAPK3,Ku0063794,HL60,-0.9334093364367123
O43293,DAPK3,PD153035,HL60,-0.7030935412872402
O43293,DAPK3,PF3758309,HL60,0.8993443640830087
O43293,DAPK3,Torin,HL60,0.25267755030623484
O43293,DAPK3,Trametinib,HL60,1.4309649611900073
O43293,DAPK3,AZD1480,HL60,-0.18358174796144228
O43293,DAPK3,AZD5363,HL60,-1.2070600325677063
O43293,DAPK3,BX912,HL60,0.8621747090902935
O43293,DAPK3,CHIR99021,HL60,1.0402269709482053
O43293,DAPK3,GSK2334470,HL60,0.5988286533894535
O43293,DAPK3,Ipatasertib,HL60,0.10068186073258344
O43293,DAPK3,LY2090314,HL60,1.430687151461922
O43293,DAPK3,Tofacitinib,HL60,0.3249121961821762
O43293,DAPK3,AZD6482,HL60,1.6717924898762497
O43293,DAPK3,CAL101,HL60,0.4006663457440469
O43293,DAPK3,GDC0941,HL60,1.5003088414205659
O43293,DAPK3,HS173,HL60,-0.03673836107697371
O43293,DAPK3,PIK294,HL60,2.2506314207702056
O43293,DAPK3,TGX221,HL60,0.6356890066464351
O43293,DAPK3,AZD8055,HL60,-0.9013973464576143
O43293,DAPK3,GDC0994,HL60,-0.5343240286922019
O43293,DAPK3,JNK,HL60,-0.9101272109907622
O43293,DAPK3,LY2584702,HL60,-0.23757368594509157
O43293,DAPK3,PH797804,HL60,-1.0373771252881325
O43293,DAPK3,Selumetinib,HL60,-1.1640339043965322
O43293,DAPK3,U73122,HL60,-1.8759738353060416
O43293,DAPK3,Ulixertinib,HL60,-0.20770905065268383
O43293,DAPK3,Amuvatinib,HL60,3.3007327854498167
O43293,DAPK3,AZD3759,HL60,2.4012998732355295
O43293,DAPK3,GSK690693,HL60,1.9396609207691655
O43293,DAPK3,JNJ,HL60,1.3693990103268856
O43293,DAPK3,KN62,HL60,2.331081676168861
O43293,DAPK3,Linsitinib,HL60,1.6747271882535006
O43293,DAPK3,LY2835219,HL60,2.611558812515395
O43293,DAPK3,Ribociclib,HL60,2.5237977283270094
O43293,DAPK3,AC220,HL60,-0.5073275939600164
O43293,DAPK3,Edelfosine,HL60,-0.14634330669381276
O43293,DAPK3,GF109203X,HL60,0.5759766833979271
O43293,DAPK3,Go6976,HL60,-0.8171193740216374
O43293,DAPK3,PF4708671,HL60,0.41484058549685554
O43293,DAPK3,SP600125,HL60,-1.123698763767745
O43293,DAPK3,TAK715,HL60,0.18033307374386864
O43293,DAPK3,TBCA,HL60,-0.0950209656918584
O43293,DAPK3,AT13148,HL60,-4.214283035694324
O43293,DAPK3,AZ20,HL60,-0.9266907284091062
O43293,DAPK3,AZD6738,HL60,-0.4261075896898314
O43293,DAPK3,Bosutinib,HL60,-0.6184401754368016
O43293,DAPK3,Dabrafenib,HL60,-0.5673226243323556
O43293,DAPK3,Dasatinib,HL60,-0.7073943351698774
O43293,DAPK3,DNAPK,HL60,-0.9292380713126662
O43293,DAPK3,H89,HL60,-1.2266242394763935
O43293,DAPK3,KD025,HL60,-1.4435675454363566
O43293,DAPK3,NU7441,HL60,-1.3625852666637797
O43293,DAPK3,Ripasudil,HL60,-1.4853512130078168
O43293,DAPK3,Vemurafenib,HL60,-0.27333649726385056
O43293,DAPK3,CX4945,HL60,-0.03424775159762177
O43293,DAPK3,GO6983,HL60,0.3841833736289896
O43293,DAPK3,KN93,HL60,-0.14779896065537496
O43293,DAPK3,MK2206,HL60,0.3778385507539485
P51812,RPS6KA3,AZD5438,HL60,1.204485082279158
P51812,RPS6KA3,FRAX486,HL60,-0.7222750342572279
P51812,RPS6KA3,Ku0063794,HL60,0.9331438518724472
P51812,RPS6KA3,PD153035,HL60,0.3027310788695125
P51812,RPS6KA3,PF3758309,HL60,-1.8270189727415072
P51812,RPS6KA3,Torin,HL60,-0.5220070448479589
P51812,RPS6KA3,Trametinib,HL60,-0.6467117549811954
P51812,RPS6KA3,AZD1480,HL60,0.16878234228809982
P51812,RPS6KA3,AZD5363,HL60,-1.6404351491338858
P51812,RPS6KA3,BX912,HL60,-0.13161385404978218
P51812,RPS6KA3,CHIR99021,HL60,0.46648958396730666
P51812,RPS6KA3,GSK2334470,HL60,0.606928857111235
P51812,RPS6KA3,Ipatasertib,HL60,1.7606134214885194
P51812,RPS6KA3,LY2090314,HL60,0.09923219167689983
P51812,RPS6KA3,Tofacitinib,HL60,-0.13460516480115217
P51812,RPS6KA3,AZD6482,HL60,1.7045349518277535
P51812,RPS6KA3,CAL101,HL60,0.9018262391099479
P51812,RPS6KA3,GDC0941,HL60,-0.21966147312565376
P51812,RPS6KA3,HS173,HL60,1.7794138849312249
P51812,RPS6KA3,PIK294,HL60,1.576830606827642
P51812,RPS6KA3,TGX221,HL60,1.3757155839432575
P51812,RPS6KA3,AZD8055,HL60,-2.558621062248841
P51812,RPS6KA3,GDC0994,HL60,-0.7803533167115008
P51812,RPS6KA3,JNK,HL60,-1.0959346510000714
P51812,RPS6KA3,LY2584702,HL60,0.943231995540147
P51812,RPS6KA3,PH797804,HL60,-2.2887084164903353
P51812,RPS6KA3,Selumetinib,HL60,-0.4366795031505617
P51812,RPS6KA3,U73122,HL60,-0.13825027414807226
P51812,RPS6KA3,Ulixertinib,HL60,-0.4994509613028606
P51812,RPS6KA3,Amuvatinib,HL60,1.1689447602162586
P51812,RPS6KA3,AZD3759,HL60,1.2132495532830903
P51812,RPS6KA3,GSK690693,HL60,0.9886035139596674
P51812,RPS6KA3,JNJ,HL60,1.5051332439863032
P51812,RPS6KA3,KN62,HL60,1.2424640506911309
P51812,RPS6KA3,Linsitinib,HL60,1.154509806951709
P51812,RPS6KA3,LY2835219,HL60,0.972098269438717
P51812,RPS6KA3,Ribociclib,HL60,0.696828952590198
P51812,RPS6KA3,AC220,HL60,0.7480298036692934
P51812,RPS6KA3,Edelfosine,HL60,-0.9746831249341088
P51812,RPS6KA3,GF109203X,HL60,-1.6467076387161403
P51812,RPS6KA3,Go6976,HL60,-1.1324166684995436
P51812,RPS6KA3,PF4708671,HL60,0.3455643974958759
P51812,RPS6KA3,SP600125,HL60,-0.5295825338731468
P51812,RPS6KA3,TAK715,HL60,-0.22231044232570218
P51812,RPS6KA3,TBCA,HL60,-0.5084333211145798
P51812,RPS6KA3,AT13148,HL60,0.5060128431595975
P51812,RPS6KA3,AZ20,HL60,0.46549241135978825
P51812,RPS6KA3,AZD6738,HL60,1.774005922848194
P51812,RPS6KA3,Bosutinib,HL60,2.346784928660609
P51812,RPS6KA3,Dabrafenib,HL60,3.07638623724664
P51812,RPS6KA3,Dasatinib,HL60,2.186585719450193
P51812,RPS6KA3,DNAPK,HL60,0.8720461277467144
P51812,RPS6KA3,H89,HL60,0.5753117683693123
P51812,RPS6KA3,KD025,HL60,3.0605460153036272
P51812,RPS6KA3,NU7441,HL60,1.7708774834993934
P51812,RPS6KA3,Ripasudil,HL60,1.5865981641644806
P51812,RPS6KA3,Vemurafenib,HL60,3.0178032776060175
P51812,RPS6KA3,CX4945,HL60,0.4958059172160706
P51812,RPS6KA3,GO6983,HL60,-3.533488312275001
P51812,RPS6KA3,KN93,HL60,-1.3685677650687
P51812,RPS6KA3,MK2206,HL60,0.45456020026771937
Q13535,ATR,AZD5438,HL60,0.8864740229998574
Q13535,ATR,FRAX486,HL60,0.16718317884088738
Q13535,ATR,Ku0063794,HL60,-0.3635236083363685
Q13535,ATR,PD153035,HL60,0.026152261665021236
Q13535,ATR,PF3758309,HL60,0.1920735212631046
Q13535,ATR,Torin,HL60,-2.4671845344898213
Q13535,ATR,Trametinib,HL60,0.09512322028883968
Q13535,ATR,AZD1480,HL60,0.5318896773797711
Q13535,ATR,AZD5363,HL60,-0.6809387906925264
Q13535,ATR,BX912,HL60,0.9619940669085222
Q13535,ATR,CHIR99021,HL60,0.7899941929342224
Q13535,ATR,GSK2334470,HL60,-0.2427414233263147
Q13535,ATR,Ipatasertib,HL60,0.4053988598305409
Q13535,ATR,LY2090314,HL60,0.08948670400345488
Q13535,ATR,Tofacitinib,HL60,0.48842847765244274
Q13535,ATR,AZD6482,HL60,-0.2319336958439911
Q13535,ATR,CAL101,HL60,0.3397174747123657
Q13535,ATR,GDC0941,HL60,0.2791236984536639
Q13535,ATR,HS173,HL60,0.12199205806932625
Q13535,ATR,PIK294,HL60,-0.1863592552566646
Q13535,ATR,TGX221,HL60,0.05359210222371149
Q13535,ATR,AZD8055,HL60,0.03422897745913443
Q13535,ATR,GDC0994,HL60,0.9273316179300015
Q13535,ATR,JNK,HL60,0.822920546933993
Q13535,ATR,LY2584702,HL60,0.6095655746922323
Q13535,ATR,PH797804,HL60,0.9695662449348952
Q13535,ATR,Selumetinib,HL60,-0.5419522643641936
Q13535,ATR,U73122,HL60,0.6460269181325196
Q13535,ATR,Ulixertinib,HL60,-0.8988148155098088
Q13535,ATR,Amuvatinib,HL60,-0.7088831563961709
Q13535,ATR,AZD3759,HL60,-0.15774533673872707
Q13535,ATR,GSK690693,HL60,-0.6109157873892296
Q13535,ATR,JNJ,HL60,-0.1453946935778075
Q13535,ATR,KN62,HL60,-0.33417610293256306
Q13535,ATR,Linsitinib,HL60,-0.8109667950054137
Q13535,ATR,LY2835219,HL60,-0.8185343989166561
Q13535,ATR,Ribociclib,HL60,0.19187593054248397
Q13535,ATR,AC220,HL60,0.9871323566513421
Q13535,ATR,Edelfosine,HL60,1.5227113702120572
Q13535,ATR,GF109203X,HL60,0.15637195973521778
Q13535,ATR,Go6976,HL60,0.13907340507714408
Q13535,ATR,PF4708671,HL60,0.03792670680789853
Q13535,ATR,SP600125,HL60,0.8575345662808488
Q13535,ATR,TAK715,HL60,1.1091699220336624
Q13535,ATR,TBCA,HL60,1.2730374998744833
Q13535,ATR,AT13148,HL60,-1.2259782307521467
Q13535,ATR,AZ20,HL60,-1.480000551516941
Q13535,ATR,AZD6738,HL60,-1.7254556334035729
Q13535,ATR,Bosutinib,HL60,0.6575554584742364
Q13535,ATR,Dabrafenib,HL60,0.26780668023381854
Q13535,ATR,Dasatinib,HL60,0.21035806309456506
Q13535,ATR,DNAPK,HL60,0.241610048924938
Q13535,ATR,H89,HL60,0.11033944254699138
Q13535,ATR,KD025,HL60,0.8491749902298217
Q13535,ATR,NU7441,HL60,0.03270947385237857
Q13535,ATR,Ripasudil,HL60,0.2974011391716039
Q13535,ATR,Vemurafenib,HL60,-0.09694514054737852
Q13535,ATR,CX4945,HL60,0.44092819156681184
Q13535,ATR,GO6983,HL60,0.16309507695894074
Q13535,ATR,KN93,HL60,0.4744013728594155
Q13535,ATR,MK2206,HL60,-0.1518405674337105
P29597,TYK2,AZD5438,HL60,0.40247683882512003
P29597,TYK2,FRAX486,HL60,0.1735364813876295
P29597,TYK2,Ku0063794,HL60,-0.1994347433446178
P29597,TYK2,PD153035,HL60,-0.06663823240709353
P29597,TYK2,PF3758309,HL60,0.0027188985928025488
P29597,TYK2,Torin,HL60,0.037470775536731574
P29597,TYK2,Trametinib,HL60,0.2739834168256934
P29597,TYK2,AZD1480,HL60,-0.5728612816236427
P29597,TYK2,AZD5363,HL60,-0.10867018317503985
P29597,TYK2,BX912,HL60,-0.6077524536408219
P29597,TYK2,CHIR99021,HL60,-0.3325645195822858
P29597,TYK2,GSK2334470,HL60,-0.3319987512739987
P29597,TYK2,Ipatasertib,HL60,-0.1905497534691144
P29597,TYK2,LY2090314,HL60,-0.4025447994511565
P29597,TYK2,Tofacitinib,HL60,-0.5115172619290129
P29597,TYK2,AZD6482,HL60,0.04613307005307799
P29597,TYK2,CAL101,HL60,-0.06373867149825985
P29597,TYK2,GDC0941,HL60,0.3096523083800147
P29597,TYK2,HS173,HL60,0.09259257137441908
P29597,TYK2,PIK294,HL60,-0.08791463020894141
P29597,TYK2,TGX221,HL60,-0.054493435213379064
P29597,TYK2,AZD8055,HL60,0.6700213547174192
P29597,TYK2,GDC0994,HL60,0.2847310295575749
P29597,TYK2,JNK,HL60,0.34114807489219773
P29597,TYK2,LY2584702,HL60,0.1855772817731677
P29597,TYK2,PH797804,HL60,0.3622233047561256
P29597,TYK2,Selumetinib,HL60,0.34097828345178527
P29597,TYK2,U73122,HL60,0.1075077366961861
P29597,TYK2,Ulixertinib,HL60,0.5369272041266666
P29597,TYK2,Amuvatinib,HL60,-0.1794121682927835
P29597,TYK2,AZD3759,HL60,0.04155906153481044
P29597,TYK2,GSK690693,HL60,-0.14006540705612167
P29597,TYK2,JNJ,HL60,-0.16435110546519524
P29597,TYK2,KN62,HL60,0.11740278206891132
P29597,TYK2,Linsitinib,HL60,-0.10620112714991467
P29597,TYK2,LY2835219,HL60,-0.04839824079741842
P29597,TYK2,Ribociclib,HL60,-0.010273806195258355
P29597,TYK2,AC220,HL60,0.25027499069301884
P29597,TYK2,Edelfosine,HL60,-0.08593348318045675
P29597,TYK2,GF109203X,HL60,0.2801651367189478
P29597,TYK2,Go6976,HL60,0.1411551760253605
P29597,TYK2,PF4708671,HL60,0.0008992601140648886
P29597,TYK2,SP600125,HL60,0.24768851201426753
P29597,TYK2,TAK715,HL60,0.26481258859327206
P29597,TYK2,TBCA,HL60,0.18041416960604262
P29597,TYK2,AT13148,HL60,-0.04078768640141281
P29597,TYK2,AZ20,HL60,-0.03265918784224834
P29597,TYK2,AZD6738,HL60,-0.13721630495723353
P29597,TYK2,Bosutinib,HL60,-0.1828554546944073
P29597,TYK2,Dabrafenib,HL60,-0.07845375857139987
P29597,TYK2,Dasatinib,HL60,0.0113434467639742
P29597,TYK2,DNAPK,HL60,-0.023182541192582656
P29597,TYK2,H89,HL60,0.058248069904115504
P29597,TYK2,KD025,HL60,-0.27394519443636645
P29597,TYK2,NU7441,HL60,-0.12913310264023123
P29597,TYK2,Ripasudil,HL60,0.08231465355229327
P29597,TYK2,Vemurafenib,HL60,-0.2176275616244904
P29597,TYK2,CX4945,HL60,1.3042624314488673
P29597,TYK2,GO6983,HL60,1.0766126096006348
P29597,TYK2,KN93,HL60,1.2650776344573789
P29597,TYK2,MK2206,HL60,1.3498854480103042
Q15418,RPS6KA1,AZD5438,HL60,-0.33201349089728127
Q15418,RPS6KA1,FRAX486,HL60,0.988449066349262
Q15418,RPS6KA1,Ku0063794,HL60,-0.3460229175730216
Q15418,RPS6KA1,PD153035,HL60,-0.4123142477569622
Q15418,RPS6KA1,PF3758309,HL60,-3.8887130143519517
Q15418,RPS6KA1,Torin,HL60,-0.26865296842547964
Q15418,RPS6KA1,Trametinib,HL60,-3.4770889026377945
Q15418,RPS6KA1,AZD1480,HL60,-0.16215676978129417
Q15418,RPS6KA1,AZD5363,HL60,-1.080746042409158
Q15418,RPS6KA1,BX912,HL60,-0.33350321960796725
Q15418,RPS6KA1,CHIR99021,HL60,-0.23996580452914337
Q15418,RPS6KA1,GSK2334470,HL60,-2.253743331822737
Q15418,RPS6KA1,Ipatasertib,HL60,-0.1357069191855044
Q15418,RPS6KA1,LY2090314,HL60,-0.6204091900748738
Q15418,RPS6KA1,Tofacitinib,HL60,-0.760228727875856
Q15418,RPS6KA1,AZD6482,HL60,-0.11391831766532075
Q15418,RPS6KA1,CAL101,HL60,-0.7732700959858195
Q15418,RPS6KA1,GDC0941,HL60,-0.42049214349726216
Q15418,RPS6KA1,HS173,HL60,-1.1020981028297512
Q15418,RPS6KA1,PIK294,HL60,-0.3620863652060517
Q15418,RPS6KA1,TGX221,HL60,-0.1662753588904624
Q15418,RPS6KA1,AZD8055,HL60,0.02907894827238935
Q15418,RPS6KA1,GDC0994,HL60,-0.6075042702778206
Q15418,RPS6KA1,JNK,HL60,0.9163774168895643
Q15418,RPS6KA1,LY2584702,HL60,0.5390312478912807
Q15418,RPS6KA1,PH797804,HL60,1.171323333707229
Q15418,RPS6KA1,Selumetinib,HL60,-1.4177562400557653
Q15418,RPS6KA1,U73122,HL60,0.4972203427532289
Q15418,RPS6KA1,Ulixertinib,HL60,-0.12216280817245909
Q15418,RPS6KA1,Amuvatinib,HL60,-0.10386942170220695
Q15418,RPS6KA1,AZD3759,HL60,-0.13109373103501262
Q15418,RPS6KA1,GSK690693,HL60,-1.0233602602876202
Q15418,RPS6KA1,JNJ,HL60,-0.09076741680343843
Q15418,RPS6KA1,KN62,HL60,0.2978964352188922
Q15418,RPS6KA1,Linsitinib,HL60,-0.9473409950964324
Q15418,RPS6KA1,LY2835219,HL60,-0.698175516808951
Q15418,RPS6KA1,Ribociclib,HL60,0.6917908906440947
Q15418,RPS6KA1,AC220,HL60,0.12700112305784889
Q15418,RPS6KA1,Edelfosine,HL60,-1.2302808811365553
Q15418,RPS6KA1,GF109203X,HL60,-2.8586128411104834
Q15418,RPS6KA1,Go6976,HL60,-1.5827346195395862
Q15418,RPS6KA1,PF4708671,HL60,-2.0694605628329077
Q15418,RPS6KA1,SP600125,HL60,0.2354537860181685
Q15418,RPS6KA1,TAK715,HL60,-0.46910306838315596
Q15418,RPS6KA1,TBCA,HL60,-0.2677393473781201
Q15418,RPS6KA1,AT13148,HL60,-1.3275153644580775
Q15418,RPS6KA1,AZ20,HL60,-0.07628292062971127
Q15418,RPS6KA1,AZD6738,HL60,0.7751550936087086
Q15418,RPS6KA1,Bosutinib,HL60,2.152347980258198
Q15418,RPS6KA1,Dabrafenib,HL60,2.677227427485274
Q15418,RPS6KA1,Dasatinib,HL60,-0.4240506500478136
Q15418,RPS6KA1,DNAPK,HL60,0.9052513932978358
Q15418,RPS6KA1,H89,HL60,0.0555360878802547
Q15418,RPS6KA1,KD025,HL60,0.7346913047727205
Q15418,RPS6KA1,NU7441,HL60,0.4494939290176439
Q15418,RPS6KA1,Ripasudil,HL60,-1.0764709801908643
Q15418,RPS6KA1,Vemurafenib,HL60,1.2361942011964104
Q15418,RPS6KA1,CX4945,HL60,-0.7199467310030485
Q15418,RPS6KA1,GO6983,HL60,-1.0496441301678048
Q15418,RPS6KA1,KN93,HL60,-0.2807252066923398
Q15418,RPS6KA1,MK2206,HL60,-0.09084131751859698
Q00526,CDK3,AZD5438,HL60,-3.2292320684884865
Q00526,CDK3,FRAX486,HL60,-0.21014936545099266
Q00526,CDK3,Ku0063794,HL60,-0.535450365793243
Q00526,CDK3,PD153035,HL60,0.3227717219618573
Q00526,CDK3,PF3758309,HL60,-2.095289034509424
Q00526,CDK3,Torin,HL60,-0.8158310189523431
Q00526,CDK3,Trametinib,HL60,0.33960920994925836
Q00526,CDK3,AZD1480,HL60,1.2146679628534416
Q00526,CDK3,AZD5363,HL60,0.5562665427085434
Q00526,CDK3,BX912,HL60,0.48674081951731135
Q00526,CDK3,CHIR99021,HL60,0.7172960698654745
Q00526,CDK3,GSK2334470,HL60,0.6672876021163402
Q00526,CDK3,Ipatasertib,HL60,0.6257809976549841
Q00526,CDK3,LY2090314,HL60,-0.09151538727528419
Q00526,CDK3,Tofacitinib,HL60,1.0797379952975215
Q00526,CDK3,AZD6482,HL60,-0.6791517461900926
Q00526,CDK3,CAL101,HL60,-0.021655174032414556
Q00526,CDK3,GDC0941,HL60,0.7411758328448024
Q00526,CDK3,HS173,HL60,0.5720696067643656
Q00526,CDK3,PIK294,HL60,0.32430329745886005
Q00526,CDK3,TGX221,HL60,0.6448744713543159
Q00526,CDK3,AZD8055,HL60,0.5042332658297378
Q00526,CDK3,GDC0994,HL60,-0.0195825223102856
Q00526,CDK3,JNK,HL60,0.494938401774642
Q00526,CDK3,LY2584702,HL60,-0.13730976453307428
Q00526,CDK3,PH797804,HL60,0.30270139960263276
Q00526,CDK3,Selumetinib,HL60,-0.609413149935189
Q00526,CDK3,U73122,HL60,0.1949470937826113
Q00526,CDK3,Ulixertinib,HL60,-2.114410978365154
Q00526,CDK3,Amuvatinib,HL60,-0.5329403782108106
Q00526,CDK3,AZD3759,HL60,-0.2466170140965463
Q00526,CDK3,GSK690693,HL60,0.3147021324397388
Q00526,CDK3,JNJ,HL60,0.2544423115827979
Q00526,CDK3,KN62,HL60,-0.7076827593888709
Q00526,CDK3,Linsitinib,HL60,-0.6361155235764099
Q00526,CDK3,LY2835219,HL60,-2.39131281695801
Q00526,CDK3,Ribociclib,HL60,-1.9006517973708594
Q00526,CDK3,AC220,HL60,0.28032545982746376
Q00526,CDK3,Edelfosine,HL60,1.803385159997746
Q00526,CDK3,GF109203X,HL60,1.1538794868744127
Q00526,CDK3,Go6976,HL60,0.8192504324657683
Q00526,CDK3,PF4708671,HL60,0.3804827922509035
Q00526,CDK3,SP600125,HL60,1.4269682981564105
Q00526,CDK3,TAK715,HL60,1.6501679125466309
Q00526,CDK3,TBCA,HL60,0.26844925148396087
Q00526,CDK3,AT13148,HL60,0.29509111749618117
Q00526,CDK3,AZ20,HL60,0.0841142495979319
Q00526,CDK3,AZD6738,HL60,1.1082914164323912
Q00526,CDK3,Bosutinib,HL60,1.2407800063654546
Q00526,CDK3,Dabrafenib,HL60,-0.421447489930354
Q00526,CDK3,Dasatinib,HL60,0.7079475808268462
Q00526,CDK3,DNAPK,HL60,1.068174756711281
Q00526,CDK3,H89,HL60,0.6388807514597231
Q00526,CDK3,KD025,HL60,-2.199867206142511
Q00526,CDK3,NU7441,HL60,0.13497586003300846
Q00526,CDK3,Ripasudil,HL60,-0.2412207721843994
Q00526,CDK3,Vemurafenib,HL60,0.3804437838793067
Q00526,CDK3,CX4945,HL60,0.7909809474565592
Q00526,CDK3,GO6983,HL60,2.100198881067482
Q00526,CDK3,KN93,HL60,1.3543562380454894
Q00526,CDK3,MK2206,HL60,1.642522692339874
P43405,SYK,AZD5438,HL60,-0.8644998066030349
P43405,SYK,FRAX486,HL60,0.22596602807472357
P43405,SYK,Ku0063794,HL60,1.0190661774697145
P43405,SYK,PD153035,HL60,0.7014910343411878
P43405,SYK,PF3758309,HL60,0.5437592944321562
P43405,SYK,Torin,HL60,-0.04400222022792193
P43405,SYK,Trametinib,HL60,0.34816696568953776
P43405,SYK,AZD1480,HL60,-0.8405492185711868
P43405,SYK,AZD5363,HL60,0.4500605693924682
P43405,SYK,BX912,HL60,-0.8175557305158907
P43405,SYK,CHIR99021,HL60,-0.784394281409105
P43405,SYK,GSK2334470,HL60,-1.060758961013569
P43405,SYK,Ipatasertib,HL60,-1.7031334440247565
P43405,SYK,LY2090314,HL60,-0.07352811019629918
P43405,SYK,Tofacitinib,HL60,-1.1864089003757972
P43405,SYK,AZD6482,HL60,-1.2932139324301581
P43405,SYK,CAL101,HL60,-0.8899754683518903
P43405,SYK,GDC0941,HL60,-1.0431994250251044
P43405,SYK,HS173,HL60,0.26034796970775437
P43405,SYK,PIK294,HL60,-0.4862258715995137
P43405,SYK,TGX221,HL60,-1.0801838996775293
P43405,SYK,AZD8055,HL60,1.1361139615920226
P43405,SYK,GDC0994,HL60,-1.6589901324298741
P43405,SYK,JNK,HL60,0.9695393240294025
P43405,SYK,LY2584702,HL60,-0.44561767405587577
P43405,SYK,PH797804,HL60,0.11899400283444182
P43405,SYK,Selumetinib,HL60,-0.18508969778221726
P43405,SYK,U73122,HL60,0.24276352086091835
P43405,SYK,Ulixertinib,HL60,0.6233896620280662
P43405,SYK,Amuvatinib,HL60,-1.1805007467342847
P43405,SYK,AZD3759,HL60,-1.393954377728016
P43405,SYK,GSK690693,HL60,-1.4227038885876644
P43405,SYK,JNJ,HL60,-0.8154234413297802
P43405,SYK,KN62,HL60,-0.29697750054991795
P43405,SYK,Linsitinib,HL60,-1.8050547444067366
P43405,SYK,LY2835219,HL60,-1.2681370793795168
P43405,SYK,Ribociclib,HL60,-0.40655214151574964
P43405,SYK,AC220,HL60,1.0431630808034889
P43405,SYK,Edelfosine,HL60,1.6144686717467545
P43405,SYK,GF109203X,HL60,0.8524194654213069
P43405,SYK,Go6976,HL60,-0.44111695707645093
P43405,SYK,PF4708671,HL60,1.113918001009837
P43405,SYK,SP600125,HL60,1.6578611080421644
P43405,SYK,TAK715,HL60,1.4915444265199729
P43405,SYK,TBCA,HL60,0.8300161209874553
P43405,SYK,AT13148,HL60,0.5171368949958068
P43405,SYK,AZ20,HL60,0.451444371032453
P43405,SYK,AZD6738,HL60,-0.025889491076352494
P43405,SYK,Bosutinib,HL60,0.37886691641149023
P43405,SYK,Dabrafenib,HL60,0.6569001306553951
P43405,SYK,Dasatinib,HL60,2.0138773336920606
P43405,SYK,DNAPK,HL60,0.47473858858156104
P43405,SYK,H89,HL60,-0.11609470209776958
P43405,SYK,KD025,HL60,0.36660598032174474
P43405,SYK,NU7441,HL60,-0.9212759102737348
P43405,SYK,Ripasudil,HL60,1.0515479907219045
P43405,SYK,Vemurafenib,HL60,-0.018488029662618245
P43405,SYK,CX4945,HL60,0.31272347172653514
P43405,SYK,GO6983,HL60,0.6885871527314731
P43405,SYK,KN93,HL60,0.6318534974613405
P43405,SYK,MK2206,HL60,0.010350593865294078
O15111,CHUK,AZD5438,HL60,0.8992439525142124
O15111,CHUK,FRAX486,HL60,-1.1070221028591
O15111,CHUK,Ku0063794,HL60,-0.12772718011116996
O15111,CHUK,PD153035,HL60,-0.5645528496173117
O15111,CHUK,PF3758309,HL60,0.06382492486380147
O15111,CHUK,Torin,HL60,1.0954279755045189
O15111,CHUK,Trametinib,HL60,0.42808341429826696
O15111,CHUK,AZD1480,HL60,2.0462290881484524
O15111,CHUK,AZD5363,HL60,0.48749692039806203
O15111,CHUK,BX912,HL60,2.8624361897765986
O15111,CHUK,CHIR99021,HL60,1.7867583766394621
O15111,CHUK,GSK2334470,HL60,0.5841831951085863
O15111,CHUK,Ipatasertib,HL60,3.0286469199455004
O15111,CHUK,LY2090314,HL60,1.2292232804465946
O15111,CHUK,Tofacitinib,HL60,1.644244039475086
O15111,CHUK,AZD6482,HL60,-0.9412455459632403
O15111,CHUK,CAL101,HL60,1.1231759008435236
O15111,CHUK,GDC0941,HL60,-0.4795710117367887
O15111,CHUK,HS173,HL60,1.6896648509721923
O15111,CHUK,PIK294,HL60,1.4494927686531074
O15111,CHUK,TGX221,HL60,-0.24634715851291683
O15111,CHUK,AZD8055,HL60,0.16277230923310776
O15111,CHUK,GDC0994,HL60,1.1950176441386244
O15111,CHUK,JNK,HL60,0.8210881612319394
O15111,CHUK,LY2584702,HL60,0.7074166744049332
O15111,CHUK,PH797804,HL60,1.7854093554351733
O15111,CHUK,Selumetinib,HL60,0.32667451552937443
O15111,CHUK,U73122,HL60,0.8819918753326883
O15111,CHUK,Ulixertinib,HL60,1.4005775022255116
O15111,CHUK,Amuvatinib,HL60,-0.668269706454658
O15111,CHUK,AZD3759,HL60,-0.36420106710863126
O15111,CHUK,GSK690693,HL60,-1.4060064170550997
O15111,CHUK,JNJ,HL60,0.5342976459931443
O15111,CHUK,KN62,HL60,0.09180073295983936
O15111,CHUK,Linsitinib,HL60,-2.0218572800600807
O15111,CHUK,LY2835219,HL60,-0.0178846934330466
O15111,CHUK,Ribociclib,HL60,0.9811120700482913
O15111,CHUK,AC220,HL60,0.3431518633550439
O15111,CHUK,Edelfosine,HL60,1.1290551527768835
O15111,CHUK,GF109203X,HL60,0.562430588844631
O15111,CHUK,Go6976,HL60,0.1674686158963988
O15111,CHUK,PF4708671,HL60,-1.9333636871398372
O15111,CHUK,SP600125,HL60,-1.257370061884928
O15111,CHUK,TAK715,HL60,-0.774831992504
O15111,CHUK,TBCA,HL60,-1.6909713054334246
O15111,CHUK,AT13148,HL60,-0.3822844315181443
O15111,CHUK,AZ20,HL60,0.4748973539946262
O15111,CHUK,AZD6738,HL60,-1.6226762003449897
O15111,CHUK,Bosutinib,HL60,0.4210097350639694
O15111,CHUK,Dabrafenib,HL60,-0.6472404275604637
O15111,CHUK,Dasatinib,HL60,-0.5157056359771053
O15111,CHUK,DNAPK,HL60,-0.09818821578679317
O15111,CHUK,H89,HL60,0.4971123637498698
O15111,CHUK,KD025,HL60,-0.13703508436539302
O15111,CHUK,NU7441,HL60,-0.692341674106406
O15111,CHUK,Ripasudil,HL60,-0.5546115737221405
O15111,CHUK,Vemurafenib,HL60,-1.0485029030629136
O15111,CHUK,CX4945,HL60,-1.0863108252045988
O15111,CHUK,GO6983,HL60,-2.1103567514918047
O15111,CHUK,KN93,HL60,-0.4857119150034175
O15111,CHUK,MK2206,HL60,-0.7981539115871157
P42345,MTOR,AZD5438,HL60,0.6417882308610716
P42345,MTOR,FRAX486,HL60,-0.7693856783327603
P42345,MTOR,Ku0063794,HL60,-4.403715044136777
P42345,MTOR,PD153035,HL60,-1.495030303247636
P42345,MTOR,PF3758309,HL60,-0.2563431657809702
P42345,MTOR,Torin,HL60,-6.01026137369668
P42345,MTOR,Trametinib,HL60,-1.079079039005083
P42345,MTOR,AZD1480,HL60,2.263211454976163
P42345,MTOR,AZD5363,HL60,1.6912572929669036
P42345,MTOR,BX912,HL60,1.3886811487709962
P42345,MTOR,CHIR99021,HL60,0.7610052384301202
P42345,MTOR,GSK2334470,HL60,0.046758166148505684
P42345,MTOR,Ipatasertib,HL60,0.1986458757504184
P42345,MTOR,LY2090314,HL60,1.0746260447523388
P42345,MTOR,Tofacitinib,HL60,2.6783010067800053
P42345,MTOR,AZD6482,HL60,0.15623855453979277
P42345,MTOR,CAL101,HL60,0.4476644845151008
P42345,MTOR,GDC0941,HL60,-3.414157947560645
P42345,MTOR,HS173,HL60,-4.610058824156004
P42345,MTOR,PIK294,HL60,1.041195707327354
P42345,MTOR,TGX221,HL60,0.8288794854962979
P42345,MTOR,AZD8055,HL60,-3.9215059127007796
P42345,MTOR,GDC0994,HL60,-0.13828406945808625
P42345,MTOR,JNK,HL60,1.5905042855437665
P42345,MTOR,LY2584702,HL60,-0.6751185218384046
P42345,MTOR,PH797804,HL60,-0.7755745120315399
P42345,MTOR,Selumetinib,HL60,-1.6355896736063178
P42345,MTOR,U73122,HL60,-2.435860311946031
P42345,MTOR,Ulixertinib,HL60,0.05946261636035347
P42345,MTOR,Amuvatinib,HL60,1.848243170459411
P42345,MTOR,AZD3759,HL60,2.4636601764695265
P42345,MTOR,GSK690693,HL60,-1.1015156908531338
P42345,MTOR,JNJ,HL60,0.38941917579323765
P42345,MTOR,KN62,HL60,-0.2065696220280271
P42345,MTOR,Linsitinib,HL60,-3.2645421569758097
P42345,MTOR,LY2835219,HL60,-0.5531144052176661
P42345,MTOR,Ribociclib,HL60,-1.1661792540581701
P42345,MTOR,AC220,HL60,-3.0202524233694557
P42345,MTOR,Edelfosine,HL60,-2.2717012309139855
P42345,MTOR,GF109203X,HL60,-1.6381835483646978
P42345,MTOR,Go6976,HL60,-3.028455808910174
P42345,MTOR,PF4708671,HL60,-1.954142349207706
P42345,MTOR,SP600125,HL60,-0.14328399568496378
P42345,MTOR,TAK715,HL60,-1.4664825165561952
P42345,MTOR,TBCA,HL60,-1.3739809427829677
P42345,MTOR,AT13148,HL60,-1.307755180361189
P42345,MTOR,AZ20,HL60,-3.013306012598051
P42345,MTOR,AZD6738,HL60,-0.9180680157701032
P42345,MTOR,Bosutinib,HL60,-0.48635103013517944
P42345,MTOR,Dabrafenib,HL60,-0.6209394573649237
P42345,MTOR,Dasatinib,HL60,-0.7737072814343195
P42345,MTOR,DNAPK,HL60,-0.5258690398312647
P42345,MTOR,H89,HL60,0.016866951918764406
P42345,MTOR,KD025,HL60,-3.1607155417794064
P42345,MTOR,NU7441,HL60,-1.0314336366820844
P42345,MTOR,Ripasudil,HL60,-0.7213975224489512
P42345,MTOR,Vemurafenib,HL60,-0.9878172408019671
P42345,MTOR,CX4945,HL60,0.3891109408175829
P42345,MTOR,GO6983,HL60,-0.9124698813835412
P42345,MTOR,KN93,HL60,-0.3412610937046656
P42345,MTOR,MK2206,HL60,0.4508448752832473
P53667,LIMK1,AZD5438,HL60,0.0774880953331918
P53667,LIMK1,FRAX486,HL60,-0.07366155254754168
P53667,LIMK1,Ku0063794,HL60,-0.21405583289416266
P53667,LIMK1,PD153035,HL60,0.4272440660933095
P53667,LIMK1,PF3758309,HL60,0.9339937726051587
P53667,LIMK1,Torin,HL60,1.6242577773663953
P53667,LIMK1,Trametinib,HL60,-0.11710704337793032
P53667,LIMK1,AZD1480,HL60,-0.7416269758254067
P53667,LIMK1,AZD5363,HL60,-0.7327093775369785
P53667,LIMK1,BX912,HL60,-0.3774670604721328
P53667,LIMK1,CHIR99021,HL60,-0.23594626702643468
P53667,LIMK1,GSK2334470,HL60,-0.8622322821441848
P53667,LIMK1,Ipatasertib,HL60,-0.2630609754761622
P53667,LIMK1,LY2090314,HL60,-0.5646209133900221
P53667,LIMK1,Tofacitinib,HL60,-0.22435785657684637
P53667,LIMK1,AZD6482,HL60,-0.7088872070932638
P53667,LIMK1,CAL101,HL60,-0.39215734532152635
P53667,LIMK1,GDC0941,HL60,-0.9672393973564277
P53667,LIMK1,HS173,HL60,0.00820166261992908
P53667,LIMK1,PIK294,HL60,-0.631537907138072
P53667,LIMK1,TGX221,HL60,-0.29061970160091155
P53667,LIMK1,AZD8055,HL60,0.17516095058131095
P53667,LIMK1,GDC0994,HL60,-0.4136134424342545
P53667,LIMK1,JNK,HL60,0.23415120272349946
P53667,LIMK1,LY2584702,HL60,-0.28041507890211576
P53667,LIMK1,PH797804,HL60,0.332848814001055
P53667,LIMK1,Selumetinib,HL60,-0.1462415762536815
P53667,LIMK1,U73122,HL60,-0.26660754964019584
P53667,LIMK1,Ulixertinib,HL60,0.10051963942476182
P53667,LIMK1,Amuvatinib,HL60,-1.112881841006327
P53667,LIMK1,AZD3759,HL60,-1.6742106255261273
P53667,LIMK1,GSK690693,HL60,-0.9367615301852855
P53667,LIMK1,JNJ,HL60,0.18882577728593528
P53667,LIMK1,KN62,HL60,-0.8079875143730465
P53667,LIMK1,Linsitinib,HL60,-1.038872177904616
P53667,LIMK1,LY2835219,HL60,-0.3738485838553338
P53667,LIMK1,Ribociclib,HL60,-1.3255754161882074
P53667,LIMK1,AC220,HL60,0.15197552500912542
P53667,LIMK1,Edelfosine,HL60,0.1712533436947559
P53667,LIMK1,GF109203X,HL60,1.3756054536106495
P53667,LIMK1,Go6976,HL60,0.052798852622570995
P53667,LIMK1,PF4708671,HL60,0.0187176100221058
P53667,LIMK1,SP600125,HL60,0.6720561314653379
P53667,LIMK1,TAK715,HL60,-0.3402506861011201
P53667,LIMK1,TBCA,HL60,-0.5318467980864096
P53667,LIMK1,AT13148,HL60,0.7225384531852022
P53667,LIMK1,AZ20,HL60,0.15747287139177177
P53667,LIMK1,AZD6738,HL60,0.6385439986042042
P53667,LIMK1,Bosutinib,HL60,-0.8485455093829396
P53667,LIMK1,Dabrafenib,HL60,-2.0895649903243663
P53667,LIMK1,Dasatinib,HL60,-0.2745736356466562
P53667,LIMK1,DNAPK,HL60,-0.09547558709877002
P53667,LIMK1,H89,HL60,-0.05707438078239426
P53667,LIMK1,KD025,HL60,-1.2457929402878285
P53667,LIMK1,NU7441,HL60,-1.1615889521384644
P53667,LIMK1,Ripasudil,HL60,-0.4688280708266454
P53667,LIMK1,Vemurafenib,HL60,-0.6634158125737253
P53667,LIMK1,CX4945,HL60,1.5712551806643391
P53667,LIMK1,GO6983,HL60,1.446860654744908
P53667,LIMK1,KN93,HL60,2.1684756389050333
P53667,LIMK1,MK2206,HL60,1.5997239454574175
Q96S53,TESK2,AZD5438,HL60,0.09496334423747145
Q96S53,TESK2,FRAX486,HL60,0.3389963871392218
Q96S53,TESK2,Ku0063794,HL60,-0.041206443417480955
Q96S53,TESK2,PD153035,HL60,0.2613078807221099
Q96S53,TESK2,PF3758309,HL60,0.392507907021508
Q96S53,TESK2,Torin,HL60,0.11806482531049042
Q96S53,TESK2,Trametinib,HL60,-0.34328029833931584
Q96S53,TESK2,AZD1480,HL60,-0.5733395485193199
Q96S53,TESK2,AZD5363,HL60,-0.22609778969361372
Q96S53,TESK2,BX912,HL60,-0.2566000773572104
Q96S53,TESK2,CHIR99021,HL60,-0.45925329837535783
Q96S53,TESK2,GSK2334470,HL60,-0.25525735677181216
Q96S53,TESK2,Ipatasertib,HL60,-0.08233781763295914
Q96S53,TESK2,LY2090314,HL60,-0.13859344745585245
Q96S53,TESK2,Tofacitinib,HL60,-0.08542972319473201
Q96S53,TESK2,AZD6482,HL60,-0.33573823930947994
Q96S53,TESK2,CAL101,HL60,-0.3648370285231357
Q96S53,TESK2,GDC0941,HL60,-0.7312086774150857
Q96S53,TESK2,HS173,HL60,0.16659652489249796
Q96S53,TESK2,PIK294,HL60,-0.3047145869214954
Q96S53,TESK2,TGX221,HL60,-0.3028963712515602
Q96S53,TESK2,AZD8055,HL60,0.14035177415557576
Q96S53,TESK2,GDC0994,HL60,-0.20306882221499092
Q96S53,TESK2,JNK,HL60,-0.09487613765439386
Q96S53,TESK2,LY2584702,HL60,-0.39617501272556654
Q96S53,TESK2,PH797804,HL60,-0.10455990468141865
Q96S53,TESK2,Selumetinib,HL60,0.20616661476035925
Q96S53,TESK2,U73122,HL60,-0.08839695198889
Q96S53,TESK2,Ulixertinib,HL60,-0.31733661389311396
Q96S53,TESK2,Amuvatinib,HL60,-0.7352739037299239
Q96S53,TESK2,AZD3759,HL60,-0.798586810124463
Q96S53,TESK2,GSK690693,HL60,-0.33956077949137087
Q96S53,TESK2,JNJ,HL60,1.3290777730295857
Q96S53,TESK2,KN62,HL60,-0.6914123064911235
Q96S53,TESK2,Linsitinib,HL60,-0.9851367338705624
Q96S53,TESK2,LY2835219,HL60,-0.6623149770875307
Q96S53,TESK2,Ribociclib,HL60,-1.0654281767209994
Q96S53,TESK2,AC220,HL60,-0.1472751683543004
Q96S53,TESK2,Edelfosine,HL60,-0.3606428973599851
Q96S53,TESK2,GF109203X,HL60,0.014440545416754921
Q96S53,TESK2,Go6976,HL60,-0.19715868934226627
Q96S53,TESK2,PF4708671,HL60,-0.0685243722586703
Q96S53,TESK2,SP600125,HL60,0.1446074148091438
Q96S53,TESK2,TAK715,HL60,-0.3719570968273141
Q96S53,TESK2,TBCA,HL60,-0.2136297087374913
Q96S53,TESK2,AT13148,HL60,0.7590101382758893
Q96S53,TESK2,AZ20,HL60,0.973362186105016
Q96S53,TESK2,AZD6738,HL60,1.0984351530844576
Q96S53,TESK2,Bosutinib,HL60,-0.32762072995884234
Q96S53,TESK2,Dabrafenib,HL60,-0.5703965886035541
Q96S53,TESK2,Dasatinib,HL60,0.2606826965686292
Q96S53,TESK2,DNAPK,HL60,0.033151226272723024
Q96S53,TESK2,H89,HL60,0.16398554397143417
Q96S53,TESK2,KD025,HL60,-0.5731027573076648
Q96S53,TESK2,NU7441,HL60,-0.992979031678877
Q96S53,TESK2,Ripasudil,HL60,-0.15561541660706024
Q96S53,TESK2,Vemurafenib,HL60,-0.7659413024942197
Q96S53,TESK2,CX4945,HL60,0.6571144378818518
Q96S53,TESK2,GO6983,HL60,0.5646829177250877
Q96S53,TESK2,KN93,HL60,0.8485399688166944
Q96S53,TESK2,MK2206,HL60,0.6891115561512886
Q13177,PAK2,AZD5438,HL60,-0.45395050143682464
Q13177,PAK2,FRAX486,HL60,-1.8464625903720482
Q13177,PAK2,Ku0063794,HL60,-2.644793301141231
Q13177,PAK2,PD153035,HL60,-1.4019865598965184
Q13177,PAK2,PF3758309,HL60,-1.908035992905381
Q13177,PAK2,Torin,HL60,-2.0679630309525585
Q13177,PAK2,Trametinib,HL60,-0.9662203942697534
Q13177,PAK2,AZD1480,HL60,-0.5448678940551428
Q13177,PAK2,AZD5363,HL60,-2.245952805717844
Q13177,PAK2,BX912,HL60,-0.3964372295456374
Q13177,PAK2,CHIR99021,HL60,-0.11350370918523794
Q13177,PAK2,GSK2334470,HL60,-0.7079259257578274
Q13177,PAK2,Ipatasertib,HL60,-1.1350709575084248
Q13177,PAK2,LY2090314,HL60,0.05710939795498458
Q13177,PAK2,Tofacitinib,HL60,-0.35278519464620545
Q13177,PAK2,AZD6482,HL60,-0.38424356436342527
Q13177,PAK2,CAL101,HL60,-0.6053222442690922
Q13177,PAK2,GDC0941,HL60,-1.821412542623738
Q13177,PAK2,HS173,HL60,-2.0603469630107947
Q13177,PAK2,PIK294,HL60,0.836197057525504
Q13177,PAK2,TGX221,HL60,-0.12793639878400614
Q13177,PAK2,AZD8055,HL60,-0.26371462260754874
Q13177,PAK2,GDC0994,HL60,-1.2649008940940787
Q13177,PAK2,JNK,HL60,0.1471472763631768
Q13177,PAK2,LY2584702,HL60,-0.9809415202230148
Q13177,PAK2,PH797804,HL60,-0.8611968949623486
Q13177,PAK2,Selumetinib,HL60,-0.90881778433672
Q13177,PAK2,U73122,HL60,-1.330609403111958
Q13177,PAK2,Ulixertinib,HL60,0.40115195947254534
Q13177,PAK2,Amuvatinib,HL60,0.8391247368356932
Q13177,PAK2,AZD3759,HL60,1.1289408239525074
Q13177,PAK2,GSK690693,HL60,-0.013610566840154404
Q13177,PAK2,JNJ,HL60,1.1061620743321363
Q13177,PAK2,KN62,HL60,0.05263050114783215
Q13177,PAK2,Linsitinib,HL60,-1.2895590371776613
Q13177,PAK2,LY2835219,HL60,-0.8337950276853725
Q13177,PAK2,Ribociclib,HL60,0.2334991442991048
Q13177,PAK2,AC220,HL60,0.46637243354747077
Q13177,PAK2,Edelfosine,HL60,0.4765846828025532
Q13177,PAK2,GF109203X,HL60,-1.44708363897468
Q13177,PAK2,Go6976,HL60,-0.8827322954540858
Q13177,PAK2,PF4708671,HL60,0.1357476882420816
Q13177,PAK2,SP600125,HL60,-0.6150274972272718
Q13177,PAK2,TAK715,HL60,-0.11136315846119457
Q13177,PAK2,TBCA,HL60,-0.5087580032332393
Q13177,PAK2,AT13148,HL60,-4.399338573214432
Q13177,PAK2,AZ20,HL60,-1.4057374700679564
Q13177,PAK2,AZD6738,HL60,-0.07718430060368044
Q13177,PAK2,Bosutinib,HL60,0.48137754705937974
Q13177,PAK2,Dabrafenib,HL60,0.38587128516083236
Q13177,PAK2,Dasatinib,HL60,0.2196092724222514
Q13177,PAK2,DNAPK,HL60,-0.7021589608224689
Q13177,PAK2,H89,HL60,-0.4813661907860305
Q13177,PAK2,KD025,HL60,-0.5657272853018579
Q13177,PAK2,NU7441,HL60,-1.196069787166995
Q13177,PAK2,Ripasudil,HL60,-1.0512695851131406
Q13177,PAK2,Vemurafenib,HL60,0.5631012864474091
Q13177,PAK2,CX4945,HL60,0.3262288602857691
Q13177,PAK2,GO6983,HL60,0.3703935651598693
Q13177,PAK2,KN93,HL60,0.7295544824654373
Q13177,PAK2,MK2206,HL60,-0.0015270071129796937
P50750,CDK9,AZD5438,HL60,-3.016374119476329
P50750,CDK9,FRAX486,HL60,-0.15654323207489498
P50750,CDK9,Ku0063794,HL60,0.379795394584581
P50750,CDK9,PD153035,HL60,0.7129897962959348
P50750,CDK9,PF3758309,HL60,-3.1472271448766547
P50750,CDK9,Torin,HL60,0.3690934778524846
P50750,CDK9,Trametinib,HL60,1.0146643022193949
P50750,CDK9,AZD1480,HL60,1.419638850246294
P50750,CDK9,AZD5363,HL60,0.6477527537155165
P50750,CDK9,BX912,HL60,0.7347381875339569
P50750,CDK9,CHIR99021,HL60,1.054554331791595
P50750,CDK9,GSK2334470,HL60,0.5305807762827153
P50750,CDK9,Ipatasertib,HL60,0.5908266250230885
P50750,CDK9,LY2090314,HL60,1.2679195499573352
P50750,CDK9,Tofacitinib,HL60,1.3259419757897384
P50750,CDK9,AZD6482,HL60,-0.5037527611983692
P50750,CDK9,CAL101,HL60,0.24881263031112869
P50750,CDK9,GDC0941,HL60,0.9955701246798309
P50750,CDK9,HS173,HL60,-0.12951619151143132
P50750,CDK9,PIK294,HL60,-0.09784498921881887
P50750,CDK9,TGX221,HL60,0.40778851752370354
P50750,CDK9,AZD8055,HL60,0.5113677461894607
P50750,CDK9,GDC0994,HL60,0.037748422480152595
P50750,CDK9,JNK,HL60,0.5109851343717985
P50750,CDK9,LY2584702,HL60,-0.004148245553637507
P50750,CDK9,PH797804,HL60,0.11108250190281312
P50750,CDK9,Selumetinib,HL60,-0.9161158245785304
P50750,CDK9,U73122,HL60,-1.110802590529175
P50750,CDK9,Ulixertinib,HL60,-1.126756868545016
P50750,CDK9,Amuvatinib,HL60,-1.2934469265468387
P50750,CDK9,AZD3759,HL60,-0.13455398541147148
P50750,CDK9,GSK690693,HL60,-0.6724337441272412
P50750,CDK9,JNJ,HL60,-0.757957816881956
P50750,CDK9,KN62,HL60,-1.5107326551052493
P50750,CDK9,Linsitinib,HL60,-0.057286116990381324
P50750,CDK9,LY2835219,HL60,-1.7963593655552288
P50750,CDK9,Ribociclib,HL60,-2.740158804387273
P50750,CDK9,AC220,HL60,-0.9763867974709706
P50750,CDK9,Edelfosine,HL60,-0.5381900943849961
P50750,CDK9,GF109203X,HL60,1.3361464325402166
P50750,CDK9,Go6976,HL60,0.026966101754182945
P50750,CDK9,PF4708671,HL60,-0.6256393920506118
P50750,CDK9,SP600125,HL60,0.634874632001384
P50750,CDK9,TAK715,HL60,0.3154136063534483
P50750,CDK9,TBCA,HL60,-0.35217748028629037
P50750,CDK9,AT13148,HL60,0.8116679101851363
P50750,CDK9,AZ20,HL60,2.0538740620863227
P50750,CDK9,AZD6738,HL60,1.6265851776883122
P50750,CDK9,Bosutinib,HL60,1.5660363662826808
P50750,CDK9,Dabrafenib,HL60,-0.687248246908022
P50750,CDK9,Dasatinib,HL60,-0.5152435715105222
P50750,CDK9,DNAPK,HL60,1.144014711509729
P50750,CDK9,H89,HL60,1.8278727161362684
P50750,CDK9,KD025,HL60,-0.8955983477702769
P50750,CDK9,NU7441,HL60,0.9840100706725036
P50750,CDK9,Ripasudil,HL60,1.607237355138852
P50750,CDK9,Vemurafenib,HL60,0.6069193320809207
P50750,CDK9,CX4945,HL60,0.5328575042566065
P50750,CDK9,GO6983,HL60,2.8386219299018154
P50750,CDK9,KN93,HL60,0.6797027018070737
P50750,CDK9,MK2206,HL60,2.690580796593703
P49674,CSNK1E,AZD5438,HL60,0.37647722535412304
P49674,CSNK1E,FRAX486,HL60,-0.4662271452406559
P49674,CSNK1E,Ku0063794,HL60,-0.22892826599654464
P49674,CSNK1E,PD153035,HL60,0.5152762935934522
P49674,CSNK1E,PF3758309,HL60,0.7409703554508629
P49674,CSNK1E,Torin,HL60,0.6042448070685486
P49674,CSNK1E,Trametinib,HL60,-0.5571494173678868
P49674,CSNK1E,AZD1480,HL60,0.00020057866026700074
P49674,CSNK1E,AZD5363,HL60,0.7997015325676627
P49674,CSNK1E,BX912,HL60,1.356784943263102
P49674,CSNK1E,CHIR99021,HL60,-1.4473290055969705
P49674,CSNK1E,GSK2334470,HL60,1.5476596104339189
P49674,CSNK1E,Ipatasertib,HL60,0.4972700405218404
P49674,CSNK1E,LY2090314,HL60,-0.10778804627226754
P49674,CSNK1E,Tofacitinib,HL60,1.3177652717796664
P49674,CSNK1E,AZD6482,HL60,-3.8907116923116845
P49674,CSNK1E,CAL101,HL60,-2.5597426893865136
P49674,CSNK1E,GDC0941,HL60,-1.14553232220728
P49674,CSNK1E,HS173,HL60,0.4959673415694729
P49674,CSNK1E,PIK294,HL60,-1.9147505055366953
P49674,CSNK1E,TGX221,HL60,-2.5648593556268597
P49674,CSNK1E,AZD8055,HL60,-1.947355141759127
P49674,CSNK1E,GDC0994,HL60,0.19959229999348593
P49674,CSNK1E,JNK,HL60,-1.5546188172428357
P49674,CSNK1E,LY2584702,HL60,0.0839913089102651
P49674,CSNK1E,PH797804,HL60,-2.0271407406448803
P49674,CSNK1E,Selumetinib,HL60,-2.49330524313857
P49674,CSNK1E,U73122,HL60,-0.27518436073875235
P49674,CSNK1E,Ulixertinib,HL60,-1.6651913316476443
P49674,CSNK1E,Amuvatinib,HL60,2.8220668696516147
P49674,CSNK1E,AZD3759,HL60,0.2773126178051474
P49674,CSNK1E,GSK690693,HL60,2.9307428424713784
P49674,CSNK1E,JNJ,HL60,0.5411906661218938
P49674,CSNK1E,KN62,HL60,0.5454450704681651
P49674,CSNK1E,Linsitinib,HL60,0.8398185174589626
P49674,CSNK1E,LY2835219,HL60,1.3000069642163068
P49674,CSNK1E,Ribociclib,HL60,0.3021505351670106
P49674,CSNK1E,AC220,HL60,-3.8922664973280208
P49674,CSNK1E,Edelfosine,HL60,-2.4656812718486636
P49674,CSNK1E,GF109203X,HL60,-2.2028958943095542
P49674,CSNK1E,Go6976,HL60,-0.5256676961099989
P49674,CSNK1E,PF4708671,HL60,-0.7448280279452187
P49674,CSNK1E,SP600125,HL60,-2.0554218346371003
P49674,CSNK1E,TAK715,HL60,-2.2014668196931533
P49674,CSNK1E,TBCA,HL60,-0.3945154504441438
P49674,CSNK1E,AT13148,HL60,1.2522009749677199
P49674,CSNK1E,AZ20,HL60,0.049888546197724114
P49674,CSNK1E,AZD6738,HL60,0.2423379434001039
P49674,CSNK1E,Bosutinib,HL60,-1.94342281221345
P49674,CSNK1E,Dabrafenib,HL60,0.16125389854162753
P49674,CSNK1E,Dasatinib,HL60,-1.6792296357804855
P49674,CSNK1E,DNAPK,HL60,-1.2936366794283467
P49674,CSNK1E,H89,HL60,-2.2532836797264757
P49674,CSNK1E,KD025,HL60,0.7677940192509889
P49674,CSNK1E,NU7441,HL60,0.7437545470850369
P49674,CSNK1E,Ripasudil,HL60,1.441311871951433
P49674,CSNK1E,Vemurafenib,HL60,-1.6556614058177155
P49674,CSNK1E,CX4945,HL60,1.226188744277774
P49674,CSNK1E,GO6983,HL60,1.3527468459516918
P49674,CSNK1E,KN93,HL60,0.8464829369872681
P49674,CSNK1E,MK2206,HL60,1.3198957180125963
Q13418,ILK,AZD5438,HL60,0.9122287656062947
Q13418,ILK,FRAX486,HL60,-1.1283870155962135
Q13418,ILK,Ku0063794,HL60,-1.1208665425476407
Q13418,ILK,PD153035,HL60,0.10352731507675075
Q13418,ILK,PF3758309,HL60,-0.04795539819604228
Q13418,ILK,Torin,HL60,-0.6635493169142808
Q13418,ILK,Trametinib,HL60,0.06830472194903868
Q13418,ILK,AZD1480,HL60,-1.2834636635738323
Q13418,ILK,AZD5363,HL60,0.23467188471076583
Q13418,ILK,BX912,HL60,0.18107565665996808
Q13418,ILK,CHIR99021,HL60,0.3661037372415291
Q13418,ILK,GSK2334470,HL60,-0.22121886619582773
Q13418,ILK,Ipatasertib,HL60,1.4193589021475004
Q13418,ILK,LY2090314,HL60,0.6238064814514044
Q13418,ILK,Tofacitinib,HL60,0.03624434424196659
Q13418,ILK,AZD6482,HL60,0.9377442025763693
Q13418,ILK,CAL101,HL60,0.10366357499630056
Q13418,ILK,GDC0941,HL60,0.1219523206296694
Q13418,ILK,HS173,HL60,-0.19889337569459986
Q13418,ILK,PIK294,HL60,1.5903031233031488
Q13418,ILK,TGX221,HL60,-0.04760666680383009
Q13418,ILK,AZD8055,HL60,0.82858261670338
Q13418,ILK,GDC0994,HL60,-0.05800510980318123
Q13418,ILK,JNK,HL60,0.567004091369721
Q13418,ILK,LY2584702,HL60,-0.23814224344362003
Q13418,ILK,PH797804,HL60,0.08767626952175334
Q13418,ILK,Selumetinib,HL60,-0.06303821180599903
Q13418,ILK,U73122,HL60,-0.7826840778447643
Q13418,ILK,Ulixertinib,HL60,1.0367500835645043
Q13418,ILK,Amuvatinib,HL60,1.712873813153684
Q13418,ILK,AZD3759,HL60,1.560698802578264
Q13418,ILK,GSK690693,HL60,2.5706399200955405
Q13418,ILK,JNJ,HL60,1.63322759605843
Q13418,ILK,KN62,HL60,0.637536273439705
Q13418,ILK,Linsitinib,HL60,-0.3349365041717451
Q13418,ILK,LY2835219,HL60,0.5983093490020011
Q13418,ILK,Ribociclib,HL60,1.4348762072805588
Q13418,ILK,AC220,HL60,-0.3171688755715532
Q13418,ILK,Edelfosine,HL60,0.9373735328098911
Q13418,ILK,GF109203X,HL60,-0.5171576676330871
Q13418,ILK,Go6976,HL60,0.24546487673849549
Q13418,ILK,PF4708671,HL60,-0.7123751990852251
Q13418,ILK,SP600125,HL60,-1.1042791055764143
Q13418,ILK,TAK715,HL60,0.903441895283247
Q13418,ILK,TBCA,HL60,0.2742717115532599
Q13418,ILK,AT13148,HL60,-3.001337487526502
Q13418,ILK,AZ20,HL60,-0.78496913409875
Q13418,ILK,AZD6738,HL60,-0.4335199599047977
Q13418,ILK,Bosutinib,HL60,-0.4836476000191571
Q13418,ILK,Dabrafenib,HL60,-0.3745409358245534
Q13418,ILK,Dasatinib,HL60,-0.34939282481452794
Q13418,ILK,DNAPK,HL60,-0.056519076441881415
Q13418,ILK,H89,HL60,-0.18090576590338406
Q13418,ILK,KD025,HL60,-0.3368953329830776
Q13418,ILK,NU7441,HL60,-1.1953203204363723
Q13418,ILK,Ripasudil,HL60,-1.0182887574505322
Q13418,ILK,Vemurafenib,HL60,-1.6688735350184045
Q13418,ILK,CX4945,HL60,0.3189838729082813
Q13418,ILK,GO6983,HL60,0.06039692395737277
Q13418,ILK,KN93,HL60,-0.3452818227448
Q13418,ILK,MK2206,HL60,-0.7786655082219084
Q96QT4,TRPM7,AZD5438,HL60,0.07353199730990895
Q96QT4,TRPM7,FRAX486,HL60,0.4479439079708443
Q96QT4,TRPM7,Ku0063794,HL60,0.4910032860317251
Q96QT4,TRPM7,PD153035,HL60,0.023342067119332958
Q96QT4,TRPM7,PF3758309,HL60,-0.8798461037671682
Q96QT4,TRPM7,Torin,HL60,0.3477867268462655
Q96QT4,TRPM7,Trametinib,HL60,1.6561657344778056
Q96QT4,TRPM7,AZD1480,HL60,-0.49770664553809785
Q96QT4,TRPM7,AZD5363,HL60,0.03133492997631424
Q96QT4,TRPM7,BX912,HL60,0.2982653646053936
Q96QT4,TRPM7,CHIR99021,HL60,-0.839824056636806
Q96QT4,TRPM7,GSK2334470,HL60,-0.6967511004284125
Q96QT4,TRPM7,Ipatasertib,HL60,0.22049198072332526
Q96QT4,TRPM7,LY2090314,HL60,-0.894925598836321
Q96QT4,TRPM7,Tofacitinib,HL60,-2.420429093964682
Q96QT4,TRPM7,AZD6482,HL60,-1.5849223371899568
Q96QT4,TRPM7,CAL101,HL60,-0.34272859568052605
Q96QT4,TRPM7,GDC0941,HL60,-0.9439748249571315
Q96QT4,TRPM7,HS173,HL60,-2.25444022446599
Q96QT4,TRPM7,PIK294,HL60,-0.1760287710397899
Q96QT4,TRPM7,TGX221,HL60,-1.5276500343324642
Q96QT4,TRPM7,AZD8055,HL60,-0.7203483712551548
Q96QT4,TRPM7,GDC0994,HL60,0.1476990001802331
Q96QT4,TRPM7,JNK,HL60,-0.4031658520373744
Q96QT4,TRPM7,LY2584702,HL60,-0.2018719266011539
Q96QT4,TRPM7,PH797804,HL60,-0.12761477617638897
Q96QT4,TRPM7,Selumetinib,HL60,0.07759245208955612
Q96QT4,TRPM7,U73122,HL60,-1.2629897284022127
Q96QT4,TRPM7,Ulixertinib,HL60,-0.22137823695176187
Q96QT4,TRPM7,Amuvatinib,HL60,0.665138988793523
Q96QT4,TRPM7,AZD3759,HL60,0.42661111590612716
Q96QT4,TRPM7,GSK690693,HL60,1.176794744180179
Q96QT4,TRPM7,JNJ,HL60,1.18621841533642
Q96QT4,TRPM7,KN62,HL60,0.48940507275765416
Q96QT4,TRPM7,Linsitinib,HL60,0.9767371959716484
Q96QT4,TRPM7,LY2835219,HL60,1.1197027488351137
Q96QT4,TRPM7,Ribociclib,HL60,1.1678929957894657
Q96QT4,TRPM7,AC220,HL60,0.6858076320558707
Q96QT4,TRPM7,Edelfosine,HL60,-0.23431574669948949
Q96QT4,TRPM7,GF109203X,HL60,0.42830492321246444
Q96QT4,TRPM7,Go6976,HL60,0.2418123839290831
Q96QT4,TRPM7,PF4708671,HL60,0.666571659152027
Q96QT4,TRPM7,SP600125,HL60,-0.06026548688027517
Q96QT4,TRPM7,TAK715,HL60,-0.0051166872399908275
Q96QT4,TRPM7,TBCA,HL60,0.759893883963826
Q96QT4,TRPM7,AT13148,HL60,1.5063803177103503
Q96QT4,TRPM7,AZ20,HL60,0.8605039119414533
Q96QT4,TRPM7,AZD6738,HL60,1.1181174389577464
Q96QT4,TRPM7,Bosutinib,HL60,0.6369033439602692
Q96QT4,TRPM7,Dabrafenib,HL60,-0.9930164118882103
Q96QT4,TRPM7,Dasatinib,HL60,0.7010191838318746
Q96QT4,TRPM7,DNAPK,HL60,0.3428934133120413
Q96QT4,TRPM7,H89,HL60,1.0952723829422373
Q96QT4,TRPM7,KD025,HL60,-0.883090666484556
Q96QT4,TRPM7,NU7441,HL60,0.8441460465776733
Q96QT4,TRPM7,Ripasudil,HL60,0.3181098018708952
Q96QT4,TRPM7,Vemurafenib,HL60,1.3170227143052713
Q96QT4,TRPM7,CX4945,HL60,-1.3111816991896723
Q96QT4,TRPM7,GO6983,HL60,-1.2739308455218952
Q96QT4,TRPM7,KN93,HL60,-0.23343014112865343
Q96QT4,TRPM7,MK2206,HL60,-0.3046223022012229
P37173,TGFBR2,AZD5438,HL60,
P37173,TGFBR2,FRAX486,HL60,
P37173,TGFBR2,Ku0063794,HL60,
P37173,TGFBR2,PD153035,HL60,
P37173,TGFBR2,PF3758309,HL60,
P37173,TGFBR2,Torin,HL60,
P37173,TGFBR2,Trametinib,HL60,
P37173,TGFBR2,AZD1480,HL60,
P37173,TGFBR2,AZD5363,HL60,
P37173,TGFBR2,BX912,HL60,
P37173,TGFBR2,CHIR99021,HL60,
P37173,TGFBR2,GSK2334470,HL60,
P37173,TGFBR2,Ipatasertib,HL60,
P37173,TGFBR2,LY2090314,HL60,
P37173,TGFBR2,Tofacitinib,HL60,
P37173,TGFBR2,AZD6482,HL60,
P37173,TGFBR2,CAL101,HL60,
P37173,TGFBR2,GDC0941,HL60,
P37173,TGFBR2,HS173,HL60,
P37173,TGFBR2,PIK294,HL60,
P37173,TGFBR2,TGX221,HL60,
P37173,TGFBR2,AZD8055,HL60,
P37173,TGFBR2,GDC0994,HL60,
P37173,TGFBR2,JNK,HL60,
P37173,TGFBR2,LY2584702,HL60,
P37173,TGFBR2,PH797804,HL60,
P37173,TGFBR2,Selumetinib,HL60,
P37173,TGFBR2,U73122,HL60,
P37173,TGFBR2,Ulixertinib,HL60,
P37173,TGFBR2,Amuvatinib,HL60,
P37173,TGFBR2,AZD3759,HL60,
P37173,TGFBR2,GSK690693,HL60,
P37173,TGFBR2,JNJ,HL60,
P37173,TGFBR2,KN62,HL60,
P37173,TGFBR2,Linsitinib,HL60,
P37173,TGFBR2,LY2835219,HL60,
P37173,TGFBR2,Ribociclib,HL60,
P37173,TGFBR2,AC220,HL60,
P37173,TGFBR2,Edelfosine,HL60,
P37173,TGFBR2,GF109203X,HL60,
P37173,TGFBR2,Go6976,HL60,
P37173,TGFBR2,PF4708671,HL60,
P37173,TGFBR2,SP600125,HL60,
P37173,TGFBR2,TAK715,HL60,
P37173,TGFBR2,TBCA,HL60,
P37173,TGFBR2,AT13148,HL60,
P37173,TGFBR2,AZ20,HL60,
P37173,TGFBR2,AZD6738,HL60,
P37173,TGFBR2,Bosutinib,HL60,
P37173,TGFBR2,Dabrafenib,HL60,
P37173,TGFBR2,Dasatinib,HL60,
P37173,TGFBR2,DNAPK,HL60,
P37173,TGFBR2,H89,HL60,
P37173,TGFBR2,KD025,HL60,
P37173,TGFBR2,NU7441,HL60,
P37173,TGFBR2,Ripasudil,HL60,
P37173,TGFBR2,Vemurafenib,HL60,
P37173,TGFBR2,CX4945,HL60,
P37173,TGFBR2,GO6983,HL60,
P37173,TGFBR2,KN93,HL60,
P37173,TGFBR2,MK2206,HL60,
Q9Y463,DYRK1B,AZD5438,HL60,-0.5494971274561679
Q9Y463,DYRK1B,FRAX486,HL60,1.4391136099628918
Q9Y463,DYRK1B,Ku0063794,HL60,0.15559458779056617
Q9Y463,DYRK1B,PD153035,HL60,-0.1623540604270819
Q9Y463,DYRK1B,PF3758309,HL60,0.29595918519996334
Q9Y463,DYRK1B,Torin,HL60,0.23749992748400767
Q9Y463,DYRK1B,Trametinib,HL60,-1.3148041981235472
Q9Y463,DYRK1B,AZD1480,HL60,0.28719781701033503
Q9Y463,DYRK1B,AZD5363,HL60,2.143755046533664
Q9Y463,DYRK1B,BX912,HL60,1.4727631191578288
Q9Y463,DYRK1B,CHIR99021,HL60,0.06487169561797455
Q9Y463,DYRK1B,GSK2334470,HL60,2.244617322211603
Q9Y463,DYRK1B,Ipatasertib,HL60,-0.32217463977547706
Q9Y463,DYRK1B,LY2090314,HL60,1.146642050547887
Q9Y463,DYRK1B,Tofacitinib,HL60,0.21841113276519863
Q9Y463,DYRK1B,AZD6482,HL60,0.09859570157744336
Q9Y463,DYRK1B,CAL101,HL60,-0.07099064243819216
Q9Y463,DYRK1B,GDC0941,HL60,0.011782615403346781
Q9Y463,DYRK1B,HS173,HL60,-0.060870354517443444
Q9Y463,DYRK1B,PIK294,HL60,0.47731722138408034
Q9Y463,DYRK1B,TGX221,HL60,0.5769044631355068
Q9Y463,DYRK1B,AZD8055,HL60,-0.4028266820346994
Q9Y463,DYRK1B,GDC0994,HL60,0.5467534431330273
Q9Y463,DYRK1B,JNK,HL60,-0.22983081491803223
Q9Y463,DYRK1B,LY2584702,HL60,0.6060987138080494
Q9Y463,DYRK1B,PH797804,HL60,0.26844510983304054
Q9Y463,DYRK1B,Selumetinib,HL60,-0.8469171265068755
Q9Y463,DYRK1B,U73122,HL60,-1.1488191305116386
Q9Y463,DYRK1B,Ulixertinib,HL60,0.749005629663302
Q9Y463,DYRK1B,Amuvatinib,HL60,1.4253479714633719
Q9Y463,DYRK1B,AZD3759,HL60,1.3977220219158109
Q9Y463,DYRK1B,GSK690693,HL60,0.7676929431951597
Q9Y463,DYRK1B,JNJ,HL60,1.0788678802879466
Q9Y463,DYRK1B,KN62,HL60,1.882680599716307
Q9Y463,DYRK1B,Linsitinib,HL60,0.8408560664730493
Q9Y463,DYRK1B,LY2835219,HL60,2.117566146987659
Q9Y463,DYRK1B,Ribociclib,HL60,1.9333342881032907
Q9Y463,DYRK1B,AC220,HL60,1.4709998352886329
Q9Y463,DYRK1B,Edelfosine,HL60,0.19368317390007922
Q9Y463,DYRK1B,GF109203X,HL60,0.5046100690607876
Q9Y463,DYRK1B,Go6976,HL60,0.7556876533537973
Q9Y463,DYRK1B,PF4708671,HL60,0.8409417829856095
Q9Y463,DYRK1B,SP600125,HL60,-0.576649794517728
Q9Y463,DYRK1B,TAK715,HL60,1.8676528385407767
Q9Y463,DYRK1B,TBCA,HL60,1.048904052096777
Q9Y463,DYRK1B,AT13148,HL60,0.45533323354074284
Q9Y463,DYRK1B,AZ20,HL60,0.703235783816622
Q9Y463,DYRK1B,AZD6738,HL60,0.873369646254691
Q9Y463,DYRK1B,Bosutinib,HL60,1.9842788841434527
Q9Y463,DYRK1B,Dabrafenib,HL60,0.477081554864243
Q9Y463,DYRK1B,Dasatinib,HL60,1.629312905385854
Q9Y463,DYRK1B,DNAPK,HL60,-0.052002711546989384
Q9Y463,DYRK1B,H89,HL60,2.215466017255016
Q9Y463,DYRK1B,KD025,HL60,0.9866603452327508
Q9Y463,DYRK1B,NU7441,HL60,0.4477742268801954
Q9Y463,DYRK1B,Ripasudil,HL60,0.444802643142178
Q9Y463,DYRK1B,Vemurafenib,HL60,-0.5105470338154965
Q9Y463,DYRK1B,CX4945,HL60,0.8515090235653024
Q9Y463,DYRK1B,GO6983,HL60,1.1613996334418288
Q9Y463,DYRK1B,KN93,HL60,0.7069935225864908
Q9Y463,DYRK1B,MK2206,HL60,0.4228120948594759
P51617,IRAK1,AZD5438,HL60,-0.8970472330343786
P51617,IRAK1,FRAX486,HL60,1.7763294526272975
P51617,IRAK1,Ku0063794,HL60,-0.7854116276071335
P51617,IRAK1,PD153035,HL60,0.5517461765242119
P51617,IRAK1,PF3758309,HL60,1.1189451502032486
P51617,IRAK1,Torin,HL60,-2.1755123672596106
P51617,IRAK1,Trametinib,HL60,-0.9246473517619933
P51617,IRAK1,AZD1480,HL60,-2.4230387601944985
P51617,IRAK1,AZD5363,HL60,-0.3725970924433063
P51617,IRAK1,BX912,HL60,-0.38193673121860033
P51617,IRAK1,CHIR99021,HL60,-0.0966768945288196
P51617,IRAK1,GSK2334470,HL60,-1.64007322090591
P51617,IRAK1,Ipatasertib,HL60,-0.5174190153029709
P51617,IRAK1,LY2090314,HL60,-0.42069221079517227
P51617,IRAK1,Tofacitinib,HL60,-1.2602366090437473
P51617,IRAK1,AZD6482,HL60,1.1482498110107748
P51617,IRAK1,CAL101,HL60,0.1195003453742426
P51617,IRAK1,GDC0941,HL60,0.5275464958930899
P51617,IRAK1,HS173,HL60,0.6924306082606847
P51617,IRAK1,PIK294,HL60,1.4036941430386563
P51617,IRAK1,TGX221,HL60,1.854827388529798
P51617,IRAK1,AZD8055,HL60,-1.2986247716559411
P51617,IRAK1,GDC0994,HL60,1.59666179741888
P51617,IRAK1,JNK,HL60,-0.8442022131371588
P51617,IRAK1,LY2584702,HL60,2.5666881844782337
P51617,IRAK1,PH797804,HL60,-1.325366097259105
P51617,IRAK1,Selumetinib,HL60,0.8085516696707561
P51617,IRAK1,U73122,HL60,-0.6345740074525618
P51617,IRAK1,Ulixertinib,HL60,-2.6408839888965723
P51617,IRAK1,Amuvatinib,HL60,0.2745331350737159
P51617,IRAK1,AZD3759,HL60,0.48161423410802284
P51617,IRAK1,GSK690693,HL60,-0.050315539823923186
P51617,IRAK1,JNJ,HL60,0.3803548043973018
P51617,IRAK1,KN62,HL60,-0.2527626225740987
P51617,IRAK1,Linsitinib,HL60,0.24656589508663923
P51617,IRAK1,LY2835219,HL60,-0.603691727135637
P51617,IRAK1,Ribociclib,HL60,-0.7472774317096315
P51617,IRAK1,AC220,HL60,0.207419525669025
P51617,IRAK1,Edelfosine,HL60,-0.273228875472147
P51617,IRAK1,GF109203X,HL60,-0.299122992637589
P51617,IRAK1,Go6976,HL60,-1.3411463188785506
P51617,IRAK1,PF4708671,HL60,0.540407251228981
P51617,IRAK1,SP600125,HL60,-0.6501716255409348
P51617,IRAK1,TAK715,HL60,-0.08312802179854743
P51617,IRAK1,TBCA,HL60,-0.633145173904932
P51617,IRAK1,AT13148,HL60,1.0849873570715551
P51617,IRAK1,AZ20,HL60,2.050984424832182
P51617,IRAK1,AZD6738,HL60,1.0430318639860556
P51617,IRAK1,Bosutinib,HL60,2.164954902928836
P51617,IRAK1,Dabrafenib,HL60,0.7928525355284395
P51617,IRAK1,Dasatinib,HL60,1.7432674664196603
P51617,IRAK1,DNAPK,HL60,2.1906968737422625
P51617,IRAK1,H89,HL60,2.2064144947339144
P51617,IRAK1,KD025,HL60,0.6470587131323499
P51617,IRAK1,NU7441,HL60,1.3402970287659057
P51617,IRAK1,Ripasudil,HL60,0.8191143375629786
P51617,IRAK1,Vemurafenib,HL60,1.0596847526888142
P51617,IRAK1,CX4945,HL60,0.25038041758625
P51617,IRAK1,GO6983,HL60,0.5806599996752498
P51617,IRAK1,KN93,HL60,0.9478619048732969
P51617,IRAK1,MK2206,HL60,0.6539286225699729
Q06187,BTK,AZD5438,HL60,-0.10522160500370291
Q06187,BTK,FRAX486,HL60,-0.8960362134505256
Q06187,BTK,Ku0063794,HL60,0.28010963139737505
Q06187,BTK,PD153035,HL60,-1.0918675918091645
Q06187,BTK,PF3758309,HL60,-0.20109027505553828
Q06187,BTK,Torin,HL60,-0.15237227468693185
Q06187,BTK,Trametinib,HL60,-0.11948263280095123
Q06187,BTK,AZD1480,HL60,3.0572404480177533
Q06187,BTK,AZD5363,HL60,3.116582978878132
Q06187,BTK,BX912,HL60,3.033094189437363
Q06187,BTK,CHIR99021,HL60,1.5692916127907974
Q06187,BTK,GSK2334470,HL60,2.578370688296534
Q06187,BTK,Ipatasertib,HL60,3.690468717778995
Q06187,BTK,LY2090314,HL60,2.634241846697877
Q06187,BTK,Tofacitinib,HL60,2.740886948260533
Q06187,BTK,AZD6482,HL60,1.573321398730107
Q06187,BTK,CAL101,HL60,1.2079445888555362
Q06187,BTK,GDC0941,HL60,1.4234322030989148
Q06187,BTK,HS173,HL60,0.12048136435592699
Q06187,BTK,PIK294,HL60,1.051482505140327
Q06187,BTK,TGX221,HL60,0.8964305001699189
Q06187,BTK,AZD8055,HL60,2.5620317882874053
Q06187,BTK,GDC0994,HL60,2.596524355679444
Q06187,BTK,JNK,HL60,2.03352146236036
Q06187,BTK,LY2584702,HL60,2.3707317590532355
Q06187,BTK,PH797804,HL60,0.019348539746229073
Q06187,BTK,Selumetinib,HL60,-0.7322660095249547
Q06187,BTK,U73122,HL60,0.0262098318604366
Q06187,BTK,Ulixertinib,HL60,0.4646048394470759
Q06187,BTK,Amuvatinib,HL60,-0.3656501137231678
Q06187,BTK,AZD3759,HL60,-1.3950743144304367
Q06187,BTK,GSK690693,HL60,-1.1681212560495575
Q06187,BTK,JNJ,HL60,-1.067877886941409
Q06187,BTK,KN62,HL60,-1.0193045721895602
Q06187,BTK,Linsitinib,HL60,-0.4249757416115504
Q06187,BTK,LY2835219,HL60,-1.043281843688417
Q06187,BTK,Ribociclib,HL60,-1.9416998690322163
Q06187,BTK,AC220,HL60,0.2241951797045536
Q06187,BTK,Edelfosine,HL60,-0.2565511064468651
Q06187,BTK,GF109203X,HL60,-0.9656295088941289
Q06187,BTK,Go6976,HL60,-0.6402555484186466
Q06187,BTK,PF4708671,HL60,-0.634053895458344
Q06187,BTK,SP600125,HL60,-0.36791512260065945
Q06187,BTK,TAK715,HL60,-2.7735682755884405
Q06187,BTK,TBCA,HL60,-1.4840996451688229
Q06187,BTK,AT13148,HL60,0.39356780663624036
Q06187,BTK,AZ20,HL60,0.44235693518497265
Q06187,BTK,AZD6738,HL60,0.26461072482280745
Q06187,BTK,Bosutinib,HL60,0.530437751944154
Q06187,BTK,Dabrafenib,HL60,0.8868720721489403
Q06187,BTK,Dasatinib,HL60,0.1643451540953795
Q06187,BTK,DNAPK,HL60,0.8830934463968503
Q06187,BTK,H89,HL60,0.9350360185997054
Q06187,BTK,KD025,HL60,1.556551041612991
Q06187,BTK,NU7441,HL60,1.0517755029701095
Q06187,BTK,Ripasudil,HL60,0.1844268651613904
Q06187,BTK,Vemurafenib,HL60,1.3710497006881304
Q06187,BTK,CX4945,HL60,0.2382081760639525
Q06187,BTK,GO6983,HL60,0.7433948294125031
Q06187,BTK,KN93,HL60,-0.6900094218497987
Q06187,BTK,MK2206,HL60,0.584293916207123
O14733,MAP2K7,AZD5438,HL60,-0.18031483061995948
O14733,MAP2K7,FRAX486,HL60,-1.44343092932509
O14733,MAP2K7,Ku0063794,HL60,-0.3228572701800763
O14733,MAP2K7,PD153035,HL60,-3.2899501295584015
O14733,MAP2K7,PF3758309,HL60,0.2456217607034755
O14733,MAP2K7,Torin,HL60,-0.019845034963173292
O14733,MAP2K7,Trametinib,HL60,-0.2094856292381261
O14733,MAP2K7,AZD1480,HL60,1.3290766854171439
O14733,MAP2K7,AZD5363,HL60,0.870285216020755
O14733,MAP2K7,BX912,HL60,1.4010955148194275
O14733,MAP2K7,CHIR99021,HL60,1.3981479280007507
O14733,MAP2K7,GSK2334470,HL60,1.4967340798989275
O14733,MAP2K7,Ipatasertib,HL60,1.8201612894713979
O14733,MAP2K7,LY2090314,HL60,1.204083520329884
O14733,MAP2K7,Tofacitinib,HL60,0.2721556936947731
O14733,MAP2K7,AZD6482,HL60,2.3603211097591426
O14733,MAP2K7,CAL101,HL60,3.6764275601685923
O14733,MAP2K7,GDC0941,HL60,-0.4327726907088725
O14733,MAP2K7,HS173,HL60,0.7439304303802161
O14733,MAP2K7,PIK294,HL60,3.087678764696189
O14733,MAP2K7,TGX221,HL60,-0.3610434788991387
O14733,MAP2K7,AZD8055,HL60,0.3570367969188144
O14733,MAP2K7,GDC0994,HL60,0.47411458310814225
O14733,MAP2K7,JNK,HL60,0.8577538521962951
O14733,MAP2K7,LY2584702,HL60,1.803790839931131
O14733,MAP2K7,PH797804,HL60,1.1208962893125403
O14733,MAP2K7,Selumetinib,HL60,1.480268206091662
O14733,MAP2K7,U73122,HL60,-0.7382084746602957
O14733,MAP2K7,Ulixertinib,HL60,2.13054367848211
O14733,MAP2K7,Amuvatinib,HL60,-0.6401635299675649
O14733,MAP2K7,AZD3759,HL60,-0.6760129281572703
O14733,MAP2K7,GSK690693,HL60,-2.9729938818605604
O14733,MAP2K7,JNJ,HL60,-0.5385331079604078
O14733,MAP2K7,KN62,HL60,-0.8150304097990161
O14733,MAP2K7,Linsitinib,HL60,-4.409826706328911
O14733,MAP2K7,LY2835219,HL60,-0.8441414098747425
O14733,MAP2K7,Ribociclib,HL60,-0.2971054636177115
O14733,MAP2K7,AC220,HL60,-0.9674574806729667
O14733,MAP2K7,Edelfosine,HL60,-1.5849878793473338
O14733,MAP2K7,GF109203X,HL60,-0.6506952648233983
O14733,MAP2K7,Go6976,HL60,-1.699241178359624
O14733,MAP2K7,PF4708671,HL60,-4.0263073960492894
O14733,MAP2K7,SP600125,HL60,-0.48517481296351256
O14733,MAP2K7,TAK715,HL60,-3.8775771713379834
O14733,MAP2K7,TBCA,HL60,-2.762892968296196
O14733,MAP2K7,AT13148,HL60,0.25900204742399313
O14733,MAP2K7,AZ20,HL60,0.1760465558416944
O14733,MAP2K7,AZD6738,HL60,-0.3932568161582734
O14733,MAP2K7,Bosutinib,HL60,0.35972553385652917
O14733,MAP2K7,Dabrafenib,HL60,-0.29437128037924737
O14733,MAP2K7,Dasatinib,HL60,-0.49961439548800834
O14733,MAP2K7,DNAPK,HL60,0.529084605596788
O14733,MAP2K7,H89,HL60,0.8976190319656185
O14733,MAP2K7,KD025,HL60,-1.302692773457239
O14733,MAP2K7,NU7441,HL60,-0.6496161117894005
O14733,MAP2K7,Ripasudil,HL60,-0.22788029361481135
O14733,MAP2K7,Vemurafenib,HL60,0.4188899901255519
O14733,MAP2K7,CX4945,HL60,-2.5691420877855986
O14733,MAP2K7,GO6983,HL60,-2.7496478873957213
O14733,MAP2K7,KN93,HL60,-0.06122378922244568
O14733,MAP2K7,MK2206,HL60,-0.22799338896203444
Q13627,DYRK1A,AZD5438,HL60,-1.1763461263153452
Q13627,DYRK1A,FRAX486,HL60,0.7482560535513103
Q13627,DYRK1A,Ku0063794,HL60,0.5433876088822939
Q13627,DYRK1A,PD153035,HL60,-0.8360101392209266
Q13627,DYRK1A,PF3758309,HL60,-0.6881485199803599
Q13627,DYRK1A,Torin,HL60,0.40463641498915187
Q13627,DYRK1A,Trametinib,HL60,0.32370579560960633
Q13627,DYRK1A,AZD1480,HL60,1.8415453955686334
Q13627,DYRK1A,AZD5363,HL60,2.1575038572083503
Q13627,DYRK1A,BX912,HL60,1.3060131070063508
Q13627,DYRK1A,CHIR99021,HL60,-0.6448708619302358
Q13627,DYRK1A,GSK2334470,HL60,0.9145932805924601
Q13627,DYRK1A,Ipatasertib,HL60,1.0408955741069352
Q13627,DYRK1A,LY2090314,HL60,-0.5713603631785306
Q13627,DYRK1A,Tofacitinib,HL60,1.096118276942927
Q13627,DYRK1A,AZD6482,HL60,0.07978144724489128
Q13627,DYRK1A,CAL101,HL60,1.5744274762166846
Q13627,DYRK1A,GDC0941,HL60,0.19583157284915406
Q13627,DYRK1A,HS173,HL60,0.13793667394098924
Q13627,DYRK1A,PIK294,HL60,1.7742235371664932
Q13627,DYRK1A,TGX221,HL60,1.1810041150184414
Q13627,DYRK1A,AZD8055,HL60,-0.896042888628993
Q13627,DYRK1A,GDC0994,HL60,0.09744591045955255
Q13627,DYRK1A,JNK,HL60,-0.9162166396780151
Q13627,DYRK1A,LY2584702,HL60,-0.07362115550236077
Q13627,DYRK1A,PH797804,HL60,0.1787017288720617
Q13627,DYRK1A,Selumetinib,HL60,0.5330859936253544
Q13627,DYRK1A,U73122,HL60,0.1815166412314931
Q13627,DYRK1A,Ulixertinib,HL60,-2.2268693336468877
Q13627,DYRK1A,Amuvatinib,HL60,0.5006868398263564
Q13627,DYRK1A,AZD3759,HL60,0.09651960988088826
Q13627,DYRK1A,GSK690693,HL60,0.4879300955620108
Q13627,DYRK1A,JNJ,HL60,0.9169916625436276
Q13627,DYRK1A,KN62,HL60,0.06741716819826196
Q13627,DYRK1A,Linsitinib,HL60,0.11882034150597154
Q13627,DYRK1A,LY2835219,HL60,-0.7816730290838461
Q13627,DYRK1A,Ribociclib,HL60,0.6777963785632671
Q13627,DYRK1A,AC220,HL60,1.594703077943945
Q13627,DYRK1A,Edelfosine,HL60,0.3711048849789989
Q13627,DYRK1A,GF109203X,HL60,0.9771352574266351
Q13627,DYRK1A,Go6976,HL60,-0.08238292188188015
Q13627,DYRK1A,PF4708671,HL60,2.318948987845226
Q13627,DYRK1A,SP600125,HL60,0.20585401577900397
Q13627,DYRK1A,TAK715,HL60,-0.43404992782754886
Q13627,DYRK1A,TBCA,HL60,0.5418219889056608
Q13627,DYRK1A,AT13148,HL60,0.33474017000942413
Q13627,DYRK1A,AZ20,HL60,-1.0704299390602197
Q13627,DYRK1A,AZD6738,HL60,-0.5146913836724122
Q13627,DYRK1A,Bosutinib,HL60,0.7753618941601582
Q13627,DYRK1A,Dabrafenib,HL60,1.6968401470845886
Q13627,DYRK1A,Dasatinib,HL60,2.551653257190476
Q13627,DYRK1A,DNAPK,HL60,1.397474006759009
Q13627,DYRK1A,H89,HL60,-1.1939175397894208
Q13627,DYRK1A,KD025,HL60,-0.12714361092136522
Q13627,DYRK1A,NU7441,HL60,-0.7583980367870876
Q13627,DYRK1A,Ripasudil,HL60,-0.5796554970928264
Q13627,DYRK1A,Vemurafenib,HL60,1.4222755285304096
Q13627,DYRK1A,CX4945,HL60,0.10836036324499052
Q13627,DYRK1A,GO6983,HL60,0.44890527894097926
Q13627,DYRK1A,KN93,HL60,0.5763839365050126
Q13627,DYRK1A,MK2206,HL60,1.0224147467179372
Q2M2I8,AAK1,AZD5438,HL60,0.20197669816970834
Q2M2I8,AAK1,FRAX486,HL60,-0.3686381180316063
Q2M2I8,AAK1,Ku0063794,HL60,-1.579895345320247
Q2M2I8,AAK1,PD153035,HL60,0.09216895826985876
Q2M2I8,AAK1,PF3758309,HL60,-0.14723583019927164
Q2M2I8,AAK1,Torin,HL60,-0.2381426058960501
Q2M2I8,AAK1,Trametinib,HL60,0.08713371117894747
Q2M2I8,AAK1,AZD1480,HL60,-0.3867161900686325
Q2M2I8,AAK1,AZD5363,HL60,0.19393438948431388
Q2M2I8,AAK1,BX912,HL60,-1.0081265044231036
Q2M2I8,AAK1,CHIR99021,HL60,0.4892475873648655
Q2M2I8,AAK1,GSK2334470,HL60,-0.4501602755364129
Q2M2I8,AAK1,Ipatasertib,HL60,-0.2649303211304207
Q2M2I8,AAK1,LY2090314,HL60,-0.4087987796617512
Q2M2I8,AAK1,Tofacitinib,HL60,-0.14942927498884206
Q2M2I8,AAK1,AZD6482,HL60,0.3700558902031545
Q2M2I8,AAK1,CAL101,HL60,-0.16823883539036513
Q2M2I8,AAK1,GDC0941,HL60,-1.4134853586619442
Q2M2I8,AAK1,HS173,HL60,0.14327573283986614
Q2M2I8,AAK1,PIK294,HL60,0.16925096198750844
Q2M2I8,AAK1,TGX221,HL60,-0.4399899169969069
Q2M2I8,AAK1,AZD8055,HL60,1.0052140806627208
Q2M2I8,AAK1,GDC0994,HL60,1.4664603801642029
Q2M2I8,AAK1,JNK,HL60,1.2152879873208746
Q2M2I8,AAK1,LY2584702,HL60,0.7899133795850206
Q2M2I8,AAK1,PH797804,HL60,1.137636403627331
Q2M2I8,AAK1,Selumetinib,HL60,0.7946892157668338
Q2M2I8,AAK1,U73122,HL60,0.8048719600828798
Q2M2I8,AAK1,Ulixertinib,HL60,0.6526263493424868
Q2M2I8,AAK1,Amuvatinib,HL60,0.02675985268395856
Q2M2I8,AAK1,AZD3759,HL60,-0.14120012824923475
Q2M2I8,AAK1,GSK690693,HL60,-0.09363562801983624
Q2M2I8,AAK1,JNJ,HL60,0.10301632304254754
Q2M2I8,AAK1,KN62,HL60,0.04188510210351375
Q2M2I8,AAK1,Linsitinib,HL60,-0.21226528676340295
Q2M2I8,AAK1,LY2835219,HL60,-0.2673503663442845
Q2M2I8,AAK1,Ribociclib,HL60,0.16364921634356744
Q2M2I8,AAK1,AC220,HL60,0.5343541665824459
Q2M2I8,AAK1,Edelfosine,HL60,0.08144109090729751
Q2M2I8,AAK1,GF109203X,HL60,0.752527794715734
Q2M2I8,AAK1,Go6976,HL60,0.4777316084534961
Q2M2I8,AAK1,PF4708671,HL60,0.5829282386426436
Q2M2I8,AAK1,SP600125,HL60,-0.8230526400331085
Q2M2I8,AAK1,TAK715,HL60,-0.06998941469894003
Q2M2I8,AAK1,TBCA,HL60,0.38380309256309736
Q2M2I8,AAK1,AT13148,HL60,0.8266568181473911
Q2M2I8,AAK1,AZ20,HL60,-0.21509877989702117
Q2M2I8,AAK1,AZD6738,HL60,0.19285871253901624
Q2M2I8,AAK1,Bosutinib,HL60,0.8664234127653614
Q2M2I8,AAK1,Dabrafenib,HL60,0.27502951917856
Q2M2I8,AAK1,Dasatinib,HL60,-0.035022519937013906
Q2M2I8,AAK1,DNAPK,HL60,-0.830716011271881
Q2M2I8,AAK1,H89,HL60,0.9824623527282108
Q2M2I8,AAK1,KD025,HL60,0.8026619222443456
Q2M2I8,AAK1,NU7441,HL60,0.4776296414672966
Q2M2I8,AAK1,Ripasudil,HL60,0.9891986424037347
Q2M2I8,AAK1,Vemurafenib,HL60,-1.1030333662815637
Q2M2I8,AAK1,CX4945,HL60,0.471101434240029
Q2M2I8,AAK1,GO6983,HL60,0.24006973967887585
Q2M2I8,AAK1,KN93,HL60,0.2090606695593793
Q2M2I8,AAK1,MK2206,HL60,0.4291997663149397
O94804,STK10,AZD5438,HL60,0.28359964090939055
O94804,STK10,FRAX486,HL60,1.2112482145906813
O94804,STK10,Ku0063794,HL60,-0.5434669648691475
O94804,STK10,PD153035,HL60,0.28703201154739477
O94804,STK10,PF3758309,HL60,-1.0557644423787271
O94804,STK10,Torin,HL60,-0.4959918815954418
O94804,STK10,Trametinib,HL60,1.021413125693079
O94804,STK10,AZD1480,HL60,-0.18732220173852
O94804,STK10,AZD5363,HL60,-0.20689066965286607
O94804,STK10,BX912,HL60,0.10918955750608608
O94804,STK10,CHIR99021,HL60,0.28207493902973024
O94804,STK10,GSK2334470,HL60,-0.19568332402382554
O94804,STK10,Ipatasertib,HL60,0.2530327445859433
O94804,STK10,LY2090314,HL60,1.6704398545830423
O94804,STK10,Tofacitinib,HL60,0.3269610924574461
O94804,STK10,AZD6482,HL60,0.5478048004750913
O94804,STK10,CAL101,HL60,2.5766135684423874
O94804,STK10,GDC0941,HL60,1.2792759177279902
O94804,STK10,HS173,HL60,1.3559098903927587
O94804,STK10,PIK294,HL60,0.6462833736584035
O94804,STK10,TGX221,HL60,1.6466130329092625
O94804,STK10,AZD8055,HL60,-2.4637116804734602
O94804,STK10,GDC0994,HL60,0.5890809680083806
O94804,STK10,JNK,HL60,-0.1609546006878644
O94804,STK10,LY2584702,HL60,1.5081560135799068
O94804,STK10,PH797804,HL60,1.5989602480044598
O94804,STK10,Selumetinib,HL60,-1.0418014130677382
O94804,STK10,U73122,HL60,0.7134384133753895
O94804,STK10,Ulixertinib,HL60,0.23040988456900685
O94804,STK10,Amuvatinib,HL60,-0.3867299279171504
O94804,STK10,AZD3759,HL60,-0.736123518327386
O94804,STK10,GSK690693,HL60,0.49119429187451363
O94804,STK10,JNJ,HL60,0.5381220251344245
O94804,STK10,KN62,HL60,0.15379361654968532
O94804,STK10,Linsitinib,HL60,0.5383425949760164
O94804,STK10,LY2835219,HL60,-0.021151577576813973
O94804,STK10,Ribociclib,HL60,0.07353176435045072
O94804,STK10,AC220,HL60,0.10393419017204976
O94804,STK10,Edelfosine,HL60,0.1644440860974367
O94804,STK10,GF109203X,HL60,-0.41898643133551455
O94804,STK10,Go6976,HL60,0.31975283775282004
O94804,STK10,PF4708671,HL60,0.14713271623473334
O94804,STK10,SP600125,HL60,-0.5228935190377196
O94804,STK10,TAK715,HL60,0.176897984853967
O94804,STK10,TBCA,HL60,-1.1612223747214085
O94804,STK10,AT13148,HL60,0.9137416003164758
O94804,STK10,AZ20,HL60,0.5796450659249428
O94804,STK10,AZD6738,HL60,0.26864439077189883
O94804,STK10,Bosutinib,HL60,0.3160256365106475
O94804,STK10,Dabrafenib,HL60,0.0358539407936181
O94804,STK10,Dasatinib,HL60,0.9089234393416042
O94804,STK10,DNAPK,HL60,0.4947136512869393
O94804,STK10,H89,HL60,1.2340939776709499
O94804,STK10,KD025,HL60,-0.4729422296961582
O94804,STK10,NU7441,HL60,0.3752693514362376
O94804,STK10,Ripasudil,HL60,0.20859352808341172
O94804,STK10,Vemurafenib,HL60,1.101994166111755
O94804,STK10,CX4945,HL60,0.8695969249406771
O94804,STK10,GO6983,HL60,-1.6657804150581184
O94804,STK10,KN93,HL60,0.5935277445718868
O94804,STK10,MK2206,HL60,0.9732954690933362
P04049,RAF1,AZD5438,HL60,0.9253029760171078
P04049,RAF1,FRAX486,HL60,6.083408504024045
P04049,RAF1,Ku0063794,HL60,0.4098301047925025
P04049,RAF1,PD153035,HL60,0.7741564093022307
P04049,RAF1,PF3758309,HL60,0.8575821079772692
P04049,RAF1,Torin,HL60,1.192243156607466
P04049,RAF1,Trametinib,HL60,-5.552913308313201
P04049,RAF1,AZD1480,HL60,-0.998082481422771
P04049,RAF1,AZD5363,HL60,0.19355536240917634
P04049,RAF1,BX912,HL60,0.03383511627441765
P04049,RAF1,CHIR99021,HL60,-0.20991651131105085
P04049,RAF1,GSK2334470,HL60,0.793912747986328
P04049,RAF1,Ipatasertib,HL60,0.16255415547758587
P04049,RAF1,LY2090314,HL60,-0.48195389781827425
P04049,RAF1,Tofacitinib,HL60,-0.45388957609858305
P04049,RAF1,AZD6482,HL60,0.7628103894151863
P04049,RAF1,CAL101,HL60,-0.23573254728123774
P04049,RAF1,GDC0941,HL60,-0.007463462452756688
P04049,RAF1,HS173,HL60,-0.7269283560347404
P04049,RAF1,PIK294,HL60,-0.31363393588619476
P04049,RAF1,TGX221,HL60,0.7693112012944656
P04049,RAF1,AZD8055,HL60,0.14434731022127212
P04049,RAF1,GDC0994,HL60,0.5266417103314606
P04049,RAF1,JNK,HL60,0.06507691387779238
P04049,RAF1,LY2584702,HL60,1.6271833080479068
P04049,RAF1,PH797804,HL60,0.2186133669379349
P04049,RAF1,Selumetinib,HL60,-1.4204202313720014
P04049,RAF1,U73122,HL60,-0.6845479227874187
P04049,RAF1,Ulixertinib,HL60,1.6781169271218863
P04049,RAF1,Amuvatinib,HL60,-1.1237039387192715
P04049,RAF1,AZD3759,HL60,-0.03867755698336904
P04049,RAF1,GSK690693,HL60,-0.4723361888053367
P04049,RAF1,JNJ,HL60,-1.7108749677627773
P04049,RAF1,KN62,HL60,1.681254658367694
P04049,RAF1,Linsitinib,HL60,-1.9638971858089946
P04049,RAF1,LY2835219,HL60,-0.9582437396762044
P04049,RAF1,Ribociclib,HL60,-0.32528194055052445
P04049,RAF1,AC220,HL60,0.8035913900745023
P04049,RAF1,Edelfosine,HL60,-2.36440143315234
P04049,RAF1,GF109203X,HL60,-0.7443472658264776
P04049,RAF1,Go6976,HL60,0.6534340975272099
P04049,RAF1,PF4708671,HL60,0.38663963525461553
P04049,RAF1,SP600125,HL60,0.6300646731161702
P04049,RAF1,TAK715,HL60,0.9052809820862476
P04049,RAF1,TBCA,HL60,0.43173791027477126
P04049,RAF1,AT13148,HL60,-1.3210971098142055
P04049,RAF1,AZ20,HL60,2.5299434454494323
P04049,RAF1,AZD6738,HL60,2.205200716159325
P04049,RAF1,Bosutinib,HL60,2.946858941604864
P04049,RAF1,Dabrafenib,HL60,1.9597350295332936
P04049,RAF1,Dasatinib,HL60,1.1324902519028046
P04049,RAF1,DNAPK,HL60,1.63296679844233
P04049,RAF1,H89,HL60,1.1661593543622435
P04049,RAF1,KD025,HL60,1.5112379406996823
P04049,RAF1,NU7441,HL60,1.4119898004500586
P04049,RAF1,Ripasudil,HL60,-1.183507798382444
P04049,RAF1,Vemurafenib,HL60,0.5927340732215779
P04049,RAF1,CX4945,HL60,0.4429491528730641
P04049,RAF1,GO6983,HL60,-0.676547043279366
P04049,RAF1,KN93,HL60,0.5525431665669263
P04049,RAF1,MK2206,HL60,0.24181487598001705
P41279,MAP3K8,AZD5438,HL60,2.121035745871532
P41279,MAP3K8,FRAX486,HL60,4.889286289507447
P41279,MAP3K8,Ku0063794,HL60,0.061228109344156734
P41279,MAP3K8,PD153035,HL60,1.172360595242365
P41279,MAP3K8,PF3758309,HL60,1.2663474298754405
P41279,MAP3K8,Torin,HL60,0.12807637208828784
P41279,MAP3K8,Trametinib,HL60,-6.297154313194916
P41279,MAP3K8,AZD1480,HL60,0.22119830533392448
P41279,MAP3K8,AZD5363,HL60,0.5610187215967329
P41279,MAP3K8,BX912,HL60,1.5411459166781087
P41279,MAP3K8,CHIR99021,HL60,0.011293570376197484
P41279,MAP3K8,GSK2334470,HL60,1.1436791253914136
P41279,MAP3K8,Ipatasertib,HL60,0.09640390255850152
P41279,MAP3K8,LY2090314,HL60,0.4691816248523875
P41279,MAP3K8,Tofacitinib,HL60,-0.3406889119762041
P41279,MAP3K8,AZD6482,HL60,-2.7811810327228397
P41279,MAP3K8,CAL101,HL60,-1.2816308475433589
P41279,MAP3K8,GDC0941,HL60,-2.43434111723618
P41279,MAP3K8,HS173,HL60,-4.419306726882183
P41279,MAP3K8,PIK294,HL60,-2.765736913368148
P41279,MAP3K8,TGX221,HL60,-1.332877805758319
P41279,MAP3K8,AZD8055,HL60,-1.3339683631265817
P41279,MAP3K8,GDC0994,HL60,0.47803328239735865
P41279,MAP3K8,JNK,HL60,0.09732759833069018
P41279,MAP3K8,LY2584702,HL60,0.7134158832722749
P41279,MAP3K8,PH797804,HL60,0.41605786055369326
P41279,MAP3K8,Selumetinib,HL60,-4.381045250008826
P41279,MAP3K8,U73122,HL60,-3.0864760673972222
P41279,MAP3K8,Ulixertinib,HL60,2.350620374524166
P41279,MAP3K8,Amuvatinib,HL60,-0.342604871789935
P41279,MAP3K8,AZD3759,HL60,0.257997658191067
P41279,MAP3K8,GSK690693,HL60,1.7389960287638087
P41279,MAP3K8,JNJ,HL60,0.1338640562270768
P41279,MAP3K8,KN62,HL60,1.9620459121837457
P41279,MAP3K8,Linsitinib,HL60,-0.6492636130003407
P41279,MAP3K8,LY2835219,HL60,0.33922981714318745
P41279,MAP3K8,Ribociclib,HL60,1.1244092163440573
P41279,MAP3K8,AC220,HL60,1.2256496873472724
P41279,MAP3K8,Edelfosine,HL60,-1.708547375850042
P41279,MAP3K8,GF109203X,HL60,-0.3383761788202158
P41279,MAP3K8,Go6976,HL60,1.2341417085390591
P41279,MAP3K8,PF4708671,HL60,0.32932868733677856
P41279,MAP3K8,SP600125,HL60,-0.012605143122590565
P41279,MAP3K8,TAK715,HL60,0.9809441452628326
P41279,MAP3K8,TBCA,HL60,-0.5623927494459979
P41279,MAP3K8,AT13148,HL60,0.4977647226764719
P41279,MAP3K8,AZ20,HL60,1.2627167649689495
P41279,MAP3K8,AZD6738,HL60,1.4376276958007963
P41279,MAP3K8,Bosutinib,HL60,2.823419775605327
P41279,MAP3K8,Dabrafenib,HL60,2.1898629535462057
P41279,MAP3K8,Dasatinib,HL60,0.02516758211036349
P41279,MAP3K8,DNAPK,HL60,1.3626465610268264
P41279,MAP3K8,H89,HL60,1.7564584465858806
P41279,MAP3K8,KD025,HL60,1.3557637720461357
P41279,MAP3K8,NU7441,HL60,0.8673615199228931
P41279,MAP3K8,Ripasudil,HL60,-0.46983326303291517
P41279,MAP3K8,Vemurafenib,HL60,0.6756936262186289
P41279,MAP3K8,CX4945,HL60,0.6656434935351604
P41279,MAP3K8,GO6983,HL60,-0.3276445718183381
P41279,MAP3K8,KN93,HL60,0.592114845499591
P41279,MAP3K8,MK2206,HL60,0.2888859967376932
Q9H422,HIPK3,AZD5438,HL60,-2.0345046958455195
Q9H422,HIPK3,FRAX486,HL60,-0.17576994777609356
Q9H422,HIPK3,Ku0063794,HL60,-0.7684047727362402
Q9H422,HIPK3,PD153035,HL60,-1.9323425386676276
Q9H422,HIPK3,PF3758309,HL60,-0.6710478198818378
Q9H422,HIPK3,Torin,HL60,0.37806441376233707
Q9H422,HIPK3,Trametinib,HL60,0.050539966868366905
Q9H422,HIPK3,AZD1480,HL60,0.49974629950045746
Q9H422,HIPK3,AZD5363,HL60,0.16492153636554538
Q9H422,HIPK3,BX912,HL60,-0.3986113507607205
Q9H422,HIPK3,CHIR99021,HL60,0.27653550120399617
Q9H422,HIPK3,GSK2334470,HL60,0.1273134680251787
Q9H422,HIPK3,Ipatasertib,HL60,0.24927008565073566
Q9H422,HIPK3,LY2090314,HL60,-0.258391584665388
Q9H422,HIPK3,Tofacitinib,HL60,0.25072078181845797
Q9H422,HIPK3,AZD6482,HL60,-0.2586710976714378
Q9H422,HIPK3,CAL101,HL60,-0.023015222061264554
Q9H422,HIPK3,GDC0941,HL60,-0.04854083475943041
Q9H422,HIPK3,HS173,HL60,0.5414568692733633
Q9H422,HIPK3,PIK294,HL60,0.3592334998875791
Q9H422,HIPK3,TGX221,HL60,-0.12251812341238252
Q9H422,HIPK3,AZD8055,HL60,-0.6992639870054249
Q9H422,HIPK3,GDC0994,HL60,0.21897644948203457
Q9H422,HIPK3,JNK,HL60,0.43799636987540713
Q9H422,HIPK3,LY2584702,HL60,-0.3285754094865442
Q9H422,HIPK3,PH797804,HL60,-0.19248311366384863
Q9H422,HIPK3,Selumetinib,HL60,0.10391233380975676
Q9H422,HIPK3,U73122,HL60,0.4843750368397077
Q9H422,HIPK3,Ulixertinib,HL60,-0.6258137822917538
Q9H422,HIPK3,Amuvatinib,HL60,0.015184703836455971
Q9H422,HIPK3,AZD3759,HL60,-0.10848930429527509
Q9H422,HIPK3,GSK690693,HL60,-0.4533545851122599
Q9H422,HIPK3,JNJ,HL60,-0.3116771054414927
Q9H422,HIPK3,KN62,HL60,-0.07547217428461031
Q9H422,HIPK3,Linsitinib,HL60,0.13939761459223624
Q9H422,HIPK3,LY2835219,HL60,0.15421278358621088
Q9H422,HIPK3,Ribociclib,HL60,0.36849592616442717
Q9H422,HIPK3,AC220,HL60,-0.9132304700834267
Q9H422,HIPK3,Edelfosine,HL60,-0.1887420397206893
Q9H422,HIPK3,GF109203X,HL60,-0.2346959997826212
Q9H422,HIPK3,Go6976,HL60,0.165521539557881
Q9H422,HIPK3,PF4708671,HL60,-0.08505871803060101
Q9H422,HIPK3,SP600125,HL60,-0.19960498905101914
Q9H422,HIPK3,TAK715,HL60,0.3740209801385051
Q9H422,HIPK3,TBCA,HL60,0.5203716285619728
Q9H422,HIPK3,AT13148,HL60,-0.24289910802389986
Q9H422,HIPK3,AZ20,HL60,0.7668610160538594
Q9H422,HIPK3,AZD6738,HL60,0.7286554582968738
Q9H422,HIPK3,Bosutinib,HL60,0.10920191103957709
Q9H422,HIPK3,Dabrafenib,HL60,0.2774683149570366
Q9H422,HIPK3,Dasatinib,HL60,0.43888855761662826
Q9H422,HIPK3,DNAPK,HL60,0.4080563278918932
Q9H422,HIPK3,H89,HL60,-0.05362908481308888
Q9H422,HIPK3,KD025,HL60,0.7977122192752016
Q9H422,HIPK3,NU7441,HL60,0.04315435104002743
Q9H422,HIPK3,Ripasudil,HL60,-0.11780345457110705
Q9H422,HIPK3,Vemurafenib,HL60,0.3553224173259684
Q9H422,HIPK3,CX4945,HL60,0.4030423156217062
Q9H422,HIPK3,GO6983,HL60,0.49089738111898756
Q9H422,HIPK3,KN93,HL60,0.28392627603702264
Q9H422,HIPK3,MK2206,HL60,0.6246041317554715
Q14289,PTK2B,AZD5438,HL60,-0.3192042321412576
Q14289,PTK2B,FRAX486,HL60,0.35819583850009523
Q14289,PTK2B,Ku0063794,HL60,1.0726235165916818
Q14289,PTK2B,PD153035,HL60,0.7663578684688163
Q14289,PTK2B,PF3758309,HL60,-0.5340698914861346
Q14289,PTK2B,Torin,HL60,0.7624415210906332
Q14289,PTK2B,Trametinib,HL60,0.8342173622449252
Q14289,PTK2B,AZD1480,HL60,-0.1586521587974942
Q14289,PTK2B,AZD5363,HL60,-0.36226900069606105
Q14289,PTK2B,BX912,HL60,0.056564287045891844
Q14289,PTK2B,CHIR99021,HL60,-2.8374452844191587
Q14289,PTK2B,GSK2334470,HL60,-0.1651220897281473
Q14289,PTK2B,Ipatasertib,HL60,-0.4997271894424393
Q14289,PTK2B,LY2090314,HL60,-2.5915873779943173
Q14289,PTK2B,Tofacitinib,HL60,0.07124794653739829
Q14289,PTK2B,AZD6482,HL60,0.264749019375737
Q14289,PTK2B,CAL101,HL60,0.09957761181041087
Q14289,PTK2B,GDC0941,HL60,0.45513314289594436
Q14289,PTK2B,HS173,HL60,1.0354349290180107
Q14289,PTK2B,PIK294,HL60,0.08605728602939755
Q14289,PTK2B,TGX221,HL60,-0.40927636906076964
Q14289,PTK2B,AZD8055,HL60,1.2533688248486377
Q14289,PTK2B,GDC0994,HL60,-0.9728920432857984
Q14289,PTK2B,JNK,HL60,0.5444027648201072
Q14289,PTK2B,LY2584702,HL60,0.5367888635218667
Q14289,PTK2B,PH797804,HL60,0.2370224519287913
Q14289,PTK2B,Selumetinib,HL60,1.281368177907781
Q14289,PTK2B,U73122,HL60,0.9383803047998678
Q14289,PTK2B,Ulixertinib,HL60,0.17778649860174617
Q14289,PTK2B,Amuvatinib,HL60,-0.5421559548838923
Q14289,PTK2B,AZD3759,HL60,-0.8516894218182576
Q14289,PTK2B,GSK690693,HL60,-0.8411516970817028
Q14289,PTK2B,JNJ,HL60,-0.44287781529029396
Q14289,PTK2B,KN62,HL60,-0.3732459365566107
Q14289,PTK2B,Linsitinib,HL60,-0.659303067153808
Q14289,PTK2B,LY2835219,HL60,-1.923376793375562
Q14289,PTK2B,Ribociclib,HL60,0.16492107449700208
Q14289,PTK2B,AC220,HL60,1.324144994704298
Q14289,PTK2B,Edelfosine,HL60,0.8601074739845159
Q14289,PTK2B,GF109203X,HL60,-0.6010393565622948
Q14289,PTK2B,Go6976,HL60,0.7783264911966562
Q14289,PTK2B,PF4708671,HL60,0.38164712023690345
Q14289,PTK2B,SP600125,HL60,1.8238528242855985
Q14289,PTK2B,TAK715,HL60,1.103601924795643
Q14289,PTK2B,TBCA,HL60,0.1368848685532496
Q14289,PTK2B,AT13148,HL60,-0.5537523790931312
Q14289,PTK2B,AZ20,HL60,1.2057582203212902
Q14289,PTK2B,AZD6738,HL60,-0.35055766624830476
Q14289,PTK2B,Bosutinib,HL60,0.4121282432597167
Q14289,PTK2B,Dabrafenib,HL60,0.5711671064429177
Q14289,PTK2B,Dasatinib,HL60,0.8675475947434118
Q14289,PTK2B,DNAPK,HL60,0.2779859328788416
Q14289,PTK2B,H89,HL60,-0.5126209718097371
Q14289,PTK2B,KD025,HL60,0.0062024696229549215
Q14289,PTK2B,NU7441,HL60,-0.6594934006753884
Q14289,PTK2B,Ripasudil,HL60,0.23867711281465856
Q14289,PTK2B,Vemurafenib,HL60,-0.1344595894739849
Q14289,PTK2B,CX4945,HL60,1.2411251744599963
Q14289,PTK2B,GO6983,HL60,-0.3657653692867843
Q14289,PTK2B,KN93,HL60,1.2424348810798276
Q14289,PTK2B,MK2206,HL60,0.7890058400248062
Q15831,STK11,AZD5438,HL60,-0.2909759987477304
Q15831,STK11,FRAX486,HL60,-0.5330518121645852
Q15831,STK11,Ku0063794,HL60,0.6483076636355309
Q15831,STK11,PD153035,HL60,-0.14080346420476414
Q15831,STK11,PF3758309,HL60,-1.1323340674487588
Q15831,STK11,Torin,HL60,0.050241923350052
Q15831,STK11,Trametinib,HL60,-0.44802446000990065
Q15831,STK11,AZD1480,HL60,0.2865647876450624
Q15831,STK11,AZD5363,HL60,0.5241364757557698
Q15831,STK11,BX912,HL60,-0.4354073340375787
Q15831,STK11,CHIR99021,HL60,0.13032045596473454
Q15831,STK11,GSK2334470,HL60,-0.9087486039528846
Q15831,STK11,Ipatasertib,HL60,0.353182259054533
Q15831,STK11,LY2090314,HL60,-1.02535682945685
Q15831,STK11,Tofacitinib,HL60,0.5368833386369429
Q15831,STK11,AZD6482,HL60,0.02909174352991655
Q15831,STK11,CAL101,HL60,-0.17527963827699145
Q15831,STK11,GDC0941,HL60,0.4514716342465526
Q15831,STK11,HS173,HL60,-0.29718149669921184
Q15831,STK11,PIK294,HL60,0.36211463311237174
Q15831,STK11,TGX221,HL60,-0.14021312964192034
Q15831,STK11,AZD8055,HL60,-1.3240307296806872
Q15831,STK11,GDC0994,HL60,-1.8169269801986976
Q15831,STK11,JNK,HL60,-1.4701837296593254
Q15831,STK11,LY2584702,HL60,-1.4552713775292956
Q15831,STK11,PH797804,HL60,-1.730787594535083
Q15831,STK11,Selumetinib,HL60,-0.8403475334535532
Q15831,STK11,U73122,HL60,-1.3847142336038127
Q15831,STK11,Ulixertinib,HL60,-1.6222103427211263
Q15831,STK11,Amuvatinib,HL60,0.5929969493921129
Q15831,STK11,AZD3759,HL60,1.1968132222203622
Q15831,STK11,GSK690693,HL60,0.6901473557476754
Q15831,STK11,JNJ,HL60,1.0557242097764012
Q15831,STK11,KN62,HL60,0.8607467801174764
Q15831,STK11,Linsitinib,HL60,1.1374317416591802
Q15831,STK11,LY2835219,HL60,0.5427494650647281
Q15831,STK11,Ribociclib,HL60,0.6645817675179756
Q15831,STK11,AC220,HL60,0.1991045856078837
Q15831,STK11,Edelfosine,HL60,-0.5469971146741199
Q15831,STK11,GF109203X,HL60,0.06904697048139781
Q15831,STK11,Go6976,HL60,0.22835238447517475
Q15831,STK11,PF4708671,HL60,0.568096286308799
Q15831,STK11,SP600125,HL60,0.7625545535304892
Q15831,STK11,TAK715,HL60,1.127297834164541
Q15831,STK11,TBCA,HL60,0.5651726990924606
Q15831,STK11,AT13148,HL60,-0.6766473637231266
Q15831,STK11,AZ20,HL60,-0.9368157667072374
Q15831,STK11,AZD6738,HL60,-0.137728782599287
Q15831,STK11,Bosutinib,HL60,-1.1943383259231835
Q15831,STK11,Dabrafenib,HL60,-0.18584572088511922
Q15831,STK11,Dasatinib,HL60,-0.6341376868675824
Q15831,STK11,DNAPK,HL60,-0.23665783904690127
Q15831,STK11,H89,HL60,-0.26420946308778737
Q15831,STK11,KD025,HL60,0.15218496803489362
Q15831,STK11,NU7441,HL60,0.07923906938781793
Q15831,STK11,Ripasudil,HL60,-0.48287789449748914
Q15831,STK11,Vemurafenib,HL60,0.15768787276223958
Q15831,STK11,CX4945,HL60,0.2794018671056558
Q15831,STK11,GO6983,HL60,-0.22117893106515743
Q15831,STK11,KN93,HL60,0.7425676154748326
Q15831,STK11,MK2206,HL60,0.4171779694353814
P52564,MAP2K6,AZD5438,HL60,-0.8365090459695044
P52564,MAP2K6,FRAX486,HL60,-1.9551057883690857
P52564,MAP2K6,Ku0063794,HL60,-0.5879695760760449
P52564,MAP2K6,PD153035,HL60,-1.453703222485709
P52564,MAP2K6,PF3758309,HL60,-3.4779903681760245
P52564,MAP2K6,Torin,HL60,-0.010806281621641857
P52564,MAP2K6,Trametinib,HL60,-0.9948188099621308
P52564,MAP2K6,AZD1480,HL60,1.797876563780917
P52564,MAP2K6,AZD5363,HL60,0.13386231461533246
P52564,MAP2K6,BX912,HL60,1.4140006007510328
P52564,MAP2K6,CHIR99021,HL60,1.7365833376778717
P52564,MAP2K6,GSK2334470,HL60,1.2725848741481023
P52564,MAP2K6,Ipatasertib,HL60,1.5369367893763854
P52564,MAP2K6,LY2090314,HL60,1.1932900064195409
P52564,MAP2K6,Tofacitinib,HL60,-1.3570716158255163
P52564,MAP2K6,AZD6482,HL60,1.1913335439046053
P52564,MAP2K6,CAL101,HL60,1.834198782553705
P52564,MAP2K6,GDC0941,HL60,3.887127454160145
P52564,MAP2K6,HS173,HL60,-3.7725636764817385
P52564,MAP2K6,PIK294,HL60,2.861697337048585
P52564,MAP2K6,TGX221,HL60,2.9386090800222187
P52564,MAP2K6,AZD8055,HL60,0.532820899540753
P52564,MAP2K6,GDC0994,HL60,-0.44770215068050095
P52564,MAP2K6,JNK,HL60,-2.390722230800798
P52564,MAP2K6,LY2584702,HL60,-1.040717008968937
P52564,MAP2K6,PH797804,HL60,-0.46003812511665004
P52564,MAP2K6,Selumetinib,HL60,-0.40591005102579397
P52564,MAP2K6,U73122,HL60,-0.2609381506306451
P52564,MAP2K6,Ulixertinib,HL60,-0.7830023132110164
P52564,MAP2K6,Amuvatinib,HL60,0.0314678729141019
P52564,MAP2K6,AZD3759,HL60,0.2726383069586951
P52564,MAP2K6,GSK690693,HL60,-0.12348568512905586
P52564,MAP2K6,JNJ,HL60,0.010793372629436549
P52564,MAP2K6,KN62,HL60,0.05962346536654152
P52564,MAP2K6,Linsitinib,HL60,-0.029634875149719898
P52564,MAP2K6,LY2835219,HL60,-0.38308189525216263
P52564,MAP2K6,Ribociclib,HL60,-0.04577856146865343
P52564,MAP2K6,AC220,HL60,-1.7475208444400716
P52564,MAP2K6,Edelfosine,HL60,-0.5560802020602446
P52564,MAP2K6,GF109203X,HL60,0.2723993907638445
P52564,MAP2K6,Go6976,HL60,-0.585062712592155
P52564,MAP2K6,PF4708671,HL60,-0.6926388476918844
P52564,MAP2K6,SP600125,HL60,-0.4357547176824437
P52564,MAP2K6,TAK715,HL60,-0.55617586248834
P52564,MAP2K6,TBCA,HL60,0.2629592860647894
P52564,MAP2K6,AT13148,HL60,-0.3938150081706868
P52564,MAP2K6,AZ20,HL60,0.3046525269102429
P52564,MAP2K6,AZD6738,HL60,-0.804895295925035
P52564,MAP2K6,Bosutinib,HL60,-0.10548673432365364
P52564,MAP2K6,Dabrafenib,HL60,-0.5891607986144687
P52564,MAP2K6,Dasatinib,HL60,0.4179837299788235
P52564,MAP2K6,DNAPK,HL60,0.7284259629633518
P52564,MAP2K6,H89,HL60,0.014216988768035756
P52564,MAP2K6,KD025,HL60,0.7062729051678738
P52564,MAP2K6,NU7441,HL60,0.6474633111708697
P52564,MAP2K6,Ripasudil,HL60,-2.716090501479294
P52564,MAP2K6,Vemurafenib,HL60,1.6645199739972791
P52564,MAP2K6,CX4945,HL60,-0.20919005146496786
P52564,MAP2K6,GO6983,HL60,0.24843255839331024
P52564,MAP2K6,KN93,HL60,0.41042022952930407
P52564,MAP2K6,MK2206,HL60,1.136679417257324
P07332,FES,AZD5438,HL60,
P07332,FES,FRAX486,HL60,
P07332,FES,Ku0063794,HL60,
P07332,FES,PD153035,HL60,
P07332,FES,PF3758309,HL60,
P07332,FES,Torin,HL60,
P07332,FES,Trametinib,HL60,
P07332,FES,AZD1480,HL60,
P07332,FES,AZD5363,HL60,
P07332,FES,BX912,HL60,
P07332,FES,CHIR99021,HL60,
P07332,FES,GSK2334470,HL60,
P07332,FES,Ipatasertib,HL60,
P07332,FES,LY2090314,HL60,
P07332,FES,Tofacitinib,HL60,
P07332,FES,AZD6482,HL60,
P07332,FES,CAL101,HL60,
P07332,FES,GDC0941,HL60,
P07332,FES,HS173,HL60,
P07332,FES,PIK294,HL60,
P07332,FES,TGX221,HL60,
P07332,FES,AZD8055,HL60,
P07332,FES,GDC0994,HL60,
P07332,FES,JNK,HL60,
P07332,FES,LY2584702,HL60,
P07332,FES,PH797804,HL60,
P07332,FES,Selumetinib,HL60,
P07332,FES,U73122,HL60,
P07332,FES,Ulixertinib,HL60,
P07332,FES,Amuvatinib,HL60,
P07332,FES,AZD3759,HL60,
P07332,FES,GSK690693,HL60,
P07332,FES,JNJ,HL60,
P07332,FES,KN62,HL60,
P07332,FES,Linsitinib,HL60,
P07332,FES,LY2835219,HL60,
P07332,FES,Ribociclib,HL60,
P07332,FES,AC220,HL60,
P07332,FES,Edelfosine,HL60,
P07332,FES,GF109203X,HL60,
P07332,FES,Go6976,HL60,
P07332,FES,PF4708671,HL60,
P07332,FES,SP600125,HL60,
P07332,FES,TAK715,HL60,
P07332,FES,TBCA,HL60,
P07332,FES,AT13148,HL60,
P07332,FES,AZ20,HL60,
P07332,FES,AZD6738,HL60,
P07332,FES,Bosutinib,HL60,
P07332,FES,Dabrafenib,HL60,
P07332,FES,Dasatinib,HL60,
P07332,FES,DNAPK,HL60,
P07332,FES,H89,HL60,
P07332,FES,KD025,HL60,
P07332,FES,NU7441,HL60,
P07332,FES,Ripasudil,HL60,
P07332,FES,Vemurafenib,HL60,
P07332,FES,CX4945,HL60,
P07332,FES,GO6983,HL60,
P07332,FES,KN93,HL60,
P07332,FES,MK2206,HL60,
P17612,PRKACA,AZD5438,HL60,-0.49254647066091733
P17612,PRKACA,FRAX486,HL60,-1.2364327033942306
P17612,PRKACA,Ku0063794,HL60,-0.45244772214775497
P17612,PRKACA,PD153035,HL60,-1.032046637133846
P17612,PRKACA,PF3758309,HL60,-3.1647627048952693
P17612,PRKACA,Torin,HL60,0.3818081156134395
P17612,PRKACA,Trametinib,HL60,-1.9166864852755123
P17612,PRKACA,AZD1480,HL60,0.07274202384470556
P17612,PRKACA,AZD5363,HL60,-1.9712321798627128
P17612,PRKACA,BX912,HL60,0.21076425452945116
P17612,PRKACA,CHIR99021,HL60,0.9098269662676794
P17612,PRKACA,GSK2334470,HL60,-0.1703541901189153
P17612,PRKACA,Ipatasertib,HL60,-0.020263057633149013
P17612,PRKACA,LY2090314,HL60,1.7850267775834714
P17612,PRKACA,Tofacitinib,HL60,0.08208044162956267
P17612,PRKACA,AZD6482,HL60,-0.13279526762030355
P17612,PRKACA,CAL101,HL60,0.9277542649815995
P17612,PRKACA,GDC0941,HL60,0.8100416695224117
P17612,PRKACA,HS173,HL60,3.6271327606951043
P17612,PRKACA,PIK294,HL60,1.3197949245400098
P17612,PRKACA,TGX221,HL60,1.896651442531167
P17612,PRKACA,AZD8055,HL60,-1.9240827276087518
P17612,PRKACA,GDC0994,HL60,1.0020869969816129
P17612,PRKACA,JNK,HL60,0.7693599812927766
P17612,PRKACA,LY2584702,HL60,0.9638841007249109
P17612,PRKACA,PH797804,HL60,-0.17971020911080324
P17612,PRKACA,Selumetinib,HL60,0.7700638400481169
P17612,PRKACA,U73122,HL60,0.26805354944319554
P17612,PRKACA,Ulixertinib,HL60,-0.3332238339195553
P17612,PRKACA,Amuvatinib,HL60,-0.5039637441299731
P17612,PRKACA,AZD3759,HL60,-0.6698110587222548
P17612,PRKACA,GSK690693,HL60,-2.2894217969307338
P17612,PRKACA,JNJ,HL60,0.8778665215361403
P17612,PRKACA,KN62,HL60,1.4457569734905342
P17612,PRKACA,Linsitinib,HL60,0.27208531563715826
P17612,PRKACA,LY2835219,HL60,0.45548874268051703
P17612,PRKACA,Ribociclib,HL60,0.33723749180704077
P17612,PRKACA,AC220,HL60,1.9236833340012387
P17612,PRKACA,Edelfosine,HL60,-1.2457934585425885
P17612,PRKACA,GF109203X,HL60,-0.6234847719648946
P17612,PRKACA,Go6976,HL60,0.6997350558946552
P17612,PRKACA,PF4708671,HL60,-0.809333971971678
P17612,PRKACA,SP600125,HL60,0.1496324558412469
P17612,PRKACA,TAK715,HL60,-0.3215874719301929
P17612,PRKACA,TBCA,HL60,-0.4629371169495204
P17612,PRKACA,AT13148,HL60,-4.446983028671994
P17612,PRKACA,AZ20,HL60,0.80655895625619
P17612,PRKACA,AZD6738,HL60,-0.16642847738844463
P17612,PRKACA,Bosutinib,HL60,-0.9058605132612444
P17612,PRKACA,Dabrafenib,HL60,3.142412708132375
P17612,PRKACA,Dasatinib,HL60,1.1518276600838284
P17612,PRKACA,DNAPK,HL60,-1.1504364883433693
P17612,PRKACA,H89,HL60,-1.822944077162994
P17612,PRKACA,KD025,HL60,2.9043304642318613
P17612,PRKACA,NU7441,HL60,0.01487445502877697
P17612,PRKACA,Ripasudil,HL60,-1.9807742390479226
P17612,PRKACA,Vemurafenib,HL60,-0.20923773230607867
P17612,PRKACA,CX4945,HL60,-0.6699869011130414
P17612,PRKACA,GO6983,HL60,-2.3125341332515044
P17612,PRKACA,KN93,HL60,-1.7402322894387023
P17612,PRKACA,MK2206,HL60,-0.4030122911378403
P22607,FGFR3,AZD5438,HL60,-1.6257571975887237
P22607,FGFR3,FRAX486,HL60,-1.3644263183512728
P22607,FGFR3,Ku0063794,HL60,-0.32967872621811367
P22607,FGFR3,PD153035,HL60,-2.76750705872422
P22607,FGFR3,PF3758309,HL60,-1.9620333538137724
P22607,FGFR3,Torin,HL60,1.6730361706047223
P22607,FGFR3,Trametinib,HL60,2.2896942776347506
P22607,FGFR3,AZD1480,HL60,1.0501813096991734
P22607,FGFR3,AZD5363,HL60,2.1569302129581462
P22607,FGFR3,BX912,HL60,1.7107190144410906
P22607,FGFR3,CHIR99021,HL60,1.6136924455183959
P22607,FGFR3,GSK2334470,HL60,2.291139122013428
P22607,FGFR3,Ipatasertib,HL60,3.3056629310639085
P22607,FGFR3,LY2090314,HL60,1.408762847840029
P22607,FGFR3,Tofacitinib,HL60,1.1272629405919006
P22607,FGFR3,AZD6482,HL60,3.595483251588445
P22607,FGFR3,CAL101,HL60,2.750497334528102
P22607,FGFR3,GDC0941,HL60,3.7099032591869148
P22607,FGFR3,HS173,HL60,2.041352607249981
P22607,FGFR3,PIK294,HL60,0.8164685540912451
P22607,FGFR3,TGX221,HL60,1.0122493236820396
P22607,FGFR3,AZD8055,HL60,-0.3701474519154628
P22607,FGFR3,GDC0994,HL60,2.009246515775409
P22607,FGFR3,JNK,HL60,-0.7772143466459256
P22607,FGFR3,LY2584702,HL60,1.6932129121006727
P22607,FGFR3,PH797804,HL60,0.9107632605106841
P22607,FGFR3,Selumetinib,HL60,0.41825848595254195
P22607,FGFR3,U73122,HL60,0.5024151875242846
P22607,FGFR3,Ulixertinib,HL60,-0.14093132752534357
P22607,FGFR3,Amuvatinib,HL60,2.7089450728532944
P22607,FGFR3,AZD3759,HL60,1.1217700540952
P22607,FGFR3,GSK690693,HL60,2.325749669976826
P22607,FGFR3,JNJ,HL60,0.8305908843175044
P22607,FGFR3,KN62,HL60,1.5926919930099033
P22607,FGFR3,Linsitinib,HL60,2.733429002654587
P22607,FGFR3,LY2835219,HL60,0.880107313925881
P22607,FGFR3,Ribociclib,HL60,0.9611393435042934
P22607,FGFR3,AC220,HL60,-0.6251897308717415
P22607,FGFR3,Edelfosine,HL60,-2.021048742971034
P22607,FGFR3,GF109203X,HL60,0.28362734553664426
P22607,FGFR3,Go6976,HL60,-0.4073255647708892
P22607,FGFR3,PF4708671,HL60,-0.0713817801428048
P22607,FGFR3,SP600125,HL60,-2.419101273956543
P22607,FGFR3,TAK715,HL60,-1.710282260578079
P22607,FGFR3,TBCA,HL60,-0.5205773423843655
P22607,FGFR3,AT13148,HL60,1.6881936859290272
P22607,FGFR3,AZ20,HL60,0.5908593630595182
P22607,FGFR3,AZD6738,HL60,0.6476305085168833
P22607,FGFR3,Bosutinib,HL60,0.5568345620867683
P22607,FGFR3,Dabrafenib,HL60,0.4822610830668621
P22607,FGFR3,Dasatinib,HL60,0.22418731327934355
P22607,FGFR3,DNAPK,HL60,0.7114643408426428
P22607,FGFR3,H89,HL60,0.038443752937517485
P22607,FGFR3,KD025,HL60,1.9248605604867328
P22607,FGFR3,NU7441,HL60,0.2210309274743223
P22607,FGFR3,Ripasudil,HL60,-0.9263235905360814
P22607,FGFR3,Vemurafenib,HL60,0.6702854517753214
P22607,FGFR3,CX4945,HL60,0.11253018926903739
P22607,FGFR3,GO6983,HL60,1.2222712515267262
P22607,FGFR3,KN93,HL60,0.012483926495935469
P22607,FGFR3,MK2206,HL60,0.8623447333867277
P10721,KIT,AZD5438,HL60,
P10721,KIT,FRAX486,HL60,
P10721,KIT,Ku0063794,HL60,
P10721,KIT,PD153035,HL60,
P10721,KIT,PF3758309,HL60,
P10721,KIT,Torin,HL60,
P10721,KIT,Trametinib,HL60,
P10721,KIT,AZD1480,HL60,
P10721,KIT,AZD5363,HL60,
P10721,KIT,BX912,HL60,
P10721,KIT,CHIR99021,HL60,
P10721,KIT,GSK2334470,HL60,
P10721,KIT,Ipatasertib,HL60,
P10721,KIT,LY2090314,HL60,
P10721,KIT,Tofacitinib,HL60,
P10721,KIT,AZD6482,HL60,
P10721,KIT,CAL101,HL60,
P10721,KIT,GDC0941,HL60,
P10721,KIT,HS173,HL60,
P10721,KIT,PIK294,HL60,
P10721,KIT,TGX221,HL60,
P10721,KIT,AZD8055,HL60,
P10721,KIT,GDC0994,HL60,
P10721,KIT,JNK,HL60,
P10721,KIT,LY2584702,HL60,
P10721,KIT,PH797804,HL60,
P10721,KIT,Selumetinib,HL60,
P10721,KIT,U73122,HL60,
P10721,KIT,Ulixertinib,HL60,
P10721,KIT,Amuvatinib,HL60,
P10721,KIT,AZD3759,HL60,
P10721,KIT,GSK690693,HL60,
P10721,KIT,JNJ,HL60,
P10721,KIT,KN62,HL60,
P10721,KIT,Linsitinib,HL60,
P10721,KIT,LY2835219,HL60,
P10721,KIT,Ribociclib,HL60,
P10721,KIT,AC220,HL60,
P10721,KIT,Edelfosine,HL60,
P10721,KIT,GF109203X,HL60,
P10721,KIT,Go6976,HL60,
P10721,KIT,PF4708671,HL60,
P10721,KIT,SP600125,HL60,
P10721,KIT,TAK715,HL60,
P10721,KIT,TBCA,HL60,
P10721,KIT,AT13148,HL60,
P10721,KIT,AZ20,HL60,
P10721,KIT,AZD6738,HL60,
P10721,KIT,Bosutinib,HL60,
P10721,KIT,Dabrafenib,HL60,
P10721,KIT,Dasatinib,HL60,
P10721,KIT,DNAPK,HL60,
P10721,KIT,H89,HL60,
P10721,KIT,KD025,HL60,
P10721,KIT,NU7441,HL60,
P10721,KIT,Ripasudil,HL60,
P10721,KIT,Vemurafenib,HL60,
P10721,KIT,CX4945,HL60,
P10721,KIT,GO6983,HL60,
P10721,KIT,KN93,HL60,
P10721,KIT,MK2206,HL60,
P49759,CLK1,AZD5438,HL60,1.215518594196211
P49759,CLK1,FRAX486,HL60,0.16913169822736637
P49759,CLK1,Ku0063794,HL60,1.1590367995074307
P49759,CLK1,PD153035,HL60,0.33376521932138387
P49759,CLK1,PF3758309,HL60,0.2902692315897386
P49759,CLK1,Torin,HL60,0.8087975615733967
P49759,CLK1,Trametinib,HL60,0.1832000773772144
P49759,CLK1,AZD1480,HL60,0.6033391714146423
P49759,CLK1,AZD5363,HL60,1.8797301198062615
P49759,CLK1,BX912,HL60,1.9349639528389335
P49759,CLK1,CHIR99021,HL60,1.1026245521023377
P49759,CLK1,GSK2334470,HL60,2.546712352016579
P49759,CLK1,Ipatasertib,HL60,1.8072043818286643
P49759,CLK1,LY2090314,HL60,1.5278719366865432
P49759,CLK1,Tofacitinib,HL60,1.553211506558212
P49759,CLK1,AZD6482,HL60,0.1418420916054784
P49759,CLK1,CAL101,HL60,-0.3960447828001573
P49759,CLK1,GDC0941,HL60,-0.8694928881319398
P49759,CLK1,HS173,HL60,0.017295845261206033
P49759,CLK1,PIK294,HL60,0.17575153910197108
P49759,CLK1,TGX221,HL60,0.3438367585708904
P49759,CLK1,AZD8055,HL60,-1.3528465693088592
P49759,CLK1,GDC0994,HL60,0.8429586518924645
P49759,CLK1,JNK,HL60,-0.6541237409551137
P49759,CLK1,LY2584702,HL60,0.8379404773856499
P49759,CLK1,PH797804,HL60,-0.2848081563812234
P49759,CLK1,Selumetinib,HL60,-0.006716626154713119
P49759,CLK1,U73122,HL60,-0.007099027800228223
P49759,CLK1,Ulixertinib,HL60,0.06743709780802597
P49759,CLK1,Amuvatinib,HL60,1.8531750601197536
P49759,CLK1,AZD3759,HL60,0.8167578917203363
P49759,CLK1,GSK690693,HL60,2.186966161588335
P49759,CLK1,JNJ,HL60,0.9483832510202574
P49759,CLK1,KN62,HL60,1.3467747303160427
P49759,CLK1,Linsitinib,HL60,0.7684942099271883
P49759,CLK1,LY2835219,HL60,1.1041037400289535
P49759,CLK1,Ribociclib,HL60,0.568180766331402
P49759,CLK1,AC220,HL60,0.3755660082159823
P49759,CLK1,Edelfosine,HL60,-0.2700804126690304
P49759,CLK1,GF109203X,HL60,-1.6622405633003543
P49759,CLK1,Go6976,HL60,-0.2511023530301331
P49759,CLK1,PF4708671,HL60,0.15219300153480828
P49759,CLK1,SP600125,HL60,0.18185357113685988
P49759,CLK1,TAK715,HL60,-0.16785872691787385
P49759,CLK1,TBCA,HL60,0.9154780834156002
P49759,CLK1,AT13148,HL60,3.00665203234966
P49759,CLK1,AZ20,HL60,1.3869857925765825
P49759,CLK1,AZD6738,HL60,2.1995074467826283
P49759,CLK1,Bosutinib,HL60,1.586385769863903
P49759,CLK1,Dabrafenib,HL60,1.8613591391386812
P49759,CLK1,Dasatinib,HL60,1.7733253204423165
P49759,CLK1,DNAPK,HL60,0.7397638834086021
P49759,CLK1,H89,HL60,0.9899038842471634
P49759,CLK1,KD025,HL60,2.603900146477096
P49759,CLK1,NU7441,HL60,1.8906890172792463
P49759,CLK1,Ripasudil,HL60,2.2815001043121295
P49759,CLK1,Vemurafenib,HL60,1.8372887359594479
P49759,CLK1,CX4945,HL60,1.790774664693852
P49759,CLK1,GO6983,HL60,0.08861621598906812
P49759,CLK1,KN93,HL60,1.7665589724853752
P49759,CLK1,MK2206,HL60,1.2476077309081135
Q9UKI8,TLK1,AZD5438,HL60,
Q9UKI8,TLK1,FRAX486,HL60,
Q9UKI8,TLK1,Ku0063794,HL60,
Q9UKI8,TLK1,PD153035,HL60,
Q9UKI8,TLK1,PF3758309,HL60,
Q9UKI8,TLK1,Torin,HL60,
Q9UKI8,TLK1,Trametinib,HL60,
Q9UKI8,TLK1,AZD1480,HL60,
Q9UKI8,TLK1,AZD5363,HL60,
Q9UKI8,TLK1,BX912,HL60,
Q9UKI8,TLK1,CHIR99021,HL60,
Q9UKI8,TLK1,GSK2334470,HL60,
Q9UKI8,TLK1,Ipatasertib,HL60,
Q9UKI8,TLK1,LY2090314,HL60,
Q9UKI8,TLK1,Tofacitinib,HL60,
Q9UKI8,TLK1,AZD6482,HL60,
Q9UKI8,TLK1,CAL101,HL60,
Q9UKI8,TLK1,GDC0941,HL60,
Q9UKI8,TLK1,HS173,HL60,
Q9UKI8,TLK1,PIK294,HL60,
Q9UKI8,TLK1,TGX221,HL60,
Q9UKI8,TLK1,AZD8055,HL60,
Q9UKI8,TLK1,GDC0994,HL60,
Q9UKI8,TLK1,JNK,HL60,
Q9UKI8,TLK1,LY2584702,HL60,
Q9UKI8,TLK1,PH797804,HL60,
Q9UKI8,TLK1,Selumetinib,HL60,
Q9UKI8,TLK1,U73122,HL60,
Q9UKI8,TLK1,Ulixertinib,HL60,
Q9UKI8,TLK1,Amuvatinib,HL60,
Q9UKI8,TLK1,AZD3759,HL60,
Q9UKI8,TLK1,GSK690693,HL60,
Q9UKI8,TLK1,JNJ,HL60,
Q9UKI8,TLK1,KN62,HL60,
Q9UKI8,TLK1,Linsitinib,HL60,
Q9UKI8,TLK1,LY2835219,HL60,
Q9UKI8,TLK1,Ribociclib,HL60,
Q9UKI8,TLK1,AC220,HL60,
Q9UKI8,TLK1,Edelfosine,HL60,
Q9UKI8,TLK1,GF109203X,HL60,
Q9UKI8,TLK1,Go6976,HL60,
Q9UKI8,TLK1,PF4708671,HL60,
Q9UKI8,TLK1,SP600125,HL60,
Q9UKI8,TLK1,TAK715,HL60,
Q9UKI8,TLK1,TBCA,HL60,
Q9UKI8,TLK1,AT13148,HL60,
Q9UKI8,TLK1,AZ20,HL60,
Q9UKI8,TLK1,AZD6738,HL60,
Q9UKI8,TLK1,Bosutinib,HL60,
Q9UKI8,TLK1,Dabrafenib,HL60,
Q9UKI8,TLK1,Dasatinib,HL60,
Q9UKI8,TLK1,DNAPK,HL60,
Q9UKI8,TLK1,H89,HL60,
Q9UKI8,TLK1,KD025,HL60,
Q9UKI8,TLK1,NU7441,HL60,
Q9UKI8,TLK1,Ripasudil,HL60,
Q9UKI8,TLK1,Vemurafenib,HL60,
Q9UKI8,TLK1,CX4945,HL60,
Q9UKI8,TLK1,GO6983,HL60,
Q9UKI8,TLK1,KN93,HL60,
Q9UKI8,TLK1,MK2206,HL60,
Q9HC98,NEK6,AZD5438,HL60,-0.8017741453284438
Q9HC98,NEK6,FRAX486,HL60,0.4854449700399675
Q9HC98,NEK6,Ku0063794,HL60,0.5675864449158589
Q9HC98,NEK6,PD153035,HL60,-0.17880560590399197
Q9HC98,NEK6,PF3758309,HL60,0.30805572054426894
Q9HC98,NEK6,Torin,HL60,0.23920432681940498
Q9HC98,NEK6,Trametinib,HL60,0.13463196517883988
Q9HC98,NEK6,AZD1480,HL60,0.2846719540889754
Q9HC98,NEK6,AZD5363,HL60,0.054288146906775074
Q9HC98,NEK6,BX912,HL60,-0.018759817826191037
Q9HC98,NEK6,CHIR99021,HL60,-0.46990958788735415
Q9HC98,NEK6,GSK2334470,HL60,0.5176538521144256
Q9HC98,NEK6,Ipatasertib,HL60,0.6766524344455043
Q9HC98,NEK6,LY2090314,HL60,0.18987418771736206
Q9HC98,NEK6,Tofacitinib,HL60,0.2884389630417064
Q9HC98,NEK6,AZD6482,HL60,0.7643164216151812
Q9HC98,NEK6,CAL101,HL60,0.7799901785873014
Q9HC98,NEK6,GDC0941,HL60,1.0356978626222235
Q9HC98,NEK6,HS173,HL60,0.966847753566173
Q9HC98,NEK6,PIK294,HL60,0.289869985728661
Q9HC98,NEK6,TGX221,HL60,0.7018042936675101
Q9HC98,NEK6,AZD8055,HL60,0.12668368605065053
Q9HC98,NEK6,GDC0994,HL60,-0.021244869159602196
Q9HC98,NEK6,JNK,HL60,-0.3969734895730881
Q9HC98,NEK6,LY2584702,HL60,0.17189188944166817
Q9HC98,NEK6,PH797804,HL60,-0.011728972068225927
Q9HC98,NEK6,Selumetinib,HL60,-0.12587856893586058
Q9HC98,NEK6,U73122,HL60,0.14937990110276
Q9HC98,NEK6,Ulixertinib,HL60,-0.3709045963362745
Q9HC98,NEK6,Amuvatinib,HL60,-0.588699033734819
Q9HC98,NEK6,AZD3759,HL60,-1.5926586083785974
Q9HC98,NEK6,GSK690693,HL60,-0.14868994633153834
Q9HC98,NEK6,JNJ,HL60,-1.1454708379433074
Q9HC98,NEK6,KN62,HL60,-1.3428056132280741
Q9HC98,NEK6,Linsitinib,HL60,-0.9186036708595169
Q9HC98,NEK6,LY2835219,HL60,-1.1234344995368792
Q9HC98,NEK6,Ribociclib,HL60,-0.25969579384127156
Q9HC98,NEK6,AC220,HL60,0.27046698022525145
Q9HC98,NEK6,Edelfosine,HL60,0.3895219528060405
Q9HC98,NEK6,GF109203X,HL60,-0.27268817239830034
Q9HC98,NEK6,Go6976,HL60,0.398219595225459
Q9HC98,NEK6,PF4708671,HL60,0.4574562973413681
Q9HC98,NEK6,SP600125,HL60,0.5313359062155356
Q9HC98,NEK6,TAK715,HL60,0.44587555375017845
Q9HC98,NEK6,TBCA,HL60,0.6934373046814035
Q9HC98,NEK6,AT13148,HL60,-0.4250094824815579
Q9HC98,NEK6,AZ20,HL60,-0.8406923102667323
Q9HC98,NEK6,AZD6738,HL60,0.1832194972087306
Q9HC98,NEK6,Bosutinib,HL60,0.25135513615883115
Q9HC98,NEK6,Dabrafenib,HL60,-0.6078303269588459
Q9HC98,NEK6,Dasatinib,HL60,0.3090344557128163
Q9HC98,NEK6,DNAPK,HL60,-0.2134120333850882
Q9HC98,NEK6,H89,HL60,-0.03024375431769272
Q9HC98,NEK6,KD025,HL60,-1.130384567959785
Q9HC98,NEK6,NU7441,HL60,-0.7363828145582105
Q9HC98,NEK6,Ripasudil,HL60,-0.8548542691206565
Q9HC98,NEK6,Vemurafenib,HL60,0.1088619928885802
Q9HC98,NEK6,CX4945,HL60,-0.015176723221565583
Q9HC98,NEK6,GO6983,HL60,0.4127022844564501
Q9HC98,NEK6,KN93,HL60,0.03568302571283174
Q9HC98,NEK6,MK2206,HL60,-0.32867565087520273
P43250,GRK6,AZD5438,HL60,-0.6119292047164674
P43250,GRK6,FRAX486,HL60,0.387593353890046
P43250,GRK6,Ku0063794,HL60,0.4252511049747162
P43250,GRK6,PD153035,HL60,0.5975925690879857
P43250,GRK6,PF3758309,HL60,-0.012613031016875501
P43250,GRK6,Torin,HL60,0.17325692163103865
P43250,GRK6,Trametinib,HL60,0.7727932234756173
P43250,GRK6,AZD1480,HL60,0.046751637578021484
P43250,GRK6,AZD5363,HL60,0.09532365535491062
P43250,GRK6,BX912,HL60,-0.11013240306374748
P43250,GRK6,CHIR99021,HL60,-0.9761289386836179
P43250,GRK6,GSK2334470,HL60,-0.17685705760418224
P43250,GRK6,Ipatasertib,HL60,-0.12188462061004506
P43250,GRK6,LY2090314,HL60,-0.7644432970075439
P43250,GRK6,Tofacitinib,HL60,0.02135495022911172
P43250,GRK6,AZD6482,HL60,0.03608383137774392
P43250,GRK6,CAL101,HL60,-0.07978211809295223
P43250,GRK6,GDC0941,HL60,0.4434018673314622
P43250,GRK6,HS173,HL60,-0.2476179577838011
P43250,GRK6,PIK294,HL60,-0.37437899142232106
P43250,GRK6,TGX221,HL60,-0.06805992504829485
P43250,GRK6,AZD8055,HL60,0.2865035072921067
P43250,GRK6,GDC0994,HL60,-0.14383763684347853
P43250,GRK6,JNK,HL60,0.049597418902541754
P43250,GRK6,LY2584702,HL60,0.2401510660715179
P43250,GRK6,PH797804,HL60,0.30989301647475737
P43250,GRK6,Selumetinib,HL60,0.15059248913458517
P43250,GRK6,U73122,HL60,0.8083822911494815
P43250,GRK6,Ulixertinib,HL60,0.2875827635753183
P43250,GRK6,Amuvatinib,HL60,-0.04230312370630462
P43250,GRK6,AZD3759,HL60,0.19324727255195953
P43250,GRK6,GSK690693,HL60,-0.4045082727203915
P43250,GRK6,JNJ,HL60,0.07384064403799111
P43250,GRK6,KN62,HL60,-0.10577714989460416
P43250,GRK6,Linsitinib,HL60,-0.09576151253094439
P43250,GRK6,LY2835219,HL60,-0.7429570196232891
P43250,GRK6,Ribociclib,HL60,0.1485737445391058
P43250,GRK6,AC220,HL60,0.49896266827035723
P43250,GRK6,Edelfosine,HL60,0.42439090751884456
P43250,GRK6,GF109203X,HL60,-2.1279247302651303
P43250,GRK6,Go6976,HL60,-0.3720848409530422
P43250,GRK6,PF4708671,HL60,0.48659770148264064
P43250,GRK6,SP600125,HL60,0.2546725258652265
P43250,GRK6,TAK715,HL60,0.16136630053335618
P43250,GRK6,TBCA,HL60,0.5499317000049478
P43250,GRK6,AT13148,HL60,0.12418149765352415
P43250,GRK6,AZ20,HL60,-0.029510106388219017
P43250,GRK6,AZD6738,HL60,0.32137702833998366
P43250,GRK6,Bosutinib,HL60,-0.3769217265043816
P43250,GRK6,Dabrafenib,HL60,-0.1746379973304575
P43250,GRK6,Dasatinib,HL60,0.3941803627849482
P43250,GRK6,DNAPK,HL60,0.20353905777572404
P43250,GRK6,H89,HL60,0.43114230594087793
P43250,GRK6,KD025,HL60,0.6218508606188694
P43250,GRK6,NU7441,HL60,0.4465131173442534
P43250,GRK6,Ripasudil,HL60,0.239214739739066
P43250,GRK6,Vemurafenib,HL60,0.5992175135863425
P43250,GRK6,CX4945,HL60,-0.44655932346985455
P43250,GRK6,GO6983,HL60,-1.0448890805058997
P43250,GRK6,KN93,HL60,-0.832320539042233
P43250,GRK6,MK2206,HL60,-0.9869866540167638
Q9BQI3,EIF2AK1,AZD5438,HL60,
Q9BQI3,EIF2AK1,FRAX486,HL60,
Q9BQI3,EIF2AK1,Ku0063794,HL60,
Q9BQI3,EIF2AK1,PD153035,HL60,
Q9BQI3,EIF2AK1,PF3758309,HL60,
Q9BQI3,EIF2AK1,Torin,HL60,
Q9BQI3,EIF2AK1,Trametinib,HL60,
Q9BQI3,EIF2AK1,AZD1480,HL60,
Q9BQI3,EIF2AK1,AZD5363,HL60,
Q9BQI3,EIF2AK1,BX912,HL60,
Q9BQI3,EIF2AK1,CHIR99021,HL60,
Q9BQI3,EIF2AK1,GSK2334470,HL60,
Q9BQI3,EIF2AK1,Ipatasertib,HL60,
Q9BQI3,EIF2AK1,LY2090314,HL60,
Q9BQI3,EIF2AK1,Tofacitinib,HL60,
Q9BQI3,EIF2AK1,AZD6482,HL60,
Q9BQI3,EIF2AK1,CAL101,HL60,
Q9BQI3,EIF2AK1,GDC0941,HL60,
Q9BQI3,EIF2AK1,HS173,HL60,
Q9BQI3,EIF2AK1,PIK294,HL60,
Q9BQI3,EIF2AK1,TGX221,HL60,
Q9BQI3,EIF2AK1,AZD8055,HL60,
Q9BQI3,EIF2AK1,GDC0994,HL60,
Q9BQI3,EIF2AK1,JNK,HL60,
Q9BQI3,EIF2AK1,LY2584702,HL60,
Q9BQI3,EIF2AK1,PH797804,HL60,
Q9BQI3,EIF2AK1,Selumetinib,HL60,
Q9BQI3,EIF2AK1,U73122,HL60,
Q9BQI3,EIF2AK1,Ulixertinib,HL60,
Q9BQI3,EIF2AK1,Amuvatinib,HL60,
Q9BQI3,EIF2AK1,AZD3759,HL60,
Q9BQI3,EIF2AK1,GSK690693,HL60,
Q9BQI3,EIF2AK1,JNJ,HL60,
Q9BQI3,EIF2AK1,KN62,HL60,
Q9BQI3,EIF2AK1,Linsitinib,HL60,
Q9BQI3,EIF2AK1,LY2835219,HL60,
Q9BQI3,EIF2AK1,Ribociclib,HL60,
Q9BQI3,EIF2AK1,AC220,HL60,
Q9BQI3,EIF2AK1,Edelfosine,HL60,
Q9BQI3,EIF2AK1,GF109203X,HL60,
Q9BQI3,EIF2AK1,Go6976,HL60,
Q9BQI3,EIF2AK1,PF4708671,HL60,
Q9BQI3,EIF2AK1,SP600125,HL60,
Q9BQI3,EIF2AK1,TAK715,HL60,
Q9BQI3,EIF2AK1,TBCA,HL60,
Q9BQI3,EIF2AK1,AT13148,HL60,
Q9BQI3,EIF2AK1,AZ20,HL60,
Q9BQI3,EIF2AK1,AZD6738,HL60,
Q9BQI3,EIF2AK1,Bosutinib,HL60,
Q9BQI3,EIF2AK1,Dabrafenib,HL60,
Q9BQI3,EIF2AK1,Dasatinib,HL60,
Q9BQI3,EIF2AK1,DNAPK,HL60,
Q9BQI3,EIF2AK1,H89,HL60,
Q9BQI3,EIF2AK1,KD025,HL60,
Q9BQI3,EIF2AK1,NU7441,HL60,
Q9BQI3,EIF2AK1,Ripasudil,HL60,
Q9BQI3,EIF2AK1,Vemurafenib,HL60,
Q9BQI3,EIF2AK1,CX4945,HL60,
Q9BQI3,EIF2AK1,GO6983,HL60,
Q9BQI3,EIF2AK1,KN93,HL60,
Q9BQI3,EIF2AK1,MK2206,HL60,
Q9NZJ5,EIF2AK3,AZD5438,HL60,
Q9NZJ5,EIF2AK3,FRAX486,HL60,
Q9NZJ5,EIF2AK3,Ku0063794,HL60,
Q9NZJ5,EIF2AK3,PD153035,HL60,
Q9NZJ5,EIF2AK3,PF3758309,HL60,
Q9NZJ5,EIF2AK3,Torin,HL60,
Q9NZJ5,EIF2AK3,Trametinib,HL60,
Q9NZJ5,EIF2AK3,AZD1480,HL60,
Q9NZJ5,EIF2AK3,AZD5363,HL60,
Q9NZJ5,EIF2AK3,BX912,HL60,
Q9NZJ5,EIF2AK3,CHIR99021,HL60,
Q9NZJ5,EIF2AK3,GSK2334470,HL60,
Q9NZJ5,EIF2AK3,Ipatasertib,HL60,
Q9NZJ5,EIF2AK3,LY2090314,HL60,
Q9NZJ5,EIF2AK3,Tofacitinib,HL60,
Q9NZJ5,EIF2AK3,AZD6482,HL60,
Q9NZJ5,EIF2AK3,CAL101,HL60,
Q9NZJ5,EIF2AK3,GDC0941,HL60,
Q9NZJ5,EIF2AK3,HS173,HL60,
Q9NZJ5,EIF2AK3,PIK294,HL60,
Q9NZJ5,EIF2AK3,TGX221,HL60,
Q9NZJ5,EIF2AK3,AZD8055,HL60,
Q9NZJ5,EIF2AK3,GDC0994,HL60,
Q9NZJ5,EIF2AK3,JNK,HL60,
Q9NZJ5,EIF2AK3,LY2584702,HL60,
Q9NZJ5,EIF2AK3,PH797804,HL60,
Q9NZJ5,EIF2AK3,Selumetinib,HL60,
Q9NZJ5,EIF2AK3,U73122,HL60,
Q9NZJ5,EIF2AK3,Ulixertinib,HL60,
Q9NZJ5,EIF2AK3,Amuvatinib,HL60,
Q9NZJ5,EIF2AK3,AZD3759,HL60,
Q9NZJ5,EIF2AK3,GSK690693,HL60,
Q9NZJ5,EIF2AK3,JNJ,HL60,
Q9NZJ5,EIF2AK3,KN62,HL60,
Q9NZJ5,EIF2AK3,Linsitinib,HL60,
Q9NZJ5,EIF2AK3,LY2835219,HL60,
Q9NZJ5,EIF2AK3,Ribociclib,HL60,
Q9NZJ5,EIF2AK3,AC220,HL60,
Q9NZJ5,EIF2AK3,Edelfosine,HL60,
Q9NZJ5,EIF2AK3,GF109203X,HL60,
Q9NZJ5,EIF2AK3,Go6976,HL60,
Q9NZJ5,EIF2AK3,PF4708671,HL60,
Q9NZJ5,EIF2AK3,SP600125,HL60,
Q9NZJ5,EIF2AK3,TAK715,HL60,
Q9NZJ5,EIF2AK3,TBCA,HL60,
Q9NZJ5,EIF2AK3,AT13148,HL60,
Q9NZJ5,EIF2AK3,AZ20,HL60,
Q9NZJ5,EIF2AK3,AZD6738,HL60,
Q9NZJ5,EIF2AK3,Bosutinib,HL60,
Q9NZJ5,EIF2AK3,Dabrafenib,HL60,
Q9NZJ5,EIF2AK3,Dasatinib,HL60,
Q9NZJ5,EIF2AK3,DNAPK,HL60,
Q9NZJ5,EIF2AK3,H89,HL60,
Q9NZJ5,EIF2AK3,KD025,HL60,
Q9NZJ5,EIF2AK3,NU7441,HL60,
Q9NZJ5,EIF2AK3,Ripasudil,HL60,
Q9NZJ5,EIF2AK3,Vemurafenib,HL60,
Q9NZJ5,EIF2AK3,CX4945,HL60,
Q9NZJ5,EIF2AK3,GO6983,HL60,
Q9NZJ5,EIF2AK3,KN93,HL60,
Q9NZJ5,EIF2AK3,MK2206,HL60,
Q14012,CAMK1,AZD5438,HL60,-0.14648659858162588
Q14012,CAMK1,FRAX486,HL60,-0.32140389979901607
Q14012,CAMK1,Ku0063794,HL60,-0.6573260994720365
Q14012,CAMK1,PD153035,HL60,0.5995112917942977
Q14012,CAMK1,PF3758309,HL60,-0.6450287970182592
Q14012,CAMK1,Torin,HL60,-0.4601455313708024
Q14012,CAMK1,Trametinib,HL60,-0.07831110076587974
Q14012,CAMK1,AZD1480,HL60,0.9201864548402455
Q14012,CAMK1,AZD5363,HL60,0.3614320196966803
Q14012,CAMK1,BX912,HL60,1.2432434450855596
Q14012,CAMK1,CHIR99021,HL60,1.6005011122681108
Q14012,CAMK1,GSK2334470,HL60,0.17933618781240804
Q14012,CAMK1,Ipatasertib,HL60,0.4328175114537641
Q14012,CAMK1,LY2090314,HL60,1.076320288920877
Q14012,CAMK1,Tofacitinib,HL60,0.8689596957525446
Q14012,CAMK1,AZD6482,HL60,0.12060487122264842
Q14012,CAMK1,CAL101,HL60,-0.247421249925901
Q14012,CAMK1,GDC0941,HL60,0.8759223966451786
Q14012,CAMK1,HS173,HL60,0.3997862915440104
Q14012,CAMK1,PIK294,HL60,0.9968177412102159
Q14012,CAMK1,TGX221,HL60,0.3778100597315801
Q14012,CAMK1,AZD8055,HL60,-0.11364360028439527
Q14012,CAMK1,GDC0994,HL60,0.3016918265911445
Q14012,CAMK1,JNK,HL60,-0.24259912368648365
Q14012,CAMK1,LY2584702,HL60,-0.6536944975939084
Q14012,CAMK1,PH797804,HL60,0.213906580715731
Q14012,CAMK1,Selumetinib,HL60,0.10080470318974276
Q14012,CAMK1,U73122,HL60,-0.6160922936034664
Q14012,CAMK1,Ulixertinib,HL60,-0.23583788694141194
Q14012,CAMK1,Amuvatinib,HL60,0.41021236752566165
Q14012,CAMK1,AZD3759,HL60,0.4486959927460527
Q14012,CAMK1,GSK690693,HL60,0.12738230159326122
Q14012,CAMK1,JNJ,HL60,0.467101212510829
Q14012,CAMK1,KN62,HL60,-0.4531131495268761
Q14012,CAMK1,Linsitinib,HL60,0.1792879359493773
Q14012,CAMK1,LY2835219,HL60,-0.3324704018870561
Q14012,CAMK1,Ribociclib,HL60,-0.05110067109356636
Q14012,CAMK1,AC220,HL60,1.5031327084850776
Q14012,CAMK1,Edelfosine,HL60,1.288136447158885
Q14012,CAMK1,GF109203X,HL60,-0.4307616929628419
Q14012,CAMK1,Go6976,HL60,-0.5117155060634851
Q14012,CAMK1,PF4708671,HL60,1.4210582885851597
Q14012,CAMK1,SP600125,HL60,0.698321430293135
Q14012,CAMK1,TAK715,HL60,1.533275874617688
Q14012,CAMK1,TBCA,HL60,-0.14501261319469594
Q14012,CAMK1,AT13148,HL60,-0.6532830174213631
Q14012,CAMK1,AZ20,HL60,0.6986345256606159
Q14012,CAMK1,AZD6738,HL60,0.5368593592529158
Q14012,CAMK1,Bosutinib,HL60,1.2024457296863054
Q14012,CAMK1,Dabrafenib,HL60,0.6979244028701155
Q14012,CAMK1,Dasatinib,HL60,1.033526721143613
Q14012,CAMK1,DNAPK,HL60,2.0135937140594695
Q14012,CAMK1,H89,HL60,1.0953519466371622
Q14012,CAMK1,KD025,HL60,0.5774473547915219
Q14012,CAMK1,NU7441,HL60,0.27458037670690316
Q14012,CAMK1,Ripasudil,HL60,1.0521932251438164
Q14012,CAMK1,Vemurafenib,HL60,0.6162213476599543
Q14012,CAMK1,CX4945,HL60,-0.515732865580152
Q14012,CAMK1,GO6983,HL60,-0.6011359986815741
Q14012,CAMK1,KN93,HL60,-0.7657681197034626
Q14012,CAMK1,MK2206,HL60,-0.9341519859114344
Q13523,PRP4K,AZD5438,HL60,
Q13523,PRP4K,FRAX486,HL60,
Q13523,PRP4K,Ku0063794,HL60,
Q13523,PRP4K,PD153035,HL60,
Q13523,PRP4K,PF3758309,HL60,
Q13523,PRP4K,Torin,HL60,
Q13523,PRP4K,Trametinib,HL60,
Q13523,PRP4K,AZD1480,HL60,
Q13523,PRP4K,AZD5363,HL60,
Q13523,PRP4K,BX912,HL60,
Q13523,PRP4K,CHIR99021,HL60,
Q13523,PRP4K,GSK2334470,HL60,
Q13523,PRP4K,Ipatasertib,HL60,
Q13523,PRP4K,LY2090314,HL60,
Q13523,PRP4K,Tofacitinib,HL60,
Q13523,PRP4K,AZD6482,HL60,
Q13523,PRP4K,CAL101,HL60,
Q13523,PRP4K,GDC0941,HL60,
Q13523,PRP4K,HS173,HL60,
Q13523,PRP4K,PIK294,HL60,
Q13523,PRP4K,TGX221,HL60,
Q13523,PRP4K,AZD8055,HL60,
Q13523,PRP4K,GDC0994,HL60,
Q13523,PRP4K,JNK,HL60,
Q13523,PRP4K,LY2584702,HL60,
Q13523,PRP4K,PH797804,HL60,
Q13523,PRP4K,Selumetinib,HL60,
Q13523,PRP4K,U73122,HL60,
Q13523,PRP4K,Ulixertinib,HL60,
Q13523,PRP4K,Amuvatinib,HL60,
Q13523,PRP4K,AZD3759,HL60,
Q13523,PRP4K,GSK690693,HL60,
Q13523,PRP4K,JNJ,HL60,
Q13523,PRP4K,KN62,HL60,
Q13523,PRP4K,Linsitinib,HL60,
Q13523,PRP4K,LY2835219,HL60,
Q13523,PRP4K,Ribociclib,HL60,
Q13523,PRP4K,AC220,HL60,
Q13523,PRP4K,Edelfosine,HL60,
Q13523,PRP4K,GF109203X,HL60,
Q13523,PRP4K,Go6976,HL60,
Q13523,PRP4K,PF4708671,HL60,
Q13523,PRP4K,SP600125,HL60,
Q13523,PRP4K,TAK715,HL60,
Q13523,PRP4K,TBCA,HL60,
Q13523,PRP4K,AT13148,HL60,
Q13523,PRP4K,AZ20,HL60,
Q13523,PRP4K,AZD6738,HL60,
Q13523,PRP4K,Bosutinib,HL60,
Q13523,PRP4K,Dabrafenib,HL60,
Q13523,PRP4K,Dasatinib,HL60,
Q13523,PRP4K,DNAPK,HL60,
Q13523,PRP4K,H89,HL60,
Q13523,PRP4K,KD025,HL60,
Q13523,PRP4K,NU7441,HL60,
Q13523,PRP4K,Ripasudil,HL60,
Q13523,PRP4K,Vemurafenib,HL60,
Q13523,PRP4K,CX4945,HL60,
Q13523,PRP4K,GO6983,HL60,
Q13523,PRP4K,KN93,HL60,
Q13523,PRP4K,MK2206,HL60,
Q16584,MAP3K11,AZD5438,HL60,-1.4859234999906676
Q16584,MAP3K11,FRAX486,HL60,-3.711663232407257
Q16584,MAP3K11,Ku0063794,HL60,-2.8154070185509514
Q16584,MAP3K11,PD153035,HL60,-2.9133232901788237
Q16584,MAP3K11,PF3758309,HL60,-2.43146975800315
Q16584,MAP3K11,Torin,HL60,-3.225793822736816
Q16584,MAP3K11,Trametinib,HL60,-1.3263055280576648
Q16584,MAP3K11,AZD1480,HL60,-1.0223285218152576
Q16584,MAP3K11,AZD5363,HL60,-1.2662077806533678
Q16584,MAP3K11,BX912,HL60,-1.0297763084057245
Q16584,MAP3K11,CHIR99021,HL60,-1.367549613528588
Q16584,MAP3K11,GSK2334470,HL60,-0.6665829051599049
Q16584,MAP3K11,Ipatasertib,HL60,-1.3236370204435552
Q16584,MAP3K11,LY2090314,HL60,-1.1536640244157628
Q16584,MAP3K11,Tofacitinib,HL60,-0.9218023395092302
Q16584,MAP3K11,AZD6482,HL60,-0.9768454962296242
Q16584,MAP3K11,CAL101,HL60,-1.5902549521401736
Q16584,MAP3K11,GDC0941,HL60,-1.212000786197015
Q16584,MAP3K11,HS173,HL60,-1.2899590648782744
Q16584,MAP3K11,PIK294,HL60,-1.1914385834102643
Q16584,MAP3K11,TGX221,HL60,-1.3366585309815497
Q16584,MAP3K11,AZD8055,HL60,-1.353986693553352
Q16584,MAP3K11,GDC0994,HL60,-1.2948102339356928
Q16584,MAP3K11,JNK,HL60,-1.686706735607191
Q16584,MAP3K11,LY2584702,HL60,-1.2679633874445957
Q16584,MAP3K11,PH797804,HL60,-1.4549329773219348
Q16584,MAP3K11,Selumetinib,HL60,-1.0898959949161788
Q16584,MAP3K11,U73122,HL60,-1.311569023125196
Q16584,MAP3K11,Ulixertinib,HL60,-1.3552177155253484
Q16584,MAP3K11,Amuvatinib,HL60,-1.4970990824355772
Q16584,MAP3K11,AZD3759,HL60,-1.7271168656473752
Q16584,MAP3K11,GSK690693,HL60,-0.7054339462432928
Q16584,MAP3K11,JNJ,HL60,-1.1361148233049243
Q16584,MAP3K11,KN62,HL60,-1.6331509948564784
Q16584,MAP3K11,Linsitinib,HL60,-1.5902801740860786
Q16584,MAP3K11,LY2835219,HL60,-1.3590960399946943
Q16584,MAP3K11,Ribociclib,HL60,-1.2175355933260963
Q16584,MAP3K11,AC220,HL60,-1.2250516384529846
Q16584,MAP3K11,Edelfosine,HL60,-2.0077970265510756
Q16584,MAP3K11,GF109203X,HL60,-1.3000879778364003
Q16584,MAP3K11,Go6976,HL60,-1.7946268806845
Q16584,MAP3K11,PF4708671,HL60,-1.3155131580352122
Q16584,MAP3K11,SP600125,HL60,-1.2473580561628865
Q16584,MAP3K11,TAK715,HL60,-1.4989951747430204
Q16584,MAP3K11,TBCA,HL60,-1.5091921433683626
Q16584,MAP3K11,AT13148,HL60,0.2318577412594704
Q16584,MAP3K11,AZ20,HL60,-0.49048409857073316
Q16584,MAP3K11,AZD6738,HL60,-1.737251968817079
Q16584,MAP3K11,Bosutinib,HL60,-1.3468957662695695
Q16584,MAP3K11,Dabrafenib,HL60,-0.19369131220425714
Q16584,MAP3K11,Dasatinib,HL60,0.006231467084727047
Q16584,MAP3K11,DNAPK,HL60,-1.1683449628269607
Q16584,MAP3K11,H89,HL60,0.6134164557905363
Q16584,MAP3K11,KD025,HL60,-0.34409001220755614
Q16584,MAP3K11,NU7441,HL60,-0.7208598418494381
Q16584,MAP3K11,Ripasudil,HL60,-0.817922994098286
Q16584,MAP3K11,Vemurafenib,HL60,-0.04912772506069852
Q16584,MAP3K11,CX4945,HL60,-1.1325876246633708
Q16584,MAP3K11,GO6983,HL60,-1.4759538235941587
Q16584,MAP3K11,KN93,HL60,-1.062393368350032
Q16584,MAP3K11,MK2206,HL60,-1.4598582275740446
Q5VT25,CDC42BPA,AZD5438,HL60,-0.46412653063369963
Q5VT25,CDC42BPA,FRAX486,HL60,-2.1912926208506747
Q5VT25,CDC42BPA,Ku0063794,HL60,-1.861065055526227
Q5VT25,CDC42BPA,PD153035,HL60,-2.5048302259253767
Q5VT25,CDC42BPA,PF3758309,HL60,-1.27259552636539
Q5VT25,CDC42BPA,Torin,HL60,-1.4887212756039667
Q5VT25,CDC42BPA,Trametinib,HL60,0.4811758122480447
Q5VT25,CDC42BPA,AZD1480,HL60,-0.06940570812510959
Q5VT25,CDC42BPA,AZD5363,HL60,-0.7063766054081466
Q5VT25,CDC42BPA,BX912,HL60,0.3972029734394942
Q5VT25,CDC42BPA,CHIR99021,HL60,0.8831055645965946
Q5VT25,CDC42BPA,GSK2334470,HL60,0.9791429901864279
Q5VT25,CDC42BPA,Ipatasertib,HL60,0.2616752103030215
Q5VT25,CDC42BPA,LY2090314,HL60,1.1666981566532355
Q5VT25,CDC42BPA,Tofacitinib,HL60,0.49069257939845967
Q5VT25,CDC42BPA,AZD6482,HL60,1.4018402142213278
Q5VT25,CDC42BPA,CAL101,HL60,0.6497975448393716
Q5VT25,CDC42BPA,GDC0941,HL60,0.9906538619980824
Q5VT25,CDC42BPA,HS173,HL60,-0.3460959154054747
Q5VT25,CDC42BPA,PIK294,HL60,2.3792816218906405
Q5VT25,CDC42BPA,TGX221,HL60,0.39800563119475413
Q5VT25,CDC42BPA,AZD8055,HL60,-1.6359347890146927
Q5VT25,CDC42BPA,GDC0994,HL60,-0.5535331692737896
Q5VT25,CDC42BPA,JNK,HL60,-1.751112828313315
Q5VT25,CDC42BPA,LY2584702,HL60,-1.4921610456854137
Q5VT25,CDC42BPA,PH797804,HL60,-1.9509255381526496
Q5VT25,CDC42BPA,Selumetinib,HL60,-1.7300948908892357
Q5VT25,CDC42BPA,U73122,HL60,-2.467376376829048
Q5VT25,CDC42BPA,Ulixertinib,HL60,-0.48040358941384076
Q5VT25,CDC42BPA,Amuvatinib,HL60,2.3917580548944084
Q5VT25,CDC42BPA,AZD3759,HL60,2.199792542571062
Q5VT25,CDC42BPA,GSK690693,HL60,2.599189929255107
Q5VT25,CDC42BPA,JNJ,HL60,-0.025851109194804718
Q5VT25,CDC42BPA,KN62,HL60,0.4068320096924065
Q5VT25,CDC42BPA,Linsitinib,HL60,-0.06803540498517714
Q5VT25,CDC42BPA,LY2835219,HL60,1.1697483225587177
Q5VT25,CDC42BPA,Ribociclib,HL60,1.0954861198013426
Q5VT25,CDC42BPA,AC220,HL60,-0.7539972764367282
Q5VT25,CDC42BPA,Edelfosine,HL60,-0.10855330024123724
Q5VT25,CDC42BPA,GF109203X,HL60,0.6372855638700262
Q5VT25,CDC42BPA,Go6976,HL60,-0.8399756667514608
Q5VT25,CDC42BPA,PF4708671,HL60,0.7329330580609313
Q5VT25,CDC42BPA,SP600125,HL60,-0.4314293822451731
Q5VT25,CDC42BPA,TAK715,HL60,-0.6545547379143521
Q5VT25,CDC42BPA,TBCA,HL60,-0.02044775925501775
Q5VT25,CDC42BPA,AT13148,HL60,-4.4507053049542495
Q5VT25,CDC42BPA,AZ20,HL60,-1.7498684079998452
Q5VT25,CDC42BPA,AZD6738,HL60,-0.35353754319758063
Q5VT25,CDC42BPA,Bosutinib,HL60,-1.6253834805418625
Q5VT25,CDC42BPA,Dabrafenib,HL60,-0.16602716391604241
Q5VT25,CDC42BPA,Dasatinib,HL60,-0.8107565044385611
Q5VT25,CDC42BPA,DNAPK,HL60,-1.3456742702928302
Q5VT25,CDC42BPA,H89,HL60,-1.083772385650494
Q5VT25,CDC42BPA,KD025,HL60,-0.348184793111555
Q5VT25,CDC42BPA,NU7441,HL60,-1.568721091205507
Q5VT25,CDC42BPA,Ripasudil,HL60,-1.122407239229198
Q5VT25,CDC42BPA,Vemurafenib,HL60,-0.37800604907466673
Q5VT25,CDC42BPA,CX4945,HL60,-0.17418514746464606
Q5VT25,CDC42BPA,GO6983,HL60,-1.397112722806527
Q5VT25,CDC42BPA,KN93,HL60,-1.2348787654216604
Q5VT25,CDC42BPA,MK2206,HL60,-0.513230887245583
Q07912,TNK2,AZD5438,HL60,-0.06134546086594556
Q07912,TNK2,FRAX486,HL60,-0.4025015771083031
Q07912,TNK2,Ku0063794,HL60,1.1749395038601549
Q07912,TNK2,PD153035,HL60,0.7884357483068103
Q07912,TNK2,PF3758309,HL60,0.5091672016713861
Q07912,TNK2,Torin,HL60,0.027986529943719463
Q07912,TNK2,Trametinib,HL60,0.8868198103837677
Q07912,TNK2,AZD1480,HL60,1.354958178615489
Q07912,TNK2,AZD5363,HL60,1.8485807891297246
Q07912,TNK2,BX912,HL60,1.6187758089336255
Q07912,TNK2,CHIR99021,HL60,0.645328862016769
Q07912,TNK2,GSK2334470,HL60,0.6612394336326208
Q07912,TNK2,Ipatasertib,HL60,0.99320429482837
Q07912,TNK2,LY2090314,HL60,1.6973003347388225
Q07912,TNK2,Tofacitinib,HL60,1.1165312046664015
Q07912,TNK2,AZD6482,HL60,0.37197896887213433
Q07912,TNK2,CAL101,HL60,0.7315034851852228
Q07912,TNK2,GDC0941,HL60,0.39185709142121666
Q07912,TNK2,HS173,HL60,0.6734374940444019
Q07912,TNK2,PIK294,HL60,1.2581177765246745
Q07912,TNK2,TGX221,HL60,-0.06661931987404515
Q07912,TNK2,AZD8055,HL60,2.415702569380703
Q07912,TNK2,GDC0994,HL60,0.03562341977019308
Q07912,TNK2,JNK,HL60,2.104342763580978
Q07912,TNK2,LY2584702,HL60,3.1093691252687283
Q07912,TNK2,PH797804,HL60,0.07059327071948
Q07912,TNK2,Selumetinib,HL60,-0.007533218786314772
Q07912,TNK2,U73122,HL60,0.0029042116258228765
Q07912,TNK2,Ulixertinib,HL60,0.6870011769930278
Q07912,TNK2,Amuvatinib,HL60,-1.055618424303522
Q07912,TNK2,AZD3759,HL60,-1.5892034250766263
Q07912,TNK2,GSK690693,HL60,-1.3197201204423201
Q07912,TNK2,JNJ,HL60,-1.2406278162840554
Q07912,TNK2,KN62,HL60,-0.9146738828626316
Q07912,TNK2,Linsitinib,HL60,-1.348695839605255
Q07912,TNK2,LY2835219,HL60,-0.6882991581175558
Q07912,TNK2,Ribociclib,HL60,-1.1829058251927478
Q07912,TNK2,AC220,HL60,1.9070971086733657
Q07912,TNK2,Edelfosine,HL60,1.9163744189297371
Q07912,TNK2,GF109203X,HL60,1.0782727020060232
Q07912,TNK2,Go6976,HL60,0.06358835974188196
Q07912,TNK2,PF4708671,HL60,0.5047145502480869
Q07912,TNK2,SP600125,HL60,2.416998069560051
Q07912,TNK2,TAK715,HL60,-0.07017222382616882
Q07912,TNK2,TBCA,HL60,-0.7629698575695598
Q07912,TNK2,AT13148,HL60,0.4814486356555856
Q07912,TNK2,AZ20,HL60,0.9238678652973312
Q07912,TNK2,AZD6738,HL60,-0.8747510892543114
Q07912,TNK2,Bosutinib,HL60,0.36231029045676716
Q07912,TNK2,Dabrafenib,HL60,0.8593079732677623
Q07912,TNK2,Dasatinib,HL60,1.1910666568823096
Q07912,TNK2,DNAPK,HL60,0.4350416434003383
Q07912,TNK2,H89,HL60,-0.30061487033945206
Q07912,TNK2,KD025,HL60,0.23468606474865708
Q07912,TNK2,NU7441,HL60,-0.8655105522779594
Q07912,TNK2,Ripasudil,HL60,1.1347888041392376
Q07912,TNK2,Vemurafenib,HL60,0.824418532803909
Q07912,TNK2,CX4945,HL60,0.3142730919504166
Q07912,TNK2,GO6983,HL60,1.0170737558338305
Q07912,TNK2,KN93,HL60,-0.21101246578297828
Q07912,TNK2,MK2206,HL60,-0.3180244313237451
Q13043,STK4,AZD5438,HL60,1.2944940946074448
Q13043,STK4,FRAX486,HL60,-0.9121598536051028
Q13043,STK4,Ku0063794,HL60,0.6379909562989651
Q13043,STK4,PD153035,HL60,0.2350289858086525
Q13043,STK4,PF3758309,HL60,0.5292129837291194
Q13043,STK4,Torin,HL60,-0.4798004081363335
Q13043,STK4,Trametinib,HL60,-0.3194606623668649
Q13043,STK4,AZD1480,HL60,0.06840656459783931
Q13043,STK4,AZD5363,HL60,2.473885909754373
Q13043,STK4,BX912,HL60,0.5940135245695947
Q13043,STK4,CHIR99021,HL60,2.493293255788612
Q13043,STK4,GSK2334470,HL60,2.681755587759237
Q13043,STK4,Ipatasertib,HL60,1.4006290369209498
Q13043,STK4,LY2090314,HL60,2.0062992896725325
Q13043,STK4,Tofacitinib,HL60,0.24773048447780158
Q13043,STK4,AZD6482,HL60,-0.17750335066798983
Q13043,STK4,CAL101,HL60,0.9400885553834376
Q13043,STK4,GDC0941,HL60,1.3768091298001037
Q13043,STK4,HS173,HL60,2.6346330483434017
Q13043,STK4,PIK294,HL60,1.1720262151030532
Q13043,STK4,TGX221,HL60,1.8490815072919633
Q13043,STK4,AZD8055,HL60,0.726221111399493
Q13043,STK4,GDC0994,HL60,-0.3597320777808173
Q13043,STK4,JNK,HL60,0.16104350670610965
Q13043,STK4,LY2584702,HL60,0.5936711427942986
Q13043,STK4,PH797804,HL60,0.431282751360072
Q13043,STK4,Selumetinib,HL60,0.5583320873492272
Q13043,STK4,U73122,HL60,-0.17859749477322637
Q13043,STK4,Ulixertinib,HL60,0.5656275706446392
Q13043,STK4,Amuvatinib,HL60,-1.2676629796567092
Q13043,STK4,AZD3759,HL60,-1.5206297828249933
Q13043,STK4,GSK690693,HL60,-0.06230624859043329
Q13043,STK4,JNJ,HL60,-0.21557107113301832
Q13043,STK4,KN62,HL60,-0.28387145299728966
Q13043,STK4,Linsitinib,HL60,-0.49628775239629597
Q13043,STK4,LY2835219,HL60,-1.6329181643098776
Q13043,STK4,Ribociclib,HL60,-1.3816787003180122
Q13043,STK4,AC220,HL60,-1.0657950057323582
Q13043,STK4,Edelfosine,HL60,-0.33466837982965686
Q13043,STK4,GF109203X,HL60,-0.06658755707870861
Q13043,STK4,Go6976,HL60,-0.29322138028925737
Q13043,STK4,PF4708671,HL60,-0.3729203383839095
Q13043,STK4,SP600125,HL60,0.05278295616346636
Q13043,STK4,TAK715,HL60,0.2954613004289804
Q13043,STK4,TBCA,HL60,0.27510292373602874
Q13043,STK4,AT13148,HL60,0.3914748860349876
Q13043,STK4,AZ20,HL60,1.5704618694822163
Q13043,STK4,AZD6738,HL60,0.7385999883221142
Q13043,STK4,Bosutinib,HL60,0.308008488266863
Q13043,STK4,Dabrafenib,HL60,-0.42630581154804587
Q13043,STK4,Dasatinib,HL60,1.0052669148699125
Q13043,STK4,DNAPK,HL60,0.695187595083429
Q13043,STK4,H89,HL60,0.6488857015889291
Q13043,STK4,KD025,HL60,-0.9246515443733865
Q13043,STK4,NU7441,HL60,0.5982980407192632
Q13043,STK4,Ripasudil,HL60,0.5871596832544516
Q13043,STK4,Vemurafenib,HL60,0.055361953012867844
Q13043,STK4,CX4945,HL60,-0.4022095156134771
Q13043,STK4,GO6983,HL60,-0.3609188161260685
Q13043,STK4,KN93,HL60,0.0036895286310960097
Q13043,STK4,MK2206,HL60,0.18077858130286284
Q8TD19,NEK9,AZD5438,HL60,1.9718174724299047
Q8TD19,NEK9,FRAX486,HL60,2.897180942123543
Q8TD19,NEK9,Ku0063794,HL60,0.7706397509043084
Q8TD19,NEK9,PD153035,HL60,0.7388253855648053
Q8TD19,NEK9,PF3758309,HL60,1.86092283124021
Q8TD19,NEK9,Torin,HL60,-1.379062420708528
Q8TD19,NEK9,Trametinib,HL60,0.6660467891794513
Q8TD19,NEK9,AZD1480,HL60,2.294589344355107
Q8TD19,NEK9,AZD5363,HL60,2.047731583151804
Q8TD19,NEK9,BX912,HL60,1.9558714565962079
Q8TD19,NEK9,CHIR99021,HL60,1.8662626246536285
Q8TD19,NEK9,GSK2334470,HL60,2.341448756476577
Q8TD19,NEK9,Ipatasertib,HL60,3.3018085800009698
Q8TD19,NEK9,LY2090314,HL60,2.740728580656403
Q8TD19,NEK9,Tofacitinib,HL60,1.2201017202561135
Q8TD19,NEK9,AZD6482,HL60,-0.6933862416829657
Q8TD19,NEK9,CAL101,HL60,0.7210126178578979
Q8TD19,NEK9,GDC0941,HL60,1.707774438841535
Q8TD19,NEK9,HS173,HL60,1.2243171884935826
Q8TD19,NEK9,PIK294,HL60,1.6900715560314303
Q8TD19,NEK9,TGX221,HL60,1.6208543461774398
Q8TD19,NEK9,AZD8055,HL60,-0.6373836695249868
Q8TD19,NEK9,GDC0994,HL60,-0.20380670126491107
Q8TD19,NEK9,JNK,HL60,-0.3652978346851088
Q8TD19,NEK9,LY2584702,HL60,0.11071148987602532
Q8TD19,NEK9,PH797804,HL60,0.20136424354843085
Q8TD19,NEK9,Selumetinib,HL60,-2.1365803999857897
Q8TD19,NEK9,U73122,HL60,-1.9856892056415252
Q8TD19,NEK9,Ulixertinib,HL60,-1.2748575064143923
Q8TD19,NEK9,Amuvatinib,HL60,-1.874931797492649
Q8TD19,NEK9,AZD3759,HL60,-1.7211600971192085
Q8TD19,NEK9,GSK690693,HL60,-1.3065646138503937
Q8TD19,NEK9,JNJ,HL60,-0.996581249446116
Q8TD19,NEK9,KN62,HL60,-0.9711360302600742
Q8TD19,NEK9,Linsitinib,HL60,-1.9766871899930554
Q8TD19,NEK9,LY2835219,HL60,-1.0731084099527788
Q8TD19,NEK9,Ribociclib,HL60,-3.844919679117743
Q8TD19,NEK9,AC220,HL60,-5.000436205240553
Q8TD19,NEK9,Edelfosine,HL60,-2.9141083663751783
Q8TD19,NEK9,GF109203X,HL60,-1.0678061536647014
Q8TD19,NEK9,Go6976,HL60,-1.3579096595582432
Q8TD19,NEK9,PF4708671,HL60,-1.320937070869965
Q8TD19,NEK9,SP600125,HL60,-3.187439756541765
Q8TD19,NEK9,TAK715,HL60,-1.7799952852577774
Q8TD19,NEK9,TBCA,HL60,-0.9700302436677753
Q8TD19,NEK9,AT13148,HL60,-0.36375889687866136
Q8TD19,NEK9,AZ20,HL60,1.863369730815944
Q8TD19,NEK9,AZD6738,HL60,0.9185105972920499
Q8TD19,NEK9,Bosutinib,HL60,-0.3337785915732492
Q8TD19,NEK9,Dabrafenib,HL60,0.35545958925903814
Q8TD19,NEK9,Dasatinib,HL60,-0.26430116023550726
Q8TD19,NEK9,DNAPK,HL60,-0.175251215755165
Q8TD19,NEK9,H89,HL60,0.18653465527271587
Q8TD19,NEK9,KD025,HL60,-1.6885482981880562
Q8TD19,NEK9,NU7441,HL60,-1.3420395076406644
Q8TD19,NEK9,Ripasudil,HL60,-0.015339198094709367
Q8TD19,NEK9,Vemurafenib,HL60,1.2704234048065732
Q8TD19,NEK9,CX4945,HL60,-2.3073168600072456
Q8TD19,NEK9,GO6983,HL60,-0.9382778619601692
Q8TD19,NEK9,KN93,HL60,-0.9618074376808818
Q8TD19,NEK9,MK2206,HL60,-2.174577554565166
Q96RG2,PASK,AZD5438,HL60,0.28116367067499026
Q96RG2,PASK,FRAX486,HL60,1.3709126898256994
Q96RG2,PASK,Ku0063794,HL60,0.42764926280916615
Q96RG2,PASK,PD153035,HL60,0.16585529471010485
Q96RG2,PASK,PF3758309,HL60,0.3435808630430122
Q96RG2,PASK,Torin,HL60,1.7425104107196518
Q96RG2,PASK,Trametinib,HL60,0.8180229160609778
Q96RG2,PASK,AZD1480,HL60,0.7464968286631236
Q96RG2,PASK,AZD5363,HL60,0.9569777385244198
Q96RG2,PASK,BX912,HL60,0.625533236013022
Q96RG2,PASK,CHIR99021,HL60,-0.5007243575027746
Q96RG2,PASK,GSK2334470,HL60,0.8176119709828005
Q96RG2,PASK,Ipatasertib,HL60,0.714639473702725
Q96RG2,PASK,LY2090314,HL60,0.14744821420357213
Q96RG2,PASK,Tofacitinib,HL60,0.7442027726785385
Q96RG2,PASK,AZD6482,HL60,0.12575954102453166
Q96RG2,PASK,CAL101,HL60,0.006338469298811313
Q96RG2,PASK,GDC0941,HL60,-0.9938848714921563
Q96RG2,PASK,HS173,HL60,-0.18151534055154064
Q96RG2,PASK,PIK294,HL60,0.04171056651166198
Q96RG2,PASK,TGX221,HL60,-0.0882828760238105
Q96RG2,PASK,AZD8055,HL60,-1.0471811670935083
Q96RG2,PASK,GDC0994,HL60,0.45810549723238503
Q96RG2,PASK,JNK,HL60,-0.7779736799645313
Q96RG2,PASK,LY2584702,HL60,0.37020872771820407
Q96RG2,PASK,PH797804,HL60,-0.10448753198944014
Q96RG2,PASK,Selumetinib,HL60,-0.6656747691634279
Q96RG2,PASK,U73122,HL60,-0.8407132937405796
Q96RG2,PASK,Ulixertinib,HL60,-1.023851245171041
Q96RG2,PASK,Amuvatinib,HL60,0.5081053873697802
Q96RG2,PASK,AZD3759,HL60,0.2888817831441202
Q96RG2,PASK,GSK690693,HL60,0.5486508542258453
Q96RG2,PASK,JNJ,HL60,0.11291985526163836
Q96RG2,PASK,KN62,HL60,1.4854636483777421
Q96RG2,PASK,Linsitinib,HL60,-0.23636143207410645
Q96RG2,PASK,LY2835219,HL60,1.2493666031518014
Q96RG2,PASK,Ribociclib,HL60,1.5491258885914323
Q96RG2,PASK,AC220,HL60,2.0312533858217456
Q96RG2,PASK,Edelfosine,HL60,0.10076467888232726
Q96RG2,PASK,GF109203X,HL60,1.8165144021965867
Q96RG2,PASK,Go6976,HL60,0.6097560776566199
Q96RG2,PASK,PF4708671,HL60,1.0314563357298965
Q96RG2,PASK,SP600125,HL60,0.60814915656727
Q96RG2,PASK,TAK715,HL60,0.7078368215374892
Q96RG2,PASK,TBCA,HL60,1.3154338701593498
Q96RG2,PASK,AT13148,HL60,1.475453777046546
Q96RG2,PASK,AZ20,HL60,1.9133412548351456
Q96RG2,PASK,AZD6738,HL60,0.10227823213527704
Q96RG2,PASK,Bosutinib,HL60,1.5027390369936542
Q96RG2,PASK,Dabrafenib,HL60,0.4168661791912785
Q96RG2,PASK,Dasatinib,HL60,2.076296664832859
Q96RG2,PASK,DNAPK,HL60,0.6674785348214405
Q96RG2,PASK,H89,HL60,0.3650889792634084
Q96RG2,PASK,KD025,HL60,3.7315817825874706
Q96RG2,PASK,NU7441,HL60,1.1570497774165673
Q96RG2,PASK,Ripasudil,HL60,1.1282207589781743
Q96RG2,PASK,Vemurafenib,HL60,1.526785769124059
Q96RG2,PASK,CX4945,HL60,-0.8507107270272044
Q96RG2,PASK,GO6983,HL60,0.7016157784141052
Q96RG2,PASK,KN93,HL60,0.40921877132368717
Q96RG2,PASK,MK2206,HL60,-0.09201430776756646
Q9H4A3,WNK1,AZD5438,HL60,0.051457559065423285
Q9H4A3,WNK1,FRAX486,HL60,-0.9993091265960277
Q9H4A3,WNK1,Ku0063794,HL60,-0.3269106402768973
Q9H4A3,WNK1,PD153035,HL60,-0.658930253922236
Q9H4A3,WNK1,PF3758309,HL60,-1.7515593496804562
Q9H4A3,WNK1,Torin,HL60,1.0136825007581352
Q9H4A3,WNK1,Trametinib,HL60,0.24400586923654094
Q9H4A3,WNK1,AZD1480,HL60,-0.57197179967813
Q9H4A3,WNK1,AZD5363,HL60,1.5133892703536318
Q9H4A3,WNK1,BX912,HL60,-0.45878311237631025
Q9H4A3,WNK1,CHIR99021,HL60,2.28934348773693
Q9H4A3,WNK1,GSK2334470,HL60,2.607522223268988
Q9H4A3,WNK1,Ipatasertib,HL60,1.646467721911627
Q9H4A3,WNK1,LY2090314,HL60,2.144349818546835
Q9H4A3,WNK1,Tofacitinib,HL60,0.4990856118421783
Q9H4A3,WNK1,AZD6482,HL60,0.4891009759668751
Q9H4A3,WNK1,CAL101,HL60,2.5630881431093897
Q9H4A3,WNK1,GDC0941,HL60,2.7153153409679267
Q9H4A3,WNK1,HS173,HL60,3.7671499672473767
Q9H4A3,WNK1,PIK294,HL60,3.5345816052294587
Q9H4A3,WNK1,TGX221,HL60,3.29713064349355
Q9H4A3,WNK1,AZD8055,HL60,0.09235109843073076
Q9H4A3,WNK1,GDC0994,HL60,-0.20649659529458614
Q9H4A3,WNK1,JNK,HL60,0.3469975402192226
Q9H4A3,WNK1,LY2584702,HL60,2.2449545857542765
Q9H4A3,WNK1,PH797804,HL60,1.7930872161703781
Q9H4A3,WNK1,Selumetinib,HL60,2.040188389316365
Q9H4A3,WNK1,U73122,HL60,0.02220299210247987
Q9H4A3,WNK1,Ulixertinib,HL60,0.8343877956051301
Q9H4A3,WNK1,Amuvatinib,HL60,-0.1968732128785348
Q9H4A3,WNK1,AZD3759,HL60,-0.8471994369011542
Q9H4A3,WNK1,GSK690693,HL60,0.8219917724869862
Q9H4A3,WNK1,JNJ,HL60,0.9939241071352628
Q9H4A3,WNK1,KN62,HL60,-0.41948114827065797
Q9H4A3,WNK1,Linsitinib,HL60,-0.08100743599547745
Q9H4A3,WNK1,LY2835219,HL60,-0.4311914939708034
Q9H4A3,WNK1,Ribociclib,HL60,-0.8404531378564697
Q9H4A3,WNK1,AC220,HL60,-1.7895162573679255
Q9H4A3,WNK1,Edelfosine,HL60,-1.331288595367501
Q9H4A3,WNK1,GF109203X,HL60,-0.9617325721875097
Q9H4A3,WNK1,Go6976,HL60,-1.2539670221523698
Q9H4A3,WNK1,PF4708671,HL60,-0.13156910668617194
Q9H4A3,WNK1,SP600125,HL60,-1.461691055619121
Q9H4A3,WNK1,TAK715,HL60,-0.29080503356248855
Q9H4A3,WNK1,TBCA,HL60,-0.8636277862325181
Q9H4A3,WNK1,AT13148,HL60,0.16973149848574942
Q9H4A3,WNK1,AZ20,HL60,1.6211319866042937
Q9H4A3,WNK1,AZD6738,HL60,1.5171037652694928
Q9H4A3,WNK1,Bosutinib,HL60,0.44294600046241
Q9H4A3,WNK1,Dabrafenib,HL60,-0.30508384311573267
Q9H4A3,WNK1,Dasatinib,HL60,-1.4069673583735454
Q9H4A3,WNK1,DNAPK,HL60,-0.6790303488973429
Q9H4A3,WNK1,H89,HL60,-0.33945437660136585
Q9H4A3,WNK1,KD025,HL60,-2.681236786428044
Q9H4A3,WNK1,NU7441,HL60,-0.415962316441744
Q9H4A3,WNK1,Ripasudil,HL60,-0.29107529688935013
Q9H4A3,WNK1,Vemurafenib,HL60,-0.7452107962003126
Q9H4A3,WNK1,CX4945,HL60,-1.0414700950382252
Q9H4A3,WNK1,GO6983,HL60,-0.7329413093264813
Q9H4A3,WNK1,KN93,HL60,-0.410360094389102
Q9H4A3,WNK1,MK2206,HL60,-0.33405160734987277
P42684,ABL2,AZD5438,HL60,
P42684,ABL2,FRAX486,HL60,
P42684,ABL2,Ku0063794,HL60,
P42684,ABL2,PD153035,HL60,
P42684,ABL2,PF3758309,HL60,
P42684,ABL2,Torin,HL60,
P42684,ABL2,Trametinib,HL60,
P42684,ABL2,AZD1480,HL60,
P42684,ABL2,AZD5363,HL60,
P42684,ABL2,BX912,HL60,
P42684,ABL2,CHIR99021,HL60,
P42684,ABL2,GSK2334470,HL60,
P42684,ABL2,Ipatasertib,HL60,
P42684,ABL2,LY2090314,HL60,
P42684,ABL2,Tofacitinib,HL60,
P42684,ABL2,AZD6482,HL60,
P42684,ABL2,CAL101,HL60,
P42684,ABL2,GDC0941,HL60,
P42684,ABL2,HS173,HL60,
P42684,ABL2,PIK294,HL60,
P42684,ABL2,TGX221,HL60,
P42684,ABL2,AZD8055,HL60,
P42684,ABL2,GDC0994,HL60,
P42684,ABL2,JNK,HL60,
P42684,ABL2,LY2584702,HL60,
P42684,ABL2,PH797804,HL60,
P42684,ABL2,Selumetinib,HL60,
P42684,ABL2,U73122,HL60,
P42684,ABL2,Ulixertinib,HL60,
P42684,ABL2,Amuvatinib,HL60,
P42684,ABL2,AZD3759,HL60,
P42684,ABL2,GSK690693,HL60,
P42684,ABL2,JNJ,HL60,
P42684,ABL2,KN62,HL60,
P42684,ABL2,Linsitinib,HL60,
P42684,ABL2,LY2835219,HL60,
P42684,ABL2,Ribociclib,HL60,
P42684,ABL2,AC220,HL60,
P42684,ABL2,Edelfosine,HL60,
P42684,ABL2,GF109203X,HL60,
P42684,ABL2,Go6976,HL60,
P42684,ABL2,PF4708671,HL60,
P42684,ABL2,SP600125,HL60,
P42684,ABL2,TAK715,HL60,
P42684,ABL2,TBCA,HL60,
P42684,ABL2,AT13148,HL60,
P42684,ABL2,AZ20,HL60,
P42684,ABL2,AZD6738,HL60,
P42684,ABL2,Bosutinib,HL60,
P42684,ABL2,Dabrafenib,HL60,
P42684,ABL2,Dasatinib,HL60,
P42684,ABL2,DNAPK,HL60,
P42684,ABL2,H89,HL60,
P42684,ABL2,KD025,HL60,
P42684,ABL2,NU7441,HL60,
P42684,ABL2,Ripasudil,HL60,
P42684,ABL2,Vemurafenib,HL60,
P42684,ABL2,CX4945,HL60,
P42684,ABL2,GO6983,HL60,
P42684,ABL2,KN93,HL60,
P42684,ABL2,MK2206,HL60,
P41743,PRKCI,AZD5438,HL60,-0.3873108919237444
P41743,PRKCI,FRAX486,HL60,-0.8702299920347304
P41743,PRKCI,Ku0063794,HL60,-0.6668674307312704
P41743,PRKCI,PD153035,HL60,-0.3258298823833611
P41743,PRKCI,PF3758309,HL60,-1.6281096340892156
P41743,PRKCI,Torin,HL60,-0.9158975552963194
P41743,PRKCI,Trametinib,HL60,0.446640745292824
P41743,PRKCI,AZD1480,HL60,1.5073500722278086
P41743,PRKCI,AZD5363,HL60,1.1540649126574174
P41743,PRKCI,BX912,HL60,2.7834434710252673
P41743,PRKCI,CHIR99021,HL60,1.5412253447245325
P41743,PRKCI,GSK2334470,HL60,1.6562446301068905
P41743,PRKCI,Ipatasertib,HL60,2.1905858240548217
P41743,PRKCI,LY2090314,HL60,1.5412495358451537
P41743,PRKCI,Tofacitinib,HL60,3.1647231007395495
P41743,PRKCI,AZD6482,HL60,0.7549279960070318
P41743,PRKCI,CAL101,HL60,0.594959082151454
P41743,PRKCI,GDC0941,HL60,0.5540960071464445
P41743,PRKCI,HS173,HL60,0.6870314379829915
P41743,PRKCI,PIK294,HL60,3.70183209675697
P41743,PRKCI,TGX221,HL60,1.5584087354918388
P41743,PRKCI,AZD8055,HL60,-3.291975267702703
P41743,PRKCI,GDC0994,HL60,-1.228909152935098
P41743,PRKCI,JNK,HL60,-0.05755472225874811
P41743,PRKCI,LY2584702,HL60,-1.7311309814801519
P41743,PRKCI,PH797804,HL60,1.2562655251017114
P41743,PRKCI,Selumetinib,HL60,-0.5139025766575425
P41743,PRKCI,U73122,HL60,1.229848995041816
P41743,PRKCI,Ulixertinib,HL60,-1.4328855702503187
P41743,PRKCI,Amuvatinib,HL60,1.2290847362049082
P41743,PRKCI,AZD3759,HL60,0.8873972303946693
P41743,PRKCI,GSK690693,HL60,1.0999967050786241
P41743,PRKCI,JNJ,HL60,1.0299404904400284
P41743,PRKCI,KN62,HL60,1.3129567485435987
P41743,PRKCI,Linsitinib,HL60,1.9611831290908626
P41743,PRKCI,LY2835219,HL60,1.6392370051888137
P41743,PRKCI,Ribociclib,HL60,2.3421348515994356
P41743,PRKCI,AC220,HL60,0.668800622842589
P41743,PRKCI,Edelfosine,HL60,-0.5402812098144372
P41743,PRKCI,GF109203X,HL60,-0.9560809737245697
P41743,PRKCI,Go6976,HL60,-0.17560021479720567
P41743,PRKCI,PF4708671,HL60,0.2290074561821157
P41743,PRKCI,SP600125,HL60,-0.9349751337653599
P41743,PRKCI,TAK715,HL60,-1.4869233249626361
P41743,PRKCI,TBCA,HL60,-0.9215950588725935
P41743,PRKCI,AT13148,HL60,1.912385939581984
P41743,PRKCI,AZ20,HL60,2.432514120618511
P41743,PRKCI,AZD6738,HL60,0.12244861301035197
P41743,PRKCI,Bosutinib,HL60,0.7136450604789834
P41743,PRKCI,Dabrafenib,HL60,1.2067843610466484
P41743,PRKCI,Dasatinib,HL60,1.8300563249706716
P41743,PRKCI,DNAPK,HL60,1.9586584805735394
P41743,PRKCI,H89,HL60,2.725026545329652
P41743,PRKCI,KD025,HL60,1.9301985485485484
P41743,PRKCI,NU7441,HL60,2.296723682935306
P41743,PRKCI,Ripasudil,HL60,-0.41909219109888407
P41743,PRKCI,Vemurafenib,HL60,0.42278821371049086
P41743,PRKCI,CX4945,HL60,0.31848337264794246
P41743,PRKCI,GO6983,HL60,-1.0882958755567895
P41743,PRKCI,KN93,HL60,0.12220928798012617
P41743,PRKCI,MK2206,HL60,-0.03069977949585428
Q9BZL6,PRKD2,AZD5438,HL60,-0.8689511428358132
Q9BZL6,PRKD2,FRAX486,HL60,0.09334696512333408
Q9BZL6,PRKD2,Ku0063794,HL60,1.834923404870701
Q9BZL6,PRKD2,PD153035,HL60,-1.1055123344724669
Q9BZL6,PRKD2,PF3758309,HL60,-1.155182345095566
Q9BZL6,PRKD2,Torin,HL60,1.8193514634580006
Q9BZL6,PRKD2,Trametinib,HL60,-0.881393332943663
Q9BZL6,PRKD2,AZD1480,HL60,2.7155542540520843
Q9BZL6,PRKD2,AZD5363,HL60,0.9425426708187936
Q9BZL6,PRKD2,BX912,HL60,1.8767152965542884
Q9BZL6,PRKD2,CHIR99021,HL60,3.0042786840042486
Q9BZL6,PRKD2,GSK2334470,HL60,2.547817689697046
Q9BZL6,PRKD2,Ipatasertib,HL60,1.9324058401899689
Q9BZL6,PRKD2,LY2090314,HL60,-0.06852297507316372
Q9BZL6,PRKD2,Tofacitinib,HL60,-0.011598755062520125
Q9BZL6,PRKD2,AZD6482,HL60,0.17932275801064587
Q9BZL6,PRKD2,CAL101,HL60,-0.2493339287402757
Q9BZL6,PRKD2,GDC0941,HL60,0.17182466908812852
Q9BZL6,PRKD2,HS173,HL60,1.31980073016236
Q9BZL6,PRKD2,PIK294,HL60,-0.1376823800813348
Q9BZL6,PRKD2,TGX221,HL60,1.261997395148047
Q9BZL6,PRKD2,AZD8055,HL60,-2.741917905891824
Q9BZL6,PRKD2,GDC0994,HL60,0.5106540854638091
Q9BZL6,PRKD2,JNK,HL60,-1.822560634061921
Q9BZL6,PRKD2,LY2584702,HL60,-0.2926942345780871
Q9BZL6,PRKD2,PH797804,HL60,-2.4532419504688336
Q9BZL6,PRKD2,Selumetinib,HL60,-0.5031256585970012
Q9BZL6,PRKD2,U73122,HL60,-2.9946629818725397
Q9BZL6,PRKD2,Ulixertinib,HL60,-2.9866685476835384
Q9BZL6,PRKD2,Amuvatinib,HL60,0.8551164413655213
Q9BZL6,PRKD2,AZD3759,HL60,0.5921196814864959
Q9BZL6,PRKD2,GSK690693,HL60,0.12756558129839968
Q9BZL6,PRKD2,JNJ,HL60,0.8341353835178505
Q9BZL6,PRKD2,KN62,HL60,0.30132630391528237
Q9BZL6,PRKD2,Linsitinib,HL60,0.4083738089791851
Q9BZL6,PRKD2,LY2835219,HL60,0.7373966905031109
Q9BZL6,PRKD2,Ribociclib,HL60,0.28358163056118896
Q9BZL6,PRKD2,AC220,HL60,-1.2717958362851036
Q9BZL6,PRKD2,Edelfosine,HL60,-0.9857294460292491
Q9BZL6,PRKD2,GF109203X,HL60,-0.6951397657789005
Q9BZL6,PRKD2,Go6976,HL60,-0.5913441686722929
Q9BZL6,PRKD2,PF4708671,HL60,0.060625804060096905
Q9BZL6,PRKD2,SP600125,HL60,0.21853987838477187
Q9BZL6,PRKD2,TAK715,HL60,-0.8307654642746782
Q9BZL6,PRKD2,TBCA,HL60,-1.8952722810738727
Q9BZL6,PRKD2,AT13148,HL60,0.13656652097669256
Q9BZL6,PRKD2,AZ20,HL60,0.021911776189899857
Q9BZL6,PRKD2,AZD6738,HL60,-0.6418418807774072
Q9BZL6,PRKD2,Bosutinib,HL60,-0.37976962941755527
Q9BZL6,PRKD2,Dabrafenib,HL60,0.3651304147872251
Q9BZL6,PRKD2,Dasatinib,HL60,0.19344820356539433
Q9BZL6,PRKD2,DNAPK,HL60,1.7233485237718638
Q9BZL6,PRKD2,H89,HL60,0.7098573315039101
Q9BZL6,PRKD2,KD025,HL60,1.461650644844208
Q9BZL6,PRKD2,NU7441,HL60,0.2838705763998083
Q9BZL6,PRKD2,Ripasudil,HL60,-0.20829306826264551
Q9BZL6,PRKD2,Vemurafenib,HL60,-0.13736129427846952
Q9BZL6,PRKD2,CX4945,HL60,0.04284678973974846
Q9BZL6,PRKD2,GO6983,HL60,-0.11331097052213283
Q9BZL6,PRKD2,KN93,HL60,-1.0157134610725436
Q9BZL6,PRKD2,MK2206,HL60,-0.2692739636841014
Q8N5S9,CAMKK1,AZD5438,HL60,-0.42822604140338005
Q8N5S9,CAMKK1,FRAX486,HL60,-0.05854226823567072
Q8N5S9,CAMKK1,Ku0063794,HL60,-1.2668306448110715
Q8N5S9,CAMKK1,PD153035,HL60,0.5078174639497218
Q8N5S9,CAMKK1,PF3758309,HL60,0.09172210609675228
Q8N5S9,CAMKK1,Torin,HL60,-0.13782317167780292
Q8N5S9,CAMKK1,Trametinib,HL60,-0.6351217491780026
Q8N5S9,CAMKK1,AZD1480,HL60,-0.10862135705565427
Q8N5S9,CAMKK1,AZD5363,HL60,0.8253015057045822
Q8N5S9,CAMKK1,BX912,HL60,0.05368385149696306
Q8N5S9,CAMKK1,CHIR99021,HL60,-0.20663048817648763
Q8N5S9,CAMKK1,GSK2334470,HL60,-0.7733134658655931
Q8N5S9,CAMKK1,Ipatasertib,HL60,0.6003345979664432
Q8N5S9,CAMKK1,LY2090314,HL60,0.30691615862250643
Q8N5S9,CAMKK1,Tofacitinib,HL60,0.16048871567032752
Q8N5S9,CAMKK1,AZD6482,HL60,0.4689683076724908
Q8N5S9,CAMKK1,CAL101,HL60,-0.26438781487258556
Q8N5S9,CAMKK1,GDC0941,HL60,-0.9214048506811133
Q8N5S9,CAMKK1,HS173,HL60,1.8445723060763808
Q8N5S9,CAMKK1,PIK294,HL60,0.2203149504835484
Q8N5S9,CAMKK1,TGX221,HL60,1.2014122174768476
Q8N5S9,CAMKK1,AZD8055,HL60,0.7749455270752618
Q8N5S9,CAMKK1,GDC0994,HL60,0.7777236290809393
Q8N5S9,CAMKK1,JNK,HL60,-0.23749715648016387
Q8N5S9,CAMKK1,LY2584702,HL60,-0.013989832179924833
Q8N5S9,CAMKK1,PH797804,HL60,0.6833549938200779
Q8N5S9,CAMKK1,Selumetinib,HL60,0.2692355168206618
Q8N5S9,CAMKK1,U73122,HL60,0.6823524068814066
Q8N5S9,CAMKK1,Ulixertinib,HL60,0.08421036380509672
Q8N5S9,CAMKK1,Amuvatinib,HL60,-0.32930820504787606
Q8N5S9,CAMKK1,AZD3759,HL60,-0.6700866448358587
Q8N5S9,CAMKK1,GSK690693,HL60,-0.24339469623473448
Q8N5S9,CAMKK1,JNJ,HL60,-0.8096293717410423
Q8N5S9,CAMKK1,KN62,HL60,-0.19429182966300299
Q8N5S9,CAMKK1,Linsitinib,HL60,-0.16824895441871016
Q8N5S9,CAMKK1,LY2835219,HL60,-0.09777288889382882
Q8N5S9,CAMKK1,Ribociclib,HL60,-0.058199155179552674
Q8N5S9,CAMKK1,AC220,HL60,0.9806694986394168
Q8N5S9,CAMKK1,Edelfosine,HL60,1.0311569364062325
Q8N5S9,CAMKK1,GF109203X,HL60,-0.31577399184309135
Q8N5S9,CAMKK1,Go6976,HL60,-0.016862885296458997
Q8N5S9,CAMKK1,PF4708671,HL60,1.1020746931289336
Q8N5S9,CAMKK1,SP600125,HL60,-0.3328444891989952
Q8N5S9,CAMKK1,TAK715,HL60,0.6777298575007649
Q8N5S9,CAMKK1,TBCA,HL60,-0.11963542438795705
Q8N5S9,CAMKK1,AT13148,HL60,0.28705834804829633
Q8N5S9,CAMKK1,AZ20,HL60,0.03506870804320976
Q8N5S9,CAMKK1,AZD6738,HL60,-0.0044441590820912865
Q8N5S9,CAMKK1,Bosutinib,HL60,0.6220274563977669
Q8N5S9,CAMKK1,Dabrafenib,HL60,-0.5853119722991731
Q8N5S9,CAMKK1,Dasatinib,HL60,0.7666059101559284
Q8N5S9,CAMKK1,DNAPK,HL60,0.7293058011684362
Q8N5S9,CAMKK1,H89,HL60,0.6489181312566553
Q8N5S9,CAMKK1,KD025,HL60,0.7653033810404993
Q8N5S9,CAMKK1,NU7441,HL60,-0.27989056298426734
Q8N5S9,CAMKK1,Ripasudil,HL60,0.6254094946636373
Q8N5S9,CAMKK1,Vemurafenib,HL60,-0.5590174070654224
Q8N5S9,CAMKK1,CX4945,HL60,-0.19354841737614534
Q8N5S9,CAMKK1,GO6983,HL60,-0.22248245407624548
Q8N5S9,CAMKK1,KN93,HL60,-0.30677990667912647
Q8N5S9,CAMKK1,MK2206,HL60,-0.19809578116419116
Q13233,MAP3K1,AZD5438,HL60,0.7970518972097739
Q13233,MAP3K1,FRAX486,HL60,4.069762017163216
Q13233,MAP3K1,Ku0063794,HL60,0.16635940621324974
Q13233,MAP3K1,PD153035,HL60,-0.35145122247537935
Q13233,MAP3K1,PF3758309,HL60,1.3429646724838018
Q13233,MAP3K1,Torin,HL60,0.14979202663292707
Q13233,MAP3K1,Trametinib,HL60,-5.177917839000956
Q13233,MAP3K1,AZD1480,HL60,0.3618607911061595
Q13233,MAP3K1,AZD5363,HL60,0.6872482741414287
Q13233,MAP3K1,BX912,HL60,1.2090561707828233
Q13233,MAP3K1,CHIR99021,HL60,-0.18654551315961823
Q13233,MAP3K1,GSK2334470,HL60,1.6612488624459525
Q13233,MAP3K1,Ipatasertib,HL60,0.24740025826277454
Q13233,MAP3K1,LY2090314,HL60,-0.21606618131179312
Q13233,MAP3K1,Tofacitinib,HL60,-0.024674447268318515
Q13233,MAP3K1,AZD6482,HL60,-0.3627700853286038
Q13233,MAP3K1,CAL101,HL60,-0.8787993526684
Q13233,MAP3K1,GDC0941,HL60,-0.527846840378202
Q13233,MAP3K1,HS173,HL60,-1.9751639073917635
Q13233,MAP3K1,PIK294,HL60,-0.41345515964090457
Q13233,MAP3K1,TGX221,HL60,-0.08146109841921814
Q13233,MAP3K1,AZD8055,HL60,-0.029036925886898223
Q13233,MAP3K1,GDC0994,HL60,0.297226676348521
Q13233,MAP3K1,JNK,HL60,0.14847518113206498
Q13233,MAP3K1,LY2584702,HL60,0.5089206932126163
Q13233,MAP3K1,PH797804,HL60,-0.11164212235993701
Q13233,MAP3K1,Selumetinib,HL60,-0.35634886556106027
Q13233,MAP3K1,U73122,HL60,-0.05221739729877778
Q13233,MAP3K1,Ulixertinib,HL60,2.1578199938400395
Q13233,MAP3K1,Amuvatinib,HL60,-0.006321580933380354
Q13233,MAP3K1,AZD3759,HL60,1.0788375390227531
Q13233,MAP3K1,GSK690693,HL60,1.4786717116459176
Q13233,MAP3K1,JNJ,HL60,-0.789157482379268
Q13233,MAP3K1,KN62,HL60,1.8481401449005328
Q13233,MAP3K1,Linsitinib,HL60,-1.3005293614811735
Q13233,MAP3K1,LY2835219,HL60,0.38190627344398576
Q13233,MAP3K1,Ribociclib,HL60,1.117122457748079
Q13233,MAP3K1,AC220,HL60,-0.04930939616382826
Q13233,MAP3K1,Edelfosine,HL60,-2.0193171279409814
Q13233,MAP3K1,GF109203X,HL60,-0.7027538652216131
Q13233,MAP3K1,Go6976,HL60,-0.1294868669124213
Q13233,MAP3K1,PF4708671,HL60,-0.11206732777088306
Q13233,MAP3K1,SP600125,HL60,-0.504902996658782
Q13233,MAP3K1,TAK715,HL60,-0.09556539194130816
Q13233,MAP3K1,TBCA,HL60,0.12616402616871406
Q13233,MAP3K1,AT13148,HL60,-0.650900863862539
Q13233,MAP3K1,AZ20,HL60,1.0311009363348125
Q13233,MAP3K1,AZD6738,HL60,0.9754064330202263
Q13233,MAP3K1,Bosutinib,HL60,2.3174358740041665
Q13233,MAP3K1,Dabrafenib,HL60,1.721501462671633
Q13233,MAP3K1,Dasatinib,HL60,0.5885124746677236
Q13233,MAP3K1,DNAPK,HL60,0.756890276715423
Q13233,MAP3K1,H89,HL60,0.7315767172758294
Q13233,MAP3K1,KD025,HL60,0.9804883028994076
Q13233,MAP3K1,NU7441,HL60,0.5716491910013916
Q13233,MAP3K1,Ripasudil,HL60,-0.6892197984982821
Q13233,MAP3K1,Vemurafenib,HL60,0.38248485018805434
Q13233,MAP3K1,CX4945,HL60,0.04797493852856506
Q13233,MAP3K1,GO6983,HL60,0.25666266973273905
Q13233,MAP3K1,KN93,HL60,0.22673511446059716
Q13233,MAP3K1,MK2206,HL60,0.4188812643239077
Q12851,MAP4K2,AZD5438,HL60,-0.0910206431557834
Q12851,MAP4K2,FRAX486,HL60,0.011963887971956098
Q12851,MAP4K2,Ku0063794,HL60,0.06679719107966947
Q12851,MAP4K2,PD153035,HL60,-0.06647592700768545
Q12851,MAP4K2,PF3758309,HL60,-0.45384483258568964
Q12851,MAP4K2,Torin,HL60,0.1542292622614657
Q12851,MAP4K2,Trametinib,HL60,-0.11910371089851486
Q12851,MAP4K2,AZD1480,HL60,-0.0935410513554118
Q12851,MAP4K2,AZD5363,HL60,-0.07705004790418772
Q12851,MAP4K2,BX912,HL60,-0.38639944922675723
Q12851,MAP4K2,CHIR99021,HL60,-0.35167123060100375
Q12851,MAP4K2,GSK2334470,HL60,-0.017183875907248868
Q12851,MAP4K2,Ipatasertib,HL60,-0.01990786194780068
Q12851,MAP4K2,LY2090314,HL60,-0.06619684104279977
Q12851,MAP4K2,Tofacitinib,HL60,-0.28105862290130385
Q12851,MAP4K2,AZD6482,HL60,-0.2719457814273655
Q12851,MAP4K2,CAL101,HL60,-0.012027372292495762
Q12851,MAP4K2,GDC0941,HL60,0.09356110179707033
Q12851,MAP4K2,HS173,HL60,0.007269816670805662
Q12851,MAP4K2,PIK294,HL60,-0.08742795156162411
Q12851,MAP4K2,TGX221,HL60,0.3224740219573918
Q12851,MAP4K2,AZD8055,HL60,0.603517814499002
Q12851,MAP4K2,GDC0994,HL60,0.5649586748406191
Q12851,MAP4K2,JNK,HL60,0.290436014183486
Q12851,MAP4K2,LY2584702,HL60,0.3626446042296536
Q12851,MAP4K2,PH797804,HL60,0.5590732644476153
Q12851,MAP4K2,Selumetinib,HL60,0.5007072716030846
Q12851,MAP4K2,U73122,HL60,0.4050992858679788
Q12851,MAP4K2,Ulixertinib,HL60,0.6155676214464657
Q12851,MAP4K2,Amuvatinib,HL60,0.1368017005283116
Q12851,MAP4K2,AZD3759,HL60,0.003582573721703855
Q12851,MAP4K2,GSK690693,HL60,0.22799417000030026
Q12851,MAP4K2,JNJ,HL60,0.24534930836636565
Q12851,MAP4K2,KN62,HL60,0.13130625783847635
Q12851,MAP4K2,Linsitinib,HL60,0.05581523726927777
Q12851,MAP4K2,LY2835219,HL60,0.38767938100871724
Q12851,MAP4K2,Ribociclib,HL60,0.5366867950141992
Q12851,MAP4K2,AC220,HL60,0.38309165465721196
Q12851,MAP4K2,Edelfosine,HL60,0.08270627677682414
Q12851,MAP4K2,GF109203X,HL60,-0.6758152275484582
Q12851,MAP4K2,Go6976,HL60,-0.3755320873985078
Q12851,MAP4K2,PF4708671,HL60,0.13943214129304699
Q12851,MAP4K2,SP600125,HL60,0.3535561902839901
Q12851,MAP4K2,TAK715,HL60,-0.1292748000042711
Q12851,MAP4K2,TBCA,HL60,-0.01162201723983985
Q12851,MAP4K2,AT13148,HL60,0.09425049343789818
Q12851,MAP4K2,AZ20,HL60,-0.2829445372101116
Q12851,MAP4K2,AZD6738,HL60,-0.16686786349060778
Q12851,MAP4K2,Bosutinib,HL60,0.09760622621950191
Q12851,MAP4K2,Dabrafenib,HL60,-0.14640254501021818
Q12851,MAP4K2,Dasatinib,HL60,-0.12183052200100718
Q12851,MAP4K2,DNAPK,HL60,0.09816803106025583
Q12851,MAP4K2,H89,HL60,0.1769410285824011
Q12851,MAP4K2,KD025,HL60,0.10843921333829015
Q12851,MAP4K2,NU7441,HL60,0.29672898418123267
Q12851,MAP4K2,Ripasudil,HL60,-0.10440899677773417
Q12851,MAP4K2,Vemurafenib,HL60,0.17124139145975423
Q12851,MAP4K2,CX4945,HL60,-0.24199416613739363
Q12851,MAP4K2,GO6983,HL60,-0.34146869603974145
Q12851,MAP4K2,KN93,HL60,-0.39929369853527585
Q12851,MAP4K2,MK2206,HL60,-0.6464645075045159
P31749,AKT1,AZD5438,HL60,-0.6737287256908009
P31749,AKT1,FRAX486,HL60,-1.8725833396787814
P31749,AKT1,Ku0063794,HL60,-2.8787780275984955
P31749,AKT1,PD153035,HL60,-0.32201298451616067
P31749,AKT1,PF3758309,HL60,-4.678329722860481
P31749,AKT1,Torin,HL60,-3.9401060048209398
P31749,AKT1,Trametinib,HL60,-1.727358848809259
P31749,AKT1,AZD1480,HL60,-0.027247468406221147
P31749,AKT1,AZD5363,HL60,-3.555915739527753
P31749,AKT1,BX912,HL60,-0.2942247964285241
P31749,AKT1,CHIR99021,HL60,-0.932403298391778
P31749,AKT1,GSK2334470,HL60,-2.681394136392116
P31749,AKT1,Ipatasertib,HL60,-0.8509567257976323
P31749,AKT1,LY2090314,HL60,-1.1912903255304486
P31749,AKT1,Tofacitinib,HL60,-0.9264603816905356
P31749,AKT1,AZD6482,HL60,0.5957487328613135
P31749,AKT1,CAL101,HL60,-0.3822093514711895
P31749,AKT1,GDC0941,HL60,-0.577103623709802
P31749,AKT1,HS173,HL60,0.18231216520548382
P31749,AKT1,PIK294,HL60,-0.15850233671228287
P31749,AKT1,TGX221,HL60,0.7914627600612697
P31749,AKT1,AZD8055,HL60,-1.185430843390628
P31749,AKT1,GDC0994,HL60,-0.48833464507367835
P31749,AKT1,JNK,HL60,-0.6903137904256625
P31749,AKT1,LY2584702,HL60,0.4768088997148296
P31749,AKT1,PH797804,HL60,-0.5784062272738341
P31749,AKT1,Selumetinib,HL60,-1.9651915164796192
P31749,AKT1,U73122,HL60,-1.059430701394784
P31749,AKT1,Ulixertinib,HL60,-2.0446149681437413
P31749,AKT1,Amuvatinib,HL60,0.693620999825142
P31749,AKT1,AZD3759,HL60,0.8378946448114051
P31749,AKT1,GSK690693,HL60,0.04003498089778706
P31749,AKT1,JNJ,HL60,1.882992716067049
P31749,AKT1,KN62,HL60,0.3966204565351791
P31749,AKT1,Linsitinib,HL60,-0.4767293799474599
P31749,AKT1,LY2835219,HL60,-0.5348979038915869
P31749,AKT1,Ribociclib,HL60,1.662574380513515
P31749,AKT1,AC220,HL60,-2.3161678096763385
P31749,AKT1,Edelfosine,HL60,-3.6742782890604837
P31749,AKT1,GF109203X,HL60,-2.4181366167645684
P31749,AKT1,Go6976,HL60,-3.363607875750407
P31749,AKT1,PF4708671,HL60,-3.199564971545851
P31749,AKT1,SP600125,HL60,-1.7315057976202943
P31749,AKT1,TAK715,HL60,-2.345249256007544
P31749,AKT1,TBCA,HL60,-3.483011277893072
P31749,AKT1,AT13148,HL60,-0.1303888365261587
P31749,AKT1,AZ20,HL60,-2.030805803789622
P31749,AKT1,AZD6738,HL60,-0.3831005135917572
P31749,AKT1,Bosutinib,HL60,1.3026968471359082
P31749,AKT1,Dabrafenib,HL60,1.6577001048822961
P31749,AKT1,Dasatinib,HL60,-0.17440238359053653
P31749,AKT1,DNAPK,HL60,-0.920332334645867
P31749,AKT1,H89,HL60,-1.3437259779245796
P31749,AKT1,KD025,HL60,0.7858702341104072
P31749,AKT1,NU7441,HL60,-0.5905085481853269
P31749,AKT1,Ripasudil,HL60,-2.240579134158054
P31749,AKT1,Vemurafenib,HL60,1.4221999299686272
P31749,AKT1,CX4945,HL60,-0.7751988631268567
P31749,AKT1,GO6983,HL60,-2.7520028890041344
P31749,AKT1,KN93,HL60,-2.238032881783423
P31749,AKT1,MK2206,HL60,-1.6231388197201555
P78362,SRPK2,AZD5438,HL60,0.4731558558125398
P78362,SRPK2,FRAX486,HL60,0.5952757472425574
P78362,SRPK2,Ku0063794,HL60,0.08302106574900833
P78362,SRPK2,PD153035,HL60,-0.8260760687538926
P78362,SRPK2,PF3758309,HL60,-1.2119226676630008
P78362,SRPK2,Torin,HL60,-0.922454505460758
P78362,SRPK2,Trametinib,HL60,-1.412680372085764
P78362,SRPK2,AZD1480,HL60,-0.4902459419344699
P78362,SRPK2,AZD5363,HL60,0.16625893669276331
P78362,SRPK2,BX912,HL60,1.0600871838198873
P78362,SRPK2,CHIR99021,HL60,-1.0040689966141203
P78362,SRPK2,GSK2334470,HL60,0.6346231464939613
P78362,SRPK2,Ipatasertib,HL60,-0.52289178420568
P78362,SRPK2,LY2090314,HL60,0.7059977952233046
P78362,SRPK2,Tofacitinib,HL60,-1.0232772579189764
P78362,SRPK2,AZD6482,HL60,-0.676535093161431
P78362,SRPK2,CAL101,HL60,1.346748035453836
P78362,SRPK2,GDC0941,HL60,0.08668564566876888
P78362,SRPK2,HS173,HL60,0.4902283604940093
P78362,SRPK2,PIK294,HL60,0.9290865846079984
P78362,SRPK2,TGX221,HL60,0.8843541245160946
P78362,SRPK2,AZD8055,HL60,0.22329266915881277
P78362,SRPK2,GDC0994,HL60,-1.359082348671972
P78362,SRPK2,JNK,HL60,-1.4691083126227324
P78362,SRPK2,LY2584702,HL60,-0.9467559242998049
P78362,SRPK2,PH797804,HL60,-0.5936009434475078
P78362,SRPK2,Selumetinib,HL60,0.6260031191118199
P78362,SRPK2,U73122,HL60,-1.3284768722011444
P78362,SRPK2,Ulixertinib,HL60,-0.5409984943055337
P78362,SRPK2,Amuvatinib,HL60,0.5206376855319005
P78362,SRPK2,AZD3759,HL60,0.46255027379856306
P78362,SRPK2,GSK690693,HL60,0.8381650628754427
P78362,SRPK2,JNJ,HL60,0.8755396127626897
P78362,SRPK2,KN62,HL60,0.8519786398763941
P78362,SRPK2,Linsitinib,HL60,0.1934863950682242
P78362,SRPK2,LY2835219,HL60,0.31867718614112495
P78362,SRPK2,Ribociclib,HL60,1.6223591944356868
P78362,SRPK2,AC220,HL60,-0.1128287108201056
P78362,SRPK2,Edelfosine,HL60,-0.9200333563451553
P78362,SRPK2,GF109203X,HL60,-1.8920049502102703
P78362,SRPK2,Go6976,HL60,-1.0681106259405393
P78362,SRPK2,PF4708671,HL60,1.4915948742740577
P78362,SRPK2,SP600125,HL60,-1.1299264245508651
P78362,SRPK2,TAK715,HL60,-0.22265094130279178
P78362,SRPK2,TBCA,HL60,-0.39981721854598185
P78362,SRPK2,AT13148,HL60,-0.6579862997283246
P78362,SRPK2,AZ20,HL60,-0.25060449331452667
P78362,SRPK2,AZD6738,HL60,0.4935551421019505
P78362,SRPK2,Bosutinib,HL60,1.023611166211129
P78362,SRPK2,Dabrafenib,HL60,1.6457580094041013
P78362,SRPK2,Dasatinib,HL60,1.1524353697314893
P78362,SRPK2,DNAPK,HL60,-0.13663015424292763
P78362,SRPK2,H89,HL60,-0.022458050702739214
P78362,SRPK2,KD025,HL60,1.0591406127278085
P78362,SRPK2,NU7441,HL60,-0.6108871785985752
P78362,SRPK2,Ripasudil,HL60,-1.9169238591269224
P78362,SRPK2,Vemurafenib,HL60,1.5822663134905988
P78362,SRPK2,CX4945,HL60,0.01525743942065223
P78362,SRPK2,GO6983,HL60,-0.683734544321183
P78362,SRPK2,KN93,HL60,0.4783876586102346
P78362,SRPK2,MK2206,HL60,-0.3731822037265173
O96013,PAK4,AZD5438,HL60,0.7178212348475183
O96013,PAK4,FRAX486,HL60,0.5346196245981325
O96013,PAK4,Ku0063794,HL60,-0.2568408838378433
O96013,PAK4,PD153035,HL60,-0.7732505324274505
O96013,PAK4,PF3758309,HL60,-0.578112214522296
O96013,PAK4,Torin,HL60,0.39944755250710384
O96013,PAK4,Trametinib,HL60,0.19619521644244242
O96013,PAK4,AZD1480,HL60,0.3421192018962525
O96013,PAK4,AZD5363,HL60,-0.4990769417044176
O96013,PAK4,BX912,HL60,1.458851832789213
O96013,PAK4,CHIR99021,HL60,0.5380405925009857
O96013,PAK4,GSK2334470,HL60,1.1059116218656921
O96013,PAK4,Ipatasertib,HL60,0.5007008552107283
O96013,PAK4,LY2090314,HL60,0.7906370556729332
O96013,PAK4,Tofacitinib,HL60,1.0485513707770928
O96013,PAK4,AZD6482,HL60,0.19670178632107413
O96013,PAK4,CAL101,HL60,-0.017189704339444296
O96013,PAK4,GDC0941,HL60,2.2505676219089543
O96013,PAK4,HS173,HL60,-1.1188055331587918
O96013,PAK4,PIK294,HL60,-0.02574392722178261
O96013,PAK4,TGX221,HL60,0.8551539375534344
O96013,PAK4,AZD8055,HL60,-1.7292910923066855
O96013,PAK4,GDC0994,HL60,-0.8782953980023424
O96013,PAK4,JNK,HL60,0.11108588525216367
O96013,PAK4,LY2584702,HL60,-0.9005312004708637
O96013,PAK4,PH797804,HL60,-0.7575623853536544
O96013,PAK4,Selumetinib,HL60,-2.084262181065593
O96013,PAK4,U73122,HL60,-1.968214079413915
O96013,PAK4,Ulixertinib,HL60,-2.1836224517890597
O96013,PAK4,Amuvatinib,HL60,-0.2670739226746652
O96013,PAK4,AZD3759,HL60,-0.580581899864161
O96013,PAK4,GSK690693,HL60,-0.6105607921923083
O96013,PAK4,JNJ,HL60,0.2111965663876202
O96013,PAK4,KN62,HL60,0.6131963058798173
O96013,PAK4,Linsitinib,HL60,-0.07720613945385904
O96013,PAK4,LY2835219,HL60,0.1288880307859603
O96013,PAK4,Ribociclib,HL60,1.3749470488314621
O96013,PAK4,AC220,HL60,-0.18478198838578275
O96013,PAK4,Edelfosine,HL60,-0.4955405761421839
O96013,PAK4,GF109203X,HL60,-0.10663256270074545
O96013,PAK4,Go6976,HL60,-0.7972140071936687
O96013,PAK4,PF4708671,HL60,-1.2494677335306914
O96013,PAK4,SP600125,HL60,-0.6183301596046918
O96013,PAK4,TAK715,HL60,-0.8263464026082933
O96013,PAK4,TBCA,HL60,-1.173640701471134
O96013,PAK4,AT13148,HL60,-0.8015255046786414
O96013,PAK4,AZ20,HL60,-1.5848182023915962
O96013,PAK4,AZD6738,HL60,-1.4517846883815475
O96013,PAK4,Bosutinib,HL60,-0.6754411661277431
O96013,PAK4,Dabrafenib,HL60,-0.7171992607629748
O96013,PAK4,Dasatinib,HL60,-2.3834605670238544
O96013,PAK4,DNAPK,HL60,-2.050379865295715
O96013,PAK4,H89,HL60,-1.685342282585554
O96013,PAK4,KD025,HL60,-1.3267743782666452
O96013,PAK4,NU7441,HL60,-1.358927445000803
O96013,PAK4,Ripasudil,HL60,-2.999240108389204
O96013,PAK4,Vemurafenib,HL60,-0.31959642703781077
O96013,PAK4,CX4945,HL60,0.22128881252093646
O96013,PAK4,GO6983,HL60,0.220231170781138
O96013,PAK4,KN93,HL60,-1.080056013524193
O96013,PAK4,MK2206,HL60,0.39923416717435095
Q86UE8,TLK2,AZD5438,HL60,
Q86UE8,TLK2,FRAX486,HL60,
Q86UE8,TLK2,Ku0063794,HL60,
Q86UE8,TLK2,PD153035,HL60,
Q86UE8,TLK2,PF3758309,HL60,
Q86UE8,TLK2,Torin,HL60,
Q86UE8,TLK2,Trametinib,HL60,
Q86UE8,TLK2,AZD1480,HL60,
Q86UE8,TLK2,AZD5363,HL60,
Q86UE8,TLK2,BX912,HL60,
Q86UE8,TLK2,CHIR99021,HL60,
Q86UE8,TLK2,GSK2334470,HL60,
Q86UE8,TLK2,Ipatasertib,HL60,
Q86UE8,TLK2,LY2090314,HL60,
Q86UE8,TLK2,Tofacitinib,HL60,
Q86UE8,TLK2,AZD6482,HL60,
Q86UE8,TLK2,CAL101,HL60,
Q86UE8,TLK2,GDC0941,HL60,
Q86UE8,TLK2,HS173,HL60,
Q86UE8,TLK2,PIK294,HL60,
Q86UE8,TLK2,TGX221,HL60,
Q86UE8,TLK2,AZD8055,HL60,
Q86UE8,TLK2,GDC0994,HL60,
Q86UE8,TLK2,JNK,HL60,
Q86UE8,TLK2,LY2584702,HL60,
Q86UE8,TLK2,PH797804,HL60,
Q86UE8,TLK2,Selumetinib,HL60,
Q86UE8,TLK2,U73122,HL60,
Q86UE8,TLK2,Ulixertinib,HL60,
Q86UE8,TLK2,Amuvatinib,HL60,
Q86UE8,TLK2,AZD3759,HL60,
Q86UE8,TLK2,GSK690693,HL60,
Q86UE8,TLK2,JNJ,HL60,
Q86UE8,TLK2,KN62,HL60,
Q86UE8,TLK2,Linsitinib,HL60,
Q86UE8,TLK2,LY2835219,HL60,
Q86UE8,TLK2,Ribociclib,HL60,
Q86UE8,TLK2,AC220,HL60,
Q86UE8,TLK2,Edelfosine,HL60,
Q86UE8,TLK2,GF109203X,HL60,
Q86UE8,TLK2,Go6976,HL60,
Q86UE8,TLK2,PF4708671,HL60,
Q86UE8,TLK2,SP600125,HL60,
Q86UE8,TLK2,TAK715,HL60,
Q86UE8,TLK2,TBCA,HL60,
Q86UE8,TLK2,AT13148,HL60,
Q86UE8,TLK2,AZ20,HL60,
Q86UE8,TLK2,AZD6738,HL60,
Q86UE8,TLK2,Bosutinib,HL60,
Q86UE8,TLK2,Dabrafenib,HL60,
Q86UE8,TLK2,Dasatinib,HL60,
Q86UE8,TLK2,DNAPK,HL60,
Q86UE8,TLK2,H89,HL60,
Q86UE8,TLK2,KD025,HL60,
Q86UE8,TLK2,NU7441,HL60,
Q86UE8,TLK2,Ripasudil,HL60,
Q86UE8,TLK2,Vemurafenib,HL60,
Q86UE8,TLK2,CX4945,HL60,
Q86UE8,TLK2,GO6983,HL60,
Q86UE8,TLK2,KN93,HL60,
Q86UE8,TLK2,MK2206,HL60,
Q9H0K1,SIK2,AZD5438,HL60,0.20196438140484832
Q9H0K1,SIK2,FRAX486,HL60,0.6832675997764954
Q9H0K1,SIK2,Ku0063794,HL60,0.9184046593573838
Q9H0K1,SIK2,PD153035,HL60,-0.23476539821931444
Q9H0K1,SIK2,PF3758309,HL60,0.5356604238311907
Q9H0K1,SIK2,Torin,HL60,0.6176098992065395
Q9H0K1,SIK2,Trametinib,HL60,-1.63636865541701
Q9H0K1,SIK2,AZD1480,HL60,-0.44635850385891107
Q9H0K1,SIK2,AZD5363,HL60,-1.260218146865309
Q9H0K1,SIK2,BX912,HL60,-0.45337160347487915
Q9H0K1,SIK2,CHIR99021,HL60,-0.35609934609856775
Q9H0K1,SIK2,GSK2334470,HL60,-0.024671906240311573
Q9H0K1,SIK2,Ipatasertib,HL60,-0.970520206940545
Q9H0K1,SIK2,LY2090314,HL60,-1.8775439938970695
Q9H0K1,SIK2,Tofacitinib,HL60,-0.38872953163094937
Q9H0K1,SIK2,AZD6482,HL60,-1.452426607072109
Q9H0K1,SIK2,CAL101,HL60,0.9407069259565081
Q9H0K1,SIK2,GDC0941,HL60,-0.8255643311682644
Q9H0K1,SIK2,HS173,HL60,-0.34316613717708017
Q9H0K1,SIK2,PIK294,HL60,-1.0978645222082244
Q9H0K1,SIK2,TGX221,HL60,-1.5470607097362996
Q9H0K1,SIK2,AZD8055,HL60,-0.6384171211505859
Q9H0K1,SIK2,GDC0994,HL60,0.017627598556557888
Q9H0K1,SIK2,JNK,HL60,0.6774563237763616
Q9H0K1,SIK2,LY2584702,HL60,-0.19547049882736037
Q9H0K1,SIK2,PH797804,HL60,-0.021276656773386127
Q9H0K1,SIK2,Selumetinib,HL60,-0.060426647448245684
Q9H0K1,SIK2,U73122,HL60,0.6575689582947998
Q9H0K1,SIK2,Ulixertinib,HL60,-0.29549332361039243
Q9H0K1,SIK2,Amuvatinib,HL60,1.3537813965600891
Q9H0K1,SIK2,AZD3759,HL60,1.504760369321686
Q9H0K1,SIK2,GSK690693,HL60,0.001195549568052858
Q9H0K1,SIK2,JNJ,HL60,1.220390089203901
Q9H0K1,SIK2,KN62,HL60,2.7530845642366804
Q9H0K1,SIK2,Linsitinib,HL60,1.2832528671881505
Q9H0K1,SIK2,LY2835219,HL60,2.746417968184812
Q9H0K1,SIK2,Ribociclib,HL60,2.531433599505336
Q9H0K1,SIK2,AC220,HL60,-2.0791587555746793
Q9H0K1,SIK2,Edelfosine,HL60,-0.5612575099747042
Q9H0K1,SIK2,GF109203X,HL60,-0.8204496921665706
Q9H0K1,SIK2,Go6976,HL60,0.7138422656104494
Q9H0K1,SIK2,PF4708671,HL60,-1.250913740385595
Q9H0K1,SIK2,SP600125,HL60,0.09457788284723098
Q9H0K1,SIK2,TAK715,HL60,-0.9127918187271773
Q9H0K1,SIK2,TBCA,HL60,-2.2545285417053416
Q9H0K1,SIK2,AT13148,HL60,1.065350495271544
Q9H0K1,SIK2,AZ20,HL60,0.24394460768427995
Q9H0K1,SIK2,AZD6738,HL60,0.21482291922506846
Q9H0K1,SIK2,Bosutinib,HL60,0.06840649705110187
Q9H0K1,SIK2,Dabrafenib,HL60,0.9775003488576945
Q9H0K1,SIK2,Dasatinib,HL60,-0.36366270339232354
Q9H0K1,SIK2,DNAPK,HL60,0.1435519404268229
Q9H0K1,SIK2,H89,HL60,0.5776509870917812
Q9H0K1,SIK2,KD025,HL60,2.0785351242194365
Q9H0K1,SIK2,NU7441,HL60,0.7264518276051002
Q9H0K1,SIK2,Ripasudil,HL60,0.27381000831327273
Q9H0K1,SIK2,Vemurafenib,HL60,1.0868897292275
Q9H0K1,SIK2,CX4945,HL60,0.3514510766768361
Q9H0K1,SIK2,GO6983,HL60,0.031538393265217464
Q9H0K1,SIK2,KN93,HL60,0.20884043469815927
Q9H0K1,SIK2,MK2206,HL60,0.27504641802915564
P54646,PRKAA2,AZD5438,HL60,-1.0928112721642802
P54646,PRKAA2,FRAX486,HL60,-1.2851411085866216
P54646,PRKAA2,Ku0063794,HL60,-1.2561546619708723
P54646,PRKAA2,PD153035,HL60,-1.2970358199643086
P54646,PRKAA2,PF3758309,HL60,-5.42612032493987
P54646,PRKAA2,Torin,HL60,0.23215893493874348
P54646,PRKAA2,Trametinib,HL60,0.32965669640834516
P54646,PRKAA2,AZD1480,HL60,0.7766446686661408
P54646,PRKAA2,AZD5363,HL60,0.7294188891390914
P54646,PRKAA2,BX912,HL60,0.2859222094888571
P54646,PRKAA2,CHIR99021,HL60,0.8834648410593949
P54646,PRKAA2,GSK2334470,HL60,1.0326313364488535
P54646,PRKAA2,Ipatasertib,HL60,1.0217745140749621
P54646,PRKAA2,LY2090314,HL60,1.4126325826069215
P54646,PRKAA2,Tofacitinib,HL60,1.0046101217666765
P54646,PRKAA2,AZD6482,HL60,0.47235561215714233
P54646,PRKAA2,CAL101,HL60,-0.16544712986738122
P54646,PRKAA2,GDC0941,HL60,0.5947694553830797
P54646,PRKAA2,HS173,HL60,-0.2498444791055181
P54646,PRKAA2,PIK294,HL60,0.031172900037531707
P54646,PRKAA2,TGX221,HL60,0.4729740990339107
P54646,PRKAA2,AZD8055,HL60,-0.4961585232751371
P54646,PRKAA2,GDC0994,HL60,-0.8500477877508473
P54646,PRKAA2,JNK,HL60,-1.0726867704418552
P54646,PRKAA2,LY2584702,HL60,-0.7804040118694092
P54646,PRKAA2,PH797804,HL60,0.574162987766885
P54646,PRKAA2,Selumetinib,HL60,-0.158282484123621
P54646,PRKAA2,U73122,HL60,-0.07838158508491358
P54646,PRKAA2,Ulixertinib,HL60,0.1287113359659478
P54646,PRKAA2,Amuvatinib,HL60,-0.6494959670145909
P54646,PRKAA2,AZD3759,HL60,-0.180729029920574
P54646,PRKAA2,GSK690693,HL60,-0.6921899400738489
P54646,PRKAA2,JNJ,HL60,0.042950059771732434
P54646,PRKAA2,KN62,HL60,-0.19942887034133164
P54646,PRKAA2,Linsitinib,HL60,-1.0372329168736147
P54646,PRKAA2,LY2835219,HL60,-0.6142641525364027
P54646,PRKAA2,Ribociclib,HL60,0.4564960536709241
P54646,PRKAA2,AC220,HL60,1.9087817509308895
P54646,PRKAA2,Edelfosine,HL60,0.1502980597495698
P54646,PRKAA2,GF109203X,HL60,0.7393949981610894
P54646,PRKAA2,Go6976,HL60,1.125072482412074
P54646,PRKAA2,PF4708671,HL60,0.19140453377689676
P54646,PRKAA2,SP600125,HL60,2.5120495240874003
P54646,PRKAA2,TAK715,HL60,1.7153453166586583
P54646,PRKAA2,TBCA,HL60,1.3675282607765544
P54646,PRKAA2,AT13148,HL60,-0.4195872590798189
P54646,PRKAA2,AZ20,HL60,-0.750322360919816
P54646,PRKAA2,AZD6738,HL60,-1.444920359014985
P54646,PRKAA2,Bosutinib,HL60,-1.8980146892282908
P54646,PRKAA2,Dabrafenib,HL60,-1.5319571648444876
P54646,PRKAA2,Dasatinib,HL60,-0.5338607124725789
P54646,PRKAA2,DNAPK,HL60,-1.7494297469860876
P54646,PRKAA2,H89,HL60,-1.8824536668303964
P54646,PRKAA2,KD025,HL60,1.024562917340498
P54646,PRKAA2,NU7441,HL60,-0.8018544823225424
P54646,PRKAA2,Ripasudil,HL60,-0.391508783247916
P54646,PRKAA2,Vemurafenib,HL60,-0.47743970504238736
P54646,PRKAA2,CX4945,HL60,0.3151189710157485
P54646,PRKAA2,GO6983,HL60,0.672690060396092
P54646,PRKAA2,KN93,HL60,-0.6192871772488644
P54646,PRKAA2,MK2206,HL60,1.3339742456123111
Q7KZI7,MARK2,AZD5438,HL60,0.5197301076566285
Q7KZI7,MARK2,FRAX486,HL60,-0.5386890567006478
Q7KZI7,MARK2,Ku0063794,HL60,-1.0402881643075432
Q7KZI7,MARK2,PD153035,HL60,-0.7917301744821945
Q7KZI7,MARK2,PF3758309,HL60,-1.9053103562094775
Q7KZI7,MARK2,Torin,HL60,0.4310396862549677
Q7KZI7,MARK2,Trametinib,HL60,-0.28173488507948596
Q7KZI7,MARK2,AZD1480,HL60,0.5201225302729247
Q7KZI7,MARK2,AZD5363,HL60,1.369384548383751
Q7KZI7,MARK2,BX912,HL60,0.7064825262400617
Q7KZI7,MARK2,CHIR99021,HL60,2.1566457011705293
Q7KZI7,MARK2,GSK2334470,HL60,2.0622048902311194
Q7KZI7,MARK2,Ipatasertib,HL60,1.3577636433825575
Q7KZI7,MARK2,LY2090314,HL60,0.7474697346016458
Q7KZI7,MARK2,Tofacitinib,HL60,1.4131124299084317
Q7KZI7,MARK2,AZD6482,HL60,-1.228963429936923
Q7KZI7,MARK2,CAL101,HL60,-1.6748352812591327
Q7KZI7,MARK2,GDC0941,HL60,-0.23859892220189913
Q7KZI7,MARK2,HS173,HL60,0.44177167590946415
Q7KZI7,MARK2,PIK294,HL60,-0.08273749922490868
Q7KZI7,MARK2,TGX221,HL60,0.8097849733854241
Q7KZI7,MARK2,AZD8055,HL60,-0.1940161454902892
Q7KZI7,MARK2,GDC0994,HL60,-1.5940531225970187
Q7KZI7,MARK2,JNK,HL60,-1.2862087770265311
Q7KZI7,MARK2,LY2584702,HL60,-1.9559075158180979
Q7KZI7,MARK2,PH797804,HL60,-0.6764297887510222
Q7KZI7,MARK2,Selumetinib,HL60,-1.464456127590997
Q7KZI7,MARK2,U73122,HL60,-0.9955362377677845
Q7KZI7,MARK2,Ulixertinib,HL60,-0.14622103749875862
Q7KZI7,MARK2,Amuvatinib,HL60,0.15907982232795942
Q7KZI7,MARK2,AZD3759,HL60,0.762542628489088
Q7KZI7,MARK2,GSK690693,HL60,-0.8421250334123512
Q7KZI7,MARK2,JNJ,HL60,0.2928421167020668
Q7KZI7,MARK2,KN62,HL60,1.2860318604518697
Q7KZI7,MARK2,Linsitinib,HL60,1.0275204649352998
Q7KZI7,MARK2,LY2835219,HL60,0.4550192683467273
Q7KZI7,MARK2,Ribociclib,HL60,-0.22069980125339073
Q7KZI7,MARK2,AC220,HL60,0.16728822389885623
Q7KZI7,MARK2,Edelfosine,HL60,-1.3590670041630428
Q7KZI7,MARK2,GF109203X,HL60,0.08715102535401324
Q7KZI7,MARK2,Go6976,HL60,1.60478962286515
Q7KZI7,MARK2,PF4708671,HL60,-1.1342728089266707
Q7KZI7,MARK2,SP600125,HL60,0.011110811997090617
Q7KZI7,MARK2,TAK715,HL60,0.704285378043193
Q7KZI7,MARK2,TBCA,HL60,1.0319232976897863
Q7KZI7,MARK2,AT13148,HL60,1.4673511345233505
Q7KZI7,MARK2,AZ20,HL60,0.1283763682504851
Q7KZI7,MARK2,AZD6738,HL60,0.30294208453490706
Q7KZI7,MARK2,Bosutinib,HL60,-0.24382295611570284
Q7KZI7,MARK2,Dabrafenib,HL60,0.7159167064090898
Q7KZI7,MARK2,Dasatinib,HL60,1.0304650889916898
Q7KZI7,MARK2,DNAPK,HL60,-1.3977998007172079
Q7KZI7,MARK2,H89,HL60,1.549282033116501
Q7KZI7,MARK2,KD025,HL60,0.6179862551713503
Q7KZI7,MARK2,NU7441,HL60,0.35376845308532356
Q7KZI7,MARK2,Ripasudil,HL60,1.7160691405669386
Q7KZI7,MARK2,Vemurafenib,HL60,1.0931369685388792
Q7KZI7,MARK2,CX4945,HL60,1.4657062095827265
Q7KZI7,MARK2,GO6983,HL60,1.8226452422167816
Q7KZI7,MARK2,KN93,HL60,0.20738779580616928
Q7KZI7,MARK2,MK2206,HL60,0.9666121304057792
Q96BR1,SGK3,AZD5438,HL60,-0.028464151351319713
Q96BR1,SGK3,FRAX486,HL60,-0.7302066921657645
Q96BR1,SGK3,Ku0063794,HL60,-0.1308291856091408
Q96BR1,SGK3,PD153035,HL60,0.8158787691995616
Q96BR1,SGK3,PF3758309,HL60,-2.6806268229268344
Q96BR1,SGK3,Torin,HL60,-2.1502195384161715
Q96BR1,SGK3,Trametinib,HL60,-1.5098751914178496
Q96BR1,SGK3,AZD1480,HL60,-0.8005622944862046
Q96BR1,SGK3,AZD5363,HL60,-1.3255622398771174
Q96BR1,SGK3,BX912,HL60,-0.5111832793273815
Q96BR1,SGK3,CHIR99021,HL60,-0.1292979552865438
Q96BR1,SGK3,GSK2334470,HL60,-2.7821235550112715
Q96BR1,SGK3,Ipatasertib,HL60,-1.618896065953336
Q96BR1,SGK3,LY2090314,HL60,-0.7861701335239963
Q96BR1,SGK3,Tofacitinib,HL60,-2.300570834861489
Q96BR1,SGK3,AZD6482,HL60,-1.0201154916433512
Q96BR1,SGK3,CAL101,HL60,-1.3036892919172272
Q96BR1,SGK3,GDC0941,HL60,-1.1900090490120356
Q96BR1,SGK3,HS173,HL60,-0.0635144027122013
Q96BR1,SGK3,PIK294,HL60,-0.29998672640755497
Q96BR1,SGK3,TGX221,HL60,-0.30735271953027077
Q96BR1,SGK3,AZD8055,HL60,3.3991422257666732
Q96BR1,SGK3,GDC0994,HL60,2.0803746043050606
Q96BR1,SGK3,JNK,HL60,4.131892684394131
Q96BR1,SGK3,LY2584702,HL60,1.7062718403317618
Q96BR1,SGK3,PH797804,HL60,0.6925532540329858
Q96BR1,SGK3,Selumetinib,HL60,1.8483283186130355
Q96BR1,SGK3,U73122,HL60,1.0061339864633456
Q96BR1,SGK3,Ulixertinib,HL60,1.356004435869766
Q96BR1,SGK3,Amuvatinib,HL60,-0.24212452895808248
Q96BR1,SGK3,AZD3759,HL60,0.022865732140252597
Q96BR1,SGK3,GSK690693,HL60,-0.7098692809766197
Q96BR1,SGK3,JNJ,HL60,-1.0765638490157587
Q96BR1,SGK3,KN62,HL60,-0.37171209796965254
Q96BR1,SGK3,Linsitinib,HL60,-0.9175180060458781
Q96BR1,SGK3,LY2835219,HL60,-0.7451160001127016
Q96BR1,SGK3,Ribociclib,HL60,-0.5035999183248225
Q96BR1,SGK3,AC220,HL60,-1.0096178200550052
Q96BR1,SGK3,Edelfosine,HL60,-2.5325603541292203
Q96BR1,SGK3,GF109203X,HL60,-2.0716607061529917
Q96BR1,SGK3,Go6976,HL60,-1.8946048240538957
Q96BR1,SGK3,PF4708671,HL60,-1.219848292911911
Q96BR1,SGK3,SP600125,HL60,-1.0192834480493855
Q96BR1,SGK3,TAK715,HL60,-0.9811450757254974
Q96BR1,SGK3,TBCA,HL60,-1.2830661124351603
Q96BR1,SGK3,AT13148,HL60,-2.6715820269281494
Q96BR1,SGK3,AZ20,HL60,-1.6180318141200323
Q96BR1,SGK3,AZD6738,HL60,-1.1871120924528178
Q96BR1,SGK3,Bosutinib,HL60,0.13840082022747494
Q96BR1,SGK3,Dabrafenib,HL60,-0.5775803019882769
Q96BR1,SGK3,Dasatinib,HL60,-0.9962998168397552
Q96BR1,SGK3,DNAPK,HL60,-2.7126205458065966
Q96BR1,SGK3,H89,HL60,-1.6067099489302812
Q96BR1,SGK3,KD025,HL60,-1.1319358614461004
Q96BR1,SGK3,NU7441,HL60,-1.3150818464465046
Q96BR1,SGK3,Ripasudil,HL60,-2.2311746160285946
Q96BR1,SGK3,Vemurafenib,HL60,-0.680471678594959
Q96BR1,SGK3,CX4945,HL60,-0.5235583381951745
Q96BR1,SGK3,GO6983,HL60,0.6523066573136843
Q96BR1,SGK3,KN93,HL60,-1.9883334455327826
Q96BR1,SGK3,MK2206,HL60,-1.7220003007827758
Q13555,CAMK2G,AZD5438,HL60,0.13610826510630164
Q13555,CAMK2G,FRAX486,HL60,-0.22830544422292076
Q13555,CAMK2G,Ku0063794,HL60,-0.9238772448406392
Q13555,CAMK2G,PD153035,HL60,-1.454614069405972
Q13555,CAMK2G,PF3758309,HL60,-1.693632510370287
Q13555,CAMK2G,Torin,HL60,-0.2294227908180671
Q13555,CAMK2G,Trametinib,HL60,-0.012670711881724353
Q13555,CAMK2G,AZD1480,HL60,-0.28246042400706817
Q13555,CAMK2G,AZD5363,HL60,-0.04780278005155829
Q13555,CAMK2G,BX912,HL60,0.6299086916054801
Q13555,CAMK2G,CHIR99021,HL60,0.5914253459220883
Q13555,CAMK2G,GSK2334470,HL60,-0.28531532442424573
Q13555,CAMK2G,Ipatasertib,HL60,0.3032123114644824
Q13555,CAMK2G,LY2090314,HL60,0.5585858125561789
Q13555,CAMK2G,Tofacitinib,HL60,0.4328312221895745
Q13555,CAMK2G,AZD6482,HL60,1.4140232104795174
Q13555,CAMK2G,CAL101,HL60,0.7528312774623385
Q13555,CAMK2G,GDC0941,HL60,1.7550512160270815
Q13555,CAMK2G,HS173,HL60,0.6593965425266015
Q13555,CAMK2G,PIK294,HL60,1.0781411508822265
Q13555,CAMK2G,TGX221,HL60,1.9194598823699167
Q13555,CAMK2G,AZD8055,HL60,-0.07948054597498058
Q13555,CAMK2G,GDC0994,HL60,1.2449536192528263
Q13555,CAMK2G,JNK,HL60,-0.0883561585985334
Q13555,CAMK2G,LY2584702,HL60,0.7384637051397731
Q13555,CAMK2G,PH797804,HL60,0.1715708854802124
Q13555,CAMK2G,Selumetinib,HL60,-0.48849066235766764
Q13555,CAMK2G,U73122,HL60,-0.6528805771367956
Q13555,CAMK2G,Ulixertinib,HL60,0.44185875194459234
Q13555,CAMK2G,Amuvatinib,HL60,0.8403741266262243
Q13555,CAMK2G,AZD3759,HL60,0.1736117014004701
Q13555,CAMK2G,GSK690693,HL60,0.6556480726680045
Q13555,CAMK2G,JNJ,HL60,0.7341098845840668
Q13555,CAMK2G,KN62,HL60,-0.395698000075735
Q13555,CAMK2G,Linsitinib,HL60,0.4563348254941309
Q13555,CAMK2G,LY2835219,HL60,0.5037996683444723
Q13555,CAMK2G,Ribociclib,HL60,0.022611278278253513
Q13555,CAMK2G,AC220,HL60,0.07770527103357615
Q13555,CAMK2G,Edelfosine,HL60,-0.6180321923511127
Q13555,CAMK2G,GF109203X,HL60,-0.36106899938937786
Q13555,CAMK2G,Go6976,HL60,-0.4914347246679074
Q13555,CAMK2G,PF4708671,HL60,0.18116121349862735
Q13555,CAMK2G,SP600125,HL60,0.0967849200516518
Q13555,CAMK2G,TAK715,HL60,-0.2698300519847207
Q13555,CAMK2G,TBCA,HL60,-1.073045000379524
Q13555,CAMK2G,AT13148,HL60,0.7439095555062776
Q13555,CAMK2G,AZ20,HL60,-0.0684691790166055
Q13555,CAMK2G,AZD6738,HL60,-0.4882625922309502
Q13555,CAMK2G,Bosutinib,HL60,0.14940000504588577
Q13555,CAMK2G,Dabrafenib,HL60,0.6034534197276271
Q13555,CAMK2G,Dasatinib,HL60,0.9772802445342095
Q13555,CAMK2G,DNAPK,HL60,1.4783594093034576
Q13555,CAMK2G,H89,HL60,0.786062076666809
Q13555,CAMK2G,KD025,HL60,0.5246126337996948
Q13555,CAMK2G,NU7441,HL60,0.27844174366209706
Q13555,CAMK2G,Ripasudil,HL60,0.9800103310343522
Q13555,CAMK2G,Vemurafenib,HL60,0.0744226915529514
Q13555,CAMK2G,CX4945,HL60,-0.3052316134187335
Q13555,CAMK2G,GO6983,HL60,-0.47975204304378044
Q13555,CAMK2G,KN93,HL60,-1.1749543638531175
Q13555,CAMK2G,MK2206,HL60,0.07364767068148266
Q13188,STK3,AZD5438,HL60,1.1102763610910285
Q13188,STK3,FRAX486,HL60,-0.6403323001028549
Q13188,STK3,Ku0063794,HL60,0.6047714932800818
Q13188,STK3,PD153035,HL60,0.3866110326351481
Q13188,STK3,PF3758309,HL60,0.1506485592050904
Q13188,STK3,Torin,HL60,-0.37585018874967596
Q13188,STK3,Trametinib,HL60,-0.4346743948108441
Q13188,STK3,AZD1480,HL60,0.03965282899692531
Q13188,STK3,AZD5363,HL60,1.4034702241427834
Q13188,STK3,BX912,HL60,0.5228671005118756
Q13188,STK3,CHIR99021,HL60,0.6494905614405323
Q13188,STK3,GSK2334470,HL60,1.0082792375390026
Q13188,STK3,Ipatasertib,HL60,0.5544169367105234
Q13188,STK3,LY2090314,HL60,0.3376057702075584
Q13188,STK3,Tofacitinib,HL60,0.4534106018882357
Q13188,STK3,AZD6482,HL60,-0.03967516298232423
Q13188,STK3,CAL101,HL60,-0.948956585888582
Q13188,STK3,GDC0941,HL60,-0.2719057383236284
Q13188,STK3,HS173,HL60,0.09634822586416661
Q13188,STK3,PIK294,HL60,-0.8968092318635579
Q13188,STK3,TGX221,HL60,0.006317865515773622
Q13188,STK3,AZD8055,HL60,0.40715114954288156
Q13188,STK3,GDC0994,HL60,-0.47442902528192077
Q13188,STK3,JNK,HL60,0.04015386603285635
Q13188,STK3,LY2584702,HL60,0.48814225853335363
Q13188,STK3,PH797804,HL60,0.12991370972132577
Q13188,STK3,Selumetinib,HL60,0.22689003630837945
Q13188,STK3,U73122,HL60,0.35076841443889084
Q13188,STK3,Ulixertinib,HL60,0.6139365026200531
Q13188,STK3,Amuvatinib,HL60,-0.3117935437070293
Q13188,STK3,AZD3759,HL60,-0.3170340538718547
Q13188,STK3,GSK690693,HL60,0.09954867038029307
Q13188,STK3,JNJ,HL60,-0.015520096689276173
Q13188,STK3,KN62,HL60,0.13241661737008542
Q13188,STK3,Linsitinib,HL60,-0.0002575134414148077
Q13188,STK3,LY2835219,HL60,-0.5523960601772866
Q13188,STK3,Ribociclib,HL60,0.3153131406776252
Q13188,STK3,AC220,HL60,0.849524454590783
Q13188,STK3,Edelfosine,HL60,1.0747628503077322
Q13188,STK3,GF109203X,HL60,0.38120872021398533
Q13188,STK3,Go6976,HL60,0.7449679903201917
Q13188,STK3,PF4708671,HL60,0.09030052747913281
Q13188,STK3,SP600125,HL60,0.43231622505240097
Q13188,STK3,TAK715,HL60,0.5264468551442385
Q13188,STK3,TBCA,HL60,0.6302841021142686
Q13188,STK3,AT13148,HL60,0.15847725045066838
Q13188,STK3,AZ20,HL60,0.18714552048640806
Q13188,STK3,AZD6738,HL60,-0.46184414966574144
Q13188,STK3,Bosutinib,HL60,-0.5704776223235061
Q13188,STK3,Dabrafenib,HL60,-0.5193292373439724
Q13188,STK3,Dasatinib,HL60,0.9303283369999682
Q13188,STK3,DNAPK,HL60,0.14620833908884587
Q13188,STK3,H89,HL60,0.3671748851616527
Q13188,STK3,KD025,HL60,0.1671260051832106
Q13188,STK3,NU7441,HL60,0.5372184622858132
Q13188,STK3,Ripasudil,HL60,0.24465460686793772
Q13188,STK3,Vemurafenib,HL60,-0.14959951178288916
Q13188,STK3,CX4945,HL60,0.40849269785642595
Q13188,STK3,GO6983,HL60,0.08866465546481991
Q13188,STK3,KN93,HL60,0.27321147406327173
Q13188,STK3,MK2206,HL60,0.1522899586095665
O94921,CDK14,AZD5438,HL60,0.41270699810624967
O94921,CDK14,FRAX486,HL60,0.30418032458643834
O94921,CDK14,Ku0063794,HL60,0.3976133642587529
O94921,CDK14,PD153035,HL60,0.08165878316360506
O94921,CDK14,PF3758309,HL60,-0.32583839153224775
O94921,CDK14,Torin,HL60,-0.21287387143604142
O94921,CDK14,Trametinib,HL60,-0.3287775888466456
O94921,CDK14,AZD1480,HL60,0.43738392480749483
O94921,CDK14,AZD5363,HL60,0.8451177419392072
O94921,CDK14,BX912,HL60,1.4026385754190251
O94921,CDK14,CHIR99021,HL60,0.8279718636239284
O94921,CDK14,GSK2334470,HL60,0.44178520410063715
O94921,CDK14,Ipatasertib,HL60,0.06120885489081897
O94921,CDK14,LY2090314,HL60,0.6740139515452097
O94921,CDK14,Tofacitinib,HL60,1.103330828187108
O94921,CDK14,AZD6482,HL60,-0.19649849881139989
O94921,CDK14,CAL101,HL60,-0.3350892623555615
O94921,CDK14,GDC0941,HL60,-0.6598448495383605
O94921,CDK14,HS173,HL60,0.21278196162813018
O94921,CDK14,PIK294,HL60,-0.17445785974406053
O94921,CDK14,TGX221,HL60,-1.1779309201178336
O94921,CDK14,AZD8055,HL60,0.13490637510685974
O94921,CDK14,GDC0994,HL60,0.11879887564963729
O94921,CDK14,JNK,HL60,0.49174684782927663
O94921,CDK14,LY2584702,HL60,0.24370440500186705
O94921,CDK14,PH797804,HL60,0.6754518463663595
O94921,CDK14,Selumetinib,HL60,0.2983877746988091
O94921,CDK14,U73122,HL60,0.3696673047371874
O94921,CDK14,Ulixertinib,HL60,0.21064803235853585
O94921,CDK14,Amuvatinib,HL60,0.8052731679900584
O94921,CDK14,AZD3759,HL60,0.36134418566619514
O94921,CDK14,GSK690693,HL60,-0.15728060425959406
O94921,CDK14,JNJ,HL60,0.535928511107707
O94921,CDK14,KN62,HL60,1.2479740484237436
O94921,CDK14,Linsitinib,HL60,0.4424947691549451
O94921,CDK14,LY2835219,HL60,0.49427426978055367
O94921,CDK14,Ribociclib,HL60,0.6526001218325086
O94921,CDK14,AC220,HL60,0.9830185676882935
O94921,CDK14,Edelfosine,HL60,-0.8686243972817017
O94921,CDK14,GF109203X,HL60,-0.705076865776759
O94921,CDK14,Go6976,HL60,1.3623875838003725
O94921,CDK14,PF4708671,HL60,0.3886902973629261
O94921,CDK14,SP600125,HL60,-0.5273701576066866
O94921,CDK14,TAK715,HL60,0.32902737765020434
O94921,CDK14,TBCA,HL60,-0.16278696113290544
O94921,CDK14,AT13148,HL60,-0.07423433813174338
O94921,CDK14,AZ20,HL60,0.5921021220529012
O94921,CDK14,AZD6738,HL60,-0.07174515630119625
O94921,CDK14,Bosutinib,HL60,-0.5447384162565088
O94921,CDK14,Dabrafenib,HL60,0.8649591355652883
O94921,CDK14,Dasatinib,HL60,0.6505499679965677
O94921,CDK14,DNAPK,HL60,0.5371999914063431
O94921,CDK14,H89,HL60,0.7870861888852797
O94921,CDK14,KD025,HL60,1.4668587746102704
O94921,CDK14,NU7441,HL60,0.049906003074991205
O94921,CDK14,Ripasudil,HL60,0.6947701968391249
O94921,CDK14,Vemurafenib,HL60,-0.12256808702569039
O94921,CDK14,CX4945,HL60,0.33102191479220777
O94921,CDK14,GO6983,HL60,0.46070670473715986
O94921,CDK14,KN93,HL60,0.1239591620726236
O94921,CDK14,MK2206,HL60,0.4723108697475168
Q15746,MYLK,AZD5438,HL60,0.47757841043426413
Q15746,MYLK,FRAX486,HL60,-0.43703723290734675
Q15746,MYLK,Ku0063794,HL60,-1.3183932385489574
Q15746,MYLK,PD153035,HL60,-1.0984451878574906
Q15746,MYLK,PF3758309,HL60,-0.12043055214077508
Q15746,MYLK,Torin,HL60,-0.2956820546349968
Q15746,MYLK,Trametinib,HL60,1.7436849885988326
Q15746,MYLK,AZD1480,HL60,0.2908698864171754
Q15746,MYLK,AZD5363,HL60,-1.307065637131261
Q15746,MYLK,BX912,HL60,1.5262930823570513
Q15746,MYLK,CHIR99021,HL60,2.305800359739215
Q15746,MYLK,GSK2334470,HL60,1.130860487880128
Q15746,MYLK,Ipatasertib,HL60,0.07394827109405655
Q15746,MYLK,LY2090314,HL60,2.6706530788506275
Q15746,MYLK,Tofacitinib,HL60,0.7260573811874175
Q15746,MYLK,AZD6482,HL60,1.9719037030769564
Q15746,MYLK,CAL101,HL60,1.2335234822286707
Q15746,MYLK,GDC0941,HL60,1.9463414164432664
Q15746,MYLK,HS173,HL60,0.6095839866602175
Q15746,MYLK,PIK294,HL60,2.1896592802348303
Q15746,MYLK,TGX221,HL60,0.6995069489402556
Q15746,MYLK,AZD8055,HL60,0.0275737962524121
Q15746,MYLK,GDC0994,HL60,-0.42020482245375834
Q15746,MYLK,JNK,HL60,-0.5290257085943739
Q15746,MYLK,LY2584702,HL60,-0.37601563151709094
Q15746,MYLK,PH797804,HL60,-1.5956308655118494
Q15746,MYLK,Selumetinib,HL60,-1.469426740404493
Q15746,MYLK,U73122,HL60,-2.2331018583548263
Q15746,MYLK,Ulixertinib,HL60,0.44456633649301747
Q15746,MYLK,Amuvatinib,HL60,2.977938789702777
Q15746,MYLK,AZD3759,HL60,2.6625239388541577
Q15746,MYLK,GSK690693,HL60,2.511171999602955
Q15746,MYLK,JNJ,HL60,1.5068003795617522
Q15746,MYLK,KN62,HL60,1.15542529352274
Q15746,MYLK,Linsitinib,HL60,1.3625530037816054
Q15746,MYLK,LY2835219,HL60,2.04479937541774
Q15746,MYLK,Ribociclib,HL60,2.384998799931601
Q15746,MYLK,AC220,HL60,0.4719442245026083
Q15746,MYLK,Edelfosine,HL60,0.9188792550962543
Q15746,MYLK,GF109203X,HL60,1.0634039148264578
Q15746,MYLK,Go6976,HL60,-1.0234940303264943
Q15746,MYLK,PF4708671,HL60,0.24242859919467868
Q15746,MYLK,SP600125,HL60,-1.3032326477648581
Q15746,MYLK,TAK715,HL60,0.9013900103028913
Q15746,MYLK,TBCA,HL60,-0.37783495072067796
Q15746,MYLK,AT13148,HL60,-4.459771482753071
Q15746,MYLK,AZ20,HL60,-1.8167287731481614
Q15746,MYLK,AZD6738,HL60,-1.1423337563991043
Q15746,MYLK,Bosutinib,HL60,-1.6992736502823444
Q15746,MYLK,Dabrafenib,HL60,-0.7309562031452628
Q15746,MYLK,Dasatinib,HL60,-0.8990640151044802
Q15746,MYLK,DNAPK,HL60,-2.0227774888232077
Q15746,MYLK,H89,HL60,-2.13038041717572
Q15746,MYLK,KD025,HL60,-2.268098331692094
Q15746,MYLK,NU7441,HL60,-1.7435266086692078
Q15746,MYLK,Ripasudil,HL60,-1.643089185323657
Q15746,MYLK,Vemurafenib,HL60,-0.5527096991174523
Q15746,MYLK,CX4945,HL60,-1.7740228587312792
Q15746,MYLK,GO6983,HL60,-0.7921455367275656
Q15746,MYLK,KN93,HL60,-1.4726997934225732
Q15746,MYLK,MK2206,HL60,-0.2819603623865716
Q14680,MELK,AZD5438,HL60,1.303894379251362
Q14680,MELK,FRAX486,HL60,0.6237203461869756
Q14680,MELK,Ku0063794,HL60,0.002307958877061619
Q14680,MELK,PD153035,HL60,-0.2874182069036054
Q14680,MELK,PF3758309,HL60,-1.5172481335385064
Q14680,MELK,Torin,HL60,0.5722321863021489
Q14680,MELK,Trametinib,HL60,0.051501997732436314
Q14680,MELK,AZD1480,HL60,1.1305318738244152
Q14680,MELK,AZD5363,HL60,-0.5775299154205318
Q14680,MELK,BX912,HL60,0.3431201339883659
Q14680,MELK,CHIR99021,HL60,-0.49845026270490717
Q14680,MELK,GSK2334470,HL60,0.5381877404214211
Q14680,MELK,Ipatasertib,HL60,1.1474554426807113
Q14680,MELK,LY2090314,HL60,0.8437337023482702
Q14680,MELK,Tofacitinib,HL60,1.015551311243498
Q14680,MELK,AZD6482,HL60,1.1184402174587886
Q14680,MELK,CAL101,HL60,0.6079689769717292
Q14680,MELK,GDC0941,HL60,0.9106819460119729
Q14680,MELK,HS173,HL60,0.5681569732070898
Q14680,MELK,PIK294,HL60,0.4148642312281209
Q14680,MELK,TGX221,HL60,0.9594316162592975
Q14680,MELK,AZD8055,HL60,-0.017969211541990257
Q14680,MELK,GDC0994,HL60,1.549373478318563
Q14680,MELK,JNK,HL60,0.5350800846861304
Q14680,MELK,LY2584702,HL60,0.8460418484009561
Q14680,MELK,PH797804,HL60,1.2690588417461268
Q14680,MELK,Selumetinib,HL60,0.431838479746144
Q14680,MELK,U73122,HL60,0.32569900536475804
Q14680,MELK,Ulixertinib,HL60,0.44515980575755065
Q14680,MELK,Amuvatinib,HL60,0.4422952175502342
Q14680,MELK,AZD3759,HL60,0.28946890430737227
Q14680,MELK,GSK690693,HL60,0.580598801029349
Q14680,MELK,JNJ,HL60,1.1853069505290268
Q14680,MELK,KN62,HL60,0.2768916103135313
Q14680,MELK,Linsitinib,HL60,0.292973251929836
Q14680,MELK,LY2835219,HL60,1.010342425300739
Q14680,MELK,Ribociclib,HL60,1.3991650689335908
Q14680,MELK,AC220,HL60,0.40787372899844426
Q14680,MELK,Edelfosine,HL60,-0.5568905730509437
Q14680,MELK,GF109203X,HL60,0.729626395595035
Q14680,MELK,Go6976,HL60,-0.21699313107426735
Q14680,MELK,PF4708671,HL60,0.3203786367103746
Q14680,MELK,SP600125,HL60,0.5412263690152456
Q14680,MELK,TAK715,HL60,0.8574825856714062
Q14680,MELK,TBCA,HL60,0.07147657805926945
Q14680,MELK,AT13148,HL60,0.4991095341753231
Q14680,MELK,AZ20,HL60,-0.14930036529088672
Q14680,MELK,AZD6738,HL60,-0.17995707756618215
Q14680,MELK,Bosutinib,HL60,-0.2778603417315227
Q14680,MELK,Dabrafenib,HL60,0.7516842756298854
Q14680,MELK,Dasatinib,HL60,0.23810815899634977
Q14680,MELK,DNAPK,HL60,0.4440379036972683
Q14680,MELK,H89,HL60,0.07884915204529344
Q14680,MELK,KD025,HL60,1.8990181069234486
Q14680,MELK,NU7441,HL60,0.25381404270049546
Q14680,MELK,Ripasudil,HL60,0.1339540995458067
Q14680,MELK,Vemurafenib,HL60,0.974743758444592
Q14680,MELK,CX4945,HL60,-0.16207670711185138
Q14680,MELK,GO6983,HL60,-0.411660849581599
Q14680,MELK,KN93,HL60,-0.34228525015919686
Q14680,MELK,MK2206,HL60,-0.5730150555932483
Q8NE63,HIPK4,AZD5438,HL60,0.33148707989291976
Q8NE63,HIPK4,FRAX486,HL60,0.3774263141879885
Q8NE63,HIPK4,Ku0063794,HL60,-1.7810185622939618
Q8NE63,HIPK4,PD153035,HL60,0.5377353414900742
Q8NE63,HIPK4,PF3758309,HL60,1.162517336629603
Q8NE63,HIPK4,Torin,HL60,-1.4788552833092512
Q8NE63,HIPK4,Trametinib,HL60,0.30136462589955443
Q8NE63,HIPK4,AZD1480,HL60,-0.03993599367457768
Q8NE63,HIPK4,AZD5363,HL60,-0.7515932758427802
Q8NE63,HIPK4,BX912,HL60,-0.2188909875128967
Q8NE63,HIPK4,CHIR99021,HL60,0.41586446696651047
Q8NE63,HIPK4,GSK2334470,HL60,-1.1277791628702873
Q8NE63,HIPK4,Ipatasertib,HL60,-1.2078720840913557
Q8NE63,HIPK4,LY2090314,HL60,0.6994414583395653
Q8NE63,HIPK4,Tofacitinib,HL60,-0.1521337458804437
Q8NE63,HIPK4,AZD6482,HL60,-0.5686978674572672
Q8NE63,HIPK4,CAL101,HL60,-0.729338851848768
Q8NE63,HIPK4,GDC0941,HL60,-1.5633090825371296
Q8NE63,HIPK4,HS173,HL60,-0.9965291542838951
Q8NE63,HIPK4,PIK294,HL60,-0.5406281236649682
Q8NE63,HIPK4,TGX221,HL60,-0.6726700942663506
Q8NE63,HIPK4,AZD8055,HL60,-1.1287392440613382
Q8NE63,HIPK4,GDC0994,HL60,0.18674634310603166
Q8NE63,HIPK4,JNK,HL60,0.06514115930036217
Q8NE63,HIPK4,LY2584702,HL60,0.2839545766963447
Q8NE63,HIPK4,PH797804,HL60,0.016316994955128884
Q8NE63,HIPK4,Selumetinib,HL60,0.10713450093255214
Q8NE63,HIPK4,U73122,HL60,-0.18256646701820672
Q8NE63,HIPK4,Ulixertinib,HL60,-0.160917428319337
Q8NE63,HIPK4,Amuvatinib,HL60,-0.37566991995136234
Q8NE63,HIPK4,AZD3759,HL60,-0.21169389607917877
Q8NE63,HIPK4,GSK690693,HL60,-1.0780968552561905
Q8NE63,HIPK4,JNJ,HL60,-0.3746682621449826
Q8NE63,HIPK4,KN62,HL60,-1.6081780576717515
Q8NE63,HIPK4,Linsitinib,HL60,-1.917895244145671
Q8NE63,HIPK4,LY2835219,HL60,-0.6004816878562436
Q8NE63,HIPK4,Ribociclib,HL60,-1.3192477768348652
Q8NE63,HIPK4,AC220,HL60,-0.5981959213076731
Q8NE63,HIPK4,Edelfosine,HL60,-0.3259841944307784
Q8NE63,HIPK4,GF109203X,HL60,0.14807948691840828
Q8NE63,HIPK4,Go6976,HL60,-0.8307066784220084
Q8NE63,HIPK4,PF4708671,HL60,0.14286626255505935
Q8NE63,HIPK4,SP600125,HL60,0.026750098461322952
Q8NE63,HIPK4,TAK715,HL60,0.08518577742326075
Q8NE63,HIPK4,TBCA,HL60,-0.09387433441291415
Q8NE63,HIPK4,AT13148,HL60,-0.4480642545616209
Q8NE63,HIPK4,AZ20,HL60,-0.37927830870647106
Q8NE63,HIPK4,AZD6738,HL60,0.4196289321882595
Q8NE63,HIPK4,Bosutinib,HL60,0.271408396986651
Q8NE63,HIPK4,Dabrafenib,HL60,-0.13217267190402876
Q8NE63,HIPK4,Dasatinib,HL60,0.6639342401396051
Q8NE63,HIPK4,DNAPK,HL60,0.08018825808898399
Q8NE63,HIPK4,H89,HL60,0.058547509057879234
Q8NE63,HIPK4,KD025,HL60,-1.085576915310928
Q8NE63,HIPK4,NU7441,HL60,-0.44319303096324325
Q8NE63,HIPK4,Ripasudil,HL60,0.13235077389304256
Q8NE63,HIPK4,Vemurafenib,HL60,0.18916945792554749
Q8NE63,HIPK4,CX4945,HL60,0.27719588840558673
Q8NE63,HIPK4,GO6983,HL60,0.6059067964071722
Q8NE63,HIPK4,KN93,HL60,0.20555957043050788
Q8NE63,HIPK4,MK2206,HL60,-0.4863689790349872
P49760,CLK2,AZD5438,HL60,0.3633792447863028
P49760,CLK2,FRAX486,HL60,-2.597234218420762
P49760,CLK2,Ku0063794,HL60,-0.5527921591740936
P49760,CLK2,PD153035,HL60,-0.35587568254355934
P49760,CLK2,PF3758309,HL60,0.11909176051508154
P49760,CLK2,Torin,HL60,-0.6593570601363045
P49760,CLK2,Trametinib,HL60,-0.42162172742709764
P49760,CLK2,AZD1480,HL60,-1.4961586264920903
P49760,CLK2,AZD5363,HL60,-0.2880178940238092
P49760,CLK2,BX912,HL60,-1.9227576222026226
P49760,CLK2,CHIR99021,HL60,-0.14514798525402056
P49760,CLK2,GSK2334470,HL60,-1.5781584368874202
P49760,CLK2,Ipatasertib,HL60,-0.8906485976264386
P49760,CLK2,LY2090314,HL60,-0.7231882986819036
P49760,CLK2,Tofacitinib,HL60,-0.9601358724353699
P49760,CLK2,AZD6482,HL60,-0.8372801346484494
P49760,CLK2,CAL101,HL60,-2.313110110440409
P49760,CLK2,GDC0941,HL60,-1.5323791656760637
P49760,CLK2,HS173,HL60,-0.4384643267302378
P49760,CLK2,PIK294,HL60,-1.30736020308753
P49760,CLK2,TGX221,HL60,-0.6544417154137331
P49760,CLK2,AZD8055,HL60,-0.4881829584942635
P49760,CLK2,GDC0994,HL60,0.42835459287519834
P49760,CLK2,JNK,HL60,0.3057971178367948
P49760,CLK2,LY2584702,HL60,-0.11314866001351395
P49760,CLK2,PH797804,HL60,-0.05640497104163129
P49760,CLK2,Selumetinib,HL60,0.25118694298760785
P49760,CLK2,U73122,HL60,0.261790065430369
P49760,CLK2,Ulixertinib,HL60,0.02932845088850151
P49760,CLK2,Amuvatinib,HL60,-1.4653494545225212
P49760,CLK2,AZD3759,HL60,-1.7927379003594905
P49760,CLK2,GSK690693,HL60,-1.5182936934023912
P49760,CLK2,JNJ,HL60,-1.2463218495073582
P49760,CLK2,KN62,HL60,-0.5762352964021573
P49760,CLK2,Linsitinib,HL60,-1.9513377057312216
P49760,CLK2,LY2835219,HL60,-2.459648457786538
P49760,CLK2,Ribociclib,HL60,-1.003272507632492
P49760,CLK2,AC220,HL60,0.5225882000170178
P49760,CLK2,Edelfosine,HL60,0.3421796807342504
P49760,CLK2,GF109203X,HL60,0.4250531656460829
P49760,CLK2,Go6976,HL60,-0.0469421172133646
P49760,CLK2,PF4708671,HL60,0.8274438438951068
P49760,CLK2,SP600125,HL60,0.3656799793775969
P49760,CLK2,TAK715,HL60,0.17103720584510726
P49760,CLK2,TBCA,HL60,-0.004131253266935929
P49760,CLK2,AT13148,HL60,0.1713038875508237
P49760,CLK2,AZ20,HL60,0.07300746200979452
P49760,CLK2,AZD6738,HL60,-0.9494250266091894
P49760,CLK2,Bosutinib,HL60,-0.29507900423425265
P49760,CLK2,Dabrafenib,HL60,-0.49023747992502326
P49760,CLK2,Dasatinib,HL60,-0.48171494832157596
P49760,CLK2,DNAPK,HL60,-0.3954354985463576
P49760,CLK2,H89,HL60,-0.1299033429735329
P49760,CLK2,KD025,HL60,0.4796870294126328
P49760,CLK2,NU7441,HL60,-0.9247592529009573
P49760,CLK2,Ripasudil,HL60,0.69660164173967
P49760,CLK2,Vemurafenib,HL60,-1.6571268808355297
P49760,CLK2,CX4945,HL60,0.6328447008697402
P49760,CLK2,GO6983,HL60,-0.515534904828802
P49760,CLK2,KN93,HL60,-0.6616737350528747
P49760,CLK2,MK2206,HL60,0.07844725734445537
Q13557,CAMK2D,AZD5438,HL60,-1.2451138737143927
Q13557,CAMK2D,FRAX486,HL60,-0.4379922980570729
Q13557,CAMK2D,Ku0063794,HL60,0.07103896021529736
Q13557,CAMK2D,PD153035,HL60,-0.00507682019347307
Q13557,CAMK2D,PF3758309,HL60,-1.0084738607980408
Q13557,CAMK2D,Torin,HL60,-0.37217538934369
Q13557,CAMK2D,Trametinib,HL60,0.4329687902850089
Q13557,CAMK2D,AZD1480,HL60,0.46671405220135453
Q13557,CAMK2D,AZD5363,HL60,1.0296500885157485
Q13557,CAMK2D,BX912,HL60,1.489141344573063
Q13557,CAMK2D,CHIR99021,HL60,2.0172798962892577
Q13557,CAMK2D,GSK2334470,HL60,0.644615468974187
Q13557,CAMK2D,Ipatasertib,HL60,1.414733542579215
Q13557,CAMK2D,LY2090314,HL60,1.8784325874229757
Q13557,CAMK2D,Tofacitinib,HL60,1.3529209817813304
Q13557,CAMK2D,AZD6482,HL60,0.6417738036997235
Q13557,CAMK2D,CAL101,HL60,-0.1453573028127104
Q13557,CAMK2D,GDC0941,HL60,0.9587821368849913
Q13557,CAMK2D,HS173,HL60,0.23563334162688354
Q13557,CAMK2D,PIK294,HL60,0.8196953681859075
Q13557,CAMK2D,TGX221,HL60,0.2513652446779588
Q13557,CAMK2D,AZD8055,HL60,0.4482654280460491
Q13557,CAMK2D,GDC0994,HL60,0.8891617867518596
Q13557,CAMK2D,JNK,HL60,0.1031685085085004
Q13557,CAMK2D,LY2584702,HL60,0.6126111744963592
Q13557,CAMK2D,PH797804,HL60,-0.0014767961875461351
Q13557,CAMK2D,Selumetinib,HL60,0.23896918381128238
Q13557,CAMK2D,U73122,HL60,0.20588929019069024
Q13557,CAMK2D,Ulixertinib,HL60,0.3485537278858298
Q13557,CAMK2D,Amuvatinib,HL60,0.6767609097529386
Q13557,CAMK2D,AZD3759,HL60,0.3523630213917836
Q13557,CAMK2D,GSK690693,HL60,1.0628272112077615
Q13557,CAMK2D,JNJ,HL60,0.877025336056048
Q13557,CAMK2D,KN62,HL60,0.4308466729034153
Q13557,CAMK2D,Linsitinib,HL60,1.7889823657338966
Q13557,CAMK2D,LY2835219,HL60,-0.6530211762866732
Q13557,CAMK2D,Ribociclib,HL60,-0.1153452377551882
Q13557,CAMK2D,AC220,HL60,1.8705312752755083
Q13557,CAMK2D,Edelfosine,HL60,0.8677112890451166
Q13557,CAMK2D,GF109203X,HL60,0.84684309709204
Q13557,CAMK2D,Go6976,HL60,-0.23480424018584917
Q13557,CAMK2D,PF4708671,HL60,1.1346817076804079
Q13557,CAMK2D,SP600125,HL60,0.3400348497901204
Q13557,CAMK2D,TAK715,HL60,-0.10595792980536015
Q13557,CAMK2D,TBCA,HL60,1.1168842914371588
Q13557,CAMK2D,AT13148,HL60,-0.9697735544509142
Q13557,CAMK2D,AZ20,HL60,-1.3915822804024371
Q13557,CAMK2D,AZD6738,HL60,-1.222089796629097
Q13557,CAMK2D,Bosutinib,HL60,-1.6901464011340313
Q13557,CAMK2D,Dabrafenib,HL60,-0.9549968482084931
Q13557,CAMK2D,Dasatinib,HL60,0.4418583304464681
Q13557,CAMK2D,DNAPK,HL60,-2.4071888848750023
Q13557,CAMK2D,H89,HL60,-1.9531262418713051
Q13557,CAMK2D,KD025,HL60,-1.3217469983507553
Q13557,CAMK2D,NU7441,HL60,-1.163953439191126
Q13557,CAMK2D,Ripasudil,HL60,-0.012634584515025108
Q13557,CAMK2D,Vemurafenib,HL60,-0.8467494274532397
Q13557,CAMK2D,CX4945,HL60,-1.9667835868927297
Q13557,CAMK2D,GO6983,HL60,-0.8299547986041771
Q13557,CAMK2D,KN93,HL60,-0.963894693717022
Q13557,CAMK2D,MK2206,HL60,-0.6478576826071266
Q13554,CAMK2B,AZD5438,HL60,2.5936752212995815
Q13554,CAMK2B,FRAX486,HL60,-0.22228738292547132
Q13554,CAMK2B,Ku0063794,HL60,-1.558879405999888
Q13554,CAMK2B,PD153035,HL60,-0.15342734626608961
Q13554,CAMK2B,PF3758309,HL60,-1.9117708827480675
Q13554,CAMK2B,Torin,HL60,3.4368105154219273
Q13554,CAMK2B,Trametinib,HL60,-2.1345430623581736
Q13554,CAMK2B,AZD1480,HL60,-4.378356915688613
Q13554,CAMK2B,AZD5363,HL60,-3.854594618084453
Q13554,CAMK2B,BX912,HL60,-0.2449286820830338
Q13554,CAMK2B,CHIR99021,HL60,-4.1735076073893325
Q13554,CAMK2B,GSK2334470,HL60,-1.5567436903896879
Q13554,CAMK2B,Ipatasertib,HL60,-4.7431257999638445
Q13554,CAMK2B,LY2090314,HL60,0.29376527417557535
Q13554,CAMK2B,Tofacitinib,HL60,-2.341002954662213
Q13554,CAMK2B,AZD6482,HL60,2.3575163170257882
Q13554,CAMK2B,CAL101,HL60,3.267863180929098
Q13554,CAMK2B,GDC0941,HL60,1.5710282962416557
Q13554,CAMK2B,HS173,HL60,4.237387816290355
Q13554,CAMK2B,PIK294,HL60,0.7582542396458927
Q13554,CAMK2B,TGX221,HL60,2.0248659814048913
Q13554,CAMK2B,AZD8055,HL60,0.3476849990230883
Q13554,CAMK2B,GDC0994,HL60,0.6484158350791839
Q13554,CAMK2B,JNK,HL60,0.6455388961198033
Q13554,CAMK2B,LY2584702,HL60,0.5971854134446128
Q13554,CAMK2B,PH797804,HL60,0.50334392966674
Q13554,CAMK2B,Selumetinib,HL60,0.06252091517455195
Q13554,CAMK2B,U73122,HL60,-1.0939982875681582
Q13554,CAMK2B,Ulixertinib,HL60,-1.3972612445928043
Q13554,CAMK2B,Amuvatinib,HL60,-0.6393728498236624
Q13554,CAMK2B,AZD3759,HL60,-0.2831987605292006
Q13554,CAMK2B,GSK690693,HL60,-0.6653276226915046
Q13554,CAMK2B,JNJ,HL60,-1.2596602202071803
Q13554,CAMK2B,KN62,HL60,-0.2808935508380495
Q13554,CAMK2B,Linsitinib,HL60,-0.8331539080022274
Q13554,CAMK2B,LY2835219,HL60,-0.6800194091091317
Q13554,CAMK2B,Ribociclib,HL60,-0.5313352122360825
Q13554,CAMK2B,AC220,HL60,0.2787325762905547
Q13554,CAMK2B,Edelfosine,HL60,-0.3908259459157342
Q13554,CAMK2B,GF109203X,HL60,-1.4468766062976999
Q13554,CAMK2B,Go6976,HL60,3.1543945268171023
Q13554,CAMK2B,PF4708671,HL60,-0.9611048983264575
Q13554,CAMK2B,SP600125,HL60,-0.02051084816992808
Q13554,CAMK2B,TAK715,HL60,-0.7840535557770469
Q13554,CAMK2B,TBCA,HL60,-1.4595572199353684
Q13554,CAMK2B,AT13148,HL60,-1.182419174399348
Q13554,CAMK2B,AZ20,HL60,0.37947441049407027
Q13554,CAMK2B,AZD6738,HL60,0.0883799037138857
Q13554,CAMK2B,Bosutinib,HL60,-4.651422178100871
Q13554,CAMK2B,Dabrafenib,HL60,0.4460160107898477
Q13554,CAMK2B,Dasatinib,HL60,0.1769407276297703
Q13554,CAMK2B,DNAPK,HL60,-0.37734790427131104
Q13554,CAMK2B,H89,HL60,-5.843759047205119
Q13554,CAMK2B,KD025,HL60,0.40076654834543224
Q13554,CAMK2B,NU7441,HL60,-5.307077203911983
Q13554,CAMK2B,Ripasudil,HL60,-6.4539623697228015
Q13554,CAMK2B,Vemurafenib,HL60,-0.32261575081987
Q13554,CAMK2B,CX4945,HL60,-2.656247983567954
Q13554,CAMK2B,GO6983,HL60,-1.5843924430928427
Q13554,CAMK2B,KN93,HL60,-2.897653444598933
Q13554,CAMK2B,MK2206,HL60,0.24000138586868416
Q5TCY1,TTBK1,AZD5438,HL60,-1.0883726851763074
Q5TCY1,TTBK1,FRAX486,HL60,1.2581211811793538
Q5TCY1,TTBK1,Ku0063794,HL60,0.07191010875888224
Q5TCY1,TTBK1,PD153035,HL60,-1.1164136592390836
Q5TCY1,TTBK1,PF3758309,HL60,-1.0363081131538547
Q5TCY1,TTBK1,Torin,HL60,2.29604045721288
Q5TCY1,TTBK1,Trametinib,HL60,-1.5925064274039467
Q5TCY1,TTBK1,AZD1480,HL60,-1.269405150348554
Q5TCY1,TTBK1,AZD5363,HL60,5.230633562344243
Q5TCY1,TTBK1,BX912,HL60,2.3311750989618214
Q5TCY1,TTBK1,CHIR99021,HL60,0.0352594457675663
Q5TCY1,TTBK1,GSK2334470,HL60,0.20834779437688997
Q5TCY1,TTBK1,Ipatasertib,HL60,-1.3215089267174174
Q5TCY1,TTBK1,LY2090314,HL60,-0.03725599423876141
Q5TCY1,TTBK1,Tofacitinib,HL60,-1.2237585192641973
Q5TCY1,TTBK1,AZD6482,HL60,-1.320173533757156
Q5TCY1,TTBK1,CAL101,HL60,-1.5449139384194897
Q5TCY1,TTBK1,GDC0941,HL60,-1.1949414120326243
Q5TCY1,TTBK1,HS173,HL60,3.3485050593984607
Q5TCY1,TTBK1,PIK294,HL60,-1.4083836899117437
Q5TCY1,TTBK1,TGX221,HL60,1.1748746611171965
Q5TCY1,TTBK1,AZD8055,HL60,-1.598251972188884
Q5TCY1,TTBK1,GDC0994,HL60,-1.32306513211839
Q5TCY1,TTBK1,JNK,HL60,-1.11444935580948
Q5TCY1,TTBK1,LY2584702,HL60,0.19455079378835635
Q5TCY1,TTBK1,PH797804,HL60,-0.1874681158764912
Q5TCY1,TTBK1,Selumetinib,HL60,-3.5649713969912864
Q5TCY1,TTBK1,U73122,HL60,-0.9867425007185808
Q5TCY1,TTBK1,Ulixertinib,HL60,-2.7919259141787456
Q5TCY1,TTBK1,Amuvatinib,HL60,-2.9633196630099254
Q5TCY1,TTBK1,AZD3759,HL60,-1.2900541841094166
Q5TCY1,TTBK1,GSK690693,HL60,-1.2464213005288962
Q5TCY1,TTBK1,JNJ,HL60,-1.3281305232050773
Q5TCY1,TTBK1,KN62,HL60,-1.1230476866084063
Q5TCY1,TTBK1,Linsitinib,HL60,-1.181588526123168
Q5TCY1,TTBK1,LY2835219,HL60,0.260521029196108
Q5TCY1,TTBK1,Ribociclib,HL60,-1.725921697302563
Q5TCY1,TTBK1,AC220,HL60,-1.0467996556198251
Q5TCY1,TTBK1,Edelfosine,HL60,-0.9550444960174248
Q5TCY1,TTBK1,GF109203X,HL60,-1.1671765288483782
Q5TCY1,TTBK1,Go6976,HL60,-1.558198575836641
Q5TCY1,TTBK1,PF4708671,HL60,-1.4860059814127706
Q5TCY1,TTBK1,SP600125,HL60,-1.0923289845807387
Q5TCY1,TTBK1,TAK715,HL60,-1.2399490051280397
Q5TCY1,TTBK1,TBCA,HL60,-1.623961762018478
Q5TCY1,TTBK1,AT13148,HL60,-1.4980807914227496
Q5TCY1,TTBK1,AZ20,HL60,-1.4373768783282943
Q5TCY1,TTBK1,AZD6738,HL60,-1.4208649852579536
Q5TCY1,TTBK1,Bosutinib,HL60,-1.3460410959522036
Q5TCY1,TTBK1,Dabrafenib,HL60,-1.4088227622234826
Q5TCY1,TTBK1,Dasatinib,HL60,-1.2334303242093358
Q5TCY1,TTBK1,DNAPK,HL60,-1.7734068738865185
Q5TCY1,TTBK1,H89,HL60,-1.5556992528394
Q5TCY1,TTBK1,KD025,HL60,-1.3740555108383363
Q5TCY1,TTBK1,NU7441,HL60,-1.6929049621958105
Q5TCY1,TTBK1,Ripasudil,HL60,-1.1399921139467397
Q5TCY1,TTBK1,Vemurafenib,HL60,-1.3631054368031865
Q5TCY1,TTBK1,CX4945,HL60,-1.2435481307226126
Q5TCY1,TTBK1,GO6983,HL60,-1.0402869299113766
Q5TCY1,TTBK1,KN93,HL60,-1.1435918060774248
Q5TCY1,TTBK1,MK2206,HL60,-1.3426397463215973
Q9P0L2,MARK1,AC220,HL60,-0.14815330841699414
Q9P0L2,MARK1,AT13148,HL60,0.8877058838747943
Q9P0L2,MARK1,AZ20,HL60,1.0333978567473354
Q9P0L2,MARK1,AZD1480,HL60,0.6498184690698033
Q9P0L2,MARK1,AZD3759,HL60,-1.2697351453922778
Q9P0L2,MARK1,AZD5363,HL60,0.4496696786720535
Q9P0L2,MARK1,AZD5438,HL60,0.5820215317192554
Q9P0L2,MARK1,AZD6482,HL60,0.281315845760794
Q9P0L2,MARK1,AZD6738,HL60,0.7590883337760047
Q9P0L2,MARK1,AZD8055,HL60,0.0054968998608521035
Q9P0L2,MARK1,Amuvatinib,HL60,-1.1183093574198295
Q9P0L2,MARK1,BX912,HL60,-0.8923198595242547
Q9P0L2,MARK1,Bosutinib,HL60,0.7605786190439209
Q9P0L2,MARK1,CAL101,HL60,-0.7681597989645038
Q9P0L2,MARK1,CHIR99021,HL60,1.7089087918875059
Q9P0L2,MARK1,CX4945,HL60,0.2552397830182922
Q9P0L2,MARK1,DNAPK,HL60,1.3452569966924102
Q9P0L2,MARK1,Dabrafenib,HL60,0.9038134677767616
Q9P0L2,MARK1,Dasatinib,HL60,0.7860605152355682
Q9P0L2,MARK1,Edelfosine,HL60,0.8858167687708176
Q9P0L2,MARK1,FRAX486,HL60,-0.27276637595786574
Q9P0L2,MARK1,GDC0941,HL60,0.14096412383367968
Q9P0L2,MARK1,GDC0994,HL60,-0.013377011284689436
Q9P0L2,MARK1,GF109203X,HL60,-0.20254075739908942
Q9P0L2,MARK1,GO6983,HL60,0.8835716679198344
Q9P0L2,MARK1,GSK2334470,HL60,0.5196457676553266
Q9P0L2,MARK1,GSK690693,HL60,-0.37715237743063934
Q9P0L2,MARK1,Go6976,HL60,-0.9929524148091012
Q9P0L2,MARK1,H89,HL60,0.6301035187937734
Q9P0L2,MARK1,HS173,HL60,-0.555171091823586
Q9P0L2,MARK1,Ipatasertib,HL60,0.5478742009452566
Q9P0L2,MARK1,JNJ,HL60,-0.3752891303979961
Q9P0L2,MARK1,JNK,HL60,-1.0095132746555313
Q9P0L2,MARK1,KD025,HL60,1.6238920933471523
Q9P0L2,MARK1,KN62,HL60,0.1577618139213144
Q9P0L2,MARK1,KN93,HL60,0.3384564708018706
Q9P0L2,MARK1,Ku0063794,HL60,-0.03170670485744262
Q9P0L2,MARK1,LY2090314,HL60,1.8733343466858192
Q9P0L2,MARK1,LY2584702,HL60,0.2627887001841432
Q9P0L2,MARK1,LY2835219,HL60,-0.45222991215213637
Q9P0L2,MARK1,Linsitinib,HL60,-1.089224013262479
Q9P0L2,MARK1,MK2206,HL60,0.4045741211104449
Q9P0L2,MARK1,NU7441,HL60,0.7112953768032573
Q9P0L2,MARK1,PD153035,HL60,-0.14371184645014293
Q9P0L2,MARK1,PF3758309,HL60,-1.2194955593066745
Q9P0L2,MARK1,PF4708671,HL60,-0.18613411535855048
Q9P0L2,MARK1,PH797804,HL60,-1.0691577925508313
Q9P0L2,MARK1,PIK294,HL60,0.2425304540933146
Q9P0L2,MARK1,Ribociclib,HL60,0.2229758186531369
Q9P0L2,MARK1,Ripasudil,HL60,0.42909225546405
Q9P0L2,MARK1,SP600125,HL60,-0.21965684848081252
Q9P0L2,MARK1,Selumetinib,HL60,0.009449064271022913
Q9P0L2,MARK1,TAK715,HL60,-1.1169659124707814
Q9P0L2,MARK1,TBCA,HL60,-1.1704700054959665
Q9P0L2,MARK1,TGX221,HL60,0.0022927141070966843
Q9P0L2,MARK1,Tofacitinib,HL60,0.615998225857617
Q9P0L2,MARK1,Torin,HL60,-0.3933142240466969
Q9P0L2,MARK1,Trametinib,HL60,0.013417677300140821
Q9P0L2,MARK1,U73122,HL60,-0.4507538201377186
Q9P0L2,MARK1,Ulixertinib,HL60,-0.7689019547861303
Q9P0L2,MARK1,Vemurafenib,HL60,1.5929200520225124
O75676,RPS6KA4,AZD5438,HL60,0.4121750865230112
O75676,RPS6KA4,FRAX486,HL60,0.3894837387842375
O75676,RPS6KA4,Ku0063794,HL60,-1.7491142944200744
O75676,RPS6KA4,PD153035,HL60,0.07566431125201156
O75676,RPS6KA4,PF3758309,HL60,-2.173745652876473
O75676,RPS6KA4,Torin,HL60,-1.6354898312076418
O75676,RPS6KA4,Trametinib,HL60,-2.150480120615488
O75676,RPS6KA4,AZD1480,HL60,-0.11455730188042756
O75676,RPS6KA4,AZD5363,HL60,0.018724765183133325
O75676,RPS6KA4,BX912,HL60,0.760189438636175
O75676,RPS6KA4,CHIR99021,HL60,-0.3516668860548682
O75676,RPS6KA4,GSK2334470,HL60,-0.08045150773205074
O75676,RPS6KA4,Ipatasertib,HL60,-1.3865384042260551
O75676,RPS6KA4,LY2090314,HL60,0.9038044090781036
O75676,RPS6KA4,Tofacitinib,HL60,-0.6612786003945471
O75676,RPS6KA4,AZD6482,HL60,-0.3596493545320518
O75676,RPS6KA4,CAL101,HL60,0.5420351797393478
O75676,RPS6KA4,GDC0941,HL60,-1.2594122833850963
O75676,RPS6KA4,HS173,HL60,-0.7993760696797162
O75676,RPS6KA4,PIK294,HL60,0.2104128073035224
O75676,RPS6KA4,TGX221,HL60,0.1835683463625921
O75676,RPS6KA4,AZD8055,HL60,-0.8662200793090052
O75676,RPS6KA4,GDC0994,HL60,-0.6991353751419871
O75676,RPS6KA4,JNK,HL60,0.40570210962370956
O75676,RPS6KA4,LY2584702,HL60,-0.38415975516556977
O75676,RPS6KA4,PH797804,HL60,-1.0213005328272087
O75676,RPS6KA4,Selumetinib,HL60,-0.1302860426309761
O75676,RPS6KA4,U73122,HL60,-0.32291096760111265
O75676,RPS6KA4,Ulixertinib,HL60,0.5561528450335796
O75676,RPS6KA4,Amuvatinib,HL60,0.6403020519136922
O75676,RPS6KA4,AZD3759,HL60,0.6268130089757646
O75676,RPS6KA4,GSK690693,HL60,-0.19414525290622806
O75676,RPS6KA4,JNJ,HL60,0.9204155088634567
O75676,RPS6KA4,KN62,HL60,-0.09164599720262818
O75676,RPS6KA4,Linsitinib,HL60,-0.46587976326135594
O75676,RPS6KA4,LY2835219,HL60,-0.08998212394281062
O75676,RPS6KA4,Ribociclib,HL60,0.8257500818663884
O75676,RPS6KA4,AC220,HL60,-0.6749932666576581
O75676,RPS6KA4,Edelfosine,HL60,0.0168992255571584
O75676,RPS6KA4,GF109203X,HL60,-1.6369039016752382
O75676,RPS6KA4,Go6976,HL60,-0.7282669364821913
O75676,RPS6KA4,PF4708671,HL60,-0.8628873076710644
O75676,RPS6KA4,SP600125,HL60,-0.19567334353920593
O75676,RPS6KA4,TAK715,HL60,0.0011303188656856976
O75676,RPS6KA4,TBCA,HL60,0.6241989975792753
O75676,RPS6KA4,AT13148,HL60,-1.5468474539611392
O75676,RPS6KA4,AZ20,HL60,-2.2913483687046425
O75676,RPS6KA4,AZD6738,HL60,0.5064420764370726
O75676,RPS6KA4,Bosutinib,HL60,1.0614112015864088
O75676,RPS6KA4,Dabrafenib,HL60,0.44022085028654817
O75676,RPS6KA4,Dasatinib,HL60,0.3310302018533538
O75676,RPS6KA4,DNAPK,HL60,0.1715753293589585
O75676,RPS6KA4,H89,HL60,1.1533094890322801
O75676,RPS6KA4,KD025,HL60,-0.1673824447372163
O75676,RPS6KA4,NU7441,HL60,-1.0868816331409645
O75676,RPS6KA4,Ripasudil,HL60,-1.0532407474004406
O75676,RPS6KA4,Vemurafenib,HL60,0.5601368722432851
O75676,RPS6KA4,CX4945,HL60,0.14305775970887327
O75676,RPS6KA4,GO6983,HL60,0.8185088086286716
O75676,RPS6KA4,KN93,HL60,-0.02362248976611589
O75676,RPS6KA4,MK2206,HL60,-0.0013845248930650057
Q9NRM7,LATS2,AZD5438,HL60,-1.6184812138462041
Q9NRM7,LATS2,FRAX486,HL60,-0.9047047950605955
Q9NRM7,LATS2,Ku0063794,HL60,0.5013398133373486
Q9NRM7,LATS2,PD153035,HL60,1.6028439468629
Q9NRM7,LATS2,PF3758309,HL60,0.3218648811062839
Q9NRM7,LATS2,Torin,HL60,0.4178601145439672
Q9NRM7,LATS2,Trametinib,HL60,1.2948805513143804
Q9NRM7,LATS2,AZD1480,HL60,0.5753358625758963
Q9NRM7,LATS2,AZD5363,HL60,-0.6828055270581008
Q9NRM7,LATS2,BX912,HL60,-0.24771981221536188
Q9NRM7,LATS2,CHIR99021,HL60,-0.4309659481697382
Q9NRM7,LATS2,GSK2334470,HL60,-0.8393012547213622
Q9NRM7,LATS2,Ipatasertib,HL60,-0.22768939829230425
Q9NRM7,LATS2,LY2090314,HL60,-0.24274012974014816
Q9NRM7,LATS2,Tofacitinib,HL60,1.6281861428643143
Q9NRM7,LATS2,AZD6482,HL60,0.10973730503864516
Q9NRM7,LATS2,CAL101,HL60,0.08265600694450748
Q9NRM7,LATS2,GDC0941,HL60,0.13634227192589188
Q9NRM7,LATS2,HS173,HL60,0.7329689784712422
Q9NRM7,LATS2,PIK294,HL60,0.2752998516289398
Q9NRM7,LATS2,TGX221,HL60,0.36406804447898594
Q9NRM7,LATS2,AZD8055,HL60,-0.6994948471090849
Q9NRM7,LATS2,GDC0994,HL60,0.16035350718628416
Q9NRM7,LATS2,JNK,HL60,-0.0795354686254597
Q9NRM7,LATS2,LY2584702,HL60,0.08205967276974084
Q9NRM7,LATS2,PH797804,HL60,0.48212990142446244
Q9NRM7,LATS2,Selumetinib,HL60,0.4412271321629382
Q9NRM7,LATS2,U73122,HL60,0.431739459136378
Q9NRM7,LATS2,Ulixertinib,HL60,-0.6498140884096573
Q9NRM7,LATS2,Amuvatinib,HL60,0.1644066631835364
Q9NRM7,LATS2,AZD3759,HL60,-0.46336749358958723
Q9NRM7,LATS2,GSK690693,HL60,-0.19844257024333514
Q9NRM7,LATS2,JNJ,HL60,0.36995464600434375
Q9NRM7,LATS2,KN62,HL60,-0.7992523677444023
Q9NRM7,LATS2,Linsitinib,HL60,-0.3929451718790123
Q9NRM7,LATS2,LY2835219,HL60,-0.3375419909476706
Q9NRM7,LATS2,Ribociclib,HL60,-1.540624414380375
Q9NRM7,LATS2,AC220,HL60,0.3161150881057224
Q9NRM7,LATS2,Edelfosine,HL60,0.9668045787597553
Q9NRM7,LATS2,GF109203X,HL60,-0.288746524089433
Q9NRM7,LATS2,Go6976,HL60,-0.15930690071370412
Q9NRM7,LATS2,PF4708671,HL60,0.19430174010738704
Q9NRM7,LATS2,SP600125,HL60,-0.184065820375437
Q9NRM7,LATS2,TAK715,HL60,0.5022439772405387
Q9NRM7,LATS2,TBCA,HL60,0.10748741415408218
Q9NRM7,LATS2,AT13148,HL60,-0.02197882590721614
Q9NRM7,LATS2,AZ20,HL60,0.8024261141894312
Q9NRM7,LATS2,AZD6738,HL60,0.9165478469770362
Q9NRM7,LATS2,Bosutinib,HL60,1.235949917065476
Q9NRM7,LATS2,Dabrafenib,HL60,-0.19076743308608518
Q9NRM7,LATS2,Dasatinib,HL60,0.39539613372529747
Q9NRM7,LATS2,DNAPK,HL60,0.6648729578294961
Q9NRM7,LATS2,H89,HL60,1.0197546054634077
Q9NRM7,LATS2,KD025,HL60,0.5384276501578299
Q9NRM7,LATS2,NU7441,HL60,0.2916985188923093
Q9NRM7,LATS2,Ripasudil,HL60,0.5735663636197084
Q9NRM7,LATS2,Vemurafenib,HL60,0.4999864974330961
Q9NRM7,LATS2,CX4945,HL60,0.07941584110728765
Q9NRM7,LATS2,GO6983,HL60,0.14896332657015615
Q9NRM7,LATS2,KN93,HL60,0.00018162738293038826
Q9NRM7,LATS2,MK2206,HL60,0.19695895930669133
O95835,LATS1,AZD5438,HL60,0.4410554267992015
O95835,LATS1,FRAX486,HL60,-0.17482993024977203
O95835,LATS1,Ku0063794,HL60,-0.35767622291908274
O95835,LATS1,PD153035,HL60,0.5434098210834597
O95835,LATS1,PF3758309,HL60,-1.4143320442889462
O95835,LATS1,Torin,HL60,0.5859734654384215
O95835,LATS1,Trametinib,HL60,1.325850861746218
O95835,LATS1,AZD1480,HL60,-0.0005431439705355673
O95835,LATS1,AZD5363,HL60,-0.8325382450840588
O95835,LATS1,BX912,HL60,-0.7779254118821739
O95835,LATS1,CHIR99021,HL60,-1.1170648815517557
O95835,LATS1,GSK2334470,HL60,-1.4164607828699425
O95835,LATS1,Ipatasertib,HL60,-0.6474480161177173
O95835,LATS1,LY2090314,HL60,-1.0435234008026566
O95835,LATS1,Tofacitinib,HL60,0.7480092702749972
O95835,LATS1,AZD6482,HL60,0.26573394932279626
O95835,LATS1,CAL101,HL60,-0.16371787544796074
O95835,LATS1,GDC0941,HL60,0.02573700481256338
O95835,LATS1,HS173,HL60,0.20020919190095646
O95835,LATS1,PIK294,HL60,-0.050512068487441636
O95835,LATS1,TGX221,HL60,0.15582480160126003
O95835,LATS1,AZD8055,HL60,-1.0472186938704453
O95835,LATS1,GDC0994,HL60,-1.9282465147246024
O95835,LATS1,JNK,HL60,-0.49725889578552956
O95835,LATS1,LY2584702,HL60,0.418085189112886
O95835,LATS1,PH797804,HL60,-0.9548483901770946
O95835,LATS1,Selumetinib,HL60,-2.677622783210141
O95835,LATS1,U73122,HL60,-0.38145274272002944
O95835,LATS1,Ulixertinib,HL60,-1.7207827759079222
O95835,LATS1,Amuvatinib,HL60,-1.031175831078897
O95835,LATS1,AZD3759,HL60,-1.3192693480198665
O95835,LATS1,GSK690693,HL60,-1.0972809844197884
O95835,LATS1,JNJ,HL60,-0.7362805782805123
O95835,LATS1,KN62,HL60,-0.9708824323493258
O95835,LATS1,Linsitinib,HL60,-1.4225366159780284
O95835,LATS1,LY2835219,HL60,-1.2584018186630552
O95835,LATS1,Ribociclib,HL60,-1.5272618413769417
O95835,LATS1,AC220,HL60,0.9046526299563332
O95835,LATS1,Edelfosine,HL60,0.713581278359207
O95835,LATS1,GF109203X,HL60,-0.5372238359567917
O95835,LATS1,Go6976,HL60,-0.9905408521326501
O95835,LATS1,PF4708671,HL60,0.5050448458187288
O95835,LATS1,SP600125,HL60,-0.2602734266624288
O95835,LATS1,TAK715,HL60,0.09333343656060163
O95835,LATS1,TBCA,HL60,1.1175363184924678
O95835,LATS1,AT13148,HL60,-1.7684980729809545
O95835,LATS1,AZ20,HL60,0.6259252474800819
O95835,LATS1,AZD6738,HL60,0.14990050298177562
O95835,LATS1,Bosutinib,HL60,-0.711230767990501
O95835,LATS1,Dabrafenib,HL60,0.155374053366404
O95835,LATS1,Dasatinib,HL60,-0.40507334647995663
O95835,LATS1,DNAPK,HL60,0.15091820762734642
O95835,LATS1,H89,HL60,0.8553523837168154
O95835,LATS1,KD025,HL60,-0.06966349232389457
O95835,LATS1,NU7441,HL60,-0.7512233411577418
O95835,LATS1,Ripasudil,HL60,-0.5827692962517449
O95835,LATS1,Vemurafenib,HL60,-0.2639925075376959
O95835,LATS1,CX4945,HL60,0.04144691268392324
O95835,LATS1,GO6983,HL60,0.4644391695032439
O95835,LATS1,KN93,HL60,-0.32219541269450896
O95835,LATS1,MK2206,HL60,0.26120390247185077
Q96RR4,CAMKK2,AZD5438,HL60,-0.6625592103311863
Q96RR4,CAMKK2,FRAX486,HL60,0.3677052933359555
Q96RR4,CAMKK2,Ku0063794,HL60,0.44059745684597157
Q96RR4,CAMKK2,PD153035,HL60,1.1917320048489985
Q96RR4,CAMKK2,PF3758309,HL60,-0.2177350540547439
Q96RR4,CAMKK2,Torin,HL60,0.43228285129712624
Q96RR4,CAMKK2,Trametinib,HL60,1.1500253299708154
Q96RR4,CAMKK2,AZD1480,HL60,0.6129003278391149
Q96RR4,CAMKK2,AZD5363,HL60,-0.11314300015164065
Q96RR4,CAMKK2,BX912,HL60,0.22676533956858036
Q96RR4,CAMKK2,CHIR99021,HL60,0.4713430473787007
Q96RR4,CAMKK2,GSK2334470,HL60,-0.6437530764434113
Q96RR4,CAMKK2,Ipatasertib,HL60,0.2427678928374772
Q96RR4,CAMKK2,LY2090314,HL60,0.7497670057929521
Q96RR4,CAMKK2,Tofacitinib,HL60,0.2924978230273159
Q96RR4,CAMKK2,AZD6482,HL60,0.11203200180781463
Q96RR4,CAMKK2,CAL101,HL60,0.5288784791581718
Q96RR4,CAMKK2,GDC0941,HL60,0.5740947195374491
Q96RR4,CAMKK2,HS173,HL60,0.08924106831966232
Q96RR4,CAMKK2,PIK294,HL60,0.47876230759269955
Q96RR4,CAMKK2,TGX221,HL60,0.582768438363537
Q96RR4,CAMKK2,AZD8055,HL60,-0.46192806620569127
Q96RR4,CAMKK2,GDC0994,HL60,0.4368172183758634
Q96RR4,CAMKK2,JNK,HL60,-0.07406509325895516
Q96RR4,CAMKK2,LY2584702,HL60,0.5431705272902868
Q96RR4,CAMKK2,PH797804,HL60,0.04905262042994918
Q96RR4,CAMKK2,Selumetinib,HL60,0.3003868249904256
Q96RR4,CAMKK2,U73122,HL60,-0.0405174341518297
Q96RR4,CAMKK2,Ulixertinib,HL60,-0.04929044092256016
Q96RR4,CAMKK2,Amuvatinib,HL60,1.3532253431447339
Q96RR4,CAMKK2,AZD3759,HL60,1.028814384172941
Q96RR4,CAMKK2,GSK690693,HL60,1.1247804423929715
Q96RR4,CAMKK2,JNJ,HL60,1.0726570936421835
Q96RR4,CAMKK2,KN62,HL60,2.1079667765132624
Q96RR4,CAMKK2,Linsitinib,HL60,2.1784381019436307
Q96RR4,CAMKK2,LY2835219,HL60,2.6065897242046736
Q96RR4,CAMKK2,Ribociclib,HL60,1.6283011260371485
Q96RR4,CAMKK2,AC220,HL60,1.306634361166157
Q96RR4,CAMKK2,Edelfosine,HL60,0.8218423083047963
Q96RR4,CAMKK2,GF109203X,HL60,-0.1617251918667162
Q96RR4,CAMKK2,Go6976,HL60,-0.007659049914663542
Q96RR4,CAMKK2,PF4708671,HL60,2.950619140957614
Q96RR4,CAMKK2,SP600125,HL60,0.9604603757741151
Q96RR4,CAMKK2,TAK715,HL60,1.1013674669921432
Q96RR4,CAMKK2,TBCA,HL60,0.1387867186510731
Q96RR4,CAMKK2,AT13148,HL60,2.7685024566964667
Q96RR4,CAMKK2,AZ20,HL60,1.7560770654696194
Q96RR4,CAMKK2,AZD6738,HL60,1.5238126072805005
Q96RR4,CAMKK2,Bosutinib,HL60,1.089447491645859
Q96RR4,CAMKK2,Dabrafenib,HL60,2.163516919409718
Q96RR4,CAMKK2,Dasatinib,HL60,1.9962973649845241
Q96RR4,CAMKK2,DNAPK,HL60,2.5224269825413086
Q96RR4,CAMKK2,H89,HL60,2.324684998802908
Q96RR4,CAMKK2,KD025,HL60,2.025787599038372
Q96RR4,CAMKK2,NU7441,HL60,1.901462399567201
Q96RR4,CAMKK2,Ripasudil,HL60,1.7780948667034444
Q96RR4,CAMKK2,Vemurafenib,HL60,1.7305150534342606
Q96RR4,CAMKK2,CX4945,HL60,0.7305760848083146
Q96RR4,CAMKK2,GO6983,HL60,-0.17188842219801262
Q96RR4,CAMKK2,KN93,HL60,0.3257407592810239
Q96RR4,CAMKK2,MK2206,HL60,1.0507203725720113
Q99640,PKMYT1,AZD5438,HL60,0.3378911072798443
Q99640,PKMYT1,FRAX486,HL60,-0.7539506299535612
Q99640,PKMYT1,Ku0063794,HL60,-0.5945308961145798
Q99640,PKMYT1,PD153035,HL60,1.0647415261122761
Q99640,PKMYT1,PF3758309,HL60,-0.438206991712369
Q99640,PKMYT1,Torin,HL60,-0.8091233370894002
Q99640,PKMYT1,Trametinib,HL60,-1.6231950004538833
Q99640,PKMYT1,AZD1480,HL60,0.6339384584910535
Q99640,PKMYT1,AZD5363,HL60,1.0255570042601188
Q99640,PKMYT1,BX912,HL60,0.9255897238193745
Q99640,PKMYT1,CHIR99021,HL60,0.931049509144516
Q99640,PKMYT1,GSK2334470,HL60,0.35224239639421606
Q99640,PKMYT1,Ipatasertib,HL60,-0.06805626277660116
Q99640,PKMYT1,LY2090314,HL60,0.6248592691789246
Q99640,PKMYT1,Tofacitinib,HL60,0.27806977632468616
Q99640,PKMYT1,AZD6482,HL60,-1.117012405282289
Q99640,PKMYT1,CAL101,HL60,-1.1711395044913016
Q99640,PKMYT1,GDC0941,HL60,0.15182564955176725
Q99640,PKMYT1,HS173,HL60,-0.751660261668078
Q99640,PKMYT1,PIK294,HL60,0.9092260566293268
Q99640,PKMYT1,TGX221,HL60,-1.0188322807532768
Q99640,PKMYT1,AZD8055,HL60,-0.8047916661258617
Q99640,PKMYT1,GDC0994,HL60,-1.0640904578903219
Q99640,PKMYT1,JNK,HL60,0.014909817065086442
Q99640,PKMYT1,LY2584702,HL60,0.5463046274890613
Q99640,PKMYT1,PH797804,HL60,-0.6553419185665957
Q99640,PKMYT1,Selumetinib,HL60,-1.1057182056253285
Q99640,PKMYT1,U73122,HL60,0.0494708676000694
Q99640,PKMYT1,Ulixertinib,HL60,-1.0709482195293367
Q99640,PKMYT1,Amuvatinib,HL60,-0.44440453165528726
Q99640,PKMYT1,AZD3759,HL60,-0.2960174231371923
Q99640,PKMYT1,GSK690693,HL60,-0.15023029776105407
Q99640,PKMYT1,JNJ,HL60,0.11446626072464529
Q99640,PKMYT1,KN62,HL60,0.44866524289785875
Q99640,PKMYT1,Linsitinib,HL60,-0.2148016280014858
Q99640,PKMYT1,LY2835219,HL60,-1.1465222267000306
Q99640,PKMYT1,Ribociclib,HL60,0.026223563802853792
Q99640,PKMYT1,AC220,HL60,1.1712993331185455
Q99640,PKMYT1,Edelfosine,HL60,1.2860171912316631
Q99640,PKMYT1,GF109203X,HL60,1.7552539739515258
Q99640,PKMYT1,Go6976,HL60,0.826376172052544
Q99640,PKMYT1,PF4708671,HL60,1.0225188241386745
Q99640,PKMYT1,SP600125,HL60,0.7225577058485334
Q99640,PKMYT1,TAK715,HL60,1.6079689531329193
Q99640,PKMYT1,TBCA,HL60,0.9074989259058727
Q99640,PKMYT1,AT13148,HL60,0.23899979737797333
Q99640,PKMYT1,AZ20,HL60,-1.363596712258518
Q99640,PKMYT1,AZD6738,HL60,-0.3106022150123237
Q99640,PKMYT1,Bosutinib,HL60,-0.3810293785413219
Q99640,PKMYT1,Dabrafenib,HL60,-0.24129863467024174
Q99640,PKMYT1,Dasatinib,HL60,0.40954292773715584
Q99640,PKMYT1,DNAPK,HL60,0.18408963305725243
Q99640,PKMYT1,H89,HL60,0.049204979099879295
Q99640,PKMYT1,KD025,HL60,-1.3204336015617582
Q99640,PKMYT1,NU7441,HL60,-0.7406964854751488
Q99640,PKMYT1,Ripasudil,HL60,0.6323256094915968
Q99640,PKMYT1,Vemurafenib,HL60,0.4829081119544624
Q99640,PKMYT1,CX4945,HL60,0.702897764781298
Q99640,PKMYT1,GO6983,HL60,1.1306610195825795
Q99640,PKMYT1,KN93,HL60,1.495527064891211
Q99640,PKMYT1,MK2206,HL60,0.8028474286756265
Q9NYL2,MAP3K20,AZD5438,HL60,
Q9NYL2,MAP3K20,FRAX486,HL60,
Q9NYL2,MAP3K20,Ku0063794,HL60,
Q9NYL2,MAP3K20,PD153035,HL60,
Q9NYL2,MAP3K20,PF3758309,HL60,
Q9NYL2,MAP3K20,Torin,HL60,
Q9NYL2,MAP3K20,Trametinib,HL60,
Q9NYL2,MAP3K20,AZD1480,HL60,
Q9NYL2,MAP3K20,AZD5363,HL60,
Q9NYL2,MAP3K20,BX912,HL60,
Q9NYL2,MAP3K20,CHIR99021,HL60,
Q9NYL2,MAP3K20,GSK2334470,HL60,
Q9NYL2,MAP3K20,Ipatasertib,HL60,
Q9NYL2,MAP3K20,LY2090314,HL60,
Q9NYL2,MAP3K20,Tofacitinib,HL60,
Q9NYL2,MAP3K20,AZD6482,HL60,
Q9NYL2,MAP3K20,CAL101,HL60,
Q9NYL2,MAP3K20,GDC0941,HL60,
Q9NYL2,MAP3K20,HS173,HL60,
Q9NYL2,MAP3K20,PIK294,HL60,
Q9NYL2,MAP3K20,TGX221,HL60,
Q9NYL2,MAP3K20,AZD8055,HL60,
Q9NYL2,MAP3K20,GDC0994,HL60,
Q9NYL2,MAP3K20,JNK,HL60,
Q9NYL2,MAP3K20,LY2584702,HL60,
Q9NYL2,MAP3K20,PH797804,HL60,
Q9NYL2,MAP3K20,Selumetinib,HL60,
Q9NYL2,MAP3K20,U73122,HL60,
Q9NYL2,MAP3K20,Ulixertinib,HL60,
Q9NYL2,MAP3K20,Amuvatinib,HL60,
Q9NYL2,MAP3K20,AZD3759,HL60,
Q9NYL2,MAP3K20,GSK690693,HL60,
Q9NYL2,MAP3K20,JNJ,HL60,
Q9NYL2,MAP3K20,KN62,HL60,
Q9NYL2,MAP3K20,Linsitinib,HL60,
Q9NYL2,MAP3K20,LY2835219,HL60,
Q9NYL2,MAP3K20,Ribociclib,HL60,
Q9NYL2,MAP3K20,AC220,HL60,
Q9NYL2,MAP3K20,Edelfosine,HL60,
Q9NYL2,MAP3K20,GF109203X,HL60,
Q9NYL2,MAP3K20,Go6976,HL60,
Q9NYL2,MAP3K20,PF4708671,HL60,
Q9NYL2,MAP3K20,SP600125,HL60,
Q9NYL2,MAP3K20,TAK715,HL60,
Q9NYL2,MAP3K20,TBCA,HL60,
Q9NYL2,MAP3K20,AT13148,HL60,
Q9NYL2,MAP3K20,AZ20,HL60,
Q9NYL2,MAP3K20,AZD6738,HL60,
Q9NYL2,MAP3K20,Bosutinib,HL60,
Q9NYL2,MAP3K20,Dabrafenib,HL60,
Q9NYL2,MAP3K20,Dasatinib,HL60,
Q9NYL2,MAP3K20,DNAPK,HL60,
Q9NYL2,MAP3K20,H89,HL60,
Q9NYL2,MAP3K20,KD025,HL60,
Q9NYL2,MAP3K20,NU7441,HL60,
Q9NYL2,MAP3K20,Ripasudil,HL60,
Q9NYL2,MAP3K20,Vemurafenib,HL60,
Q9NYL2,MAP3K20,CX4945,HL60,
Q9NYL2,MAP3K20,GO6983,HL60,
Q9NYL2,MAP3K20,KN93,HL60,
Q9NYL2,MAP3K20,MK2206,HL60,
Q7L7X3,TAOK1,AZD5438,HL60,
Q7L7X3,TAOK1,FRAX486,HL60,
Q7L7X3,TAOK1,Ku0063794,HL60,
Q7L7X3,TAOK1,PD153035,HL60,
Q7L7X3,TAOK1,PF3758309,HL60,
Q7L7X3,TAOK1,Torin,HL60,
Q7L7X3,TAOK1,Trametinib,HL60,
Q7L7X3,TAOK1,AZD1480,HL60,
Q7L7X3,TAOK1,AZD5363,HL60,
Q7L7X3,TAOK1,BX912,HL60,
Q7L7X3,TAOK1,CHIR99021,HL60,
Q7L7X3,TAOK1,GSK2334470,HL60,
Q7L7X3,TAOK1,Ipatasertib,HL60,
Q7L7X3,TAOK1,LY2090314,HL60,
Q7L7X3,TAOK1,Tofacitinib,HL60,
Q7L7X3,TAOK1,AZD6482,HL60,
Q7L7X3,TAOK1,CAL101,HL60,
Q7L7X3,TAOK1,GDC0941,HL60,
Q7L7X3,TAOK1,HS173,HL60,
Q7L7X3,TAOK1,PIK294,HL60,
Q7L7X3,TAOK1,TGX221,HL60,
Q7L7X3,TAOK1,AZD8055,HL60,
Q7L7X3,TAOK1,GDC0994,HL60,
Q7L7X3,TAOK1,JNK,HL60,
Q7L7X3,TAOK1,LY2584702,HL60,
Q7L7X3,TAOK1,PH797804,HL60,
Q7L7X3,TAOK1,Selumetinib,HL60,
Q7L7X3,TAOK1,U73122,HL60,
Q7L7X3,TAOK1,Ulixertinib,HL60,
Q7L7X3,TAOK1,Amuvatinib,HL60,
Q7L7X3,TAOK1,AZD3759,HL60,
Q7L7X3,TAOK1,GSK690693,HL60,
Q7L7X3,TAOK1,JNJ,HL60,
Q7L7X3,TAOK1,KN62,HL60,
Q7L7X3,TAOK1,Linsitinib,HL60,
Q7L7X3,TAOK1,LY2835219,HL60,
Q7L7X3,TAOK1,Ribociclib,HL60,
Q7L7X3,TAOK1,AC220,HL60,
Q7L7X3,TAOK1,Edelfosine,HL60,
Q7L7X3,TAOK1,GF109203X,HL60,
Q7L7X3,TAOK1,Go6976,HL60,
Q7L7X3,TAOK1,PF4708671,HL60,
Q7L7X3,TAOK1,SP600125,HL60,
Q7L7X3,TAOK1,TAK715,HL60,
Q7L7X3,TAOK1,TBCA,HL60,
Q7L7X3,TAOK1,AT13148,HL60,
Q7L7X3,TAOK1,AZ20,HL60,
Q7L7X3,TAOK1,AZD6738,HL60,
Q7L7X3,TAOK1,Bosutinib,HL60,
Q7L7X3,TAOK1,Dabrafenib,HL60,
Q7L7X3,TAOK1,Dasatinib,HL60,
Q7L7X3,TAOK1,DNAPK,HL60,
Q7L7X3,TAOK1,H89,HL60,
Q7L7X3,TAOK1,KD025,HL60,
Q7L7X3,TAOK1,NU7441,HL60,
Q7L7X3,TAOK1,Ripasudil,HL60,
Q7L7X3,TAOK1,Vemurafenib,HL60,
Q7L7X3,TAOK1,CX4945,HL60,
Q7L7X3,TAOK1,GO6983,HL60,
Q7L7X3,TAOK1,KN93,HL60,
Q7L7X3,TAOK1,MK2206,HL60,
P36507,MAP2K2,AC220,HL60,0.5327371007918935
P36507,MAP2K2,AT13148,HL60,-1.3194522576573102
P36507,MAP2K2,AZ20,HL60,1.1808530716259467
P36507,MAP2K2,AZD1480,HL60,-0.20241678447667144
P36507,MAP2K2,AZD3759,HL60,1.142485483039722
P36507,MAP2K2,AZD5363,HL60,1.451215766904779
P36507,MAP2K2,AZD5438,HL60,0.9046922386881546
P36507,MAP2K2,AZD6482,HL60,-0.8258214700933749
P36507,MAP2K2,AZD6738,HL60,1.1997418652042688
P36507,MAP2K2,AZD8055,HL60,2.1900301433102567
P36507,MAP2K2,Amuvatinib,HL60,-0.45560282166991545
P36507,MAP2K2,BX912,HL60,1.0265624967448654
P36507,MAP2K2,Bosutinib,HL60,1.6409791841026644
P36507,MAP2K2,CAL101,HL60,-1.2578156690221372
P36507,MAP2K2,CHIR99021,HL60,-0.48842133378717073
P36507,MAP2K2,CX4945,HL60,0.24926736064303295
P36507,MAP2K2,DNAPK,HL60,0.7910633589228635
P36507,MAP2K2,Dabrafenib,HL60,0.8285457369970388
P36507,MAP2K2,Dasatinib,HL60,0.062377996714611465
P36507,MAP2K2,Edelfosine,HL60,-3.1643641976458894
P36507,MAP2K2,FRAX486,HL60,6.918218099274898
P36507,MAP2K2,GDC0941,HL60,0.3931396138021317
P36507,MAP2K2,GDC0994,HL60,1.585029381412142
P36507,MAP2K2,GF109203X,HL60,-0.9336541182029183
P36507,MAP2K2,GO6983,HL60,-0.2942103537711496
P36507,MAP2K2,GSK2334470,HL60,1.8095182175823183
P36507,MAP2K2,GSK690693,HL60,1.427647383465519
P36507,MAP2K2,Go6976,HL60,1.6807025775446047
P36507,MAP2K2,H89,HL60,0.7423555792664176
P36507,MAP2K2,HS173,HL60,-1.4493328086437156
P36507,MAP2K2,Ipatasertib,HL60,-0.1979947040705512
P36507,MAP2K2,JNJ,HL60,-0.8370816990805692
P36507,MAP2K2,JNK,HL60,1.3626617420104143
P36507,MAP2K2,KD025,HL60,2.6384777706872486
P36507,MAP2K2,KN62,HL60,2.7986148598523766
P36507,MAP2K2,KN93,HL60,0.19031814233618646
P36507,MAP2K2,Ku0063794,HL60,0.5724165712107808
P36507,MAP2K2,LY2090314,HL60,-1.3832956530227227
P36507,MAP2K2,LY2584702,HL60,0.5720459527349098
P36507,MAP2K2,LY2835219,HL60,1.0328976672705446
P36507,MAP2K2,Linsitinib,HL60,-1.6789353240601699
P36507,MAP2K2,MK2206,HL60,0.37795510350767886
P36507,MAP2K2,NU7441,HL60,0.5014017256158142
P36507,MAP2K2,PD153035,HL60,-0.41301853172563
P36507,MAP2K2,PF3758309,HL60,2.386740938806032
P36507,MAP2K2,PF4708671,HL60,1.047563492843028
P36507,MAP2K2,PH797804,HL60,0.7221822913966297
P36507,MAP2K2,PIK294,HL60,0.9762328242218492
P36507,MAP2K2,Ribociclib,HL60,1.3506359122181104
P36507,MAP2K2,Ripasudil,HL60,-2.6664753092463105
P36507,MAP2K2,SP600125,HL60,-0.04952686824744168
P36507,MAP2K2,Selumetinib,HL60,-1.7798922564375663
P36507,MAP2K2,TAK715,HL60,0.27582101298206513
P36507,MAP2K2,TBCA,HL60,1.5694193584633864
P36507,MAP2K2,TGX221,HL60,-0.5332981451155796
P36507,MAP2K2,Tofacitinib,HL60,-1.545136686695738
P36507,MAP2K2,Torin,HL60,0.2023140982874072
P36507,MAP2K2,Trametinib,HL60,-9.673747415797298
P36507,MAP2K2,U73122,HL60,0.4689850251684319
P36507,MAP2K2,Ulixertinib,HL60,4.608728386926715
P36507,MAP2K2,Vemurafenib,HL60,1.179687048495512
Q8N4C8,MINK1,AZD5438,HL60,
Q8N4C8,MINK1,FRAX486,HL60,
Q8N4C8,MINK1,Ku0063794,HL60,
Q8N4C8,MINK1,PD153035,HL60,
Q8N4C8,MINK1,PF3758309,HL60,
Q8N4C8,MINK1,Torin,HL60,
Q8N4C8,MINK1,Trametinib,HL60,
Q8N4C8,MINK1,AZD1480,HL60,
Q8N4C8,MINK1,AZD5363,HL60,
Q8N4C8,MINK1,BX912,HL60,
Q8N4C8,MINK1,CHIR99021,HL60,
Q8N4C8,MINK1,GSK2334470,HL60,
Q8N4C8,MINK1,Ipatasertib,HL60,
Q8N4C8,MINK1,LY2090314,HL60,
Q8N4C8,MINK1,Tofacitinib,HL60,
Q8N4C8,MINK1,AZD6482,HL60,
Q8N4C8,MINK1,CAL101,HL60,
Q8N4C8,MINK1,GDC0941,HL60,
Q8N4C8,MINK1,HS173,HL60,
Q8N4C8,MINK1,PIK294,HL60,
Q8N4C8,MINK1,TGX221,HL60,
Q8N4C8,MINK1,AZD8055,HL60,
Q8N4C8,MINK1,GDC0994,HL60,
Q8N4C8,MINK1,JNK,HL60,
Q8N4C8,MINK1,LY2584702,HL60,
Q8N4C8,MINK1,PH797804,HL60,
Q8N4C8,MINK1,Selumetinib,HL60,
Q8N4C8,MINK1,U73122,HL60,
Q8N4C8,MINK1,Ulixertinib,HL60,
Q8N4C8,MINK1,Amuvatinib,HL60,
Q8N4C8,MINK1,AZD3759,HL60,
Q8N4C8,MINK1,GSK690693,HL60,
Q8N4C8,MINK1,JNJ,HL60,
Q8N4C8,MINK1,KN62,HL60,
Q8N4C8,MINK1,Linsitinib,HL60,
Q8N4C8,MINK1,LY2835219,HL60,
Q8N4C8,MINK1,Ribociclib,HL60,
Q8N4C8,MINK1,AC220,HL60,
Q8N4C8,MINK1,Edelfosine,HL60,
Q8N4C8,MINK1,GF109203X,HL60,
Q8N4C8,MINK1,Go6976,HL60,
Q8N4C8,MINK1,PF4708671,HL60,
Q8N4C8,MINK1,SP600125,HL60,
Q8N4C8,MINK1,TAK715,HL60,
Q8N4C8,MINK1,TBCA,HL60,
Q8N4C8,MINK1,AT13148,HL60,
Q8N4C8,MINK1,AZ20,HL60,
Q8N4C8,MINK1,AZD6738,HL60,
Q8N4C8,MINK1,Bosutinib,HL60,
Q8N4C8,MINK1,Dabrafenib,HL60,
Q8N4C8,MINK1,Dasatinib,HL60,
Q8N4C8,MINK1,DNAPK,HL60,
Q8N4C8,MINK1,H89,HL60,
Q8N4C8,MINK1,KD025,HL60,
Q8N4C8,MINK1,NU7441,HL60,
Q8N4C8,MINK1,Ripasudil,HL60,
Q8N4C8,MINK1,Vemurafenib,HL60,
Q8N4C8,MINK1,CX4945,HL60,
Q8N4C8,MINK1,GO6983,HL60,
Q8N4C8,MINK1,KN93,HL60,
Q8N4C8,MINK1,MK2206,HL60,
Q13131,PRKAA1,AZD5438,HL60,0.44002540409259894
Q13131,PRKAA1,FRAX486,HL60,-0.2813259020660888
Q13131,PRKAA1,Ku0063794,HL60,0.33437200901779535
Q13131,PRKAA1,PD153035,HL60,0.8717270356954545
Q13131,PRKAA1,PF3758309,HL60,-4.133609571737103
Q13131,PRKAA1,Torin,HL60,1.0092773545022768
Q13131,PRKAA1,Trametinib,HL60,0.2585921620096921
Q13131,PRKAA1,AZD1480,HL60,1.0176587916608442
Q13131,PRKAA1,AZD5363,HL60,0.3785770430023201
Q13131,PRKAA1,BX912,HL60,0.6146133491144974
Q13131,PRKAA1,CHIR99021,HL60,0.7613857162394948
Q13131,PRKAA1,GSK2334470,HL60,0.5792729829995867
Q13131,PRKAA1,Ipatasertib,HL60,0.8483444345156858
Q13131,PRKAA1,LY2090314,HL60,0.8803820327189021
Q13131,PRKAA1,Tofacitinib,HL60,0.6342854702692349
Q13131,PRKAA1,AZD6482,HL60,0.6891873842125451
Q13131,PRKAA1,CAL101,HL60,0.3643862326698628
Q13131,PRKAA1,GDC0941,HL60,1.392014626493514
Q13131,PRKAA1,HS173,HL60,1.0371977478518046
Q13131,PRKAA1,PIK294,HL60,0.6121338326572504
Q13131,PRKAA1,TGX221,HL60,0.5441668623517742
Q13131,PRKAA1,AZD8055,HL60,0.3240563617551019
Q13131,PRKAA1,GDC0994,HL60,0.27402142352205455
Q13131,PRKAA1,JNK,HL60,-0.18093623461634595
Q13131,PRKAA1,LY2584702,HL60,0.0852384272935876
Q13131,PRKAA1,PH797804,HL60,1.0452489584102067
Q13131,PRKAA1,Selumetinib,HL60,0.38834660896133494
Q13131,PRKAA1,U73122,HL60,-0.02129021199309341
Q13131,PRKAA1,Ulixertinib,HL60,0.5894545575808394
Q13131,PRKAA1,Amuvatinib,HL60,-0.36655772776127676
Q13131,PRKAA1,AZD3759,HL60,0.19343308373573617
Q13131,PRKAA1,GSK690693,HL60,-0.032744231086684825
Q13131,PRKAA1,JNJ,HL60,0.3189604462229091
Q13131,PRKAA1,KN62,HL60,-0.03203235558882416
Q13131,PRKAA1,Linsitinib,HL60,-0.39940661012216877
Q13131,PRKAA1,LY2835219,HL60,-0.4405048701501484
Q13131,PRKAA1,Ribociclib,HL60,0.5785827474691844
Q13131,PRKAA1,AC220,HL60,2.2963012916879295
Q13131,PRKAA1,Edelfosine,HL60,0.649165571908643
Q13131,PRKAA1,GF109203X,HL60,1.164744265011408
Q13131,PRKAA1,Go6976,HL60,1.530765384867781
Q13131,PRKAA1,PF4708671,HL60,0.8398767839875764
Q13131,PRKAA1,SP600125,HL60,2.699557401199894
Q13131,PRKAA1,TAK715,HL60,2.507332221787177
Q13131,PRKAA1,TBCA,HL60,2.0675139426796796
Q13131,PRKAA1,AT13148,HL60,-0.3228521888498811
Q13131,PRKAA1,AZ20,HL60,-0.6917470371970902
Q13131,PRKAA1,AZD6738,HL60,0.1403973208503197
Q13131,PRKAA1,Bosutinib,HL60,-0.22264414222282264
Q13131,PRKAA1,Dabrafenib,HL60,-0.8489955319332952
Q13131,PRKAA1,Dasatinib,HL60,1.0307829039858747
Q13131,PRKAA1,DNAPK,HL60,-0.4857871889884947
Q13131,PRKAA1,H89,HL60,-0.7867603783653876
Q13131,PRKAA1,KD025,HL60,0.1912352898638405
Q13131,PRKAA1,NU7441,HL60,-0.1920555403938899
Q13131,PRKAA1,Ripasudil,HL60,0.1401130961215021
Q13131,PRKAA1,Vemurafenib,HL60,0.21767947809870672
Q13131,PRKAA1,CX4945,HL60,1.0508113636686496
Q13131,PRKAA1,GO6983,HL60,0.6900646344783818
Q13131,PRKAA1,KN93,HL60,0.7606461303758877
Q13131,PRKAA1,MK2206,HL60,0.9012846478274659
Q9NYV4,CDK12,AZD5438,HL60,-3.2978660533026236
Q9NYV4,CDK12,FRAX486,HL60,-0.33204279925110014
Q9NYV4,CDK12,Ku0063794,HL60,-0.5598936591537221
Q9NYV4,CDK12,PD153035,HL60,0.6475041278763773
Q9NYV4,CDK12,PF3758309,HL60,-3.795101145555779
Q9NYV4,CDK12,Torin,HL60,-1.243410992355619
Q9NYV4,CDK12,Trametinib,HL60,-0.40900096061415475
Q9NYV4,CDK12,AZD1480,HL60,0.5424537246086893
Q9NYV4,CDK12,AZD5363,HL60,0.13464262799898974
Q9NYV4,CDK12,BX912,HL60,-0.20031989836246766
Q9NYV4,CDK12,CHIR99021,HL60,0.28409008089611865
Q9NYV4,CDK12,GSK2334470,HL60,0.2873451847221298
Q9NYV4,CDK12,Ipatasertib,HL60,-0.3660350915973061
Q9NYV4,CDK12,LY2090314,HL60,-0.1381993566056892
Q9NYV4,CDK12,Tofacitinib,HL60,0.39511935008908317
Q9NYV4,CDK12,AZD6482,HL60,0.07967040078984383
Q9NYV4,CDK12,CAL101,HL60,0.2666888266684303
Q9NYV4,CDK12,GDC0941,HL60,1.295958087372505
Q9NYV4,CDK12,HS173,HL60,0.22323063166563148
Q9NYV4,CDK12,PIK294,HL60,0.7832557433140396
Q9NYV4,CDK12,TGX221,HL60,1.0656232075752505
Q9NYV4,CDK12,AZD8055,HL60,0.4888358854125357
Q9NYV4,CDK12,GDC0994,HL60,0.41915652504404693
Q9NYV4,CDK12,JNK,HL60,-0.23988605667232635
Q9NYV4,CDK12,LY2584702,HL60,-0.16246935608573843
Q9NYV4,CDK12,PH797804,HL60,-0.004701377873056817
Q9NYV4,CDK12,Selumetinib,HL60,-0.2787565022153952
Q9NYV4,CDK12,U73122,HL60,0.23427044572711578
Q9NYV4,CDK12,Ulixertinib,HL60,-1.296132688935116
Q9NYV4,CDK12,Amuvatinib,HL60,-0.7873832762253962
Q9NYV4,CDK12,AZD3759,HL60,-0.08102501735114001
Q9NYV4,CDK12,GSK690693,HL60,0.27078556971569473
Q9NYV4,CDK12,JNJ,HL60,-0.33707667604095126
Q9NYV4,CDK12,KN62,HL60,-0.8022216386380476
Q9NYV4,CDK12,Linsitinib,HL60,-0.35125310870875953
Q9NYV4,CDK12,LY2835219,HL60,-1.3064126865784655
Q9NYV4,CDK12,Ribociclib,HL60,-1.5196555426007696
Q9NYV4,CDK12,AC220,HL60,0.5036127134120343
Q9NYV4,CDK12,Edelfosine,HL60,0.784264379236658
Q9NYV4,CDK12,GF109203X,HL60,0.7500489050615035
Q9NYV4,CDK12,Go6976,HL60,0.04387552019233829
Q9NYV4,CDK12,PF4708671,HL60,0.23384061053701505
Q9NYV4,CDK12,SP600125,HL60,1.1445380855700154
Q9NYV4,CDK12,TAK715,HL60,-0.31041504016243976
Q9NYV4,CDK12,TBCA,HL60,0.3483567500813853
Q9NYV4,CDK12,AT13148,HL60,1.3196610721409667
Q9NYV4,CDK12,AZ20,HL60,0.47942708743302737
Q9NYV4,CDK12,AZD6738,HL60,0.7657673838781467
Q9NYV4,CDK12,Bosutinib,HL60,1.2635901226458286
Q9NYV4,CDK12,Dabrafenib,HL60,0.22358659384188334
Q9NYV4,CDK12,Dasatinib,HL60,1.3118750910458457
Q9NYV4,CDK12,DNAPK,HL60,1.1151044855173915
Q9NYV4,CDK12,H89,HL60,1.4641655892333663
Q9NYV4,CDK12,KD025,HL60,-0.9176841228699608
Q9NYV4,CDK12,NU7441,HL60,0.45767061677621185
Q9NYV4,CDK12,Ripasudil,HL60,1.0129238367469557
Q9NYV4,CDK12,Vemurafenib,HL60,0.33942516282214136
Q9NYV4,CDK12,CX4945,HL60,0.1472810187639839
Q9NYV4,CDK12,GO6983,HL60,2.0839421747884077
Q9NYV4,CDK12,KN93,HL60,1.7965885372919779
Q9NYV4,CDK12,MK2206,HL60,1.9130812982241592
Q9Y4A5,TRRAP,AZD5438,HL60,
Q9Y4A5,TRRAP,FRAX486,HL60,
Q9Y4A5,TRRAP,Ku0063794,HL60,
Q9Y4A5,TRRAP,PD153035,HL60,
Q9Y4A5,TRRAP,PF3758309,HL60,
Q9Y4A5,TRRAP,Torin,HL60,
Q9Y4A5,TRRAP,Trametinib,HL60,
Q9Y4A5,TRRAP,AZD1480,HL60,
Q9Y4A5,TRRAP,AZD5363,HL60,
Q9Y4A5,TRRAP,BX912,HL60,
Q9Y4A5,TRRAP,CHIR99021,HL60,
Q9Y4A5,TRRAP,GSK2334470,HL60,
Q9Y4A5,TRRAP,Ipatasertib,HL60,
Q9Y4A5,TRRAP,LY2090314,HL60,
Q9Y4A5,TRRAP,Tofacitinib,HL60,
Q9Y4A5,TRRAP,AZD6482,HL60,
Q9Y4A5,TRRAP,CAL101,HL60,
Q9Y4A5,TRRAP,GDC0941,HL60,
Q9Y4A5,TRRAP,HS173,HL60,
Q9Y4A5,TRRAP,PIK294,HL60,
Q9Y4A5,TRRAP,TGX221,HL60,
Q9Y4A5,TRRAP,AZD8055,HL60,
Q9Y4A5,TRRAP,GDC0994,HL60,
Q9Y4A5,TRRAP,JNK,HL60,
Q9Y4A5,TRRAP,LY2584702,HL60,
Q9Y4A5,TRRAP,PH797804,HL60,
Q9Y4A5,TRRAP,Selumetinib,HL60,
Q9Y4A5,TRRAP,U73122,HL60,
Q9Y4A5,TRRAP,Ulixertinib,HL60,
Q9Y4A5,TRRAP,Amuvatinib,HL60,
Q9Y4A5,TRRAP,AZD3759,HL60,
Q9Y4A5,TRRAP,GSK690693,HL60,
Q9Y4A5,TRRAP,JNJ,HL60,
Q9Y4A5,TRRAP,KN62,HL60,
Q9Y4A5,TRRAP,Linsitinib,HL60,
Q9Y4A5,TRRAP,LY2835219,HL60,
Q9Y4A5,TRRAP,Ribociclib,HL60,
Q9Y4A5,TRRAP,AC220,HL60,
Q9Y4A5,TRRAP,Edelfosine,HL60,
Q9Y4A5,TRRAP,GF109203X,HL60,
Q9Y4A5,TRRAP,Go6976,HL60,
Q9Y4A5,TRRAP,PF4708671,HL60,
Q9Y4A5,TRRAP,SP600125,HL60,
Q9Y4A5,TRRAP,TAK715,HL60,
Q9Y4A5,TRRAP,TBCA,HL60,
Q9Y4A5,TRRAP,AT13148,HL60,
Q9Y4A5,TRRAP,AZ20,HL60,
Q9Y4A5,TRRAP,AZD6738,HL60,
Q9Y4A5,TRRAP,Bosutinib,HL60,
Q9Y4A5,TRRAP,Dabrafenib,HL60,
Q9Y4A5,TRRAP,Dasatinib,HL60,
Q9Y4A5,TRRAP,DNAPK,HL60,
Q9Y4A5,TRRAP,H89,HL60,
Q9Y4A5,TRRAP,KD025,HL60,
Q9Y4A5,TRRAP,NU7441,HL60,
Q9Y4A5,TRRAP,Ripasudil,HL60,
Q9Y4A5,TRRAP,Vemurafenib,HL60,
Q9Y4A5,TRRAP,CX4945,HL60,
Q9Y4A5,TRRAP,GO6983,HL60,
Q9Y4A5,TRRAP,KN93,HL60,
Q9Y4A5,TRRAP,MK2206,HL60,
Q9UL54,TAOK2,AZD5438,HL60,-0.5382923486305291
Q9UL54,TAOK2,FRAX486,HL60,0.05466704803757495
Q9UL54,TAOK2,Ku0063794,HL60,-0.8179333383369729
Q9UL54,TAOK2,PD153035,HL60,-0.3373403666672542
Q9UL54,TAOK2,PF3758309,HL60,0.009721373782701843
Q9UL54,TAOK2,Torin,HL60,-1.0288499881923443
Q9UL54,TAOK2,Trametinib,HL60,-2.0843950859938056
Q9UL54,TAOK2,AZD1480,HL60,-0.6420489495552744
Q9UL54,TAOK2,AZD5363,HL60,-1.372906432823794
Q9UL54,TAOK2,BX912,HL60,-0.6972768266069891
Q9UL54,TAOK2,CHIR99021,HL60,-0.7000356325639359
Q9UL54,TAOK2,GSK2334470,HL60,-1.0731453417587278
Q9UL54,TAOK2,Ipatasertib,HL60,-1.4473833063615227
Q9UL54,TAOK2,LY2090314,HL60,-0.17282913501018776
Q9UL54,TAOK2,Tofacitinib,HL60,-0.22237783047127685
Q9UL54,TAOK2,AZD6482,HL60,-0.7512637151483875
Q9UL54,TAOK2,CAL101,HL60,0.08828963752804082
Q9UL54,TAOK2,GDC0941,HL60,-1.4578309794520554
Q9UL54,TAOK2,HS173,HL60,-1.4246495639298413
Q9UL54,TAOK2,PIK294,HL60,-0.28777497337091196
Q9UL54,TAOK2,TGX221,HL60,0.02574750700181733
Q9UL54,TAOK2,AZD8055,HL60,-0.14898253926884394
Q9UL54,TAOK2,GDC0994,HL60,-1.7018544197805434
Q9UL54,TAOK2,JNK,HL60,-0.01720985230182951
Q9UL54,TAOK2,LY2584702,HL60,-0.7170763836475799
Q9UL54,TAOK2,PH797804,HL60,0.43367361396002785
Q9UL54,TAOK2,Selumetinib,HL60,-0.19224946514777236
Q9UL54,TAOK2,U73122,HL60,-0.029203071074023465
Q9UL54,TAOK2,Ulixertinib,HL60,0.6465838833389874
Q9UL54,TAOK2,Amuvatinib,HL60,-0.17594131858737053
Q9UL54,TAOK2,AZD3759,HL60,0.09058791259878775
Q9UL54,TAOK2,GSK690693,HL60,-0.37690656666861205
Q9UL54,TAOK2,JNJ,HL60,0.02915208728469907
Q9UL54,TAOK2,KN62,HL60,-0.29879155965195475
Q9UL54,TAOK2,Linsitinib,HL60,-0.47485813379315134
Q9UL54,TAOK2,LY2835219,HL60,-1.182209713264534
Q9UL54,TAOK2,Ribociclib,HL60,0.08885796838720163
Q9UL54,TAOK2,AC220,HL60,0.2800830562266678
Q9UL54,TAOK2,Edelfosine,HL60,-0.12645134433625752
Q9UL54,TAOK2,GF109203X,HL60,-0.6138687722236738
Q9UL54,TAOK2,Go6976,HL60,-1.0798497109459284
Q9UL54,TAOK2,PF4708671,HL60,0.1373573678461168
Q9UL54,TAOK2,SP600125,HL60,0.017117797110490687
Q9UL54,TAOK2,TAK715,HL60,-0.6149278614139613
Q9UL54,TAOK2,TBCA,HL60,0.5884208590088147
Q9UL54,TAOK2,AT13148,HL60,-0.6699237832078992
Q9UL54,TAOK2,AZ20,HL60,-1.213027381735248
Q9UL54,TAOK2,AZD6738,HL60,0.37821407013063824
Q9UL54,TAOK2,Bosutinib,HL60,-0.6084169689520904
Q9UL54,TAOK2,Dabrafenib,HL60,1.2539989482760663
Q9UL54,TAOK2,Dasatinib,HL60,1.145060225804459
Q9UL54,TAOK2,DNAPK,HL60,0.5803449564594119
Q9UL54,TAOK2,H89,HL60,0.6412442159872093
Q9UL54,TAOK2,KD025,HL60,0.714951192502626
Q9UL54,TAOK2,NU7441,HL60,-0.26723804744966057
Q9UL54,TAOK2,Ripasudil,HL60,0.0027689535476922785
Q9UL54,TAOK2,Vemurafenib,HL60,1.2581283215790564
Q9UL54,TAOK2,CX4945,HL60,0.23942961443359104
Q9UL54,TAOK2,GO6983,HL60,-0.2402817057340895
Q9UL54,TAOK2,KN93,HL60,0.09051353079361216
Q9UL54,TAOK2,MK2206,HL60,-0.015207712045304005
Q96GX5,MASTL,AZD5438,HL60,0.052575775987764264
Q96GX5,MASTL,FRAX486,HL60,-0.16184374054469358
Q96GX5,MASTL,Ku0063794,HL60,-0.19098560469934334
Q96GX5,MASTL,PD153035,HL60,0.17645024061250372
Q96GX5,MASTL,PF3758309,HL60,0.04241831608479701
Q96GX5,MASTL,Torin,HL60,-0.7546839621326017
Q96GX5,MASTL,Trametinib,HL60,-0.5508088657369392
Q96GX5,MASTL,AZD1480,HL60,-0.08605254680103441
Q96GX5,MASTL,AZD5363,HL60,0.04097492011401685
Q96GX5,MASTL,BX912,HL60,0.02956910254086754
Q96GX5,MASTL,CHIR99021,HL60,0.46838453138711283
Q96GX5,MASTL,GSK2334470,HL60,-0.02911248665016963
Q96GX5,MASTL,Ipatasertib,HL60,-0.1636066957104885
Q96GX5,MASTL,LY2090314,HL60,1.017422747158662
Q96GX5,MASTL,Tofacitinib,HL60,-0.03776925258816027
Q96GX5,MASTL,AZD6482,HL60,0.350067849445071
Q96GX5,MASTL,CAL101,HL60,0.14240018008958916
Q96GX5,MASTL,GDC0941,HL60,0.3154005617494939
Q96GX5,MASTL,HS173,HL60,0.15522051448620516
Q96GX5,MASTL,PIK294,HL60,0.4669486007337221
Q96GX5,MASTL,TGX221,HL60,0.4948441680381811
Q96GX5,MASTL,AZD8055,HL60,0.5112448227239605
Q96GX5,MASTL,GDC0994,HL60,0.2259756179731569
Q96GX5,MASTL,JNK,HL60,0.31103924457551324
Q96GX5,MASTL,LY2584702,HL60,0.4304763722020538
Q96GX5,MASTL,PH797804,HL60,0.2214829828497779
Q96GX5,MASTL,Selumetinib,HL60,0.6288977093856901
Q96GX5,MASTL,U73122,HL60,0.46798282356435345
Q96GX5,MASTL,Ulixertinib,HL60,0.25836120270290525
Q96GX5,MASTL,Amuvatinib,HL60,-0.42079035699751327
Q96GX5,MASTL,AZD3759,HL60,0.24262458797556963
Q96GX5,MASTL,GSK690693,HL60,-0.4804320681493841
Q96GX5,MASTL,JNJ,HL60,-0.28052126414409245
Q96GX5,MASTL,KN62,HL60,-0.041542574089427214
Q96GX5,MASTL,Linsitinib,HL60,-0.18029170833031824
Q96GX5,MASTL,LY2835219,HL60,0.111381257701024
Q96GX5,MASTL,Ribociclib,HL60,-0.17866474976162333
Q96GX5,MASTL,AC220,HL60,0.8861650202961059
Q96GX5,MASTL,Edelfosine,HL60,0.9617809543763113
Q96GX5,MASTL,GF109203X,HL60,1.7815156867809312
Q96GX5,MASTL,Go6976,HL60,0.21149938590824746
Q96GX5,MASTL,PF4708671,HL60,0.8344344501766267
Q96GX5,MASTL,SP600125,HL60,0.5483600589377905
Q96GX5,MASTL,TAK715,HL60,1.0050217474920937
Q96GX5,MASTL,TBCA,HL60,0.668573516581605
Q96GX5,MASTL,AT13148,HL60,-0.027550387266981783
Q96GX5,MASTL,AZ20,HL60,-0.13506430158584706
Q96GX5,MASTL,AZD6738,HL60,0.08594201207218105
Q96GX5,MASTL,Bosutinib,HL60,0.2707049445807621
Q96GX5,MASTL,Dabrafenib,HL60,0.005339838390266371
Q96GX5,MASTL,Dasatinib,HL60,0.6275404414618638
Q96GX5,MASTL,DNAPK,HL60,0.642483628672069
Q96GX5,MASTL,H89,HL60,0.9208572471192947
Q96GX5,MASTL,KD025,HL60,-0.2203413692460652
Q96GX5,MASTL,NU7441,HL60,0.160246622013346
Q96GX5,MASTL,Ripasudil,HL60,0.5935577896713045
Q96GX5,MASTL,Vemurafenib,HL60,0.039979967116133414
Q96GX5,MASTL,CX4945,HL60,-0.1683614605945615
Q96GX5,MASTL,GO6983,HL60,0.2580633943357155
Q96GX5,MASTL,KN93,HL60,0.22334633318306277
Q96GX5,MASTL,MK2206,HL60,-0.48794015952298164
Q16512,PKN1,AZD5438,HL60,0.7722910895322411
Q16512,PKN1,FRAX486,HL60,-0.34304346350156595
Q16512,PKN1,Ku0063794,HL60,-1.5558664712541972
Q16512,PKN1,PD153035,HL60,-0.7054609177836527
Q16512,PKN1,PF3758309,HL60,-0.43279664255966904
Q16512,PKN1,Torin,HL60,0.5808300382734424
Q16512,PKN1,Trametinib,HL60,-0.19250499016101674
Q16512,PKN1,AZD1480,HL60,0.2139659107708807
Q16512,PKN1,AZD5363,HL60,-0.13221905765935704
Q16512,PKN1,BX912,HL60,0.33897578828778685
Q16512,PKN1,CHIR99021,HL60,0.19879548059792423
Q16512,PKN1,GSK2334470,HL60,-0.012899670273033579
Q16512,PKN1,Ipatasertib,HL60,-0.31180447383349014
Q16512,PKN1,LY2090314,HL60,0.031073995940405223
Q16512,PKN1,Tofacitinib,HL60,0.004069779568756052
Q16512,PKN1,AZD6482,HL60,-0.6796292068766466
Q16512,PKN1,CAL101,HL60,-0.43907114604264413
Q16512,PKN1,GDC0941,HL60,-0.24467572738710747
Q16512,PKN1,HS173,HL60,0.2014966792130445
Q16512,PKN1,PIK294,HL60,-0.9704683376167903
Q16512,PKN1,TGX221,HL60,-0.9251847426957822
Q16512,PKN1,AZD8055,HL60,0.5455823198435816
Q16512,PKN1,GDC0994,HL60,0.37610677724833647
Q16512,PKN1,JNK,HL60,-0.20267807508089727
Q16512,PKN1,LY2584702,HL60,-0.31574781818144665
Q16512,PKN1,PH797804,HL60,0.06601511913284495
Q16512,PKN1,Selumetinib,HL60,0.457072162710403
Q16512,PKN1,U73122,HL60,0.004891726133345012
Q16512,PKN1,Ulixertinib,HL60,0.6659923417578117
Q16512,PKN1,Amuvatinib,HL60,-1.6167472713240643
Q16512,PKN1,AZD3759,HL60,-1.737657154281566
Q16512,PKN1,GSK690693,HL60,-1.365367064716387
Q16512,PKN1,JNJ,HL60,-0.7870254324799708
Q16512,PKN1,KN62,HL60,-1.552715782789781
Q16512,PKN1,Linsitinib,HL60,-0.8177304256828667
Q16512,PKN1,LY2835219,HL60,-1.6441117445064297
Q16512,PKN1,Ribociclib,HL60,-0.606857742899348
Q16512,PKN1,AC220,HL60,0.10193261370669071
Q16512,PKN1,Edelfosine,HL60,-1.3301333261714197
Q16512,PKN1,GF109203X,HL60,-1.806458075047106
Q16512,PKN1,Go6976,HL60,0.2741814594917716
Q16512,PKN1,PF4708671,HL60,-0.6198956412780792
Q16512,PKN1,SP600125,HL60,-1.6407502274260144
Q16512,PKN1,TAK715,HL60,-0.6387243516869818
Q16512,PKN1,TBCA,HL60,0.7070794995806076
Q16512,PKN1,AT13148,HL60,-0.4619657105025077
Q16512,PKN1,AZ20,HL60,-0.2127678435945837
Q16512,PKN1,AZD6738,HL60,-0.258323796221735
Q16512,PKN1,Bosutinib,HL60,-0.35323556690053204
Q16512,PKN1,Dabrafenib,HL60,1.2191802088199222
Q16512,PKN1,Dasatinib,HL60,0.29258957718330336
Q16512,PKN1,DNAPK,HL60,-0.0074187639815259466
Q16512,PKN1,H89,HL60,1.0895990428662574
Q16512,PKN1,KD025,HL60,1.5015810597059909
Q16512,PKN1,NU7441,HL60,0.4196415686015307
Q16512,PKN1,Ripasudil,HL60,-1.4168715475730043
Q16512,PKN1,Vemurafenib,HL60,1.6100742911061054
Q16512,PKN1,CX4945,HL60,-0.658599984463138
Q16512,PKN1,GO6983,HL60,-0.4670302747829526
Q16512,PKN1,KN93,HL60,-0.1949750064602775
Q16512,PKN1,MK2206,HL60,-0.41773954124571244
O43683,BUB1,AZD5438,HL60,-1.7578057760528671
O43683,BUB1,FRAX486,HL60,-1.438199079049636
O43683,BUB1,Ku0063794,HL60,-0.23489042703322233
O43683,BUB1,PD153035,HL60,-1.6058955760595415
O43683,BUB1,PF3758309,HL60,-0.7853214765388224
O43683,BUB1,Torin,HL60,-3.259973890564539
O43683,BUB1,Trametinib,HL60,-1.0384804825386715
O43683,BUB1,AZD1480,HL60,-2.26543007363116
O43683,BUB1,AZD5363,HL60,-1.0785320908297027
O43683,BUB1,BX912,HL60,-2.359682305200939
O43683,BUB1,CHIR99021,HL60,-0.8654702980922425
O43683,BUB1,GSK2334470,HL60,-1.7497485998113365
O43683,BUB1,Ipatasertib,HL60,-2.376242316083124
O43683,BUB1,LY2090314,HL60,-1.5836152119671516
O43683,BUB1,Tofacitinib,HL60,-2.096612769891862
O43683,BUB1,AZD6482,HL60,-1.53569910324746
O43683,BUB1,CAL101,HL60,-1.2906301558559559
O43683,BUB1,GDC0941,HL60,-1.7966004299647844
O43683,BUB1,HS173,HL60,-2.724800725602523
O43683,BUB1,PIK294,HL60,-1.421492521933905
O43683,BUB1,TGX221,HL60,-1.8307783695023774
O43683,BUB1,AZD8055,HL60,-0.860466005273017
O43683,BUB1,GDC0994,HL60,-1.6418580561222436
O43683,BUB1,JNK,HL60,-0.47543106536241525
O43683,BUB1,LY2584702,HL60,-2.5050491566813826
O43683,BUB1,PH797804,HL60,-1.423983035985709
O43683,BUB1,Selumetinib,HL60,-0.855036139325188
O43683,BUB1,U73122,HL60,-1.3454391475741772
O43683,BUB1,Ulixertinib,HL60,-1.325469083586715
O43683,BUB1,Amuvatinib,HL60,-1.9737578734133057
O43683,BUB1,AZD3759,HL60,-1.0366176195099979
O43683,BUB1,GSK690693,HL60,-0.42873421006442847
O43683,BUB1,JNJ,HL60,-0.7332252777460114
O43683,BUB1,KN62,HL60,-0.858261266994838
O43683,BUB1,Linsitinib,HL60,-1.5542998738542644
O43683,BUB1,LY2835219,HL60,-0.4686184334909648
O43683,BUB1,Ribociclib,HL60,-1.3633012569703584
O43683,BUB1,AC220,HL60,-1.2185033364127025
O43683,BUB1,Edelfosine,HL60,-0.009376826052183396
O43683,BUB1,GF109203X,HL60,-1.093985707991965
O43683,BUB1,Go6976,HL60,-0.4648008566586516
O43683,BUB1,PF4708671,HL60,-1.408168989880986
O43683,BUB1,SP600125,HL60,-1.3089903894493446
O43683,BUB1,TAK715,HL60,-0.612633454359541
O43683,BUB1,TBCA,HL60,-1.651361172170902
O43683,BUB1,AT13148,HL60,3.157812448514205
O43683,BUB1,AZ20,HL60,0.18404430296192478
O43683,BUB1,AZD6738,HL60,1.5809368600843527
O43683,BUB1,Bosutinib,HL60,-0.3113408370468315
O43683,BUB1,Dabrafenib,HL60,0.9608303135174048
O43683,BUB1,Dasatinib,HL60,-0.277568329080966
O43683,BUB1,DNAPK,HL60,0.5033014676121567
O43683,BUB1,H89,HL60,-0.5821822263836808
O43683,BUB1,KD025,HL60,3.2640323713681445
O43683,BUB1,NU7441,HL60,2.105249748412029
O43683,BUB1,Ripasudil,HL60,2.0155998991855335
O43683,BUB1,Vemurafenib,HL60,1.9356609223625085
O43683,BUB1,CX4945,HL60,-0.6993707662885728
O43683,BUB1,GO6983,HL60,-0.471146998802848
O43683,BUB1,KN93,HL60,-0.34871114541461706
O43683,BUB1,MK2206,HL60,-2.302178516450999
Q9P2K8,EIF2AK4,AZD5438,HL60,
Q9P2K8,EIF2AK4,FRAX486,HL60,
Q9P2K8,EIF2AK4,Ku0063794,HL60,
Q9P2K8,EIF2AK4,PD153035,HL60,
Q9P2K8,EIF2AK4,PF3758309,HL60,
Q9P2K8,EIF2AK4,Torin,HL60,
Q9P2K8,EIF2AK4,Trametinib,HL60,
Q9P2K8,EIF2AK4,AZD1480,HL60,
Q9P2K8,EIF2AK4,AZD5363,HL60,
Q9P2K8,EIF2AK4,BX912,HL60,
Q9P2K8,EIF2AK4,CHIR99021,HL60,
Q9P2K8,EIF2AK4,GSK2334470,HL60,
Q9P2K8,EIF2AK4,Ipatasertib,HL60,
Q9P2K8,EIF2AK4,LY2090314,HL60,
Q9P2K8,EIF2AK4,Tofacitinib,HL60,
Q9P2K8,EIF2AK4,AZD6482,HL60,
Q9P2K8,EIF2AK4,CAL101,HL60,
Q9P2K8,EIF2AK4,GDC0941,HL60,
Q9P2K8,EIF2AK4,HS173,HL60,
Q9P2K8,EIF2AK4,PIK294,HL60,
Q9P2K8,EIF2AK4,TGX221,HL60,
Q9P2K8,EIF2AK4,AZD8055,HL60,
Q9P2K8,EIF2AK4,GDC0994,HL60,
Q9P2K8,EIF2AK4,JNK,HL60,
Q9P2K8,EIF2AK4,LY2584702,HL60,
Q9P2K8,EIF2AK4,PH797804,HL60,
Q9P2K8,EIF2AK4,Selumetinib,HL60,
Q9P2K8,EIF2AK4,U73122,HL60,
Q9P2K8,EIF2AK4,Ulixertinib,HL60,
Q9P2K8,EIF2AK4,Amuvatinib,HL60,
Q9P2K8,EIF2AK4,AZD3759,HL60,
Q9P2K8,EIF2AK4,GSK690693,HL60,
Q9P2K8,EIF2AK4,JNJ,HL60,
Q9P2K8,EIF2AK4,KN62,HL60,
Q9P2K8,EIF2AK4,Linsitinib,HL60,
Q9P2K8,EIF2AK4,LY2835219,HL60,
Q9P2K8,EIF2AK4,Ribociclib,HL60,
Q9P2K8,EIF2AK4,AC220,HL60,
Q9P2K8,EIF2AK4,Edelfosine,HL60,
Q9P2K8,EIF2AK4,GF109203X,HL60,
Q9P2K8,EIF2AK4,Go6976,HL60,
Q9P2K8,EIF2AK4,PF4708671,HL60,
Q9P2K8,EIF2AK4,SP600125,HL60,
Q9P2K8,EIF2AK4,TAK715,HL60,
Q9P2K8,EIF2AK4,TBCA,HL60,
Q9P2K8,EIF2AK4,AT13148,HL60,
Q9P2K8,EIF2AK4,AZ20,HL60,
Q9P2K8,EIF2AK4,AZD6738,HL60,
Q9P2K8,EIF2AK4,Bosutinib,HL60,
Q9P2K8,EIF2AK4,Dabrafenib,HL60,
Q9P2K8,EIF2AK4,Dasatinib,HL60,
Q9P2K8,EIF2AK4,DNAPK,HL60,
Q9P2K8,EIF2AK4,H89,HL60,
Q9P2K8,EIF2AK4,KD025,HL60,
Q9P2K8,EIF2AK4,NU7441,HL60,
Q9P2K8,EIF2AK4,Ripasudil,HL60,
Q9P2K8,EIF2AK4,Vemurafenib,HL60,
Q9P2K8,EIF2AK4,CX4945,HL60,
Q9P2K8,EIF2AK4,GO6983,HL60,
Q9P2K8,EIF2AK4,KN93,HL60,
Q9P2K8,EIF2AK4,MK2206,HL60,
O14578,CIT,AZD5438,HL60,0.2614683087161651
O14578,CIT,FRAX486,HL60,-0.27928104760811134
O14578,CIT,Ku0063794,HL60,-0.4678180429048118
O14578,CIT,PD153035,HL60,-0.07166432978211694
O14578,CIT,PF3758309,HL60,-0.1265297745075917
O14578,CIT,Torin,HL60,-0.15464496536256547
O14578,CIT,Trametinib,HL60,0.6450063508500257
O14578,CIT,AZD1480,HL60,0.9214382015429856
O14578,CIT,AZD5363,HL60,0.03572244509172248
O14578,CIT,BX912,HL60,1.2725903790392206
O14578,CIT,CHIR99021,HL60,0.9766741866966646
O14578,CIT,GSK2334470,HL60,1.2131815128276346
O14578,CIT,Ipatasertib,HL60,0.8314624433279032
O14578,CIT,LY2090314,HL60,1.256440707054523
O14578,CIT,Tofacitinib,HL60,0.034543345147278456
O14578,CIT,AZD6482,HL60,0.42923757679189567
O14578,CIT,CAL101,HL60,0.4955956431306847
O14578,CIT,GDC0941,HL60,2.013614255387203
O14578,CIT,HS173,HL60,0.11165983640729328
O14578,CIT,PIK294,HL60,1.7936846388278462
O14578,CIT,TGX221,HL60,-0.21256498569246624
O14578,CIT,AZD8055,HL60,-0.09674565380183506
O14578,CIT,GDC0994,HL60,-0.2985458254568077
O14578,CIT,JNK,HL60,-0.017172994010968334
O14578,CIT,LY2584702,HL60,-0.16204905877687453
O14578,CIT,PH797804,HL60,-0.39154325791627187
O14578,CIT,Selumetinib,HL60,0.4323720911431868
O14578,CIT,U73122,HL60,-0.19397853524513456
O14578,CIT,Ulixertinib,HL60,0.16650839661537048
O14578,CIT,Amuvatinib,HL60,1.3144544447275501
O14578,CIT,AZD3759,HL60,1.2039729074256544
O14578,CIT,GSK690693,HL60,1.3097651794005238
O14578,CIT,JNJ,HL60,1.3335533382357805
O14578,CIT,KN62,HL60,1.1870823510701283
O14578,CIT,Linsitinib,HL60,0.7290860700560872
O14578,CIT,LY2835219,HL60,0.8740356847456578
O14578,CIT,Ribociclib,HL60,1.5718584764437824
O14578,CIT,AC220,HL60,0.04266612713294276
O14578,CIT,Edelfosine,HL60,0.10776871983947119
O14578,CIT,GF109203X,HL60,-0.23618636567747026
O14578,CIT,Go6976,HL60,-0.5978852712666921
O14578,CIT,PF4708671,HL60,-0.6738768683933208
O14578,CIT,SP600125,HL60,-0.8406561960376605
O14578,CIT,TAK715,HL60,-0.31007299340073063
O14578,CIT,TBCA,HL60,0.9504343820563483
O14578,CIT,AT13148,HL60,-3.316628124572974
O14578,CIT,AZ20,HL60,-1.7102185244002102
O14578,CIT,AZD6738,HL60,-0.6597593944377836
O14578,CIT,Bosutinib,HL60,-0.6752044503252572
O14578,CIT,Dabrafenib,HL60,-0.3248845756601617
O14578,CIT,Dasatinib,HL60,-1.3937067445857638
O14578,CIT,DNAPK,HL60,-0.8765662941303911
O14578,CIT,H89,HL60,-0.9617642201154837
O14578,CIT,KD025,HL60,-1.3394936757312401
O14578,CIT,NU7441,HL60,-0.4704559624218506
O14578,CIT,Ripasudil,HL60,-0.7584489971085089
O14578,CIT,Vemurafenib,HL60,-0.15658384412680654
O14578,CIT,CX4945,HL60,-0.14104884705112364
O14578,CIT,GO6983,HL60,-0.15643919087633038
O14578,CIT,KN93,HL60,-0.34007247569839927
O14578,CIT,MK2206,HL60,-0.026852249790073703
P15056,BRAF,AZD5438,HL60,1.5239438421508142
P15056,BRAF,FRAX486,HL60,7.425491724075013
P15056,BRAF,Ku0063794,HL60,0.18513715309843815
P15056,BRAF,PD153035,HL60,-0.03597104774871012
P15056,BRAF,PF3758309,HL60,1.815485177373102
P15056,BRAF,Torin,HL60,1.3136107586498114
P15056,BRAF,Trametinib,HL60,-6.6185682420080205
P15056,BRAF,AZD1480,HL60,-0.22623040889929696
P15056,BRAF,AZD5363,HL60,0.2992280444501842
P15056,BRAF,BX912,HL60,1.35569346145973
P15056,BRAF,CHIR99021,HL60,-0.019912797141937954
P15056,BRAF,GSK2334470,HL60,2.4067504696547473
P15056,BRAF,Ipatasertib,HL60,-0.21490554855105093
P15056,BRAF,LY2090314,HL60,-0.5983129035281566
P15056,BRAF,Tofacitinib,HL60,-0.5014518294499107
P15056,BRAF,AZD6482,HL60,-0.29651281950356856
P15056,BRAF,CAL101,HL60,-0.7988395502611851
P15056,BRAF,GDC0941,HL60,-1.0197775152397934
P15056,BRAF,HS173,HL60,-1.4514877650324187
P15056,BRAF,PIK294,HL60,-0.029458542415570454
P15056,BRAF,TGX221,HL60,0.20156011367024168
P15056,BRAF,AZD8055,HL60,1.2388529392973686
P15056,BRAF,GDC0994,HL60,0.06499535592904125
P15056,BRAF,JNK,HL60,0.8183976071158313
P15056,BRAF,LY2584702,HL60,0.8595840411513618
P15056,BRAF,PH797804,HL60,0.7070977894505847
P15056,BRAF,Selumetinib,HL60,-2.504215878994859
P15056,BRAF,U73122,HL60,-0.6403347579365011
P15056,BRAF,Ulixertinib,HL60,2.6843473703681155
P15056,BRAF,Amuvatinib,HL60,-0.7223230306860609
P15056,BRAF,AZD3759,HL60,0.051876307363886445
P15056,BRAF,GSK690693,HL60,0.7737360779167557
P15056,BRAF,JNJ,HL60,-0.8247918198759334
P15056,BRAF,KN62,HL60,2.5401973759221104
P15056,BRAF,Linsitinib,HL60,-1.911478388023119
P15056,BRAF,LY2835219,HL60,-0.23917576154985648
P15056,BRAF,Ribociclib,HL60,1.4357222960885847
P15056,BRAF,AC220,HL60,1.7314549594646753
P15056,BRAF,Edelfosine,HL60,-2.735671470865587
P15056,BRAF,GF109203X,HL60,0.01491245674104059
P15056,BRAF,Go6976,HL60,1.7632164553715706
P15056,BRAF,PF4708671,HL60,0.07566564460158909
P15056,BRAF,SP600125,HL60,0.69670537866423
P15056,BRAF,TAK715,HL60,0.6338770441503123
P15056,BRAF,TBCA,HL60,0.9878186372862369
P15056,BRAF,AT13148,HL60,-1.4606501550030324
P15056,BRAF,AZ20,HL60,1.4149255022377618
P15056,BRAF,AZD6738,HL60,1.7113030026687477
P15056,BRAF,Bosutinib,HL60,3.404241639618654
P15056,BRAF,Dabrafenib,HL60,2.532846267098405
P15056,BRAF,Dasatinib,HL60,-0.22679067809749628
P15056,BRAF,DNAPK,HL60,1.2360309430135352
P15056,BRAF,H89,HL60,0.9959608964669159
P15056,BRAF,KD025,HL60,1.8930877714817043
P15056,BRAF,NU7441,HL60,0.8677674269989631
P15056,BRAF,Ripasudil,HL60,-1.5854860491422154
P15056,BRAF,Vemurafenib,HL60,-0.18177514840037445
P15056,BRAF,CX4945,HL60,0.6734215141263288
P15056,BRAF,GO6983,HL60,-0.2491002388144784
P15056,BRAF,KN93,HL60,0.1457694992326461
P15056,BRAF,MK2206,HL60,-0.1334775031857005
Q9H2K8,TAOK3,AZD5438,HL60,
Q9H2K8,TAOK3,FRAX486,HL60,
Q9H2K8,TAOK3,Ku0063794,HL60,
Q9H2K8,TAOK3,PD153035,HL60,
Q9H2K8,TAOK3,PF3758309,HL60,
Q9H2K8,TAOK3,Torin,HL60,
Q9H2K8,TAOK3,Trametinib,HL60,
Q9H2K8,TAOK3,AZD1480,HL60,
Q9H2K8,TAOK3,AZD5363,HL60,
Q9H2K8,TAOK3,BX912,HL60,
Q9H2K8,TAOK3,CHIR99021,HL60,
Q9H2K8,TAOK3,GSK2334470,HL60,
Q9H2K8,TAOK3,Ipatasertib,HL60,
Q9H2K8,TAOK3,LY2090314,HL60,
Q9H2K8,TAOK3,Tofacitinib,HL60,
Q9H2K8,TAOK3,AZD6482,HL60,
Q9H2K8,TAOK3,CAL101,HL60,
Q9H2K8,TAOK3,GDC0941,HL60,
Q9H2K8,TAOK3,HS173,HL60,
Q9H2K8,TAOK3,PIK294,HL60,
Q9H2K8,TAOK3,TGX221,HL60,
Q9H2K8,TAOK3,AZD8055,HL60,
Q9H2K8,TAOK3,GDC0994,HL60,
Q9H2K8,TAOK3,JNK,HL60,
Q9H2K8,TAOK3,LY2584702,HL60,
Q9H2K8,TAOK3,PH797804,HL60,
Q9H2K8,TAOK3,Selumetinib,HL60,
Q9H2K8,TAOK3,U73122,HL60,
Q9H2K8,TAOK3,Ulixertinib,HL60,
Q9H2K8,TAOK3,Amuvatinib,HL60,
Q9H2K8,TAOK3,AZD3759,HL60,
Q9H2K8,TAOK3,GSK690693,HL60,
Q9H2K8,TAOK3,JNJ,HL60,
Q9H2K8,TAOK3,KN62,HL60,
Q9H2K8,TAOK3,Linsitinib,HL60,
Q9H2K8,TAOK3,LY2835219,HL60,
Q9H2K8,TAOK3,Ribociclib,HL60,
Q9H2K8,TAOK3,AC220,HL60,
Q9H2K8,TAOK3,Edelfosine,HL60,
Q9H2K8,TAOK3,GF109203X,HL60,
Q9H2K8,TAOK3,Go6976,HL60,
Q9H2K8,TAOK3,PF4708671,HL60,
Q9H2K8,TAOK3,SP600125,HL60,
Q9H2K8,TAOK3,TAK715,HL60,
Q9H2K8,TAOK3,TBCA,HL60,
Q9H2K8,TAOK3,AT13148,HL60,
Q9H2K8,TAOK3,AZ20,HL60,
Q9H2K8,TAOK3,AZD6738,HL60,
Q9H2K8,TAOK3,Bosutinib,HL60,
Q9H2K8,TAOK3,Dabrafenib,HL60,
Q9H2K8,TAOK3,Dasatinib,HL60,
Q9H2K8,TAOK3,DNAPK,HL60,
Q9H2K8,TAOK3,H89,HL60,
Q9H2K8,TAOK3,KD025,HL60,
Q9H2K8,TAOK3,NU7441,HL60,
Q9H2K8,TAOK3,Ripasudil,HL60,
Q9H2K8,TAOK3,Vemurafenib,HL60,
Q9H2K8,TAOK3,CX4945,HL60,
Q9H2K8,TAOK3,GO6983,HL60,
Q9H2K8,TAOK3,KN93,HL60,
Q9H2K8,TAOK3,MK2206,HL60,
O43353,RIPK2,AZD5438,HL60,-1.2329430079245027
O43353,RIPK2,FRAX486,HL60,-0.3050043140160557
O43353,RIPK2,Ku0063794,HL60,0.4754753282155494
O43353,RIPK2,PD153035,HL60,0.3400657221802954
O43353,RIPK2,PF3758309,HL60,0.6038791516327283
O43353,RIPK2,Torin,HL60,-0.15542400070430637
O43353,RIPK2,Trametinib,HL60,-0.05531330367214212
O43353,RIPK2,AZD1480,HL60,-0.3665597516384941
O43353,RIPK2,AZD5363,HL60,-0.15659720616242598
O43353,RIPK2,BX912,HL60,-0.23171601207344053
O43353,RIPK2,CHIR99021,HL60,-0.3447021410829686
O43353,RIPK2,GSK2334470,HL60,-0.09917340868067628
O43353,RIPK2,Ipatasertib,HL60,-0.18775400113268423
O43353,RIPK2,LY2090314,HL60,-0.20181473253431334
O43353,RIPK2,Tofacitinib,HL60,0.17511630339975423
O43353,RIPK2,AZD6482,HL60,1.1822669797856873
O43353,RIPK2,CAL101,HL60,0.041911338436123255
O43353,RIPK2,GDC0941,HL60,0.6957050853427884
O43353,RIPK2,HS173,HL60,1.068531398035016
O43353,RIPK2,PIK294,HL60,-0.6604576176950244
O43353,RIPK2,TGX221,HL60,0.9248106640181938
O43353,RIPK2,AZD8055,HL60,1.6114959159784386
O43353,RIPK2,GDC0994,HL60,-0.6240491486018646
O43353,RIPK2,JNK,HL60,0.8538363540690774
O43353,RIPK2,LY2584702,HL60,1.130299907810546
O43353,RIPK2,PH797804,HL60,1.848022533863299
O43353,RIPK2,Selumetinib,HL60,-0.21303151274237042
O43353,RIPK2,U73122,HL60,0.06413884776030654
O43353,RIPK2,Ulixertinib,HL60,0.8174443239191209
O43353,RIPK2,Amuvatinib,HL60,-1.0512196557605913
O43353,RIPK2,AZD3759,HL60,-0.4904137306985961
O43353,RIPK2,GSK690693,HL60,-0.2269592113877439
O43353,RIPK2,JNJ,HL60,-0.19673500373925315
O43353,RIPK2,KN62,HL60,-0.13609736809109615
O43353,RIPK2,Linsitinib,HL60,-1.136456731781924
O43353,RIPK2,LY2835219,HL60,-0.5227045570955937
O43353,RIPK2,Ribociclib,HL60,-1.5826147685504097
O43353,RIPK2,AC220,HL60,0.9092500661947632
O43353,RIPK2,Edelfosine,HL60,1.6452125025862774
O43353,RIPK2,GF109203X,HL60,-0.6115505439366156
O43353,RIPK2,Go6976,HL60,-0.15077964374005148
O43353,RIPK2,PF4708671,HL60,0.14875760504035837
O43353,RIPK2,SP600125,HL60,0.7278583080498993
O43353,RIPK2,TAK715,HL60,1.073657637557966
O43353,RIPK2,TBCA,HL60,1.5692120687657967
O43353,RIPK2,AT13148,HL60,0.12363588403463151
O43353,RIPK2,AZ20,HL60,0.03560617197960025
O43353,RIPK2,AZD6738,HL60,1.010155277188722
O43353,RIPK2,Bosutinib,HL60,1.355847295331989
O43353,RIPK2,Dabrafenib,HL60,-0.10105212293269916
O43353,RIPK2,Dasatinib,HL60,0.4505344365462094
O43353,RIPK2,DNAPK,HL60,0.4571574267234658
O43353,RIPK2,H89,HL60,0.9538837007951468
O43353,RIPK2,KD025,HL60,-0.01696655274391478
O43353,RIPK2,NU7441,HL60,0.531205040772812
O43353,RIPK2,Ripasudil,HL60,0.13230739149216417
O43353,RIPK2,Vemurafenib,HL60,0.6375888843659674
O43353,RIPK2,CX4945,HL60,0.3509350625429024
O43353,RIPK2,GO6983,HL60,-0.01522636928453288
O43353,RIPK2,KN93,HL60,0.697302613844584
O43353,RIPK2,MK2206,HL60,-0.11498813428179083
Q9UEW8,STK39,AZD5438,HL60,-0.028951942507921765
Q9UEW8,STK39,FRAX486,HL60,0.08122073414300125
Q9UEW8,STK39,Ku0063794,HL60,0.30379282052481554
Q9UEW8,STK39,PD153035,HL60,0.20123035718528354
Q9UEW8,STK39,PF3758309,HL60,-0.09800263424304774
Q9UEW8,STK39,Torin,HL60,-0.14449723730377928
Q9UEW8,STK39,Trametinib,HL60,0.4688686992611644
Q9UEW8,STK39,AZD1480,HL60,0.17660496065571005
Q9UEW8,STK39,AZD5363,HL60,0.029460721989046163
Q9UEW8,STK39,BX912,HL60,0.5243500951091902
Q9UEW8,STK39,CHIR99021,HL60,0.28854356035800666
Q9UEW8,STK39,GSK2334470,HL60,0.3785382636611702
Q9UEW8,STK39,Ipatasertib,HL60,-0.029478647746633627
Q9UEW8,STK39,LY2090314,HL60,0.2580869168625857
Q9UEW8,STK39,Tofacitinib,HL60,0.13225285032266812
Q9UEW8,STK39,AZD6482,HL60,0.02216033581963459
Q9UEW8,STK39,CAL101,HL60,-0.15034653409018447
Q9UEW8,STK39,GDC0941,HL60,-0.03810308371057617
Q9UEW8,STK39,HS173,HL60,0.060580068077690924
Q9UEW8,STK39,PIK294,HL60,0.08331716093135094
Q9UEW8,STK39,TGX221,HL60,0.22478392910110856
Q9UEW8,STK39,AZD8055,HL60,0.11051438495832902
Q9UEW8,STK39,GDC0994,HL60,0.3792480052172033
Q9UEW8,STK39,JNK,HL60,0.043756065548899166
Q9UEW8,STK39,LY2584702,HL60,0.18552253744298774
Q9UEW8,STK39,PH797804,HL60,-0.004283376484563732
Q9UEW8,STK39,Selumetinib,HL60,0.23997569343106537
Q9UEW8,STK39,U73122,HL60,0.2026412384137466
Q9UEW8,STK39,Ulixertinib,HL60,0.16196941091695638
Q9UEW8,STK39,Amuvatinib,HL60,-0.11173319813941784
Q9UEW8,STK39,AZD3759,HL60,-0.01919524314937946
Q9UEW8,STK39,GSK690693,HL60,-0.2567642434946083
Q9UEW8,STK39,JNJ,HL60,-0.11106744720261627
Q9UEW8,STK39,KN62,HL60,-0.29351677368235174
Q9UEW8,STK39,Linsitinib,HL60,-0.2569703522634135
Q9UEW8,STK39,LY2835219,HL60,-0.24290478744017968
Q9UEW8,STK39,Ribociclib,HL60,-0.4499196865366201
Q9UEW8,STK39,AC220,HL60,0.5032062085514044
Q9UEW8,STK39,Edelfosine,HL60,0.14365256883246472
Q9UEW8,STK39,GF109203X,HL60,0.507667106772123
Q9UEW8,STK39,Go6976,HL60,0.20702044216138699
Q9UEW8,STK39,PF4708671,HL60,0.19511252336007848
Q9UEW8,STK39,SP600125,HL60,0.3118676593332677
Q9UEW8,STK39,TAK715,HL60,0.1634135932254309
Q9UEW8,STK39,TBCA,HL60,0.11177443601365898
Q9UEW8,STK39,AT13148,HL60,-0.128967660921933
Q9UEW8,STK39,AZ20,HL60,0.1333958362829338
Q9UEW8,STK39,AZD6738,HL60,-0.01688625319434795
Q9UEW8,STK39,Bosutinib,HL60,-0.05119711191991216
Q9UEW8,STK39,Dabrafenib,HL60,-0.29028785581664174
Q9UEW8,STK39,Dasatinib,HL60,0.07253926619563603
Q9UEW8,STK39,DNAPK,HL60,0.10040510431702669
Q9UEW8,STK39,H89,HL60,0.3682129576775442
Q9UEW8,STK39,KD025,HL60,-0.1134016347062552
Q9UEW8,STK39,NU7441,HL60,-0.08949715261406212
Q9UEW8,STK39,Ripasudil,HL60,0.05945218581893786
Q9UEW8,STK39,Vemurafenib,HL60,-0.2453350644963744
Q9UEW8,STK39,CX4945,HL60,0.7781568541368661
Q9UEW8,STK39,GO6983,HL60,0.7845298411740065
Q9UEW8,STK39,KN93,HL60,0.6548626049617517
Q9UEW8,STK39,MK2206,HL60,0.7320400526226615
O00418,EEF2K,AZD5438,HL60,0.02857074070521113
O00418,EEF2K,FRAX486,HL60,0.8152042908436596
O00418,EEF2K,Ku0063794,HL60,1.285007859555475
O00418,EEF2K,PD153035,HL60,0.13875739394153838
O00418,EEF2K,PF3758309,HL60,-2.068899500478574
O00418,EEF2K,Torin,HL60,1.0241592197242622
O00418,EEF2K,Trametinib,HL60,1.0440326745205213
O00418,EEF2K,AZD1480,HL60,-0.4474018422784631
O00418,EEF2K,AZD5363,HL60,-1.1984114833526467
O00418,EEF2K,BX912,HL60,-0.4029401256847297
O00418,EEF2K,CHIR99021,HL60,-1.384920963622478
O00418,EEF2K,GSK2334470,HL60,-0.6284157666073412
O00418,EEF2K,Ipatasertib,HL60,-0.5677484532048647
O00418,EEF2K,LY2090314,HL60,-1.3467325835505732
O00418,EEF2K,Tofacitinib,HL60,0.0018892251417597526
O00418,EEF2K,AZD6482,HL60,-0.4701284778113211
O00418,EEF2K,CAL101,HL60,-0.5080575351289118
O00418,EEF2K,GDC0941,HL60,-1.5837101325743737
O00418,EEF2K,HS173,HL60,-0.974998014865343
O00418,EEF2K,PIK294,HL60,-0.22669551077886377
O00418,EEF2K,TGX221,HL60,0.35130929493967583
O00418,EEF2K,AZD8055,HL60,-1.2024725116877433
O00418,EEF2K,GDC0994,HL60,-0.7443394864585996
O00418,EEF2K,JNK,HL60,-1.1544981526080602
O00418,EEF2K,LY2584702,HL60,-0.28188535426308803
O00418,EEF2K,PH797804,HL60,-5.056908079202108
O00418,EEF2K,Selumetinib,HL60,0.15401175222305458
O00418,EEF2K,U73122,HL60,-0.15846226024695556
O00418,EEF2K,Ulixertinib,HL60,-0.3967359190651978
O00418,EEF2K,Amuvatinib,HL60,0.6467990812121884
O00418,EEF2K,AZD3759,HL60,-1.1592610797719907
O00418,EEF2K,GSK690693,HL60,0.7093717551240847
O00418,EEF2K,JNJ,HL60,0.538400656931822
O00418,EEF2K,KN62,HL60,-0.17409819809501142
O00418,EEF2K,Linsitinib,HL60,0.5389144030076525
O00418,EEF2K,LY2835219,HL60,0.41068020592732735
O00418,EEF2K,Ribociclib,HL60,-0.05272718561508893
O00418,EEF2K,AC220,HL60,1.0522191494185509
O00418,EEF2K,Edelfosine,HL60,-1.221757367638481
O00418,EEF2K,GF109203X,HL60,1.586047587447401
O00418,EEF2K,Go6976,HL60,-0.3754339787030791
O00418,EEF2K,PF4708671,HL60,2.953766981677631
O00418,EEF2K,SP600125,HL60,0.4995651266801425
O00418,EEF2K,TAK715,HL60,0.8706397937952569
O00418,EEF2K,TBCA,HL60,1.7020214085796588
O00418,EEF2K,AT13148,HL60,0.2298158176638739
O00418,EEF2K,AZ20,HL60,0.5427541057478749
O00418,EEF2K,AZD6738,HL60,0.21568160033021833
O00418,EEF2K,Bosutinib,HL60,-0.012250530567945742
O00418,EEF2K,Dabrafenib,HL60,0.6166358931166641
O00418,EEF2K,Dasatinib,HL60,0.9614699506161196
O00418,EEF2K,DNAPK,HL60,-0.03354518910693724
O00418,EEF2K,H89,HL60,0.413528147941562
O00418,EEF2K,KD025,HL60,0.6105504803803847
O00418,EEF2K,NU7441,HL60,0.025437237378025033
O00418,EEF2K,Ripasudil,HL60,1.0541638727010865
O00418,EEF2K,Vemurafenib,HL60,-0.011391802495325294
O00418,EEF2K,CX4945,HL60,-1.5004577073858225
O00418,EEF2K,GO6983,HL60,-3.115203568735372
O00418,EEF2K,KN93,HL60,-1.078264585009557
O00418,EEF2K,MK2206,HL60,-0.6735196594015609
O94806,PRKD3,AZD5438,HL60,2.132451230636102
O94806,PRKD3,FRAX486,HL60,0.8689090109457296
O94806,PRKD3,Ku0063794,HL60,-0.13008243510561446
O94806,PRKD3,PD153035,HL60,-0.5995191577447607
O94806,PRKD3,PF3758309,HL60,0.7085872169275562
O94806,PRKD3,Torin,HL60,0.705285666013228
O94806,PRKD3,Trametinib,HL60,-1.197961137599681
O94806,PRKD3,AZD1480,HL60,0.4372752309431973
O94806,PRKD3,AZD5363,HL60,1.4160718992270638
O94806,PRKD3,BX912,HL60,2.1382108902843595
O94806,PRKD3,CHIR99021,HL60,0.8460880651511725
O94806,PRKD3,GSK2334470,HL60,0.5072734648986097
O94806,PRKD3,Ipatasertib,HL60,-0.5190851906981897
O94806,PRKD3,LY2090314,HL60,-0.08653685763573242
O94806,PRKD3,Tofacitinib,HL60,0.11819845399074451
O94806,PRKD3,AZD6482,HL60,-0.38067452327290546
O94806,PRKD3,CAL101,HL60,-0.952758840064684
O94806,PRKD3,GDC0941,HL60,-0.6521453857422151
O94806,PRKD3,HS173,HL60,-0.5943959163437196
O94806,PRKD3,PIK294,HL60,-0.4665085160251336
O94806,PRKD3,TGX221,HL60,-0.1722446150923392
O94806,PRKD3,AZD8055,HL60,0.6760567339030177
O94806,PRKD3,GDC0994,HL60,1.3132214094866772
O94806,PRKD3,JNK,HL60,-0.1586447694929752
O94806,PRKD3,LY2584702,HL60,0.4938797016623896
O94806,PRKD3,PH797804,HL60,0.7112842347333859
O94806,PRKD3,Selumetinib,HL60,-0.0016538036968599948
O94806,PRKD3,U73122,HL60,-0.38769400382863717
O94806,PRKD3,Ulixertinib,HL60,0.4980560992776041
O94806,PRKD3,Amuvatinib,HL60,0.7227577254921081
O94806,PRKD3,AZD3759,HL60,0.07264392031479304
O94806,PRKD3,GSK690693,HL60,0.07222377013991058
O94806,PRKD3,JNJ,HL60,-0.25488776863386226
O94806,PRKD3,KN62,HL60,-0.2225446783903792
O94806,PRKD3,Linsitinib,HL60,-0.6869783834559576
O94806,PRKD3,LY2835219,HL60,0.7705627537629001
O94806,PRKD3,Ribociclib,HL60,0.07592202123885208
O94806,PRKD3,AC220,HL60,0.7466654286096446
O94806,PRKD3,Edelfosine,HL60,1.0047810536571877
O94806,PRKD3,GF109203X,HL60,0.09859670246889526
O94806,PRKD3,Go6976,HL60,1.9531178431470855
O94806,PRKD3,PF4708671,HL60,1.3012190947215745
O94806,PRKD3,SP600125,HL60,1.9921249445303877
O94806,PRKD3,TAK715,HL60,3.047152760232808
O94806,PRKD3,TBCA,HL60,0.6684460680529737
O94806,PRKD3,AT13148,HL60,0.5798560704031305
O94806,PRKD3,AZ20,HL60,-1.4278005724433147
O94806,PRKD3,AZD6738,HL60,-1.3197847773224924
O94806,PRKD3,Bosutinib,HL60,1.9306270641034151
O94806,PRKD3,Dabrafenib,HL60,0.4857608921931924
O94806,PRKD3,Dasatinib,HL60,-0.2218460272166082
O94806,PRKD3,DNAPK,HL60,-0.3913069314291886
O94806,PRKD3,H89,HL60,0.5828776034432791
O94806,PRKD3,KD025,HL60,1.6385950094700614
O94806,PRKD3,NU7441,HL60,-0.24577046656108986
O94806,PRKD3,Ripasudil,HL60,-0.06983587634523195
O94806,PRKD3,Vemurafenib,HL60,-0.8098959338810011
O94806,PRKD3,CX4945,HL60,-0.4039582541287623
O94806,PRKD3,GO6983,HL60,-0.5376958429606908
O94806,PRKD3,KN93,HL60,0.4044710373107634
O94806,PRKD3,MK2206,HL60,-0.5845480899636438
O95747,OXSR1,AZD5438,HL60,
O95747,OXSR1,FRAX486,HL60,
O95747,OXSR1,Ku0063794,HL60,
O95747,OXSR1,PD153035,HL60,
O95747,OXSR1,PF3758309,HL60,
O95747,OXSR1,Torin,HL60,
O95747,OXSR1,Trametinib,HL60,
O95747,OXSR1,AZD1480,HL60,
O95747,OXSR1,AZD5363,HL60,
O95747,OXSR1,BX912,HL60,
O95747,OXSR1,CHIR99021,HL60,
O95747,OXSR1,GSK2334470,HL60,
O95747,OXSR1,Ipatasertib,HL60,
O95747,OXSR1,LY2090314,HL60,
O95747,OXSR1,Tofacitinib,HL60,
O95747,OXSR1,AZD6482,HL60,
O95747,OXSR1,CAL101,HL60,
O95747,OXSR1,GDC0941,HL60,
O95747,OXSR1,HS173,HL60,
O95747,OXSR1,PIK294,HL60,
O95747,OXSR1,TGX221,HL60,
O95747,OXSR1,AZD8055,HL60,
O95747,OXSR1,GDC0994,HL60,
O95747,OXSR1,JNK,HL60,
O95747,OXSR1,LY2584702,HL60,
O95747,OXSR1,PH797804,HL60,
O95747,OXSR1,Selumetinib,HL60,
O95747,OXSR1,U73122,HL60,
O95747,OXSR1,Ulixertinib,HL60,
O95747,OXSR1,Amuvatinib,HL60,
O95747,OXSR1,AZD3759,HL60,
O95747,OXSR1,GSK690693,HL60,
O95747,OXSR1,JNJ,HL60,
O95747,OXSR1,KN62,HL60,
O95747,OXSR1,Linsitinib,HL60,
O95747,OXSR1,LY2835219,HL60,
O95747,OXSR1,Ribociclib,HL60,
O95747,OXSR1,AC220,HL60,
O95747,OXSR1,Edelfosine,HL60,
O95747,OXSR1,GF109203X,HL60,
O95747,OXSR1,Go6976,HL60,
O95747,OXSR1,PF4708671,HL60,
O95747,OXSR1,SP600125,HL60,
O95747,OXSR1,TAK715,HL60,
O95747,OXSR1,TBCA,HL60,
O95747,OXSR1,AT13148,HL60,
O95747,OXSR1,AZ20,HL60,
O95747,OXSR1,AZD6738,HL60,
O95747,OXSR1,Bosutinib,HL60,
O95747,OXSR1,Dabrafenib,HL60,
O95747,OXSR1,Dasatinib,HL60,
O95747,OXSR1,DNAPK,HL60,
O95747,OXSR1,H89,HL60,
O95747,OXSR1,KD025,HL60,
O95747,OXSR1,NU7441,HL60,
O95747,OXSR1,Ripasudil,HL60,
O95747,OXSR1,Vemurafenib,HL60,
O95747,OXSR1,CX4945,HL60,
O95747,OXSR1,GO6983,HL60,
O95747,OXSR1,KN93,HL60,
O95747,OXSR1,MK2206,HL60,
Q13546,RIPK1,AZD5438,HL60,-0.199060257773245
Q13546,RIPK1,FRAX486,HL60,0.15397293421579747
Q13546,RIPK1,Ku0063794,HL60,0.0604481993206849
Q13546,RIPK1,PD153035,HL60,0.057133915286457275
Q13546,RIPK1,PF3758309,HL60,0.04722013386561762
Q13546,RIPK1,Torin,HL60,0.43155984596954644
Q13546,RIPK1,Trametinib,HL60,0.5017061685870479
Q13546,RIPK1,AZD1480,HL60,-0.0018590453247997352
Q13546,RIPK1,AZD5363,HL60,0.0581222429244635
Q13546,RIPK1,BX912,HL60,0.09014741877672716
Q13546,RIPK1,CHIR99021,HL60,0.1537093008836924
Q13546,RIPK1,GSK2334470,HL60,0.06480235709406869
Q13546,RIPK1,Ipatasertib,HL60,0.20670531171712675
Q13546,RIPK1,LY2090314,HL60,0.06397372308850131
Q13546,RIPK1,Tofacitinib,HL60,0.13579179596353502
Q13546,RIPK1,AZD6482,HL60,0.15377534684751443
Q13546,RIPK1,CAL101,HL60,0.25663465751370057
Q13546,RIPK1,GDC0941,HL60,0.08882879720641701
Q13546,RIPK1,HS173,HL60,0.26710197685070275
Q13546,RIPK1,PIK294,HL60,0.06276637939052612
Q13546,RIPK1,TGX221,HL60,0.4030066557380493
Q13546,RIPK1,AZD8055,HL60,-0.07452143617293297
Q13546,RIPK1,GDC0994,HL60,0.21760884599106065
Q13546,RIPK1,JNK,HL60,-0.06460366949650638
Q13546,RIPK1,LY2584702,HL60,-0.17292928678696556
Q13546,RIPK1,PH797804,HL60,0.0731216117730162
Q13546,RIPK1,Selumetinib,HL60,0.1479631692844911
Q13546,RIPK1,U73122,HL60,0.0931709887711043
Q13546,RIPK1,Ulixertinib,HL60,-0.26113979965146844
Q13546,RIPK1,Amuvatinib,HL60,0.030122176601654838
Q13546,RIPK1,AZD3759,HL60,-0.010215220507368164
Q13546,RIPK1,GSK690693,HL60,0.17685155942545314
Q13546,RIPK1,JNJ,HL60,0.02202237551882029
Q13546,RIPK1,KN62,HL60,-0.059917295247838356
Q13546,RIPK1,Linsitinib,HL60,0.03777277837675708
Q13546,RIPK1,LY2835219,HL60,-0.10292925326232776
Q13546,RIPK1,Ribociclib,HL60,-0.11668730722529788
Q13546,RIPK1,AC220,HL60,-0.04436661751018006
Q13546,RIPK1,Edelfosine,HL60,0.2796184343191408
Q13546,RIPK1,GF109203X,HL60,0.05986490801443687
Q13546,RIPK1,Go6976,HL60,0.2324147963071971
Q13546,RIPK1,PF4708671,HL60,-0.2455957138336839
Q13546,RIPK1,SP600125,HL60,0.2163825238851069
Q13546,RIPK1,TAK715,HL60,0.19781975510433747
Q13546,RIPK1,TBCA,HL60,0.11719801738448805
Q13546,RIPK1,AT13148,HL60,-0.08359397206842886
Q13546,RIPK1,AZ20,HL60,-0.0980090864994442
Q13546,RIPK1,AZD6738,HL60,-0.1127484602595957
Q13546,RIPK1,Bosutinib,HL60,0.061548183197521304
Q13546,RIPK1,Dabrafenib,HL60,-0.41468381583581065
Q13546,RIPK1,Dasatinib,HL60,-0.27516809870194336
Q13546,RIPK1,DNAPK,HL60,0.10027492974373436
Q13546,RIPK1,H89,HL60,0.20899889738341224
Q13546,RIPK1,KD025,HL60,-0.24728862440397267
Q13546,RIPK1,NU7441,HL60,-0.3644792816811249
Q13546,RIPK1,Ripasudil,HL60,0.021365639014306742
Q13546,RIPK1,Vemurafenib,HL60,-0.23265714370394253
Q13546,RIPK1,CX4945,HL60,0.8967543757495401
Q13546,RIPK1,GO6983,HL60,0.7879626649232453
Q13546,RIPK1,KN93,HL60,0.8798889514098475
Q13546,RIPK1,MK2206,HL60,0.8595129412468017
O76039,CDKL5,AZD5438,HL60,1.0622069286261873
O76039,CDKL5,FRAX486,HL60,-0.867394729827407
O76039,CDKL5,Ku0063794,HL60,1.2238465974310524
O76039,CDKL5,PD153035,HL60,1.3256853190607851
O76039,CDKL5,PF3758309,HL60,1.197594325968833
O76039,CDKL5,Torin,HL60,1.0364240636051951
O76039,CDKL5,Trametinib,HL60,1.7818666679522785
O76039,CDKL5,AZD1480,HL60,0.9893425855197872
O76039,CDKL5,AZD5363,HL60,0.9186110933176382
O76039,CDKL5,BX912,HL60,0.9126829418530427
O76039,CDKL5,CHIR99021,HL60,1.6840887666790358
O76039,CDKL5,GSK2334470,HL60,-0.32994969985034617
O76039,CDKL5,Ipatasertib,HL60,-0.8077395025144911
O76039,CDKL5,LY2090314,HL60,1.6097822768911012
O76039,CDKL5,Tofacitinib,HL60,1.0248462662844915
O76039,CDKL5,AZD6482,HL60,-1.5156938832457678
O76039,CDKL5,CAL101,HL60,-1.1822660469314488
O76039,CDKL5,GDC0941,HL60,-0.3130365399850495
O76039,CDKL5,HS173,HL60,-0.2511721000080266
O76039,CDKL5,PIK294,HL60,-0.156882425712429
O76039,CDKL5,TGX221,HL60,0.8832565925337371
O76039,CDKL5,AZD8055,HL60,0.28987926883293685
O76039,CDKL5,GDC0994,HL60,0.32296103161267237
O76039,CDKL5,JNK,HL60,-0.4224174243663885
O76039,CDKL5,LY2584702,HL60,0.2831557045061049
O76039,CDKL5,PH797804,HL60,0.5317679389676548
O76039,CDKL5,Selumetinib,HL60,0.6572569897896036
O76039,CDKL5,U73122,HL60,0.09975566243764178
O76039,CDKL5,Ulixertinib,HL60,0.6629878197293269
O76039,CDKL5,Amuvatinib,HL60,0.9725129354302788
O76039,CDKL5,AZD3759,HL60,0.46627675922433287
O76039,CDKL5,GSK690693,HL60,0.3983844472827393
O76039,CDKL5,JNJ,HL60,0.591213760168429
O76039,CDKL5,KN62,HL60,0.5521467867408117
O76039,CDKL5,Linsitinib,HL60,-0.0038501943836553257
O76039,CDKL5,LY2835219,HL60,0.545456892480795
O76039,CDKL5,Ribociclib,HL60,0.15899190706678232
O76039,CDKL5,AC220,HL60,-0.45601428759109447
O76039,CDKL5,Edelfosine,HL60,-0.8017969467900272
O76039,CDKL5,GF109203X,HL60,-0.07430496502057621
O76039,CDKL5,Go6976,HL60,0.5064190261371687
O76039,CDKL5,PF4708671,HL60,-0.30955710745927234
O76039,CDKL5,SP600125,HL60,-0.30235987052048346
O76039,CDKL5,TAK715,HL60,0.06836241914694055
O76039,CDKL5,TBCA,HL60,-0.08965591889713319
O76039,CDKL5,AT13148,HL60,0.5980936450938478
O76039,CDKL5,AZ20,HL60,0.28136136308373594
O76039,CDKL5,AZD6738,HL60,-0.5240470312747634
O76039,CDKL5,Bosutinib,HL60,0.9129270763421106
O76039,CDKL5,Dabrafenib,HL60,-0.8053773250543637
O76039,CDKL5,Dasatinib,HL60,-1.0573902802337358
O76039,CDKL5,DNAPK,HL60,2.275256548756899
O76039,CDKL5,H89,HL60,1.1172750964494298
O76039,CDKL5,KD025,HL60,-0.3427643184182262
O76039,CDKL5,NU7441,HL60,1.6945792701193079
O76039,CDKL5,Ripasudil,HL60,-2.7372936824149816
O76039,CDKL5,Vemurafenib,HL60,-0.005665531674339174
O76039,CDKL5,CX4945,HL60,0.7966351481005849
O76039,CDKL5,GO6983,HL60,0.3391989276987199
O76039,CDKL5,KN93,HL60,0.24268968395408405
O76039,CDKL5,MK2206,HL60,0.5774444236844489
Q9Y572,RIPK3,AZD5438,HL60,0.11847380558087134
Q9Y572,RIPK3,FRAX486,HL60,-0.4611331900942699
Q9Y572,RIPK3,Ku0063794,HL60,-0.0800970817302219
Q9Y572,RIPK3,PD153035,HL60,0.050282489374537255
Q9Y572,RIPK3,PF3758309,HL60,-0.531241713102358
Q9Y572,RIPK3,Torin,HL60,0.1782381366911615
Q9Y572,RIPK3,Trametinib,HL60,-0.3232832079839204
Q9Y572,RIPK3,AZD1480,HL60,-0.2761820040047246
Q9Y572,RIPK3,AZD5363,HL60,-0.2964630923029216
Q9Y572,RIPK3,BX912,HL60,-0.4285807472087991
Q9Y572,RIPK3,CHIR99021,HL60,0.3371364192228632
Q9Y572,RIPK3,GSK2334470,HL60,0.08684137036519274
Q9Y572,RIPK3,Ipatasertib,HL60,-0.2175284279571008
Q9Y572,RIPK3,LY2090314,HL60,0.45306048407309485
Q9Y572,RIPK3,Tofacitinib,HL60,-0.19758021978697793
Q9Y572,RIPK3,AZD6482,HL60,-0.10186256133500884
Q9Y572,RIPK3,CAL101,HL60,-0.016129658602206415
Q9Y572,RIPK3,GDC0941,HL60,-0.4744029729194967
Q9Y572,RIPK3,HS173,HL60,0.26182126863822325
Q9Y572,RIPK3,PIK294,HL60,-0.2049712694507021
Q9Y572,RIPK3,TGX221,HL60,-0.07547093094732078
Q9Y572,RIPK3,AZD8055,HL60,0.12247247001352413
Q9Y572,RIPK3,GDC0994,HL60,0.01708800007704528
Q9Y572,RIPK3,JNK,HL60,-0.02552540387902132
Q9Y572,RIPK3,LY2584702,HL60,0.24322429625551625
Q9Y572,RIPK3,PH797804,HL60,-0.39467098574875387
Q9Y572,RIPK3,Selumetinib,HL60,0.02928128892636225
Q9Y572,RIPK3,U73122,HL60,0.667098342600793
Q9Y572,RIPK3,Ulixertinib,HL60,0.16753612017284958
Q9Y572,RIPK3,Amuvatinib,HL60,0.0013119931299818601
Q9Y572,RIPK3,AZD3759,HL60,0.021421752576706986
Q9Y572,RIPK3,GSK690693,HL60,-0.2278098999357285
Q9Y572,RIPK3,JNJ,HL60,-0.17470273647076473
Q9Y572,RIPK3,KN62,HL60,0.24845386623495172
Q9Y572,RIPK3,Linsitinib,HL60,-0.2823184319100263
Q9Y572,RIPK3,LY2835219,HL60,0.019322011533583202
Q9Y572,RIPK3,Ribociclib,HL60,-0.1877557015658217
Q9Y572,RIPK3,AC220,HL60,0.5036695589945269
Q9Y572,RIPK3,Edelfosine,HL60,1.2806670484458238
Q9Y572,RIPK3,GF109203X,HL60,0.13162943132740026
Q9Y572,RIPK3,Go6976,HL60,-0.1303324571181472
Q9Y572,RIPK3,PF4708671,HL60,0.1548658968263231
Q9Y572,RIPK3,SP600125,HL60,0.05669591978504006
Q9Y572,RIPK3,TAK715,HL60,-0.3679629239284426
Q9Y572,RIPK3,TBCA,HL60,0.3597527898638505
Q9Y572,RIPK3,AT13148,HL60,-0.2777288627683324
Q9Y572,RIPK3,AZ20,HL60,0.17996933063531056
Q9Y572,RIPK3,AZD6738,HL60,0.22253646963217394
Q9Y572,RIPK3,Bosutinib,HL60,-0.11782524842767504
Q9Y572,RIPK3,Dabrafenib,HL60,0.41905130464129015
Q9Y572,RIPK3,Dasatinib,HL60,-0.22049362288912355
Q9Y572,RIPK3,DNAPK,HL60,-0.08276808354848207
Q9Y572,RIPK3,H89,HL60,0.006997109561956859
Q9Y572,RIPK3,KD025,HL60,0.4828720827080421
Q9Y572,RIPK3,NU7441,HL60,0.11324426959488794
Q9Y572,RIPK3,Ripasudil,HL60,-0.09237902971938802
Q9Y572,RIPK3,Vemurafenib,HL60,0.47740649975591914
Q9Y572,RIPK3,CX4945,HL60,0.5204424123355464
Q9Y572,RIPK3,GO6983,HL60,0.5838925230645664
Q9Y572,RIPK3,KN93,HL60,0.6130365399434875
Q9Y572,RIPK3,MK2206,HL60,0.35740650345671393
Q9Y2K2,SIK3,AZD5438,HL60,1.1736445679096184
Q9Y2K2,SIK3,FRAX486,HL60,-0.8845268868969309
Q9Y2K2,SIK3,Ku0063794,HL60,0.9800903856957482
Q9Y2K2,SIK3,PD153035,HL60,1.1308518026853114
Q9Y2K2,SIK3,PF3758309,HL60,0.565825070963592
Q9Y2K2,SIK3,Torin,HL60,-0.6237184465452437
Q9Y2K2,SIK3,Trametinib,HL60,0.6083655452778948
Q9Y2K2,SIK3,AZD1480,HL60,-0.4064213722387428
Q9Y2K2,SIK3,AZD5363,HL60,0.512955331189573
Q9Y2K2,SIK3,BX912,HL60,-0.7932113425362479
Q9Y2K2,SIK3,CHIR99021,HL60,0.4973228255259014
Q9Y2K2,SIK3,GSK2334470,HL60,-0.8734395091024197
Q9Y2K2,SIK3,Ipatasertib,HL60,-0.6381540900419422
Q9Y2K2,SIK3,LY2090314,HL60,0.1806285125179765
Q9Y2K2,SIK3,Tofacitinib,HL60,0.26718559178393503
Q9Y2K2,SIK3,AZD6482,HL60,-0.14174468297743834
Q9Y2K2,SIK3,CAL101,HL60,-0.24344278120756624
Q9Y2K2,SIK3,GDC0941,HL60,-0.5943715987299376
Q9Y2K2,SIK3,HS173,HL60,0.15157947413267284
Q9Y2K2,SIK3,PIK294,HL60,0.15654200915904581
Q9Y2K2,SIK3,TGX221,HL60,-0.29905642047728404
Q9Y2K2,SIK3,AZD8055,HL60,0.8236749375012323
Q9Y2K2,SIK3,GDC0994,HL60,0.747470458082262
Q9Y2K2,SIK3,JNK,HL60,1.6471808455043553
Q9Y2K2,SIK3,LY2584702,HL60,-1.0086313014798731
Q9Y2K2,SIK3,PH797804,HL60,0.13262781578326804
Q9Y2K2,SIK3,Selumetinib,HL60,0.2858286727199981
Q9Y2K2,SIK3,U73122,HL60,0.22877993533127527
Q9Y2K2,SIK3,Ulixertinib,HL60,1.4145924447746785
Q9Y2K2,SIK3,Amuvatinib,HL60,-1.1401814147904916
Q9Y2K2,SIK3,AZD3759,HL60,-1.409882968736843
Q9Y2K2,SIK3,GSK690693,HL60,-0.5362525143136466
Q9Y2K2,SIK3,JNJ,HL60,0.4408423833733998
Q9Y2K2,SIK3,KN62,HL60,0.14234727060235178
Q9Y2K2,SIK3,Linsitinib,HL60,-1.6412781075649372
Q9Y2K2,SIK3,LY2835219,HL60,-0.6041679127508213
Q9Y2K2,SIK3,Ribociclib,HL60,-0.843571756995078
Q9Y2K2,SIK3,AC220,HL60,2.686986379301536
Q9Y2K2,SIK3,Edelfosine,HL60,1.8282130032033956
Q9Y2K2,SIK3,GF109203X,HL60,3.19161981397498
Q9Y2K2,SIK3,Go6976,HL60,2.0262969947982126
Q9Y2K2,SIK3,PF4708671,HL60,2.5963901044601982
Q9Y2K2,SIK3,SP600125,HL60,2.5952070602784594
Q9Y2K2,SIK3,TAK715,HL60,2.816699022818847
Q9Y2K2,SIK3,TBCA,HL60,1.8684041153842532
Q9Y2K2,SIK3,AT13148,HL60,1.3520856842397868
Q9Y2K2,SIK3,AZ20,HL60,-0.3320701333296368
Q9Y2K2,SIK3,AZD6738,HL60,-0.037907350585290885
Q9Y2K2,SIK3,Bosutinib,HL60,0.3910224565869074
Q9Y2K2,SIK3,Dabrafenib,HL60,-0.052817672419657694
Q9Y2K2,SIK3,Dasatinib,HL60,0.4375884273464359
Q9Y2K2,SIK3,DNAPK,HL60,0.5761135923203429
Q9Y2K2,SIK3,H89,HL60,-0.22721549225845356
Q9Y2K2,SIK3,KD025,HL60,0.4149712066517001
Q9Y2K2,SIK3,NU7441,HL60,1.2759583650565705
Q9Y2K2,SIK3,Ripasudil,HL60,0.3952320042113444
Q9Y2K2,SIK3,Vemurafenib,HL60,0.2503407848967162
Q9Y2K2,SIK3,CX4945,HL60,-0.4157247465007157
Q9Y2K2,SIK3,GO6983,HL60,0.33928138978591765
Q9Y2K2,SIK3,KN93,HL60,-0.4429240855990573
Q9Y2K2,SIK3,MK2206,HL60,-0.6929694068349967
O60885,BRD4,AZD5438,HL60,-0.6463678283138243
O60885,BRD4,FRAX486,HL60,0.022326404147548707
O60885,BRD4,Ku0063794,HL60,-0.021421067467800405
O60885,BRD4,PD153035,HL60,1.1520297544677345
O60885,BRD4,PF3758309,HL60,-0.3198405999078072
O60885,BRD4,Torin,HL60,0.11264123542199297
O60885,BRD4,Trametinib,HL60,-1.3373434244481712
O60885,BRD4,AZD1480,HL60,0.06179673013464868
O60885,BRD4,AZD5363,HL60,0.768913409151204
O60885,BRD4,BX912,HL60,-0.22439545674818331
O60885,BRD4,CHIR99021,HL60,-2.1518090832490993
O60885,BRD4,GSK2334470,HL60,0.16294974282195626
O60885,BRD4,Ipatasertib,HL60,0.1479820349963689
O60885,BRD4,LY2090314,HL60,-3.7735357107030687
O60885,BRD4,Tofacitinib,HL60,-0.06598426504706796
O60885,BRD4,AZD6482,HL60,0.0541457658351689
O60885,BRD4,CAL101,HL60,0.02342712676301099
O60885,BRD4,GDC0941,HL60,0.20708275185072778
O60885,BRD4,HS173,HL60,0.2020630922379685
O60885,BRD4,PIK294,HL60,0.3389062537693598
O60885,BRD4,TGX221,HL60,-0.014115934187025043
O60885,BRD4,AZD8055,HL60,-0.6508934673189565
O60885,BRD4,GDC0994,HL60,-0.8610301444787788
O60885,BRD4,JNK,HL60,0.11770663644777951
O60885,BRD4,LY2584702,HL60,0.11192096550416744
O60885,BRD4,PH797804,HL60,-0.26782019441685606
O60885,BRD4,Selumetinib,HL60,-0.7449205911300896
O60885,BRD4,U73122,HL60,-0.035127920936720486
O60885,BRD4,Ulixertinib,HL60,-1.1623816609263529
O60885,BRD4,Amuvatinib,HL60,0.018235268204143763
O60885,BRD4,AZD3759,HL60,0.12540471388655258
O60885,BRD4,GSK690693,HL60,-0.08400103717688369
O60885,BRD4,JNJ,HL60,-0.011504299021231493
O60885,BRD4,KN62,HL60,-0.36788196310197513
O60885,BRD4,Linsitinib,HL60,-0.2264049606934455
O60885,BRD4,LY2835219,HL60,-0.9288463422352402
O60885,BRD4,Ribociclib,HL60,-0.774692950933689
O60885,BRD4,AC220,HL60,0.8089384026830287
O60885,BRD4,Edelfosine,HL60,0.793913590159362
O60885,BRD4,GF109203X,HL60,-0.04671980194452044
O60885,BRD4,Go6976,HL60,0.6598258802290463
O60885,BRD4,PF4708671,HL60,0.06147325822584311
O60885,BRD4,SP600125,HL60,0.8695910985385833
O60885,BRD4,TAK715,HL60,0.7609397521057457
O60885,BRD4,TBCA,HL60,1.088382747534459
O60885,BRD4,AT13148,HL60,0.9776282658669427
O60885,BRD4,AZ20,HL60,0.43330654547996256
O60885,BRD4,AZD6738,HL60,0.5644767169552534
O60885,BRD4,Bosutinib,HL60,1.0613642937946244
O60885,BRD4,Dabrafenib,HL60,1.2548838159854998
O60885,BRD4,Dasatinib,HL60,1.2963241145200586
O60885,BRD4,DNAPK,HL60,0.4826907705502332
O60885,BRD4,H89,HL60,1.3021919577371286
O60885,BRD4,KD025,HL60,0.2287353895821515
O60885,BRD4,NU7441,HL60,0.3758875323498225
O60885,BRD4,Ripasudil,HL60,1.2025397226575614
O60885,BRD4,Vemurafenib,HL60,1.2825454744274918
O60885,BRD4,CX4945,HL60,-1.1589931198688825
O60885,BRD4,GO6983,HL60,0.45474993770873484
O60885,BRD4,KN93,HL60,-0.38611544336985665
O60885,BRD4,MK2206,HL60,0.41531565508715956
Q9UQ88,CDK11A,AZD5438,HL60,
Q9UQ88,CDK11A,FRAX486,HL60,
Q9UQ88,CDK11A,Ku0063794,HL60,
Q9UQ88,CDK11A,PD153035,HL60,
Q9UQ88,CDK11A,PF3758309,HL60,
Q9UQ88,CDK11A,Torin,HL60,
Q9UQ88,CDK11A,Trametinib,HL60,
Q9UQ88,CDK11A,AZD1480,HL60,
Q9UQ88,CDK11A,AZD5363,HL60,
Q9UQ88,CDK11A,BX912,HL60,
Q9UQ88,CDK11A,CHIR99021,HL60,
Q9UQ88,CDK11A,GSK2334470,HL60,
Q9UQ88,CDK11A,Ipatasertib,HL60,
Q9UQ88,CDK11A,LY2090314,HL60,
Q9UQ88,CDK11A,Tofacitinib,HL60,
Q9UQ88,CDK11A,AZD6482,HL60,
Q9UQ88,CDK11A,CAL101,HL60,
Q9UQ88,CDK11A,GDC0941,HL60,
Q9UQ88,CDK11A,HS173,HL60,
Q9UQ88,CDK11A,PIK294,HL60,
Q9UQ88,CDK11A,TGX221,HL60,
Q9UQ88,CDK11A,AZD8055,HL60,
Q9UQ88,CDK11A,GDC0994,HL60,
Q9UQ88,CDK11A,JNK,HL60,
Q9UQ88,CDK11A,LY2584702,HL60,
Q9UQ88,CDK11A,PH797804,HL60,
Q9UQ88,CDK11A,Selumetinib,HL60,
Q9UQ88,CDK11A,U73122,HL60,
Q9UQ88,CDK11A,Ulixertinib,HL60,
Q9UQ88,CDK11A,Amuvatinib,HL60,
Q9UQ88,CDK11A,AZD3759,HL60,
Q9UQ88,CDK11A,GSK690693,HL60,
Q9UQ88,CDK11A,JNJ,HL60,
Q9UQ88,CDK11A,KN62,HL60,
Q9UQ88,CDK11A,Linsitinib,HL60,
Q9UQ88,CDK11A,LY2835219,HL60,
Q9UQ88,CDK11A,Ribociclib,HL60,
Q9UQ88,CDK11A,AC220,HL60,
Q9UQ88,CDK11A,Edelfosine,HL60,
Q9UQ88,CDK11A,GF109203X,HL60,
Q9UQ88,CDK11A,Go6976,HL60,
Q9UQ88,CDK11A,PF4708671,HL60,
Q9UQ88,CDK11A,SP600125,HL60,
Q9UQ88,CDK11A,TAK715,HL60,
Q9UQ88,CDK11A,TBCA,HL60,
Q9UQ88,CDK11A,AT13148,HL60,
Q9UQ88,CDK11A,AZ20,HL60,
Q9UQ88,CDK11A,AZD6738,HL60,
Q9UQ88,CDK11A,Bosutinib,HL60,
Q9UQ88,CDK11A,Dabrafenib,HL60,
Q9UQ88,CDK11A,Dasatinib,HL60,
Q9UQ88,CDK11A,DNAPK,HL60,
Q9UQ88,CDK11A,H89,HL60,
Q9UQ88,CDK11A,KD025,HL60,
Q9UQ88,CDK11A,NU7441,HL60,
Q9UQ88,CDK11A,Ripasudil,HL60,
Q9UQ88,CDK11A,Vemurafenib,HL60,
Q9UQ88,CDK11A,CX4945,HL60,
Q9UQ88,CDK11A,GO6983,HL60,
Q9UQ88,CDK11A,KN93,HL60,
Q9UQ88,CDK11A,MK2206,HL60,
Q96KB5,PBK,AZD5438,HL60,-0.24619700255911434
Q96KB5,PBK,FRAX486,HL60,-1.2993713006784104
Q96KB5,PBK,Ku0063794,HL60,0.5287446957345199
Q96KB5,PBK,PD153035,HL60,-0.6455197685762796
Q96KB5,PBK,PF3758309,HL60,1.8707491894593284
Q96KB5,PBK,Torin,HL60,-1.0756914073042811
Q96KB5,PBK,Trametinib,HL60,0.5057477801917505
Q96KB5,PBK,AZD1480,HL60,0.7022285736447937
Q96KB5,PBK,AZD5363,HL60,-0.4012911643187224
Q96KB5,PBK,BX912,HL60,0.03025350425504382
Q96KB5,PBK,CHIR99021,HL60,0.7772668466792351
Q96KB5,PBK,GSK2334470,HL60,-0.19790737629834862
Q96KB5,PBK,Ipatasertib,HL60,0.18178507926004758
Q96KB5,PBK,LY2090314,HL60,0.6791509628512753
Q96KB5,PBK,Tofacitinib,HL60,0.2438561715020717
Q96KB5,PBK,AZD6482,HL60,0.6424482410444825
Q96KB5,PBK,CAL101,HL60,0.2577049867754273
Q96KB5,PBK,GDC0941,HL60,0.15888177931141353
Q96KB5,PBK,HS173,HL60,0.9370538471988266
Q96KB5,PBK,PIK294,HL60,0.8675889990147944
Q96KB5,PBK,TGX221,HL60,0.6628146229351493
Q96KB5,PBK,AZD8055,HL60,-0.6352601313691933
Q96KB5,PBK,GDC0994,HL60,0.05321141080234358
Q96KB5,PBK,JNK,HL60,-0.7010275797167199
Q96KB5,PBK,LY2584702,HL60,0.33258070232837544
Q96KB5,PBK,PH797804,HL60,0.4832298872487444
Q96KB5,PBK,Selumetinib,HL60,0.2337794985870028
Q96KB5,PBK,U73122,HL60,1.7788303782428978
Q96KB5,PBK,Ulixertinib,HL60,-0.09503486847122652
Q96KB5,PBK,Amuvatinib,HL60,-0.09224749525866514
Q96KB5,PBK,AZD3759,HL60,-0.24200036527871574
Q96KB5,PBK,GSK690693,HL60,-0.45675573804498515
Q96KB5,PBK,JNJ,HL60,0.19164146695962517
Q96KB5,PBK,KN62,HL60,-0.21292466903521345
Q96KB5,PBK,Linsitinib,HL60,-0.504378759205296
Q96KB5,PBK,LY2835219,HL60,-0.5226251549204082
Q96KB5,PBK,Ribociclib,HL60,-0.4561532268094491
Q96KB5,PBK,AC220,HL60,0.11174317457350698
Q96KB5,PBK,Edelfosine,HL60,3.251936268034759
Q96KB5,PBK,GF109203X,HL60,1.4548041515835577
Q96KB5,PBK,Go6976,HL60,0.3387841771311306
Q96KB5,PBK,PF4708671,HL60,0.6845427251611464
Q96KB5,PBK,SP600125,HL60,-0.08721063348830134
Q96KB5,PBK,TAK715,HL60,2.1667667132455226
Q96KB5,PBK,TBCA,HL60,0.5375004941499346
Q96KB5,PBK,AT13148,HL60,-0.909815752405857
Q96KB5,PBK,AZ20,HL60,0.11915571009527506
Q96KB5,PBK,AZD6738,HL60,1.1437444896319082
Q96KB5,PBK,Bosutinib,HL60,2.7203127268604623
Q96KB5,PBK,Dabrafenib,HL60,0.7068928344282301
Q96KB5,PBK,Dasatinib,HL60,1.3719694831931788
Q96KB5,PBK,DNAPK,HL60,0.22423629757639682
Q96KB5,PBK,H89,HL60,0.9048636461680806
Q96KB5,PBK,KD025,HL60,0.452797051075934
Q96KB5,PBK,NU7441,HL60,0.9642862473984034
Q96KB5,PBK,Ripasudil,HL60,-1.167965257359428
Q96KB5,PBK,Vemurafenib,HL60,2.0530919538406387
Q96KB5,PBK,CX4945,HL60,-0.6366295710016745
Q96KB5,PBK,GO6983,HL60,0.6577653361261813
Q96KB5,PBK,KN93,HL60,-0.11066573601656504
Q96KB5,PBK,MK2206,HL60,-0.3319616640667209
Q8WZ42,TTN,AZD5438,HL60,
Q8WZ42,TTN,FRAX486,HL60,
Q8WZ42,TTN,Ku0063794,HL60,
Q8WZ42,TTN,PD153035,HL60,
Q8WZ42,TTN,PF3758309,HL60,
Q8WZ42,TTN,Torin,HL60,
Q8WZ42,TTN,Trametinib,HL60,
Q8WZ42,TTN,AZD1480,HL60,
Q8WZ42,TTN,AZD5363,HL60,
Q8WZ42,TTN,BX912,HL60,
Q8WZ42,TTN,CHIR99021,HL60,
Q8WZ42,TTN,GSK2334470,HL60,
Q8WZ42,TTN,Ipatasertib,HL60,
Q8WZ42,TTN,LY2090314,HL60,
Q8WZ42,TTN,Tofacitinib,HL60,
Q8WZ42,TTN,AZD6482,HL60,
Q8WZ42,TTN,CAL101,HL60,
Q8WZ42,TTN,GDC0941,HL60,
Q8WZ42,TTN,HS173,HL60,
Q8WZ42,TTN,PIK294,HL60,
Q8WZ42,TTN,TGX221,HL60,
Q8WZ42,TTN,AZD8055,HL60,
Q8WZ42,TTN,GDC0994,HL60,
Q8WZ42,TTN,JNK,HL60,
Q8WZ42,TTN,LY2584702,HL60,
Q8WZ42,TTN,PH797804,HL60,
Q8WZ42,TTN,Selumetinib,HL60,
Q8WZ42,TTN,U73122,HL60,
Q8WZ42,TTN,Ulixertinib,HL60,
Q8WZ42,TTN,Amuvatinib,HL60,
Q8WZ42,TTN,AZD3759,HL60,
Q8WZ42,TTN,GSK690693,HL60,
Q8WZ42,TTN,JNJ,HL60,
Q8WZ42,TTN,KN62,HL60,
Q8WZ42,TTN,Linsitinib,HL60,
Q8WZ42,TTN,LY2835219,HL60,
Q8WZ42,TTN,Ribociclib,HL60,
Q8WZ42,TTN,AC220,HL60,
Q8WZ42,TTN,Edelfosine,HL60,
Q8WZ42,TTN,GF109203X,HL60,
Q8WZ42,TTN,Go6976,HL60,
Q8WZ42,TTN,PF4708671,HL60,
Q8WZ42,TTN,SP600125,HL60,
Q8WZ42,TTN,TAK715,HL60,
Q8WZ42,TTN,TBCA,HL60,
Q8WZ42,TTN,AT13148,HL60,
Q8WZ42,TTN,AZ20,HL60,
Q8WZ42,TTN,AZD6738,HL60,
Q8WZ42,TTN,Bosutinib,HL60,
Q8WZ42,TTN,Dabrafenib,HL60,
Q8WZ42,TTN,Dasatinib,HL60,
Q8WZ42,TTN,DNAPK,HL60,
Q8WZ42,TTN,H89,HL60,
Q8WZ42,TTN,KD025,HL60,
Q8WZ42,TTN,NU7441,HL60,
Q8WZ42,TTN,Ripasudil,HL60,
Q8WZ42,TTN,Vemurafenib,HL60,
Q8WZ42,TTN,CX4945,HL60,
Q8WZ42,TTN,GO6983,HL60,
Q8WZ42,TTN,KN93,HL60,
Q8WZ42,TTN,MK2206,HL60,
Q9HAZ1,CLK4,AZD5438,HL60,2.3785089807216915
Q9HAZ1,CLK4,FRAX486,HL60,-1.039075466426765
Q9HAZ1,CLK4,Ku0063794,HL60,1.6632129119634216
Q9HAZ1,CLK4,PD153035,HL60,0.3286666570787776
Q9HAZ1,CLK4,PF3758309,HL60,0.10534915702310788
Q9HAZ1,CLK4,Torin,HL60,0.7208199472501603
Q9HAZ1,CLK4,Trametinib,HL60,-1.2518782894909795
Q9HAZ1,CLK4,AZD1480,HL60,1.6558579512342049
Q9HAZ1,CLK4,AZD5363,HL60,3.111672090574366
Q9HAZ1,CLK4,BX912,HL60,3.122362520793955
Q9HAZ1,CLK4,CHIR99021,HL60,2.2075345309265666
Q9HAZ1,CLK4,GSK2334470,HL60,3.2255183176762214
Q9HAZ1,CLK4,Ipatasertib,HL60,2.489455342913607
Q9HAZ1,CLK4,LY2090314,HL60,1.1993789730446351
Q9HAZ1,CLK4,Tofacitinib,HL60,2.1555797247010373
Q9HAZ1,CLK4,AZD6482,HL60,-0.23352142239737683
Q9HAZ1,CLK4,CAL101,HL60,-1.5856361162558468
Q9HAZ1,CLK4,GDC0941,HL60,-0.42244321719272054
Q9HAZ1,CLK4,HS173,HL60,-0.08356819950382617
Q9HAZ1,CLK4,PIK294,HL60,-1.9414650467384913
Q9HAZ1,CLK4,TGX221,HL60,0.0032551684735608027
Q9HAZ1,CLK4,AZD8055,HL60,-0.2142210610556227
Q9HAZ1,CLK4,GDC0994,HL60,0.07911851524609713
Q9HAZ1,CLK4,JNK,HL60,-0.09264474931172172
Q9HAZ1,CLK4,LY2584702,HL60,-0.17058836548768708
Q9HAZ1,CLK4,PH797804,HL60,-0.5391071593406327
Q9HAZ1,CLK4,Selumetinib,HL60,-0.2607828148555468
Q9HAZ1,CLK4,U73122,HL60,-0.1043218231145409
Q9HAZ1,CLK4,Ulixertinib,HL60,0.23931964537670136
Q9HAZ1,CLK4,Amuvatinib,HL60,0.46762272129499166
Q9HAZ1,CLK4,AZD3759,HL60,0.10550187894489572
Q9HAZ1,CLK4,GSK690693,HL60,0.09759200219806816
Q9HAZ1,CLK4,JNJ,HL60,0.34240400334885523
Q9HAZ1,CLK4,KN62,HL60,0.406795850741438
Q9HAZ1,CLK4,Linsitinib,HL60,0.09788709707140819
Q9HAZ1,CLK4,LY2835219,HL60,0.10201040099541583
Q9HAZ1,CLK4,Ribociclib,HL60,0.2966559496452016
Q9HAZ1,CLK4,AC220,HL60,0.35825233539372386
Q9HAZ1,CLK4,Edelfosine,HL60,-0.013217317520442917
Q9HAZ1,CLK4,GF109203X,HL60,0.0849110730844804
Q9HAZ1,CLK4,Go6976,HL60,0.5915215807111938
Q9HAZ1,CLK4,PF4708671,HL60,-0.07842010276452288
Q9HAZ1,CLK4,SP600125,HL60,0.1937939703166278
Q9HAZ1,CLK4,TAK715,HL60,-0.012218048910742279
Q9HAZ1,CLK4,TBCA,HL60,0.36274593179826103
Q9HAZ1,CLK4,AT13148,HL60,1.7625713133902963
Q9HAZ1,CLK4,AZ20,HL60,0.5301019219055254
Q9HAZ1,CLK4,AZD6738,HL60,0.13496021476669162
Q9HAZ1,CLK4,Bosutinib,HL60,-0.11897799480123833
Q9HAZ1,CLK4,Dabrafenib,HL60,-0.0721545365297401
Q9HAZ1,CLK4,Dasatinib,HL60,1.284254266453652
Q9HAZ1,CLK4,DNAPK,HL60,0.5827990493834444
Q9HAZ1,CLK4,H89,HL60,0.4903019415576325
Q9HAZ1,CLK4,KD025,HL60,0.5402347094998221
Q9HAZ1,CLK4,NU7441,HL60,1.32040006792453
Q9HAZ1,CLK4,Ripasudil,HL60,0.18243383637109645
Q9HAZ1,CLK4,Vemurafenib,HL60,0.5095970138552197
Q9HAZ1,CLK4,CX4945,HL60,0.6523872197100121
Q9HAZ1,CLK4,GO6983,HL60,0.3676566885311072
Q9HAZ1,CLK4,KN93,HL60,0.8508361635834718
Q9HAZ1,CLK4,MK2206,HL60,0.4515026010149376
Q8IWQ3,BRSK2,AZD5438,HL60,0.32570629492942327
Q8IWQ3,BRSK2,FRAX486,HL60,-0.6392419340880624
Q8IWQ3,BRSK2,Ku0063794,HL60,0.013939141578525532
Q8IWQ3,BRSK2,PD153035,HL60,-0.1687614581011689
Q8IWQ3,BRSK2,PF3758309,HL60,-0.11792660440379436
Q8IWQ3,BRSK2,Torin,HL60,0.009270315251449172
Q8IWQ3,BRSK2,Trametinib,HL60,0.08863145663259855
Q8IWQ3,BRSK2,AZD1480,HL60,0.006619822256090784
Q8IWQ3,BRSK2,AZD5363,HL60,-0.10248405789814616
Q8IWQ3,BRSK2,BX912,HL60,-0.006600551693918709
Q8IWQ3,BRSK2,CHIR99021,HL60,0.027494686341704818
Q8IWQ3,BRSK2,GSK2334470,HL60,-0.14368617511933032
Q8IWQ3,BRSK2,Ipatasertib,HL60,-0.07434052312868841
Q8IWQ3,BRSK2,LY2090314,HL60,0.17305372316513828
Q8IWQ3,BRSK2,Tofacitinib,HL60,-0.05343180912869973
Q8IWQ3,BRSK2,AZD6482,HL60,0.11891722175070427
Q8IWQ3,BRSK2,CAL101,HL60,0.02290944779392105
Q8IWQ3,BRSK2,GDC0941,HL60,0.9943650420057019
Q8IWQ3,BRSK2,HS173,HL60,0.45671261012886016
Q8IWQ3,BRSK2,PIK294,HL60,0.16102892555481554
Q8IWQ3,BRSK2,TGX221,HL60,0.4260933105760844
Q8IWQ3,BRSK2,AZD8055,HL60,-0.9145447010844878
Q8IWQ3,BRSK2,GDC0994,HL60,0.4461049522397266
Q8IWQ3,BRSK2,JNK,HL60,-0.17003245499299394
Q8IWQ3,BRSK2,LY2584702,HL60,-1.2347256435030114
Q8IWQ3,BRSK2,PH797804,HL60,0.08768113243215522
Q8IWQ3,BRSK2,Selumetinib,HL60,-0.2197862478667096
Q8IWQ3,BRSK2,U73122,HL60,-0.29476618080849376
Q8IWQ3,BRSK2,Ulixertinib,HL60,0.26860783686751993
Q8IWQ3,BRSK2,Amuvatinib,HL60,-0.04462493908933236
Q8IWQ3,BRSK2,AZD3759,HL60,-0.12001547773477252
Q8IWQ3,BRSK2,GSK690693,HL60,-0.7540261190139895
Q8IWQ3,BRSK2,JNJ,HL60,-0.573391376990014
Q8IWQ3,BRSK2,KN62,HL60,-0.2704720355803209
Q8IWQ3,BRSK2,Linsitinib,HL60,0.09271679005623537
Q8IWQ3,BRSK2,LY2835219,HL60,-0.6950397410779013
Q8IWQ3,BRSK2,Ribociclib,HL60,-0.043887514527001584
Q8IWQ3,BRSK2,AC220,HL60,-0.040476675037892894
Q8IWQ3,BRSK2,Edelfosine,HL60,0.2940212017725663
Q8IWQ3,BRSK2,GF109203X,HL60,0.35433254866898206
Q8IWQ3,BRSK2,Go6976,HL60,0.25732910163251055
Q8IWQ3,BRSK2,PF4708671,HL60,-1.6694489320401344
Q8IWQ3,BRSK2,SP600125,HL60,0.4061248915087369
Q8IWQ3,BRSK2,TAK715,HL60,0.09908897837090432
Q8IWQ3,BRSK2,TBCA,HL60,0.22255456033554502
Q8IWQ3,BRSK2,AT13148,HL60,0.8602079765749974
Q8IWQ3,BRSK2,AZ20,HL60,0.622377245508534
Q8IWQ3,BRSK2,AZD6738,HL60,1.255097812063313
Q8IWQ3,BRSK2,Bosutinib,HL60,1.6108167115883962
Q8IWQ3,BRSK2,Dabrafenib,HL60,0.6453764149179616
Q8IWQ3,BRSK2,Dasatinib,HL60,1.0628625204506252
Q8IWQ3,BRSK2,DNAPK,HL60,1.131026089453528
Q8IWQ3,BRSK2,H89,HL60,2.3178052852153503
Q8IWQ3,BRSK2,KD025,HL60,1.0688334922988754
Q8IWQ3,BRSK2,NU7441,HL60,1.5745016229083226
Q8IWQ3,BRSK2,Ripasudil,HL60,0.9250055968226938
Q8IWQ3,BRSK2,Vemurafenib,HL60,1.737511260998089
Q8IWQ3,BRSK2,CX4945,HL60,-0.2373875351650594
Q8IWQ3,BRSK2,GO6983,HL60,-0.41452859387716096
Q8IWQ3,BRSK2,KN93,HL60,-0.1464122237405903
Q8IWQ3,BRSK2,MK2206,HL60,-1.0535573649091814
Q9UKE5,TNIK,AZD5438,HL60,1.43803915487979
Q9UKE5,TNIK,FRAX486,HL60,0.20666117529133166
Q9UKE5,TNIK,Ku0063794,HL60,1.6981006055896508
Q9UKE5,TNIK,PD153035,HL60,2.052547417911057
Q9UKE5,TNIK,PF3758309,HL60,1.9023236671462942
Q9UKE5,TNIK,Torin,HL60,1.369466100879024
Q9UKE5,TNIK,Trametinib,HL60,-0.5400009538692884
Q9UKE5,TNIK,AZD1480,HL60,-1.1135878638173649
Q9UKE5,TNIK,AZD5363,HL60,-1.0119238631690584
Q9UKE5,TNIK,BX912,HL60,-1.0225354042088104
Q9UKE5,TNIK,CHIR99021,HL60,0.3678533777356256
Q9UKE5,TNIK,GSK2334470,HL60,-0.39121778229039594
Q9UKE5,TNIK,Ipatasertib,HL60,0.7291234798606571
Q9UKE5,TNIK,LY2090314,HL60,0.0024401911428014508
Q9UKE5,TNIK,Tofacitinib,HL60,-0.8384357604678842
Q9UKE5,TNIK,AZD6482,HL60,-0.053581214095593056
Q9UKE5,TNIK,CAL101,HL60,-0.3058384430216648
Q9UKE5,TNIK,GDC0941,HL60,0.16484982384136665
Q9UKE5,TNIK,HS173,HL60,-1.0033914304288847
Q9UKE5,TNIK,PIK294,HL60,-1.226827182794012
Q9UKE5,TNIK,TGX221,HL60,-0.8824583945342719
Q9UKE5,TNIK,AZD8055,HL60,0.2503020738652144
Q9UKE5,TNIK,GDC0994,HL60,0.1856379451042065
Q9UKE5,TNIK,JNK,HL60,0.09551162082904578
Q9UKE5,TNIK,LY2584702,HL60,-0.4625488343327565
Q9UKE5,TNIK,PH797804,HL60,0.6535962512391132
Q9UKE5,TNIK,Selumetinib,HL60,0.09484022504250558
Q9UKE5,TNIK,U73122,HL60,0.16931417527541526
Q9UKE5,TNIK,Ulixertinib,HL60,-0.34308670873380115
Q9UKE5,TNIK,Amuvatinib,HL60,-0.805208803918421
Q9UKE5,TNIK,AZD3759,HL60,-0.9010043238108678
Q9UKE5,TNIK,GSK690693,HL60,-0.48290451681515845
Q9UKE5,TNIK,JNJ,HL60,-1.023414801895942
Q9UKE5,TNIK,KN62,HL60,-0.7534318922014324
Q9UKE5,TNIK,Linsitinib,HL60,-0.8894556620426296
Q9UKE5,TNIK,LY2835219,HL60,-1.1933737265853688
Q9UKE5,TNIK,Ribociclib,HL60,1.2161579940739164
Q9UKE5,TNIK,AC220,HL60,-1.386012634586259
Q9UKE5,TNIK,Edelfosine,HL60,-0.36005857365286803
Q9UKE5,TNIK,GF109203X,HL60,-1.25725353358937
Q9UKE5,TNIK,Go6976,HL60,-1.340975985289816
Q9UKE5,TNIK,PF4708671,HL60,-1.8935076070994996
Q9UKE5,TNIK,SP600125,HL60,1.0268996821527723
Q9UKE5,TNIK,TAK715,HL60,-1.8296089339479114
Q9UKE5,TNIK,TBCA,HL60,-0.12163542404227046
Q9UKE5,TNIK,AT13148,HL60,0.19729363592054094
Q9UKE5,TNIK,AZ20,HL60,-0.3368604142743171
Q9UKE5,TNIK,AZD6738,HL60,-0.7089208462560419
Q9UKE5,TNIK,Bosutinib,HL60,0.02974882490234845
Q9UKE5,TNIK,Dabrafenib,HL60,-0.3557399139107342
Q9UKE5,TNIK,Dasatinib,HL60,0.6231051538104593
Q9UKE5,TNIK,DNAPK,HL60,0.026483266360813416
Q9UKE5,TNIK,H89,HL60,0.8505219349482537
Q9UKE5,TNIK,KD025,HL60,-1.5720258014675277
Q9UKE5,TNIK,NU7441,HL60,-1.0606748614932466
Q9UKE5,TNIK,Ripasudil,HL60,0.24481823055069507
Q9UKE5,TNIK,Vemurafenib,HL60,-0.33122717035541177
Q9UKE5,TNIK,CX4945,HL60,-0.4242432743591211
Q9UKE5,TNIK,GO6983,HL60,0.20478576528427697
Q9UKE5,TNIK,KN93,HL60,0.16206387949077236
Q9UKE5,TNIK,MK2206,HL60,-0.35526393890453223
Q5TCX8,MAP3K21,AZD5438,HL60,0.309848091600851
Q5TCX8,MAP3K21,FRAX486,HL60,0.638149737419883
Q5TCX8,MAP3K21,Ku0063794,HL60,1.276638358018129
Q5TCX8,MAP3K21,PD153035,HL60,-0.2767540533676228
Q5TCX8,MAP3K21,PF3758309,HL60,3.7639011656561805
Q5TCX8,MAP3K21,Torin,HL60,-0.050711150040785205
Q5TCX8,MAP3K21,Trametinib,HL60,0.4461066765059112
Q5TCX8,MAP3K21,AZD1480,HL60,0.5395883994291764
Q5TCX8,MAP3K21,AZD5363,HL60,-1.1676828361511973
Q5TCX8,MAP3K21,BX912,HL60,0.17784690371110864
Q5TCX8,MAP3K21,CHIR99021,HL60,0.4728681267721357
Q5TCX8,MAP3K21,GSK2334470,HL60,-0.9435167286269808
Q5TCX8,MAP3K21,Ipatasertib,HL60,-0.9627592266366909
Q5TCX8,MAP3K21,LY2090314,HL60,0.3662870862162712
Q5TCX8,MAP3K21,Tofacitinib,HL60,-0.03545931829645167
Q5TCX8,MAP3K21,AZD6482,HL60,0.16042543809498033
Q5TCX8,MAP3K21,CAL101,HL60,-0.0070559608644589185
Q5TCX8,MAP3K21,GDC0941,HL60,-0.5429271019009164
Q5TCX8,MAP3K21,HS173,HL60,0.32709215974673084
Q5TCX8,MAP3K21,PIK294,HL60,0.1023263495949277
Q5TCX8,MAP3K21,TGX221,HL60,0.08162283404874736
Q5TCX8,MAP3K21,AZD8055,HL60,-0.07581469293784607
Q5TCX8,MAP3K21,GDC0994,HL60,0.7458047161762659
Q5TCX8,MAP3K21,JNK,HL60,-0.2152565680734995
Q5TCX8,MAP3K21,LY2584702,HL60,0.3477453915321707
Q5TCX8,MAP3K21,PH797804,HL60,1.139387174745433
Q5TCX8,MAP3K21,Selumetinib,HL60,-0.04881713186759078
Q5TCX8,MAP3K21,U73122,HL60,2.549377733435534
Q5TCX8,MAP3K21,Ulixertinib,HL60,-0.11238678726142602
Q5TCX8,MAP3K21,Amuvatinib,HL60,0.11784665680085048
Q5TCX8,MAP3K21,AZD3759,HL60,0.33554988642113676
Q5TCX8,MAP3K21,GSK690693,HL60,-0.9205461695343085
Q5TCX8,MAP3K21,JNJ,HL60,0.07491864215902933
Q5TCX8,MAP3K21,KN62,HL60,-0.4129607747253578
Q5TCX8,MAP3K21,Linsitinib,HL60,-1.1171058030720558
Q5TCX8,MAP3K21,LY2835219,HL60,-0.1999700898620179
Q5TCX8,MAP3K21,Ribociclib,HL60,-0.7682483530347815
Q5TCX8,MAP3K21,AC220,HL60,-1.0932159283328435
Q5TCX8,MAP3K21,Edelfosine,HL60,3.9167296264865996
Q5TCX8,MAP3K21,GF109203X,HL60,1.6739764482936432
Q5TCX8,MAP3K21,Go6976,HL60,0.10297388294527612
Q5TCX8,MAP3K21,PF4708671,HL60,0.1264878980892722
Q5TCX8,MAP3K21,SP600125,HL60,-0.38612817679214034
Q5TCX8,MAP3K21,TAK715,HL60,2.0438370931227077
Q5TCX8,MAP3K21,TBCA,HL60,0.2980086421203764
Q5TCX8,MAP3K21,AT13148,HL60,-2.0935150311550035
Q5TCX8,MAP3K21,AZ20,HL60,0.04832434992271541
Q5TCX8,MAP3K21,AZD6738,HL60,0.5113477893150215
Q5TCX8,MAP3K21,Bosutinib,HL60,3.347368559333129
Q5TCX8,MAP3K21,Dabrafenib,HL60,0.5267010733994568
Q5TCX8,MAP3K21,Dasatinib,HL60,1.1524088769580279
Q5TCX8,MAP3K21,DNAPK,HL60,0.7779886519586179
Q5TCX8,MAP3K21,H89,HL60,-0.417038246097689
Q5TCX8,MAP3K21,KD025,HL60,0.3899794670785834
Q5TCX8,MAP3K21,NU7441,HL60,1.0364131208451208
Q5TCX8,MAP3K21,Ripasudil,HL60,-1.6123741067657884
Q5TCX8,MAP3K21,Vemurafenib,HL60,2.1124284344682316
Q5TCX8,MAP3K21,CX4945,HL60,-0.7858600020102574
Q5TCX8,MAP3K21,GO6983,HL60,0.994071716363357
Q5TCX8,MAP3K21,KN93,HL60,-0.2993390006238085
Q5TCX8,MAP3K21,MK2206,HL60,-1.200733075422177
Q9Y6R4,MAP3K4,AZD5438,HL60,
Q9Y6R4,MAP3K4,FRAX486,HL60,
Q9Y6R4,MAP3K4,Ku0063794,HL60,
Q9Y6R4,MAP3K4,PD153035,HL60,
Q9Y6R4,MAP3K4,PF3758309,HL60,
Q9Y6R4,MAP3K4,Torin,HL60,
Q9Y6R4,MAP3K4,Trametinib,HL60,
Q9Y6R4,MAP3K4,AZD1480,HL60,
Q9Y6R4,MAP3K4,AZD5363,HL60,
Q9Y6R4,MAP3K4,BX912,HL60,
Q9Y6R4,MAP3K4,CHIR99021,HL60,
Q9Y6R4,MAP3K4,GSK2334470,HL60,
Q9Y6R4,MAP3K4,Ipatasertib,HL60,
Q9Y6R4,MAP3K4,LY2090314,HL60,
Q9Y6R4,MAP3K4,Tofacitinib,HL60,
Q9Y6R4,MAP3K4,AZD6482,HL60,
Q9Y6R4,MAP3K4,CAL101,HL60,
Q9Y6R4,MAP3K4,GDC0941,HL60,
Q9Y6R4,MAP3K4,HS173,HL60,
Q9Y6R4,MAP3K4,PIK294,HL60,
Q9Y6R4,MAP3K4,TGX221,HL60,
Q9Y6R4,MAP3K4,AZD8055,HL60,
Q9Y6R4,MAP3K4,GDC0994,HL60,
Q9Y6R4,MAP3K4,JNK,HL60,
Q9Y6R4,MAP3K4,LY2584702,HL60,
Q9Y6R4,MAP3K4,PH797804,HL60,
Q9Y6R4,MAP3K4,Selumetinib,HL60,
Q9Y6R4,MAP3K4,U73122,HL60,
Q9Y6R4,MAP3K4,Ulixertinib,HL60,
Q9Y6R4,MAP3K4,Amuvatinib,HL60,
Q9Y6R4,MAP3K4,AZD3759,HL60,
Q9Y6R4,MAP3K4,GSK690693,HL60,
Q9Y6R4,MAP3K4,JNJ,HL60,
Q9Y6R4,MAP3K4,KN62,HL60,
Q9Y6R4,MAP3K4,Linsitinib,HL60,
Q9Y6R4,MAP3K4,LY2835219,HL60,
Q9Y6R4,MAP3K4,Ribociclib,HL60,
Q9Y6R4,MAP3K4,AC220,HL60,
Q9Y6R4,MAP3K4,Edelfosine,HL60,
Q9Y6R4,MAP3K4,GF109203X,HL60,
Q9Y6R4,MAP3K4,Go6976,HL60,
Q9Y6R4,MAP3K4,PF4708671,HL60,
Q9Y6R4,MAP3K4,SP600125,HL60,
Q9Y6R4,MAP3K4,TAK715,HL60,
Q9Y6R4,MAP3K4,TBCA,HL60,
Q9Y6R4,MAP3K4,AT13148,HL60,
Q9Y6R4,MAP3K4,AZ20,HL60,
Q9Y6R4,MAP3K4,AZD6738,HL60,
Q9Y6R4,MAP3K4,Bosutinib,HL60,
Q9Y6R4,MAP3K4,Dabrafenib,HL60,
Q9Y6R4,MAP3K4,Dasatinib,HL60,
Q9Y6R4,MAP3K4,DNAPK,HL60,
Q9Y6R4,MAP3K4,H89,HL60,
Q9Y6R4,MAP3K4,KD025,HL60,
Q9Y6R4,MAP3K4,NU7441,HL60,
Q9Y6R4,MAP3K4,Ripasudil,HL60,
Q9Y6R4,MAP3K4,Vemurafenib,HL60,
Q9Y6R4,MAP3K4,CX4945,HL60,
Q9Y6R4,MAP3K4,GO6983,HL60,
Q9Y6R4,MAP3K4,KN93,HL60,
Q9Y6R4,MAP3K4,MK2206,HL60,
Q96Q15,SMG1,AZD5438,HL60,-1.2586339508197535
Q96Q15,SMG1,FRAX486,HL60,-0.06284525780720876
Q96Q15,SMG1,Ku0063794,HL60,-0.19456402697475983
Q96Q15,SMG1,PD153035,HL60,0.09590535541242953
Q96Q15,SMG1,PF3758309,HL60,-0.2374171993144466
Q96Q15,SMG1,Torin,HL60,-0.43867138424801816
Q96Q15,SMG1,Trametinib,HL60,-0.2829506804753178
Q96Q15,SMG1,AZD1480,HL60,-0.04696334779987859
Q96Q15,SMG1,AZD5363,HL60,0.02838577349158246
Q96Q15,SMG1,BX912,HL60,0.058554180512469425
Q96Q15,SMG1,CHIR99021,HL60,-2.216559550317644
Q96Q15,SMG1,GSK2334470,HL60,-0.06950053762360071
Q96Q15,SMG1,Ipatasertib,HL60,-0.058053756715281055
Q96Q15,SMG1,LY2090314,HL60,-2.432772987955557
Q96Q15,SMG1,Tofacitinib,HL60,0.2189718389007231
Q96Q15,SMG1,AZD6482,HL60,0.6867090681222955
Q96Q15,SMG1,CAL101,HL60,0.12065746155721276
Q96Q15,SMG1,GDC0941,HL60,0.040546370081613395
Q96Q15,SMG1,HS173,HL60,-0.5038328958202049
Q96Q15,SMG1,PIK294,HL60,0.03749427304268058
Q96Q15,SMG1,TGX221,HL60,0.2275001076843785
Q96Q15,SMG1,AZD8055,HL60,0.3266609623808782
Q96Q15,SMG1,GDC0994,HL60,-0.07698860858049898
Q96Q15,SMG1,JNK,HL60,0.3796928989745524
Q96Q15,SMG1,LY2584702,HL60,0.278970965984608
Q96Q15,SMG1,PH797804,HL60,0.18278925519302736
Q96Q15,SMG1,Selumetinib,HL60,0.06116189907205538
Q96Q15,SMG1,U73122,HL60,0.2580140728583911
Q96Q15,SMG1,Ulixertinib,HL60,-0.14953191355710482
Q96Q15,SMG1,Amuvatinib,HL60,-0.6497509350694083
Q96Q15,SMG1,AZD3759,HL60,-0.3444634517995917
Q96Q15,SMG1,GSK690693,HL60,-0.4176469652888627
Q96Q15,SMG1,JNJ,HL60,-0.18101585041895007
Q96Q15,SMG1,KN62,HL60,-1.1220655399731252
Q96Q15,SMG1,Linsitinib,HL60,-1.3161014531645743
Q96Q15,SMG1,LY2835219,HL60,-0.8412893369802306
Q96Q15,SMG1,Ribociclib,HL60,-0.07901393378187072
Q96Q15,SMG1,AC220,HL60,-0.1397311382680172
Q96Q15,SMG1,Edelfosine,HL60,-0.24503396177342243
Q96Q15,SMG1,GF109203X,HL60,-1.8933333706890674
Q96Q15,SMG1,Go6976,HL60,-0.3777765641047382
Q96Q15,SMG1,PF4708671,HL60,0.1200394099594781
Q96Q15,SMG1,SP600125,HL60,0.1454350884455964
Q96Q15,SMG1,TAK715,HL60,-0.022696760094213585
Q96Q15,SMG1,TBCA,HL60,-0.043752474389873
Q96Q15,SMG1,AT13148,HL60,-0.36578108023242095
Q96Q15,SMG1,AZ20,HL60,-0.2879926763365637
Q96Q15,SMG1,AZD6738,HL60,0.022867834429387928
Q96Q15,SMG1,Bosutinib,HL60,-0.3792121933233568
Q96Q15,SMG1,Dabrafenib,HL60,-0.03506511549659742
Q96Q15,SMG1,Dasatinib,HL60,0.38575191743910636
Q96Q15,SMG1,DNAPK,HL60,-0.12153310224184416
Q96Q15,SMG1,H89,HL60,0.12513657561129693
Q96Q15,SMG1,KD025,HL60,-0.4102684730363048
Q96Q15,SMG1,NU7441,HL60,-0.12351385409310008
Q96Q15,SMG1,Ripasudil,HL60,-0.07918961298987037
Q96Q15,SMG1,Vemurafenib,HL60,0.2819032494344513
Q96Q15,SMG1,CX4945,HL60,0.14435740532995553
Q96Q15,SMG1,GO6983,HL60,-0.4299045062484698
Q96Q15,SMG1,KN93,HL60,-0.10399233855351758
Q96Q15,SMG1,MK2206,HL60,-0.29708344292453115
Q96SB4,SRPK1,AZD5438,HL60,-0.2762392871221008
Q96SB4,SRPK1,FRAX486,HL60,1.2064987481666487
Q96SB4,SRPK1,Ku0063794,HL60,1.2915708470772118
Q96SB4,SRPK1,PD153035,HL60,0.2619749290589073
Q96SB4,SRPK1,PF3758309,HL60,0.22458787135878794
Q96SB4,SRPK1,Torin,HL60,-1.1047395531378632
Q96SB4,SRPK1,Trametinib,HL60,-2.1019903346329145
Q96SB4,SRPK1,AZD1480,HL60,-0.5451293763140487
Q96SB4,SRPK1,AZD5363,HL60,-0.6656655168557508
Q96SB4,SRPK1,BX912,HL60,-0.6130227160111031
Q96SB4,SRPK1,CHIR99021,HL60,-0.7128815885536769
Q96SB4,SRPK1,GSK2334470,HL60,-0.4924251260309174
Q96SB4,SRPK1,Ipatasertib,HL60,-1.1836424248519342
Q96SB4,SRPK1,LY2090314,HL60,-0.4267712944514929
Q96SB4,SRPK1,Tofacitinib,HL60,-1.036874078458719
Q96SB4,SRPK1,AZD6482,HL60,-0.3864473735887464
Q96SB4,SRPK1,CAL101,HL60,2.406913999734102
Q96SB4,SRPK1,GDC0941,HL60,-1.2308233203188992
Q96SB4,SRPK1,HS173,HL60,-0.4364217035677657
Q96SB4,SRPK1,PIK294,HL60,2.1639351745210473
Q96SB4,SRPK1,TGX221,HL60,0.6914784334410718
Q96SB4,SRPK1,AZD8055,HL60,-0.9528126650781474
Q96SB4,SRPK1,GDC0994,HL60,-0.7743540532084292
Q96SB4,SRPK1,JNK,HL60,-1.417119498197533
Q96SB4,SRPK1,LY2584702,HL60,-0.29184182281620885
Q96SB4,SRPK1,PH797804,HL60,-0.2705009258386783
Q96SB4,SRPK1,Selumetinib,HL60,-0.4715562990145499
Q96SB4,SRPK1,U73122,HL60,-0.4376308755760528
Q96SB4,SRPK1,Ulixertinib,HL60,-1.807131834554091
Q96SB4,SRPK1,Amuvatinib,HL60,0.40010451914855205
Q96SB4,SRPK1,AZD3759,HL60,-1.3238336176145453
Q96SB4,SRPK1,GSK690693,HL60,1.255264411181556
Q96SB4,SRPK1,JNJ,HL60,0.12787183757414933
Q96SB4,SRPK1,KN62,HL60,0.3226044070283724
Q96SB4,SRPK1,Linsitinib,HL60,-0.2865141725256643
Q96SB4,SRPK1,LY2835219,HL60,-0.4023438657474616
Q96SB4,SRPK1,Ribociclib,HL60,0.07022365167915388
Q96SB4,SRPK1,AC220,HL60,1.1420212263371674
Q96SB4,SRPK1,Edelfosine,HL60,0.40912255114218277
Q96SB4,SRPK1,GF109203X,HL60,1.1249282753835022
Q96SB4,SRPK1,Go6976,HL60,-1.319471861583471
Q96SB4,SRPK1,PF4708671,HL60,4.888839741773746
Q96SB4,SRPK1,SP600125,HL60,0.019214467010891557
Q96SB4,SRPK1,TAK715,HL60,-1.0521383990353501
Q96SB4,SRPK1,TBCA,HL60,0.1441826301104423
Q96SB4,SRPK1,AT13148,HL60,1.5225156525478616
Q96SB4,SRPK1,AZ20,HL60,-0.8767152100063427
Q96SB4,SRPK1,AZD6738,HL60,1.036838371604343
Q96SB4,SRPK1,Bosutinib,HL60,1.5161242389536826
Q96SB4,SRPK1,Dabrafenib,HL60,3.129748693365783
Q96SB4,SRPK1,Dasatinib,HL60,3.0725321699070243
Q96SB4,SRPK1,DNAPK,HL60,2.27994854732732
Q96SB4,SRPK1,H89,HL60,-0.05430526505859211
Q96SB4,SRPK1,KD025,HL60,2.431085676467222
Q96SB4,SRPK1,NU7441,HL60,1.4805089038154247
Q96SB4,SRPK1,Ripasudil,HL60,0.31154007731636124
Q96SB4,SRPK1,Vemurafenib,HL60,2.4310465369612535
Q96SB4,SRPK1,CX4945,HL60,-2.101536033423547
Q96SB4,SRPK1,GO6983,HL60,-1.8579141450047776
Q96SB4,SRPK1,KN93,HL60,-0.6069993981142131
Q96SB4,SRPK1,MK2206,HL60,-2.2642723982383672
Q15131,CDK10,AZD5438,HL60,-3.596182591316512
Q15131,CDK10,FRAX486,HL60,-0.2648853661173803
Q15131,CDK10,Ku0063794,HL60,-0.8734377867599112
Q15131,CDK10,PD153035,HL60,0.22197521943020448
Q15131,CDK10,PF3758309,HL60,-3.147473896647076
Q15131,CDK10,Torin,HL60,-0.6198966875641833
Q15131,CDK10,Trametinib,HL60,0.03911172084064646
Q15131,CDK10,AZD1480,HL60,1.038395240383162
Q15131,CDK10,AZD5363,HL60,0.38519808187633303
Q15131,CDK10,BX912,HL60,0.15550566733728372
Q15131,CDK10,CHIR99021,HL60,0.2701964828993046
Q15131,CDK10,GSK2334470,HL60,1.002858416720469
Q15131,CDK10,Ipatasertib,HL60,0.6431121110260483
Q15131,CDK10,LY2090314,HL60,-0.36460713483331003
Q15131,CDK10,Tofacitinib,HL60,0.8246155942286156
Q15131,CDK10,AZD6482,HL60,-0.3931716999438078
Q15131,CDK10,CAL101,HL60,0.15526539352876065
Q15131,CDK10,GDC0941,HL60,0.8646090316163049
Q15131,CDK10,HS173,HL60,0.13714609813744913
Q15131,CDK10,PIK294,HL60,0.19170787654578442
Q15131,CDK10,TGX221,HL60,0.7524948711712035
Q15131,CDK10,AZD8055,HL60,0.19337354949619773
Q15131,CDK10,GDC0994,HL60,0.23436399212484368
Q15131,CDK10,JNK,HL60,-0.12788689706683531
Q15131,CDK10,LY2584702,HL60,-0.12411676576284955
Q15131,CDK10,PH797804,HL60,-0.6220855329284573
Q15131,CDK10,Selumetinib,HL60,-0.6991272097715867
Q15131,CDK10,U73122,HL60,-0.4043658635633901
Q15131,CDK10,Ulixertinib,HL60,-2.4240616354878353
Q15131,CDK10,Amuvatinib,HL60,-0.5841913266070559
Q15131,CDK10,AZD3759,HL60,0.12868092643034468
Q15131,CDK10,GSK690693,HL60,0.5954202230549499
Q15131,CDK10,JNJ,HL60,-0.12243364267024728
Q15131,CDK10,KN62,HL60,-0.7349990769348225
Q15131,CDK10,Linsitinib,HL60,-0.07159958849216007
Q15131,CDK10,LY2835219,HL60,-1.6601794900257576
Q15131,CDK10,Ribociclib,HL60,-1.7474139454761775
Q15131,CDK10,AC220,HL60,0.3960741645463702
Q15131,CDK10,Edelfosine,HL60,0.8033502712085149
Q15131,CDK10,GF109203X,HL60,1.1449316845077642
Q15131,CDK10,Go6976,HL60,0.9737305455066614
Q15131,CDK10,PF4708671,HL60,0.3389843198985109
Q15131,CDK10,SP600125,HL60,1.8525430914218959
Q15131,CDK10,TAK715,HL60,1.0930433233800514
Q15131,CDK10,TBCA,HL60,0.2177132403631661
Q15131,CDK10,AT13148,HL60,0.8757863989008587
Q15131,CDK10,AZ20,HL60,1.0493278368414634
Q15131,CDK10,AZD6738,HL60,0.7894467381562033
Q15131,CDK10,Bosutinib,HL60,0.8969515493209262
Q15131,CDK10,Dabrafenib,HL60,-0.3536942346214531
Q15131,CDK10,Dasatinib,HL60,0.9952359013562567
Q15131,CDK10,DNAPK,HL60,1.3252512943974237
Q15131,CDK10,H89,HL60,0.9538637578708155
Q15131,CDK10,KD025,HL60,-1.7063380983918184
Q15131,CDK10,NU7441,HL60,0.679310125450949
Q15131,CDK10,Ripasudil,HL60,0.6054599850757775
Q15131,CDK10,Vemurafenib,HL60,-0.2168956795412248
Q15131,CDK10,CX4945,HL60,1.252015126285917
Q15131,CDK10,GO6983,HL60,1.7455174037161885
Q15131,CDK10,KN93,HL60,1.6513475689092751
Q15131,CDK10,MK2206,HL60,2.1546885523227846
Q99759,MAP3K3,AZD5438,HL60,0.7565798185531682
Q99759,MAP3K3,FRAX486,HL60,-0.19845592094618963
Q99759,MAP3K3,Ku0063794,HL60,-0.24381347915229065
Q99759,MAP3K3,PD153035,HL60,-2.7171535222800096
Q99759,MAP3K3,PF3758309,HL60,-1.394032858032383
Q99759,MAP3K3,Torin,HL60,-0.14272001854537805
Q99759,MAP3K3,Trametinib,HL60,1.6690959949010111
Q99759,MAP3K3,AZD1480,HL60,-0.19829040676212126
Q99759,MAP3K3,AZD5363,HL60,2.698287842139387
Q99759,MAP3K3,BX912,HL60,-0.2644635708278649
Q99759,MAP3K3,CHIR99021,HL60,-0.26893662390043604
Q99759,MAP3K3,GSK2334470,HL60,-0.19778151147621229
Q99759,MAP3K3,Ipatasertib,HL60,-0.1211267992994869
Q99759,MAP3K3,LY2090314,HL60,3.269343100696784
Q99759,MAP3K3,Tofacitinib,HL60,0.6996053597518838
Q99759,MAP3K3,AZD6482,HL60,-0.19545160073764672
Q99759,MAP3K3,CAL101,HL60,3.745730226893099
Q99759,MAP3K3,GDC0941,HL60,0.07416775659618396
Q99759,MAP3K3,HS173,HL60,-0.03922784009647972
Q99759,MAP3K3,PIK294,HL60,-0.15980042790764723
Q99759,MAP3K3,TGX221,HL60,0.05970480708924294
Q99759,MAP3K3,AZD8055,HL60,-0.07539179551633646
Q99759,MAP3K3,GDC0994,HL60,1.318512055563214
Q99759,MAP3K3,JNK,HL60,0.04890373312120716
Q99759,MAP3K3,LY2584702,HL60,-0.07134818825062711
Q99759,MAP3K3,PH797804,HL60,0.08420263006996628
Q99759,MAP3K3,Selumetinib,HL60,4.813343459054865
Q99759,MAP3K3,U73122,HL60,0.006492407027785455
Q99759,MAP3K3,Ulixertinib,HL60,-0.0060065031053797265
Q99759,MAP3K3,Amuvatinib,HL60,-0.2402902555961964
Q99759,MAP3K3,AZD3759,HL60,-0.302958740515425
Q99759,MAP3K3,GSK690693,HL60,-0.1363029819339586
Q99759,MAP3K3,JNJ,HL60,-0.01078274185191229
Q99759,MAP3K3,KN62,HL60,-0.22769638231948322
Q99759,MAP3K3,Linsitinib,HL60,-0.2893226692046163
Q99759,MAP3K3,LY2835219,HL60,-0.17957715071546532
Q99759,MAP3K3,Ribociclib,HL60,-0.06067332428229187
Q99759,MAP3K3,AC220,HL60,-1.4282053802127763
Q99759,MAP3K3,Edelfosine,HL60,-0.7143681846842671
Q99759,MAP3K3,GF109203X,HL60,1.1124668955315025
Q99759,MAP3K3,Go6976,HL60,-0.8207125542065097
Q99759,MAP3K3,PF4708671,HL60,-1.2711302889037963
Q99759,MAP3K3,SP600125,HL60,-0.581933450494401
Q99759,MAP3K3,TAK715,HL60,-0.9041131370534448
Q99759,MAP3K3,TBCA,HL60,1.2517836254530796
Q99759,MAP3K3,AT13148,HL60,-0.1777352404964686
Q99759,MAP3K3,AZ20,HL60,-0.014664419742778283
Q99759,MAP3K3,AZD6738,HL60,-0.0773088629465771
Q99759,MAP3K3,Bosutinib,HL60,-0.10045045009374223
Q99759,MAP3K3,Dabrafenib,HL60,-0.18236142573208322
Q99759,MAP3K3,Dasatinib,HL60,1.3700162282738415
Q99759,MAP3K3,DNAPK,HL60,1.6375407663485393
Q99759,MAP3K3,H89,HL60,-3.451999387233073
Q99759,MAP3K3,KD025,HL60,0.5629872894890632
Q99759,MAP3K3,NU7441,HL60,-0.22633080355067564
Q99759,MAP3K3,Ripasudil,HL60,1.9284337810533039
Q99759,MAP3K3,Vemurafenib,HL60,-0.11604902517429676
Q99759,MAP3K3,CX4945,HL60,2.593686185099137
Q99759,MAP3K3,GO6983,HL60,3.1456729810418707
Q99759,MAP3K3,KN93,HL60,1.9823051882503095
Q99759,MAP3K3,MK2206,HL60,4.542764229603312
Q9Y3S1,WNK2,AZD5438,HL60,0.7021816531364766
Q9Y3S1,WNK2,FRAX486,HL60,-0.6313044264384494
Q9Y3S1,WNK2,Ku0063794,HL60,0.5120417384424716
Q9Y3S1,WNK2,PD153035,HL60,-0.15324774609716568
Q9Y3S1,WNK2,PF3758309,HL60,-2.045793572577621
Q9Y3S1,WNK2,Torin,HL60,2.43568727003466
Q9Y3S1,WNK2,Trametinib,HL60,0.5470574595036009
Q9Y3S1,WNK2,AZD1480,HL60,-1.4970435701935962
Q9Y3S1,WNK2,AZD5363,HL60,-0.42054089984799886
Q9Y3S1,WNK2,BX912,HL60,-1.8549667480240752
Q9Y3S1,WNK2,CHIR99021,HL60,0.11420460331164081
Q9Y3S1,WNK2,GSK2334470,HL60,0.36537842583383373
Q9Y3S1,WNK2,Ipatasertib,HL60,-0.20871332308588045
Q9Y3S1,WNK2,LY2090314,HL60,-0.18538575353283504
Q9Y3S1,WNK2,Tofacitinib,HL60,0.3388337956450613
Q9Y3S1,WNK2,AZD6482,HL60,0.12192573654192451
Q9Y3S1,WNK2,CAL101,HL60,0.1458753720252242
Q9Y3S1,WNK2,GDC0941,HL60,-0.14501510274480686
Q9Y3S1,WNK2,HS173,HL60,0.2666807463230545
Q9Y3S1,WNK2,PIK294,HL60,-0.08185934064846917
Q9Y3S1,WNK2,TGX221,HL60,0.8835104556085519
Q9Y3S1,WNK2,AZD8055,HL60,-0.4638300384872799
Q9Y3S1,WNK2,GDC0994,HL60,-0.7730708101175302
Q9Y3S1,WNK2,JNK,HL60,0.10500130731883738
Q9Y3S1,WNK2,LY2584702,HL60,1.8813312106043376
Q9Y3S1,WNK2,PH797804,HL60,2.158061888489054
Q9Y3S1,WNK2,Selumetinib,HL60,2.197086990289689
Q9Y3S1,WNK2,U73122,HL60,-0.27152750479392107
Q9Y3S1,WNK2,Ulixertinib,HL60,0.9076196668558013
Q9Y3S1,WNK2,Amuvatinib,HL60,0.5434860838258209
Q9Y3S1,WNK2,AZD3759,HL60,0.5652786640376953
Q9Y3S1,WNK2,GSK690693,HL60,0.36019316020266645
Q9Y3S1,WNK2,JNJ,HL60,0.8196076074949316
Q9Y3S1,WNK2,KN62,HL60,0.2898701084742087
Q9Y3S1,WNK2,Linsitinib,HL60,0.07324886691200101
Q9Y3S1,WNK2,LY2835219,HL60,0.06208989286461853
Q9Y3S1,WNK2,Ribociclib,HL60,0.7736837278014299
Q9Y3S1,WNK2,AC220,HL60,-0.026623090766598866
Q9Y3S1,WNK2,Edelfosine,HL60,-0.12888662968751036
Q9Y3S1,WNK2,GF109203X,HL60,-0.8436559707916237
Q9Y3S1,WNK2,Go6976,HL60,-0.8813907351970746
Q9Y3S1,WNK2,PF4708671,HL60,-0.23594741438004838
Q9Y3S1,WNK2,SP600125,HL60,-1.7469350350220372
Q9Y3S1,WNK2,TAK715,HL60,-0.7081911298514371
Q9Y3S1,WNK2,TBCA,HL60,-1.9316396140486503
Q9Y3S1,WNK2,AT13148,HL60,-0.25048901898389425
Q9Y3S1,WNK2,AZ20,HL60,0.16494175713531917
Q9Y3S1,WNK2,AZD6738,HL60,0.435585976497131
Q9Y3S1,WNK2,Bosutinib,HL60,-0.08317897754398197
Q9Y3S1,WNK2,Dabrafenib,HL60,-1.070606045418235
Q9Y3S1,WNK2,Dasatinib,HL60,-2.074125434327858
Q9Y3S1,WNK2,DNAPK,HL60,-0.6287108873568065
Q9Y3S1,WNK2,H89,HL60,-0.30752056182776644
Q9Y3S1,WNK2,KD025,HL60,-0.6474298442668033
Q9Y3S1,WNK2,NU7441,HL60,-0.62455252101068
Q9Y3S1,WNK2,Ripasudil,HL60,-0.5390713020673836
Q9Y3S1,WNK2,Vemurafenib,HL60,-0.5232340824043302
Q9Y3S1,WNK2,CX4945,HL60,0.25882929682555017
Q9Y3S1,WNK2,GO6983,HL60,0.6562058911946309
Q9Y3S1,WNK2,KN93,HL60,0.2556436481065594
Q9Y3S1,WNK2,MK2206,HL60,-0.06291095070394925
Q86Z02,HIPK1,AZD5438,HL60,-1.2869294799395692
Q86Z02,HIPK1,FRAX486,HL60,-2.8169795740441255
Q86Z02,HIPK1,Ku0063794,HL60,-2.6553550885078145
Q86Z02,HIPK1,PD153035,HL60,-3.229482703988346
Q86Z02,HIPK1,PF3758309,HL60,-2.4472466311632584
Q86Z02,HIPK1,Torin,HL60,-1.15246443272868
Q86Z02,HIPK1,Trametinib,HL60,-1.068400763297096
Q86Z02,HIPK1,AZD1480,HL60,0.4276213432673653
Q86Z02,HIPK1,AZD5363,HL60,-1.428474080401767
Q86Z02,HIPK1,BX912,HL60,1.1546366914519761
Q86Z02,HIPK1,CHIR99021,HL60,1.3167328790208248
Q86Z02,HIPK1,GSK2334470,HL60,-1.0341484233377558
Q86Z02,HIPK1,Ipatasertib,HL60,-0.2441316090860044
Q86Z02,HIPK1,LY2090314,HL60,0.5476286020315553
Q86Z02,HIPK1,Tofacitinib,HL60,1.0229117073318235
Q86Z02,HIPK1,AZD6482,HL60,-0.2230831854675289
Q86Z02,HIPK1,CAL101,HL60,0.7631127400626077
Q86Z02,HIPK1,GDC0941,HL60,-1.1191870081655526
Q86Z02,HIPK1,HS173,HL60,-1.6174431124024977
Q86Z02,HIPK1,PIK294,HL60,0.4032980697186781
Q86Z02,HIPK1,TGX221,HL60,-0.7763824961650311
Q86Z02,HIPK1,AZD8055,HL60,-0.5609873282993404
Q86Z02,HIPK1,GDC0994,HL60,-1.3063487736885404
Q86Z02,HIPK1,JNK,HL60,-0.4484021721772154
Q86Z02,HIPK1,LY2584702,HL60,-0.7954258941205071
Q86Z02,HIPK1,PH797804,HL60,-0.9087172501680982
Q86Z02,HIPK1,Selumetinib,HL60,-0.400087563515293
Q86Z02,HIPK1,U73122,HL60,-0.48573224183646113
Q86Z02,HIPK1,Ulixertinib,HL60,-0.4370351399338068
Q86Z02,HIPK1,Amuvatinib,HL60,0.5961838006737912
Q86Z02,HIPK1,AZD3759,HL60,0.7391568081546228
Q86Z02,HIPK1,GSK690693,HL60,-0.19318726551923168
Q86Z02,HIPK1,JNJ,HL60,1.5029559656788138
Q86Z02,HIPK1,KN62,HL60,-0.8040489740079622
Q86Z02,HIPK1,Linsitinib,HL60,0.6551189537507573
Q86Z02,HIPK1,LY2835219,HL60,1.0690285009344218
Q86Z02,HIPK1,Ribociclib,HL60,1.1620846023724158
Q86Z02,HIPK1,AC220,HL60,-0.08849793725991065
Q86Z02,HIPK1,Edelfosine,HL60,-0.33195806079948553
Q86Z02,HIPK1,GF109203X,HL60,1.4457696561997428
Q86Z02,HIPK1,Go6976,HL60,0.9518182449051238
Q86Z02,HIPK1,PF4708671,HL60,1.3628576045110843
Q86Z02,HIPK1,SP600125,HL60,0.8246639947872723
Q86Z02,HIPK1,TAK715,HL60,-1.049980857324308
Q86Z02,HIPK1,TBCA,HL60,0.17015191777454808
Q86Z02,HIPK1,AT13148,HL60,0.42785720134957894
Q86Z02,HIPK1,AZ20,HL60,-0.2829736933232614
Q86Z02,HIPK1,AZD6738,HL60,0.7267299819178855
Q86Z02,HIPK1,Bosutinib,HL60,0.3136588125448873
Q86Z02,HIPK1,Dabrafenib,HL60,1.6975117316246855
Q86Z02,HIPK1,Dasatinib,HL60,-0.5574200855103684
Q86Z02,HIPK1,DNAPK,HL60,-0.7481188497255953
Q86Z02,HIPK1,H89,HL60,-1.2065200840723551
Q86Z02,HIPK1,KD025,HL60,-0.7662485709364497
Q86Z02,HIPK1,NU7441,HL60,-0.25736188043032926
Q86Z02,HIPK1,Ripasudil,HL60,-3.2847272264028016
Q86Z02,HIPK1,Vemurafenib,HL60,-0.6601957122227519
Q86Z02,HIPK1,CX4945,HL60,-0.8990612452884061
Q86Z02,HIPK1,GO6983,HL60,-0.8589112780043499
Q86Z02,HIPK1,KN93,HL60,-1.0370967246212532
Q86Z02,HIPK1,MK2206,HL60,-0.6785561938668825
Q07002,CDK18,AZD5438,HL60,-3.518990948824427
Q07002,CDK18,FRAX486,HL60,-0.3297592909274229
Q07002,CDK18,Ku0063794,HL60,-0.8659468418668462
Q07002,CDK18,PD153035,HL60,0.2647658582784637
Q07002,CDK18,PF3758309,HL60,-3.196979455450963
Q07002,CDK18,Torin,HL60,-0.5490511668408201
Q07002,CDK18,Trametinib,HL60,0.13857678880339683
Q07002,CDK18,AZD1480,HL60,1.0354265999096617
Q07002,CDK18,AZD5363,HL60,0.4243948157765542
Q07002,CDK18,BX912,HL60,0.159532941048749
Q07002,CDK18,CHIR99021,HL60,0.24299390832301127
Q07002,CDK18,GSK2334470,HL60,1.017443259762206
Q07002,CDK18,Ipatasertib,HL60,0.6932046577727218
Q07002,CDK18,LY2090314,HL60,-0.4429591095648275
Q07002,CDK18,Tofacitinib,HL60,0.8347846486819606
Q07002,CDK18,AZD6482,HL60,-0.33351824463361496
Q07002,CDK18,CAL101,HL60,0.21071642562349022
Q07002,CDK18,GDC0941,HL60,0.8488928483326423
Q07002,CDK18,HS173,HL60,0.17919314599909372
Q07002,CDK18,PIK294,HL60,0.2462012853941226
Q07002,CDK18,TGX221,HL60,0.8239064718289623
Q07002,CDK18,AZD8055,HL60,0.15640635268793984
Q07002,CDK18,GDC0994,HL60,0.2668733988970982
Q07002,CDK18,JNK,HL60,-0.13997209576664393
Q07002,CDK18,LY2584702,HL60,-0.20891025756076387
Q07002,CDK18,PH797804,HL60,-0.6405110853711992
Q07002,CDK18,Selumetinib,HL60,-0.712365481692138
Q07002,CDK18,U73122,HL60,-0.4108181240223427
Q07002,CDK18,Ulixertinib,HL60,-2.4487013878310346
Q07002,CDK18,Amuvatinib,HL60,-0.5151602310081347
Q07002,CDK18,AZD3759,HL60,0.19120364851662608
Q07002,CDK18,GSK690693,HL60,0.6215473396327187
Q07002,CDK18,JNJ,HL60,-0.07507612400046182
Q07002,CDK18,KN62,HL60,-0.7430617371343928
Q07002,CDK18,Linsitinib,HL60,-0.04960159119102922
Q07002,CDK18,LY2835219,HL60,-1.7014724054746007
Q07002,CDK18,Ribociclib,HL60,-1.8390604666246742
Q07002,CDK18,AC220,HL60,0.388319273020502
Q07002,CDK18,Edelfosine,HL60,0.7910161821603657
Q07002,CDK18,GF109203X,HL60,1.1500449502985635
Q07002,CDK18,Go6976,HL60,1.0109278717169081
Q07002,CDK18,PF4708671,HL60,0.27405797140913246
Q07002,CDK18,SP600125,HL60,1.8952793761893425
Q07002,CDK18,TAK715,HL60,1.1108546145321558
Q07002,CDK18,TBCA,HL60,0.28358960193813176
Q07002,CDK18,AT13148,HL60,0.8524054720907992
Q07002,CDK18,AZ20,HL60,0.9549412893799801
Q07002,CDK18,AZD6738,HL60,0.7152446003786928
Q07002,CDK18,Bosutinib,HL60,0.8220370059055018
Q07002,CDK18,Dabrafenib,HL60,-0.48176177027604083
Q07002,CDK18,Dasatinib,HL60,0.8064615471856567
Q07002,CDK18,DNAPK,HL60,1.2929764900243015
Q07002,CDK18,H89,HL60,0.9341548187578951
Q07002,CDK18,KD025,HL60,-1.7252915249150866
Q07002,CDK18,NU7441,HL60,0.6213635439509156
Q07002,CDK18,Ripasudil,HL60,0.559156578651775
Q07002,CDK18,Vemurafenib,HL60,-0.2748880768972757
Q07002,CDK18,CX4945,HL60,1.4111552513971237
Q07002,CDK18,GO6983,HL60,1.8625861244824187
Q07002,CDK18,KN93,HL60,1.835549514966298
Q07002,CDK18,MK2206,HL60,2.2850490952694322
P27448,MARK3,AZD5438,HL60,0.47526460661560166
P27448,MARK3,FRAX486,HL60,0.6865526430493797
P27448,MARK3,Ku0063794,HL60,0.09660821607079256
P27448,MARK3,PD153035,HL60,0.8814765394118041
P27448,MARK3,PF3758309,HL60,0.2822177537147201
P27448,MARK3,Torin,HL60,0.11462349464107341
P27448,MARK3,Trametinib,HL60,0.7642783902369681
P27448,MARK3,AZD1480,HL60,2.907822320305595
P27448,MARK3,AZD5363,HL60,1.6701316832133832
P27448,MARK3,BX912,HL60,1.6822349900644678
P27448,MARK3,CHIR99021,HL60,2.9865127448001805
P27448,MARK3,GSK2334470,HL60,2.1737262766854446
P27448,MARK3,Ipatasertib,HL60,-0.17170655644288668
P27448,MARK3,LY2090314,HL60,2.993426730164426
P27448,MARK3,Tofacitinib,HL60,0.6284920852162045
P27448,MARK3,AZD6482,HL60,0.5461772019823926
P27448,MARK3,CAL101,HL60,0.23340366656717804
P27448,MARK3,GDC0941,HL60,1.388154262950248
P27448,MARK3,HS173,HL60,0.6676494353392957
P27448,MARK3,PIK294,HL60,1.8440590167385347
P27448,MARK3,TGX221,HL60,1.2851209451459296
P27448,MARK3,AZD8055,HL60,0.39458952643769213
P27448,MARK3,GDC0994,HL60,1.271015062712004
P27448,MARK3,JNK,HL60,-1.0749142349555627
P27448,MARK3,LY2584702,HL60,0.2863483538253072
P27448,MARK3,PH797804,HL60,-0.344752328989028
P27448,MARK3,Selumetinib,HL60,-0.5776773790300277
P27448,MARK3,U73122,HL60,-1.1318393274637086
P27448,MARK3,Ulixertinib,HL60,-0.35575640433616734
P27448,MARK3,Amuvatinib,HL60,-0.9546482189882638
P27448,MARK3,AZD3759,HL60,-0.98857310709582
P27448,MARK3,GSK690693,HL60,-0.5255777946984239
P27448,MARK3,JNJ,HL60,-0.7628841682329347
P27448,MARK3,KN62,HL60,-1.1486539191292278
P27448,MARK3,Linsitinib,HL60,-0.7477023566590927
P27448,MARK3,LY2835219,HL60,-0.22243813410356983
P27448,MARK3,Ribociclib,HL60,0.08565802951980957
P27448,MARK3,AC220,HL60,0.12997111667991465
P27448,MARK3,Edelfosine,HL60,-0.6564234832678205
P27448,MARK3,GF109203X,HL60,-0.451424628450602
P27448,MARK3,Go6976,HL60,-1.085928424340299
P27448,MARK3,PF4708671,HL60,0.3140201012898349
P27448,MARK3,SP600125,HL60,-1.0538806348776035
P27448,MARK3,TAK715,HL60,-1.6678292791197
P27448,MARK3,TBCA,HL60,-0.6275082427799015
P27448,MARK3,AT13148,HL60,1.430132775504364
P27448,MARK3,AZ20,HL60,0.8516588192666651
P27448,MARK3,AZD6738,HL60,0.9843064003339204
P27448,MARK3,Bosutinib,HL60,0.8980112163471535
P27448,MARK3,Dabrafenib,HL60,1.3932690696111305
P27448,MARK3,Dasatinib,HL60,0.853489706991969
P27448,MARK3,DNAPK,HL60,1.6011740067158458
P27448,MARK3,H89,HL60,1.202060867089139
P27448,MARK3,KD025,HL60,0.4013694230139862
P27448,MARK3,NU7441,HL60,1.1686054046946461
P27448,MARK3,Ripasudil,HL60,0.645093670240022
P27448,MARK3,Vemurafenib,HL60,1.977989604212137
P27448,MARK3,CX4945,HL60,1.1244710704839278
P27448,MARK3,GO6983,HL60,2.0696794630812883
P27448,MARK3,KN93,HL60,0.9953381055006539
P27448,MARK3,MK2206,HL60,1.7609553841445293
Q9BYP7,WNK3,AZD5438,HL60,
Q9BYP7,WNK3,FRAX486,HL60,
Q9BYP7,WNK3,Ku0063794,HL60,
Q9BYP7,WNK3,PD153035,HL60,
Q9BYP7,WNK3,PF3758309,HL60,
Q9BYP7,WNK3,Torin,HL60,
Q9BYP7,WNK3,Trametinib,HL60,
Q9BYP7,WNK3,AZD1480,HL60,
Q9BYP7,WNK3,AZD5363,HL60,
Q9BYP7,WNK3,BX912,HL60,
Q9BYP7,WNK3,CHIR99021,HL60,
Q9BYP7,WNK3,GSK2334470,HL60,
Q9BYP7,WNK3,Ipatasertib,HL60,
Q9BYP7,WNK3,LY2090314,HL60,
Q9BYP7,WNK3,Tofacitinib,HL60,
Q9BYP7,WNK3,AZD6482,HL60,
Q9BYP7,WNK3,CAL101,HL60,
Q9BYP7,WNK3,GDC0941,HL60,
Q9BYP7,WNK3,HS173,HL60,
Q9BYP7,WNK3,PIK294,HL60,
Q9BYP7,WNK3,TGX221,HL60,
Q9BYP7,WNK3,AZD8055,HL60,
Q9BYP7,WNK3,GDC0994,HL60,
Q9BYP7,WNK3,JNK,HL60,
Q9BYP7,WNK3,LY2584702,HL60,
Q9BYP7,WNK3,PH797804,HL60,
Q9BYP7,WNK3,Selumetinib,HL60,
Q9BYP7,WNK3,U73122,HL60,
Q9BYP7,WNK3,Ulixertinib,HL60,
Q9BYP7,WNK3,Amuvatinib,HL60,
Q9BYP7,WNK3,AZD3759,HL60,
Q9BYP7,WNK3,GSK690693,HL60,
Q9BYP7,WNK3,JNJ,HL60,
Q9BYP7,WNK3,KN62,HL60,
Q9BYP7,WNK3,Linsitinib,HL60,
Q9BYP7,WNK3,LY2835219,HL60,
Q9BYP7,WNK3,Ribociclib,HL60,
Q9BYP7,WNK3,AC220,HL60,
Q9BYP7,WNK3,Edelfosine,HL60,
Q9BYP7,WNK3,GF109203X,HL60,
Q9BYP7,WNK3,Go6976,HL60,
Q9BYP7,WNK3,PF4708671,HL60,
Q9BYP7,WNK3,SP600125,HL60,
Q9BYP7,WNK3,TAK715,HL60,
Q9BYP7,WNK3,TBCA,HL60,
Q9BYP7,WNK3,AT13148,HL60,
Q9BYP7,WNK3,AZ20,HL60,
Q9BYP7,WNK3,AZD6738,HL60,
Q9BYP7,WNK3,Bosutinib,HL60,
Q9BYP7,WNK3,Dabrafenib,HL60,
Q9BYP7,WNK3,Dasatinib,HL60,
Q9BYP7,WNK3,DNAPK,HL60,
Q9BYP7,WNK3,H89,HL60,
Q9BYP7,WNK3,KD025,HL60,
Q9BYP7,WNK3,NU7441,HL60,
Q9BYP7,WNK3,Ripasudil,HL60,
Q9BYP7,WNK3,Vemurafenib,HL60,
Q9BYP7,WNK3,CX4945,HL60,
Q9BYP7,WNK3,GO6983,HL60,
Q9BYP7,WNK3,KN93,HL60,
Q9BYP7,WNK3,MK2206,HL60,
O00506,STK25,AZD5438,HL60,0.0626907898925798
O00506,STK25,FRAX486,HL60,0.5807545042058032
O00506,STK25,Ku0063794,HL60,0.8858653058011372
O00506,STK25,PD153035,HL60,1.5128161942105234
O00506,STK25,PF3758309,HL60,1.2844143875389311
O00506,STK25,Torin,HL60,1.5473546230516413
O00506,STK25,Trametinib,HL60,1.4859304920117036
O00506,STK25,AZD1480,HL60,-0.06596381042674464
O00506,STK25,AZD5363,HL60,-0.029881259589162556
O00506,STK25,BX912,HL60,-0.0013134978040647014
O00506,STK25,CHIR99021,HL60,0.25268964133496236
O00506,STK25,GSK2334470,HL60,0.0031537005541765746
O00506,STK25,Ipatasertib,HL60,-0.49976754474527213
O00506,STK25,LY2090314,HL60,0.3679577108459586
O00506,STK25,Tofacitinib,HL60,-0.19058536046724642
O00506,STK25,AZD6482,HL60,0.3083115306776259
O00506,STK25,CAL101,HL60,0.20214559180091063
O00506,STK25,GDC0941,HL60,0.36501349655553744
O00506,STK25,HS173,HL60,0.15913428885071573
O00506,STK25,PIK294,HL60,0.07618566045749314
O00506,STK25,TGX221,HL60,0.1905854256574941
O00506,STK25,AZD8055,HL60,0.18787032744473578
O00506,STK25,GDC0994,HL60,0.4873328164336316
O00506,STK25,JNK,HL60,0.1134233447880442
O00506,STK25,LY2584702,HL60,0.24330987506952634
O00506,STK25,PH797804,HL60,-0.0307561341303723
O00506,STK25,Selumetinib,HL60,0.13799386271165637
O00506,STK25,U73122,HL60,0.5716862397355383
O00506,STK25,Ulixertinib,HL60,0.07100358386474752
O00506,STK25,Amuvatinib,HL60,-0.016685974632681868
O00506,STK25,AZD3759,HL60,0.1478879498755507
O00506,STK25,GSK690693,HL60,0.2035426053372477
O00506,STK25,JNJ,HL60,-0.03787446531890551
O00506,STK25,KN62,HL60,0.45752499378709
O00506,STK25,Linsitinib,HL60,0.21338563958823006
O00506,STK25,LY2835219,HL60,0.1819409605940765
O00506,STK25,Ribociclib,HL60,0.4283538136837885
O00506,STK25,AC220,HL60,0.47261605480278535
O00506,STK25,Edelfosine,HL60,-1.0794413042809867
O00506,STK25,GF109203X,HL60,0.0637254639318196
O00506,STK25,Go6976,HL60,0.10761172148955095
O00506,STK25,PF4708671,HL60,0.2988959199819373
O00506,STK25,SP600125,HL60,0.18229063863276135
O00506,STK25,TAK715,HL60,0.15586213095838508
O00506,STK25,TBCA,HL60,0.3788380950825044
O00506,STK25,AT13148,HL60,0.26080024171710314
O00506,STK25,AZ20,HL60,0.14485258869487141
O00506,STK25,AZD6738,HL60,0.1170663185535251
O00506,STK25,Bosutinib,HL60,-0.5248927991905488
O00506,STK25,Dabrafenib,HL60,-0.08078028014614988
O00506,STK25,Dasatinib,HL60,0.04511509155669274
O00506,STK25,DNAPK,HL60,-0.030236785944221196
O00506,STK25,H89,HL60,0.4330264775862973
O00506,STK25,KD025,HL60,0.15417622455718846
O00506,STK25,NU7441,HL60,0.16844106846697499
O00506,STK25,Ripasudil,HL60,0.026175730659190405
O00506,STK25,Vemurafenib,HL60,0.08854669350867138
O00506,STK25,CX4945,HL60,0.35307738995122473
O00506,STK25,GO6983,HL60,0.43088546295137337
O00506,STK25,KN93,HL60,0.34487371582547394
O00506,STK25,MK2206,HL60,0.37788738976932057
O14874,BCKDK,AZD5438,HL60,0.20096502810748362
O14874,BCKDK,FRAX486,HL60,-0.3013850314763038
O14874,BCKDK,Ku0063794,HL60,0.44645090487509465
O14874,BCKDK,PD153035,HL60,0.3696139665918321
O14874,BCKDK,PF3758309,HL60,0.017266905552162246
O14874,BCKDK,Torin,HL60,-0.6886740968182674
O14874,BCKDK,Trametinib,HL60,-0.49539348173917874
O14874,BCKDK,AZD1480,HL60,-0.3677130980983168
O14874,BCKDK,AZD5363,HL60,-0.0021686105273139647
O14874,BCKDK,BX912,HL60,-0.35273036536980285
O14874,BCKDK,CHIR99021,HL60,-0.38995343095109547
O14874,BCKDK,GSK2334470,HL60,-0.7315187842495796
O14874,BCKDK,Ipatasertib,HL60,-0.7128045664574462
O14874,BCKDK,LY2090314,HL60,-0.24960632376513195
O14874,BCKDK,Tofacitinib,HL60,-0.23840441598398904
O14874,BCKDK,AZD6482,HL60,-0.3362581109836907
O14874,BCKDK,CAL101,HL60,-0.12366647731655404
O14874,BCKDK,GDC0941,HL60,-1.3496013646210574
O14874,BCKDK,HS173,HL60,-0.07398557541284227
O14874,BCKDK,PIK294,HL60,-0.054712931161241346
O14874,BCKDK,TGX221,HL60,-0.03417746909012326
O14874,BCKDK,AZD8055,HL60,-2.291278256252109
O14874,BCKDK,GDC0994,HL60,-0.3401572933564315
O14874,BCKDK,JNK,HL60,-0.9215309018454891
O14874,BCKDK,LY2584702,HL60,-0.34632296040521726
O14874,BCKDK,PH797804,HL60,-0.3619142570730885
O14874,BCKDK,Selumetinib,HL60,-0.4270844974348108
O14874,BCKDK,U73122,HL60,-0.10570742443380089
O14874,BCKDK,Ulixertinib,HL60,-1.482995401127708
O14874,BCKDK,Amuvatinib,HL60,-0.4712393306590431
O14874,BCKDK,AZD3759,HL60,-0.40859578877871444
O14874,BCKDK,GSK690693,HL60,-0.05118220605795907
O14874,BCKDK,JNJ,HL60,0.0054228719574985875
O14874,BCKDK,KN62,HL60,0.10982242197388106
O14874,BCKDK,Linsitinib,HL60,-0.5460553493851695
O14874,BCKDK,LY2835219,HL60,-0.04572838854325864
O14874,BCKDK,Ribociclib,HL60,0.07954452620847047
O14874,BCKDK,AC220,HL60,0.7977632008313853
O14874,BCKDK,Edelfosine,HL60,0.5632690637759071
O14874,BCKDK,GF109203X,HL60,0.08333090871345707
O14874,BCKDK,Go6976,HL60,0.7349627275521958
O14874,BCKDK,PF4708671,HL60,0.3828124457647916
O14874,BCKDK,SP600125,HL60,0.6605964715792735
O14874,BCKDK,TAK715,HL60,0.31742136527177395
O14874,BCKDK,TBCA,HL60,0.4360802560037481
O14874,BCKDK,AT13148,HL60,-0.129992013062446
O14874,BCKDK,AZ20,HL60,-0.04313140492101436
O14874,BCKDK,AZD6738,HL60,0.08138862288899269
O14874,BCKDK,Bosutinib,HL60,-0.10767134810075091
O14874,BCKDK,Dabrafenib,HL60,0.03300748353790043
O14874,BCKDK,Dasatinib,HL60,0.050568576002224
O14874,BCKDK,DNAPK,HL60,-0.13971684437684462
O14874,BCKDK,H89,HL60,-0.06329524970185807
O14874,BCKDK,KD025,HL60,-0.03810365037192614
O14874,BCKDK,NU7441,HL60,-0.13070253038329346
O14874,BCKDK,Ripasudil,HL60,0.3512392883608862
O14874,BCKDK,Vemurafenib,HL60,-0.4431324527270676
O14874,BCKDK,CX4945,HL60,0.23207472631950601
O14874,BCKDK,GO6983,HL60,-3.026443071970159
O14874,BCKDK,KN93,HL60,-0.6708560775260062
O14874,BCKDK,MK2206,HL60,0.24725124148762753
O75385,ULK1,AZD5438,HL60,-0.691960181333449
O75385,ULK1,FRAX486,HL60,0.14061124548928847
O75385,ULK1,Ku0063794,HL60,-0.05589451980050656
O75385,ULK1,PD153035,HL60,0.08903759442756598
O75385,ULK1,PF3758309,HL60,0.42265199679617677
O75385,ULK1,Torin,HL60,-0.20165651517037664
O75385,ULK1,Trametinib,HL60,-0.39955455077178886
O75385,ULK1,AZD1480,HL60,-0.33754468192236153
O75385,ULK1,AZD5363,HL60,0.0007238777495583834
O75385,ULK1,BX912,HL60,0.0004889662436146262
O75385,ULK1,CHIR99021,HL60,-1.724681539370528
O75385,ULK1,GSK2334470,HL60,-0.40662456700187244
O75385,ULK1,Ipatasertib,HL60,-0.48935297563101526
O75385,ULK1,LY2090314,HL60,-2.296103842354895
O75385,ULK1,Tofacitinib,HL60,-0.10507302463496215
O75385,ULK1,AZD6482,HL60,-0.011724659104769839
O75385,ULK1,CAL101,HL60,-0.17738128922922206
O75385,ULK1,GDC0941,HL60,-0.65865337442124
O75385,ULK1,HS173,HL60,-0.5098873592451113
O75385,ULK1,PIK294,HL60,-0.3725147616983928
O75385,ULK1,TGX221,HL60,-0.40836709296510443
O75385,ULK1,AZD8055,HL60,0.1793129321749623
O75385,ULK1,GDC0994,HL60,-0.0711341448590405
O75385,ULK1,JNK,HL60,-0.18475168299593808
O75385,ULK1,LY2584702,HL60,0.20499976881836682
O75385,ULK1,PH797804,HL60,-0.11852548939574604
O75385,ULK1,Selumetinib,HL60,-0.005406178630228851
O75385,ULK1,U73122,HL60,0.2827564502182594
O75385,ULK1,Ulixertinib,HL60,-0.060334415818557176
O75385,ULK1,Amuvatinib,HL60,-0.1348304812195561
O75385,ULK1,AZD3759,HL60,-0.06657786071333685
O75385,ULK1,GSK690693,HL60,-0.559306904314497
O75385,ULK1,JNJ,HL60,-0.551538189606844
O75385,ULK1,KN62,HL60,-0.9204231340000015
O75385,ULK1,Linsitinib,HL60,-0.8085846095816304
O75385,ULK1,LY2835219,HL60,-1.2292151513060092
O75385,ULK1,Ribociclib,HL60,-0.6110632422540484
O75385,ULK1,AC220,HL60,0.06828060746409316
O75385,ULK1,Edelfosine,HL60,0.8993632108587333
O75385,ULK1,GF109203X,HL60,-1.6817508080651438
O75385,ULK1,Go6976,HL60,0.22834826299286862
O75385,ULK1,PF4708671,HL60,-0.39890375788178367
O75385,ULK1,SP600125,HL60,-0.1412501806134659
O75385,ULK1,TAK715,HL60,0.17252822082318123
O75385,ULK1,TBCA,HL60,0.2552895122448545
O75385,ULK1,AT13148,HL60,-0.44428818783162816
O75385,ULK1,AZ20,HL60,-0.34218124761542446
O75385,ULK1,AZD6738,HL60,-0.07884967853730902
O75385,ULK1,Bosutinib,HL60,-0.060204555982502454
O75385,ULK1,Dabrafenib,HL60,0.140273792419391
O75385,ULK1,Dasatinib,HL60,0.015368275423301828
O75385,ULK1,DNAPK,HL60,-0.09397600077846112
O75385,ULK1,H89,HL60,0.12258121258877669
O75385,ULK1,KD025,HL60,-0.3197788233595852
O75385,ULK1,NU7441,HL60,-0.35691128068596656
O75385,ULK1,Ripasudil,HL60,0.08110244683138958
O75385,ULK1,Vemurafenib,HL60,0.24324476887493815
O75385,ULK1,CX4945,HL60,0.7540970940221514
O75385,ULK1,GO6983,HL60,0.6337222976298563
O75385,ULK1,KN93,HL60,0.7570673586874446
O75385,ULK1,MK2206,HL60,0.487470747873014
Q9UEE5,STK17A,AZD5438,HL60,-1.2844895033926047
Q9UEE5,STK17A,FRAX486,HL60,0.9159731047312751
Q9UEE5,STK17A,Ku0063794,HL60,-0.4137396153605422
Q9UEE5,STK17A,PD153035,HL60,1.0227084422326267
Q9UEE5,STK17A,PF3758309,HL60,0.35792274598656304
Q9UEE5,STK17A,Torin,HL60,0.10777262736827377
Q9UEE5,STK17A,Trametinib,HL60,0.1664367073981851
Q9UEE5,STK17A,AZD1480,HL60,-0.2668177988249843
Q9UEE5,STK17A,AZD5363,HL60,0.013136300231109978
Q9UEE5,STK17A,BX912,HL60,-0.43349221502776786
Q9UEE5,STK17A,CHIR99021,HL60,1.3623517685854798
Q9UEE5,STK17A,GSK2334470,HL60,-0.7185425297697186
Q9UEE5,STK17A,Ipatasertib,HL60,0.3337815581086986
Q9UEE5,STK17A,LY2090314,HL60,0.15110533681002353
Q9UEE5,STK17A,Tofacitinib,HL60,-0.3060982633877854
Q9UEE5,STK17A,AZD6482,HL60,-0.06195415362352217
Q9UEE5,STK17A,CAL101,HL60,0.5444646164793023
Q9UEE5,STK17A,GDC0941,HL60,0.03661758023487433
Q9UEE5,STK17A,HS173,HL60,2.059351636275483
Q9UEE5,STK17A,PIK294,HL60,0.7854498467717679
Q9UEE5,STK17A,TGX221,HL60,0.6008115923395005
Q9UEE5,STK17A,AZD8055,HL60,-0.47979378156354535
Q9UEE5,STK17A,GDC0994,HL60,-0.6427578430576996
Q9UEE5,STK17A,JNK,HL60,-0.9173945472337444
Q9UEE5,STK17A,LY2584702,HL60,-0.23346252156314432
Q9UEE5,STK17A,PH797804,HL60,0.39090965650789566
Q9UEE5,STK17A,Selumetinib,HL60,-1.1892891972415762
Q9UEE5,STK17A,U73122,HL60,-1.9666776156995063
Q9UEE5,STK17A,Ulixertinib,HL60,-0.26630318658157603
Q9UEE5,STK17A,Amuvatinib,HL60,1.0643400733242947
Q9UEE5,STK17A,AZD3759,HL60,0.7004529032273096
Q9UEE5,STK17A,GSK690693,HL60,0.23802992592258296
Q9UEE5,STK17A,JNJ,HL60,0.6093341327168518
Q9UEE5,STK17A,KN62,HL60,0.5187942542734757
Q9UEE5,STK17A,Linsitinib,HL60,1.0986990865354587
Q9UEE5,STK17A,LY2835219,HL60,0.6150220684269924
Q9UEE5,STK17A,Ribociclib,HL60,0.7411701420812931
Q9UEE5,STK17A,AC220,HL60,0.07420744216531794
Q9UEE5,STK17A,Edelfosine,HL60,0.6655249805575394
Q9UEE5,STK17A,GF109203X,HL60,-0.23967658620625035
Q9UEE5,STK17A,Go6976,HL60,0.8017408347462994
Q9UEE5,STK17A,PF4708671,HL60,0.12929222168729404
Q9UEE5,STK17A,SP600125,HL60,-0.974147911883106
Q9UEE5,STK17A,TAK715,HL60,0.3197358593730739
Q9UEE5,STK17A,TBCA,HL60,0.05069392238116507
Q9UEE5,STK17A,AT13148,HL60,-0.12535325941127043
Q9UEE5,STK17A,AZ20,HL60,1.4072854819597207
Q9UEE5,STK17A,AZD6738,HL60,1.6762084370313168
Q9UEE5,STK17A,Bosutinib,HL60,1.4965625866769472
Q9UEE5,STK17A,Dabrafenib,HL60,1.5422476287293023
Q9UEE5,STK17A,Dasatinib,HL60,0.6814818492285266
Q9UEE5,STK17A,DNAPK,HL60,1.138960981204896
Q9UEE5,STK17A,H89,HL60,1.0869370029340315
Q9UEE5,STK17A,KD025,HL60,0.4699791945584633
Q9UEE5,STK17A,NU7441,HL60,0.8847679688102823
Q9UEE5,STK17A,Ripasudil,HL60,0.9417202767086555
Q9UEE5,STK17A,Vemurafenib,HL60,0.20338339475278833
Q9UEE5,STK17A,CX4945,HL60,0.5843360905564263
Q9UEE5,STK17A,GO6983,HL60,-0.10590882268315722
Q9UEE5,STK17A,KN93,HL60,0.643404404748483
Q9UEE5,STK17A,MK2206,HL60,-0.07900650221635971
Q9Y4K4,MAP4K5,AZD5438,HL60,-0.04410833003502121
Q9Y4K4,MAP4K5,FRAX486,HL60,0.7700385448325542
Q9Y4K4,MAP4K5,Ku0063794,HL60,-0.3935703240611828
Q9Y4K4,MAP4K5,PD153035,HL60,0.1170828250061109
Q9Y4K4,MAP4K5,PF3758309,HL60,-0.4578061440770118
Q9Y4K4,MAP4K5,Torin,HL60,-0.1568596567267073
Q9Y4K4,MAP4K5,Trametinib,HL60,0.04521095625249574
Q9Y4K4,MAP4K5,AZD1480,HL60,0.029179331447634963
Q9Y4K4,MAP4K5,AZD5363,HL60,-0.47559371143998286
Q9Y4K4,MAP4K5,BX912,HL60,-0.03321285202805606
Q9Y4K4,MAP4K5,CHIR99021,HL60,-0.43202465624763603
Q9Y4K4,MAP4K5,GSK2334470,HL60,-0.9169060589297525
Q9Y4K4,MAP4K5,Ipatasertib,HL60,-0.26027808770884725
Q9Y4K4,MAP4K5,LY2090314,HL60,-0.6489000137765869
Q9Y4K4,MAP4K5,Tofacitinib,HL60,-0.0962477197603321
Q9Y4K4,MAP4K5,AZD6482,HL60,0.006623547694694536
Q9Y4K4,MAP4K5,CAL101,HL60,0.07753788987377802
Q9Y4K4,MAP4K5,GDC0941,HL60,-0.24468769040317115
Q9Y4K4,MAP4K5,HS173,HL60,-0.1980154796810149
Q9Y4K4,MAP4K5,PIK294,HL60,-0.1381646678972838
Q9Y4K4,MAP4K5,TGX221,HL60,0.006652663736188917
Q9Y4K4,MAP4K5,AZD8055,HL60,0.16666419666186316
Q9Y4K4,MAP4K5,GDC0994,HL60,0.07556878827556923
Q9Y4K4,MAP4K5,JNK,HL60,0.2859207830195189
Q9Y4K4,MAP4K5,LY2584702,HL60,-0.08909364604264525
Q9Y4K4,MAP4K5,PH797804,HL60,0.1378143212035204
Q9Y4K4,MAP4K5,Selumetinib,HL60,0.1963957842197523
Q9Y4K4,MAP4K5,U73122,HL60,-0.12298212641968628
Q9Y4K4,MAP4K5,Ulixertinib,HL60,0.12813848007288947
Q9Y4K4,MAP4K5,Amuvatinib,HL60,-0.023132971283219235
Q9Y4K4,MAP4K5,AZD3759,HL60,0.22796643109549447
Q9Y4K4,MAP4K5,GSK690693,HL60,-0.18215666324969557
Q9Y4K4,MAP4K5,JNJ,HL60,0.057073800696687445
Q9Y4K4,MAP4K5,KN62,HL60,0.10326036645542873
Q9Y4K4,MAP4K5,Linsitinib,HL60,-0.37916487198706067
Q9Y4K4,MAP4K5,LY2835219,HL60,-0.9536492098869847
Q9Y4K4,MAP4K5,Ribociclib,HL60,0.19863337748544266
Q9Y4K4,MAP4K5,AC220,HL60,0.5693880971640347
Q9Y4K4,MAP4K5,Edelfosine,HL60,-0.42124468678616
Q9Y4K4,MAP4K5,GF109203X,HL60,-1.8372978560702409
Q9Y4K4,MAP4K5,Go6976,HL60,-0.34902242927638255
Q9Y4K4,MAP4K5,PF4708671,HL60,0.1151931126627304
Q9Y4K4,MAP4K5,SP600125,HL60,0.23128842171860028
Q9Y4K4,MAP4K5,TAK715,HL60,0.1574748434656382
Q9Y4K4,MAP4K5,TBCA,HL60,0.14663261484381995
Q9Y4K4,MAP4K5,AT13148,HL60,-0.4599707105056575
Q9Y4K4,MAP4K5,AZ20,HL60,0.380675035072897
Q9Y4K4,MAP4K5,AZD6738,HL60,0.24817933502215522
Q9Y4K4,MAP4K5,Bosutinib,HL60,0.7418196940178072
Q9Y4K4,MAP4K5,Dabrafenib,HL60,0.6196699561429039
Q9Y4K4,MAP4K5,Dasatinib,HL60,0.24302502489520406
Q9Y4K4,MAP4K5,DNAPK,HL60,0.40700163789477467
Q9Y4K4,MAP4K5,H89,HL60,0.11614218208893706
Q9Y4K4,MAP4K5,KD025,HL60,0.3040886141277157
Q9Y4K4,MAP4K5,NU7441,HL60,-0.29171925123506626
Q9Y4K4,MAP4K5,Ripasudil,HL60,-0.21940700352341647
Q9Y4K4,MAP4K5,Vemurafenib,HL60,0.26633433152441255
Q9Y4K4,MAP4K5,CX4945,HL60,0.20668231241228274
Q9Y4K4,MAP4K5,GO6983,HL60,-0.39394708966294306
Q9Y4K4,MAP4K5,KN93,HL60,0.3711677011197697
Q9Y4K4,MAP4K5,MK2206,HL60,-0.10290040476871394
P10398,ARAF,AZD5438,HL60,0.45603455406248944
P10398,ARAF,FRAX486,HL60,0.6092583343275753
P10398,ARAF,Ku0063794,HL60,-0.1143441655931204
P10398,ARAF,PD153035,HL60,0.5346215000105208
P10398,ARAF,PF3758309,HL60,0.31834314113367496
P10398,ARAF,Torin,HL60,0.6127810230110804
P10398,ARAF,Trametinib,HL60,0.9678693088170874
P10398,ARAF,AZD1480,HL60,-0.23869058590372258
P10398,ARAF,AZD5363,HL60,0.49247917085938236
P10398,ARAF,BX912,HL60,0.21407023831049882
P10398,ARAF,CHIR99021,HL60,0.12772892187951107
P10398,ARAF,GSK2334470,HL60,-0.3598170054232876
P10398,ARAF,Ipatasertib,HL60,-0.4344577712936441
P10398,ARAF,LY2090314,HL60,-0.12180497870631345
P10398,ARAF,Tofacitinib,HL60,-0.07936340758139623
P10398,ARAF,AZD6482,HL60,0.08538150581024832
P10398,ARAF,CAL101,HL60,0.49234817679131054
P10398,ARAF,GDC0941,HL60,-0.7278661677072102
P10398,ARAF,HS173,HL60,0.45650807955241496
P10398,ARAF,PIK294,HL60,0.5192080455778707
P10398,ARAF,TGX221,HL60,0.3495349892108057
P10398,ARAF,AZD8055,HL60,0.6980740056416126
P10398,ARAF,GDC0994,HL60,0.17206554687949682
P10398,ARAF,JNK,HL60,0.29870375539069743
P10398,ARAF,LY2584702,HL60,-0.6607416849812815
P10398,ARAF,PH797804,HL60,0.12352972932814855
P10398,ARAF,Selumetinib,HL60,0.4565586334925624
P10398,ARAF,U73122,HL60,0.906954795666639
P10398,ARAF,Ulixertinib,HL60,1.033489291014328
P10398,ARAF,Amuvatinib,HL60,-0.5442472416719345
P10398,ARAF,AZD3759,HL60,0.20700153959197698
P10398,ARAF,GSK690693,HL60,0.1564257013950728
P10398,ARAF,JNJ,HL60,1.1907663759894307
P10398,ARAF,KN62,HL60,1.0553575357961238
P10398,ARAF,Linsitinib,HL60,-0.4533389918110636
P10398,ARAF,LY2835219,HL60,0.014921218731672677
P10398,ARAF,Ribociclib,HL60,1.20553114460733
P10398,ARAF,AC220,HL60,0.4681749702315412
P10398,ARAF,Edelfosine,HL60,0.02687914721797073
P10398,ARAF,GF109203X,HL60,-0.1621567557854153
P10398,ARAF,Go6976,HL60,0.7532702118236385
P10398,ARAF,PF4708671,HL60,0.10760564817814362
P10398,ARAF,SP600125,HL60,0.8262428017022546
P10398,ARAF,TAK715,HL60,0.6778604966026526
P10398,ARAF,TBCA,HL60,0.4170790254949399
P10398,ARAF,AT13148,HL60,0.4474566510330545
P10398,ARAF,AZ20,HL60,-0.3431914421136219
P10398,ARAF,AZD6738,HL60,-0.15010523183072136
P10398,ARAF,Bosutinib,HL60,-0.21972516041690965
P10398,ARAF,Dabrafenib,HL60,0.008025158424418278
P10398,ARAF,Dasatinib,HL60,0.13957719984419942
P10398,ARAF,DNAPK,HL60,0.686835394526697
P10398,ARAF,H89,HL60,0.7676987440211543
P10398,ARAF,KD025,HL60,0.3857200247587743
P10398,ARAF,NU7441,HL60,0.40555246444186205
P10398,ARAF,Ripasudil,HL60,0.309102076085274
P10398,ARAF,Vemurafenib,HL60,-0.6105349086743749
P10398,ARAF,CX4945,HL60,0.01893785929916104
P10398,ARAF,GO6983,HL60,0.28979352477976245
P10398,ARAF,KN93,HL60,0.3652463618209948
P10398,ARAF,MK2206,HL60,-0.043068962007761794
P51956,NEK3,AZD5438,HL60,0.38325793463518865
P51956,NEK3,FRAX486,HL60,-0.46725552788427543
P51956,NEK3,Ku0063794,HL60,-0.5690974224408721
P51956,NEK3,PD153035,HL60,-2.2659922534292924
P51956,NEK3,PF3758309,HL60,-0.9391783821156074
P51956,NEK3,Torin,HL60,-0.15658341277927862
P51956,NEK3,Trametinib,HL60,-1.0243935817177847
P51956,NEK3,AZD1480,HL60,-0.3386545201392202
P51956,NEK3,AZD5363,HL60,0.10251232445524311
P51956,NEK3,BX912,HL60,-0.2837880486258579
P51956,NEK3,CHIR99021,HL60,-0.6737137810671137
P51956,NEK3,GSK2334470,HL60,-0.40599540184206667
P51956,NEK3,Ipatasertib,HL60,0.6734723013730388
P51956,NEK3,LY2090314,HL60,0.45631361746892873
P51956,NEK3,Tofacitinib,HL60,-0.5256310524856244
P51956,NEK3,AZD6482,HL60,-1.214572411001281
P51956,NEK3,CAL101,HL60,-3.1601518292994375
P51956,NEK3,GDC0941,HL60,-0.0496366101311988
P51956,NEK3,HS173,HL60,-2.644403228945986
P51956,NEK3,PIK294,HL60,-2.3527910462364683
P51956,NEK3,TGX221,HL60,-2.6650607127544137
P51956,NEK3,AZD8055,HL60,1.4293809761642684
P51956,NEK3,GDC0994,HL60,-1.0450669579468819
P51956,NEK3,JNK,HL60,0.8701493775313314
P51956,NEK3,LY2584702,HL60,-0.5424070682161695
P51956,NEK3,PH797804,HL60,1.0732368686602671
P51956,NEK3,Selumetinib,HL60,0.2477497637155299
P51956,NEK3,U73122,HL60,0.4735619224441999
P51956,NEK3,Ulixertinib,HL60,0.41825447826144996
P51956,NEK3,Amuvatinib,HL60,1.0992677273290477
P51956,NEK3,AZD3759,HL60,0.8322845066965943
P51956,NEK3,GSK690693,HL60,1.6572463461971942
P51956,NEK3,JNJ,HL60,0.43658380477687203
P51956,NEK3,KN62,HL60,2.2507836288385055
P51956,NEK3,Linsitinib,HL60,0.9521657543807294
P51956,NEK3,LY2835219,HL60,1.1237861628963925
P51956,NEK3,Ribociclib,HL60,2.5006761025401074
P51956,NEK3,AC220,HL60,-0.24668196959136365
P51956,NEK3,Edelfosine,HL60,-0.9882678810901763
P51956,NEK3,GF109203X,HL60,-1.3799190214841366
P51956,NEK3,Go6976,HL60,-0.622722380965079
P51956,NEK3,PF4708671,HL60,-1.932188658228354
P51956,NEK3,SP600125,HL60,0.07287959192457052
P51956,NEK3,TAK715,HL60,-0.13928077449526333
P51956,NEK3,TBCA,HL60,-1.8937011954659417
P51956,NEK3,AT13148,HL60,0.0464102954550668
P51956,NEK3,AZ20,HL60,-1.3821207053222588
P51956,NEK3,AZD6738,HL60,-0.6348735879314379
P51956,NEK3,Bosutinib,HL60,-1.8406955472444808
P51956,NEK3,Dabrafenib,HL60,-2.566118002774237
P51956,NEK3,Dasatinib,HL60,0.7977650972685828
P51956,NEK3,DNAPK,HL60,-0.622962783655324
P51956,NEK3,H89,HL60,-1.8725160823257336
P51956,NEK3,KD025,HL60,-2.3994811166301107
P51956,NEK3,NU7441,HL60,0.04855503295439745
P51956,NEK3,Ripasudil,HL60,-0.346238976508446
P51956,NEK3,Vemurafenib,HL60,-0.40354460830991423
P51956,NEK3,CX4945,HL60,-0.02808288250551123
P51956,NEK3,GO6983,HL60,-0.7447200864313457
P51956,NEK3,KN93,HL60,1.0069583005009897
P51956,NEK3,MK2206,HL60,-0.2049192963133047
P11274,BCR,AZD5438,HL60,-0.0656428068735557
P11274,BCR,FRAX486,HL60,0.6469863356907238
P11274,BCR,Ku0063794,HL60,0.9190536532377056
P11274,BCR,PD153035,HL60,0.19109727958446251
P11274,BCR,PF3758309,HL60,-1.4285354332502154
P11274,BCR,Torin,HL60,1.2607860763028735
P11274,BCR,Trametinib,HL60,-0.7093167627350796
P11274,BCR,AZD1480,HL60,0.3891173430822602
P11274,BCR,AZD5363,HL60,3.0901386268285735
P11274,BCR,BX912,HL60,2.378390368004531
P11274,BCR,CHIR99021,HL60,0.8051485867759856
P11274,BCR,GSK2334470,HL60,1.1906111357260907
P11274,BCR,Ipatasertib,HL60,0.41038975188237964
P11274,BCR,LY2090314,HL60,0.8754859451963212
P11274,BCR,Tofacitinib,HL60,0.7934675408311994
P11274,BCR,AZD6482,HL60,-0.22653003761232038
P11274,BCR,CAL101,HL60,-0.60149922113981
P11274,BCR,GDC0941,HL60,-0.38590983020312886
P11274,BCR,HS173,HL60,2.1630725966310616
P11274,BCR,PIK294,HL60,-0.4614065606508864
P11274,BCR,TGX221,HL60,1.1917651517520278
P11274,BCR,AZD8055,HL60,-0.9845391339886393
P11274,BCR,GDC0994,HL60,-0.02203241698996276
P11274,BCR,JNK,HL60,-0.6546043225661512
P11274,BCR,LY2584702,HL60,0.5836950726315258
P11274,BCR,PH797804,HL60,-0.4409783828009235
P11274,BCR,Selumetinib,HL60,-1.7488291649636387
P11274,BCR,U73122,HL60,0.363484204802098
P11274,BCR,Ulixertinib,HL60,-1.8309962808399636
P11274,BCR,Amuvatinib,HL60,-1.1290803003178964
P11274,BCR,AZD3759,HL60,0.1110552824138421
P11274,BCR,GSK690693,HL60,0.08160485514263702
P11274,BCR,JNJ,HL60,-0.3203053754810874
P11274,BCR,KN62,HL60,0.11354911230979699
P11274,BCR,Linsitinib,HL60,0.29495048332121626
P11274,BCR,LY2835219,HL60,0.6526460479881999
P11274,BCR,Ribociclib,HL60,0.1456592870699492
P11274,BCR,AC220,HL60,-0.26157581950556497
P11274,BCR,Edelfosine,HL60,-0.3643572529310432
P11274,BCR,GF109203X,HL60,-0.885735925840037
P11274,BCR,Go6976,HL60,-1.7785854551889995
P11274,BCR,PF4708671,HL60,-0.5456630601931224
P11274,BCR,SP600125,HL60,-1.197466762452016
P11274,BCR,TAK715,HL60,-0.37541623955422443
P11274,BCR,TBCA,HL60,-0.6729080075937796
P11274,BCR,AT13148,HL60,-0.9595109236998353
P11274,BCR,AZ20,HL60,0.03864890898416204
P11274,BCR,AZD6738,HL60,-0.6028181986578447
P11274,BCR,Bosutinib,HL60,-0.5339558501722287
P11274,BCR,Dabrafenib,HL60,0.5533163775404196
P11274,BCR,Dasatinib,HL60,-0.7933160119734012
P11274,BCR,DNAPK,HL60,-0.2876109617868275
P11274,BCR,H89,HL60,-0.6888624419653638
P11274,BCR,KD025,HL60,0.5088669671434579
P11274,BCR,NU7441,HL60,-0.19250567788902756
P11274,BCR,Ripasudil,HL60,-0.4247681210423637
P11274,BCR,Vemurafenib,HL60,-0.405291266061655
P11274,BCR,CX4945,HL60,-1.4610097346365563
P11274,BCR,GO6983,HL60,-1.139020340633154
P11274,BCR,KN93,HL60,-1.0999400443762575
P11274,BCR,MK2206,HL60,-0.9181206183996957
Q96PY6,NEK1,AZD5438,HL60,
Q96PY6,NEK1,FRAX486,HL60,
Q96PY6,NEK1,Ku0063794,HL60,
Q96PY6,NEK1,PD153035,HL60,
Q96PY6,NEK1,PF3758309,HL60,
Q96PY6,NEK1,Torin,HL60,
Q96PY6,NEK1,Trametinib,HL60,
Q96PY6,NEK1,AZD1480,HL60,
Q96PY6,NEK1,AZD5363,HL60,
Q96PY6,NEK1,BX912,HL60,
Q96PY6,NEK1,CHIR99021,HL60,
Q96PY6,NEK1,GSK2334470,HL60,
Q96PY6,NEK1,Ipatasertib,HL60,
Q96PY6,NEK1,LY2090314,HL60,
Q96PY6,NEK1,Tofacitinib,HL60,
Q96PY6,NEK1,AZD6482,HL60,
Q96PY6,NEK1,CAL101,HL60,
Q96PY6,NEK1,GDC0941,HL60,
Q96PY6,NEK1,HS173,HL60,
Q96PY6,NEK1,PIK294,HL60,
Q96PY6,NEK1,TGX221,HL60,
Q96PY6,NEK1,AZD8055,HL60,
Q96PY6,NEK1,GDC0994,HL60,
Q96PY6,NEK1,JNK,HL60,
Q96PY6,NEK1,LY2584702,HL60,
Q96PY6,NEK1,PH797804,HL60,
Q96PY6,NEK1,Selumetinib,HL60,
Q96PY6,NEK1,U73122,HL60,
Q96PY6,NEK1,Ulixertinib,HL60,
Q96PY6,NEK1,Amuvatinib,HL60,
Q96PY6,NEK1,AZD3759,HL60,
Q96PY6,NEK1,GSK690693,HL60,
Q96PY6,NEK1,JNJ,HL60,
Q96PY6,NEK1,KN62,HL60,
Q96PY6,NEK1,Linsitinib,HL60,
Q96PY6,NEK1,LY2835219,HL60,
Q96PY6,NEK1,Ribociclib,HL60,
Q96PY6,NEK1,AC220,HL60,
Q96PY6,NEK1,Edelfosine,HL60,
Q96PY6,NEK1,GF109203X,HL60,
Q96PY6,NEK1,Go6976,HL60,
Q96PY6,NEK1,PF4708671,HL60,
Q96PY6,NEK1,SP600125,HL60,
Q96PY6,NEK1,TAK715,HL60,
Q96PY6,NEK1,TBCA,HL60,
Q96PY6,NEK1,AT13148,HL60,
Q96PY6,NEK1,AZ20,HL60,
Q96PY6,NEK1,AZD6738,HL60,
Q96PY6,NEK1,Bosutinib,HL60,
Q96PY6,NEK1,Dabrafenib,HL60,
Q96PY6,NEK1,Dasatinib,HL60,
Q96PY6,NEK1,DNAPK,HL60,
Q96PY6,NEK1,H89,HL60,
Q96PY6,NEK1,KD025,HL60,
Q96PY6,NEK1,NU7441,HL60,
Q96PY6,NEK1,Ripasudil,HL60,
Q96PY6,NEK1,Vemurafenib,HL60,
Q96PY6,NEK1,CX4945,HL60,
Q96PY6,NEK1,GO6983,HL60,
Q96PY6,NEK1,KN93,HL60,
Q96PY6,NEK1,MK2206,HL60,
P80192,MAP3K9,AZD5438,HL60,
P80192,MAP3K9,FRAX486,HL60,
P80192,MAP3K9,Ku0063794,HL60,
P80192,MAP3K9,PD153035,HL60,
P80192,MAP3K9,PF3758309,HL60,
P80192,MAP3K9,Torin,HL60,
P80192,MAP3K9,Trametinib,HL60,
P80192,MAP3K9,AZD1480,HL60,
P80192,MAP3K9,AZD5363,HL60,
P80192,MAP3K9,BX912,HL60,
P80192,MAP3K9,CHIR99021,HL60,
P80192,MAP3K9,GSK2334470,HL60,
P80192,MAP3K9,Ipatasertib,HL60,
P80192,MAP3K9,LY2090314,HL60,
P80192,MAP3K9,Tofacitinib,HL60,
P80192,MAP3K9,AZD6482,HL60,
P80192,MAP3K9,CAL101,HL60,
P80192,MAP3K9,GDC0941,HL60,
P80192,MAP3K9,HS173,HL60,
P80192,MAP3K9,PIK294,HL60,
P80192,MAP3K9,TGX221,HL60,
P80192,MAP3K9,AZD8055,HL60,
P80192,MAP3K9,GDC0994,HL60,
P80192,MAP3K9,JNK,HL60,
P80192,MAP3K9,LY2584702,HL60,
P80192,MAP3K9,PH797804,HL60,
P80192,MAP3K9,Selumetinib,HL60,
P80192,MAP3K9,U73122,HL60,
P80192,MAP3K9,Ulixertinib,HL60,
P80192,MAP3K9,Amuvatinib,HL60,
P80192,MAP3K9,AZD3759,HL60,
P80192,MAP3K9,GSK690693,HL60,
P80192,MAP3K9,JNJ,HL60,
P80192,MAP3K9,KN62,HL60,
P80192,MAP3K9,Linsitinib,HL60,
P80192,MAP3K9,LY2835219,HL60,
P80192,MAP3K9,Ribociclib,HL60,
P80192,MAP3K9,AC220,HL60,
P80192,MAP3K9,Edelfosine,HL60,
P80192,MAP3K9,GF109203X,HL60,
P80192,MAP3K9,Go6976,HL60,
P80192,MAP3K9,PF4708671,HL60,
P80192,MAP3K9,SP600125,HL60,
P80192,MAP3K9,TAK715,HL60,
P80192,MAP3K9,TBCA,HL60,
P80192,MAP3K9,AT13148,HL60,
P80192,MAP3K9,AZ20,HL60,
P80192,MAP3K9,AZD6738,HL60,
P80192,MAP3K9,Bosutinib,HL60,
P80192,MAP3K9,Dabrafenib,HL60,
P80192,MAP3K9,Dasatinib,HL60,
P80192,MAP3K9,DNAPK,HL60,
P80192,MAP3K9,H89,HL60,
P80192,MAP3K9,KD025,HL60,
P80192,MAP3K9,NU7441,HL60,
P80192,MAP3K9,Ripasudil,HL60,
P80192,MAP3K9,Vemurafenib,HL60,
P80192,MAP3K9,CX4945,HL60,
P80192,MAP3K9,GO6983,HL60,
P80192,MAP3K9,KN93,HL60,
P80192,MAP3K9,MK2206,HL60,
P42679,MATK,AZD5438,HL60,
P42679,MATK,FRAX486,HL60,
P42679,MATK,Ku0063794,HL60,
P42679,MATK,PD153035,HL60,
P42679,MATK,PF3758309,HL60,
P42679,MATK,Torin,HL60,
P42679,MATK,Trametinib,HL60,
P42679,MATK,AZD1480,HL60,
P42679,MATK,AZD5363,HL60,
P42679,MATK,BX912,HL60,
P42679,MATK,CHIR99021,HL60,
P42679,MATK,GSK2334470,HL60,
P42679,MATK,Ipatasertib,HL60,
P42679,MATK,LY2090314,HL60,
P42679,MATK,Tofacitinib,HL60,
P42679,MATK,AZD6482,HL60,
P42679,MATK,CAL101,HL60,
P42679,MATK,GDC0941,HL60,
P42679,MATK,HS173,HL60,
P42679,MATK,PIK294,HL60,
P42679,MATK,TGX221,HL60,
P42679,MATK,AZD8055,HL60,
P42679,MATK,GDC0994,HL60,
P42679,MATK,JNK,HL60,
P42679,MATK,LY2584702,HL60,
P42679,MATK,PH797804,HL60,
P42679,MATK,Selumetinib,HL60,
P42679,MATK,U73122,HL60,
P42679,MATK,Ulixertinib,HL60,
P42679,MATK,Amuvatinib,HL60,
P42679,MATK,AZD3759,HL60,
P42679,MATK,GSK690693,HL60,
P42679,MATK,JNJ,HL60,
P42679,MATK,KN62,HL60,
P42679,MATK,Linsitinib,HL60,
P42679,MATK,LY2835219,HL60,
P42679,MATK,Ribociclib,HL60,
P42679,MATK,AC220,HL60,
P42679,MATK,Edelfosine,HL60,
P42679,MATK,GF109203X,HL60,
P42679,MATK,Go6976,HL60,
P42679,MATK,PF4708671,HL60,
P42679,MATK,SP600125,HL60,
P42679,MATK,TAK715,HL60,
P42679,MATK,TBCA,HL60,
P42679,MATK,AT13148,HL60,
P42679,MATK,AZ20,HL60,
P42679,MATK,AZD6738,HL60,
P42679,MATK,Bosutinib,HL60,
P42679,MATK,Dabrafenib,HL60,
P42679,MATK,Dasatinib,HL60,
P42679,MATK,DNAPK,HL60,
P42679,MATK,H89,HL60,
P42679,MATK,KD025,HL60,
P42679,MATK,NU7441,HL60,
P42679,MATK,Ripasudil,HL60,
P42679,MATK,Vemurafenib,HL60,
P42679,MATK,CX4945,HL60,
P42679,MATK,GO6983,HL60,
P42679,MATK,KN93,HL60,
P42679,MATK,MK2206,HL60,
Q00536,CDK16,AZD5438,HL60,-3.611531976060717
Q00536,CDK16,FRAX486,HL60,-0.49013757479904463
Q00536,CDK16,Ku0063794,HL60,0.3845832403180553
Q00536,CDK16,PD153035,HL60,-0.06691834668009577
Q00536,CDK16,PF3758309,HL60,-2.9056376027471673
Q00536,CDK16,Torin,HL60,-0.46853497799259897
Q00536,CDK16,Trametinib,HL60,0.0981763978601526
Q00536,CDK16,AZD1480,HL60,0.7444221223322637
Q00536,CDK16,AZD5363,HL60,0.8124086157843274
Q00536,CDK16,BX912,HL60,0.4249049969392538
Q00536,CDK16,CHIR99021,HL60,0.7054435724337403
Q00536,CDK16,GSK2334470,HL60,1.6406553962614752
Q00536,CDK16,Ipatasertib,HL60,0.7511231536807665
Q00536,CDK16,LY2090314,HL60,-0.17024301105340017
Q00536,CDK16,Tofacitinib,HL60,1.0201541008426647
Q00536,CDK16,AZD6482,HL60,-0.45963526560520185
Q00536,CDK16,CAL101,HL60,0.06067461285538287
Q00536,CDK16,GDC0941,HL60,0.6051489552965331
Q00536,CDK16,HS173,HL60,0.34495987429109165
Q00536,CDK16,PIK294,HL60,0.6736130603749504
Q00536,CDK16,TGX221,HL60,0.7287673112005244
Q00536,CDK16,AZD8055,HL60,0.20465339830523022
Q00536,CDK16,GDC0994,HL60,0.5542393625080488
Q00536,CDK16,JNK,HL60,0.13582461724986247
Q00536,CDK16,LY2584702,HL60,0.3322427075515938
Q00536,CDK16,PH797804,HL60,-0.06051638473386561
Q00536,CDK16,Selumetinib,HL60,-0.020691450601331027
Q00536,CDK16,U73122,HL60,0.030956184264192353
Q00536,CDK16,Ulixertinib,HL60,-1.753752542518656
Q00536,CDK16,Amuvatinib,HL60,-1.030851795863489
Q00536,CDK16,AZD3759,HL60,0.0040017893146750885
Q00536,CDK16,GSK690693,HL60,-0.1527542647278541
Q00536,CDK16,JNJ,HL60,-0.157460149867427
Q00536,CDK16,KN62,HL60,-0.6843330603984737
Q00536,CDK16,Linsitinib,HL60,-0.23046437350537935
Q00536,CDK16,LY2835219,HL60,-2.1770555209179663
Q00536,CDK16,Ribociclib,HL60,-2.329292911392308
Q00536,CDK16,AC220,HL60,-0.04898363591924198
Q00536,CDK16,Edelfosine,HL60,0.8406124496167728
Q00536,CDK16,GF109203X,HL60,0.7686244902332429
Q00536,CDK16,Go6976,HL60,0.23841432464010587
Q00536,CDK16,PF4708671,HL60,-1.1240901872007956
Q00536,CDK16,SP600125,HL60,1.3289286136995557
Q00536,CDK16,TAK715,HL60,0.22577868447767271
Q00536,CDK16,TBCA,HL60,-0.3729635374407714
Q00536,CDK16,AT13148,HL60,-0.4367624572080844
Q00536,CDK16,AZ20,HL60,0.8868212981895217
Q00536,CDK16,AZD6738,HL60,0.39095213201760215
Q00536,CDK16,Bosutinib,HL60,0.022438911564224215
Q00536,CDK16,Dabrafenib,HL60,-1.190900284664915
Q00536,CDK16,Dasatinib,HL60,-0.7001887366035643
Q00536,CDK16,DNAPK,HL60,0.4716373422340653
Q00536,CDK16,H89,HL60,0.9510388120701757
Q00536,CDK16,KD025,HL60,-2.1469026877649133
Q00536,CDK16,NU7441,HL60,0.8046004524981091
Q00536,CDK16,Ripasudil,HL60,0.5954763125419074
Q00536,CDK16,Vemurafenib,HL60,-0.25905910156225703
Q00536,CDK16,CX4945,HL60,0.5316847750499549
Q00536,CDK16,GO6983,HL60,1.2093564189557995
Q00536,CDK16,KN93,HL60,0.7907824410762825
Q00536,CDK16,MK2206,HL60,2.039570599278764
Q7Z2Y5,NRK,AZD5438,HL60,0.09496334423747145
Q7Z2Y5,NRK,FRAX486,HL60,0.3389963871392218
Q7Z2Y5,NRK,Ku0063794,HL60,-0.041206443417480955
Q7Z2Y5,NRK,PD153035,HL60,0.2613078807221099
Q7Z2Y5,NRK,PF3758309,HL60,0.392507907021508
Q7Z2Y5,NRK,Torin,HL60,0.11806482531049042
Q7Z2Y5,NRK,Trametinib,HL60,-0.34328029833931584
Q7Z2Y5,NRK,AZD1480,HL60,-0.5733395485193199
Q7Z2Y5,NRK,AZD5363,HL60,-0.22609778969361372
Q7Z2Y5,NRK,BX912,HL60,-0.2566000773572104
Q7Z2Y5,NRK,CHIR99021,HL60,-0.45925329837535783
Q7Z2Y5,NRK,GSK2334470,HL60,-0.25525735677181216
Q7Z2Y5,NRK,Ipatasertib,HL60,-0.08233781763295914
Q7Z2Y5,NRK,LY2090314,HL60,-0.13859344745585245
Q7Z2Y5,NRK,Tofacitinib,HL60,-0.08542972319473201
Q7Z2Y5,NRK,AZD6482,HL60,-0.33573823930947994
Q7Z2Y5,NRK,CAL101,HL60,-0.3648370285231357
Q7Z2Y5,NRK,GDC0941,HL60,-0.7312086774150857
Q7Z2Y5,NRK,HS173,HL60,0.16659652489249796
Q7Z2Y5,NRK,PIK294,HL60,-0.3047145869214954
Q7Z2Y5,NRK,TGX221,HL60,-0.3028963712515602
Q7Z2Y5,NRK,AZD8055,HL60,0.14035177415557576
Q7Z2Y5,NRK,GDC0994,HL60,-0.20306882221499092
Q7Z2Y5,NRK,JNK,HL60,-0.09487613765439386
Q7Z2Y5,NRK,LY2584702,HL60,-0.39617501272556654
Q7Z2Y5,NRK,PH797804,HL60,-0.10455990468141865
Q7Z2Y5,NRK,Selumetinib,HL60,0.20616661476035925
Q7Z2Y5,NRK,U73122,HL60,-0.08839695198889
Q7Z2Y5,NRK,Ulixertinib,HL60,-0.31733661389311396
Q7Z2Y5,NRK,Amuvatinib,HL60,-0.7352739037299239
Q7Z2Y5,NRK,AZD3759,HL60,-0.798586810124463
Q7Z2Y5,NRK,GSK690693,HL60,-0.33956077949137087
Q7Z2Y5,NRK,JNJ,HL60,1.3290777730295857
Q7Z2Y5,NRK,KN62,HL60,-0.6914123064911235
Q7Z2Y5,NRK,Linsitinib,HL60,-0.9851367338705624
Q7Z2Y5,NRK,LY2835219,HL60,-0.6623149770875307
Q7Z2Y5,NRK,Ribociclib,HL60,-1.0654281767209994
Q7Z2Y5,NRK,AC220,HL60,-0.1472751683543004
Q7Z2Y5,NRK,Edelfosine,HL60,-0.3606428973599851
Q7Z2Y5,NRK,GF109203X,HL60,0.014440545416754921
Q7Z2Y5,NRK,Go6976,HL60,-0.19715868934226627
Q7Z2Y5,NRK,PF4708671,HL60,-0.0685243722586703
Q7Z2Y5,NRK,SP600125,HL60,0.1446074148091438
Q7Z2Y5,NRK,TAK715,HL60,-0.3719570968273141
Q7Z2Y5,NRK,TBCA,HL60,-0.2136297087374913
Q7Z2Y5,NRK,AT13148,HL60,0.7590101382758893
Q7Z2Y5,NRK,AZ20,HL60,0.973362186105016
Q7Z2Y5,NRK,AZD6738,HL60,1.0984351530844576
Q7Z2Y5,NRK,Bosutinib,HL60,-0.32762072995884234
Q7Z2Y5,NRK,Dabrafenib,HL60,-0.5703965886035541
Q7Z2Y5,NRK,Dasatinib,HL60,0.2606826965686292
Q7Z2Y5,NRK,DNAPK,HL60,0.033151226272723024
Q7Z2Y5,NRK,H89,HL60,0.16398554397143417
Q7Z2Y5,NRK,KD025,HL60,-0.5731027573076648
Q7Z2Y5,NRK,NU7441,HL60,-0.992979031678877
Q7Z2Y5,NRK,Ripasudil,HL60,-0.15561541660706024
Q7Z2Y5,NRK,Vemurafenib,HL60,-0.7659413024942197
Q7Z2Y5,NRK,CX4945,HL60,0.6571144378818518
Q7Z2Y5,NRK,GO6983,HL60,0.5646829177250877
Q7Z2Y5,NRK,KN93,HL60,0.8485399688166944
Q7Z2Y5,NRK,MK2206,HL60,0.6891115561512886
Q00537,CDK17,AZD5438,HL60,-3.3953305632596393
Q00537,CDK17,FRAX486,HL60,-0.19027115057036353
Q00537,CDK17,Ku0063794,HL60,-1.2462362067588193
Q00537,CDK17,PD153035,HL60,-0.38466840539528097
Q00537,CDK17,PF3758309,HL60,-2.9676405127246617
Q00537,CDK17,Torin,HL60,-0.4670531772999184
Q00537,CDK17,Trametinib,HL60,0.05563717226498125
Q00537,CDK17,AZD1480,HL60,0.8909693552806216
Q00537,CDK17,AZD5363,HL60,0.2702273098362374
Q00537,CDK17,BX912,HL60,0.24819544321993
Q00537,CDK17,CHIR99021,HL60,0.34974305356428503
Q00537,CDK17,GSK2334470,HL60,0.8418533857672079
Q00537,CDK17,Ipatasertib,HL60,0.6316971676131926
Q00537,CDK17,LY2090314,HL60,-0.19429820297997327
Q00537,CDK17,Tofacitinib,HL60,0.7373441557444445
Q00537,CDK17,AZD6482,HL60,-0.06582393993775928
Q00537,CDK17,CAL101,HL60,1.1548412764479021
Q00537,CDK17,GDC0941,HL60,1.644762544338678
Q00537,CDK17,HS173,HL60,1.163483487907454
Q00537,CDK17,PIK294,HL60,0.39361067225011614
Q00537,CDK17,TGX221,HL60,1.6573086201658542
Q00537,CDK17,AZD8055,HL60,0.23989929234183616
Q00537,CDK17,GDC0994,HL60,-0.3499684526366114
Q00537,CDK17,JNK,HL60,-0.04546994433561385
Q00537,CDK17,LY2584702,HL60,-0.0710509172958347
Q00537,CDK17,PH797804,HL60,-1.2530416259963517
Q00537,CDK17,Selumetinib,HL60,-1.4553571047608695
Q00537,CDK17,U73122,HL60,-1.1763025535256597
Q00537,CDK17,Ulixertinib,HL60,-2.1383693558107453
Q00537,CDK17,Amuvatinib,HL60,-0.4358400298521749
Q00537,CDK17,AZD3759,HL60,-0.20804549623058435
Q00537,CDK17,GSK690693,HL60,0.12119849980938702
Q00537,CDK17,JNJ,HL60,-0.5595710108991592
Q00537,CDK17,KN62,HL60,-2.789497272092359
Q00537,CDK17,Linsitinib,HL60,-0.38688216686727384
Q00537,CDK17,LY2835219,HL60,-1.651746302760586
Q00537,CDK17,Ribociclib,HL60,-1.9518654753867966
Q00537,CDK17,AC220,HL60,0.4009859423383386
Q00537,CDK17,Edelfosine,HL60,0.42388151887523057
Q00537,CDK17,GF109203X,HL60,1.3763723031259683
Q00537,CDK17,Go6976,HL60,1.31914792614485
Q00537,CDK17,PF4708671,HL60,-0.6618191509252692
Q00537,CDK17,SP600125,HL60,0.8448040472620268
Q00537,CDK17,TAK715,HL60,0.8791311376537845
Q00537,CDK17,TBCA,HL60,0.05181636297889418
Q00537,CDK17,AT13148,HL60,0.28961592294161137
Q00537,CDK17,AZ20,HL60,0.708154377578138
Q00537,CDK17,AZD6738,HL60,0.22432776479755523
Q00537,CDK17,Bosutinib,HL60,0.7983318200679904
Q00537,CDK17,Dabrafenib,HL60,-0.20935534573217646
Q00537,CDK17,Dasatinib,HL60,0.49003700821710566
Q00537,CDK17,DNAPK,HL60,1.021820235559699
Q00537,CDK17,H89,HL60,0.7794167290302422
Q00537,CDK17,KD025,HL60,-1.2986664789376394
Q00537,CDK17,NU7441,HL60,0.6766215283404738
Q00537,CDK17,Ripasudil,HL60,0.3811532073777813
Q00537,CDK17,Vemurafenib,HL60,-0.03533761780806318
Q00537,CDK17,CX4945,HL60,1.4007090143638883
Q00537,CDK17,GO6983,HL60,1.3567047255982112
Q00537,CDK17,KN93,HL60,0.2533093978308896
Q00537,CDK17,MK2206,HL60,1.951383568939016
Q96L34,MARK4,AZD5438,HL60,0.8202302641046842
Q96L34,MARK4,FRAX486,HL60,-0.022925144438744768
Q96L34,MARK4,Ku0063794,HL60,-0.10718251565940931
Q96L34,MARK4,PD153035,HL60,-0.3254016226294899
Q96L34,MARK4,PF3758309,HL60,-0.4026404231776299
Q96L34,MARK4,Torin,HL60,-0.7122921475221546
Q96L34,MARK4,Trametinib,HL60,0.027336770687336535
Q96L34,MARK4,AZD1480,HL60,1.1438778989637943
Q96L34,MARK4,AZD5363,HL60,1.4227019338152984
Q96L34,MARK4,BX912,HL60,-0.7979200098699403
Q96L34,MARK4,CHIR99021,HL60,1.8781802568290167
Q96L34,MARK4,GSK2334470,HL60,1.2209654587659609
Q96L34,MARK4,Ipatasertib,HL60,1.4767550534916558
Q96L34,MARK4,LY2090314,HL60,1.7694096696071002
Q96L34,MARK4,Tofacitinib,HL60,0.5971183553430001
Q96L34,MARK4,AZD6482,HL60,0.3627075413786212
Q96L34,MARK4,CAL101,HL60,-1.1694434448139264
Q96L34,MARK4,GDC0941,HL60,1.0340805404657512
Q96L34,MARK4,HS173,HL60,-1.0326343037780281
Q96L34,MARK4,PIK294,HL60,0.3479325496101102
Q96L34,MARK4,TGX221,HL60,-0.42334730770300905
Q96L34,MARK4,AZD8055,HL60,-0.10082385569070718
Q96L34,MARK4,GDC0994,HL60,-0.7769979058864386
Q96L34,MARK4,JNK,HL60,-1.0579782092624097
Q96L34,MARK4,LY2584702,HL60,-0.16164708001239791
Q96L34,MARK4,PH797804,HL60,-1.5014808548700327
Q96L34,MARK4,Selumetinib,HL60,-0.17777809774911735
Q96L34,MARK4,U73122,HL60,-1.09469033440597
Q96L34,MARK4,Ulixertinib,HL60,-0.8914723020599801
Q96L34,MARK4,Amuvatinib,HL60,-0.27792100030456435
Q96L34,MARK4,AZD3759,HL60,-0.1226085649282214
Q96L34,MARK4,GSK690693,HL60,0.4691567764777688
Q96L34,MARK4,JNJ,HL60,0.45333056906194646
Q96L34,MARK4,KN62,HL60,0.10510886745701833
Q96L34,MARK4,Linsitinib,HL60,-0.01724417660249672
Q96L34,MARK4,LY2835219,HL60,-0.18044039727100622
Q96L34,MARK4,Ribociclib,HL60,-0.09615545107312866
Q96L34,MARK4,AC220,HL60,0.069281717410794
Q96L34,MARK4,Edelfosine,HL60,0.8544448777253181
Q96L34,MARK4,GF109203X,HL60,-0.13136967046205245
Q96L34,MARK4,Go6976,HL60,-0.7475455759883421
Q96L34,MARK4,PF4708671,HL60,0.23697572187030116
Q96L34,MARK4,SP600125,HL60,0.0887145675516893
Q96L34,MARK4,TAK715,HL60,-1.054551300089135
Q96L34,MARK4,TBCA,HL60,-0.8251389423603159
Q96L34,MARK4,AT13148,HL60,0.40373663975930507
Q96L34,MARK4,AZ20,HL60,-0.38924567078712274
Q96L34,MARK4,AZD6738,HL60,-0.27916197138115245
Q96L34,MARK4,Bosutinib,HL60,-1.3487867314188684
Q96L34,MARK4,Dabrafenib,HL60,0.6276876127010905
Q96L34,MARK4,Dasatinib,HL60,-0.18888654508062394
Q96L34,MARK4,DNAPK,HL60,-0.008772833293931536
Q96L34,MARK4,H89,HL60,-0.44554611488324997
Q96L34,MARK4,KD025,HL60,-0.5747730685137846
Q96L34,MARK4,NU7441,HL60,-0.09038111447475386
Q96L34,MARK4,Ripasudil,HL60,-0.7376007002535064
Q96L34,MARK4,Vemurafenib,HL60,1.1560896131193834
Q96L34,MARK4,CX4945,HL60,0.14433953562398563
Q96L34,MARK4,GO6983,HL60,0.729608009694757
Q96L34,MARK4,KN93,HL60,0.3610299744850078
Q96L34,MARK4,MK2206,HL60,0.5407852079926622
P21709,EPHA1,AZD5438,HL60,
P21709,EPHA1,FRAX486,HL60,
P21709,EPHA1,Ku0063794,HL60,
P21709,EPHA1,PD153035,HL60,
P21709,EPHA1,PF3758309,HL60,
P21709,EPHA1,Torin,HL60,
P21709,EPHA1,Trametinib,HL60,
P21709,EPHA1,AZD1480,HL60,
P21709,EPHA1,AZD5363,HL60,
P21709,EPHA1,BX912,HL60,
P21709,EPHA1,CHIR99021,HL60,
P21709,EPHA1,GSK2334470,HL60,
P21709,EPHA1,Ipatasertib,HL60,
P21709,EPHA1,LY2090314,HL60,
P21709,EPHA1,Tofacitinib,HL60,
P21709,EPHA1,AZD6482,HL60,
P21709,EPHA1,CAL101,HL60,
P21709,EPHA1,GDC0941,HL60,
P21709,EPHA1,HS173,HL60,
P21709,EPHA1,PIK294,HL60,
P21709,EPHA1,TGX221,HL60,
P21709,EPHA1,AZD8055,HL60,
P21709,EPHA1,GDC0994,HL60,
P21709,EPHA1,JNK,HL60,
P21709,EPHA1,LY2584702,HL60,
P21709,EPHA1,PH797804,HL60,
P21709,EPHA1,Selumetinib,HL60,
P21709,EPHA1,U73122,HL60,
P21709,EPHA1,Ulixertinib,HL60,
P21709,EPHA1,Amuvatinib,HL60,
P21709,EPHA1,AZD3759,HL60,
P21709,EPHA1,GSK690693,HL60,
P21709,EPHA1,JNJ,HL60,
P21709,EPHA1,KN62,HL60,
P21709,EPHA1,Linsitinib,HL60,
P21709,EPHA1,LY2835219,HL60,
P21709,EPHA1,Ribociclib,HL60,
P21709,EPHA1,AC220,HL60,
P21709,EPHA1,Edelfosine,HL60,
P21709,EPHA1,GF109203X,HL60,
P21709,EPHA1,Go6976,HL60,
P21709,EPHA1,PF4708671,HL60,
P21709,EPHA1,SP600125,HL60,
P21709,EPHA1,TAK715,HL60,
P21709,EPHA1,TBCA,HL60,
P21709,EPHA1,AT13148,HL60,
P21709,EPHA1,AZ20,HL60,
P21709,EPHA1,AZD6738,HL60,
P21709,EPHA1,Bosutinib,HL60,
P21709,EPHA1,Dabrafenib,HL60,
P21709,EPHA1,Dasatinib,HL60,
P21709,EPHA1,DNAPK,HL60,
P21709,EPHA1,H89,HL60,
P21709,EPHA1,KD025,HL60,
P21709,EPHA1,NU7441,HL60,
P21709,EPHA1,Ripasudil,HL60,
P21709,EPHA1,Vemurafenib,HL60,
P21709,EPHA1,CX4945,HL60,
P21709,EPHA1,GO6983,HL60,
P21709,EPHA1,KN93,HL60,
P21709,EPHA1,MK2206,HL60,
Q9UK32,RPS6KA6,AZD5438,HL60,0.5030313752921615
Q9UK32,RPS6KA6,FRAX486,HL60,1.4112836141231881
Q9UK32,RPS6KA6,Ku0063794,HL60,-0.42382600461822095
Q9UK32,RPS6KA6,PD153035,HL60,0.6390802283316921
Q9UK32,RPS6KA6,PF3758309,HL60,-3.3846513886613545
Q9UK32,RPS6KA6,Torin,HL60,0.1790829997763937
Q9UK32,RPS6KA6,Trametinib,HL60,-2.797245268499056
Q9UK32,RPS6KA6,AZD1480,HL60,-0.10128362195132365
Q9UK32,RPS6KA6,AZD5363,HL60,-1.0863022045997117
Q9UK32,RPS6KA6,BX912,HL60,-0.2789178054989186
Q9UK32,RPS6KA6,CHIR99021,HL60,-0.046784906867781986
Q9UK32,RPS6KA6,GSK2334470,HL60,-1.0389128739838709
Q9UK32,RPS6KA6,Ipatasertib,HL60,-0.9526988032428075
Q9UK32,RPS6KA6,LY2090314,HL60,-0.566808442895695
Q9UK32,RPS6KA6,Tofacitinib,HL60,0.14296704909592353
Q9UK32,RPS6KA6,AZD6482,HL60,-1.1657785336542845
Q9UK32,RPS6KA6,CAL101,HL60,0.06921611464431993
Q9UK32,RPS6KA6,GDC0941,HL60,-1.6324932417211189
Q9UK32,RPS6KA6,HS173,HL60,-0.6494992790307774
Q9UK32,RPS6KA6,PIK294,HL60,-0.06799439332834953
Q9UK32,RPS6KA6,TGX221,HL60,-0.1678204631560998
Q9UK32,RPS6KA6,AZD8055,HL60,-0.04423676696990181
Q9UK32,RPS6KA6,GDC0994,HL60,-0.791966837112293
Q9UK32,RPS6KA6,JNK,HL60,0.5744728252264805
Q9UK32,RPS6KA6,LY2584702,HL60,-0.09209169234007232
Q9UK32,RPS6KA6,PH797804,HL60,0.24300332534290103
Q9UK32,RPS6KA6,Selumetinib,HL60,-0.8018973432970765
Q9UK32,RPS6KA6,U73122,HL60,0.5842078383475842
Q9UK32,RPS6KA6,Ulixertinib,HL60,0.21786922944257917
Q9UK32,RPS6KA6,Amuvatinib,HL60,0.2775389078797236
Q9UK32,RPS6KA6,AZD3759,HL60,-0.23012682296710163
Q9UK32,RPS6KA6,GSK690693,HL60,-0.5150481483003534
Q9UK32,RPS6KA6,JNJ,HL60,0.3868622979702788
Q9UK32,RPS6KA6,KN62,HL60,-0.24736059463408455
Q9UK32,RPS6KA6,Linsitinib,HL60,-0.643476502473203
Q9UK32,RPS6KA6,LY2835219,HL60,-1.066295614081959
Q9UK32,RPS6KA6,Ribociclib,HL60,0.3152539772044133
Q9UK32,RPS6KA6,AC220,HL60,0.4535504574690857
Q9UK32,RPS6KA6,Edelfosine,HL60,0.667288665652391
Q9UK32,RPS6KA6,GF109203X,HL60,-1.5125911317154879
Q9UK32,RPS6KA6,Go6976,HL60,-0.11323579113180655
Q9UK32,RPS6KA6,PF4708671,HL60,-0.4861215838874371
Q9UK32,RPS6KA6,SP600125,HL60,0.8552955100408619
Q9UK32,RPS6KA6,TAK715,HL60,0.34060941907765024
Q9UK32,RPS6KA6,TBCA,HL60,1.0826536292064557
Q9UK32,RPS6KA6,AT13148,HL60,-1.108220223553244
Q9UK32,RPS6KA6,AZ20,HL60,-0.69234904086032
Q9UK32,RPS6KA6,AZD6738,HL60,0.1371981236317549
Q9UK32,RPS6KA6,Bosutinib,HL60,0.9535980628284458
Q9UK32,RPS6KA6,Dabrafenib,HL60,1.2777353663236155
Q9UK32,RPS6KA6,Dasatinib,HL60,0.44216662270639434
Q9UK32,RPS6KA6,DNAPK,HL60,0.6815758282447608
Q9UK32,RPS6KA6,H89,HL60,0.6131582519452776
Q9UK32,RPS6KA6,KD025,HL60,0.8320657174114436
Q9UK32,RPS6KA6,NU7441,HL60,-0.5596918680721824
Q9UK32,RPS6KA6,Ripasudil,HL60,-0.4681879788285849
Q9UK32,RPS6KA6,Vemurafenib,HL60,0.8284583441331083
Q9UK32,RPS6KA6,CX4945,HL60,0.1865329811155406
Q9UK32,RPS6KA6,GO6983,HL60,-0.08112608102002983
Q9UK32,RPS6KA6,KN93,HL60,0.29279112405910723
Q9UK32,RPS6KA6,MK2206,HL60,0.6997125140391205
Q9NSY1,BMP2K,AZD5438,HL60,0.20197669816970834
Q9NSY1,BMP2K,FRAX486,HL60,-0.3686381180316063
Q9NSY1,BMP2K,Ku0063794,HL60,-1.579895345320247
Q9NSY1,BMP2K,PD153035,HL60,0.09216895826985876
Q9NSY1,BMP2K,PF3758309,HL60,-0.14723583019927164
Q9NSY1,BMP2K,Torin,HL60,-0.2381426058960501
Q9NSY1,BMP2K,Trametinib,HL60,0.08713371117894747
Q9NSY1,BMP2K,AZD1480,HL60,-0.3867161900686325
Q9NSY1,BMP2K,AZD5363,HL60,0.19393438948431388
Q9NSY1,BMP2K,BX912,HL60,-1.0081265044231036
Q9NSY1,BMP2K,CHIR99021,HL60,0.4892475873648655
Q9NSY1,BMP2K,GSK2334470,HL60,-0.4501602755364129
Q9NSY1,BMP2K,Ipatasertib,HL60,-0.2649303211304207
Q9NSY1,BMP2K,LY2090314,HL60,-0.4087987796617512
Q9NSY1,BMP2K,Tofacitinib,HL60,-0.14942927498884206
Q9NSY1,BMP2K,AZD6482,HL60,0.3700558902031545
Q9NSY1,BMP2K,CAL101,HL60,-0.16823883539036513
Q9NSY1,BMP2K,GDC0941,HL60,-1.4134853586619442
Q9NSY1,BMP2K,HS173,HL60,0.14327573283986614
Q9NSY1,BMP2K,PIK294,HL60,0.16925096198750844
Q9NSY1,BMP2K,TGX221,HL60,-0.4399899169969069
Q9NSY1,BMP2K,AZD8055,HL60,1.0052140806627208
Q9NSY1,BMP2K,GDC0994,HL60,1.4664603801642029
Q9NSY1,BMP2K,JNK,HL60,1.2152879873208746
Q9NSY1,BMP2K,LY2584702,HL60,0.7899133795850206
Q9NSY1,BMP2K,PH797804,HL60,1.137636403627331
Q9NSY1,BMP2K,Selumetinib,HL60,0.7946892157668338
Q9NSY1,BMP2K,U73122,HL60,0.8048719600828798
Q9NSY1,BMP2K,Ulixertinib,HL60,0.6526263493424868
Q9NSY1,BMP2K,Amuvatinib,HL60,0.02675985268395856
Q9NSY1,BMP2K,AZD3759,HL60,-0.14120012824923475
Q9NSY1,BMP2K,GSK690693,HL60,-0.09363562801983624
Q9NSY1,BMP2K,JNJ,HL60,0.10301632304254754
Q9NSY1,BMP2K,KN62,HL60,0.04188510210351375
Q9NSY1,BMP2K,Linsitinib,HL60,-0.21226528676340295
Q9NSY1,BMP2K,LY2835219,HL60,-0.2673503663442845
Q9NSY1,BMP2K,Ribociclib,HL60,0.16364921634356744
Q9NSY1,BMP2K,AC220,HL60,0.5343541665824459
Q9NSY1,BMP2K,Edelfosine,HL60,0.08144109090729751
Q9NSY1,BMP2K,GF109203X,HL60,0.752527794715734
Q9NSY1,BMP2K,Go6976,HL60,0.4777316084534961
Q9NSY1,BMP2K,PF4708671,HL60,0.5829282386426436
Q9NSY1,BMP2K,SP600125,HL60,-0.8230526400331085
Q9NSY1,BMP2K,TAK715,HL60,-0.06998941469894003
Q9NSY1,BMP2K,TBCA,HL60,0.38380309256309736
Q9NSY1,BMP2K,AT13148,HL60,0.8266568181473911
Q9NSY1,BMP2K,AZ20,HL60,-0.21509877989702117
Q9NSY1,BMP2K,AZD6738,HL60,0.19285871253901624
Q9NSY1,BMP2K,Bosutinib,HL60,0.8664234127653614
Q9NSY1,BMP2K,Dabrafenib,HL60,0.27502951917856
Q9NSY1,BMP2K,Dasatinib,HL60,-0.035022519937013906
Q9NSY1,BMP2K,DNAPK,HL60,-0.830716011271881
Q9NSY1,BMP2K,H89,HL60,0.9824623527282108
Q9NSY1,BMP2K,KD025,HL60,0.8026619222443456
Q9NSY1,BMP2K,NU7441,HL60,0.4776296414672966
Q9NSY1,BMP2K,Ripasudil,HL60,0.9891986424037347
Q9NSY1,BMP2K,Vemurafenib,HL60,-1.1030333662815637
Q9NSY1,BMP2K,CX4945,HL60,0.471101434240029
Q9NSY1,BMP2K,GO6983,HL60,0.24006973967887585
Q9NSY1,BMP2K,KN93,HL60,0.2090606695593793
Q9NSY1,BMP2K,MK2206,HL60,0.4291997663149397
Q9H2G2,SLK,AZD5438,HL60,0.5024430243004706
Q9H2G2,SLK,FRAX486,HL60,1.7955403556682337
Q9H2G2,SLK,Ku0063794,HL60,0.036763520950919955
Q9H2G2,SLK,PD153035,HL60,0.012809108617141943
Q9H2G2,SLK,PF3758309,HL60,-1.0410379199808066
Q9H2G2,SLK,Torin,HL60,-0.4355502561256262
Q9H2G2,SLK,Trametinib,HL60,1.2793938792333823
Q9H2G2,SLK,AZD1480,HL60,-0.3044221390658279
Q9H2G2,SLK,AZD5363,HL60,-0.14166040591128995
Q9H2G2,SLK,BX912,HL60,-0.1626528985297082
Q9H2G2,SLK,CHIR99021,HL60,0.1376098102078732
Q9H2G2,SLK,GSK2334470,HL60,0.17941395746862474
Q9H2G2,SLK,Ipatasertib,HL60,-0.01982793658676333
Q9H2G2,SLK,LY2090314,HL60,1.9690833511099939
Q9H2G2,SLK,Tofacitinib,HL60,-0.023020622883186913
Q9H2G2,SLK,AZD6482,HL60,0.6145065956078539
Q9H2G2,SLK,CAL101,HL60,3.154893254040223
Q9H2G2,SLK,GDC0941,HL60,1.420151208360895
Q9H2G2,SLK,HS173,HL60,1.1011590233828925
Q9H2G2,SLK,PIK294,HL60,0.8274675105429375
Q9H2G2,SLK,TGX221,HL60,2.167567231637258
Q9H2G2,SLK,AZD8055,HL60,-2.6943625084872105
Q9H2G2,SLK,GDC0994,HL60,0.06512500648844444
Q9H2G2,SLK,JNK,HL60,-0.0057754741585290415
Q9H2G2,SLK,LY2584702,HL60,2.003917200869185
Q9H2G2,SLK,PH797804,HL60,1.77355674056699
Q9H2G2,SLK,Selumetinib,HL60,-1.4405164439938496
Q9H2G2,SLK,U73122,HL60,0.6422493595311812
Q9H2G2,SLK,Ulixertinib,HL60,0.2976268732102146
Q9H2G2,SLK,Amuvatinib,HL60,-0.6038567364887705
Q9H2G2,SLK,AZD3759,HL60,-0.933867197145678
Q9H2G2,SLK,GSK690693,HL60,0.5293251910923452
Q9H2G2,SLK,JNJ,HL60,0.4940599890670288
Q9H2G2,SLK,KN62,HL60,0.22244980103328157
Q9H2G2,SLK,Linsitinib,HL60,0.4884964627390012
Q9H2G2,SLK,LY2835219,HL60,-0.1157478592932827
Q9H2G2,SLK,Ribociclib,HL60,0.5391275290831488
Q9H2G2,SLK,AC220,HL60,0.5049960639749658
Q9H2G2,SLK,Edelfosine,HL60,0.2818298806238539
Q9H2G2,SLK,GF109203X,HL60,-1.2027475246895674
Q9H2G2,SLK,Go6976,HL60,0.0772143471031709
Q9H2G2,SLK,PF4708671,HL60,0.4148844854121851
Q9H2G2,SLK,SP600125,HL60,-0.13558028448564524
Q9H2G2,SLK,TAK715,HL60,-0.06227689657695325
Q9H2G2,SLK,TBCA,HL60,-1.5139591535407133
Q9H2G2,SLK,AT13148,HL60,0.8534828636282785
Q9H2G2,SLK,AZ20,HL60,0.06668398731406837
Q9H2G2,SLK,AZD6738,HL60,-0.23665202270769758
Q9H2G2,SLK,Bosutinib,HL60,-0.03674316159077015
Q9H2G2,SLK,Dabrafenib,HL60,0.05638076939861315
Q9H2G2,SLK,Dasatinib,HL60,0.8421901267602281
Q9H2G2,SLK,DNAPK,HL60,0.22614236627223253
Q9H2G2,SLK,H89,HL60,0.9073218093507763
Q9H2G2,SLK,KD025,HL60,-0.5034007571331997
Q9H2G2,SLK,NU7441,HL60,0.2400438609999277
Q9H2G2,SLK,Ripasudil,HL60,0.057447673491137774
Q9H2G2,SLK,Vemurafenib,HL60,0.8865155794804217
Q9H2G2,SLK,CX4945,HL60,1.3308943068997379
Q9H2G2,SLK,GO6983,HL60,-2.1921413929991833
Q9H2G2,SLK,KN93,HL60,1.037676821904013
Q9H2G2,SLK,MK2206,HL60,1.5141011893441507
Q9BYT3,STK33,AZD5438,HL60,
Q9BYT3,STK33,FRAX486,HL60,
Q9BYT3,STK33,Ku0063794,HL60,
Q9BYT3,STK33,PD153035,HL60,
Q9BYT3,STK33,PF3758309,HL60,
Q9BYT3,STK33,Torin,HL60,
Q9BYT3,STK33,Trametinib,HL60,
Q9BYT3,STK33,AZD1480,HL60,
Q9BYT3,STK33,AZD5363,HL60,
Q9BYT3,STK33,BX912,HL60,
Q9BYT3,STK33,CHIR99021,HL60,
Q9BYT3,STK33,GSK2334470,HL60,
Q9BYT3,STK33,Ipatasertib,HL60,
Q9BYT3,STK33,LY2090314,HL60,
Q9BYT3,STK33,Tofacitinib,HL60,
Q9BYT3,STK33,AZD6482,HL60,
Q9BYT3,STK33,CAL101,HL60,
Q9BYT3,STK33,GDC0941,HL60,
Q9BYT3,STK33,HS173,HL60,
Q9BYT3,STK33,PIK294,HL60,
Q9BYT3,STK33,TGX221,HL60,
Q9BYT3,STK33,AZD8055,HL60,
Q9BYT3,STK33,GDC0994,HL60,
Q9BYT3,STK33,JNK,HL60,
Q9BYT3,STK33,LY2584702,HL60,
Q9BYT3,STK33,PH797804,HL60,
Q9BYT3,STK33,Selumetinib,HL60,
Q9BYT3,STK33,U73122,HL60,
Q9BYT3,STK33,Ulixertinib,HL60,
Q9BYT3,STK33,Amuvatinib,HL60,
Q9BYT3,STK33,AZD3759,HL60,
Q9BYT3,STK33,GSK690693,HL60,
Q9BYT3,STK33,JNJ,HL60,
Q9BYT3,STK33,KN62,HL60,
Q9BYT3,STK33,Linsitinib,HL60,
Q9BYT3,STK33,LY2835219,HL60,
Q9BYT3,STK33,Ribociclib,HL60,
Q9BYT3,STK33,AC220,HL60,
Q9BYT3,STK33,Edelfosine,HL60,
Q9BYT3,STK33,GF109203X,HL60,
Q9BYT3,STK33,Go6976,HL60,
Q9BYT3,STK33,PF4708671,HL60,
Q9BYT3,STK33,SP600125,HL60,
Q9BYT3,STK33,TAK715,HL60,
Q9BYT3,STK33,TBCA,HL60,
Q9BYT3,STK33,AT13148,HL60,
Q9BYT3,STK33,AZ20,HL60,
Q9BYT3,STK33,AZD6738,HL60,
Q9BYT3,STK33,Bosutinib,HL60,
Q9BYT3,STK33,Dabrafenib,HL60,
Q9BYT3,STK33,Dasatinib,HL60,
Q9BYT3,STK33,DNAPK,HL60,
Q9BYT3,STK33,H89,HL60,
Q9BYT3,STK33,KD025,HL60,
Q9BYT3,STK33,NU7441,HL60,
Q9BYT3,STK33,Ripasudil,HL60,
Q9BYT3,STK33,Vemurafenib,HL60,
Q9BYT3,STK33,CX4945,HL60,
Q9BYT3,STK33,GO6983,HL60,
Q9BYT3,STK33,KN93,HL60,
Q9BYT3,STK33,MK2206,HL60,
Q16513,PKN2,AZD5438,HL60,1.1929241176810599
Q16513,PKN2,FRAX486,HL60,-1.4116067843661322
Q16513,PKN2,Ku0063794,HL60,0.569541579207506
Q16513,PKN2,PD153035,HL60,0.3804380293634009
Q16513,PKN2,PF3758309,HL60,0.4754037110461895
Q16513,PKN2,Torin,HL60,-1.4509197272192809
Q16513,PKN2,Trametinib,HL60,-0.07927845616117712
Q16513,PKN2,AZD1480,HL60,0.5305078487301191
Q16513,PKN2,AZD5363,HL60,5.763713801901287
Q16513,PKN2,BX912,HL60,1.2428268510580942
Q16513,PKN2,CHIR99021,HL60,2.0949264593644332
Q16513,PKN2,GSK2334470,HL60,1.224758945280587
Q16513,PKN2,Ipatasertib,HL60,5.88913556420827
Q16513,PKN2,LY2090314,HL60,1.3413049473869505
Q16513,PKN2,Tofacitinib,HL60,1.6891394612949273
Q16513,PKN2,AZD6482,HL60,0.5068319151664151
Q16513,PKN2,CAL101,HL60,-0.2128073475711484
Q16513,PKN2,GDC0941,HL60,0.1503768924261029
Q16513,PKN2,HS173,HL60,0.15355333634942145
Q16513,PKN2,PIK294,HL60,0.12532928146345174
Q16513,PKN2,TGX221,HL60,-0.018236641473090946
Q16513,PKN2,AZD8055,HL60,2.5913366949525094
Q16513,PKN2,GDC0994,HL60,1.3078941488382525
Q16513,PKN2,JNK,HL60,1.8227214332755028
Q16513,PKN2,LY2584702,HL60,2.5387485369283165
Q16513,PKN2,PH797804,HL60,1.9804871937214998
Q16513,PKN2,Selumetinib,HL60,1.276312620747761
Q16513,PKN2,U73122,HL60,1.540844638153456
Q16513,PKN2,Ulixertinib,HL60,2.2564653620363946
Q16513,PKN2,Amuvatinib,HL60,0.15246153855763758
Q16513,PKN2,AZD3759,HL60,0.8624415810855607
Q16513,PKN2,GSK690693,HL60,4.712106989642997
Q16513,PKN2,JNJ,HL60,1.0537254558698106
Q16513,PKN2,KN62,HL60,1.0625485838519384
Q16513,PKN2,Linsitinib,HL60,0.29002486767085084
Q16513,PKN2,LY2835219,HL60,1.404332659482199
Q16513,PKN2,Ribociclib,HL60,0.5564267267414821
Q16513,PKN2,AC220,HL60,-3.261612194938336
Q16513,PKN2,Edelfosine,HL60,0.02420641412891692
Q16513,PKN2,GF109203X,HL60,-0.7625707597444554
Q16513,PKN2,Go6976,HL60,1.1317448504471639
Q16513,PKN2,PF4708671,HL60,-3.0426850873364395
Q16513,PKN2,SP600125,HL60,-1.1507138721898444
Q16513,PKN2,TAK715,HL60,1.2467128176495954
Q16513,PKN2,TBCA,HL60,-0.051932207372557423
Q16513,PKN2,AT13148,HL60,0.11661767588918752
Q16513,PKN2,AZ20,HL60,-0.46822442440759837
Q16513,PKN2,AZD6738,HL60,-1.4477141270713672
Q16513,PKN2,Bosutinib,HL60,0.7610397032870467
Q16513,PKN2,Dabrafenib,HL60,0.040140943106434804
Q16513,PKN2,Dasatinib,HL60,0.48455466210945053
Q16513,PKN2,DNAPK,HL60,1.0582256715992968
Q16513,PKN2,H89,HL60,1.20355332681633
Q16513,PKN2,KD025,HL60,0.8337408752113967
Q16513,PKN2,NU7441,HL60,0.418693278670831
Q16513,PKN2,Ripasudil,HL60,-0.1366728911770015
Q16513,PKN2,Vemurafenib,HL60,-2.7918998427185224
Q16513,PKN2,CX4945,HL60,0.11220989287565307
Q16513,PKN2,GO6983,HL60,-0.30682311321880246
Q16513,PKN2,KN93,HL60,-1.2676678615181785
Q16513,PKN2,MK2206,HL60,-1.846831550104967
O60307,MAST3,AZD5438,HL60,
O60307,MAST3,FRAX486,HL60,
O60307,MAST3,Ku0063794,HL60,
O60307,MAST3,PD153035,HL60,
O60307,MAST3,PF3758309,HL60,
O60307,MAST3,Torin,HL60,
O60307,MAST3,Trametinib,HL60,
O60307,MAST3,AZD1480,HL60,
O60307,MAST3,AZD5363,HL60,
O60307,MAST3,BX912,HL60,
O60307,MAST3,CHIR99021,HL60,
O60307,MAST3,GSK2334470,HL60,
O60307,MAST3,Ipatasertib,HL60,
O60307,MAST3,LY2090314,HL60,
O60307,MAST3,Tofacitinib,HL60,
O60307,MAST3,AZD6482,HL60,
O60307,MAST3,CAL101,HL60,
O60307,MAST3,GDC0941,HL60,
O60307,MAST3,HS173,HL60,
O60307,MAST3,PIK294,HL60,
O60307,MAST3,TGX221,HL60,
O60307,MAST3,AZD8055,HL60,
O60307,MAST3,GDC0994,HL60,
O60307,MAST3,JNK,HL60,
O60307,MAST3,LY2584702,HL60,
O60307,MAST3,PH797804,HL60,
O60307,MAST3,Selumetinib,HL60,
O60307,MAST3,U73122,HL60,
O60307,MAST3,Ulixertinib,HL60,
O60307,MAST3,Amuvatinib,HL60,
O60307,MAST3,AZD3759,HL60,
O60307,MAST3,GSK690693,HL60,
O60307,MAST3,JNJ,HL60,
O60307,MAST3,KN62,HL60,
O60307,MAST3,Linsitinib,HL60,
O60307,MAST3,LY2835219,HL60,
O60307,MAST3,Ribociclib,HL60,
O60307,MAST3,AC220,HL60,
O60307,MAST3,Edelfosine,HL60,
O60307,MAST3,GF109203X,HL60,
O60307,MAST3,Go6976,HL60,
O60307,MAST3,PF4708671,HL60,
O60307,MAST3,SP600125,HL60,
O60307,MAST3,TAK715,HL60,
O60307,MAST3,TBCA,HL60,
O60307,MAST3,AT13148,HL60,
O60307,MAST3,AZ20,HL60,
O60307,MAST3,AZD6738,HL60,
O60307,MAST3,Bosutinib,HL60,
O60307,MAST3,Dabrafenib,HL60,
O60307,MAST3,Dasatinib,HL60,
O60307,MAST3,DNAPK,HL60,
O60307,MAST3,H89,HL60,
O60307,MAST3,KD025,HL60,
O60307,MAST3,NU7441,HL60,
O60307,MAST3,Ripasudil,HL60,
O60307,MAST3,Vemurafenib,HL60,
O60307,MAST3,CX4945,HL60,
O60307,MAST3,GO6983,HL60,
O60307,MAST3,KN93,HL60,
O60307,MAST3,MK2206,HL60,
Q9Y2U5,MAP3K2,AZD5438,HL60,1.1848901951664532
Q9Y2U5,MAP3K2,FRAX486,HL60,4.575685690700017
Q9Y2U5,MAP3K2,Ku0063794,HL60,0.6152113399355806
Q9Y2U5,MAP3K2,PD153035,HL60,0.8978995578023837
Q9Y2U5,MAP3K2,PF3758309,HL60,0.9867962357062103
Q9Y2U5,MAP3K2,Torin,HL60,1.010858186983738
Q9Y2U5,MAP3K2,Trametinib,HL60,-5.1779550284216755
Q9Y2U5,MAP3K2,AZD1480,HL60,0.10851962566648632
Q9Y2U5,MAP3K2,AZD5363,HL60,0.031204107988224743
Q9Y2U5,MAP3K2,BX912,HL60,1.0151742472442997
Q9Y2U5,MAP3K2,CHIR99021,HL60,-0.8984077932157443
Q9Y2U5,MAP3K2,GSK2334470,HL60,0.353333598737873
Q9Y2U5,MAP3K2,Ipatasertib,HL60,-0.19993923253545354
Q9Y2U5,MAP3K2,LY2090314,HL60,-1.113043531741469
Q9Y2U5,MAP3K2,Tofacitinib,HL60,-0.46457129664258134
Q9Y2U5,MAP3K2,AZD6482,HL60,-0.724398383988534
Q9Y2U5,MAP3K2,CAL101,HL60,-1.0678217403576475
Q9Y2U5,MAP3K2,GDC0941,HL60,-0.21526068841000717
Q9Y2U5,MAP3K2,HS173,HL60,-2.9567158822693
Q9Y2U5,MAP3K2,PIK294,HL60,-1.3050859235900223
Q9Y2U5,MAP3K2,TGX221,HL60,-0.31111382152859235
Q9Y2U5,MAP3K2,AZD8055,HL60,0.2807555681477889
Q9Y2U5,MAP3K2,GDC0994,HL60,-0.22128277043968506
Q9Y2U5,MAP3K2,JNK,HL60,0.6639916459749001
Q9Y2U5,MAP3K2,LY2584702,HL60,-0.16824170398220975
Q9Y2U5,MAP3K2,PH797804,HL60,-0.4012942891756601
Q9Y2U5,MAP3K2,Selumetinib,HL60,-0.6124121117775392
Q9Y2U5,MAP3K2,U73122,HL60,0.46311750914758604
Q9Y2U5,MAP3K2,Ulixertinib,HL60,2.6453822380713783
Q9Y2U5,MAP3K2,Amuvatinib,HL60,0.41790583146693033
Q9Y2U5,MAP3K2,AZD3759,HL60,1.586792162805477
Q9Y2U5,MAP3K2,GSK690693,HL60,0.6758901957104423
Q9Y2U5,MAP3K2,JNJ,HL60,-1.7376626076691988
Q9Y2U5,MAP3K2,KN62,HL60,3.449421303444592
Q9Y2U5,MAP3K2,Linsitinib,HL60,-1.2147975151050965
Q9Y2U5,MAP3K2,LY2835219,HL60,0.9658002598573032
Q9Y2U5,MAP3K2,Ribociclib,HL60,0.13461899520035978
Q9Y2U5,MAP3K2,AC220,HL60,-1.6730592220982765
Q9Y2U5,MAP3K2,Edelfosine,HL60,-2.8507783442646883
Q9Y2U5,MAP3K2,GF109203X,HL60,0.32568442348463184
Q9Y2U5,MAP3K2,Go6976,HL60,-0.5982764237339526
Q9Y2U5,MAP3K2,PF4708671,HL60,-1.111828555420525
Q9Y2U5,MAP3K2,SP600125,HL60,-0.9119933209540197
Q9Y2U5,MAP3K2,TAK715,HL60,-0.7804551649754535
Q9Y2U5,MAP3K2,TBCA,HL60,-1.0196632796960963
Q9Y2U5,MAP3K2,AT13148,HL60,-0.025999204300811554
Q9Y2U5,MAP3K2,AZ20,HL60,0.2247242727153316
Q9Y2U5,MAP3K2,AZD6738,HL60,0.15918772404824974
Q9Y2U5,MAP3K2,Bosutinib,HL60,1.3273424038611963
Q9Y2U5,MAP3K2,Dabrafenib,HL60,1.7177060109679596
Q9Y2U5,MAP3K2,Dasatinib,HL60,-0.6867381397585821
Q9Y2U5,MAP3K2,DNAPK,HL60,-0.47074894054584016
Q9Y2U5,MAP3K2,H89,HL60,-0.17225184979807548
Q9Y2U5,MAP3K2,KD025,HL60,1.388665566250997
Q9Y2U5,MAP3K2,NU7441,HL60,-0.3767793856856081
Q9Y2U5,MAP3K2,Ripasudil,HL60,-1.894479684369507
Q9Y2U5,MAP3K2,Vemurafenib,HL60,0.48304186406267974
Q9Y2U5,MAP3K2,CX4945,HL60,-0.3555771256684866
Q9Y2U5,MAP3K2,GO6983,HL60,-0.5997972928820967
Q9Y2U5,MAP3K2,KN93,HL60,-0.4997192840084764
Q9Y2U5,MAP3K2,MK2206,HL60,-0.5172646917759565
P49761,CLK3,AZD5438,HL60,0.05226100798806885
P49761,CLK3,FRAX486,HL60,0.8231301422505781
P49761,CLK3,Ku0063794,HL60,0.7483693042100388
P49761,CLK3,PD153035,HL60,0.23710289757073985
P49761,CLK3,PF3758309,HL60,-0.14876253174810858
P49761,CLK3,Torin,HL60,-0.29767845234830814
P49761,CLK3,Trametinib,HL60,-0.5097633902799544
P49761,CLK3,AZD1480,HL60,-0.448564722934414
P49761,CLK3,AZD5363,HL60,-0.5007975984630565
P49761,CLK3,BX912,HL60,-0.4234823359518836
P49761,CLK3,CHIR99021,HL60,-0.7898554758208459
P49761,CLK3,GSK2334470,HL60,-0.0002537775291361855
P49761,CLK3,Ipatasertib,HL60,-0.7662507653478262
P49761,CLK3,LY2090314,HL60,-0.3065048472165385
P49761,CLK3,Tofacitinib,HL60,-0.6838088587720507
P49761,CLK3,AZD6482,HL60,0.17485811247728184
P49761,CLK3,CAL101,HL60,2.1086518779857575
P49761,CLK3,GDC0941,HL60,-0.7259472192003953
P49761,CLK3,HS173,HL60,-0.6523899489906334
P49761,CLK3,PIK294,HL60,1.891357085554146
P49761,CLK3,TGX221,HL60,0.7590890997383437
P49761,CLK3,AZD8055,HL60,-0.6485253673533165
P49761,CLK3,GDC0994,HL60,-0.7849853634279902
P49761,CLK3,JNK,HL60,-1.0643311677686693
P49761,CLK3,LY2584702,HL60,-0.2785394306975532
P49761,CLK3,PH797804,HL60,-0.31116892758873943
P49761,CLK3,Selumetinib,HL60,-0.4741814321316551
P49761,CLK3,U73122,HL60,-0.6118311550773401
P49761,CLK3,Ulixertinib,HL60,-1.6691410287432198
P49761,CLK3,Amuvatinib,HL60,0.4133737635124507
P49761,CLK3,AZD3759,HL60,-0.4333195960769612
P49761,CLK3,GSK690693,HL60,1.24720932703913
P49761,CLK3,JNJ,HL60,0.003403316778976586
P49761,CLK3,KN62,HL60,0.006590805585883928
P49761,CLK3,Linsitinib,HL60,-0.515252097166813
P49761,CLK3,LY2835219,HL60,-0.3272586112942739
P49761,CLK3,Ribociclib,HL60,0.0919515537483895
P49761,CLK3,AC220,HL60,0.8200542932357383
P49761,CLK3,Edelfosine,HL60,-0.8272681694338014
P49761,CLK3,GF109203X,HL60,-1.3950189888297106
P49761,CLK3,Go6976,HL60,-1.1090410048366164
P49761,CLK3,PF4708671,HL60,2.7046246832709833
P49761,CLK3,SP600125,HL60,-0.31759978383290444
P49761,CLK3,TAK715,HL60,-0.9313412473001039
P49761,CLK3,TBCA,HL60,-0.3890179252027138
P49761,CLK3,AT13148,HL60,0.32395605253130366
P49761,CLK3,AZ20,HL60,-1.4098082885356005
P49761,CLK3,AZD6738,HL60,-0.2743588491156466
P49761,CLK3,Bosutinib,HL60,0.46974931773582357
P49761,CLK3,Dabrafenib,HL60,1.4015547882719426
P49761,CLK3,Dasatinib,HL60,1.6124963059338924
P49761,CLK3,DNAPK,HL60,0.9933583691941328
P49761,CLK3,H89,HL60,-0.7753418971217189
P49761,CLK3,KD025,HL60,0.8151748390535575
P49761,CLK3,NU7441,HL60,0.0429981827145854
P49761,CLK3,Ripasudil,HL60,-0.8456168567288067
P49761,CLK3,Vemurafenib,HL60,1.1303397823883818
P49761,CLK3,CX4945,HL60,0.46869727917109427
P49761,CLK3,GO6983,HL60,-0.49822458220749266
P49761,CLK3,KN93,HL60,0.6276048072061444
P49761,CLK3,MK2206,HL60,0.1378132326180041
O95819,MAP4K4,AZD5438,HL60,0.04644297476330359
O95819,MAP4K4,FRAX486,HL60,1.2595459631454906
O95819,MAP4K4,Ku0063794,HL60,-0.2842456417463778
O95819,MAP4K4,PD153035,HL60,-0.25287524477775347
O95819,MAP4K4,PF3758309,HL60,-0.39677717294050063
O95819,MAP4K4,Torin,HL60,-1.6169928648923468
O95819,MAP4K4,Trametinib,HL60,0.6297606617172543
O95819,MAP4K4,AZD1480,HL60,-0.014137482069024827
O95819,MAP4K4,AZD5363,HL60,0.2158582486116914
O95819,MAP4K4,BX912,HL60,0.1318755806779844
O95819,MAP4K4,CHIR99021,HL60,0.15133030994470156
O95819,MAP4K4,GSK2334470,HL60,0.39386656469634657
O95819,MAP4K4,Ipatasertib,HL60,0.045051958024841736
O95819,MAP4K4,LY2090314,HL60,1.6273617917282759
O95819,MAP4K4,Tofacitinib,HL60,0.07013047984212673
O95819,MAP4K4,AZD6482,HL60,0.328609387315158
O95819,MAP4K4,CAL101,HL60,2.126708223110631
O95819,MAP4K4,GDC0941,HL60,1.1350847435034077
O95819,MAP4K4,HS173,HL60,0.6889854219644231
O95819,MAP4K4,PIK294,HL60,0.6092601973520991
O95819,MAP4K4,TGX221,HL60,1.6580715695025887
O95819,MAP4K4,AZD8055,HL60,-2.0985735629196953
O95819,MAP4K4,GDC0994,HL60,0.3554051058628981
O95819,MAP4K4,JNK,HL60,-0.39088931445428665
O95819,MAP4K4,LY2584702,HL60,1.7217795526628403
O95819,MAP4K4,PH797804,HL60,1.2256868271679824
O95819,MAP4K4,Selumetinib,HL60,-0.9805095145508271
O95819,MAP4K4,U73122,HL60,0.2338678344358038
O95819,MAP4K4,Ulixertinib,HL60,0.13359149269086043
O95819,MAP4K4,Amuvatinib,HL60,-0.30376493347577593
O95819,MAP4K4,AZD3759,HL60,-0.49682439799625566
O95819,MAP4K4,GSK690693,HL60,0.5050211990927207
O95819,MAP4K4,JNJ,HL60,0.6529588156264807
O95819,MAP4K4,KN62,HL60,0.24606055006180566
O95819,MAP4K4,Linsitinib,HL60,0.6842500315092507
O95819,MAP4K4,LY2835219,HL60,-0.39573850967077434
O95819,MAP4K4,Ribociclib,HL60,0.6878069279474708
O95819,MAP4K4,AC220,HL60,0.7543659496438294
O95819,MAP4K4,Edelfosine,HL60,0.5928996287965059
O95819,MAP4K4,GF109203X,HL60,-0.6677010441030403
O95819,MAP4K4,Go6976,HL60,-0.30751708385840193
O95819,MAP4K4,PF4708671,HL60,0.4676267015627593
O95819,MAP4K4,SP600125,HL60,0.05883537607527786
O95819,MAP4K4,TAK715,HL60,-0.00029946242345112504
O95819,MAP4K4,TBCA,HL60,-0.9876193614742397
O95819,MAP4K4,AT13148,HL60,0.20803445085179997
O95819,MAP4K4,AZ20,HL60,0.3582207558345929
O95819,MAP4K4,AZD6738,HL60,0.10294740114938472
O95819,MAP4K4,Bosutinib,HL60,0.20013396311792417
O95819,MAP4K4,Dabrafenib,HL60,0.3175190151512636
O95819,MAP4K4,Dasatinib,HL60,1.2123419501092128
O95819,MAP4K4,DNAPK,HL60,0.4225420473402014
O95819,MAP4K4,H89,HL60,0.9448493542214469
O95819,MAP4K4,KD025,HL60,-0.2680859557986012
O95819,MAP4K4,NU7441,HL60,0.21909427229554274
O95819,MAP4K4,Ripasudil,HL60,0.08279458939504218
O95819,MAP4K4,Vemurafenib,HL60,0.5585487388651952
O95819,MAP4K4,CX4945,HL60,0.7419598732914717
O95819,MAP4K4,GO6983,HL60,-1.6142035565786539
O95819,MAP4K4,KN93,HL60,0.5552499487866422
O95819,MAP4K4,MK2206,HL60,0.9463208853396015
Q8IV63,VRK3,AZD5438,HL60,-1.0883726851763074
Q8IV63,VRK3,FRAX486,HL60,1.2581211811793538
Q8IV63,VRK3,Ku0063794,HL60,0.07191010875888224
Q8IV63,VRK3,PD153035,HL60,-1.1164136592390836
Q8IV63,VRK3,PF3758309,HL60,-1.0363081131538547
Q8IV63,VRK3,Torin,HL60,2.29604045721288
Q8IV63,VRK3,Trametinib,HL60,-1.5925064274039467
Q8IV63,VRK3,AZD1480,HL60,-1.269405150348554
Q8IV63,VRK3,AZD5363,HL60,5.230633562344243
Q8IV63,VRK3,BX912,HL60,2.3311750989618214
Q8IV63,VRK3,CHIR99021,HL60,0.0352594457675663
Q8IV63,VRK3,GSK2334470,HL60,0.20834779437688997
Q8IV63,VRK3,Ipatasertib,HL60,-1.3215089267174174
Q8IV63,VRK3,LY2090314,HL60,-0.03725599423876141
Q8IV63,VRK3,Tofacitinib,HL60,-1.2237585192641973
Q8IV63,VRK3,AZD6482,HL60,-1.320173533757156
Q8IV63,VRK3,CAL101,HL60,-1.5449139384194897
Q8IV63,VRK3,GDC0941,HL60,-1.1949414120326243
Q8IV63,VRK3,HS173,HL60,3.3485050593984607
Q8IV63,VRK3,PIK294,HL60,-1.4083836899117437
Q8IV63,VRK3,TGX221,HL60,1.1748746611171965
Q8IV63,VRK3,AZD8055,HL60,-1.598251972188884
Q8IV63,VRK3,GDC0994,HL60,-1.32306513211839
Q8IV63,VRK3,JNK,HL60,-1.11444935580948
Q8IV63,VRK3,LY2584702,HL60,0.19455079378835635
Q8IV63,VRK3,PH797804,HL60,-0.1874681158764912
Q8IV63,VRK3,Selumetinib,HL60,-3.5649713969912864
Q8IV63,VRK3,U73122,HL60,-0.9867425007185808
Q8IV63,VRK3,Ulixertinib,HL60,-2.7919259141787456
Q8IV63,VRK3,Amuvatinib,HL60,-2.9633196630099254
Q8IV63,VRK3,AZD3759,HL60,-1.2900541841094166
Q8IV63,VRK3,GSK690693,HL60,-1.2464213005288962
Q8IV63,VRK3,JNJ,HL60,-1.3281305232050773
Q8IV63,VRK3,KN62,HL60,-1.1230476866084063
Q8IV63,VRK3,Linsitinib,HL60,-1.181588526123168
Q8IV63,VRK3,LY2835219,HL60,0.260521029196108
Q8IV63,VRK3,Ribociclib,HL60,-1.725921697302563
Q8IV63,VRK3,AC220,HL60,-1.0467996556198251
Q8IV63,VRK3,Edelfosine,HL60,-0.9550444960174248
Q8IV63,VRK3,GF109203X,HL60,-1.1671765288483782
Q8IV63,VRK3,Go6976,HL60,-1.558198575836641
Q8IV63,VRK3,PF4708671,HL60,-1.4860059814127706
Q8IV63,VRK3,SP600125,HL60,-1.0923289845807387
Q8IV63,VRK3,TAK715,HL60,-1.2399490051280397
Q8IV63,VRK3,TBCA,HL60,-1.623961762018478
Q8IV63,VRK3,AT13148,HL60,-1.4980807914227496
Q8IV63,VRK3,AZ20,HL60,-1.4373768783282943
Q8IV63,VRK3,AZD6738,HL60,-1.4208649852579536
Q8IV63,VRK3,Bosutinib,HL60,-1.3460410959522036
Q8IV63,VRK3,Dabrafenib,HL60,-1.4088227622234826
Q8IV63,VRK3,Dasatinib,HL60,-1.2334303242093358
Q8IV63,VRK3,DNAPK,HL60,-1.7734068738865185
Q8IV63,VRK3,H89,HL60,-1.5556992528394
Q8IV63,VRK3,KD025,HL60,-1.3740555108383363
Q8IV63,VRK3,NU7441,HL60,-1.6929049621958105
Q8IV63,VRK3,Ripasudil,HL60,-1.1399921139467397
Q8IV63,VRK3,Vemurafenib,HL60,-1.3631054368031865
Q8IV63,VRK3,CX4945,HL60,-1.2435481307226126
Q8IV63,VRK3,GO6983,HL60,-1.0402869299113766
Q8IV63,VRK3,KN93,HL60,-1.1435918060774248
Q8IV63,VRK3,MK2206,HL60,-1.3426397463215973
Q14004,CDK13,AZD5438,HL60,-3.596182591316512
Q14004,CDK13,FRAX486,HL60,-0.2648853661173803
Q14004,CDK13,Ku0063794,HL60,-0.8734377867599112
Q14004,CDK13,PD153035,HL60,0.22197521943020448
Q14004,CDK13,PF3758309,HL60,-3.147473896647076
Q14004,CDK13,Torin,HL60,-0.6198966875641833
Q14004,CDK13,Trametinib,HL60,0.03911172084064646
Q14004,CDK13,AZD1480,HL60,1.038395240383162
Q14004,CDK13,AZD5363,HL60,0.38519808187633303
Q14004,CDK13,BX912,HL60,0.15550566733728372
Q14004,CDK13,CHIR99021,HL60,0.2701964828993046
Q14004,CDK13,GSK2334470,HL60,1.002858416720469
Q14004,CDK13,Ipatasertib,HL60,0.6431121110260483
Q14004,CDK13,LY2090314,HL60,-0.36460713483331003
Q14004,CDK13,Tofacitinib,HL60,0.8246155942286156
Q14004,CDK13,AZD6482,HL60,-0.3931716999438078
Q14004,CDK13,CAL101,HL60,0.15526539352876065
Q14004,CDK13,GDC0941,HL60,0.8646090316163049
Q14004,CDK13,HS173,HL60,0.13714609813744913
Q14004,CDK13,PIK294,HL60,0.19170787654578442
Q14004,CDK13,TGX221,HL60,0.7524948711712035
Q14004,CDK13,AZD8055,HL60,0.19337354949619773
Q14004,CDK13,GDC0994,HL60,0.23436399212484368
Q14004,CDK13,JNK,HL60,-0.12788689706683531
Q14004,CDK13,LY2584702,HL60,-0.12411676576284955
Q14004,CDK13,PH797804,HL60,-0.6220855329284573
Q14004,CDK13,Selumetinib,HL60,-0.6991272097715867
Q14004,CDK13,U73122,HL60,-0.4043658635633901
Q14004,CDK13,Ulixertinib,HL60,-2.4240616354878353
Q14004,CDK13,Amuvatinib,HL60,-0.5841913266070559
Q14004,CDK13,AZD3759,HL60,0.12868092643034468
Q14004,CDK13,GSK690693,HL60,0.5954202230549499
Q14004,CDK13,JNJ,HL60,-0.12243364267024728
Q14004,CDK13,KN62,HL60,-0.7349990769348225
Q14004,CDK13,Linsitinib,HL60,-0.07159958849216007
Q14004,CDK13,LY2835219,HL60,-1.6601794900257576
Q14004,CDK13,Ribociclib,HL60,-1.7474139454761775
Q14004,CDK13,AC220,HL60,0.3960741645463702
Q14004,CDK13,Edelfosine,HL60,0.8033502712085149
Q14004,CDK13,GF109203X,HL60,1.1449316845077642
Q14004,CDK13,Go6976,HL60,0.9737305455066614
Q14004,CDK13,PF4708671,HL60,0.3389843198985109
Q14004,CDK13,SP600125,HL60,1.8525430914218959
Q14004,CDK13,TAK715,HL60,1.0930433233800514
Q14004,CDK13,TBCA,HL60,0.2177132403631661
Q14004,CDK13,AT13148,HL60,0.8757863989008587
Q14004,CDK13,AZ20,HL60,1.0493278368414634
Q14004,CDK13,AZD6738,HL60,0.7894467381562033
Q14004,CDK13,Bosutinib,HL60,0.8969515493209262
Q14004,CDK13,Dabrafenib,HL60,-0.3536942346214531
Q14004,CDK13,Dasatinib,HL60,0.9952359013562567
Q14004,CDK13,DNAPK,HL60,1.3252512943974237
Q14004,CDK13,H89,HL60,0.9538637578708155
Q14004,CDK13,KD025,HL60,-1.7063380983918184
Q14004,CDK13,NU7441,HL60,0.679310125450949
Q14004,CDK13,Ripasudil,HL60,0.6054599850757775
Q14004,CDK13,Vemurafenib,HL60,-0.2168956795412248
Q14004,CDK13,CX4945,HL60,1.252015126285917
Q14004,CDK13,GO6983,HL60,1.7455174037161885
Q14004,CDK13,KN93,HL60,1.6513475689092751
Q14004,CDK13,MK2206,HL60,2.1546885523227846
Q9Y6M4,CSNK1G3,AZD5438,HL60,-1.0883726851763074
Q9Y6M4,CSNK1G3,FRAX486,HL60,1.2581211811793538
Q9Y6M4,CSNK1G3,Ku0063794,HL60,0.07191010875888224
Q9Y6M4,CSNK1G3,PD153035,HL60,-1.1164136592390836
Q9Y6M4,CSNK1G3,PF3758309,HL60,-1.0363081131538547
Q9Y6M4,CSNK1G3,Torin,HL60,2.29604045721288
Q9Y6M4,CSNK1G3,Trametinib,HL60,-1.5925064274039467
Q9Y6M4,CSNK1G3,AZD1480,HL60,-1.269405150348554
Q9Y6M4,CSNK1G3,AZD5363,HL60,5.230633562344243
Q9Y6M4,CSNK1G3,BX912,HL60,2.3311750989618214
Q9Y6M4,CSNK1G3,CHIR99021,HL60,0.0352594457675663
Q9Y6M4,CSNK1G3,GSK2334470,HL60,0.20834779437688997
Q9Y6M4,CSNK1G3,Ipatasertib,HL60,-1.3215089267174174
Q9Y6M4,CSNK1G3,LY2090314,HL60,-0.03725599423876141
Q9Y6M4,CSNK1G3,Tofacitinib,HL60,-1.2237585192641973
Q9Y6M4,CSNK1G3,AZD6482,HL60,-1.320173533757156
Q9Y6M4,CSNK1G3,CAL101,HL60,-1.5449139384194897
Q9Y6M4,CSNK1G3,GDC0941,HL60,-1.1949414120326243
Q9Y6M4,CSNK1G3,HS173,HL60,3.3485050593984607
Q9Y6M4,CSNK1G3,PIK294,HL60,-1.4083836899117437
Q9Y6M4,CSNK1G3,TGX221,HL60,1.1748746611171965
Q9Y6M4,CSNK1G3,AZD8055,HL60,-1.598251972188884
Q9Y6M4,CSNK1G3,GDC0994,HL60,-1.32306513211839
Q9Y6M4,CSNK1G3,JNK,HL60,-1.11444935580948
Q9Y6M4,CSNK1G3,LY2584702,HL60,0.19455079378835635
Q9Y6M4,CSNK1G3,PH797804,HL60,-0.1874681158764912
Q9Y6M4,CSNK1G3,Selumetinib,HL60,-3.5649713969912864
Q9Y6M4,CSNK1G3,U73122,HL60,-0.9867425007185808
Q9Y6M4,CSNK1G3,Ulixertinib,HL60,-2.7919259141787456
Q9Y6M4,CSNK1G3,Amuvatinib,HL60,-2.9633196630099254
Q9Y6M4,CSNK1G3,AZD3759,HL60,-1.2900541841094166
Q9Y6M4,CSNK1G3,GSK690693,HL60,-1.2464213005288962
Q9Y6M4,CSNK1G3,JNJ,HL60,-1.3281305232050773
Q9Y6M4,CSNK1G3,KN62,HL60,-1.1230476866084063
Q9Y6M4,CSNK1G3,Linsitinib,HL60,-1.181588526123168
Q9Y6M4,CSNK1G3,LY2835219,HL60,0.260521029196108
Q9Y6M4,CSNK1G3,Ribociclib,HL60,-1.725921697302563
Q9Y6M4,CSNK1G3,AC220,HL60,-1.0467996556198251
Q9Y6M4,CSNK1G3,Edelfosine,HL60,-0.9550444960174248
Q9Y6M4,CSNK1G3,GF109203X,HL60,-1.1671765288483782
Q9Y6M4,CSNK1G3,Go6976,HL60,-1.558198575836641
Q9Y6M4,CSNK1G3,PF4708671,HL60,-1.4860059814127706
Q9Y6M4,CSNK1G3,SP600125,HL60,-1.0923289845807387
Q9Y6M4,CSNK1G3,TAK715,HL60,-1.2399490051280397
Q9Y6M4,CSNK1G3,TBCA,HL60,-1.623961762018478
Q9Y6M4,CSNK1G3,AT13148,HL60,-1.4980807914227496
Q9Y6M4,CSNK1G3,AZ20,HL60,-1.4373768783282943
Q9Y6M4,CSNK1G3,AZD6738,HL60,-1.4208649852579536
Q9Y6M4,CSNK1G3,Bosutinib,HL60,-1.3460410959522036
Q9Y6M4,CSNK1G3,Dabrafenib,HL60,-1.4088227622234826
Q9Y6M4,CSNK1G3,Dasatinib,HL60,-1.2334303242093358
Q9Y6M4,CSNK1G3,DNAPK,HL60,-1.7734068738865185
Q9Y6M4,CSNK1G3,H89,HL60,-1.5556992528394
Q9Y6M4,CSNK1G3,KD025,HL60,-1.3740555108383363
Q9Y6M4,CSNK1G3,NU7441,HL60,-1.6929049621958105
Q9Y6M4,CSNK1G3,Ripasudil,HL60,-1.1399921139467397
Q9Y6M4,CSNK1G3,Vemurafenib,HL60,-1.3631054368031865
Q9Y6M4,CSNK1G3,CX4945,HL60,-1.2435481307226126
Q9Y6M4,CSNK1G3,GO6983,HL60,-1.0402869299113766
Q9Y6M4,CSNK1G3,KN93,HL60,-1.1435918060774248
Q9Y6M4,CSNK1G3,MK2206,HL60,-1.3426397463215973
O15075,DCLK1,AC220,HL60,0.07416922540083132
O15075,DCLK1,AT13148,HL60,-1.1464306459813673
O15075,DCLK1,AZ20,HL60,-0.008661294685310685
O15075,DCLK1,AZD1480,HL60,-0.303055895696038
O15075,DCLK1,AZD3759,HL60,0.3034276332959501
O15075,DCLK1,AZD5363,HL60,-0.2746317197624324
O15075,DCLK1,AZD5438,HL60,0.3157522230417781
O15075,DCLK1,AZD6482,HL60,0.2517813904696819
O15075,DCLK1,AZD6738,HL60,0.09984593373087151
O15075,DCLK1,AZD8055,HL60,-0.12148983235742142
O15075,DCLK1,Amuvatinib,HL60,-0.15829656469549874
O15075,DCLK1,BX912,HL60,0.21789320260838657
O15075,DCLK1,Bosutinib,HL60,-0.46155961498979164
O15075,DCLK1,CAL101,HL60,0.4592638359905539
O15075,DCLK1,CHIR99021,HL60,-0.29725872471509013
O15075,DCLK1,CX4945,HL60,0.1608968759743942
O15075,DCLK1,DNAPK,HL60,0.22306311660082986
O15075,DCLK1,Dabrafenib,HL60,0.04858276213006106
O15075,DCLK1,Dasatinib,HL60,-1.0835522333712482
O15075,DCLK1,Edelfosine,HL60,0.39689191741978497
O15075,DCLK1,FRAX486,HL60,-0.0462472310724376
O15075,DCLK1,GDC0941,HL60,0.824616776238314
O15075,DCLK1,GDC0994,HL60,0.4718121609812873
O15075,DCLK1,GF109203X,HL60,-0.6685573052823471
O15075,DCLK1,GO6983,HL60,-0.2499263911578674
O15075,DCLK1,GSK2334470,HL60,0.259210985747961
O15075,DCLK1,GSK690693,HL60,0.16062327057147538
O15075,DCLK1,Go6976,HL60,0.2402897069888867
O15075,DCLK1,H89,HL60,0.5789590887448035
O15075,DCLK1,HS173,HL60,1.0316563867160815
O15075,DCLK1,Ipatasertib,HL60,0.04723031181140287
O15075,DCLK1,JNJ,HL60,0.7352554500228031
O15075,DCLK1,JNK,HL60,-0.30615967991970505
O15075,DCLK1,KD025,HL60,0.7314188038795875
O15075,DCLK1,KN62,HL60,1.1101270197645974
O15075,DCLK1,KN93,HL60,0.03260832432405117
O15075,DCLK1,Ku0063794,HL60,0.276943106659345
O15075,DCLK1,LY2090314,HL60,-0.03310314413716693
O15075,DCLK1,LY2584702,HL60,0.01394503562657672
O15075,DCLK1,LY2835219,HL60,-0.209742048668962
O15075,DCLK1,Linsitinib,HL60,1.0523434335292212
O15075,DCLK1,MK2206,HL60,0.001898177872596132
O15075,DCLK1,NU7441,HL60,0.35009902018272876
O15075,DCLK1,PD153035,HL60,-0.4684154858918438
O15075,DCLK1,PF3758309,HL60,-1.1608795706547133
O15075,DCLK1,PF4708671,HL60,-0.3936971059138944
O15075,DCLK1,PH797804,HL60,0.17628250724288902
O15075,DCLK1,PIK294,HL60,0.36627284308460256
O15075,DCLK1,Ribociclib,HL60,1.4642100830873537
O15075,DCLK1,Ripasudil,HL60,-0.006296457777280545
O15075,DCLK1,SP600125,HL60,0.1697056272313908
O15075,DCLK1,Selumetinib,HL60,-0.345580834734968
O15075,DCLK1,TAK715,HL60,-0.1908056013928203
O15075,DCLK1,TBCA,HL60,-0.597881306623954
O15075,DCLK1,TGX221,HL60,1.412361570323
O15075,DCLK1,Tofacitinib,HL60,-0.151628430210133
O15075,DCLK1,Torin,HL60,0.6894109990543184
O15075,DCLK1,Trametinib,HL60,0.22217208705738706
O15075,DCLK1,U73122,HL60,0.021045004320490956
O15075,DCLK1,Ulixertinib,HL60,-0.05809110465990683
O15075,DCLK1,Vemurafenib,HL60,0.06280786917527112
Q16832,DDR2,AZD5438,HL60,
Q16832,DDR2,FRAX486,HL60,
Q16832,DDR2,Ku0063794,HL60,
Q16832,DDR2,PD153035,HL60,
Q16832,DDR2,PF3758309,HL60,
Q16832,DDR2,Torin,HL60,
Q16832,DDR2,Trametinib,HL60,
Q16832,DDR2,AZD1480,HL60,
Q16832,DDR2,AZD5363,HL60,
Q16832,DDR2,BX912,HL60,
Q16832,DDR2,CHIR99021,HL60,
Q16832,DDR2,GSK2334470,HL60,
Q16832,DDR2,Ipatasertib,HL60,
Q16832,DDR2,LY2090314,HL60,
Q16832,DDR2,Tofacitinib,HL60,
Q16832,DDR2,AZD6482,HL60,
Q16832,DDR2,CAL101,HL60,
Q16832,DDR2,GDC0941,HL60,
Q16832,DDR2,HS173,HL60,
Q16832,DDR2,PIK294,HL60,
Q16832,DDR2,TGX221,HL60,
Q16832,DDR2,AZD8055,HL60,
Q16832,DDR2,GDC0994,HL60,
Q16832,DDR2,JNK,HL60,
Q16832,DDR2,LY2584702,HL60,
Q16832,DDR2,PH797804,HL60,
Q16832,DDR2,Selumetinib,HL60,
Q16832,DDR2,U73122,HL60,
Q16832,DDR2,Ulixertinib,HL60,
Q16832,DDR2,Amuvatinib,HL60,
Q16832,DDR2,AZD3759,HL60,
Q16832,DDR2,GSK690693,HL60,
Q16832,DDR2,JNJ,HL60,
Q16832,DDR2,KN62,HL60,
Q16832,DDR2,Linsitinib,HL60,
Q16832,DDR2,LY2835219,HL60,
Q16832,DDR2,Ribociclib,HL60,
Q16832,DDR2,AC220,HL60,
Q16832,DDR2,Edelfosine,HL60,
Q16832,DDR2,GF109203X,HL60,
Q16832,DDR2,Go6976,HL60,
Q16832,DDR2,PF4708671,HL60,
Q16832,DDR2,SP600125,HL60,
Q16832,DDR2,TAK715,HL60,
Q16832,DDR2,TBCA,HL60,
Q16832,DDR2,AT13148,HL60,
Q16832,DDR2,AZ20,HL60,
Q16832,DDR2,AZD6738,HL60,
Q16832,DDR2,Bosutinib,HL60,
Q16832,DDR2,Dabrafenib,HL60,
Q16832,DDR2,Dasatinib,HL60,
Q16832,DDR2,DNAPK,HL60,
Q16832,DDR2,H89,HL60,
Q16832,DDR2,KD025,HL60,
Q16832,DDR2,NU7441,HL60,
Q16832,DDR2,Ripasudil,HL60,
Q16832,DDR2,Vemurafenib,HL60,
Q16832,DDR2,CX4945,HL60,
Q16832,DDR2,GO6983,HL60,
Q16832,DDR2,KN93,HL60,
Q16832,DDR2,MK2206,HL60,
Q8IZE3,SCYL3,AZD5438,HL60,
Q8IZE3,SCYL3,FRAX486,HL60,
Q8IZE3,SCYL3,Ku0063794,HL60,
Q8IZE3,SCYL3,PD153035,HL60,
Q8IZE3,SCYL3,PF3758309,HL60,
Q8IZE3,SCYL3,Torin,HL60,
Q8IZE3,SCYL3,Trametinib,HL60,
Q8IZE3,SCYL3,AZD1480,HL60,
Q8IZE3,SCYL3,AZD5363,HL60,
Q8IZE3,SCYL3,BX912,HL60,
Q8IZE3,SCYL3,CHIR99021,HL60,
Q8IZE3,SCYL3,GSK2334470,HL60,
Q8IZE3,SCYL3,Ipatasertib,HL60,
Q8IZE3,SCYL3,LY2090314,HL60,
Q8IZE3,SCYL3,Tofacitinib,HL60,
Q8IZE3,SCYL3,AZD6482,HL60,
Q8IZE3,SCYL3,CAL101,HL60,
Q8IZE3,SCYL3,GDC0941,HL60,
Q8IZE3,SCYL3,HS173,HL60,
Q8IZE3,SCYL3,PIK294,HL60,
Q8IZE3,SCYL3,TGX221,HL60,
Q8IZE3,SCYL3,AZD8055,HL60,
Q8IZE3,SCYL3,GDC0994,HL60,
Q8IZE3,SCYL3,JNK,HL60,
Q8IZE3,SCYL3,LY2584702,HL60,
Q8IZE3,SCYL3,PH797804,HL60,
Q8IZE3,SCYL3,Selumetinib,HL60,
Q8IZE3,SCYL3,U73122,HL60,
Q8IZE3,SCYL3,Ulixertinib,HL60,
Q8IZE3,SCYL3,Amuvatinib,HL60,
Q8IZE3,SCYL3,AZD3759,HL60,
Q8IZE3,SCYL3,GSK690693,HL60,
Q8IZE3,SCYL3,JNJ,HL60,
Q8IZE3,SCYL3,KN62,HL60,
Q8IZE3,SCYL3,Linsitinib,HL60,
Q8IZE3,SCYL3,LY2835219,HL60,
Q8IZE3,SCYL3,Ribociclib,HL60,
Q8IZE3,SCYL3,AC220,HL60,
Q8IZE3,SCYL3,Edelfosine,HL60,
Q8IZE3,SCYL3,GF109203X,HL60,
Q8IZE3,SCYL3,Go6976,HL60,
Q8IZE3,SCYL3,PF4708671,HL60,
Q8IZE3,SCYL3,SP600125,HL60,
Q8IZE3,SCYL3,TAK715,HL60,
Q8IZE3,SCYL3,TBCA,HL60,
Q8IZE3,SCYL3,AT13148,HL60,
Q8IZE3,SCYL3,AZ20,HL60,
Q8IZE3,SCYL3,AZD6738,HL60,
Q8IZE3,SCYL3,Bosutinib,HL60,
Q8IZE3,SCYL3,Dabrafenib,HL60,
Q8IZE3,SCYL3,Dasatinib,HL60,
Q8IZE3,SCYL3,DNAPK,HL60,
Q8IZE3,SCYL3,H89,HL60,
Q8IZE3,SCYL3,KD025,HL60,
Q8IZE3,SCYL3,NU7441,HL60,
Q8IZE3,SCYL3,Ripasudil,HL60,
Q8IZE3,SCYL3,Vemurafenib,HL60,
Q8IZE3,SCYL3,CX4945,HL60,
Q8IZE3,SCYL3,GO6983,HL60,
Q8IZE3,SCYL3,KN93,HL60,
Q8IZE3,SCYL3,MK2206,HL60,
Q6P0Q8,MAST2,AZD5438,HL60,
Q6P0Q8,MAST2,FRAX486,HL60,
Q6P0Q8,MAST2,Ku0063794,HL60,
Q6P0Q8,MAST2,PD153035,HL60,
Q6P0Q8,MAST2,PF3758309,HL60,
Q6P0Q8,MAST2,Torin,HL60,
Q6P0Q8,MAST2,Trametinib,HL60,
Q6P0Q8,MAST2,AZD1480,HL60,
Q6P0Q8,MAST2,AZD5363,HL60,
Q6P0Q8,MAST2,BX912,HL60,
Q6P0Q8,MAST2,CHIR99021,HL60,
Q6P0Q8,MAST2,GSK2334470,HL60,
Q6P0Q8,MAST2,Ipatasertib,HL60,
Q6P0Q8,MAST2,LY2090314,HL60,
Q6P0Q8,MAST2,Tofacitinib,HL60,
Q6P0Q8,MAST2,AZD6482,HL60,
Q6P0Q8,MAST2,CAL101,HL60,
Q6P0Q8,MAST2,GDC0941,HL60,
Q6P0Q8,MAST2,HS173,HL60,
Q6P0Q8,MAST2,PIK294,HL60,
Q6P0Q8,MAST2,TGX221,HL60,
Q6P0Q8,MAST2,AZD8055,HL60,
Q6P0Q8,MAST2,GDC0994,HL60,
Q6P0Q8,MAST2,JNK,HL60,
Q6P0Q8,MAST2,LY2584702,HL60,
Q6P0Q8,MAST2,PH797804,HL60,
Q6P0Q8,MAST2,Selumetinib,HL60,
Q6P0Q8,MAST2,U73122,HL60,
Q6P0Q8,MAST2,Ulixertinib,HL60,
Q6P0Q8,MAST2,Amuvatinib,HL60,
Q6P0Q8,MAST2,AZD3759,HL60,
Q6P0Q8,MAST2,GSK690693,HL60,
Q6P0Q8,MAST2,JNJ,HL60,
Q6P0Q8,MAST2,KN62,HL60,
Q6P0Q8,MAST2,Linsitinib,HL60,
Q6P0Q8,MAST2,LY2835219,HL60,
Q6P0Q8,MAST2,Ribociclib,HL60,
Q6P0Q8,MAST2,AC220,HL60,
Q6P0Q8,MAST2,Edelfosine,HL60,
Q6P0Q8,MAST2,GF109203X,HL60,
Q6P0Q8,MAST2,Go6976,HL60,
Q6P0Q8,MAST2,PF4708671,HL60,
Q6P0Q8,MAST2,SP600125,HL60,
Q6P0Q8,MAST2,TAK715,HL60,
Q6P0Q8,MAST2,TBCA,HL60,
Q6P0Q8,MAST2,AT13148,HL60,
Q6P0Q8,MAST2,AZ20,HL60,
Q6P0Q8,MAST2,AZD6738,HL60,
Q6P0Q8,MAST2,Bosutinib,HL60,
Q6P0Q8,MAST2,Dabrafenib,HL60,
Q6P0Q8,MAST2,Dasatinib,HL60,
Q6P0Q8,MAST2,DNAPK,HL60,
Q6P0Q8,MAST2,H89,HL60,
Q6P0Q8,MAST2,KD025,HL60,
Q6P0Q8,MAST2,NU7441,HL60,
Q6P0Q8,MAST2,Ripasudil,HL60,
Q6P0Q8,MAST2,Vemurafenib,HL60,
Q6P0Q8,MAST2,CX4945,HL60,
Q6P0Q8,MAST2,GO6983,HL60,
Q6P0Q8,MAST2,KN93,HL60,
Q6P0Q8,MAST2,MK2206,HL60,
P51957,NEK4,AZD5438,HL60,-0.25212406171708723
P51957,NEK4,FRAX486,HL60,0.09080599962035892
P51957,NEK4,Ku0063794,HL60,0.8291202572796827
P51957,NEK4,PD153035,HL60,-0.8892554772545632
P51957,NEK4,PF3758309,HL60,0.5704254856581911
P51957,NEK4,Torin,HL60,0.581283706777488
P51957,NEK4,Trametinib,HL60,-0.23050690240464952
P51957,NEK4,AZD1480,HL60,-0.6052521085857361
P51957,NEK4,AZD5363,HL60,-0.5907158577891629
P51957,NEK4,BX912,HL60,-0.5945497982436239
P51957,NEK4,CHIR99021,HL60,-0.5420822690752429
P51957,NEK4,GSK2334470,HL60,-0.6062419931345944
P51957,NEK4,Ipatasertib,HL60,-0.6304785097768427
P51957,NEK4,LY2090314,HL60,-0.49511523308280037
P51957,NEK4,Tofacitinib,HL60,-0.5630152929126979
P51957,NEK4,AZD6482,HL60,-0.6182535585975237
P51957,NEK4,CAL101,HL60,-0.7175927988932219
P51957,NEK4,GDC0941,HL60,-0.5148152084448071
P51957,NEK4,HS173,HL60,-0.5878978264716116
P51957,NEK4,PIK294,HL60,-0.6462914190583465
P51957,NEK4,TGX221,HL60,-0.623684028578544
P51957,NEK4,AZD8055,HL60,-1.0132673479762953
P51957,NEK4,GDC0994,HL60,-0.5561825535312669
P51957,NEK4,JNK,HL60,-0.4856527289147455
P51957,NEK4,LY2584702,HL60,-0.5898703161363004
P51957,NEK4,PH797804,HL60,-0.4727467302600698
P51957,NEK4,Selumetinib,HL60,-0.33814400530391137
P51957,NEK4,U73122,HL60,-0.41061134368222735
P51957,NEK4,Ulixertinib,HL60,-0.45640245781565253
P51957,NEK4,Amuvatinib,HL60,-0.6224521382533748
P51957,NEK4,AZD3759,HL60,-0.6244137673899142
P51957,NEK4,GSK690693,HL60,-0.6010836008304217
P51957,NEK4,JNJ,HL60,-0.6195762772149992
P51957,NEK4,KN62,HL60,-0.5207559604901869
P51957,NEK4,Linsitinib,HL60,-0.5703976111794783
P51957,NEK4,LY2835219,HL60,-0.5369841877731051
P51957,NEK4,Ribociclib,HL60,-0.5684072375616999
P51957,NEK4,AC220,HL60,-0.4093002446705165
P51957,NEK4,Edelfosine,HL60,-0.3988847683060224
P51957,NEK4,GF109203X,HL60,-0.5422062566931514
P51957,NEK4,Go6976,HL60,-0.713995306051248
P51957,NEK4,PF4708671,HL60,-0.6706337571564627
P51957,NEK4,SP600125,HL60,-0.4518338608369825
P51957,NEK4,TAK715,HL60,-0.5478645763513131
P51957,NEK4,TBCA,HL60,-0.7311369302953246
P51957,NEK4,AT13148,HL60,-0.6720242664809111
P51957,NEK4,AZ20,HL60,-0.6287829541714056
P51957,NEK4,AZD6738,HL60,-0.6396834347740081
P51957,NEK4,Bosutinib,HL60,-0.43803063447145196
P51957,NEK4,Dabrafenib,HL60,-0.636460547665877
P51957,NEK4,Dasatinib,HL60,-0.5264024362315759
P51957,NEK4,DNAPK,HL60,0.7503463006471084
P51957,NEK4,H89,HL60,-0.075129649009188
P51957,NEK4,KD025,HL60,-0.6076175163346759
P51957,NEK4,NU7441,HL60,-0.547547809274288
P51957,NEK4,Ripasudil,HL60,0.45846260610423634
P51957,NEK4,Vemurafenib,HL60,-0.5956954577953154
P51957,NEK4,CX4945,HL60,-0.6061506152636803
P51957,NEK4,GO6983,HL60,-0.5267106408566092
P51957,NEK4,KN93,HL60,-0.559752472829493
P51957,NEK4,MK2206,HL60,-0.6337240552625673
Q13873,BMPR2,AZD5438,HL60,
Q13873,BMPR2,FRAX486,HL60,
Q13873,BMPR2,Ku0063794,HL60,
Q13873,BMPR2,PD153035,HL60,
Q13873,BMPR2,PF3758309,HL60,
Q13873,BMPR2,Torin,HL60,
Q13873,BMPR2,Trametinib,HL60,
Q13873,BMPR2,AZD1480,HL60,
Q13873,BMPR2,AZD5363,HL60,
Q13873,BMPR2,BX912,HL60,
Q13873,BMPR2,CHIR99021,HL60,
Q13873,BMPR2,GSK2334470,HL60,
Q13873,BMPR2,Ipatasertib,HL60,
Q13873,BMPR2,LY2090314,HL60,
Q13873,BMPR2,Tofacitinib,HL60,
Q13873,BMPR2,AZD6482,HL60,
Q13873,BMPR2,CAL101,HL60,
Q13873,BMPR2,GDC0941,HL60,
Q13873,BMPR2,HS173,HL60,
Q13873,BMPR2,PIK294,HL60,
Q13873,BMPR2,TGX221,HL60,
Q13873,BMPR2,AZD8055,HL60,
Q13873,BMPR2,GDC0994,HL60,
Q13873,BMPR2,JNK,HL60,
Q13873,BMPR2,LY2584702,HL60,
Q13873,BMPR2,PH797804,HL60,
Q13873,BMPR2,Selumetinib,HL60,
Q13873,BMPR2,U73122,HL60,
Q13873,BMPR2,Ulixertinib,HL60,
Q13873,BMPR2,Amuvatinib,HL60,
Q13873,BMPR2,AZD3759,HL60,
Q13873,BMPR2,GSK690693,HL60,
Q13873,BMPR2,JNJ,HL60,
Q13873,BMPR2,KN62,HL60,
Q13873,BMPR2,Linsitinib,HL60,
Q13873,BMPR2,LY2835219,HL60,
Q13873,BMPR2,Ribociclib,HL60,
Q13873,BMPR2,AC220,HL60,
Q13873,BMPR2,Edelfosine,HL60,
Q13873,BMPR2,GF109203X,HL60,
Q13873,BMPR2,Go6976,HL60,
Q13873,BMPR2,PF4708671,HL60,
Q13873,BMPR2,SP600125,HL60,
Q13873,BMPR2,TAK715,HL60,
Q13873,BMPR2,TBCA,HL60,
Q13873,BMPR2,AT13148,HL60,
Q13873,BMPR2,AZ20,HL60,
Q13873,BMPR2,AZD6738,HL60,
Q13873,BMPR2,Bosutinib,HL60,
Q13873,BMPR2,Dabrafenib,HL60,
Q13873,BMPR2,Dasatinib,HL60,
Q13873,BMPR2,DNAPK,HL60,
Q13873,BMPR2,H89,HL60,
Q13873,BMPR2,KD025,HL60,
Q13873,BMPR2,NU7441,HL60,
Q13873,BMPR2,Ripasudil,HL60,
Q13873,BMPR2,Vemurafenib,HL60,
Q13873,BMPR2,CX4945,HL60,
Q13873,BMPR2,GO6983,HL60,
Q13873,BMPR2,KN93,HL60,
Q13873,BMPR2,MK2206,HL60,
Q9Y2H9,MAST1,AZD5438,HL60,
Q9Y2H9,MAST1,FRAX486,HL60,
Q9Y2H9,MAST1,Ku0063794,HL60,
Q9Y2H9,MAST1,PD153035,HL60,
Q9Y2H9,MAST1,PF3758309,HL60,
Q9Y2H9,MAST1,Torin,HL60,
Q9Y2H9,MAST1,Trametinib,HL60,
Q9Y2H9,MAST1,AZD1480,HL60,
Q9Y2H9,MAST1,AZD5363,HL60,
Q9Y2H9,MAST1,BX912,HL60,
Q9Y2H9,MAST1,CHIR99021,HL60,
Q9Y2H9,MAST1,GSK2334470,HL60,
Q9Y2H9,MAST1,Ipatasertib,HL60,
Q9Y2H9,MAST1,LY2090314,HL60,
Q9Y2H9,MAST1,Tofacitinib,HL60,
Q9Y2H9,MAST1,AZD6482,HL60,
Q9Y2H9,MAST1,CAL101,HL60,
Q9Y2H9,MAST1,GDC0941,HL60,
Q9Y2H9,MAST1,HS173,HL60,
Q9Y2H9,MAST1,PIK294,HL60,
Q9Y2H9,MAST1,TGX221,HL60,
Q9Y2H9,MAST1,AZD8055,HL60,
Q9Y2H9,MAST1,GDC0994,HL60,
Q9Y2H9,MAST1,JNK,HL60,
Q9Y2H9,MAST1,LY2584702,HL60,
Q9Y2H9,MAST1,PH797804,HL60,
Q9Y2H9,MAST1,Selumetinib,HL60,
Q9Y2H9,MAST1,U73122,HL60,
Q9Y2H9,MAST1,Ulixertinib,HL60,
Q9Y2H9,MAST1,Amuvatinib,HL60,
Q9Y2H9,MAST1,AZD3759,HL60,
Q9Y2H9,MAST1,GSK690693,HL60,
Q9Y2H9,MAST1,JNJ,HL60,
Q9Y2H9,MAST1,KN62,HL60,
Q9Y2H9,MAST1,Linsitinib,HL60,
Q9Y2H9,MAST1,LY2835219,HL60,
Q9Y2H9,MAST1,Ribociclib,HL60,
Q9Y2H9,MAST1,AC220,HL60,
Q9Y2H9,MAST1,Edelfosine,HL60,
Q9Y2H9,MAST1,GF109203X,HL60,
Q9Y2H9,MAST1,Go6976,HL60,
Q9Y2H9,MAST1,PF4708671,HL60,
Q9Y2H9,MAST1,SP600125,HL60,
Q9Y2H9,MAST1,TAK715,HL60,
Q9Y2H9,MAST1,TBCA,HL60,
Q9Y2H9,MAST1,AT13148,HL60,
Q9Y2H9,MAST1,AZ20,HL60,
Q9Y2H9,MAST1,AZD6738,HL60,
Q9Y2H9,MAST1,Bosutinib,HL60,
Q9Y2H9,MAST1,Dabrafenib,HL60,
Q9Y2H9,MAST1,Dasatinib,HL60,
Q9Y2H9,MAST1,DNAPK,HL60,
Q9Y2H9,MAST1,H89,HL60,
Q9Y2H9,MAST1,KD025,HL60,
Q9Y2H9,MAST1,NU7441,HL60,
Q9Y2H9,MAST1,Ripasudil,HL60,
Q9Y2H9,MAST1,Vemurafenib,HL60,
Q9Y2H9,MAST1,CX4945,HL60,
Q9Y2H9,MAST1,GO6983,HL60,
Q9Y2H9,MAST1,KN93,HL60,
Q9Y2H9,MAST1,MK2206,HL60,
Q8TF76,HASPIN,AZD5438,HL60,-0.21935275222212658
Q8TF76,HASPIN,FRAX486,HL60,-0.4413340745260757
Q8TF76,HASPIN,Ku0063794,HL60,-0.993303865317992
Q8TF76,HASPIN,PD153035,HL60,0.4790392122705122
Q8TF76,HASPIN,PF3758309,HL60,-0.35638770964304645
Q8TF76,HASPIN,Torin,HL60,-0.24312205975705617
Q8TF76,HASPIN,Trametinib,HL60,-0.040196746410826135
Q8TF76,HASPIN,AZD1480,HL60,0.10606634695673842
Q8TF76,HASPIN,AZD5363,HL60,-0.15800708415968853
Q8TF76,HASPIN,BX912,HL60,0.41914779631651294
Q8TF76,HASPIN,CHIR99021,HL60,0.29395846602982434
Q8TF76,HASPIN,GSK2334470,HL60,-0.5926631113343881
Q8TF76,HASPIN,Ipatasertib,HL60,0.46630650643632704
Q8TF76,HASPIN,LY2090314,HL60,0.10858231854298053
Q8TF76,HASPIN,Tofacitinib,HL60,0.5988693013302011
Q8TF76,HASPIN,AZD6482,HL60,0.07978218537664364
Q8TF76,HASPIN,CAL101,HL60,0.001132784310493818
Q8TF76,HASPIN,GDC0941,HL60,0.20737378691966568
Q8TF76,HASPIN,HS173,HL60,0.7912307954478071
Q8TF76,HASPIN,PIK294,HL60,-0.050820136569547765
Q8TF76,HASPIN,TGX221,HL60,-0.21338554293298775
Q8TF76,HASPIN,AZD8055,HL60,-0.4568698043287262
Q8TF76,HASPIN,GDC0994,HL60,0.9282174989367777
Q8TF76,HASPIN,JNK,HL60,-0.27061379221921467
Q8TF76,HASPIN,LY2584702,HL60,-0.2217640420809936
Q8TF76,HASPIN,PH797804,HL60,0.26129239267859894
Q8TF76,HASPIN,Selumetinib,HL60,0.23274491308719109
Q8TF76,HASPIN,U73122,HL60,0.32743382536307164
Q8TF76,HASPIN,Ulixertinib,HL60,-0.021826333980982854
Q8TF76,HASPIN,Amuvatinib,HL60,0.1841465025128213
Q8TF76,HASPIN,AZD3759,HL60,0.045684321269374495
Q8TF76,HASPIN,GSK690693,HL60,0.1021946057659495
Q8TF76,HASPIN,JNJ,HL60,0.23334835104018442
Q8TF76,HASPIN,KN62,HL60,-0.04821316782464256
Q8TF76,HASPIN,Linsitinib,HL60,0.24159840360015575
Q8TF76,HASPIN,LY2835219,HL60,0.12705658540493667
Q8TF76,HASPIN,Ribociclib,HL60,-0.6350807116529215
Q8TF76,HASPIN,AC220,HL60,-0.5341529845969116
Q8TF76,HASPIN,Edelfosine,HL60,-0.1137421273352533
Q8TF76,HASPIN,GF109203X,HL60,0.9752360747715751
Q8TF76,HASPIN,Go6976,HL60,0.44463058396912414
Q8TF76,HASPIN,PF4708671,HL60,-0.33189392611392216
Q8TF76,HASPIN,SP600125,HL60,-0.7139386648118125
Q8TF76,HASPIN,TAK715,HL60,0.39446912928525435
Q8TF76,HASPIN,TBCA,HL60,0.12976541591290194
Q8TF76,HASPIN,AT13148,HL60,0.37563983574129195
Q8TF76,HASPIN,AZ20,HL60,0.9096693052859414
Q8TF76,HASPIN,AZD6738,HL60,0.7999822340615681
Q8TF76,HASPIN,Bosutinib,HL60,0.5993351363768687
Q8TF76,HASPIN,Dabrafenib,HL60,-0.017633601634435718
Q8TF76,HASPIN,Dasatinib,HL60,0.3832648777688765
Q8TF76,HASPIN,DNAPK,HL60,0.537055577817556
Q8TF76,HASPIN,H89,HL60,0.8543666624200931
Q8TF76,HASPIN,KD025,HL60,-0.10724379283200093
Q8TF76,HASPIN,NU7441,HL60,0.3105122994204844
Q8TF76,HASPIN,Ripasudil,HL60,0.28005130979256626
Q8TF76,HASPIN,Vemurafenib,HL60,0.6549875295938012
Q8TF76,HASPIN,CX4945,HL60,-0.3759827227998372
Q8TF76,HASPIN,GO6983,HL60,0.21493977548506016
Q8TF76,HASPIN,KN93,HL60,-0.4394764255965946
Q8TF76,HASPIN,MK2206,HL60,-0.45546523352948876
Q9BRS2,RIOK1,AZD5438,HL60,
Q9BRS2,RIOK1,FRAX486,HL60,
Q9BRS2,RIOK1,Ku0063794,HL60,
Q9BRS2,RIOK1,PD153035,HL60,
Q9BRS2,RIOK1,PF3758309,HL60,
Q9BRS2,RIOK1,Torin,HL60,
Q9BRS2,RIOK1,Trametinib,HL60,
Q9BRS2,RIOK1,AZD1480,HL60,
Q9BRS2,RIOK1,AZD5363,HL60,
Q9BRS2,RIOK1,BX912,HL60,
Q9BRS2,RIOK1,CHIR99021,HL60,
Q9BRS2,RIOK1,GSK2334470,HL60,
Q9BRS2,RIOK1,Ipatasertib,HL60,
Q9BRS2,RIOK1,LY2090314,HL60,
Q9BRS2,RIOK1,Tofacitinib,HL60,
Q9BRS2,RIOK1,AZD6482,HL60,
Q9BRS2,RIOK1,CAL101,HL60,
Q9BRS2,RIOK1,GDC0941,HL60,
Q9BRS2,RIOK1,HS173,HL60,
Q9BRS2,RIOK1,PIK294,HL60,
Q9BRS2,RIOK1,TGX221,HL60,
Q9BRS2,RIOK1,AZD8055,HL60,
Q9BRS2,RIOK1,GDC0994,HL60,
Q9BRS2,RIOK1,JNK,HL60,
Q9BRS2,RIOK1,LY2584702,HL60,
Q9BRS2,RIOK1,PH797804,HL60,
Q9BRS2,RIOK1,Selumetinib,HL60,
Q9BRS2,RIOK1,U73122,HL60,
Q9BRS2,RIOK1,Ulixertinib,HL60,
Q9BRS2,RIOK1,Amuvatinib,HL60,
Q9BRS2,RIOK1,AZD3759,HL60,
Q9BRS2,RIOK1,GSK690693,HL60,
Q9BRS2,RIOK1,JNJ,HL60,
Q9BRS2,RIOK1,KN62,HL60,
Q9BRS2,RIOK1,Linsitinib,HL60,
Q9BRS2,RIOK1,LY2835219,HL60,
Q9BRS2,RIOK1,Ribociclib,HL60,
Q9BRS2,RIOK1,AC220,HL60,
Q9BRS2,RIOK1,Edelfosine,HL60,
Q9BRS2,RIOK1,GF109203X,HL60,
Q9BRS2,RIOK1,Go6976,HL60,
Q9BRS2,RIOK1,PF4708671,HL60,
Q9BRS2,RIOK1,SP600125,HL60,
Q9BRS2,RIOK1,TAK715,HL60,
Q9BRS2,RIOK1,TBCA,HL60,
Q9BRS2,RIOK1,AT13148,HL60,
Q9BRS2,RIOK1,AZ20,HL60,
Q9BRS2,RIOK1,AZD6738,HL60,
Q9BRS2,RIOK1,Bosutinib,HL60,
Q9BRS2,RIOK1,Dabrafenib,HL60,
Q9BRS2,RIOK1,Dasatinib,HL60,
Q9BRS2,RIOK1,DNAPK,HL60,
Q9BRS2,RIOK1,H89,HL60,
Q9BRS2,RIOK1,KD025,HL60,
Q9BRS2,RIOK1,NU7441,HL60,
Q9BRS2,RIOK1,Ripasudil,HL60,
Q9BRS2,RIOK1,Vemurafenib,HL60,
Q9BRS2,RIOK1,CX4945,HL60,
Q9BRS2,RIOK1,GO6983,HL60,
Q9BRS2,RIOK1,KN93,HL60,
Q9BRS2,RIOK1,MK2206,HL60,
Q9NRH2,SNRK,AZD5438,HL60,0.7734270369244551
Q9NRH2,SNRK,FRAX486,HL60,-0.009288096909554688
Q9NRH2,SNRK,Ku0063794,HL60,-0.19378199796665285
Q9NRH2,SNRK,PD153035,HL60,-0.6596699585531498
Q9NRH2,SNRK,PF3758309,HL60,-0.7354921752257373
Q9NRH2,SNRK,Torin,HL60,0.3618190395682353
Q9NRH2,SNRK,Trametinib,HL60,0.403521543592642
Q9NRH2,SNRK,AZD1480,HL60,-0.2043912949159915
Q9NRH2,SNRK,AZD5363,HL60,0.28513949563302243
Q9NRH2,SNRK,BX912,HL60,0.03594166813086032
Q9NRH2,SNRK,CHIR99021,HL60,0.03094973137505798
Q9NRH2,SNRK,GSK2334470,HL60,0.4066591890945037
Q9NRH2,SNRK,Ipatasertib,HL60,0.3137462511588895
Q9NRH2,SNRK,LY2090314,HL60,-0.2641552555318721
Q9NRH2,SNRK,Tofacitinib,HL60,0.2756591184106046
Q9NRH2,SNRK,AZD6482,HL60,0.560147290092211
Q9NRH2,SNRK,CAL101,HL60,0.7265090561601784
Q9NRH2,SNRK,GDC0941,HL60,0.9969584809004023
Q9NRH2,SNRK,HS173,HL60,0.6145599790308602
Q9NRH2,SNRK,PIK294,HL60,0.35430560505072584
Q9NRH2,SNRK,TGX221,HL60,0.4048888036686141
Q9NRH2,SNRK,AZD8055,HL60,0.62078442789767
Q9NRH2,SNRK,GDC0994,HL60,-0.042931875002563735
Q9NRH2,SNRK,JNK,HL60,0.33619780750951184
Q9NRH2,SNRK,LY2584702,HL60,0.08919848708216983
Q9NRH2,SNRK,PH797804,HL60,0.31112217951224597
Q9NRH2,SNRK,Selumetinib,HL60,-0.028003539836565505
Q9NRH2,SNRK,U73122,HL60,0.07779105080682246
Q9NRH2,SNRK,Ulixertinib,HL60,0.493057656090024
Q9NRH2,SNRK,Amuvatinib,HL60,1.7390155671893368
Q9NRH2,SNRK,AZD3759,HL60,1.4802680150337126
Q9NRH2,SNRK,GSK690693,HL60,0.9955739918827875
Q9NRH2,SNRK,JNJ,HL60,0.26089622576800303
Q9NRH2,SNRK,KN62,HL60,1.4894725761573413
Q9NRH2,SNRK,Linsitinib,HL60,1.8425710544069025
Q9NRH2,SNRK,LY2835219,HL60,1.4662482796888292
Q9NRH2,SNRK,Ribociclib,HL60,1.0696338951782132
Q9NRH2,SNRK,AC220,HL60,-0.07296521558696818
Q9NRH2,SNRK,Edelfosine,HL60,-0.429855519812804
Q9NRH2,SNRK,GF109203X,HL60,-0.054001606857756054
Q9NRH2,SNRK,Go6976,HL60,0.7807042900224773
Q9NRH2,SNRK,PF4708671,HL60,0.011570202850870667
Q9NRH2,SNRK,SP600125,HL60,-0.5691590520246763
Q9NRH2,SNRK,TAK715,HL60,0.03817883563901659
Q9NRH2,SNRK,TBCA,HL60,0.2516603024322774
Q9NRH2,SNRK,AT13148,HL60,0.48399267863770307
Q9NRH2,SNRK,AZ20,HL60,-0.27754831289763715
Q9NRH2,SNRK,AZD6738,HL60,-0.19032495728864587
Q9NRH2,SNRK,Bosutinib,HL60,-0.48610206241064174
Q9NRH2,SNRK,Dabrafenib,HL60,-0.7189369013430202
Q9NRH2,SNRK,Dasatinib,HL60,-0.46726349285316066
Q9NRH2,SNRK,DNAPK,HL60,0.04718881847070304
Q9NRH2,SNRK,H89,HL60,0.2567351882754326
Q9NRH2,SNRK,KD025,HL60,0.13791271816763426
Q9NRH2,SNRK,NU7441,HL60,-0.24341231033972954
Q9NRH2,SNRK,Ripasudil,HL60,-0.07732280145627317
Q9NRH2,SNRK,Vemurafenib,HL60,-0.5838642303908859
Q9NRH2,SNRK,CX4945,HL60,0.3378694641572885
Q9NRH2,SNRK,GO6983,HL60,0.19605936698222526
Q9NRH2,SNRK,KN93,HL60,0.21065581938849343
Q9NRH2,SNRK,MK2206,HL60,0.29132092078029453
Q9UQ07,MOK,AZD5438,HL60,
Q9UQ07,MOK,FRAX486,HL60,
Q9UQ07,MOK,Ku0063794,HL60,
Q9UQ07,MOK,PD153035,HL60,
Q9UQ07,MOK,PF3758309,HL60,
Q9UQ07,MOK,Torin,HL60,
Q9UQ07,MOK,Trametinib,HL60,
Q9UQ07,MOK,AZD1480,HL60,
Q9UQ07,MOK,AZD5363,HL60,
Q9UQ07,MOK,BX912,HL60,
Q9UQ07,MOK,CHIR99021,HL60,
Q9UQ07,MOK,GSK2334470,HL60,
Q9UQ07,MOK,Ipatasertib,HL60,
Q9UQ07,MOK,LY2090314,HL60,
Q9UQ07,MOK,Tofacitinib,HL60,
Q9UQ07,MOK,AZD6482,HL60,
Q9UQ07,MOK,CAL101,HL60,
Q9UQ07,MOK,GDC0941,HL60,
Q9UQ07,MOK,HS173,HL60,
Q9UQ07,MOK,PIK294,HL60,
Q9UQ07,MOK,TGX221,HL60,
Q9UQ07,MOK,AZD8055,HL60,
Q9UQ07,MOK,GDC0994,HL60,
Q9UQ07,MOK,JNK,HL60,
Q9UQ07,MOK,LY2584702,HL60,
Q9UQ07,MOK,PH797804,HL60,
Q9UQ07,MOK,Selumetinib,HL60,
Q9UQ07,MOK,U73122,HL60,
Q9UQ07,MOK,Ulixertinib,HL60,
Q9UQ07,MOK,Amuvatinib,HL60,
Q9UQ07,MOK,AZD3759,HL60,
Q9UQ07,MOK,GSK690693,HL60,
Q9UQ07,MOK,JNJ,HL60,
Q9UQ07,MOK,KN62,HL60,
Q9UQ07,MOK,Linsitinib,HL60,
Q9UQ07,MOK,LY2835219,HL60,
Q9UQ07,MOK,Ribociclib,HL60,
Q9UQ07,MOK,AC220,HL60,
Q9UQ07,MOK,Edelfosine,HL60,
Q9UQ07,MOK,GF109203X,HL60,
Q9UQ07,MOK,Go6976,HL60,
Q9UQ07,MOK,PF4708671,HL60,
Q9UQ07,MOK,SP600125,HL60,
Q9UQ07,MOK,TAK715,HL60,
Q9UQ07,MOK,TBCA,HL60,
Q9UQ07,MOK,AT13148,HL60,
Q9UQ07,MOK,AZ20,HL60,
Q9UQ07,MOK,AZD6738,HL60,
Q9UQ07,MOK,Bosutinib,HL60,
Q9UQ07,MOK,Dabrafenib,HL60,
Q9UQ07,MOK,Dasatinib,HL60,
Q9UQ07,MOK,DNAPK,HL60,
Q9UQ07,MOK,H89,HL60,
Q9UQ07,MOK,KD025,HL60,
Q9UQ07,MOK,NU7441,HL60,
Q9UQ07,MOK,Ripasudil,HL60,
Q9UQ07,MOK,Vemurafenib,HL60,
Q9UQ07,MOK,CX4945,HL60,
Q9UQ07,MOK,GO6983,HL60,
Q9UQ07,MOK,KN93,HL60,
Q9UQ07,MOK,MK2206,HL60,
Q6DT37,CDC42BPG,AZD5438,HL60,
Q6DT37,CDC42BPG,FRAX486,HL60,
Q6DT37,CDC42BPG,Ku0063794,HL60,
Q6DT37,CDC42BPG,PD153035,HL60,
Q6DT37,CDC42BPG,PF3758309,HL60,
Q6DT37,CDC42BPG,Torin,HL60,
Q6DT37,CDC42BPG,Trametinib,HL60,
Q6DT37,CDC42BPG,AZD1480,HL60,
Q6DT37,CDC42BPG,AZD5363,HL60,
Q6DT37,CDC42BPG,BX912,HL60,
Q6DT37,CDC42BPG,CHIR99021,HL60,
Q6DT37,CDC42BPG,GSK2334470,HL60,
Q6DT37,CDC42BPG,Ipatasertib,HL60,
Q6DT37,CDC42BPG,LY2090314,HL60,
Q6DT37,CDC42BPG,Tofacitinib,HL60,
Q6DT37,CDC42BPG,AZD6482,HL60,
Q6DT37,CDC42BPG,CAL101,HL60,
Q6DT37,CDC42BPG,GDC0941,HL60,
Q6DT37,CDC42BPG,HS173,HL60,
Q6DT37,CDC42BPG,PIK294,HL60,
Q6DT37,CDC42BPG,TGX221,HL60,
Q6DT37,CDC42BPG,AZD8055,HL60,
Q6DT37,CDC42BPG,GDC0994,HL60,
Q6DT37,CDC42BPG,JNK,HL60,
Q6DT37,CDC42BPG,LY2584702,HL60,
Q6DT37,CDC42BPG,PH797804,HL60,
Q6DT37,CDC42BPG,Selumetinib,HL60,
Q6DT37,CDC42BPG,U73122,HL60,
Q6DT37,CDC42BPG,Ulixertinib,HL60,
Q6DT37,CDC42BPG,Amuvatinib,HL60,
Q6DT37,CDC42BPG,AZD3759,HL60,
Q6DT37,CDC42BPG,GSK690693,HL60,
Q6DT37,CDC42BPG,JNJ,HL60,
Q6DT37,CDC42BPG,KN62,HL60,
Q6DT37,CDC42BPG,Linsitinib,HL60,
Q6DT37,CDC42BPG,LY2835219,HL60,
Q6DT37,CDC42BPG,Ribociclib,HL60,
Q6DT37,CDC42BPG,AC220,HL60,
Q6DT37,CDC42BPG,Edelfosine,HL60,
Q6DT37,CDC42BPG,GF109203X,HL60,
Q6DT37,CDC42BPG,Go6976,HL60,
Q6DT37,CDC42BPG,PF4708671,HL60,
Q6DT37,CDC42BPG,SP600125,HL60,
Q6DT37,CDC42BPG,TAK715,HL60,
Q6DT37,CDC42BPG,TBCA,HL60,
Q6DT37,CDC42BPG,AT13148,HL60,
Q6DT37,CDC42BPG,AZ20,HL60,
Q6DT37,CDC42BPG,AZD6738,HL60,
Q6DT37,CDC42BPG,Bosutinib,HL60,
Q6DT37,CDC42BPG,Dabrafenib,HL60,
Q6DT37,CDC42BPG,Dasatinib,HL60,
Q6DT37,CDC42BPG,DNAPK,HL60,
Q6DT37,CDC42BPG,H89,HL60,
Q6DT37,CDC42BPG,KD025,HL60,
Q6DT37,CDC42BPG,NU7441,HL60,
Q6DT37,CDC42BPG,Ripasudil,HL60,
Q6DT37,CDC42BPG,Vemurafenib,HL60,
Q6DT37,CDC42BPG,CX4945,HL60,
Q6DT37,CDC42BPG,GO6983,HL60,
Q6DT37,CDC42BPG,KN93,HL60,
Q6DT37,CDC42BPG,MK2206,HL60,
P54760,EPHB4,AZD5438,HL60,
P54760,EPHB4,FRAX486,HL60,
P54760,EPHB4,Ku0063794,HL60,
P54760,EPHB4,PD153035,HL60,
P54760,EPHB4,PF3758309,HL60,
P54760,EPHB4,Torin,HL60,
P54760,EPHB4,Trametinib,HL60,
P54760,EPHB4,AZD1480,HL60,
P54760,EPHB4,AZD5363,HL60,
P54760,EPHB4,BX912,HL60,
P54760,EPHB4,CHIR99021,HL60,
P54760,EPHB4,GSK2334470,HL60,
P54760,EPHB4,Ipatasertib,HL60,
P54760,EPHB4,LY2090314,HL60,
P54760,EPHB4,Tofacitinib,HL60,
P54760,EPHB4,AZD6482,HL60,
P54760,EPHB4,CAL101,HL60,
P54760,EPHB4,GDC0941,HL60,
P54760,EPHB4,HS173,HL60,
P54760,EPHB4,PIK294,HL60,
P54760,EPHB4,TGX221,HL60,
P54760,EPHB4,AZD8055,HL60,
P54760,EPHB4,GDC0994,HL60,
P54760,EPHB4,JNK,HL60,
P54760,EPHB4,LY2584702,HL60,
P54760,EPHB4,PH797804,HL60,
P54760,EPHB4,Selumetinib,HL60,
P54760,EPHB4,U73122,HL60,
P54760,EPHB4,Ulixertinib,HL60,
P54760,EPHB4,Amuvatinib,HL60,
P54760,EPHB4,AZD3759,HL60,
P54760,EPHB4,GSK690693,HL60,
P54760,EPHB4,JNJ,HL60,
P54760,EPHB4,KN62,HL60,
P54760,EPHB4,Linsitinib,HL60,
P54760,EPHB4,LY2835219,HL60,
P54760,EPHB4,Ribociclib,HL60,
P54760,EPHB4,AC220,HL60,
P54760,EPHB4,Edelfosine,HL60,
P54760,EPHB4,GF109203X,HL60,
P54760,EPHB4,Go6976,HL60,
P54760,EPHB4,PF4708671,HL60,
P54760,EPHB4,SP600125,HL60,
P54760,EPHB4,TAK715,HL60,
P54760,EPHB4,TBCA,HL60,
P54760,EPHB4,AT13148,HL60,
P54760,EPHB4,AZ20,HL60,
P54760,EPHB4,AZD6738,HL60,
P54760,EPHB4,Bosutinib,HL60,
P54760,EPHB4,Dabrafenib,HL60,
P54760,EPHB4,Dasatinib,HL60,
P54760,EPHB4,DNAPK,HL60,
P54760,EPHB4,H89,HL60,
P54760,EPHB4,KD025,HL60,
P54760,EPHB4,NU7441,HL60,
P54760,EPHB4,Ripasudil,HL60,
P54760,EPHB4,Vemurafenib,HL60,
P54760,EPHB4,CX4945,HL60,
P54760,EPHB4,GO6983,HL60,
P54760,EPHB4,KN93,HL60,
P54760,EPHB4,MK2206,HL60,
P21860,ERBB3,AC220,HL60,-1.3295793619510177
P21860,ERBB3,AT13148,HL60,-1.0398043841435722
P21860,ERBB3,AZ20,HL60,0.16497514181454617
P21860,ERBB3,AZD1480,HL60,0.308641774291211
P21860,ERBB3,AZD3759,HL60,0.6523587638729803
P21860,ERBB3,AZD5363,HL60,2.2013865356762143
P21860,ERBB3,AZD5438,HL60,0.049529940269742556
P21860,ERBB3,AZD6482,HL60,-0.3554542517168382
P21860,ERBB3,AZD6738,HL60,-0.3570082865746152
P21860,ERBB3,AZD8055,HL60,2.1134190192527447
P21860,ERBB3,Amuvatinib,HL60,-0.747203809762506
P21860,ERBB3,BX912,HL60,-0.3542709468405668
P21860,ERBB3,Bosutinib,HL60,1.5989019511736695
P21860,ERBB3,CAL101,HL60,-1.0401286302247168
P21860,ERBB3,CHIR99021,HL60,0.18997400699049258
P21860,ERBB3,CX4945,HL60,0.35818334950538766
P21860,ERBB3,DNAPK,HL60,1.017818293523943
P21860,ERBB3,Dabrafenib,HL60,0.9851969983682941
P21860,ERBB3,Dasatinib,HL60,0.8488999213702676
P21860,ERBB3,Edelfosine,HL60,0.602849733878969
P21860,ERBB3,FRAX486,HL60,-2.6399184536280997
P21860,ERBB3,GDC0941,HL60,-0.0063113046002661165
P21860,ERBB3,GDC0994,HL60,0.1767812081512593
P21860,ERBB3,GF109203X,HL60,-2.469168430543447
P21860,ERBB3,GO6983,HL60,1.3418753076748766
P21860,ERBB3,GSK2334470,HL60,0.030078707420083187
P21860,ERBB3,GSK690693,HL60,1.9452232069526463
P21860,ERBB3,Go6976,HL60,0.9417149447247127
P21860,ERBB3,H89,HL60,1.3031042633595746
P21860,ERBB3,HS173,HL60,-0.02099241111396789
P21860,ERBB3,Ipatasertib,HL60,2.6826186697611196
P21860,ERBB3,JNJ,HL60,0.4862913326602795
P21860,ERBB3,JNK,HL60,2.7117804310394593
P21860,ERBB3,KD025,HL60,1.2837970445331888
P21860,ERBB3,KN62,HL60,0.6973551386044305
P21860,ERBB3,KN93,HL60,0.6566205671693851
P21860,ERBB3,Ku0063794,HL60,-2.2018106400094415
P21860,ERBB3,LY2090314,HL60,-1.2652800758473872
P21860,ERBB3,LY2584702,HL60,2.44048341557673
P21860,ERBB3,LY2835219,HL60,-0.3531875481771912
P21860,ERBB3,Linsitinib,HL60,-0.017220146169981722
P21860,ERBB3,MK2206,HL60,-0.7346611960962705
P21860,ERBB3,NU7441,HL60,0.5958737755382806
P21860,ERBB3,PD153035,HL60,-1.3077234936439563
P21860,ERBB3,PF3758309,HL60,-3.2163753514365765
P21860,ERBB3,PF4708671,HL60,-1.8718254041901943
P21860,ERBB3,PH797804,HL60,1.1438418881190788
P21860,ERBB3,PIK294,HL60,0.34345172093380333
P21860,ERBB3,Ribociclib,HL60,-0.07353146740252905
P21860,ERBB3,Ripasudil,HL60,0.30655617659323925
P21860,ERBB3,SP600125,HL60,-0.20942155947009128
P21860,ERBB3,Selumetinib,HL60,0.7911588653728159
P21860,ERBB3,TAK715,HL60,0.6278430342320643
P21860,ERBB3,TBCA,HL60,-1.0585009990628995
P21860,ERBB3,TGX221,HL60,0.06354892715744574
P21860,ERBB3,Tofacitinib,HL60,0.13691794126318738
P21860,ERBB3,Torin,HL60,-2.602650983303232
P21860,ERBB3,Trametinib,HL60,-1.4888059248414633
P21860,ERBB3,U73122,HL60,1.6497539048851453
P21860,ERBB3,Ulixertinib,HL60,1.8639466927396922
P21860,ERBB3,Vemurafenib,HL60,-0.6539573727239122
Q13263,TRIM28,AZD5438,HL60,0.3227937413821048
Q13263,TRIM28,FRAX486,HL60,0.019709779954576567
Q13263,TRIM28,Ku0063794,HL60,-0.017719395243745713
Q13263,TRIM28,PD153035,HL60,0.10539528994698098
Q13263,TRIM28,PF3758309,HL60,-2.943304423827509
Q13263,TRIM28,Torin,HL60,-0.08296509243272643
Q13263,TRIM28,Trametinib,HL60,0.08417635409472927
Q13263,TRIM28,AZD1480,HL60,0.04893986653324391
Q13263,TRIM28,AZD5363,HL60,-0.16409062469598765
Q13263,TRIM28,BX912,HL60,0.10967294509609124
Q13263,TRIM28,CHIR99021,HL60,0.2451451577696927
Q13263,TRIM28,GSK2334470,HL60,-0.27000151170192266
Q13263,TRIM28,Ipatasertib,HL60,-0.3658580953557098
Q13263,TRIM28,LY2090314,HL60,0.1444088895284136
Q13263,TRIM28,Tofacitinib,HL60,0.18110628377047164
Q13263,TRIM28,AZD6482,HL60,-0.23716713811582862
Q13263,TRIM28,CAL101,HL60,-0.1275913334568535
Q13263,TRIM28,GDC0941,HL60,-0.07333037997649618
Q13263,TRIM28,HS173,HL60,-0.030775860131933123
Q13263,TRIM28,PIK294,HL60,0.0684625434510552
Q13263,TRIM28,TGX221,HL60,-0.021196739225398806
Q13263,TRIM28,AZD8055,HL60,-0.2021538244473575
Q13263,TRIM28,GDC0994,HL60,-0.029640576834919115
Q13263,TRIM28,JNK,HL60,-0.6862323933352505
Q13263,TRIM28,LY2584702,HL60,-0.6991369727147841
Q13263,TRIM28,PH797804,HL60,0.17535928383872393
Q13263,TRIM28,Selumetinib,HL60,0.31225165099819585
Q13263,TRIM28,U73122,HL60,-0.12148872337217356
Q13263,TRIM28,Ulixertinib,HL60,0.01541064752430547
Q13263,TRIM28,Amuvatinib,HL60,-0.005505219797761272
Q13263,TRIM28,AZD3759,HL60,-0.26523861686724626
Q13263,TRIM28,GSK690693,HL60,-0.2576347171685073
Q13263,TRIM28,JNJ,HL60,0.23632143122939808
Q13263,TRIM28,KN62,HL60,0.01481185591765802
Q13263,TRIM28,Linsitinib,HL60,-0.18970077309961408
Q13263,TRIM28,LY2835219,HL60,-0.16843572656510497
Q13263,TRIM28,Ribociclib,HL60,-0.10787927796540517
Q13263,TRIM28,AC220,HL60,0.5648354100964136
Q13263,TRIM28,Edelfosine,HL60,0.3712361802882536
Q13263,TRIM28,GF109203X,HL60,0.3626573122292504
Q13263,TRIM28,Go6976,HL60,0.2903399888775613
Q13263,TRIM28,PF4708671,HL60,0.620091897352033
Q13263,TRIM28,SP600125,HL60,0.643536795499127
Q13263,TRIM28,TAK715,HL60,0.735978797561193
Q13263,TRIM28,TBCA,HL60,0.5734481212994365
Q13263,TRIM28,AT13148,HL60,0.2650080726854522
Q13263,TRIM28,AZ20,HL60,0.16578602414225993
Q13263,TRIM28,AZD6738,HL60,0.2780392260977953
Q13263,TRIM28,Bosutinib,HL60,0.16450470028302336
Q13263,TRIM28,Dabrafenib,HL60,0.20048655086196351
Q13263,TRIM28,Dasatinib,HL60,0.5975145466291966
Q13263,TRIM28,DNAPK,HL60,0.6449899371835107
Q13263,TRIM28,H89,HL60,0.7999241452082704
Q13263,TRIM28,KD025,HL60,0.34705131698092073
Q13263,TRIM28,NU7441,HL60,0.5328845843688956
Q13263,TRIM28,Ripasudil,HL60,0.5863625324961735
Q13263,TRIM28,Vemurafenib,HL60,-0.7477754286101909
Q13263,TRIM28,CX4945,HL60,1.1130291743556917
Q13263,TRIM28,GO6983,HL60,0.8515087840767824
Q13263,TRIM28,KN93,HL60,1.0349082838077306
Q13263,TRIM28,MK2206,HL60,0.1877891711272918
Q9H792,PEAK1,AZD5438,HL60,
Q9H792,PEAK1,FRAX486,HL60,
Q9H792,PEAK1,Ku0063794,HL60,
Q9H792,PEAK1,PD153035,HL60,
Q9H792,PEAK1,PF3758309,HL60,
Q9H792,PEAK1,Torin,HL60,
Q9H792,PEAK1,Trametinib,HL60,
Q9H792,PEAK1,AZD1480,HL60,
Q9H792,PEAK1,AZD5363,HL60,
Q9H792,PEAK1,BX912,HL60,
Q9H792,PEAK1,CHIR99021,HL60,
Q9H792,PEAK1,GSK2334470,HL60,
Q9H792,PEAK1,Ipatasertib,HL60,
Q9H792,PEAK1,LY2090314,HL60,
Q9H792,PEAK1,Tofacitinib,HL60,
Q9H792,PEAK1,AZD6482,HL60,
Q9H792,PEAK1,CAL101,HL60,
Q9H792,PEAK1,GDC0941,HL60,
Q9H792,PEAK1,HS173,HL60,
Q9H792,PEAK1,PIK294,HL60,
Q9H792,PEAK1,TGX221,HL60,
Q9H792,PEAK1,AZD8055,HL60,
Q9H792,PEAK1,GDC0994,HL60,
Q9H792,PEAK1,JNK,HL60,
Q9H792,PEAK1,LY2584702,HL60,
Q9H792,PEAK1,PH797804,HL60,
Q9H792,PEAK1,Selumetinib,HL60,
Q9H792,PEAK1,U73122,HL60,
Q9H792,PEAK1,Ulixertinib,HL60,
Q9H792,PEAK1,Amuvatinib,HL60,
Q9H792,PEAK1,AZD3759,HL60,
Q9H792,PEAK1,GSK690693,HL60,
Q9H792,PEAK1,JNJ,HL60,
Q9H792,PEAK1,KN62,HL60,
Q9H792,PEAK1,Linsitinib,HL60,
Q9H792,PEAK1,LY2835219,HL60,
Q9H792,PEAK1,Ribociclib,HL60,
Q9H792,PEAK1,AC220,HL60,
Q9H792,PEAK1,Edelfosine,HL60,
Q9H792,PEAK1,GF109203X,HL60,
Q9H792,PEAK1,Go6976,HL60,
Q9H792,PEAK1,PF4708671,HL60,
Q9H792,PEAK1,SP600125,HL60,
Q9H792,PEAK1,TAK715,HL60,
Q9H792,PEAK1,TBCA,HL60,
Q9H792,PEAK1,AT13148,HL60,
Q9H792,PEAK1,AZ20,HL60,
Q9H792,PEAK1,AZD6738,HL60,
Q9H792,PEAK1,Bosutinib,HL60,
Q9H792,PEAK1,Dabrafenib,HL60,
Q9H792,PEAK1,Dasatinib,HL60,
Q9H792,PEAK1,DNAPK,HL60,
Q9H792,PEAK1,H89,HL60,
Q9H792,PEAK1,KD025,HL60,
Q9H792,PEAK1,NU7441,HL60,
Q9H792,PEAK1,Ripasudil,HL60,
Q9H792,PEAK1,Vemurafenib,HL60,
Q9H792,PEAK1,CX4945,HL60,
Q9H792,PEAK1,GO6983,HL60,
Q9H792,PEAK1,KN93,HL60,
Q9H792,PEAK1,MK2206,HL60,
Q01973,ROR1,AZD5438,HL60,
Q01973,ROR1,FRAX486,HL60,
Q01973,ROR1,Ku0063794,HL60,
Q01973,ROR1,PD153035,HL60,
Q01973,ROR1,PF3758309,HL60,
Q01973,ROR1,Torin,HL60,
Q01973,ROR1,Trametinib,HL60,
Q01973,ROR1,AZD1480,HL60,
Q01973,ROR1,AZD5363,HL60,
Q01973,ROR1,BX912,HL60,
Q01973,ROR1,CHIR99021,HL60,
Q01973,ROR1,GSK2334470,HL60,
Q01973,ROR1,Ipatasertib,HL60,
Q01973,ROR1,LY2090314,HL60,
Q01973,ROR1,Tofacitinib,HL60,
Q01973,ROR1,AZD6482,HL60,
Q01973,ROR1,CAL101,HL60,
Q01973,ROR1,GDC0941,HL60,
Q01973,ROR1,HS173,HL60,
Q01973,ROR1,PIK294,HL60,
Q01973,ROR1,TGX221,HL60,
Q01973,ROR1,AZD8055,HL60,
Q01973,ROR1,GDC0994,HL60,
Q01973,ROR1,JNK,HL60,
Q01973,ROR1,LY2584702,HL60,
Q01973,ROR1,PH797804,HL60,
Q01973,ROR1,Selumetinib,HL60,
Q01973,ROR1,U73122,HL60,
Q01973,ROR1,Ulixertinib,HL60,
Q01973,ROR1,Amuvatinib,HL60,
Q01973,ROR1,AZD3759,HL60,
Q01973,ROR1,GSK690693,HL60,
Q01973,ROR1,JNJ,HL60,
Q01973,ROR1,KN62,HL60,
Q01973,ROR1,Linsitinib,HL60,
Q01973,ROR1,LY2835219,HL60,
Q01973,ROR1,Ribociclib,HL60,
Q01973,ROR1,AC220,HL60,
Q01973,ROR1,Edelfosine,HL60,
Q01973,ROR1,GF109203X,HL60,
Q01973,ROR1,Go6976,HL60,
Q01973,ROR1,PF4708671,HL60,
Q01973,ROR1,SP600125,HL60,
Q01973,ROR1,TAK715,HL60,
Q01973,ROR1,TBCA,HL60,
Q01973,ROR1,AT13148,HL60,
Q01973,ROR1,AZ20,HL60,
Q01973,ROR1,AZD6738,HL60,
Q01973,ROR1,Bosutinib,HL60,
Q01973,ROR1,Dabrafenib,HL60,
Q01973,ROR1,Dasatinib,HL60,
Q01973,ROR1,DNAPK,HL60,
Q01973,ROR1,H89,HL60,
Q01973,ROR1,KD025,HL60,
Q01973,ROR1,NU7441,HL60,
Q01973,ROR1,Ripasudil,HL60,
Q01973,ROR1,Vemurafenib,HL60,
Q01973,ROR1,CX4945,HL60,
Q01973,ROR1,GO6983,HL60,
Q01973,ROR1,KN93,HL60,
Q01973,ROR1,MK2206,HL60,
O60566,BUB1B,AZD5438,HL60,
O60566,BUB1B,FRAX486,HL60,
O60566,BUB1B,Ku0063794,HL60,
O60566,BUB1B,PD153035,HL60,
O60566,BUB1B,PF3758309,HL60,
O60566,BUB1B,Torin,HL60,
O60566,BUB1B,Trametinib,HL60,
O60566,BUB1B,AZD1480,HL60,
O60566,BUB1B,AZD5363,HL60,
O60566,BUB1B,BX912,HL60,
O60566,BUB1B,CHIR99021,HL60,
O60566,BUB1B,GSK2334470,HL60,
O60566,BUB1B,Ipatasertib,HL60,
O60566,BUB1B,LY2090314,HL60,
O60566,BUB1B,Tofacitinib,HL60,
O60566,BUB1B,AZD6482,HL60,
O60566,BUB1B,CAL101,HL60,
O60566,BUB1B,GDC0941,HL60,
O60566,BUB1B,HS173,HL60,
O60566,BUB1B,PIK294,HL60,
O60566,BUB1B,TGX221,HL60,
O60566,BUB1B,AZD8055,HL60,
O60566,BUB1B,GDC0994,HL60,
O60566,BUB1B,JNK,HL60,
O60566,BUB1B,LY2584702,HL60,
O60566,BUB1B,PH797804,HL60,
O60566,BUB1B,Selumetinib,HL60,
O60566,BUB1B,U73122,HL60,
O60566,BUB1B,Ulixertinib,HL60,
O60566,BUB1B,Amuvatinib,HL60,
O60566,BUB1B,AZD3759,HL60,
O60566,BUB1B,GSK690693,HL60,
O60566,BUB1B,JNJ,HL60,
O60566,BUB1B,KN62,HL60,
O60566,BUB1B,Linsitinib,HL60,
O60566,BUB1B,LY2835219,HL60,
O60566,BUB1B,Ribociclib,HL60,
O60566,BUB1B,AC220,HL60,
O60566,BUB1B,Edelfosine,HL60,
O60566,BUB1B,GF109203X,HL60,
O60566,BUB1B,Go6976,HL60,
O60566,BUB1B,PF4708671,HL60,
O60566,BUB1B,SP600125,HL60,
O60566,BUB1B,TAK715,HL60,
O60566,BUB1B,TBCA,HL60,
O60566,BUB1B,AT13148,HL60,
O60566,BUB1B,AZ20,HL60,
O60566,BUB1B,AZD6738,HL60,
O60566,BUB1B,Bosutinib,HL60,
O60566,BUB1B,Dabrafenib,HL60,
O60566,BUB1B,Dasatinib,HL60,
O60566,BUB1B,DNAPK,HL60,
O60566,BUB1B,H89,HL60,
O60566,BUB1B,KD025,HL60,
O60566,BUB1B,NU7441,HL60,
O60566,BUB1B,Ripasudil,HL60,
O60566,BUB1B,Vemurafenib,HL60,
O60566,BUB1B,CX4945,HL60,
O60566,BUB1B,GO6983,HL60,
O60566,BUB1B,KN93,HL60,
O60566,BUB1B,MK2206,HL60,
Q9UJY1,HSPB8,AZD5438,HL60,
Q9UJY1,HSPB8,FRAX486,HL60,
Q9UJY1,HSPB8,Ku0063794,HL60,
Q9UJY1,HSPB8,PD153035,HL60,
Q9UJY1,HSPB8,PF3758309,HL60,
Q9UJY1,HSPB8,Torin,HL60,
Q9UJY1,HSPB8,Trametinib,HL60,
Q9UJY1,HSPB8,AZD1480,HL60,
Q9UJY1,HSPB8,AZD5363,HL60,
Q9UJY1,HSPB8,BX912,HL60,
Q9UJY1,HSPB8,CHIR99021,HL60,
Q9UJY1,HSPB8,GSK2334470,HL60,
Q9UJY1,HSPB8,Ipatasertib,HL60,
Q9UJY1,HSPB8,LY2090314,HL60,
Q9UJY1,HSPB8,Tofacitinib,HL60,
Q9UJY1,HSPB8,AZD6482,HL60,
Q9UJY1,HSPB8,CAL101,HL60,
Q9UJY1,HSPB8,GDC0941,HL60,
Q9UJY1,HSPB8,HS173,HL60,
Q9UJY1,HSPB8,PIK294,HL60,
Q9UJY1,HSPB8,TGX221,HL60,
Q9UJY1,HSPB8,AZD8055,HL60,
Q9UJY1,HSPB8,GDC0994,HL60,
Q9UJY1,HSPB8,JNK,HL60,
Q9UJY1,HSPB8,LY2584702,HL60,
Q9UJY1,HSPB8,PH797804,HL60,
Q9UJY1,HSPB8,Selumetinib,HL60,
Q9UJY1,HSPB8,U73122,HL60,
Q9UJY1,HSPB8,Ulixertinib,HL60,
Q9UJY1,HSPB8,Amuvatinib,HL60,
Q9UJY1,HSPB8,AZD3759,HL60,
Q9UJY1,HSPB8,GSK690693,HL60,
Q9UJY1,HSPB8,JNJ,HL60,
Q9UJY1,HSPB8,KN62,HL60,
Q9UJY1,HSPB8,Linsitinib,HL60,
Q9UJY1,HSPB8,LY2835219,HL60,
Q9UJY1,HSPB8,Ribociclib,HL60,
Q9UJY1,HSPB8,AC220,HL60,
Q9UJY1,HSPB8,Edelfosine,HL60,
Q9UJY1,HSPB8,GF109203X,HL60,
Q9UJY1,HSPB8,Go6976,HL60,
Q9UJY1,HSPB8,PF4708671,HL60,
Q9UJY1,HSPB8,SP600125,HL60,
Q9UJY1,HSPB8,TAK715,HL60,
Q9UJY1,HSPB8,TBCA,HL60,
Q9UJY1,HSPB8,AT13148,HL60,
Q9UJY1,HSPB8,AZ20,HL60,
Q9UJY1,HSPB8,AZD6738,HL60,
Q9UJY1,HSPB8,Bosutinib,HL60,
Q9UJY1,HSPB8,Dabrafenib,HL60,
Q9UJY1,HSPB8,Dasatinib,HL60,
Q9UJY1,HSPB8,DNAPK,HL60,
Q9UJY1,HSPB8,H89,HL60,
Q9UJY1,HSPB8,KD025,HL60,
Q9UJY1,HSPB8,NU7441,HL60,
Q9UJY1,HSPB8,Ripasudil,HL60,
Q9UJY1,HSPB8,Vemurafenib,HL60,
Q9UJY1,HSPB8,CX4945,HL60,
Q9UJY1,HSPB8,GO6983,HL60,
Q9UJY1,HSPB8,KN93,HL60,
Q9UJY1,HSPB8,MK2206,HL60,
Q01974,ROR2,AZD5438,HL60,
Q01974,ROR2,FRAX486,HL60,
Q01974,ROR2,Ku0063794,HL60,
Q01974,ROR2,PD153035,HL60,
Q01974,ROR2,PF3758309,HL60,
Q01974,ROR2,Torin,HL60,
Q01974,ROR2,Trametinib,HL60,
Q01974,ROR2,AZD1480,HL60,
Q01974,ROR2,AZD5363,HL60,
Q01974,ROR2,BX912,HL60,
Q01974,ROR2,CHIR99021,HL60,
Q01974,ROR2,GSK2334470,HL60,
Q01974,ROR2,Ipatasertib,HL60,
Q01974,ROR2,LY2090314,HL60,
Q01974,ROR2,Tofacitinib,HL60,
Q01974,ROR2,AZD6482,HL60,
Q01974,ROR2,CAL101,HL60,
Q01974,ROR2,GDC0941,HL60,
Q01974,ROR2,HS173,HL60,
Q01974,ROR2,PIK294,HL60,
Q01974,ROR2,TGX221,HL60,
Q01974,ROR2,AZD8055,HL60,
Q01974,ROR2,GDC0994,HL60,
Q01974,ROR2,JNK,HL60,
Q01974,ROR2,LY2584702,HL60,
Q01974,ROR2,PH797804,HL60,
Q01974,ROR2,Selumetinib,HL60,
Q01974,ROR2,U73122,HL60,
Q01974,ROR2,Ulixertinib,HL60,
Q01974,ROR2,Amuvatinib,HL60,
Q01974,ROR2,AZD3759,HL60,
Q01974,ROR2,GSK690693,HL60,
Q01974,ROR2,JNJ,HL60,
Q01974,ROR2,KN62,HL60,
Q01974,ROR2,Linsitinib,HL60,
Q01974,ROR2,LY2835219,HL60,
Q01974,ROR2,Ribociclib,HL60,
Q01974,ROR2,AC220,HL60,
Q01974,ROR2,Edelfosine,HL60,
Q01974,ROR2,GF109203X,HL60,
Q01974,ROR2,Go6976,HL60,
Q01974,ROR2,PF4708671,HL60,
Q01974,ROR2,SP600125,HL60,
Q01974,ROR2,TAK715,HL60,
Q01974,ROR2,TBCA,HL60,
Q01974,ROR2,AT13148,HL60,
Q01974,ROR2,AZ20,HL60,
Q01974,ROR2,AZD6738,HL60,
Q01974,ROR2,Bosutinib,HL60,
Q01974,ROR2,Dabrafenib,HL60,
Q01974,ROR2,Dasatinib,HL60,
Q01974,ROR2,DNAPK,HL60,
Q01974,ROR2,H89,HL60,
Q01974,ROR2,KD025,HL60,
Q01974,ROR2,NU7441,HL60,
Q01974,ROR2,Ripasudil,HL60,
Q01974,ROR2,Vemurafenib,HL60,
Q01974,ROR2,CX4945,HL60,
Q01974,ROR2,GO6983,HL60,
Q01974,ROR2,KN93,HL60,
Q01974,ROR2,MK2206,HL60,
Q9BVS4,RIOK2,AC220,HL60,
Q9BVS4,RIOK2,AT13148,HL60,
Q9BVS4,RIOK2,AZ20,HL60,
Q9BVS4,RIOK2,AZD1480,HL60,
Q9BVS4,RIOK2,AZD3759,HL60,
Q9BVS4,RIOK2,AZD5363,HL60,
Q9BVS4,RIOK2,AZD5438,HL60,
Q9BVS4,RIOK2,AZD6482,HL60,
Q9BVS4,RIOK2,AZD6738,HL60,
Q9BVS4,RIOK2,AZD8055,HL60,
Q9BVS4,RIOK2,Amuvatinib,HL60,
Q9BVS4,RIOK2,BX912,HL60,
Q9BVS4,RIOK2,Bosutinib,HL60,
Q9BVS4,RIOK2,CAL101,HL60,
Q9BVS4,RIOK2,CHIR99021,HL60,
Q9BVS4,RIOK2,CX4945,HL60,
Q9BVS4,RIOK2,DNAPK,HL60,
Q9BVS4,RIOK2,Dabrafenib,HL60,
Q9BVS4,RIOK2,Dasatinib,HL60,
Q9BVS4,RIOK2,Edelfosine,HL60,
Q9BVS4,RIOK2,FRAX486,HL60,
Q9BVS4,RIOK2,GDC0941,HL60,
Q9BVS4,RIOK2,GDC0994,HL60,
Q9BVS4,RIOK2,GF109203X,HL60,
Q9BVS4,RIOK2,GO6983,HL60,
Q9BVS4,RIOK2,GSK2334470,HL60,
Q9BVS4,RIOK2,GSK690693,HL60,
Q9BVS4,RIOK2,Go6976,HL60,
Q9BVS4,RIOK2,H89,HL60,
Q9BVS4,RIOK2,HS173,HL60,
Q9BVS4,RIOK2,Ipatasertib,HL60,
Q9BVS4,RIOK2,JNJ,HL60,
Q9BVS4,RIOK2,JNK,HL60,
Q9BVS4,RIOK2,KD025,HL60,
Q9BVS4,RIOK2,KN62,HL60,
Q9BVS4,RIOK2,KN93,HL60,
Q9BVS4,RIOK2,Ku0063794,HL60,
Q9BVS4,RIOK2,LY2090314,HL60,
Q9BVS4,RIOK2,LY2584702,HL60,
Q9BVS4,RIOK2,LY2835219,HL60,
Q9BVS4,RIOK2,Linsitinib,HL60,
Q9BVS4,RIOK2,MK2206,HL60,
Q9BVS4,RIOK2,NU7441,HL60,
Q9BVS4,RIOK2,PD153035,HL60,
Q9BVS4,RIOK2,PF3758309,HL60,
Q9BVS4,RIOK2,PF4708671,HL60,
Q9BVS4,RIOK2,PH797804,HL60,
Q9BVS4,RIOK2,PIK294,HL60,
Q9BVS4,RIOK2,Ribociclib,HL60,
Q9BVS4,RIOK2,Ripasudil,HL60,
Q9BVS4,RIOK2,SP600125,HL60,
Q9BVS4,RIOK2,Selumetinib,HL60,
Q9BVS4,RIOK2,TAK715,HL60,
Q9BVS4,RIOK2,TBCA,HL60,
Q9BVS4,RIOK2,TGX221,HL60,
Q9BVS4,RIOK2,Tofacitinib,HL60,
Q9BVS4,RIOK2,Torin,HL60,
Q9BVS4,RIOK2,Trametinib,HL60,
Q9BVS4,RIOK2,U73122,HL60,
Q9BVS4,RIOK2,Ulixertinib,HL60,
Q9BVS4,RIOK2,Vemurafenib,HL60,
O75962,TRIO,AZD5438,HL60,
O75962,TRIO,FRAX486,HL60,
O75962,TRIO,Ku0063794,HL60,
O75962,TRIO,PD153035,HL60,
O75962,TRIO,PF3758309,HL60,
O75962,TRIO,Torin,HL60,
O75962,TRIO,Trametinib,HL60,
O75962,TRIO,AZD1480,HL60,
O75962,TRIO,AZD5363,HL60,
O75962,TRIO,BX912,HL60,
O75962,TRIO,CHIR99021,HL60,
O75962,TRIO,GSK2334470,HL60,
O75962,TRIO,Ipatasertib,HL60,
O75962,TRIO,LY2090314,HL60,
O75962,TRIO,Tofacitinib,HL60,
O75962,TRIO,AZD6482,HL60,
O75962,TRIO,CAL101,HL60,
O75962,TRIO,GDC0941,HL60,
O75962,TRIO,HS173,HL60,
O75962,TRIO,PIK294,HL60,
O75962,TRIO,TGX221,HL60,
O75962,TRIO,AZD8055,HL60,
O75962,TRIO,GDC0994,HL60,
O75962,TRIO,JNK,HL60,
O75962,TRIO,LY2584702,HL60,
O75962,TRIO,PH797804,HL60,
O75962,TRIO,Selumetinib,HL60,
O75962,TRIO,U73122,HL60,
O75962,TRIO,Ulixertinib,HL60,
O75962,TRIO,Amuvatinib,HL60,
O75962,TRIO,AZD3759,HL60,
O75962,TRIO,GSK690693,HL60,
O75962,TRIO,JNJ,HL60,
O75962,TRIO,KN62,HL60,
O75962,TRIO,Linsitinib,HL60,
O75962,TRIO,LY2835219,HL60,
O75962,TRIO,Ribociclib,HL60,
O75962,TRIO,AC220,HL60,
O75962,TRIO,Edelfosine,HL60,
O75962,TRIO,GF109203X,HL60,
O75962,TRIO,Go6976,HL60,
O75962,TRIO,PF4708671,HL60,
O75962,TRIO,SP600125,HL60,
O75962,TRIO,TAK715,HL60,
O75962,TRIO,TBCA,HL60,
O75962,TRIO,AT13148,HL60,
O75962,TRIO,AZ20,HL60,
O75962,TRIO,AZD6738,HL60,
O75962,TRIO,Bosutinib,HL60,
O75962,TRIO,Dabrafenib,HL60,
O75962,TRIO,Dasatinib,HL60,
O75962,TRIO,DNAPK,HL60,
O75962,TRIO,H89,HL60,
O75962,TRIO,KD025,HL60,
O75962,TRIO,NU7441,HL60,
O75962,TRIO,Ripasudil,HL60,
O75962,TRIO,Vemurafenib,HL60,
O75962,TRIO,CX4945,HL60,
O75962,TRIO,GO6983,HL60,
O75962,TRIO,KN93,HL60,
O75962,TRIO,MK2206,HL60,
O15164,TRIM24,AZD5438,HL60,
O15164,TRIM24,FRAX486,HL60,
O15164,TRIM24,Ku0063794,HL60,
O15164,TRIM24,PD153035,HL60,
O15164,TRIM24,PF3758309,HL60,
O15164,TRIM24,Torin,HL60,
O15164,TRIM24,Trametinib,HL60,
O15164,TRIM24,AZD1480,HL60,
O15164,TRIM24,AZD5363,HL60,
O15164,TRIM24,BX912,HL60,
O15164,TRIM24,CHIR99021,HL60,
O15164,TRIM24,GSK2334470,HL60,
O15164,TRIM24,Ipatasertib,HL60,
O15164,TRIM24,LY2090314,HL60,
O15164,TRIM24,Tofacitinib,HL60,
O15164,TRIM24,AZD6482,HL60,
O15164,TRIM24,CAL101,HL60,
O15164,TRIM24,GDC0941,HL60,
O15164,TRIM24,HS173,HL60,
O15164,TRIM24,PIK294,HL60,
O15164,TRIM24,TGX221,HL60,
O15164,TRIM24,AZD8055,HL60,
O15164,TRIM24,GDC0994,HL60,
O15164,TRIM24,JNK,HL60,
O15164,TRIM24,LY2584702,HL60,
O15164,TRIM24,PH797804,HL60,
O15164,TRIM24,Selumetinib,HL60,
O15164,TRIM24,U73122,HL60,
O15164,TRIM24,Ulixertinib,HL60,
O15164,TRIM24,Amuvatinib,HL60,
O15164,TRIM24,AZD3759,HL60,
O15164,TRIM24,GSK690693,HL60,
O15164,TRIM24,JNJ,HL60,
O15164,TRIM24,KN62,HL60,
O15164,TRIM24,Linsitinib,HL60,
O15164,TRIM24,LY2835219,HL60,
O15164,TRIM24,Ribociclib,HL60,
O15164,TRIM24,AC220,HL60,
O15164,TRIM24,Edelfosine,HL60,
O15164,TRIM24,GF109203X,HL60,
O15164,TRIM24,Go6976,HL60,
O15164,TRIM24,PF4708671,HL60,
O15164,TRIM24,SP600125,HL60,
O15164,TRIM24,TAK715,HL60,
O15164,TRIM24,TBCA,HL60,
O15164,TRIM24,AT13148,HL60,
O15164,TRIM24,AZ20,HL60,
O15164,TRIM24,AZD6738,HL60,
O15164,TRIM24,Bosutinib,HL60,
O15164,TRIM24,Dabrafenib,HL60,
O15164,TRIM24,Dasatinib,HL60,
O15164,TRIM24,DNAPK,HL60,
O15164,TRIM24,H89,HL60,
O15164,TRIM24,KD025,HL60,
O15164,TRIM24,NU7441,HL60,
O15164,TRIM24,Ripasudil,HL60,
O15164,TRIM24,Vemurafenib,HL60,
O15164,TRIM24,CX4945,HL60,
O15164,TRIM24,GO6983,HL60,
O15164,TRIM24,KN93,HL60,
O15164,TRIM24,MK2206,HL60,
Q13470,TNK1,AZD5438,HL60,
Q13470,TNK1,FRAX486,HL60,
Q13470,TNK1,Ku0063794,HL60,
Q13470,TNK1,PD153035,HL60,
Q13470,TNK1,PF3758309,HL60,
Q13470,TNK1,Torin,HL60,
Q13470,TNK1,Trametinib,HL60,
Q13470,TNK1,AZD1480,HL60,
Q13470,TNK1,AZD5363,HL60,
Q13470,TNK1,BX912,HL60,
Q13470,TNK1,CHIR99021,HL60,
Q13470,TNK1,GSK2334470,HL60,
Q13470,TNK1,Ipatasertib,HL60,
Q13470,TNK1,LY2090314,HL60,
Q13470,TNK1,Tofacitinib,HL60,
Q13470,TNK1,AZD6482,HL60,
Q13470,TNK1,CAL101,HL60,
Q13470,TNK1,GDC0941,HL60,
Q13470,TNK1,HS173,HL60,
Q13470,TNK1,PIK294,HL60,
Q13470,TNK1,TGX221,HL60,
Q13470,TNK1,AZD8055,HL60,
Q13470,TNK1,GDC0994,HL60,
Q13470,TNK1,JNK,HL60,
Q13470,TNK1,LY2584702,HL60,
Q13470,TNK1,PH797804,HL60,
Q13470,TNK1,Selumetinib,HL60,
Q13470,TNK1,U73122,HL60,
Q13470,TNK1,Ulixertinib,HL60,
Q13470,TNK1,Amuvatinib,HL60,
Q13470,TNK1,AZD3759,HL60,
Q13470,TNK1,GSK690693,HL60,
Q13470,TNK1,JNJ,HL60,
Q13470,TNK1,KN62,HL60,
Q13470,TNK1,Linsitinib,HL60,
Q13470,TNK1,LY2835219,HL60,
Q13470,TNK1,Ribociclib,HL60,
Q13470,TNK1,AC220,HL60,
Q13470,TNK1,Edelfosine,HL60,
Q13470,TNK1,GF109203X,HL60,
Q13470,TNK1,Go6976,HL60,
Q13470,TNK1,PF4708671,HL60,
Q13470,TNK1,SP600125,HL60,
Q13470,TNK1,TAK715,HL60,
Q13470,TNK1,TBCA,HL60,
Q13470,TNK1,AT13148,HL60,
Q13470,TNK1,AZ20,HL60,
Q13470,TNK1,AZD6738,HL60,
Q13470,TNK1,Bosutinib,HL60,
Q13470,TNK1,Dabrafenib,HL60,
Q13470,TNK1,Dasatinib,HL60,
Q13470,TNK1,DNAPK,HL60,
Q13470,TNK1,H89,HL60,
Q13470,TNK1,KD025,HL60,
Q13470,TNK1,NU7441,HL60,
Q13470,TNK1,Ripasudil,HL60,
Q13470,TNK1,Vemurafenib,HL60,
Q13470,TNK1,CX4945,HL60,
Q13470,TNK1,GO6983,HL60,
Q13470,TNK1,KN93,HL60,
Q13470,TNK1,MK2206,HL60,
Q9UPN9,TRIM33,AZD5438,HL60,
Q9UPN9,TRIM33,FRAX486,HL60,
Q9UPN9,TRIM33,Ku0063794,HL60,
Q9UPN9,TRIM33,PD153035,HL60,
Q9UPN9,TRIM33,PF3758309,HL60,
Q9UPN9,TRIM33,Torin,HL60,
Q9UPN9,TRIM33,Trametinib,HL60,
Q9UPN9,TRIM33,AZD1480,HL60,
Q9UPN9,TRIM33,AZD5363,HL60,
Q9UPN9,TRIM33,BX912,HL60,
Q9UPN9,TRIM33,CHIR99021,HL60,
Q9UPN9,TRIM33,GSK2334470,HL60,
Q9UPN9,TRIM33,Ipatasertib,HL60,
Q9UPN9,TRIM33,LY2090314,HL60,
Q9UPN9,TRIM33,Tofacitinib,HL60,
Q9UPN9,TRIM33,AZD6482,HL60,
Q9UPN9,TRIM33,CAL101,HL60,
Q9UPN9,TRIM33,GDC0941,HL60,
Q9UPN9,TRIM33,HS173,HL60,
Q9UPN9,TRIM33,PIK294,HL60,
Q9UPN9,TRIM33,TGX221,HL60,
Q9UPN9,TRIM33,AZD8055,HL60,
Q9UPN9,TRIM33,GDC0994,HL60,
Q9UPN9,TRIM33,JNK,HL60,
Q9UPN9,TRIM33,LY2584702,HL60,
Q9UPN9,TRIM33,PH797804,HL60,
Q9UPN9,TRIM33,Selumetinib,HL60,
Q9UPN9,TRIM33,U73122,HL60,
Q9UPN9,TRIM33,Ulixertinib,HL60,
Q9UPN9,TRIM33,Amuvatinib,HL60,
Q9UPN9,TRIM33,AZD3759,HL60,
Q9UPN9,TRIM33,GSK690693,HL60,
Q9UPN9,TRIM33,JNJ,HL60,
Q9UPN9,TRIM33,KN62,HL60,
Q9UPN9,TRIM33,Linsitinib,HL60,
Q9UPN9,TRIM33,LY2835219,HL60,
Q9UPN9,TRIM33,Ribociclib,HL60,
Q9UPN9,TRIM33,AC220,HL60,
Q9UPN9,TRIM33,Edelfosine,HL60,
Q9UPN9,TRIM33,GF109203X,HL60,
Q9UPN9,TRIM33,Go6976,HL60,
Q9UPN9,TRIM33,PF4708671,HL60,
Q9UPN9,TRIM33,SP600125,HL60,
Q9UPN9,TRIM33,TAK715,HL60,
Q9UPN9,TRIM33,TBCA,HL60,
Q9UPN9,TRIM33,AT13148,HL60,
Q9UPN9,TRIM33,AZ20,HL60,
Q9UPN9,TRIM33,AZD6738,HL60,
Q9UPN9,TRIM33,Bosutinib,HL60,
Q9UPN9,TRIM33,Dabrafenib,HL60,
Q9UPN9,TRIM33,Dasatinib,HL60,
Q9UPN9,TRIM33,DNAPK,HL60,
Q9UPN9,TRIM33,H89,HL60,
Q9UPN9,TRIM33,KD025,HL60,
Q9UPN9,TRIM33,NU7441,HL60,
Q9UPN9,TRIM33,Ripasudil,HL60,
Q9UPN9,TRIM33,Vemurafenib,HL60,
Q9UPN9,TRIM33,CX4945,HL60,
Q9UPN9,TRIM33,GO6983,HL60,
Q9UPN9,TRIM33,KN93,HL60,
Q9UPN9,TRIM33,MK2206,HL60,
Q8NCB2,CAMKV,AZD5438,HL60,
Q8NCB2,CAMKV,FRAX486,HL60,
Q8NCB2,CAMKV,Ku0063794,HL60,
Q8NCB2,CAMKV,PD153035,HL60,
Q8NCB2,CAMKV,PF3758309,HL60,
Q8NCB2,CAMKV,Torin,HL60,
Q8NCB2,CAMKV,Trametinib,HL60,
Q8NCB2,CAMKV,AZD1480,HL60,
Q8NCB2,CAMKV,AZD5363,HL60,
Q8NCB2,CAMKV,BX912,HL60,
Q8NCB2,CAMKV,CHIR99021,HL60,
Q8NCB2,CAMKV,GSK2334470,HL60,
Q8NCB2,CAMKV,Ipatasertib,HL60,
Q8NCB2,CAMKV,LY2090314,HL60,
Q8NCB2,CAMKV,Tofacitinib,HL60,
Q8NCB2,CAMKV,AZD6482,HL60,
Q8NCB2,CAMKV,CAL101,HL60,
Q8NCB2,CAMKV,GDC0941,HL60,
Q8NCB2,CAMKV,HS173,HL60,
Q8NCB2,CAMKV,PIK294,HL60,
Q8NCB2,CAMKV,TGX221,HL60,
Q8NCB2,CAMKV,AZD8055,HL60,
Q8NCB2,CAMKV,GDC0994,HL60,
Q8NCB2,CAMKV,JNK,HL60,
Q8NCB2,CAMKV,LY2584702,HL60,
Q8NCB2,CAMKV,PH797804,HL60,
Q8NCB2,CAMKV,Selumetinib,HL60,
Q8NCB2,CAMKV,U73122,HL60,
Q8NCB2,CAMKV,Ulixertinib,HL60,
Q8NCB2,CAMKV,Amuvatinib,HL60,
Q8NCB2,CAMKV,AZD3759,HL60,
Q8NCB2,CAMKV,GSK690693,HL60,
Q8NCB2,CAMKV,JNJ,HL60,
Q8NCB2,CAMKV,KN62,HL60,
Q8NCB2,CAMKV,Linsitinib,HL60,
Q8NCB2,CAMKV,LY2835219,HL60,
Q8NCB2,CAMKV,Ribociclib,HL60,
Q8NCB2,CAMKV,AC220,HL60,
Q8NCB2,CAMKV,Edelfosine,HL60,
Q8NCB2,CAMKV,GF109203X,HL60,
Q8NCB2,CAMKV,Go6976,HL60,
Q8NCB2,CAMKV,PF4708671,HL60,
Q8NCB2,CAMKV,SP600125,HL60,
Q8NCB2,CAMKV,TAK715,HL60,
Q8NCB2,CAMKV,TBCA,HL60,
Q8NCB2,CAMKV,AT13148,HL60,
Q8NCB2,CAMKV,AZ20,HL60,
Q8NCB2,CAMKV,AZD6738,HL60,
Q8NCB2,CAMKV,Bosutinib,HL60,
Q8NCB2,CAMKV,Dabrafenib,HL60,
Q8NCB2,CAMKV,Dasatinib,HL60,
Q8NCB2,CAMKV,DNAPK,HL60,
Q8NCB2,CAMKV,H89,HL60,
Q8NCB2,CAMKV,KD025,HL60,
Q8NCB2,CAMKV,NU7441,HL60,
Q8NCB2,CAMKV,Ripasudil,HL60,
Q8NCB2,CAMKV,Vemurafenib,HL60,
Q8NCB2,CAMKV,CX4945,HL60,
Q8NCB2,CAMKV,GO6983,HL60,
Q8NCB2,CAMKV,KN93,HL60,
Q8NCB2,CAMKV,MK2206,HL60,
P25440,BRD2,AZD5438,HL60,
P25440,BRD2,FRAX486,HL60,
P25440,BRD2,Ku0063794,HL60,
P25440,BRD2,PD153035,HL60,
P25440,BRD2,PF3758309,HL60,
P25440,BRD2,Torin,HL60,
P25440,BRD2,Trametinib,HL60,
P25440,BRD2,AZD1480,HL60,
P25440,BRD2,AZD5363,HL60,
P25440,BRD2,BX912,HL60,
P25440,BRD2,CHIR99021,HL60,
P25440,BRD2,GSK2334470,HL60,
P25440,BRD2,Ipatasertib,HL60,
P25440,BRD2,LY2090314,HL60,
P25440,BRD2,Tofacitinib,HL60,
P25440,BRD2,AZD6482,HL60,
P25440,BRD2,CAL101,HL60,
P25440,BRD2,GDC0941,HL60,
P25440,BRD2,HS173,HL60,
P25440,BRD2,PIK294,HL60,
P25440,BRD2,TGX221,HL60,
P25440,BRD2,AZD8055,HL60,
P25440,BRD2,GDC0994,HL60,
P25440,BRD2,JNK,HL60,
P25440,BRD2,LY2584702,HL60,
P25440,BRD2,PH797804,HL60,
P25440,BRD2,Selumetinib,HL60,
P25440,BRD2,U73122,HL60,
P25440,BRD2,Ulixertinib,HL60,
P25440,BRD2,Amuvatinib,HL60,
P25440,BRD2,AZD3759,HL60,
P25440,BRD2,GSK690693,HL60,
P25440,BRD2,JNJ,HL60,
P25440,BRD2,KN62,HL60,
P25440,BRD2,Linsitinib,HL60,
P25440,BRD2,LY2835219,HL60,
P25440,BRD2,Ribociclib,HL60,
P25440,BRD2,AC220,HL60,
P25440,BRD2,Edelfosine,HL60,
P25440,BRD2,GF109203X,HL60,
P25440,BRD2,Go6976,HL60,
P25440,BRD2,PF4708671,HL60,
P25440,BRD2,SP600125,HL60,
P25440,BRD2,TAK715,HL60,
P25440,BRD2,TBCA,HL60,
P25440,BRD2,AT13148,HL60,
P25440,BRD2,AZ20,HL60,
P25440,BRD2,AZD6738,HL60,
P25440,BRD2,Bosutinib,HL60,
P25440,BRD2,Dabrafenib,HL60,
P25440,BRD2,Dasatinib,HL60,
P25440,BRD2,DNAPK,HL60,
P25440,BRD2,H89,HL60,
P25440,BRD2,KD025,HL60,
P25440,BRD2,NU7441,HL60,
P25440,BRD2,Ripasudil,HL60,
P25440,BRD2,Vemurafenib,HL60,
P25440,BRD2,CX4945,HL60,
P25440,BRD2,GO6983,HL60,
P25440,BRD2,KN93,HL60,
P25440,BRD2,MK2206,HL60,
Q15059,BRD3,AZD5438,HL60,
Q15059,BRD3,FRAX486,HL60,
Q15059,BRD3,Ku0063794,HL60,
Q15059,BRD3,PD153035,HL60,
Q15059,BRD3,PF3758309,HL60,
Q15059,BRD3,Torin,HL60,
Q15059,BRD3,Trametinib,HL60,
Q15059,BRD3,AZD1480,HL60,
Q15059,BRD3,AZD5363,HL60,
Q15059,BRD3,BX912,HL60,
Q15059,BRD3,CHIR99021,HL60,
Q15059,BRD3,GSK2334470,HL60,
Q15059,BRD3,Ipatasertib,HL60,
Q15059,BRD3,LY2090314,HL60,
Q15059,BRD3,Tofacitinib,HL60,
Q15059,BRD3,AZD6482,HL60,
Q15059,BRD3,CAL101,HL60,
Q15059,BRD3,GDC0941,HL60,
Q15059,BRD3,HS173,HL60,
Q15059,BRD3,PIK294,HL60,
Q15059,BRD3,TGX221,HL60,
Q15059,BRD3,AZD8055,HL60,
Q15059,BRD3,GDC0994,HL60,
Q15059,BRD3,JNK,HL60,
Q15059,BRD3,LY2584702,HL60,
Q15059,BRD3,PH797804,HL60,
Q15059,BRD3,Selumetinib,HL60,
Q15059,BRD3,U73122,HL60,
Q15059,BRD3,Ulixertinib,HL60,
Q15059,BRD3,Amuvatinib,HL60,
Q15059,BRD3,AZD3759,HL60,
Q15059,BRD3,GSK690693,HL60,
Q15059,BRD3,JNJ,HL60,
Q15059,BRD3,KN62,HL60,
Q15059,BRD3,Linsitinib,HL60,
Q15059,BRD3,LY2835219,HL60,
Q15059,BRD3,Ribociclib,HL60,
Q15059,BRD3,AC220,HL60,
Q15059,BRD3,Edelfosine,HL60,
Q15059,BRD3,GF109203X,HL60,
Q15059,BRD3,Go6976,HL60,
Q15059,BRD3,PF4708671,HL60,
Q15059,BRD3,SP600125,HL60,
Q15059,BRD3,TAK715,HL60,
Q15059,BRD3,TBCA,HL60,
Q15059,BRD3,AT13148,HL60,
Q15059,BRD3,AZ20,HL60,
Q15059,BRD3,AZD6738,HL60,
Q15059,BRD3,Bosutinib,HL60,
Q15059,BRD3,Dabrafenib,HL60,
Q15059,BRD3,Dasatinib,HL60,
Q15059,BRD3,DNAPK,HL60,
Q15059,BRD3,H89,HL60,
Q15059,BRD3,KD025,HL60,
Q15059,BRD3,NU7441,HL60,
Q15059,BRD3,Ripasudil,HL60,
Q15059,BRD3,Vemurafenib,HL60,
Q15059,BRD3,CX4945,HL60,
Q15059,BRD3,GO6983,HL60,
Q15059,BRD3,KN93,HL60,
Q15059,BRD3,MK2206,HL60,
P34925,RYK,AZD5438,HL60,
P34925,RYK,FRAX486,HL60,
P34925,RYK,Ku0063794,HL60,
P34925,RYK,PD153035,HL60,
P34925,RYK,PF3758309,HL60,
P34925,RYK,Torin,HL60,
P34925,RYK,Trametinib,HL60,
P34925,RYK,AZD1480,HL60,
P34925,RYK,AZD5363,HL60,
P34925,RYK,BX912,HL60,
P34925,RYK,CHIR99021,HL60,
P34925,RYK,GSK2334470,HL60,
P34925,RYK,Ipatasertib,HL60,
P34925,RYK,LY2090314,HL60,
P34925,RYK,Tofacitinib,HL60,
P34925,RYK,AZD6482,HL60,
P34925,RYK,CAL101,HL60,
P34925,RYK,GDC0941,HL60,
P34925,RYK,HS173,HL60,
P34925,RYK,PIK294,HL60,
P34925,RYK,TGX221,HL60,
P34925,RYK,AZD8055,HL60,
P34925,RYK,GDC0994,HL60,
P34925,RYK,JNK,HL60,
P34925,RYK,LY2584702,HL60,
P34925,RYK,PH797804,HL60,
P34925,RYK,Selumetinib,HL60,
P34925,RYK,U73122,HL60,
P34925,RYK,Ulixertinib,HL60,
P34925,RYK,Amuvatinib,HL60,
P34925,RYK,AZD3759,HL60,
P34925,RYK,GSK690693,HL60,
P34925,RYK,JNJ,HL60,
P34925,RYK,KN62,HL60,
P34925,RYK,Linsitinib,HL60,
P34925,RYK,LY2835219,HL60,
P34925,RYK,Ribociclib,HL60,
P34925,RYK,AC220,HL60,
P34925,RYK,Edelfosine,HL60,
P34925,RYK,GF109203X,HL60,
P34925,RYK,Go6976,HL60,
P34925,RYK,PF4708671,HL60,
P34925,RYK,SP600125,HL60,
P34925,RYK,TAK715,HL60,
P34925,RYK,TBCA,HL60,
P34925,RYK,AT13148,HL60,
P34925,RYK,AZ20,HL60,
P34925,RYK,AZD6738,HL60,
P34925,RYK,Bosutinib,HL60,
P34925,RYK,Dabrafenib,HL60,
P34925,RYK,Dasatinib,HL60,
P34925,RYK,DNAPK,HL60,
P34925,RYK,H89,HL60,
P34925,RYK,KD025,HL60,
P34925,RYK,NU7441,HL60,
P34925,RYK,Ripasudil,HL60,
P34925,RYK,Vemurafenib,HL60,
P34925,RYK,CX4945,HL60,
P34925,RYK,GO6983,HL60,
P34925,RYK,KN93,HL60,
P34925,RYK,MK2206,HL60,
Q5VST9,OBSCN,AZD5438,HL60,
Q5VST9,OBSCN,FRAX486,HL60,
Q5VST9,OBSCN,Ku0063794,HL60,
Q5VST9,OBSCN,PD153035,HL60,
Q5VST9,OBSCN,PF3758309,HL60,
Q5VST9,OBSCN,Torin,HL60,
Q5VST9,OBSCN,Trametinib,HL60,
Q5VST9,OBSCN,AZD1480,HL60,
Q5VST9,OBSCN,AZD5363,HL60,
Q5VST9,OBSCN,BX912,HL60,
Q5VST9,OBSCN,CHIR99021,HL60,
Q5VST9,OBSCN,GSK2334470,HL60,
Q5VST9,OBSCN,Ipatasertib,HL60,
Q5VST9,OBSCN,LY2090314,HL60,
Q5VST9,OBSCN,Tofacitinib,HL60,
Q5VST9,OBSCN,AZD6482,HL60,
Q5VST9,OBSCN,CAL101,HL60,
Q5VST9,OBSCN,GDC0941,HL60,
Q5VST9,OBSCN,HS173,HL60,
Q5VST9,OBSCN,PIK294,HL60,
Q5VST9,OBSCN,TGX221,HL60,
Q5VST9,OBSCN,AZD8055,HL60,
Q5VST9,OBSCN,GDC0994,HL60,
Q5VST9,OBSCN,JNK,HL60,
Q5VST9,OBSCN,LY2584702,HL60,
Q5VST9,OBSCN,PH797804,HL60,
Q5VST9,OBSCN,Selumetinib,HL60,
Q5VST9,OBSCN,U73122,HL60,
Q5VST9,OBSCN,Ulixertinib,HL60,
Q5VST9,OBSCN,Amuvatinib,HL60,
Q5VST9,OBSCN,AZD3759,HL60,
Q5VST9,OBSCN,GSK690693,HL60,
Q5VST9,OBSCN,JNJ,HL60,
Q5VST9,OBSCN,KN62,HL60,
Q5VST9,OBSCN,Linsitinib,HL60,
Q5VST9,OBSCN,LY2835219,HL60,
Q5VST9,OBSCN,Ribociclib,HL60,
Q5VST9,OBSCN,AC220,HL60,
Q5VST9,OBSCN,Edelfosine,HL60,
Q5VST9,OBSCN,GF109203X,HL60,
Q5VST9,OBSCN,Go6976,HL60,
Q5VST9,OBSCN,PF4708671,HL60,
Q5VST9,OBSCN,SP600125,HL60,
Q5VST9,OBSCN,TAK715,HL60,
Q5VST9,OBSCN,TBCA,HL60,
Q5VST9,OBSCN,AT13148,HL60,
Q5VST9,OBSCN,AZ20,HL60,
Q5VST9,OBSCN,AZD6738,HL60,
Q5VST9,OBSCN,Bosutinib,HL60,
Q5VST9,OBSCN,Dabrafenib,HL60,
Q5VST9,OBSCN,Dasatinib,HL60,
Q5VST9,OBSCN,DNAPK,HL60,
Q5VST9,OBSCN,H89,HL60,
Q5VST9,OBSCN,KD025,HL60,
Q5VST9,OBSCN,NU7441,HL60,
Q5VST9,OBSCN,Ripasudil,HL60,
Q5VST9,OBSCN,Vemurafenib,HL60,
Q5VST9,OBSCN,CX4945,HL60,
Q5VST9,OBSCN,GO6983,HL60,
Q5VST9,OBSCN,KN93,HL60,
Q5VST9,OBSCN,MK2206,HL60,
Q96S38,RPS6KC1,AZD5438,HL60,
Q96S38,RPS6KC1,FRAX486,HL60,
Q96S38,RPS6KC1,Ku0063794,HL60,
Q96S38,RPS6KC1,PD153035,HL60,
Q96S38,RPS6KC1,PF3758309,HL60,
Q96S38,RPS6KC1,Torin,HL60,
Q96S38,RPS6KC1,Trametinib,HL60,
Q96S38,RPS6KC1,AZD1480,HL60,
Q96S38,RPS6KC1,AZD5363,HL60,
Q96S38,RPS6KC1,BX912,HL60,
Q96S38,RPS6KC1,CHIR99021,HL60,
Q96S38,RPS6KC1,GSK2334470,HL60,
Q96S38,RPS6KC1,Ipatasertib,HL60,
Q96S38,RPS6KC1,LY2090314,HL60,
Q96S38,RPS6KC1,Tofacitinib,HL60,
Q96S38,RPS6KC1,AZD6482,HL60,
Q96S38,RPS6KC1,CAL101,HL60,
Q96S38,RPS6KC1,GDC0941,HL60,
Q96S38,RPS6KC1,HS173,HL60,
Q96S38,RPS6KC1,PIK294,HL60,
Q96S38,RPS6KC1,TGX221,HL60,
Q96S38,RPS6KC1,AZD8055,HL60,
Q96S38,RPS6KC1,GDC0994,HL60,
Q96S38,RPS6KC1,JNK,HL60,
Q96S38,RPS6KC1,LY2584702,HL60,
Q96S38,RPS6KC1,PH797804,HL60,
Q96S38,RPS6KC1,Selumetinib,HL60,
Q96S38,RPS6KC1,U73122,HL60,
Q96S38,RPS6KC1,Ulixertinib,HL60,
Q96S38,RPS6KC1,Amuvatinib,HL60,
Q96S38,RPS6KC1,AZD3759,HL60,
Q96S38,RPS6KC1,GSK690693,HL60,
Q96S38,RPS6KC1,JNJ,HL60,
Q96S38,RPS6KC1,KN62,HL60,
Q96S38,RPS6KC1,Linsitinib,HL60,
Q96S38,RPS6KC1,LY2835219,HL60,
Q96S38,RPS6KC1,Ribociclib,HL60,
Q96S38,RPS6KC1,AC220,HL60,
Q96S38,RPS6KC1,Edelfosine,HL60,
Q96S38,RPS6KC1,GF109203X,HL60,
Q96S38,RPS6KC1,Go6976,HL60,
Q96S38,RPS6KC1,PF4708671,HL60,
Q96S38,RPS6KC1,SP600125,HL60,
Q96S38,RPS6KC1,TAK715,HL60,
Q96S38,RPS6KC1,TBCA,HL60,
Q96S38,RPS6KC1,AT13148,HL60,
Q96S38,RPS6KC1,AZ20,HL60,
Q96S38,RPS6KC1,AZD6738,HL60,
Q96S38,RPS6KC1,Bosutinib,HL60,
Q96S38,RPS6KC1,Dabrafenib,HL60,
Q96S38,RPS6KC1,Dasatinib,HL60,
Q96S38,RPS6KC1,DNAPK,HL60,
Q96S38,RPS6KC1,H89,HL60,
Q96S38,RPS6KC1,KD025,HL60,
Q96S38,RPS6KC1,NU7441,HL60,
Q96S38,RPS6KC1,Ripasudil,HL60,
Q96S38,RPS6KC1,Vemurafenib,HL60,
Q96S38,RPS6KC1,CX4945,HL60,
Q96S38,RPS6KC1,GO6983,HL60,
Q96S38,RPS6KC1,KN93,HL60,
Q96S38,RPS6KC1,MK2206,HL60,
P14616,INSRR,AZD5438,HL60,
P14616,INSRR,FRAX486,HL60,
P14616,INSRR,Ku0063794,HL60,
P14616,INSRR,PD153035,HL60,
P14616,INSRR,PF3758309,HL60,
P14616,INSRR,Torin,HL60,
P14616,INSRR,Trametinib,HL60,
P14616,INSRR,AZD1480,HL60,
P14616,INSRR,AZD5363,HL60,
P14616,INSRR,BX912,HL60,
P14616,INSRR,CHIR99021,HL60,
P14616,INSRR,GSK2334470,HL60,
P14616,INSRR,Ipatasertib,HL60,
P14616,INSRR,LY2090314,HL60,
P14616,INSRR,Tofacitinib,HL60,
P14616,INSRR,AZD6482,HL60,
P14616,INSRR,CAL101,HL60,
P14616,INSRR,GDC0941,HL60,
P14616,INSRR,HS173,HL60,
P14616,INSRR,PIK294,HL60,
P14616,INSRR,TGX221,HL60,
P14616,INSRR,AZD8055,HL60,
P14616,INSRR,GDC0994,HL60,
P14616,INSRR,JNK,HL60,
P14616,INSRR,LY2584702,HL60,
P14616,INSRR,PH797804,HL60,
P14616,INSRR,Selumetinib,HL60,
P14616,INSRR,U73122,HL60,
P14616,INSRR,Ulixertinib,HL60,
P14616,INSRR,Amuvatinib,HL60,
P14616,INSRR,AZD3759,HL60,
P14616,INSRR,GSK690693,HL60,
P14616,INSRR,JNJ,HL60,
P14616,INSRR,KN62,HL60,
P14616,INSRR,Linsitinib,HL60,
P14616,INSRR,LY2835219,HL60,
P14616,INSRR,Ribociclib,HL60,
P14616,INSRR,AC220,HL60,
P14616,INSRR,Edelfosine,HL60,
P14616,INSRR,GF109203X,HL60,
P14616,INSRR,Go6976,HL60,
P14616,INSRR,PF4708671,HL60,
P14616,INSRR,SP600125,HL60,
P14616,INSRR,TAK715,HL60,
P14616,INSRR,TBCA,HL60,
P14616,INSRR,AT13148,HL60,
P14616,INSRR,AZ20,HL60,
P14616,INSRR,AZD6738,HL60,
P14616,INSRR,Bosutinib,HL60,
P14616,INSRR,Dabrafenib,HL60,
P14616,INSRR,Dasatinib,HL60,
P14616,INSRR,DNAPK,HL60,
P14616,INSRR,H89,HL60,
P14616,INSRR,KD025,HL60,
P14616,INSRR,NU7441,HL60,
P14616,INSRR,Ripasudil,HL60,
P14616,INSRR,Vemurafenib,HL60,
P14616,INSRR,CX4945,HL60,
P14616,INSRR,GO6983,HL60,
P14616,INSRR,KN93,HL60,
P14616,INSRR,MK2206,HL60,
Q86UX6,STK32C,AZD5438,HL60,
Q86UX6,STK32C,FRAX486,HL60,
Q86UX6,STK32C,Ku0063794,HL60,
Q86UX6,STK32C,PD153035,HL60,
Q86UX6,STK32C,PF3758309,HL60,
Q86UX6,STK32C,Torin,HL60,
Q86UX6,STK32C,Trametinib,HL60,
Q86UX6,STK32C,AZD1480,HL60,
Q86UX6,STK32C,AZD5363,HL60,
Q86UX6,STK32C,BX912,HL60,
Q86UX6,STK32C,CHIR99021,HL60,
Q86UX6,STK32C,GSK2334470,HL60,
Q86UX6,STK32C,Ipatasertib,HL60,
Q86UX6,STK32C,LY2090314,HL60,
Q86UX6,STK32C,Tofacitinib,HL60,
Q86UX6,STK32C,AZD6482,HL60,
Q86UX6,STK32C,CAL101,HL60,
Q86UX6,STK32C,GDC0941,HL60,
Q86UX6,STK32C,HS173,HL60,
Q86UX6,STK32C,PIK294,HL60,
Q86UX6,STK32C,TGX221,HL60,
Q86UX6,STK32C,AZD8055,HL60,
Q86UX6,STK32C,GDC0994,HL60,
Q86UX6,STK32C,JNK,HL60,
Q86UX6,STK32C,LY2584702,HL60,
Q86UX6,STK32C,PH797804,HL60,
Q86UX6,STK32C,Selumetinib,HL60,
Q86UX6,STK32C,U73122,HL60,
Q86UX6,STK32C,Ulixertinib,HL60,
Q86UX6,STK32C,Amuvatinib,HL60,
Q86UX6,STK32C,AZD3759,HL60,
Q86UX6,STK32C,GSK690693,HL60,
Q86UX6,STK32C,JNJ,HL60,
Q86UX6,STK32C,KN62,HL60,
Q86UX6,STK32C,Linsitinib,HL60,
Q86UX6,STK32C,LY2835219,HL60,
Q86UX6,STK32C,Ribociclib,HL60,
Q86UX6,STK32C,AC220,HL60,
Q86UX6,STK32C,Edelfosine,HL60,
Q86UX6,STK32C,GF109203X,HL60,
Q86UX6,STK32C,Go6976,HL60,
Q86UX6,STK32C,PF4708671,HL60,
Q86UX6,STK32C,SP600125,HL60,
Q86UX6,STK32C,TAK715,HL60,
Q86UX6,STK32C,TBCA,HL60,
Q86UX6,STK32C,AT13148,HL60,
Q86UX6,STK32C,AZ20,HL60,
Q86UX6,STK32C,AZD6738,HL60,
Q86UX6,STK32C,Bosutinib,HL60,
Q86UX6,STK32C,Dabrafenib,HL60,
Q86UX6,STK32C,Dasatinib,HL60,
Q86UX6,STK32C,DNAPK,HL60,
Q86UX6,STK32C,H89,HL60,
Q86UX6,STK32C,KD025,HL60,
Q86UX6,STK32C,NU7441,HL60,
Q86UX6,STK32C,Ripasudil,HL60,
Q86UX6,STK32C,Vemurafenib,HL60,
Q86UX6,STK32C,CX4945,HL60,
Q86UX6,STK32C,GO6983,HL60,
Q86UX6,STK32C,KN93,HL60,
Q86UX6,STK32C,MK2206,HL60,
Q96L96,ALPK3,AZD5438,HL60,
Q96L96,ALPK3,FRAX486,HL60,
Q96L96,ALPK3,Ku0063794,HL60,
Q96L96,ALPK3,PD153035,HL60,
Q96L96,ALPK3,PF3758309,HL60,
Q96L96,ALPK3,Torin,HL60,
Q96L96,ALPK3,Trametinib,HL60,
Q96L96,ALPK3,AZD1480,HL60,
Q96L96,ALPK3,AZD5363,HL60,
Q96L96,ALPK3,BX912,HL60,
Q96L96,ALPK3,CHIR99021,HL60,
Q96L96,ALPK3,GSK2334470,HL60,
Q96L96,ALPK3,Ipatasertib,HL60,
Q96L96,ALPK3,LY2090314,HL60,
Q96L96,ALPK3,Tofacitinib,HL60,
Q96L96,ALPK3,AZD6482,HL60,
Q96L96,ALPK3,CAL101,HL60,
Q96L96,ALPK3,GDC0941,HL60,
Q96L96,ALPK3,HS173,HL60,
Q96L96,ALPK3,PIK294,HL60,
Q96L96,ALPK3,TGX221,HL60,
Q96L96,ALPK3,AZD8055,HL60,
Q96L96,ALPK3,GDC0994,HL60,
Q96L96,ALPK3,JNK,HL60,
Q96L96,ALPK3,LY2584702,HL60,
Q96L96,ALPK3,PH797804,HL60,
Q96L96,ALPK3,Selumetinib,HL60,
Q96L96,ALPK3,U73122,HL60,
Q96L96,ALPK3,Ulixertinib,HL60,
Q96L96,ALPK3,Amuvatinib,HL60,
Q96L96,ALPK3,AZD3759,HL60,
Q96L96,ALPK3,GSK690693,HL60,
Q96L96,ALPK3,JNJ,HL60,
Q96L96,ALPK3,KN62,HL60,
Q96L96,ALPK3,Linsitinib,HL60,
Q96L96,ALPK3,LY2835219,HL60,
Q96L96,ALPK3,Ribociclib,HL60,
Q96L96,ALPK3,AC220,HL60,
Q96L96,ALPK3,Edelfosine,HL60,
Q96L96,ALPK3,GF109203X,HL60,
Q96L96,ALPK3,Go6976,HL60,
Q96L96,ALPK3,PF4708671,HL60,
Q96L96,ALPK3,SP600125,HL60,
Q96L96,ALPK3,TAK715,HL60,
Q96L96,ALPK3,TBCA,HL60,
Q96L96,ALPK3,AT13148,HL60,
Q96L96,ALPK3,AZ20,HL60,
Q96L96,ALPK3,AZD6738,HL60,
Q96L96,ALPK3,Bosutinib,HL60,
Q96L96,ALPK3,Dabrafenib,HL60,
Q96L96,ALPK3,Dasatinib,HL60,
Q96L96,ALPK3,DNAPK,HL60,
Q96L96,ALPK3,H89,HL60,
Q96L96,ALPK3,KD025,HL60,
Q96L96,ALPK3,NU7441,HL60,
Q96L96,ALPK3,Ripasudil,HL60,
Q96L96,ALPK3,Vemurafenib,HL60,
Q96L96,ALPK3,CX4945,HL60,
Q96L96,ALPK3,GO6983,HL60,
Q96L96,ALPK3,KN93,HL60,
Q96L96,ALPK3,MK2206,HL60,
