UniprotID,GeneName,Perturbation,CellLine,KSEA_z_score
P12931,SRC,AZD6482,MCF7,1.4829360505073494
P12931,SRC,CAL101,MCF7,-0.18725472027805554
P12931,SRC,GDC0941,MCF7,1.30340677291814
P12931,SRC,HS173,MCF7,0.12553402356488094
P12931,SRC,PIK294,MCF7,0.8451028980919203
P12931,SRC,TGX221,MCF7,0.045112267129581614
P12931,SRC,AZD5438,MCF7,0.40063180448034874
P12931,SRC,FRAX486,MCF7,0.045850197652102805
P12931,SRC,Ku0063794,MCF7,-0.33905434354930547
P12931,SRC,PD153035,MCF7,0.7178988316053762
P12931,SRC,PF3758309,MCF7,-0.28240348981448476
P12931,SRC,Torin,MCF7,0.6267308560789491
P12931,SRC,Trametinib,MCF7,1.0174008799179004
P12931,SRC,AZD1480,MCF7,0.21130954458071788
P12931,SRC,AZD5363,MCF7,0.8065294429468332
P12931,SRC,BX912,MCF7,-1.154958865891212
P12931,SRC,CHIR99021,MCF7,-2.4298120861672166
P12931,SRC,GSK2334470,MCF7,1.1639370576549313
P12931,SRC,Ipatasertib,MCF7,0.9157857351171962
P12931,SRC,LY2090314,MCF7,-3.6416155197842617
P12931,SRC,Tofacitinib,MCF7,-0.27493807199579234
P12931,SRC,AZD8055,MCF7,0.41601293218423213
P12931,SRC,GDC0994,MCF7,-0.7295353737649393
P12931,SRC,JNK,MCF7,-0.9800549443199207
P12931,SRC,LY2584702,MCF7,-1.2302152616787163
P12931,SRC,PH797804,MCF7,0.18748249746556217
P12931,SRC,Selumetinib,MCF7,0.07186020134669571
P12931,SRC,U73122,MCF7,-0.247901663137145
P12931,SRC,Ulixertinib,MCF7,-0.7620452611007866
P12931,SRC,Amuvatinib,MCF7,-0.07292872481466374
P12931,SRC,AZD3759,MCF7,0.5000736869310994
P12931,SRC,GSK690693,MCF7,1.5949637259909129
P12931,SRC,JNJ,MCF7,0.03575380990657102
P12931,SRC,KN62,MCF7,0.6255465509881604
P12931,SRC,Linsitinib,MCF7,0.9955041073010956
P12931,SRC,LY2835219,MCF7,0.06027885559985693
P12931,SRC,Ribociclib,MCF7,1.6611574394099775
P12931,SRC,AC220,MCF7,1.208808200388516
P12931,SRC,Edelfosine,MCF7,0.35640534142586683
P12931,SRC,GF109203X,MCF7,0.8636380678554187
P12931,SRC,Go6976,MCF7,0.9292081608803731
P12931,SRC,PF4708671,MCF7,0.6748534509221171
P12931,SRC,SP600125,MCF7,0.15230225411433734
P12931,SRC,TAK715,MCF7,0.5087257932362921
P12931,SRC,TBCA,MCF7,0.7164595795639528
P12931,SRC,AT13148,MCF7,1.0435693388182714
P12931,SRC,AZ20,MCF7,0.760198159414563
P12931,SRC,AZD6738,MCF7,0.8611580572407405
P12931,SRC,Bosutinib,MCF7,-1.383741257387838
P12931,SRC,Dabrafenib,MCF7,0.9415941449020273
P12931,SRC,Dasatinib,MCF7,-0.10707844750739377
P12931,SRC,DNAPK,MCF7,0.2121536207807544
P12931,SRC,H89,MCF7,-0.7599586790461056
P12931,SRC,KD025,MCF7,2.014146061808453
P12931,SRC,NU7441,MCF7,1.606830557727755
P12931,SRC,Ripasudil,MCF7,-0.574538686720796
P12931,SRC,Vemurafenib,MCF7,0.34980102432339166
P12931,SRC,CX4945,MCF7,1.227970564471495
P12931,SRC,GO6983,MCF7,1.0483410946786786
P12931,SRC,KN93,MCF7,1.2936558049797997
P12931,SRC,MK2206,MCF7,0.8911625112617649
P00519,ABL1,AZD6482,MCF7,0.042897868006954706
P00519,ABL1,CAL101,MCF7,0.16791992615733783
P00519,ABL1,GDC0941,MCF7,0.4267467656588879
P00519,ABL1,HS173,MCF7,0.1514763971737717
P00519,ABL1,PIK294,MCF7,0.980212824323256
P00519,ABL1,TGX221,MCF7,0.13999903121875823
P00519,ABL1,AZD5438,MCF7,0.12982960868458024
P00519,ABL1,FRAX486,MCF7,-1.6280230384968541
P00519,ABL1,Ku0063794,MCF7,-0.10704323056804944
P00519,ABL1,PD153035,MCF7,0.3257005944985377
P00519,ABL1,PF3758309,MCF7,-0.8392552479294856
P00519,ABL1,Torin,MCF7,-0.10553178894392054
P00519,ABL1,Trametinib,MCF7,-0.07529966973672036
P00519,ABL1,AZD1480,MCF7,-0.9912230209466758
P00519,ABL1,AZD5363,MCF7,-0.8621944652990355
P00519,ABL1,BX912,MCF7,-0.794588372654272
P00519,ABL1,CHIR99021,MCF7,-0.08940398181419038
P00519,ABL1,GSK2334470,MCF7,0.014633712874490147
P00519,ABL1,Ipatasertib,MCF7,0.6158191533776889
P00519,ABL1,LY2090314,MCF7,-1.4281322034714206
P00519,ABL1,Tofacitinib,MCF7,-0.594110321821121
P00519,ABL1,AZD8055,MCF7,0.6592151441583695
P00519,ABL1,GDC0994,MCF7,0.7645115114916442
P00519,ABL1,JNK,MCF7,0.2447084285796936
P00519,ABL1,LY2584702,MCF7,0.3377342268085151
P00519,ABL1,PH797804,MCF7,0.22491890811212162
P00519,ABL1,Selumetinib,MCF7,-0.11202724553250318
P00519,ABL1,U73122,MCF7,0.6841847752958515
P00519,ABL1,Ulixertinib,MCF7,0.2643713335006142
P00519,ABL1,Amuvatinib,MCF7,-0.12728483568606305
P00519,ABL1,AZD3759,MCF7,-0.6459241778292272
P00519,ABL1,GSK690693,MCF7,0.6971352432208061
P00519,ABL1,JNJ,MCF7,1.3805797523929728
P00519,ABL1,KN62,MCF7,0.3767721988596775
P00519,ABL1,Linsitinib,MCF7,0.03525161317123353
P00519,ABL1,LY2835219,MCF7,-0.5257588977019582
P00519,ABL1,Ribociclib,MCF7,0.29738945276924994
P00519,ABL1,AC220,MCF7,1.1598817648621516
P00519,ABL1,Edelfosine,MCF7,0.7300849082491788
P00519,ABL1,GF109203X,MCF7,1.0505695845160112
P00519,ABL1,Go6976,MCF7,0.2864929024657068
P00519,ABL1,PF4708671,MCF7,-0.05829898458409911
P00519,ABL1,SP600125,MCF7,-0.25052217741768124
P00519,ABL1,TAK715,MCF7,-0.008534183218594348
P00519,ABL1,TBCA,MCF7,0.936561843059349
P00519,ABL1,AT13148,MCF7,0.7540324199226442
P00519,ABL1,AZ20,MCF7,0.4739415109700597
P00519,ABL1,AZD6738,MCF7,0.7728271637882982
P00519,ABL1,Bosutinib,MCF7,-0.5054273572774398
P00519,ABL1,Dabrafenib,MCF7,0.9761939386888696
P00519,ABL1,Dasatinib,MCF7,-1.4525712266677842
P00519,ABL1,DNAPK,MCF7,-0.5126994885779984
P00519,ABL1,H89,MCF7,0.473575037773878
P00519,ABL1,KD025,MCF7,0.7429536501051711
P00519,ABL1,NU7441,MCF7,1.1986804035260774
P00519,ABL1,Ripasudil,MCF7,0.5376543241870129
P00519,ABL1,Vemurafenib,MCF7,1.2773628610134535
P00519,ABL1,CX4945,MCF7,0.24191152994489837
P00519,ABL1,GO6983,MCF7,0.24061366560419634
P00519,ABL1,KN93,MCF7,0.23763336732987358
P00519,ABL1,MK2206,MCF7,0.24538159300741202
P24941,CDK2,AZD6482,MCF7,-0.58389010430551
P24941,CDK2,CAL101,MCF7,0.21033202896605643
P24941,CDK2,GDC0941,MCF7,-0.038943835211804195
P24941,CDK2,HS173,MCF7,1.6562847817225255
P24941,CDK2,PIK294,MCF7,0.9001561288212906
P24941,CDK2,TGX221,MCF7,0.08439329768096511
P24941,CDK2,AZD5438,MCF7,-4.728871165872543
P24941,CDK2,FRAX486,MCF7,1.38204515004405
P24941,CDK2,Ku0063794,MCF7,2.2696297520318964
P24941,CDK2,PD153035,MCF7,1.4198609602643013
P24941,CDK2,PF3758309,MCF7,2.734052686851982
P24941,CDK2,Torin,MCF7,2.0480059309966556
P24941,CDK2,Trametinib,MCF7,0.8336433760973999
P24941,CDK2,AZD1480,MCF7,0.03421031880876367
P24941,CDK2,AZD5363,MCF7,2.613614542947965
P24941,CDK2,BX912,MCF7,-0.4515477017598966
P24941,CDK2,CHIR99021,MCF7,-0.022905210382393966
P24941,CDK2,GSK2334470,MCF7,2.342548084711131
P24941,CDK2,Ipatasertib,MCF7,1.8198189839357124
P24941,CDK2,LY2090314,MCF7,0.912577470528245
P24941,CDK2,Tofacitinib,MCF7,-0.35551899865496406
P24941,CDK2,AZD8055,MCF7,1.9328319786580515
P24941,CDK2,GDC0994,MCF7,0.24744132190235085
P24941,CDK2,JNK,MCF7,0.8131985188256344
P24941,CDK2,LY2584702,MCF7,1.318175056953398
P24941,CDK2,PH797804,MCF7,1.0325049522586445
P24941,CDK2,Selumetinib,MCF7,0.4373555196095799
P24941,CDK2,U73122,MCF7,1.6755991398334062
P24941,CDK2,Ulixertinib,MCF7,-1.3885244568083026
P24941,CDK2,Amuvatinib,MCF7,1.6939620446074197
P24941,CDK2,AZD3759,MCF7,0.507052234961645
P24941,CDK2,GSK690693,MCF7,2.6427219841023883
P24941,CDK2,JNJ,MCF7,1.971153928082765
P24941,CDK2,KN62,MCF7,-0.6988380773053517
P24941,CDK2,Linsitinib,MCF7,1.0287811964393863
P24941,CDK2,LY2835219,MCF7,-0.688863497546426
P24941,CDK2,Ribociclib,MCF7,-0.024527763996023157
P24941,CDK2,AC220,MCF7,-0.4937845399539589
P24941,CDK2,Edelfosine,MCF7,-0.5423330874303575
P24941,CDK2,GF109203X,MCF7,0.6692594575507604
P24941,CDK2,Go6976,MCF7,0.7137046556103533
P24941,CDK2,PF4708671,MCF7,-0.07012459458833535
P24941,CDK2,SP600125,MCF7,0.24870322727842611
P24941,CDK2,TAK715,MCF7,0.15881816450838399
P24941,CDK2,TBCA,MCF7,0.8531317450297621
P24941,CDK2,AT13148,MCF7,1.6690376704828584
P24941,CDK2,AZ20,MCF7,0.882341820465023
P24941,CDK2,AZD6738,MCF7,0.88144846568668
P24941,CDK2,Bosutinib,MCF7,0.9797316791550873
P24941,CDK2,Dabrafenib,MCF7,0.3859459625168456
P24941,CDK2,Dasatinib,MCF7,1.5531337772665332
P24941,CDK2,DNAPK,MCF7,-0.4808254825980848
P24941,CDK2,H89,MCF7,0.6001062199971691
P24941,CDK2,KD025,MCF7,-2.009467467166551
P24941,CDK2,NU7441,MCF7,-0.3027640527747624
P24941,CDK2,Ripasudil,MCF7,0.49610886916685554
P24941,CDK2,Vemurafenib,MCF7,0.8116987896558167
P24941,CDK2,CX4945,MCF7,2.2212511565320905
P24941,CDK2,GO6983,MCF7,2.5081772457501534
P24941,CDK2,KN93,MCF7,1.9273012108648189
P24941,CDK2,MK2206,MCF7,0.575507468743722
O14757,CHEK1,AZD6482,MCF7,-2.0738361850677074
O14757,CHEK1,CAL101,MCF7,-0.7088049791339855
O14757,CHEK1,GDC0941,MCF7,-0.7844140369237891
O14757,CHEK1,HS173,MCF7,-2.3599580036870034
O14757,CHEK1,PIK294,MCF7,-0.7224802956680957
O14757,CHEK1,TGX221,MCF7,-0.2648072228313344
O14757,CHEK1,AZD5438,MCF7,0.7050386002157462
O14757,CHEK1,FRAX486,MCF7,-1.783775328650019
O14757,CHEK1,Ku0063794,MCF7,-0.5466064135395602
O14757,CHEK1,PD153035,MCF7,-0.4967778613650846
O14757,CHEK1,PF3758309,MCF7,-1.4620183427752473
O14757,CHEK1,Torin,MCF7,-1.6436710093015825
O14757,CHEK1,Trametinib,MCF7,-0.9694470245627321
O14757,CHEK1,AZD1480,MCF7,0.2966847361397622
O14757,CHEK1,AZD5363,MCF7,-1.2754330095839697
O14757,CHEK1,BX912,MCF7,-0.764903895666171
O14757,CHEK1,CHIR99021,MCF7,-0.8562503983390275
O14757,CHEK1,GSK2334470,MCF7,0.06386651279044206
O14757,CHEK1,Ipatasertib,MCF7,1.0327913779730655
O14757,CHEK1,LY2090314,MCF7,-2.51737991839979
O14757,CHEK1,Tofacitinib,MCF7,-1.1327635931711182
O14757,CHEK1,AZD8055,MCF7,-0.6282214778808708
O14757,CHEK1,GDC0994,MCF7,-0.7066032465611248
O14757,CHEK1,JNK,MCF7,-0.017892640371331515
O14757,CHEK1,LY2584702,MCF7,-0.9907120022009671
O14757,CHEK1,PH797804,MCF7,-1.0141171623265328
O14757,CHEK1,Selumetinib,MCF7,0.06515357105227139
O14757,CHEK1,U73122,MCF7,-0.30490887271069916
O14757,CHEK1,Ulixertinib,MCF7,-0.4504682947733323
O14757,CHEK1,Amuvatinib,MCF7,-0.14537828329146593
O14757,CHEK1,AZD3759,MCF7,-0.11867333960526402
O14757,CHEK1,GSK690693,MCF7,0.19307893292236755
O14757,CHEK1,JNJ,MCF7,-0.3184388679147442
O14757,CHEK1,KN62,MCF7,-0.1523498813550449
O14757,CHEK1,Linsitinib,MCF7,1.1653110471518948
O14757,CHEK1,LY2835219,MCF7,0.23216650695832214
O14757,CHEK1,Ribociclib,MCF7,0.5881024295439962
O14757,CHEK1,AC220,MCF7,0.8120598365095881
O14757,CHEK1,Edelfosine,MCF7,-0.01636213704572148
O14757,CHEK1,GF109203X,MCF7,0.9375920248364568
O14757,CHEK1,Go6976,MCF7,-0.707490239797496
O14757,CHEK1,PF4708671,MCF7,1.8284451300965705
O14757,CHEK1,SP600125,MCF7,-0.0731620101856321
O14757,CHEK1,TAK715,MCF7,1.1974493506771255
O14757,CHEK1,TBCA,MCF7,-1.275793735843772
O14757,CHEK1,AT13148,MCF7,-1.3024558436751168
O14757,CHEK1,AZ20,MCF7,-0.13495936141051046
O14757,CHEK1,AZD6738,MCF7,1.078627414320271
O14757,CHEK1,Bosutinib,MCF7,-0.01266224938759369
O14757,CHEK1,Dabrafenib,MCF7,0.48522307527008446
O14757,CHEK1,Dasatinib,MCF7,0.33401159358336696
O14757,CHEK1,DNAPK,MCF7,-0.8071573246500262
O14757,CHEK1,H89,MCF7,0.6101934832749539
O14757,CHEK1,KD025,MCF7,-0.510612034804974
O14757,CHEK1,NU7441,MCF7,-0.07442421985200025
O14757,CHEK1,Ripasudil,MCF7,-0.6538104752413553
O14757,CHEK1,Vemurafenib,MCF7,0.7904418172837573
O14757,CHEK1,CX4945,MCF7,-0.010556000122644897
O14757,CHEK1,GO6983,MCF7,0.749484772041784
O14757,CHEK1,KN93,MCF7,-0.33705473156939414
O14757,CHEK1,MK2206,MCF7,-0.11098123688705966
P06493,CDK1,AZD6482,MCF7,-0.41616617202295475
P06493,CDK1,CAL101,MCF7,0.46835847149356935
P06493,CDK1,GDC0941,MCF7,1.1333176200060375
P06493,CDK1,HS173,MCF7,1.8187086230267404
P06493,CDK1,PIK294,MCF7,0.738540636653963
P06493,CDK1,TGX221,MCF7,1.2740875623577557
P06493,CDK1,AZD5438,MCF7,-5.006219155813897
P06493,CDK1,FRAX486,MCF7,1.0947083377059437
P06493,CDK1,Ku0063794,MCF7,0.901502670944943
P06493,CDK1,PD153035,MCF7,1.3838291720097464
P06493,CDK1,PF3758309,MCF7,1.3753484118211188
P06493,CDK1,Torin,MCF7,2.0993525875517522
P06493,CDK1,Trametinib,MCF7,1.1309202785385108
P06493,CDK1,AZD1480,MCF7,1.4239704999893823
P06493,CDK1,AZD5363,MCF7,1.7598994184223533
P06493,CDK1,BX912,MCF7,-0.6908247053395454
P06493,CDK1,CHIR99021,MCF7,0.8784897598909331
P06493,CDK1,GSK2334470,MCF7,1.851619110024052
P06493,CDK1,Ipatasertib,MCF7,0.4999018721490781
P06493,CDK1,LY2090314,MCF7,0.6848928923968672
P06493,CDK1,Tofacitinib,MCF7,1.0722074811307079
P06493,CDK1,AZD8055,MCF7,3.287270936532945
P06493,CDK1,GDC0994,MCF7,0.4984817076591432
P06493,CDK1,JNK,MCF7,1.6542254212094822
P06493,CDK1,LY2584702,MCF7,3.259705978054223
P06493,CDK1,PH797804,MCF7,1.4972889932246027
P06493,CDK1,Selumetinib,MCF7,1.7916240035826343
P06493,CDK1,U73122,MCF7,2.80969145009918
P06493,CDK1,Ulixertinib,MCF7,-0.0640975064517741
P06493,CDK1,Amuvatinib,MCF7,0.2923828983804305
P06493,CDK1,AZD3759,MCF7,-0.3497250952967194
P06493,CDK1,GSK690693,MCF7,1.6086786121668848
P06493,CDK1,JNJ,MCF7,0.553091125994221
P06493,CDK1,KN62,MCF7,0.1830446155293064
P06493,CDK1,Linsitinib,MCF7,-1.325636090741974
P06493,CDK1,LY2835219,MCF7,-3.533553664997286
P06493,CDK1,Ribociclib,MCF7,-2.6059312408942716
P06493,CDK1,AC220,MCF7,-0.1293419866942422
P06493,CDK1,Edelfosine,MCF7,1.3427672191457065
P06493,CDK1,GF109203X,MCF7,2.0554518752472597
P06493,CDK1,Go6976,MCF7,1.1563868182604093
P06493,CDK1,PF4708671,MCF7,0.8890751324911171
P06493,CDK1,SP600125,MCF7,1.2530246278339023
P06493,CDK1,TAK715,MCF7,0.5242691491963192
P06493,CDK1,TBCA,MCF7,0.9477932531026448
P06493,CDK1,AT13148,MCF7,1.7650132316223905
P06493,CDK1,AZ20,MCF7,1.1472030953860366
P06493,CDK1,AZD6738,MCF7,-0.3947707288647354
P06493,CDK1,Bosutinib,MCF7,1.7400681321547633
P06493,CDK1,Dabrafenib,MCF7,-0.8769835011762409
P06493,CDK1,Dasatinib,MCF7,1.356237901011873
P06493,CDK1,DNAPK,MCF7,-0.03809024639133562
P06493,CDK1,H89,MCF7,-0.07735098518536562
P06493,CDK1,KD025,MCF7,-1.004605475069319
P06493,CDK1,NU7441,MCF7,-1.1950354297645265
P06493,CDK1,Ripasudil,MCF7,-0.6572091719697246
P06493,CDK1,Vemurafenib,MCF7,-0.44392232648512925
P06493,CDK1,CX4945,MCF7,-0.05326887192656825
P06493,CDK1,GO6983,MCF7,1.0484860610134314
P06493,CDK1,KN93,MCF7,-0.1248349590508575
P06493,CDK1,MK2206,MCF7,-1.5853225363126435
O15530,PDPK1,AZD6482,MCF7,0.46210975687244943
O15530,PDPK1,CAL101,MCF7,0.8146571693426083
O15530,PDPK1,GDC0941,MCF7,-0.47956331967216287
O15530,PDPK1,HS173,MCF7,0.5380124116340373
O15530,PDPK1,PIK294,MCF7,-1.091650146332944
O15530,PDPK1,TGX221,MCF7,0.8488255663859505
O15530,PDPK1,AZD5438,MCF7,3.2011869944673257
O15530,PDPK1,FRAX486,MCF7,1.9391694446985173
O15530,PDPK1,Ku0063794,MCF7,1.4198390934451017
O15530,PDPK1,PD153035,MCF7,1.343015931382536
O15530,PDPK1,PF3758309,MCF7,0.17778317189385734
O15530,PDPK1,Torin,MCF7,1.7813743944906926
O15530,PDPK1,Trametinib,MCF7,2.314379292586364
O15530,PDPK1,AZD1480,MCF7,0.5568100003480123
O15530,PDPK1,AZD5363,MCF7,1.7938210615105803
O15530,PDPK1,BX912,MCF7,0.21218194097331158
O15530,PDPK1,CHIR99021,MCF7,-0.14624676404773979
O15530,PDPK1,GSK2334470,MCF7,0.26574470122719623
O15530,PDPK1,Ipatasertib,MCF7,1.9524390799946971
O15530,PDPK1,LY2090314,MCF7,0.22657715344345072
O15530,PDPK1,Tofacitinib,MCF7,1.1474115874882647
O15530,PDPK1,AZD8055,MCF7,-0.8789917206751156
O15530,PDPK1,GDC0994,MCF7,-1.1332278548451378
O15530,PDPK1,JNK,MCF7,-0.3054864114108335
O15530,PDPK1,LY2584702,MCF7,-1.7628352842350579
O15530,PDPK1,PH797804,MCF7,-0.2941351763031737
O15530,PDPK1,Selumetinib,MCF7,1.5758432681147245
O15530,PDPK1,U73122,MCF7,-0.27868521022910686
O15530,PDPK1,Ulixertinib,MCF7,-1.3436408884150748
O15530,PDPK1,Amuvatinib,MCF7,1.6999074030866
O15530,PDPK1,AZD3759,MCF7,3.282751990971435
O15530,PDPK1,GSK690693,MCF7,3.4298399023930455
O15530,PDPK1,JNJ,MCF7,2.962937313939825
O15530,PDPK1,KN62,MCF7,0.8240650842561305
O15530,PDPK1,Linsitinib,MCF7,1.8337258630522189
O15530,PDPK1,LY2835219,MCF7,3.2440735866785086
O15530,PDPK1,Ribociclib,MCF7,2.198094034617608
O15530,PDPK1,AC220,MCF7,-0.35533681345198526
O15530,PDPK1,Edelfosine,MCF7,-1.0068918368810895
O15530,PDPK1,GF109203X,MCF7,0.05525654951267445
O15530,PDPK1,Go6976,MCF7,-0.5317914610822312
O15530,PDPK1,PF4708671,MCF7,-0.0750048771569546
O15530,PDPK1,SP600125,MCF7,0.0013197904484127283
O15530,PDPK1,TAK715,MCF7,-0.46204922648504987
O15530,PDPK1,TBCA,MCF7,0.15813917603301952
O15530,PDPK1,AT13148,MCF7,-1.3393715114558942
O15530,PDPK1,AZ20,MCF7,-2.1355776561694286
O15530,PDPK1,AZD6738,MCF7,-1.8580531509213005
O15530,PDPK1,Bosutinib,MCF7,-1.2594628036250262
O15530,PDPK1,Dabrafenib,MCF7,-0.23216848818448904
O15530,PDPK1,Dasatinib,MCF7,-1.8087105653079611
O15530,PDPK1,DNAPK,MCF7,-1.6928697659736847
O15530,PDPK1,H89,MCF7,-2.8169348355065775
O15530,PDPK1,KD025,MCF7,-2.1109458042664437
O15530,PDPK1,NU7441,MCF7,-2.1259695075280582
O15530,PDPK1,Ripasudil,MCF7,-0.5925609479010977
O15530,PDPK1,Vemurafenib,MCF7,-0.6328835746127462
O15530,PDPK1,CX4945,MCF7,-0.6993203418238377
O15530,PDPK1,GO6983,MCF7,-0.3874924150925102
O15530,PDPK1,KN93,MCF7,0.270654720548783
O15530,PDPK1,MK2206,MCF7,1.8740347085355358
P07949,RET,AZD6482,MCF7,-0.37924905197569664
P07949,RET,CAL101,MCF7,-1.7193598789404392
P07949,RET,GDC0941,MCF7,-0.35008252003844753
P07949,RET,HS173,MCF7,0.8701377412005772
P07949,RET,PIK294,MCF7,0.18695743629216138
P07949,RET,TGX221,MCF7,0.14457437260904837
P07949,RET,AZD5438,MCF7,1.2711852252137106
P07949,RET,FRAX486,MCF7,0.7137865836460366
P07949,RET,Ku0063794,MCF7,0.8952844424839548
P07949,RET,PD153035,MCF7,-1.384270787157638
P07949,RET,PF3758309,MCF7,-0.3939910303698828
P07949,RET,Torin,MCF7,-0.03594815736542544
P07949,RET,Trametinib,MCF7,-5.018073596993895
P07949,RET,AZD1480,MCF7,-2.4712977047916067
P07949,RET,AZD5363,MCF7,0.7639210317003273
P07949,RET,BX912,MCF7,0.2297156751489153
P07949,RET,CHIR99021,MCF7,0.8746043496189247
P07949,RET,GSK2334470,MCF7,1.507044524317996
P07949,RET,Ipatasertib,MCF7,1.8588083691689912
P07949,RET,LY2090314,MCF7,-1.1920224905248036
P07949,RET,Tofacitinib,MCF7,-0.46149269421340217
P07949,RET,AZD8055,MCF7,0.1450824684324798
P07949,RET,GDC0994,MCF7,1.0408275938254075
P07949,RET,JNK,MCF7,-0.645520373967683
P07949,RET,LY2584702,MCF7,-0.25017881905698924
P07949,RET,PH797804,MCF7,-0.381634838100164
P07949,RET,Selumetinib,MCF7,-3.3315096413043537
P07949,RET,U73122,MCF7,0.32091529351567555
P07949,RET,Ulixertinib,MCF7,2.5073493214549685
P07949,RET,Amuvatinib,MCF7,-0.061641350295200674
P07949,RET,AZD3759,MCF7,-0.8784640125279525
P07949,RET,GSK690693,MCF7,1.9231207637015537
P07949,RET,JNJ,MCF7,0.6822427658757511
P07949,RET,KN62,MCF7,0.29972417482841995
P07949,RET,Linsitinib,MCF7,-0.22742574877166638
P07949,RET,LY2835219,MCF7,1.2861307507253477
P07949,RET,Ribociclib,MCF7,1.0788532385293403
P07949,RET,AC220,MCF7,0.23678171514685348
P07949,RET,Edelfosine,MCF7,1.2225363970070067
P07949,RET,GF109203X,MCF7,-0.49538745579328225
P07949,RET,Go6976,MCF7,0.03851364704212469
P07949,RET,PF4708671,MCF7,-0.5694611180515159
P07949,RET,SP600125,MCF7,0.3942831013256771
P07949,RET,TAK715,MCF7,0.3071791386542979
P07949,RET,TBCA,MCF7,0.3669506503354451
P07949,RET,AT13148,MCF7,1.0658874920073946
P07949,RET,AZ20,MCF7,-0.7788028439737518
P07949,RET,AZD6738,MCF7,1.5532896386581798
P07949,RET,Bosutinib,MCF7,-1.9684899576749217
P07949,RET,Dabrafenib,MCF7,2.38509714775688
P07949,RET,Dasatinib,MCF7,0.6751332648350873
P07949,RET,DNAPK,MCF7,-0.18823487491321342
P07949,RET,H89,MCF7,0.5416159935731584
P07949,RET,KD025,MCF7,0.3680400430923856
P07949,RET,NU7441,MCF7,0.30784170066884675
P07949,RET,Ripasudil,MCF7,0.4676936513636
P07949,RET,Vemurafenib,MCF7,0.7723239103267517
P07949,RET,CX4945,MCF7,-0.6031475360450981
P07949,RET,GO6983,MCF7,0.08889609949560454
P07949,RET,KN93,MCF7,0.9783930522910558
P07949,RET,MK2206,MCF7,2.810605004285378
O43318,MAP3K7,AZD6482,MCF7,-0.3118575038600326
O43318,MAP3K7,CAL101,MCF7,1.2274011771885356
O43318,MAP3K7,GDC0941,MCF7,0.47943629151466777
O43318,MAP3K7,HS173,MCF7,0.8531954276890029
O43318,MAP3K7,PIK294,MCF7,1.0714720516607552
O43318,MAP3K7,TGX221,MCF7,0.21558214496880196
O43318,MAP3K7,AZD5438,MCF7,-0.895753283443313
O43318,MAP3K7,FRAX486,MCF7,1.2239947194847332
O43318,MAP3K7,Ku0063794,MCF7,0.32709986468219526
O43318,MAP3K7,PD153035,MCF7,0.7089849284541945
O43318,MAP3K7,PF3758309,MCF7,0.1974095746836029
O43318,MAP3K7,Torin,MCF7,1.1333912954069902
O43318,MAP3K7,Trametinib,MCF7,1.1774828733003706
O43318,MAP3K7,AZD1480,MCF7,0.20620710778297152
O43318,MAP3K7,AZD5363,MCF7,-1.0110505106414593
O43318,MAP3K7,BX912,MCF7,-1.8621225707360742
O43318,MAP3K7,CHIR99021,MCF7,1.0208503561224729
O43318,MAP3K7,GSK2334470,MCF7,-0.4995536995317902
O43318,MAP3K7,Ipatasertib,MCF7,-0.3799743697203298
O43318,MAP3K7,LY2090314,MCF7,0.20742459661766452
O43318,MAP3K7,Tofacitinib,MCF7,-0.757977809522506
O43318,MAP3K7,AZD8055,MCF7,-0.6437458199897147
O43318,MAP3K7,GDC0994,MCF7,-0.33619218945614165
O43318,MAP3K7,JNK,MCF7,0.48255532626270325
O43318,MAP3K7,LY2584702,MCF7,-0.15927994832822023
O43318,MAP3K7,PH797804,MCF7,0.15075480360287113
O43318,MAP3K7,Selumetinib,MCF7,0.029316431936621132
O43318,MAP3K7,U73122,MCF7,-0.18790067078745326
O43318,MAP3K7,Ulixertinib,MCF7,-0.404508311936669
O43318,MAP3K7,Amuvatinib,MCF7,-0.06965867521447262
O43318,MAP3K7,AZD3759,MCF7,0.38816651553944015
O43318,MAP3K7,GSK690693,MCF7,0.18735726189685661
O43318,MAP3K7,JNJ,MCF7,0.1543556928164278
O43318,MAP3K7,KN62,MCF7,-0.2105364127589559
O43318,MAP3K7,Linsitinib,MCF7,0.4815524250871079
O43318,MAP3K7,LY2835219,MCF7,1.5531765274570677
O43318,MAP3K7,Ribociclib,MCF7,-0.6916272094743424
O43318,MAP3K7,AC220,MCF7,-1.1661039358786531
O43318,MAP3K7,Edelfosine,MCF7,-0.3338050448588897
O43318,MAP3K7,GF109203X,MCF7,-0.46922139297346255
O43318,MAP3K7,Go6976,MCF7,-1.4690931256791595
O43318,MAP3K7,PF4708671,MCF7,0.21595831918047537
O43318,MAP3K7,SP600125,MCF7,-0.8452908714468779
O43318,MAP3K7,TAK715,MCF7,-0.8722811910465162
O43318,MAP3K7,TBCA,MCF7,-2.1846304159269145
O43318,MAP3K7,AT13148,MCF7,0.6916201882042575
O43318,MAP3K7,AZ20,MCF7,0.356914717986267
O43318,MAP3K7,AZD6738,MCF7,1.7214020815677562
O43318,MAP3K7,Bosutinib,MCF7,1.1363914562779067
O43318,MAP3K7,Dabrafenib,MCF7,-0.029608989241891072
O43318,MAP3K7,Dasatinib,MCF7,0.8774627497348546
O43318,MAP3K7,DNAPK,MCF7,-0.050525736926058135
O43318,MAP3K7,H89,MCF7,0.53256661850649
O43318,MAP3K7,KD025,MCF7,0.19461153150832342
O43318,MAP3K7,NU7441,MCF7,1.4292221233539983
O43318,MAP3K7,Ripasudil,MCF7,0.1881217895530877
O43318,MAP3K7,Vemurafenib,MCF7,0.8819417926451661
O43318,MAP3K7,CX4945,MCF7,0.8559173255923902
O43318,MAP3K7,GO6983,MCF7,1.9394006090875096
O43318,MAP3K7,KN93,MCF7,0.7463819074747312
O43318,MAP3K7,MK2206,MCF7,0.9959511897012332
Q04759,PRKCQ,AC220,MCF7,1.3290765928019832
Q04759,PRKCQ,AT13148,MCF7,-0.30596578572269933
Q04759,PRKCQ,AZ20,MCF7,-0.5887785064254408
Q04759,PRKCQ,AZD1480,MCF7,-0.8415125644402124
Q04759,PRKCQ,AZD3759,MCF7,0.22570578113064968
Q04759,PRKCQ,AZD5363,MCF7,0.0987562016923419
Q04759,PRKCQ,AZD5438,MCF7,0.3821732868662045
Q04759,PRKCQ,AZD6482,MCF7,-0.03543586332118413
Q04759,PRKCQ,AZD6738,MCF7,1.4918434576094322
Q04759,PRKCQ,AZD8055,MCF7,-0.051392236944671994
Q04759,PRKCQ,Amuvatinib,MCF7,0.5926022829098254
Q04759,PRKCQ,BX912,MCF7,0.7829439500614823
Q04759,PRKCQ,Bosutinib,MCF7,-0.573223091553721
Q04759,PRKCQ,CAL101,MCF7,-2.502698213813374
Q04759,PRKCQ,CHIR99021,MCF7,0.9653106105696239
Q04759,PRKCQ,CX4945,MCF7,0.16740213738792115
Q04759,PRKCQ,DNAPK,MCF7,-0.0873750862189114
Q04759,PRKCQ,Dabrafenib,MCF7,1.9385826232279746
Q04759,PRKCQ,Dasatinib,MCF7,-1.175692365910471
Q04759,PRKCQ,Edelfosine,MCF7,2.255724998163326
Q04759,PRKCQ,FRAX486,MCF7,0.17740457876487303
Q04759,PRKCQ,GDC0941,MCF7,-0.9407499084573369
Q04759,PRKCQ,GDC0994,MCF7,1.189515130818608
Q04759,PRKCQ,GF109203X,MCF7,0.6112148687544552
Q04759,PRKCQ,GO6983,MCF7,-0.11350439966794099
Q04759,PRKCQ,GSK2334470,MCF7,0.6317836827411664
Q04759,PRKCQ,GSK690693,MCF7,0.6539935542356854
Q04759,PRKCQ,Go6976,MCF7,1.0098867528974982
Q04759,PRKCQ,H89,MCF7,1.2092595543599067
Q04759,PRKCQ,HS173,MCF7,0.46069761919275914
Q04759,PRKCQ,Ipatasertib,MCF7,0.3738398570926549
Q04759,PRKCQ,JNJ,MCF7,0.03809438938674517
Q04759,PRKCQ,JNK,MCF7,-0.8228379040832318
Q04759,PRKCQ,KD025,MCF7,-0.6909053968759965
Q04759,PRKCQ,KN62,MCF7,0.874780910383161
Q04759,PRKCQ,KN93,MCF7,1.0826497650209712
Q04759,PRKCQ,Ku0063794,MCF7,0.859538349508175
Q04759,PRKCQ,LY2090314,MCF7,-0.45088512611433806
Q04759,PRKCQ,LY2584702,MCF7,-0.9392300795527809
Q04759,PRKCQ,LY2835219,MCF7,-0.10753012299518284
Q04759,PRKCQ,Linsitinib,MCF7,-0.8286679619073934
Q04759,PRKCQ,MK2206,MCF7,2.2693782715130966
Q04759,PRKCQ,NU7441,MCF7,0.08966056366285506
Q04759,PRKCQ,PD153035,MCF7,-1.9408220127688023
Q04759,PRKCQ,PF3758309,MCF7,-1.470137740452561
Q04759,PRKCQ,PF4708671,MCF7,0.5553108669942907
Q04759,PRKCQ,PH797804,MCF7,-0.5590545813543367
Q04759,PRKCQ,PIK294,MCF7,2.058858862083647
Q04759,PRKCQ,Ribociclib,MCF7,-1.5498613705526232
Q04759,PRKCQ,Ripasudil,MCF7,0.5666970442965289
Q04759,PRKCQ,SP600125,MCF7,0.8924194157869348
Q04759,PRKCQ,Selumetinib,MCF7,-1.9739386162633212
Q04759,PRKCQ,TAK715,MCF7,0.8387823011863693
Q04759,PRKCQ,TBCA,MCF7,0.17206314223801453
Q04759,PRKCQ,TGX221,MCF7,-0.13253863545900874
Q04759,PRKCQ,Tofacitinib,MCF7,0.8331205384873255
Q04759,PRKCQ,Torin,MCF7,-1.2234348130291939
Q04759,PRKCQ,Trametinib,MCF7,-2.1253418234920334
Q04759,PRKCQ,U73122,MCF7,-0.5865652193101427
Q04759,PRKCQ,Ulixertinib,MCF7,3.400909067269151
Q04759,PRKCQ,Vemurafenib,MCF7,2.2914002432594165
O14920,IKBKB,AZD6482,MCF7,0.14693716055181857
O14920,IKBKB,CAL101,MCF7,0.836229427234421
O14920,IKBKB,GDC0941,MCF7,-1.145510826729374
O14920,IKBKB,HS173,MCF7,-0.13563272161509188
O14920,IKBKB,PIK294,MCF7,0.7428603146001937
O14920,IKBKB,TGX221,MCF7,0.5263520019068495
O14920,IKBKB,AZD5438,MCF7,0.19044415253324606
O14920,IKBKB,FRAX486,MCF7,-0.9720506023650191
O14920,IKBKB,Ku0063794,MCF7,-0.2287241956447557
O14920,IKBKB,PD153035,MCF7,-0.30747516618681714
O14920,IKBKB,PF3758309,MCF7,-0.17840685025386094
O14920,IKBKB,Torin,MCF7,-0.39376156393503825
O14920,IKBKB,Trametinib,MCF7,0.05363097923650013
O14920,IKBKB,AZD1480,MCF7,0.29003626713773994
O14920,IKBKB,AZD5363,MCF7,0.5259828818690568
O14920,IKBKB,BX912,MCF7,0.8262280351192914
O14920,IKBKB,CHIR99021,MCF7,1.040598462229773
O14920,IKBKB,GSK2334470,MCF7,0.04829752258697624
O14920,IKBKB,Ipatasertib,MCF7,0.372174253176146
O14920,IKBKB,LY2090314,MCF7,0.7717261927965692
O14920,IKBKB,Tofacitinib,MCF7,-0.11622220462807988
O14920,IKBKB,AZD8055,MCF7,-0.6610720164117178
O14920,IKBKB,GDC0994,MCF7,1.0588477999001575
O14920,IKBKB,JNK,MCF7,0.10488740271149494
O14920,IKBKB,LY2584702,MCF7,-1.1826526669176511
O14920,IKBKB,PH797804,MCF7,-0.8086658223102886
O14920,IKBKB,Selumetinib,MCF7,0.7043114007289711
O14920,IKBKB,U73122,MCF7,-2.0737729014288795
O14920,IKBKB,Ulixertinib,MCF7,-0.28260668708669034
O14920,IKBKB,Amuvatinib,MCF7,0.13179479800196578
O14920,IKBKB,AZD3759,MCF7,0.2340034210751914
O14920,IKBKB,GSK690693,MCF7,0.5120182199239441
O14920,IKBKB,JNJ,MCF7,0.6130463801172487
O14920,IKBKB,KN62,MCF7,3.384598877867199
O14920,IKBKB,Linsitinib,MCF7,0.29855867295040533
O14920,IKBKB,LY2835219,MCF7,1.2364086168306245
O14920,IKBKB,Ribociclib,MCF7,0.2528815483973666
O14920,IKBKB,AC220,MCF7,1.2418286090419437
O14920,IKBKB,Edelfosine,MCF7,1.5501801288517238
O14920,IKBKB,GF109203X,MCF7,2.8857590335839425
O14920,IKBKB,Go6976,MCF7,0.27267949306116085
O14920,IKBKB,PF4708671,MCF7,1.475660498858295
O14920,IKBKB,SP600125,MCF7,1.3577148042998657
O14920,IKBKB,TAK715,MCF7,0.8212318273300454
O14920,IKBKB,TBCA,MCF7,0.5271163202426155
O14920,IKBKB,AT13148,MCF7,0.7705363452302855
O14920,IKBKB,AZ20,MCF7,0.034994129659373624
O14920,IKBKB,AZD6738,MCF7,0.40907146796375343
O14920,IKBKB,Bosutinib,MCF7,-0.6377143834106986
O14920,IKBKB,Dabrafenib,MCF7,0.12774843784869838
O14920,IKBKB,Dasatinib,MCF7,0.2543098450031576
O14920,IKBKB,DNAPK,MCF7,1.268356452234641
O14920,IKBKB,H89,MCF7,1.8410854353482835
O14920,IKBKB,KD025,MCF7,0.4216602278202041
O14920,IKBKB,NU7441,MCF7,1.2309865936568336
O14920,IKBKB,Ripasudil,MCF7,1.321843229461402
O14920,IKBKB,Vemurafenib,MCF7,0.5239395651270727
O14920,IKBKB,CX4945,MCF7,0.4101988041998507
O14920,IKBKB,GO6983,MCF7,1.042693513080387
O14920,IKBKB,KN93,MCF7,0.8753362314055012
O14920,IKBKB,MK2206,MCF7,0.38593957712470034
O60674,JAK2,AZD6482,MCF7,-0.37924905197569664
O60674,JAK2,CAL101,MCF7,-1.7193598789404392
O60674,JAK2,GDC0941,MCF7,-0.35008252003844753
O60674,JAK2,HS173,MCF7,0.8701377412005772
O60674,JAK2,PIK294,MCF7,0.18695743629216138
O60674,JAK2,TGX221,MCF7,0.14457437260904837
O60674,JAK2,AZD5438,MCF7,1.2711852252137106
O60674,JAK2,FRAX486,MCF7,0.7137865836460366
O60674,JAK2,Ku0063794,MCF7,0.8952844424839548
O60674,JAK2,PD153035,MCF7,-1.384270787157638
O60674,JAK2,PF3758309,MCF7,-0.3939910303698828
O60674,JAK2,Torin,MCF7,-0.03594815736542544
O60674,JAK2,Trametinib,MCF7,-5.018073596993895
O60674,JAK2,AZD1480,MCF7,-2.4712977047916067
O60674,JAK2,AZD5363,MCF7,0.7639210317003273
O60674,JAK2,BX912,MCF7,0.2297156751489153
O60674,JAK2,CHIR99021,MCF7,0.8746043496189247
O60674,JAK2,GSK2334470,MCF7,1.507044524317996
O60674,JAK2,Ipatasertib,MCF7,1.8588083691689912
O60674,JAK2,LY2090314,MCF7,-1.1920224905248036
O60674,JAK2,Tofacitinib,MCF7,-0.46149269421340217
O60674,JAK2,AZD8055,MCF7,0.1450824684324798
O60674,JAK2,GDC0994,MCF7,1.0408275938254075
O60674,JAK2,JNK,MCF7,-0.645520373967683
O60674,JAK2,LY2584702,MCF7,-0.25017881905698924
O60674,JAK2,PH797804,MCF7,-0.381634838100164
O60674,JAK2,Selumetinib,MCF7,-3.3315096413043537
O60674,JAK2,U73122,MCF7,0.32091529351567555
O60674,JAK2,Ulixertinib,MCF7,2.5073493214549685
O60674,JAK2,Amuvatinib,MCF7,-0.061641350295200674
O60674,JAK2,AZD3759,MCF7,-0.8784640125279525
O60674,JAK2,GSK690693,MCF7,1.9231207637015537
O60674,JAK2,JNJ,MCF7,0.6822427658757511
O60674,JAK2,KN62,MCF7,0.29972417482841995
O60674,JAK2,Linsitinib,MCF7,-0.22742574877166638
O60674,JAK2,LY2835219,MCF7,1.2861307507253477
O60674,JAK2,Ribociclib,MCF7,1.0788532385293403
O60674,JAK2,AC220,MCF7,0.23678171514685348
O60674,JAK2,Edelfosine,MCF7,1.2225363970070067
O60674,JAK2,GF109203X,MCF7,-0.49538745579328225
O60674,JAK2,Go6976,MCF7,0.03851364704212469
O60674,JAK2,PF4708671,MCF7,-0.5694611180515159
O60674,JAK2,SP600125,MCF7,0.3942831013256771
O60674,JAK2,TAK715,MCF7,0.3071791386542979
O60674,JAK2,TBCA,MCF7,0.3669506503354451
O60674,JAK2,AT13148,MCF7,1.0658874920073946
O60674,JAK2,AZ20,MCF7,-0.7788028439737518
O60674,JAK2,AZD6738,MCF7,1.5532896386581798
O60674,JAK2,Bosutinib,MCF7,-1.9684899576749217
O60674,JAK2,Dabrafenib,MCF7,2.38509714775688
O60674,JAK2,Dasatinib,MCF7,0.6751332648350873
O60674,JAK2,DNAPK,MCF7,-0.18823487491321342
O60674,JAK2,H89,MCF7,0.5416159935731584
O60674,JAK2,KD025,MCF7,0.3680400430923856
O60674,JAK2,NU7441,MCF7,0.30784170066884675
O60674,JAK2,Ripasudil,MCF7,0.4676936513636
O60674,JAK2,Vemurafenib,MCF7,0.7723239103267517
O60674,JAK2,CX4945,MCF7,-0.6031475360450981
O60674,JAK2,GO6983,MCF7,0.08889609949560454
O60674,JAK2,KN93,MCF7,0.9783930522910558
O60674,JAK2,MK2206,MCF7,2.810605004285378
Q13315,ATM,AZD6482,MCF7,-1.179374304839111
Q13315,ATM,CAL101,MCF7,-0.27732982446013615
Q13315,ATM,GDC0941,MCF7,0.44260310949821535
Q13315,ATM,HS173,MCF7,-0.2152841359051058
Q13315,ATM,PIK294,MCF7,0.8006355995827708
Q13315,ATM,TGX221,MCF7,-0.2551053137413877
Q13315,ATM,AZD5438,MCF7,2.743038958999171
Q13315,ATM,FRAX486,MCF7,1.8642221473093208
Q13315,ATM,Ku0063794,MCF7,0.5726371555733589
Q13315,ATM,PD153035,MCF7,-0.003583124590039236
Q13315,ATM,PF3758309,MCF7,1.228981689984253
Q13315,ATM,Torin,MCF7,-0.21517417637675615
Q13315,ATM,Trametinib,MCF7,-0.012793658447806241
Q13315,ATM,AZD1480,MCF7,-0.3251476985883204
Q13315,ATM,AZD5363,MCF7,-0.6243675747659199
Q13315,ATM,BX912,MCF7,0.15976700229581245
Q13315,ATM,CHIR99021,MCF7,0.5141901111413212
Q13315,ATM,GSK2334470,MCF7,-0.5839502157054404
Q13315,ATM,Ipatasertib,MCF7,0.1503986322963778
Q13315,ATM,LY2090314,MCF7,1.4146038640307403
Q13315,ATM,Tofacitinib,MCF7,1.9116072239724287
Q13315,ATM,AZD8055,MCF7,0.8770478559859256
Q13315,ATM,GDC0994,MCF7,0.6753745774297548
Q13315,ATM,JNK,MCF7,-0.7962375414293981
Q13315,ATM,LY2584702,MCF7,-0.42578310130619695
Q13315,ATM,PH797804,MCF7,1.0031600710662105
Q13315,ATM,Selumetinib,MCF7,1.3759360577533926
Q13315,ATM,U73122,MCF7,-0.9388345436959541
Q13315,ATM,Ulixertinib,MCF7,0.26661024808342376
Q13315,ATM,Amuvatinib,MCF7,2.1474359223454815
Q13315,ATM,AZD3759,MCF7,3.5803170762867427
Q13315,ATM,GSK690693,MCF7,2.7208007150222007
Q13315,ATM,JNJ,MCF7,3.085362883936165
Q13315,ATM,KN62,MCF7,3.024865526350047
Q13315,ATM,Linsitinib,MCF7,3.619235740573402
Q13315,ATM,LY2835219,MCF7,4.174890188791386
Q13315,ATM,Ribociclib,MCF7,3.811731071925515
Q13315,ATM,AC220,MCF7,-1.1125234807163638
Q13315,ATM,Edelfosine,MCF7,-0.7872067970254659
Q13315,ATM,GF109203X,MCF7,-0.32263461664088783
Q13315,ATM,Go6976,MCF7,-1.1752303048584338
Q13315,ATM,PF4708671,MCF7,-0.9452169037263984
Q13315,ATM,SP600125,MCF7,0.79320244393285
Q13315,ATM,TAK715,MCF7,-1.0461832733839933
Q13315,ATM,TBCA,MCF7,-0.12632693495622244
Q13315,ATM,AT13148,MCF7,0.6900989259992083
Q13315,ATM,AZ20,MCF7,0.053294060223558544
Q13315,ATM,AZD6738,MCF7,-0.8031286525187998
Q13315,ATM,Bosutinib,MCF7,0.1220329580287297
Q13315,ATM,Dabrafenib,MCF7,0.1071502276175545
Q13315,ATM,Dasatinib,MCF7,0.26465427413639836
Q13315,ATM,DNAPK,MCF7,1.3583282503804348
Q13315,ATM,H89,MCF7,0.6558963172411821
Q13315,ATM,KD025,MCF7,2.3054650329961333
Q13315,ATM,NU7441,MCF7,1.4310910302462378
Q13315,ATM,Ripasudil,MCF7,1.0846857154524443
Q13315,ATM,Vemurafenib,MCF7,-1.0949140035298552
Q13315,ATM,CX4945,MCF7,-1.047189078086954
Q13315,ATM,GO6983,MCF7,1.2572213959998086
Q13315,ATM,KN93,MCF7,-0.08432657388103312
Q13315,ATM,MK2206,MCF7,0.005278816703367289
P33981,TTK,AZD6482,MCF7,-0.10521562015347641
P33981,TTK,CAL101,MCF7,-0.061929598911707545
P33981,TTK,GDC0941,MCF7,0.1253127618719997
P33981,TTK,HS173,MCF7,-0.9014800830526524
P33981,TTK,PIK294,MCF7,-0.3930520911413826
P33981,TTK,TGX221,MCF7,0.2262013060652695
P33981,TTK,AZD5438,MCF7,0.4966485053156306
P33981,TTK,FRAX486,MCF7,0.78878801024428
P33981,TTK,Ku0063794,MCF7,0.28308676157474016
P33981,TTK,PD153035,MCF7,-0.03497558595063963
P33981,TTK,PF3758309,MCF7,0.45294331397645304
P33981,TTK,Torin,MCF7,0.546912255518088
P33981,TTK,Trametinib,MCF7,0.6411934583456671
P33981,TTK,AZD1480,MCF7,1.924793541294861
P33981,TTK,AZD5363,MCF7,0.7911755139700467
P33981,TTK,BX912,MCF7,0.3293703338028265
P33981,TTK,CHIR99021,MCF7,1.162495606379228
P33981,TTK,GSK2334470,MCF7,0.6928220711493418
P33981,TTK,Ipatasertib,MCF7,0.7553064568020861
P33981,TTK,LY2090314,MCF7,1.2441433669937594
P33981,TTK,Tofacitinib,MCF7,2.3072049288584364
P33981,TTK,AZD8055,MCF7,1.344294400097572
P33981,TTK,GDC0994,MCF7,2.2178388035612233
P33981,TTK,JNK,MCF7,1.0569958812266893
P33981,TTK,LY2584702,MCF7,2.784686321842587
P33981,TTK,PH797804,MCF7,0.88978094526928
P33981,TTK,Selumetinib,MCF7,1.650474618526274
P33981,TTK,U73122,MCF7,1.7268187567741067
P33981,TTK,Ulixertinib,MCF7,1.4749924949704383
P33981,TTK,Amuvatinib,MCF7,-0.8088213851101568
P33981,TTK,AZD3759,MCF7,0.37440176292987276
P33981,TTK,GSK690693,MCF7,0.9482233453181658
P33981,TTK,JNJ,MCF7,0.682278513749082
P33981,TTK,KN62,MCF7,-1.2485519250047286
P33981,TTK,Linsitinib,MCF7,0.2953941773647715
P33981,TTK,LY2835219,MCF7,0.7728362208474504
P33981,TTK,Ribociclib,MCF7,-0.3097902654907676
P33981,TTK,AC220,MCF7,-1.8440403042451396
P33981,TTK,Edelfosine,MCF7,-0.1490757489160253
P33981,TTK,GF109203X,MCF7,0.889647829387564
P33981,TTK,Go6976,MCF7,0.1292261534075631
P33981,TTK,PF4708671,MCF7,-0.18402956834088458
P33981,TTK,SP600125,MCF7,0.04629336178814659
P33981,TTK,TAK715,MCF7,0.7301073414314112
P33981,TTK,TBCA,MCF7,-0.4484584148253609
P33981,TTK,AT13148,MCF7,-1.0614084077276302
P33981,TTK,AZ20,MCF7,0.21144761279195537
P33981,TTK,AZD6738,MCF7,-0.005497574509756737
P33981,TTK,Bosutinib,MCF7,0.08329455961163976
P33981,TTK,Dabrafenib,MCF7,-1.3344376381203218
P33981,TTK,Dasatinib,MCF7,0.877001449039708
P33981,TTK,DNAPK,MCF7,0.22067150078311115
P33981,TTK,H89,MCF7,-0.9026663518822887
P33981,TTK,KD025,MCF7,0.07887448247750582
P33981,TTK,NU7441,MCF7,-0.07121496829101485
P33981,TTK,Ripasudil,MCF7,0.41447689663086984
P33981,TTK,Vemurafenib,MCF7,-1.2958823491202107
P33981,TTK,CX4945,MCF7,-0.05916805303727209
P33981,TTK,GO6983,MCF7,-1.0520742056080494
P33981,TTK,KN93,MCF7,-2.256080506395932
P33981,TTK,MK2206,MCF7,-1.5305676766529248
P53350,PLK1,AZD6482,MCF7,-0.701050460991372
P53350,PLK1,CAL101,MCF7,-1.9795594605985258
P53350,PLK1,GDC0941,MCF7,-0.03557306944539726
P53350,PLK1,HS173,MCF7,0.23031956149105426
P53350,PLK1,PIK294,MCF7,-1.6945314749753744
P53350,PLK1,TGX221,MCF7,-1.1111308020937505
P53350,PLK1,AZD5438,MCF7,0.06602092225187774
P53350,PLK1,FRAX486,MCF7,0.08844102003999806
P53350,PLK1,Ku0063794,MCF7,-0.2598096561875923
P53350,PLK1,PD153035,MCF7,-1.0944263598489445
P53350,PLK1,PF3758309,MCF7,-0.03697255733498416
P53350,PLK1,Torin,MCF7,0.1363874957191011
P53350,PLK1,Trametinib,MCF7,-0.2871860567518338
P53350,PLK1,AZD1480,MCF7,-0.6799376818101281
P53350,PLK1,AZD5363,MCF7,1.0317464310342443
P53350,PLK1,BX912,MCF7,1.673582083066147
P53350,PLK1,CHIR99021,MCF7,-0.6790928011671373
P53350,PLK1,GSK2334470,MCF7,1.8012573224827766
P53350,PLK1,Ipatasertib,MCF7,0.3082877825772199
P53350,PLK1,LY2090314,MCF7,1.0240044970421172
P53350,PLK1,Tofacitinib,MCF7,0.16507286854498368
P53350,PLK1,AZD8055,MCF7,0.14380856538139838
P53350,PLK1,GDC0994,MCF7,0.22246978536472659
P53350,PLK1,JNK,MCF7,0.2383889149612366
P53350,PLK1,LY2584702,MCF7,0.3672194750537247
P53350,PLK1,PH797804,MCF7,0.6407674035738984
P53350,PLK1,Selumetinib,MCF7,0.3307037994608179
P53350,PLK1,U73122,MCF7,0.5883536457717569
P53350,PLK1,Ulixertinib,MCF7,0.08463229086479274
P53350,PLK1,Amuvatinib,MCF7,0.1531379031446755
P53350,PLK1,AZD3759,MCF7,0.8868228842958104
P53350,PLK1,GSK690693,MCF7,1.1877051210437306
P53350,PLK1,JNJ,MCF7,-0.3649911945520989
P53350,PLK1,KN62,MCF7,-0.10867398833019631
P53350,PLK1,Linsitinib,MCF7,0.31115064749664056
P53350,PLK1,LY2835219,MCF7,0.804871364326593
P53350,PLK1,Ribociclib,MCF7,-0.9741101378283777
P53350,PLK1,AC220,MCF7,0.2447364156652162
P53350,PLK1,Edelfosine,MCF7,-0.8242615439860096
P53350,PLK1,GF109203X,MCF7,0.08277640865221807
P53350,PLK1,Go6976,MCF7,0.27999092993288377
P53350,PLK1,PF4708671,MCF7,0.2116489729163638
P53350,PLK1,SP600125,MCF7,1.5468630126326552
P53350,PLK1,TAK715,MCF7,0.13374896896307623
P53350,PLK1,TBCA,MCF7,-0.609065802068917
P53350,PLK1,AT13148,MCF7,0.7587156898818459
P53350,PLK1,AZ20,MCF7,1.2369427932726205
P53350,PLK1,AZD6738,MCF7,0.5381701372216122
P53350,PLK1,Bosutinib,MCF7,0.8032757214517648
P53350,PLK1,Dabrafenib,MCF7,0.6610044857285604
P53350,PLK1,Dasatinib,MCF7,-0.9920675555036265
P53350,PLK1,DNAPK,MCF7,0.530209829642106
P53350,PLK1,H89,MCF7,1.127733699508818
P53350,PLK1,KD025,MCF7,0.7952755295080299
P53350,PLK1,NU7441,MCF7,0.6875074166104047
P53350,PLK1,Ripasudil,MCF7,0.13828996515900768
P53350,PLK1,Vemurafenib,MCF7,-0.4707062005940078
P53350,PLK1,CX4945,MCF7,-2.7912589805741854
P53350,PLK1,GO6983,MCF7,-2.343481179657474
P53350,PLK1,KN93,MCF7,-4.663623007004689
P53350,PLK1,MK2206,MCF7,-3.23076175047614
P27361,MAPK3,AZD6482,MCF7,-0.38709692484007574
P27361,MAPK3,CAL101,MCF7,1.2824251634133195
P27361,MAPK3,GDC0941,MCF7,-0.5655099471779437
P27361,MAPK3,HS173,MCF7,0.28141370315854974
P27361,MAPK3,PIK294,MCF7,0.5056115201035843
P27361,MAPK3,TGX221,MCF7,1.9636141355308419
P27361,MAPK3,AZD5438,MCF7,0.41981801060269514
P27361,MAPK3,FRAX486,MCF7,-0.300133965131402
P27361,MAPK3,Ku0063794,MCF7,0.5136781887932618
P27361,MAPK3,PD153035,MCF7,-0.4214575782614419
P27361,MAPK3,PF3758309,MCF7,0.9741688483039164
P27361,MAPK3,Torin,MCF7,-0.294069050640422
P27361,MAPK3,Trametinib,MCF7,0.04530974593133059
P27361,MAPK3,AZD1480,MCF7,-2.391457746785027
P27361,MAPK3,AZD5363,MCF7,-1.1247709221356923
P27361,MAPK3,BX912,MCF7,0.0044823305390335345
P27361,MAPK3,CHIR99021,MCF7,0.5871202182691615
P27361,MAPK3,GSK2334470,MCF7,0.10660278552897356
P27361,MAPK3,Ipatasertib,MCF7,-0.6389803391632828
P27361,MAPK3,LY2090314,MCF7,-1.4879055688627179
P27361,MAPK3,Tofacitinib,MCF7,-1.3696843290464935
P27361,MAPK3,AZD8055,MCF7,0.8951025189215227
P27361,MAPK3,GDC0994,MCF7,-0.07374030189599402
P27361,MAPK3,JNK,MCF7,-0.6147265090682813
P27361,MAPK3,LY2584702,MCF7,0.4676948142537829
P27361,MAPK3,PH797804,MCF7,0.9366620645075764
P27361,MAPK3,Selumetinib,MCF7,-0.2473075307721594
P27361,MAPK3,U73122,MCF7,1.3210054691976727
P27361,MAPK3,Ulixertinib,MCF7,-0.12209918222357276
P27361,MAPK3,Amuvatinib,MCF7,1.935878782685271
P27361,MAPK3,AZD3759,MCF7,-0.21402426970052044
P27361,MAPK3,GSK690693,MCF7,2.37676366090425
P27361,MAPK3,JNJ,MCF7,0.9234758245716553
P27361,MAPK3,KN62,MCF7,2.4588853396204655
P27361,MAPK3,Linsitinib,MCF7,0.29807599980791516
P27361,MAPK3,LY2835219,MCF7,2.238344451686551
P27361,MAPK3,Ribociclib,MCF7,1.1109052062028233
P27361,MAPK3,AC220,MCF7,-1.3784241666054953
P27361,MAPK3,Edelfosine,MCF7,-0.43015441167543494
P27361,MAPK3,GF109203X,MCF7,-1.5193562962329286
P27361,MAPK3,Go6976,MCF7,-2.9986122570774807
P27361,MAPK3,PF4708671,MCF7,-1.23851154398906
P27361,MAPK3,SP600125,MCF7,-0.974748962460606
P27361,MAPK3,TAK715,MCF7,-1.5519005782004593
P27361,MAPK3,TBCA,MCF7,-1.4672440397503035
P27361,MAPK3,AT13148,MCF7,1.7299584517959503
P27361,MAPK3,AZ20,MCF7,1.4443753343105799
P27361,MAPK3,AZD6738,MCF7,-0.3494203127976384
P27361,MAPK3,Bosutinib,MCF7,-0.08105918179768185
P27361,MAPK3,Dabrafenib,MCF7,0.8614172892669838
P27361,MAPK3,Dasatinib,MCF7,0.12146886740205928
P27361,MAPK3,DNAPK,MCF7,-0.981956385759271
P27361,MAPK3,H89,MCF7,-0.1021171710846729
P27361,MAPK3,KD025,MCF7,0.3168852763198295
P27361,MAPK3,NU7441,MCF7,1.5273046307578046
P27361,MAPK3,Ripasudil,MCF7,0.37133753997644536
P27361,MAPK3,Vemurafenib,MCF7,1.0657821095002513
P27361,MAPK3,CX4945,MCF7,1.128196940965226
P27361,MAPK3,GO6983,MCF7,0.1980942430449493
P27361,MAPK3,KN93,MCF7,0.6311855224632813
P27361,MAPK3,MK2206,MCF7,0.45992032774748715
P28482,MAPK1,AZD6482,MCF7,0.49744654283345174
P28482,MAPK1,CAL101,MCF7,2.5832468315193986
P28482,MAPK1,GDC0941,MCF7,-0.3874038837636683
P28482,MAPK1,HS173,MCF7,0.8723126505952812
P28482,MAPK1,PIK294,MCF7,1.809547094711304
P28482,MAPK1,TGX221,MCF7,1.9895938034470022
P28482,MAPK1,AZD5438,MCF7,0.7306959713048999
P28482,MAPK1,FRAX486,MCF7,-0.21704948874970575
P28482,MAPK1,Ku0063794,MCF7,0.11750368109283803
P28482,MAPK1,PD153035,MCF7,0.07569410599195273
P28482,MAPK1,PF3758309,MCF7,1.1991697923251905
P28482,MAPK1,Torin,MCF7,0.34453557122721123
P28482,MAPK1,Trametinib,MCF7,0.8140381366795774
P28482,MAPK1,AZD1480,MCF7,-3.069152141405418
P28482,MAPK1,AZD5363,MCF7,-0.20240602356153659
P28482,MAPK1,BX912,MCF7,0.9303124193020712
P28482,MAPK1,CHIR99021,MCF7,0.09160197282140811
P28482,MAPK1,GSK2334470,MCF7,-0.11258205779567089
P28482,MAPK1,Ipatasertib,MCF7,-0.6911342057422448
P28482,MAPK1,LY2090314,MCF7,-1.1495669266158612
P28482,MAPK1,Tofacitinib,MCF7,-1.3778668546350261
P28482,MAPK1,AZD8055,MCF7,1.0585839247949569
P28482,MAPK1,GDC0994,MCF7,-0.7327357203583731
P28482,MAPK1,JNK,MCF7,0.08954343627661639
P28482,MAPK1,LY2584702,MCF7,1.440923170511865
P28482,MAPK1,PH797804,MCF7,1.4470853384670688
P28482,MAPK1,Selumetinib,MCF7,-0.45396059522392157
P28482,MAPK1,U73122,MCF7,1.4720845647302483
P28482,MAPK1,Ulixertinib,MCF7,-0.7039381202400764
P28482,MAPK1,Amuvatinib,MCF7,1.5837767319165923
P28482,MAPK1,AZD3759,MCF7,-0.7280264934430499
P28482,MAPK1,GSK690693,MCF7,1.8741430004475033
P28482,MAPK1,JNJ,MCF7,0.6257169794253257
P28482,MAPK1,KN62,MCF7,1.7616024268772823
P28482,MAPK1,Linsitinib,MCF7,-0.5365810693373019
P28482,MAPK1,LY2835219,MCF7,1.9596156575274994
P28482,MAPK1,Ribociclib,MCF7,1.07179043693107
P28482,MAPK1,AC220,MCF7,-1.5341986486972925
P28482,MAPK1,Edelfosine,MCF7,-0.718876271117659
P28482,MAPK1,GF109203X,MCF7,-0.8287281418788661
P28482,MAPK1,Go6976,MCF7,-3.506750258000181
P28482,MAPK1,PF4708671,MCF7,-1.0232043213503785
P28482,MAPK1,SP600125,MCF7,-0.938310665588862
P28482,MAPK1,TAK715,MCF7,-1.360495461185049
P28482,MAPK1,TBCA,MCF7,-1.7791906762500638
P28482,MAPK1,AT13148,MCF7,3.2160265941516455
P28482,MAPK1,AZ20,MCF7,0.36437883234703583
P28482,MAPK1,AZD6738,MCF7,1.25906245821689
P28482,MAPK1,Bosutinib,MCF7,0.05306086880693728
P28482,MAPK1,Dabrafenib,MCF7,1.8277210141684461
P28482,MAPK1,Dasatinib,MCF7,0.7772894127672509
P28482,MAPK1,DNAPK,MCF7,0.2756100452186045
P28482,MAPK1,H89,MCF7,0.9518649146088201
P28482,MAPK1,KD025,MCF7,1.3324803274638823
P28482,MAPK1,NU7441,MCF7,1.3745036814668787
P28482,MAPK1,Ripasudil,MCF7,1.0496582586462422
P28482,MAPK1,Vemurafenib,MCF7,1.513842846728832
P28482,MAPK1,CX4945,MCF7,0.9185334686965247
P28482,MAPK1,GO6983,MCF7,0.29912136373174
P28482,MAPK1,KN93,MCF7,0.7149258473083624
P28482,MAPK1,MK2206,MCF7,0.17552563996861992
P00533,EGFR,AZD6482,MCF7,0.17547737982345873
P00533,EGFR,CAL101,MCF7,0.3445426700600576
P00533,EGFR,GDC0941,MCF7,0.1221985411193879
P00533,EGFR,HS173,MCF7,0.8947221631399787
P00533,EGFR,PIK294,MCF7,0.26415530292858014
P00533,EGFR,TGX221,MCF7,-0.1549787203610308
P00533,EGFR,AZD5438,MCF7,-0.14894314108624596
P00533,EGFR,FRAX486,MCF7,-0.7066004118144538
P00533,EGFR,Ku0063794,MCF7,-0.41746429757913206
P00533,EGFR,PD153035,MCF7,-0.5657218616883368
P00533,EGFR,PF3758309,MCF7,-0.807443814136133
P00533,EGFR,Torin,MCF7,-0.2266334418962503
P00533,EGFR,Trametinib,MCF7,-1.2427063979925699
P00533,EGFR,AZD1480,MCF7,0.6951861174927153
P00533,EGFR,AZD5363,MCF7,-0.6191873717631525
P00533,EGFR,BX912,MCF7,-2.5520755555459953
P00533,EGFR,CHIR99021,MCF7,-1.0176724335716698
P00533,EGFR,GSK2334470,MCF7,-0.8249629019236382
P00533,EGFR,Ipatasertib,MCF7,2.04077119774415
P00533,EGFR,LY2090314,MCF7,2.0031426242257755
P00533,EGFR,Tofacitinib,MCF7,-0.7118541483212586
P00533,EGFR,AZD8055,MCF7,-0.3934936821132188
P00533,EGFR,GDC0994,MCF7,0.20996438016703156
P00533,EGFR,JNK,MCF7,0.1366196093348318
P00533,EGFR,LY2584702,MCF7,-1.659182788029108
P00533,EGFR,PH797804,MCF7,-0.2161492951055313
P00533,EGFR,Selumetinib,MCF7,0.040675816586896056
P00533,EGFR,U73122,MCF7,-1.3779721416916906
P00533,EGFR,Ulixertinib,MCF7,-0.1628060963725516
P00533,EGFR,Amuvatinib,MCF7,4.3772588748682875
P00533,EGFR,AZD3759,MCF7,2.93609223816044
P00533,EGFR,GSK690693,MCF7,0.7475697866871919
P00533,EGFR,JNJ,MCF7,3.851515299181498
P00533,EGFR,KN62,MCF7,2.1124707815244173
P00533,EGFR,Linsitinib,MCF7,3.079898019402353
P00533,EGFR,LY2835219,MCF7,4.68876066766088
P00533,EGFR,Ribociclib,MCF7,1.228114526520991
P00533,EGFR,AC220,MCF7,-0.5515475304299889
P00533,EGFR,Edelfosine,MCF7,0.07751447161858083
P00533,EGFR,GF109203X,MCF7,0.015943569051398036
P00533,EGFR,Go6976,MCF7,1.3519786001811107
P00533,EGFR,PF4708671,MCF7,0.23883789466306607
P00533,EGFR,SP600125,MCF7,0.1333156908944428
P00533,EGFR,TAK715,MCF7,0.465240664655095
P00533,EGFR,TBCA,MCF7,-0.7271756885572267
P00533,EGFR,AT13148,MCF7,0.2699450269479004
P00533,EGFR,AZ20,MCF7,0.7549968566407673
P00533,EGFR,AZD6738,MCF7,1.2168115288190873
P00533,EGFR,Bosutinib,MCF7,-1.5688208782770414
P00533,EGFR,Dabrafenib,MCF7,0.5243487250596245
P00533,EGFR,Dasatinib,MCF7,-0.08153328096039895
P00533,EGFR,DNAPK,MCF7,1.7597378329757858
P00533,EGFR,H89,MCF7,-1.4253360907462593
P00533,EGFR,KD025,MCF7,-0.21082381714476653
P00533,EGFR,NU7441,MCF7,-0.445473019407478
P00533,EGFR,Ripasudil,MCF7,0.00955939067192346
P00533,EGFR,Vemurafenib,MCF7,0.9306484645206007
P00533,EGFR,CX4945,MCF7,1.0293209832462118
P00533,EGFR,GO6983,MCF7,-0.23217255288772126
P00533,EGFR,KN93,MCF7,1.6456143149272766
P00533,EGFR,MK2206,MCF7,0.6637043972318427
P17252,PRKCA,AZD6482,MCF7,-4.265920332451482
P17252,PRKCA,CAL101,MCF7,-2.0631730032747377
P17252,PRKCA,GDC0941,MCF7,-2.3009107062407583
P17252,PRKCA,HS173,MCF7,-3.1728189357108927
P17252,PRKCA,PIK294,MCF7,-0.8238763404034961
P17252,PRKCA,TGX221,MCF7,-1.0220870583734525
P17252,PRKCA,AZD5438,MCF7,2.2860313740578264
P17252,PRKCA,FRAX486,MCF7,-1.7894865825807003
P17252,PRKCA,Ku0063794,MCF7,0.24908882005772462
P17252,PRKCA,PD153035,MCF7,-2.087711486778434
P17252,PRKCA,PF3758309,MCF7,-1.7651392366860732
P17252,PRKCA,Torin,MCF7,-1.4893916702384358
P17252,PRKCA,Trametinib,MCF7,-2.60521065451732
P17252,PRKCA,AZD1480,MCF7,-2.713589535433508
P17252,PRKCA,AZD5363,MCF7,-1.7287234409692824
P17252,PRKCA,BX912,MCF7,-1.7401108504411749
P17252,PRKCA,CHIR99021,MCF7,-1.561154518419867
P17252,PRKCA,GSK2334470,MCF7,-4.472951096348122
P17252,PRKCA,Ipatasertib,MCF7,-1.1943264867599341
P17252,PRKCA,LY2090314,MCF7,-1.285469798927142
P17252,PRKCA,Tofacitinib,MCF7,-1.3643122032787713
P17252,PRKCA,AZD8055,MCF7,0.7203998886919696
P17252,PRKCA,GDC0994,MCF7,0.11249334376863523
P17252,PRKCA,JNK,MCF7,-0.7134902299524175
P17252,PRKCA,LY2584702,MCF7,-0.7093630881576575
P17252,PRKCA,PH797804,MCF7,-0.4706030804354597
P17252,PRKCA,Selumetinib,MCF7,-3.4337464811608034
P17252,PRKCA,U73122,MCF7,-0.10122924040080261
P17252,PRKCA,Ulixertinib,MCF7,1.2034684362384214
P17252,PRKCA,Amuvatinib,MCF7,-0.27617109588078986
P17252,PRKCA,AZD3759,MCF7,-1.597893676594214
P17252,PRKCA,GSK690693,MCF7,-3.06085910124377
P17252,PRKCA,JNJ,MCF7,0.1711852151641371
P17252,PRKCA,KN62,MCF7,0.9156649717496343
P17252,PRKCA,Linsitinib,MCF7,-1.1958304018489716
P17252,PRKCA,LY2835219,MCF7,0.4250125497731854
P17252,PRKCA,Ribociclib,MCF7,-0.24071517961726596
P17252,PRKCA,AC220,MCF7,0.25291035197408046
P17252,PRKCA,Edelfosine,MCF7,0.38999912079287347
P17252,PRKCA,GF109203X,MCF7,-1.0357032040050158
P17252,PRKCA,Go6976,MCF7,-1.6293433978255307
P17252,PRKCA,PF4708671,MCF7,0.6874681818907238
P17252,PRKCA,SP600125,MCF7,-1.051234936336869
P17252,PRKCA,TAK715,MCF7,1.227374110533467
P17252,PRKCA,TBCA,MCF7,-1.5146075088597846
P17252,PRKCA,AT13148,MCF7,-2.849437298594037
P17252,PRKCA,AZ20,MCF7,-1.8228839126573182
P17252,PRKCA,AZD6738,MCF7,-0.8194471752254684
P17252,PRKCA,Bosutinib,MCF7,-2.22811428792112
P17252,PRKCA,Dabrafenib,MCF7,-1.242153326161385
P17252,PRKCA,Dasatinib,MCF7,-1.1115997383813507
P17252,PRKCA,DNAPK,MCF7,-0.7298292352326109
P17252,PRKCA,H89,MCF7,-1.3054826823952943
P17252,PRKCA,KD025,MCF7,-2.893189154740132
P17252,PRKCA,NU7441,MCF7,-3.7856144686172906
P17252,PRKCA,Ripasudil,MCF7,-1.0256214723106214
P17252,PRKCA,Vemurafenib,MCF7,-0.2766619916343762
P17252,PRKCA,CX4945,MCF7,-2.176516745550714
P17252,PRKCA,GO6983,MCF7,-4.647086612849918
P17252,PRKCA,KN93,MCF7,-0.6932799490534175
P17252,PRKCA,MK2206,MCF7,-0.08395948608843348
P49840,GSK3A,AZD6482,MCF7,-0.2860023381723466
P49840,GSK3A,CAL101,MCF7,-0.8202268381188187
P49840,GSK3A,GDC0941,MCF7,-0.5262257760286053
P49840,GSK3A,HS173,MCF7,0.2857341818973434
P49840,GSK3A,PIK294,MCF7,-0.649700846026999
P49840,GSK3A,TGX221,MCF7,0.5017975885212648
P49840,GSK3A,AZD5438,MCF7,-0.6232616545053677
P49840,GSK3A,FRAX486,MCF7,0.8466159073017436
P49840,GSK3A,Ku0063794,MCF7,1.4096620057380687
P49840,GSK3A,PD153035,MCF7,-0.057570321891249804
P49840,GSK3A,PF3758309,MCF7,1.5574097624257677
P49840,GSK3A,Torin,MCF7,0.17311793177631235
P49840,GSK3A,Trametinib,MCF7,0.5212842958014611
P49840,GSK3A,AZD1480,MCF7,1.33156729323289
P49840,GSK3A,AZD5363,MCF7,1.9850308522156146
P49840,GSK3A,BX912,MCF7,-2.6013417364510723
P49840,GSK3A,CHIR99021,MCF7,0.7636937261666856
P49840,GSK3A,GSK2334470,MCF7,0.3004630041246909
P49840,GSK3A,Ipatasertib,MCF7,-1.0207756422868273
P49840,GSK3A,LY2090314,MCF7,-0.5822151257868723
P49840,GSK3A,Tofacitinib,MCF7,-1.9169958414017176
P49840,GSK3A,AZD8055,MCF7,0.9061567997409695
P49840,GSK3A,GDC0994,MCF7,-1.8955340310312947
P49840,GSK3A,JNK,MCF7,-0.7593368339267331
P49840,GSK3A,LY2584702,MCF7,-0.5063552775952825
P49840,GSK3A,PH797804,MCF7,-0.9675523014632318
P49840,GSK3A,Selumetinib,MCF7,0.9004292261922762
P49840,GSK3A,U73122,MCF7,-0.41802038124422575
P49840,GSK3A,Ulixertinib,MCF7,0.17444820999965419
P49840,GSK3A,Amuvatinib,MCF7,-1.5777784334060005
P49840,GSK3A,AZD3759,MCF7,0.29580875810692325
P49840,GSK3A,GSK690693,MCF7,0.36098461678160226
P49840,GSK3A,JNJ,MCF7,-1.9172631147848598
P49840,GSK3A,KN62,MCF7,-2.0432177812207066
P49840,GSK3A,Linsitinib,MCF7,-0.2945884161545593
P49840,GSK3A,LY2835219,MCF7,-3.475271399019164
P49840,GSK3A,Ribociclib,MCF7,-2.4372570105776132
P49840,GSK3A,AC220,MCF7,-1.7420416697667584
P49840,GSK3A,Edelfosine,MCF7,-0.5162936935183252
P49840,GSK3A,GF109203X,MCF7,-1.8424784304141597
P49840,GSK3A,Go6976,MCF7,-1.9855829194775714
P49840,GSK3A,PF4708671,MCF7,0.08792283394981369
P49840,GSK3A,SP600125,MCF7,1.5353048590888276
P49840,GSK3A,TAK715,MCF7,2.261312702349323
P49840,GSK3A,TBCA,MCF7,-0.4748073047260753
P49840,GSK3A,AT13148,MCF7,-3.311234024038919
P49840,GSK3A,AZ20,MCF7,0.23745118655477465
P49840,GSK3A,AZD6738,MCF7,-1.125984029705096
P49840,GSK3A,Bosutinib,MCF7,-2.5445122445514023
P49840,GSK3A,Dabrafenib,MCF7,-2.4490796621277773
P49840,GSK3A,Dasatinib,MCF7,-1.775428667199442
P49840,GSK3A,DNAPK,MCF7,-1.653929078118087
P49840,GSK3A,H89,MCF7,-3.292862478926795
P49840,GSK3A,KD025,MCF7,-0.3616050934191877
P49840,GSK3A,NU7441,MCF7,-0.839244301065348
P49840,GSK3A,Ripasudil,MCF7,-2.102657278100991
P49840,GSK3A,Vemurafenib,MCF7,-2.816348127252162
P49840,GSK3A,CX4945,MCF7,1.0843841799764957
P49840,GSK3A,GO6983,MCF7,-1.0290348545974357
P49840,GSK3A,KN93,MCF7,-0.7317878327994556
P49840,GSK3A,MK2206,MCF7,0.059307661748250695
P49841,GSK3B,AZD6482,MCF7,0.5080441484553879
P49841,GSK3B,CAL101,MCF7,-0.47012324394022037
P49841,GSK3B,GDC0941,MCF7,0.41102887354111606
P49841,GSK3B,HS173,MCF7,0.47853050434725647
P49841,GSK3B,PIK294,MCF7,-1.4092351179852127
P49841,GSK3B,TGX221,MCF7,0.23782825837706942
P49841,GSK3B,AZD5438,MCF7,0.3578140014604175
P49841,GSK3B,FRAX486,MCF7,1.4305195367347705
P49841,GSK3B,Ku0063794,MCF7,0.5695377430058337
P49841,GSK3B,PD153035,MCF7,0.5977555915142722
P49841,GSK3B,PF3758309,MCF7,1.9690991899349608
P49841,GSK3B,Torin,MCF7,0.26176593447616814
P49841,GSK3B,Trametinib,MCF7,0.4849872820441176
P49841,GSK3B,AZD1480,MCF7,2.1877660313029854
P49841,GSK3B,AZD5363,MCF7,2.427220027325051
P49841,GSK3B,BX912,MCF7,1.9321070798482707
P49841,GSK3B,CHIR99021,MCF7,-0.09190372492602394
P49841,GSK3B,GSK2334470,MCF7,1.2787458890583392
P49841,GSK3B,Ipatasertib,MCF7,0.21247579969141475
P49841,GSK3B,LY2090314,MCF7,0.11423033438081893
P49841,GSK3B,Tofacitinib,MCF7,2.466212371739364
P49841,GSK3B,AZD8055,MCF7,1.5226781455859282
P49841,GSK3B,GDC0994,MCF7,-0.7515477185978623
P49841,GSK3B,JNK,MCF7,0.28833969726340375
P49841,GSK3B,LY2584702,MCF7,0.21958398447514485
P49841,GSK3B,PH797804,MCF7,-0.30300324920057214
P49841,GSK3B,Selumetinib,MCF7,0.8417623762325205
P49841,GSK3B,U73122,MCF7,-0.05540067848946783
P49841,GSK3B,Ulixertinib,MCF7,1.270856132499871
P49841,GSK3B,Amuvatinib,MCF7,-0.05124309599117318
P49841,GSK3B,AZD3759,MCF7,-0.8790878212549523
P49841,GSK3B,GSK690693,MCF7,1.9998850986210797
P49841,GSK3B,JNJ,MCF7,-0.523698813765899
P49841,GSK3B,KN62,MCF7,-1.8884048559680786
P49841,GSK3B,Linsitinib,MCF7,-0.4501410327492272
P49841,GSK3B,LY2835219,MCF7,-1.712277987092902
P49841,GSK3B,Ribociclib,MCF7,0.037338438038471145
P49841,GSK3B,AC220,MCF7,-0.7428388179722966
P49841,GSK3B,Edelfosine,MCF7,0.21381409367636608
P49841,GSK3B,GF109203X,MCF7,-0.8843262495027393
P49841,GSK3B,Go6976,MCF7,1.795133596261814
P49841,GSK3B,PF4708671,MCF7,-1.540725727679458
P49841,GSK3B,SP600125,MCF7,0.6313189132430663
P49841,GSK3B,TAK715,MCF7,0.30391347648590855
P49841,GSK3B,TBCA,MCF7,1.3141688625122205
P49841,GSK3B,AT13148,MCF7,1.9504781063150953
P49841,GSK3B,AZ20,MCF7,0.5100153161460964
P49841,GSK3B,AZD6738,MCF7,-0.43111348707959435
P49841,GSK3B,Bosutinib,MCF7,0.20263652687170897
P49841,GSK3B,Dabrafenib,MCF7,-0.5564007458022896
P49841,GSK3B,Dasatinib,MCF7,0.7115759846783769
P49841,GSK3B,DNAPK,MCF7,0.332810428088669
P49841,GSK3B,H89,MCF7,0.5598756583183344
P49841,GSK3B,KD025,MCF7,0.7501644710360296
P49841,GSK3B,NU7441,MCF7,0.08318417579810743
P49841,GSK3B,Ripasudil,MCF7,0.18137576375720918
P49841,GSK3B,Vemurafenib,MCF7,-0.3166036835118835
P49841,GSK3B,CX4945,MCF7,3.296694221974509
P49841,GSK3B,GO6983,MCF7,2.318085471898865
P49841,GSK3B,KN93,MCF7,2.5228669068501244
P49841,GSK3B,MK2206,MCF7,2.4061500170910617
Q13153,PAK1,AZD6482,MCF7,-1.215504190150958
Q13153,PAK1,CAL101,MCF7,2.697529924602722
Q13153,PAK1,GDC0941,MCF7,0.3485308535722312
Q13153,PAK1,HS173,MCF7,0.4979881090230113
Q13153,PAK1,PIK294,MCF7,2.05288868416266
Q13153,PAK1,TGX221,MCF7,2.511847192844363
Q13153,PAK1,AZD5438,MCF7,1.40268979142249
Q13153,PAK1,FRAX486,MCF7,-0.10578914835252916
Q13153,PAK1,Ku0063794,MCF7,1.33640800060023
Q13153,PAK1,PD153035,MCF7,-0.0646500369387618
Q13153,PAK1,PF3758309,MCF7,-0.6197158161101856
Q13153,PAK1,Torin,MCF7,-0.48223947793315586
Q13153,PAK1,Trametinib,MCF7,-0.7521921991920394
Q13153,PAK1,AZD1480,MCF7,-1.978687854986525
Q13153,PAK1,AZD5363,MCF7,0.1875021354719499
Q13153,PAK1,BX912,MCF7,-3.7032930460795064
Q13153,PAK1,CHIR99021,MCF7,0.05515356742010123
Q13153,PAK1,GSK2334470,MCF7,-0.05125964951394366
Q13153,PAK1,Ipatasertib,MCF7,0.24674726573961614
Q13153,PAK1,LY2090314,MCF7,0.6888418587897585
Q13153,PAK1,Tofacitinib,MCF7,-3.7841299197151606
Q13153,PAK1,AZD8055,MCF7,-0.2924313380674178
Q13153,PAK1,GDC0994,MCF7,-0.5144482034220922
Q13153,PAK1,JNK,MCF7,-0.6254452629964355
Q13153,PAK1,LY2584702,MCF7,-1.1060653705310501
Q13153,PAK1,PH797804,MCF7,-0.052973377626168036
Q13153,PAK1,Selumetinib,MCF7,-0.7108640735549977
Q13153,PAK1,U73122,MCF7,-0.878986356707761
Q13153,PAK1,Ulixertinib,MCF7,-0.3596463532934582
Q13153,PAK1,Amuvatinib,MCF7,0.9029451157325564
Q13153,PAK1,AZD3759,MCF7,0.19795827635937047
Q13153,PAK1,GSK690693,MCF7,-0.9246577305955453
Q13153,PAK1,JNJ,MCF7,-1.376167457168273
Q13153,PAK1,KN62,MCF7,1.4183584773918378
Q13153,PAK1,Linsitinib,MCF7,1.3291834984111395
Q13153,PAK1,LY2835219,MCF7,1.4211068176359494
Q13153,PAK1,Ribociclib,MCF7,0.5747310086803006
Q13153,PAK1,AC220,MCF7,-0.2949041545393028
Q13153,PAK1,Edelfosine,MCF7,-1.2975344547389942
Q13153,PAK1,GF109203X,MCF7,-0.5992255413077521
Q13153,PAK1,Go6976,MCF7,-2.2116032527826563
Q13153,PAK1,PF4708671,MCF7,1.499636637468855
Q13153,PAK1,SP600125,MCF7,1.3623512941139742
Q13153,PAK1,TAK715,MCF7,1.735351454626306
Q13153,PAK1,TBCA,MCF7,-1.4982134258740276
Q13153,PAK1,AT13148,MCF7,-2.1073395709597738
Q13153,PAK1,AZ20,MCF7,0.6480623808259262
Q13153,PAK1,AZD6738,MCF7,0.517823010560913
Q13153,PAK1,Bosutinib,MCF7,-0.2281197504762442
Q13153,PAK1,Dabrafenib,MCF7,0.6773342624626779
Q13153,PAK1,Dasatinib,MCF7,-0.1668586121987991
Q13153,PAK1,DNAPK,MCF7,-1.1732044022603432
Q13153,PAK1,H89,MCF7,-1.4457822344135762
Q13153,PAK1,KD025,MCF7,-0.5490094347648501
Q13153,PAK1,NU7441,MCF7,0.7692145089899938
Q13153,PAK1,Ripasudil,MCF7,-1.1298061222010432
Q13153,PAK1,Vemurafenib,MCF7,0.13444363545724844
Q13153,PAK1,CX4945,MCF7,-1.2618946626311025
Q13153,PAK1,GO6983,MCF7,-1.5914111731999818
Q13153,PAK1,KN93,MCF7,-0.9912302501821083
Q13153,PAK1,MK2206,MCF7,-0.7378166892301832
P50613,CDK7,AZD6482,MCF7,1.5033603727910139
P50613,CDK7,CAL101,MCF7,1.553203317109634
P50613,CDK7,GDC0941,MCF7,1.1462965520291128
P50613,CDK7,HS173,MCF7,2.0793117712472298
P50613,CDK7,PIK294,MCF7,2.1161434727398856
P50613,CDK7,TGX221,MCF7,1.3130424019949525
P50613,CDK7,AZD5438,MCF7,-3.2017283793593108
P50613,CDK7,FRAX486,MCF7,1.2623998543946504
P50613,CDK7,Ku0063794,MCF7,0.38986849123063866
P50613,CDK7,PD153035,MCF7,1.498298650814589
P50613,CDK7,PF3758309,MCF7,0.502076143601922
P50613,CDK7,Torin,MCF7,1.970616924958545
P50613,CDK7,Trametinib,MCF7,1.9127313380399729
P50613,CDK7,AZD1480,MCF7,-0.5341807563711908
P50613,CDK7,AZD5363,MCF7,0.6315709293385534
P50613,CDK7,BX912,MCF7,-0.29642322672242105
P50613,CDK7,CHIR99021,MCF7,0.1331852039066444
P50613,CDK7,GSK2334470,MCF7,-0.499281694211123
P50613,CDK7,Ipatasertib,MCF7,1.136342022835054
P50613,CDK7,LY2090314,MCF7,0.21204265823617496
P50613,CDK7,Tofacitinib,MCF7,-0.052681900630211206
P50613,CDK7,AZD8055,MCF7,1.9281214059002565
P50613,CDK7,GDC0994,MCF7,1.281277279332692
P50613,CDK7,JNK,MCF7,1.281861394197569
P50613,CDK7,LY2584702,MCF7,2.088199825665132
P50613,CDK7,PH797804,MCF7,1.5757375545203176
P50613,CDK7,Selumetinib,MCF7,1.2806022929800904
P50613,CDK7,U73122,MCF7,1.4945973919655446
P50613,CDK7,Ulixertinib,MCF7,-0.06666260597248035
P50613,CDK7,Amuvatinib,MCF7,-0.05632034263458908
P50613,CDK7,AZD3759,MCF7,-1.1981347269179805
P50613,CDK7,GSK690693,MCF7,0.5517993729170427
P50613,CDK7,JNJ,MCF7,-1.1922565543165646
P50613,CDK7,KN62,MCF7,-0.3051876703438898
P50613,CDK7,Linsitinib,MCF7,-0.9986408554692464
P50613,CDK7,LY2835219,MCF7,-1.0733561652236487
P50613,CDK7,Ribociclib,MCF7,-2.3988646706685683
P50613,CDK7,AC220,MCF7,0.0676972297397312
P50613,CDK7,Edelfosine,MCF7,0.6424330249016977
P50613,CDK7,GF109203X,MCF7,1.676083451180204
P50613,CDK7,Go6976,MCF7,0.8440999443606716
P50613,CDK7,PF4708671,MCF7,0.3184475252576992
P50613,CDK7,SP600125,MCF7,-0.37072488896305894
P50613,CDK7,TAK715,MCF7,0.1231192230946711
P50613,CDK7,TBCA,MCF7,0.02886239313321281
P50613,CDK7,AT13148,MCF7,0.3352200334940162
P50613,CDK7,AZ20,MCF7,0.9126122690365747
P50613,CDK7,AZD6738,MCF7,0.5736380203187313
P50613,CDK7,Bosutinib,MCF7,0.7535765614805557
P50613,CDK7,Dabrafenib,MCF7,-0.9215994551100528
P50613,CDK7,Dasatinib,MCF7,0.6958597887634788
P50613,CDK7,DNAPK,MCF7,-0.40083726067669717
P50613,CDK7,H89,MCF7,-0.041323922433488466
P50613,CDK7,KD025,MCF7,-0.9679399882430764
P50613,CDK7,NU7441,MCF7,0.11661488226270947
P50613,CDK7,Ripasudil,MCF7,-0.37248636301472793
P50613,CDK7,Vemurafenib,MCF7,-0.4722281762673823
P50613,CDK7,CX4945,MCF7,-0.40951864816479555
P50613,CDK7,GO6983,MCF7,0.7149950159479798
P50613,CDK7,KN93,MCF7,-0.3137035878768062
P50613,CDK7,MK2206,MCF7,-1.3712027384565104
Q8IVT5,KSR1,AZD6482,MCF7,-0.2681698355850076
Q8IVT5,KSR1,CAL101,MCF7,-1.1275498146653664
Q8IVT5,KSR1,GDC0941,MCF7,0.5453756959623263
Q8IVT5,KSR1,HS173,MCF7,1.424002326998454
Q8IVT5,KSR1,PIK294,MCF7,0.29625497478761514
Q8IVT5,KSR1,TGX221,MCF7,0.32378288413092116
Q8IVT5,KSR1,AZD5438,MCF7,1.8592624947506506
Q8IVT5,KSR1,FRAX486,MCF7,0.6565522585732421
Q8IVT5,KSR1,Ku0063794,MCF7,0.8456166312328344
Q8IVT5,KSR1,PD153035,MCF7,-2.284058657928339
Q8IVT5,KSR1,PF3758309,MCF7,-1.6696228060344291
Q8IVT5,KSR1,Torin,MCF7,-0.6216607001365988
Q8IVT5,KSR1,Trametinib,MCF7,-5.837615410418319
Q8IVT5,KSR1,AZD1480,MCF7,-2.8888983756588624
Q8IVT5,KSR1,AZD5363,MCF7,1.7816396138363206
Q8IVT5,KSR1,BX912,MCF7,1.264054544760476
Q8IVT5,KSR1,CHIR99021,MCF7,1.3916207414144453
Q8IVT5,KSR1,GSK2334470,MCF7,2.4458911137832797
Q8IVT5,KSR1,Ipatasertib,MCF7,2.3867097539479993
Q8IVT5,KSR1,LY2090314,MCF7,-0.6802410531828503
Q8IVT5,KSR1,Tofacitinib,MCF7,-0.872207259037115
Q8IVT5,KSR1,AZD8055,MCF7,0.6126407079091354
Q8IVT5,KSR1,GDC0994,MCF7,1.0108791374135109
Q8IVT5,KSR1,JNK,MCF7,0.27375508349175387
Q8IVT5,KSR1,LY2584702,MCF7,0.2526729674166326
Q8IVT5,KSR1,PH797804,MCF7,0.3702016948332949
Q8IVT5,KSR1,Selumetinib,MCF7,-2.5278639028924506
Q8IVT5,KSR1,U73122,MCF7,0.8422857933372896
Q8IVT5,KSR1,Ulixertinib,MCF7,5.035300298971916
Q8IVT5,KSR1,Amuvatinib,MCF7,0.8050483832391766
Q8IVT5,KSR1,AZD3759,MCF7,-0.26521003729602133
Q8IVT5,KSR1,GSK690693,MCF7,3.272874744484539
Q8IVT5,KSR1,JNJ,MCF7,1.4089964099463017
Q8IVT5,KSR1,KN62,MCF7,0.7998583928367123
Q8IVT5,KSR1,Linsitinib,MCF7,0.266358571330367
Q8IVT5,KSR1,LY2835219,MCF7,2.528563111532596
Q8IVT5,KSR1,Ribociclib,MCF7,1.2991820944860433
Q8IVT5,KSR1,AC220,MCF7,0.4530591443609277
Q8IVT5,KSR1,Edelfosine,MCF7,0.9566692747164467
Q8IVT5,KSR1,GF109203X,MCF7,-0.36394634158262396
Q8IVT5,KSR1,Go6976,MCF7,0.0905525439382206
Q8IVT5,KSR1,PF4708671,MCF7,-0.1643632342716302
Q8IVT5,KSR1,SP600125,MCF7,-0.9047291162309996
Q8IVT5,KSR1,TAK715,MCF7,0.016563052438424687
Q8IVT5,KSR1,TBCA,MCF7,-0.04206407104461415
Q8IVT5,KSR1,AT13148,MCF7,1.6486418703804695
Q8IVT5,KSR1,AZ20,MCF7,0.27704285392313815
Q8IVT5,KSR1,AZD6738,MCF7,3.112282775797641
Q8IVT5,KSR1,Bosutinib,MCF7,-1.2722180487924397
Q8IVT5,KSR1,Dabrafenib,MCF7,3.767200219104592
Q8IVT5,KSR1,Dasatinib,MCF7,1.4676642250112704
Q8IVT5,KSR1,DNAPK,MCF7,0.6510987463705602
Q8IVT5,KSR1,H89,MCF7,0.7119300674275298
Q8IVT5,KSR1,KD025,MCF7,2.0403649223432585
Q8IVT5,KSR1,NU7441,MCF7,1.0947592306084364
Q8IVT5,KSR1,Ripasudil,MCF7,0.3783437067865079
Q8IVT5,KSR1,Vemurafenib,MCF7,1.5557011047778257
Q8IVT5,KSR1,CX4945,MCF7,0.12398012888099912
Q8IVT5,KSR1,GO6983,MCF7,0.2712547624220374
Q8IVT5,KSR1,KN93,MCF7,2.1672551786400525
Q8IVT5,KSR1,MK2206,MCF7,5.060393560760609
P78527,PRKDC,AZD6482,MCF7,-0.90001208393751
P78527,PRKDC,CAL101,MCF7,-0.6023901644643512
P78527,PRKDC,GDC0941,MCF7,-0.036047464266414336
P78527,PRKDC,HS173,MCF7,-0.28471590849054934
P78527,PRKDC,PIK294,MCF7,0.07542588186369406
P78527,PRKDC,TGX221,MCF7,0.6863988938658893
P78527,PRKDC,AZD5438,MCF7,3.3068904570593594
P78527,PRKDC,FRAX486,MCF7,2.734254625773793
P78527,PRKDC,Ku0063794,MCF7,2.620837194457834
P78527,PRKDC,PD153035,MCF7,1.780947568073016
P78527,PRKDC,PF3758309,MCF7,0.7191482181078751
P78527,PRKDC,Torin,MCF7,0.9619937991427688
P78527,PRKDC,Trametinib,MCF7,0.41138079780500136
P78527,PRKDC,AZD1480,MCF7,-0.8094507487201726
P78527,PRKDC,AZD5363,MCF7,-0.7821681421317058
P78527,PRKDC,BX912,MCF7,-1.2906777823835949
P78527,PRKDC,CHIR99021,MCF7,-2.029246815153027
P78527,PRKDC,GSK2334470,MCF7,-0.8282968659306821
P78527,PRKDC,Ipatasertib,MCF7,-0.00040646313454662485
P78527,PRKDC,LY2090314,MCF7,-0.6196604701010582
P78527,PRKDC,Tofacitinib,MCF7,-0.17938306825484127
P78527,PRKDC,AZD8055,MCF7,-0.42555784808319363
P78527,PRKDC,GDC0994,MCF7,0.08997601501428665
P78527,PRKDC,JNK,MCF7,-0.9589815313045369
P78527,PRKDC,LY2584702,MCF7,0.007911178215332321
P78527,PRKDC,PH797804,MCF7,0.5771707554398798
P78527,PRKDC,Selumetinib,MCF7,0.3125596121746336
P78527,PRKDC,U73122,MCF7,-0.7894836455784018
P78527,PRKDC,Ulixertinib,MCF7,-0.8069866486066976
P78527,PRKDC,Amuvatinib,MCF7,1.524796394150305
P78527,PRKDC,AZD3759,MCF7,2.2190375410055134
P78527,PRKDC,GSK690693,MCF7,1.758781292576373
P78527,PRKDC,JNJ,MCF7,1.9293193826671462
P78527,PRKDC,KN62,MCF7,1.0947360955126477
P78527,PRKDC,Linsitinib,MCF7,2.5697787940646375
P78527,PRKDC,LY2835219,MCF7,2.422679971345003
P78527,PRKDC,Ribociclib,MCF7,2.2296286319855265
P78527,PRKDC,AC220,MCF7,2.201108896961113
P78527,PRKDC,Edelfosine,MCF7,1.1380507612135633
P78527,PRKDC,GF109203X,MCF7,0.9072894643132461
P78527,PRKDC,Go6976,MCF7,1.974373278101827
P78527,PRKDC,PF4708671,MCF7,0.6301378837307705
P78527,PRKDC,SP600125,MCF7,1.4463966255717802
P78527,PRKDC,TAK715,MCF7,0.8569566351996901
P78527,PRKDC,TBCA,MCF7,1.4493577259062405
P78527,PRKDC,AT13148,MCF7,-0.8482207821817659
P78527,PRKDC,AZ20,MCF7,-0.10664761501764439
P78527,PRKDC,AZD6738,MCF7,-0.8518401030319481
P78527,PRKDC,Bosutinib,MCF7,-1.0582812599163356
P78527,PRKDC,Dabrafenib,MCF7,0.11934950687131855
P78527,PRKDC,Dasatinib,MCF7,-1.6196508907559741
P78527,PRKDC,DNAPK,MCF7,-0.916182263328888
P78527,PRKDC,H89,MCF7,-1.9848597943054715
P78527,PRKDC,KD025,MCF7,0.37378943899526423
P78527,PRKDC,NU7441,MCF7,-0.19393202486042893
P78527,PRKDC,Ripasudil,MCF7,0.045534932902572524
P78527,PRKDC,Vemurafenib,MCF7,-0.9767567707987787
P78527,PRKDC,CX4945,MCF7,-0.11605155978231739
P78527,PRKDC,GO6983,MCF7,0.910510438645204
P78527,PRKDC,KN93,MCF7,-0.5087374622126614
P78527,PRKDC,MK2206,MCF7,1.2272908626875052
P04626,ERBB2,AZD6482,MCF7,-0.33588073681862146
P04626,ERBB2,CAL101,MCF7,-0.6045488422126362
P04626,ERBB2,GDC0941,MCF7,0.1407981481856627
P04626,ERBB2,HS173,MCF7,-0.2644906386216825
P04626,ERBB2,PIK294,MCF7,0.0466131103152555
P04626,ERBB2,TGX221,MCF7,0.23213373511257449
P04626,ERBB2,AZD5438,MCF7,1.4311201772579714
P04626,ERBB2,FRAX486,MCF7,0.05248374021771
P04626,ERBB2,Ku0063794,MCF7,0.977293758941385
P04626,ERBB2,PD153035,MCF7,1.3711292518131726
P04626,ERBB2,PF3758309,MCF7,-0.5849484744523349
P04626,ERBB2,Torin,MCF7,0.6514065739777787
P04626,ERBB2,Trametinib,MCF7,1.911729743582792
P04626,ERBB2,AZD1480,MCF7,0.23660970308593204
P04626,ERBB2,AZD5363,MCF7,-0.5662894671065283
P04626,ERBB2,BX912,MCF7,0.2961243290234707
P04626,ERBB2,CHIR99021,MCF7,0.2483892168981434
P04626,ERBB2,GSK2334470,MCF7,0.6009562443605961
P04626,ERBB2,Ipatasertib,MCF7,0.08020327570379164
P04626,ERBB2,LY2090314,MCF7,0.22662100850784214
P04626,ERBB2,Tofacitinib,MCF7,0.8338793614132781
P04626,ERBB2,AZD8055,MCF7,-0.31072198445048127
P04626,ERBB2,GDC0994,MCF7,-0.03739164581290513
P04626,ERBB2,JNK,MCF7,-0.5451192645400934
P04626,ERBB2,LY2584702,MCF7,-0.23976099555930513
P04626,ERBB2,PH797804,MCF7,0.32920620760046265
P04626,ERBB2,Selumetinib,MCF7,0.771472105333275
P04626,ERBB2,U73122,MCF7,0.21762667747780556
P04626,ERBB2,Ulixertinib,MCF7,-0.11715607193668981
P04626,ERBB2,Amuvatinib,MCF7,1.1880798674586648
P04626,ERBB2,AZD3759,MCF7,0.9226624483837724
P04626,ERBB2,GSK690693,MCF7,0.6664284488531538
P04626,ERBB2,JNJ,MCF7,0.20312288701831344
P04626,ERBB2,KN62,MCF7,0.6420976799008222
P04626,ERBB2,Linsitinib,MCF7,1.4303019433672362
P04626,ERBB2,LY2835219,MCF7,0.8112413242065155
P04626,ERBB2,Ribociclib,MCF7,1.0473482185554561
P04626,ERBB2,AC220,MCF7,0.9153006411529305
P04626,ERBB2,Edelfosine,MCF7,0.2578220500823855
P04626,ERBB2,GF109203X,MCF7,0.8487758394201889
P04626,ERBB2,Go6976,MCF7,0.675334895406364
P04626,ERBB2,PF4708671,MCF7,0.8037159673785693
P04626,ERBB2,SP600125,MCF7,0.5241651675835663
P04626,ERBB2,TAK715,MCF7,0.6643386330508653
P04626,ERBB2,TBCA,MCF7,0.7577921402381461
P04626,ERBB2,AT13148,MCF7,-0.5810471294030894
P04626,ERBB2,AZ20,MCF7,-0.22404914478592805
P04626,ERBB2,AZD6738,MCF7,-0.2492732801997291
P04626,ERBB2,Bosutinib,MCF7,0.17862287235115848
P04626,ERBB2,Dabrafenib,MCF7,-0.49949050188141086
P04626,ERBB2,Dasatinib,MCF7,-0.0866852866944618
P04626,ERBB2,DNAPK,MCF7,-0.002178052870946371
P04626,ERBB2,H89,MCF7,0.16310443964766122
P04626,ERBB2,KD025,MCF7,0.10440240888348615
P04626,ERBB2,NU7441,MCF7,0.26944825369135367
P04626,ERBB2,Ripasudil,MCF7,-0.1815907242896275
P04626,ERBB2,Vemurafenib,MCF7,-0.025031827088634218
P04626,ERBB2,CX4945,MCF7,0.29299725288096723
P04626,ERBB2,GO6983,MCF7,0.24145555883520625
P04626,ERBB2,KN93,MCF7,0.8829242359861538
P04626,ERBB2,MK2206,MCF7,0.4632192158612842
Q8IW41,MAPKAPK5,AZD6482,MCF7,0.6181797499173733
Q8IW41,MAPKAPK5,CAL101,MCF7,0.8577497478058835
Q8IW41,MAPKAPK5,GDC0941,MCF7,0.7166597738720504
Q8IW41,MAPKAPK5,HS173,MCF7,1.7556844698746454
Q8IW41,MAPKAPK5,PIK294,MCF7,1.135990524530113
Q8IW41,MAPKAPK5,TGX221,MCF7,1.0148078335236685
Q8IW41,MAPKAPK5,AZD5438,MCF7,0.20468754161529543
Q8IW41,MAPKAPK5,FRAX486,MCF7,1.6388465481034993
Q8IW41,MAPKAPK5,Ku0063794,MCF7,0.574950791966285
Q8IW41,MAPKAPK5,PD153035,MCF7,1.5806039803049967
Q8IW41,MAPKAPK5,PF3758309,MCF7,1.371674140361985
Q8IW41,MAPKAPK5,Torin,MCF7,2.316751296252678
Q8IW41,MAPKAPK5,Trametinib,MCF7,1.8379953643698057
Q8IW41,MAPKAPK5,AZD1480,MCF7,0.10503687987115896
Q8IW41,MAPKAPK5,AZD5363,MCF7,0.19668302106263108
Q8IW41,MAPKAPK5,BX912,MCF7,-0.8834253644528592
Q8IW41,MAPKAPK5,CHIR99021,MCF7,0.857740329688773
Q8IW41,MAPKAPK5,GSK2334470,MCF7,0.9710550742216463
Q8IW41,MAPKAPK5,Ipatasertib,MCF7,0.909607761569991
Q8IW41,MAPKAPK5,LY2090314,MCF7,-1.4583455999983588
Q8IW41,MAPKAPK5,Tofacitinib,MCF7,-0.630830015012932
Q8IW41,MAPKAPK5,AZD8055,MCF7,0.2944381121344974
Q8IW41,MAPKAPK5,GDC0994,MCF7,0.2820556153758349
Q8IW41,MAPKAPK5,JNK,MCF7,0.45711666771019555
Q8IW41,MAPKAPK5,LY2584702,MCF7,0.4044098290853842
Q8IW41,MAPKAPK5,PH797804,MCF7,-0.9094426219638985
Q8IW41,MAPKAPK5,Selumetinib,MCF7,0.15753013122750512
Q8IW41,MAPKAPK5,U73122,MCF7,0.5745189394206933
Q8IW41,MAPKAPK5,Ulixertinib,MCF7,-1.0612878186678076
Q8IW41,MAPKAPK5,Amuvatinib,MCF7,0.4725207877568865
Q8IW41,MAPKAPK5,AZD3759,MCF7,-1.0668755756922348
Q8IW41,MAPKAPK5,GSK690693,MCF7,0.08203830068832133
Q8IW41,MAPKAPK5,JNJ,MCF7,-1.1356874250766142
Q8IW41,MAPKAPK5,KN62,MCF7,0.04884063972323316
Q8IW41,MAPKAPK5,Linsitinib,MCF7,-0.26949255767776176
Q8IW41,MAPKAPK5,LY2835219,MCF7,-0.381854508073052
Q8IW41,MAPKAPK5,Ribociclib,MCF7,-2.1669521610238864
Q8IW41,MAPKAPK5,AC220,MCF7,1.5115443753176474
Q8IW41,MAPKAPK5,Edelfosine,MCF7,1.5362083929953894
Q8IW41,MAPKAPK5,GF109203X,MCF7,1.7652706535344824
Q8IW41,MAPKAPK5,Go6976,MCF7,0.5797239316694518
Q8IW41,MAPKAPK5,PF4708671,MCF7,1.6113432895279554
Q8IW41,MAPKAPK5,SP600125,MCF7,0.48872713586925887
Q8IW41,MAPKAPK5,TAK715,MCF7,0.052453880544569176
Q8IW41,MAPKAPK5,TBCA,MCF7,0.7496095878085122
Q8IW41,MAPKAPK5,AT13148,MCF7,0.9460155668085525
Q8IW41,MAPKAPK5,AZ20,MCF7,-0.041115898501697334
Q8IW41,MAPKAPK5,AZD6738,MCF7,0.4296293385284447
Q8IW41,MAPKAPK5,Bosutinib,MCF7,-0.4078971099276488
Q8IW41,MAPKAPK5,Dabrafenib,MCF7,0.10793061397383821
Q8IW41,MAPKAPK5,Dasatinib,MCF7,0.13353142032302273
Q8IW41,MAPKAPK5,DNAPK,MCF7,-0.4622049612904934
Q8IW41,MAPKAPK5,H89,MCF7,-0.21822290372457592
Q8IW41,MAPKAPK5,KD025,MCF7,0.5161403608619025
Q8IW41,MAPKAPK5,NU7441,MCF7,0.5396254087851622
Q8IW41,MAPKAPK5,Ripasudil,MCF7,-0.9195472072110928
Q8IW41,MAPKAPK5,Vemurafenib,MCF7,-0.8616852976992037
Q8IW41,MAPKAPK5,CX4945,MCF7,-0.9612636821664322
Q8IW41,MAPKAPK5,GO6983,MCF7,0.30103150560257924
Q8IW41,MAPKAPK5,KN93,MCF7,0.24631225804404003
Q8IW41,MAPKAPK5,MK2206,MCF7,0.8967488705884794
Q92630,DYRK2,AZD6482,MCF7,-0.08796450607085052
Q92630,DYRK2,CAL101,MCF7,-0.3330053219655005
Q92630,DYRK2,GDC0941,MCF7,-0.9835728798230335
Q92630,DYRK2,HS173,MCF7,-1.2972351728262141
Q92630,DYRK2,PIK294,MCF7,0.3267357430057098
Q92630,DYRK2,TGX221,MCF7,0.6747393799366471
Q92630,DYRK2,AZD5438,MCF7,0.4759134645490082
Q92630,DYRK2,FRAX486,MCF7,-0.3535080347715035
Q92630,DYRK2,Ku0063794,MCF7,-1.0690889404731116
Q92630,DYRK2,PD153035,MCF7,0.12100637250246314
Q92630,DYRK2,PF3758309,MCF7,-0.19176049193916525
Q92630,DYRK2,Torin,MCF7,-1.4598608899250711
Q92630,DYRK2,Trametinib,MCF7,-1.607580939700477
Q92630,DYRK2,AZD1480,MCF7,-0.18381371211895434
Q92630,DYRK2,AZD5363,MCF7,-0.6272925566010459
Q92630,DYRK2,BX912,MCF7,-0.35949902574243797
Q92630,DYRK2,CHIR99021,MCF7,0.3332231861792439
Q92630,DYRK2,GSK2334470,MCF7,-2.0768995879388235
Q92630,DYRK2,Ipatasertib,MCF7,-0.2481271341979639
Q92630,DYRK2,LY2090314,MCF7,-0.18140481301450734
Q92630,DYRK2,Tofacitinib,MCF7,-0.7431493334802758
Q92630,DYRK2,AZD8055,MCF7,-0.5676640048531847
Q92630,DYRK2,GDC0994,MCF7,-0.8932300793787196
Q92630,DYRK2,JNK,MCF7,0.016314507969077158
Q92630,DYRK2,LY2584702,MCF7,-0.6914078610233888
Q92630,DYRK2,PH797804,MCF7,-0.6281193959895596
Q92630,DYRK2,Selumetinib,MCF7,0.305196394985059
Q92630,DYRK2,U73122,MCF7,0.17803772038599242
Q92630,DYRK2,Ulixertinib,MCF7,0.4967461184106182
Q92630,DYRK2,Amuvatinib,MCF7,0.20017179078620814
Q92630,DYRK2,AZD3759,MCF7,0.319397381990981
Q92630,DYRK2,GSK690693,MCF7,0.9627664735014982
Q92630,DYRK2,JNJ,MCF7,0.18248749871757147
Q92630,DYRK2,KN62,MCF7,0.2762783965055739
Q92630,DYRK2,Linsitinib,MCF7,0.15378043376253395
Q92630,DYRK2,LY2835219,MCF7,-0.40748172348710515
Q92630,DYRK2,Ribociclib,MCF7,0.39366385378075264
Q92630,DYRK2,AC220,MCF7,-0.7448987264846538
Q92630,DYRK2,Edelfosine,MCF7,-1.4707544852282426
Q92630,DYRK2,GF109203X,MCF7,-0.1675897755655151
Q92630,DYRK2,Go6976,MCF7,-1.5433452615226002
Q92630,DYRK2,PF4708671,MCF7,-0.39613009082396733
Q92630,DYRK2,SP600125,MCF7,-1.0270713905383095
Q92630,DYRK2,TAK715,MCF7,-0.38433458727148023
Q92630,DYRK2,TBCA,MCF7,-2.078739419642809
Q92630,DYRK2,AT13148,MCF7,-0.8677650521310849
Q92630,DYRK2,AZ20,MCF7,-0.7578709260755463
Q92630,DYRK2,AZD6738,MCF7,-0.969028553844898
Q92630,DYRK2,Bosutinib,MCF7,-0.8014092367722617
Q92630,DYRK2,Dabrafenib,MCF7,-0.16221222259165036
Q92630,DYRK2,Dasatinib,MCF7,-0.1826937299243723
Q92630,DYRK2,DNAPK,MCF7,0.1049232789705684
Q92630,DYRK2,H89,MCF7,-1.1597654915849787
Q92630,DYRK2,KD025,MCF7,-0.2409323260796392
Q92630,DYRK2,NU7441,MCF7,-0.8713572199949916
Q92630,DYRK2,Ripasudil,MCF7,-0.5269910912387296
Q92630,DYRK2,Vemurafenib,MCF7,-0.8503571511540252
Q92630,DYRK2,CX4945,MCF7,1.2595287283585925
Q92630,DYRK2,GO6983,MCF7,0.5378788723208301
Q92630,DYRK2,KN93,MCF7,1.8862152587437555
Q92630,DYRK2,MK2206,MCF7,0.7526498866382606
Q9H2X6,HIPK2,AZD6482,MCF7,0.3057308545623952
Q9H2X6,HIPK2,CAL101,MCF7,-1.333298014224887
Q9H2X6,HIPK2,GDC0941,MCF7,-0.6937985713383095
Q9H2X6,HIPK2,HS173,MCF7,0.6461024489162482
Q9H2X6,HIPK2,PIK294,MCF7,0.0296425052562033
Q9H2X6,HIPK2,TGX221,MCF7,-0.3237154086964365
Q9H2X6,HIPK2,AZD5438,MCF7,-1.633457402009134
Q9H2X6,HIPK2,FRAX486,MCF7,-0.07564242015673008
Q9H2X6,HIPK2,Ku0063794,MCF7,1.0945209449963162
Q9H2X6,HIPK2,PD153035,MCF7,0.31380945329026183
Q9H2X6,HIPK2,PF3758309,MCF7,0.3241006164193955
Q9H2X6,HIPK2,Torin,MCF7,0.9287120910969857
Q9H2X6,HIPK2,Trametinib,MCF7,0.12121629999602845
Q9H2X6,HIPK2,AZD1480,MCF7,1.3021633132213843
Q9H2X6,HIPK2,AZD5363,MCF7,0.6740152399407929
Q9H2X6,HIPK2,BX912,MCF7,-0.26624126154630595
Q9H2X6,HIPK2,CHIR99021,MCF7,0.5591807115527112
Q9H2X6,HIPK2,GSK2334470,MCF7,1.0324850916500115
Q9H2X6,HIPK2,Ipatasertib,MCF7,0.9056889417611403
Q9H2X6,HIPK2,LY2090314,MCF7,-0.24408086102538884
Q9H2X6,HIPK2,Tofacitinib,MCF7,1.8061605034616073
Q9H2X6,HIPK2,AZD8055,MCF7,-0.18557923198233706
Q9H2X6,HIPK2,GDC0994,MCF7,-0.455806657275903
Q9H2X6,HIPK2,JNK,MCF7,-1.8606295459319102
Q9H2X6,HIPK2,LY2584702,MCF7,-0.8005760505693152
Q9H2X6,HIPK2,PH797804,MCF7,-0.7145988147842572
Q9H2X6,HIPK2,Selumetinib,MCF7,-1.4977670288978058
Q9H2X6,HIPK2,U73122,MCF7,-2.2217710777868804
Q9H2X6,HIPK2,Ulixertinib,MCF7,-1.985356552944817
Q9H2X6,HIPK2,Amuvatinib,MCF7,-0.12298220090614316
Q9H2X6,HIPK2,AZD3759,MCF7,0.5095690310002939
Q9H2X6,HIPK2,GSK690693,MCF7,0.8298522384692464
Q9H2X6,HIPK2,JNJ,MCF7,1.249609477251482
Q9H2X6,HIPK2,KN62,MCF7,0.709560284458538
Q9H2X6,HIPK2,Linsitinib,MCF7,-0.0004219804114985983
Q9H2X6,HIPK2,LY2835219,MCF7,-1.6953420632751188
Q9H2X6,HIPK2,Ribociclib,MCF7,0.1044646651655868
Q9H2X6,HIPK2,AC220,MCF7,-0.8127286012395422
Q9H2X6,HIPK2,Edelfosine,MCF7,0.9101386504272544
Q9H2X6,HIPK2,GF109203X,MCF7,-0.21373886647193346
Q9H2X6,HIPK2,Go6976,MCF7,0.5719640966401144
Q9H2X6,HIPK2,PF4708671,MCF7,0.12194569086987757
Q9H2X6,HIPK2,SP600125,MCF7,0.8510748936661137
Q9H2X6,HIPK2,TAK715,MCF7,-0.4284048312784722
Q9H2X6,HIPK2,TBCA,MCF7,1.0658722972869004
Q9H2X6,HIPK2,AT13148,MCF7,-0.020558260403685805
Q9H2X6,HIPK2,AZ20,MCF7,0.020370312209272927
Q9H2X6,HIPK2,AZD6738,MCF7,-1.7650377552920478
Q9H2X6,HIPK2,Bosutinib,MCF7,0.3399656336274968
Q9H2X6,HIPK2,Dabrafenib,MCF7,-0.29345178949012096
Q9H2X6,HIPK2,Dasatinib,MCF7,-0.3406924959585358
Q9H2X6,HIPK2,DNAPK,MCF7,-0.5735202144192477
Q9H2X6,HIPK2,H89,MCF7,-0.5473880889951933
Q9H2X6,HIPK2,KD025,MCF7,-0.5585966158469233
Q9H2X6,HIPK2,NU7441,MCF7,-0.19344908381755635
Q9H2X6,HIPK2,Ripasudil,MCF7,-0.18658421080529466
Q9H2X6,HIPK2,Vemurafenib,MCF7,-1.2903150507015488
Q9H2X6,HIPK2,CX4945,MCF7,-0.30003839208935706
Q9H2X6,HIPK2,GO6983,MCF7,0.6213942485943698
Q9H2X6,HIPK2,KN93,MCF7,-0.8817502438414134
Q9H2X6,HIPK2,MK2206,MCF7,-0.7766230839466569
Q9UBS0,RPS6KB2,AZD6482,MCF7,-0.5225178954047449
Q9UBS0,RPS6KB2,CAL101,MCF7,1.0118040042924703
Q9UBS0,RPS6KB2,GDC0941,MCF7,-2.546929740019625
Q9UBS0,RPS6KB2,HS173,MCF7,-0.38032732963658816
Q9UBS0,RPS6KB2,PIK294,MCF7,0.3538383149076824
Q9UBS0,RPS6KB2,TGX221,MCF7,0.27212669544334117
Q9UBS0,RPS6KB2,AZD5438,MCF7,0.29161430033897884
Q9UBS0,RPS6KB2,FRAX486,MCF7,-0.5713212478720534
Q9UBS0,RPS6KB2,Ku0063794,MCF7,-2.794528717732768
Q9UBS0,RPS6KB2,PD153035,MCF7,-0.1555545924480841
Q9UBS0,RPS6KB2,PF3758309,MCF7,0.2702073424155743
Q9UBS0,RPS6KB2,Torin,MCF7,-3.066251983887155
Q9UBS0,RPS6KB2,Trametinib,MCF7,0.1165076986676611
Q9UBS0,RPS6KB2,AZD1480,MCF7,0.9042855794325398
Q9UBS0,RPS6KB2,AZD5363,MCF7,0.34128783783232136
Q9UBS0,RPS6KB2,BX912,MCF7,0.00037015307748361595
Q9UBS0,RPS6KB2,CHIR99021,MCF7,1.4379146236702551
Q9UBS0,RPS6KB2,GSK2334470,MCF7,-0.764496794117604
Q9UBS0,RPS6KB2,Ipatasertib,MCF7,0.2518324476630529
Q9UBS0,RPS6KB2,LY2090314,MCF7,0.8175476047877578
Q9UBS0,RPS6KB2,Tofacitinib,MCF7,0.3099673008943582
Q9UBS0,RPS6KB2,AZD8055,MCF7,-1.791574978355984
Q9UBS0,RPS6KB2,GDC0994,MCF7,0.22883772572631886
Q9UBS0,RPS6KB2,JNK,MCF7,0.27053087287924943
Q9UBS0,RPS6KB2,LY2584702,MCF7,-0.9752268351474219
Q9UBS0,RPS6KB2,PH797804,MCF7,-0.22631724772638834
Q9UBS0,RPS6KB2,Selumetinib,MCF7,0.2655510591508313
Q9UBS0,RPS6KB2,U73122,MCF7,-0.12038511498947925
Q9UBS0,RPS6KB2,Ulixertinib,MCF7,0.5775076025288985
Q9UBS0,RPS6KB2,Amuvatinib,MCF7,0.3330744793060139
Q9UBS0,RPS6KB2,AZD3759,MCF7,0.4760226663203445
Q9UBS0,RPS6KB2,GSK690693,MCF7,-0.2024527343191815
Q9UBS0,RPS6KB2,JNJ,MCF7,0.42863779532162
Q9UBS0,RPS6KB2,KN62,MCF7,-0.3668338688177007
Q9UBS0,RPS6KB2,Linsitinib,MCF7,-0.0832475041902608
Q9UBS0,RPS6KB2,LY2835219,MCF7,0.42869746405187836
Q9UBS0,RPS6KB2,Ribociclib,MCF7,0.08791495758976894
Q9UBS0,RPS6KB2,AC220,MCF7,0.48484070082016606
Q9UBS0,RPS6KB2,Edelfosine,MCF7,0.2593103573716282
Q9UBS0,RPS6KB2,GF109203X,MCF7,-0.3638520947785608
Q9UBS0,RPS6KB2,Go6976,MCF7,0.04941519625835761
Q9UBS0,RPS6KB2,PF4708671,MCF7,-0.3732784557717282
Q9UBS0,RPS6KB2,SP600125,MCF7,-0.7204009024639136
Q9UBS0,RPS6KB2,TAK715,MCF7,0.0365236668725879
Q9UBS0,RPS6KB2,TBCA,MCF7,0.5660976288958995
Q9UBS0,RPS6KB2,AT13148,MCF7,-0.27504295765489667
Q9UBS0,RPS6KB2,AZ20,MCF7,-2.364237134348034
Q9UBS0,RPS6KB2,AZD6738,MCF7,-0.23259534011680497
Q9UBS0,RPS6KB2,Bosutinib,MCF7,-0.8480369164357875
Q9UBS0,RPS6KB2,Dabrafenib,MCF7,0.3471284634464414
Q9UBS0,RPS6KB2,Dasatinib,MCF7,-1.437938075873502
Q9UBS0,RPS6KB2,DNAPK,MCF7,-1.2020864397242386
Q9UBS0,RPS6KB2,H89,MCF7,-0.3893784446551299
Q9UBS0,RPS6KB2,KD025,MCF7,-0.15311267439676934
Q9UBS0,RPS6KB2,NU7441,MCF7,-1.1160918072446033
Q9UBS0,RPS6KB2,Ripasudil,MCF7,-0.2655074676977777
Q9UBS0,RPS6KB2,Vemurafenib,MCF7,-0.07011191096656931
Q9UBS0,RPS6KB2,CX4945,MCF7,0.5507768423374411
Q9UBS0,RPS6KB2,GO6983,MCF7,0.24908444937663768
Q9UBS0,RPS6KB2,KN93,MCF7,0.3921571938438568
Q9UBS0,RPS6KB2,MK2206,MCF7,-0.44872089266833426
Q15139,PRKD1,AZD6482,MCF7,-1.2920670816479634
Q15139,PRKD1,CAL101,MCF7,0.3745976094454688
Q15139,PRKD1,GDC0941,MCF7,-0.6579872320183195
Q15139,PRKD1,HS173,MCF7,0.34137932532580767
Q15139,PRKD1,PIK294,MCF7,0.5026425614748392
Q15139,PRKD1,TGX221,MCF7,-0.014714515945310942
Q15139,PRKD1,AZD5438,MCF7,2.7712864463505036
Q15139,PRKD1,FRAX486,MCF7,-1.9935985719724112
Q15139,PRKD1,Ku0063794,MCF7,2.065947144874194
Q15139,PRKD1,PD153035,MCF7,-0.46228438075009687
Q15139,PRKD1,PF3758309,MCF7,-1.2081353082782196
Q15139,PRKD1,Torin,MCF7,0.7796634805089588
Q15139,PRKD1,Trametinib,MCF7,-0.26246886563105226
Q15139,PRKD1,AZD1480,MCF7,-2.287685203140378
Q15139,PRKD1,AZD5363,MCF7,-0.807616314943199
Q15139,PRKD1,BX912,MCF7,-1.5104663719423403
Q15139,PRKD1,CHIR99021,MCF7,-1.3936872996521081
Q15139,PRKD1,GSK2334470,MCF7,-0.8746300242274326
Q15139,PRKD1,Ipatasertib,MCF7,0.5410818896586159
Q15139,PRKD1,LY2090314,MCF7,-1.617254757315612
Q15139,PRKD1,Tofacitinib,MCF7,-2.1951270102625804
Q15139,PRKD1,AZD8055,MCF7,1.857728522340932
Q15139,PRKD1,GDC0994,MCF7,1.0208970553526497
Q15139,PRKD1,JNK,MCF7,-0.1740578343037001
Q15139,PRKD1,LY2584702,MCF7,-0.0777633708816166
Q15139,PRKD1,PH797804,MCF7,-0.5907502833111822
Q15139,PRKD1,Selumetinib,MCF7,1.1914667702721011
Q15139,PRKD1,U73122,MCF7,1.4232688882781324
Q15139,PRKD1,Ulixertinib,MCF7,0.5213339247994805
Q15139,PRKD1,Amuvatinib,MCF7,0.6927479582103749
Q15139,PRKD1,AZD3759,MCF7,0.3319212749889823
Q15139,PRKD1,GSK690693,MCF7,-0.1967782358476971
Q15139,PRKD1,JNJ,MCF7,0.07885504601346363
Q15139,PRKD1,KN62,MCF7,0.4128727075193041
Q15139,PRKD1,Linsitinib,MCF7,0.7213947084112922
Q15139,PRKD1,LY2835219,MCF7,1.2679173126083385
Q15139,PRKD1,Ribociclib,MCF7,0.5150109290126438
Q15139,PRKD1,AC220,MCF7,1.3405639727763368
Q15139,PRKD1,Edelfosine,MCF7,2.1920284527627043
Q15139,PRKD1,GF109203X,MCF7,1.2253493212973232
Q15139,PRKD1,Go6976,MCF7,-0.426563595633902
Q15139,PRKD1,PF4708671,MCF7,1.3424588154690944
Q15139,PRKD1,SP600125,MCF7,1.5418459314313193
Q15139,PRKD1,TAK715,MCF7,0.3398804804888147
Q15139,PRKD1,TBCA,MCF7,1.4736969288767554
Q15139,PRKD1,AT13148,MCF7,0.7818755055200413
Q15139,PRKD1,AZ20,MCF7,0.019292281990239767
Q15139,PRKD1,AZD6738,MCF7,0.32236260028960184
Q15139,PRKD1,Bosutinib,MCF7,-0.9015327029352043
Q15139,PRKD1,Dabrafenib,MCF7,-1.8946788762576798
Q15139,PRKD1,Dasatinib,MCF7,-1.7059482874965721
Q15139,PRKD1,DNAPK,MCF7,1.0060650910909943
Q15139,PRKD1,H89,MCF7,0.9374305341935294
Q15139,PRKD1,KD025,MCF7,0.4922743078653301
Q15139,PRKD1,NU7441,MCF7,0.03412650282411987
Q15139,PRKD1,Ripasudil,MCF7,0.9207963416665732
Q15139,PRKD1,Vemurafenib,MCF7,0.5502709801064739
Q15139,PRKD1,CX4945,MCF7,-0.3606673134270556
Q15139,PRKD1,GO6983,MCF7,-3.0335905404135164
Q15139,PRKD1,KN93,MCF7,-0.6444021435881574
Q15139,PRKD1,MK2206,MCF7,-0.7558743621507533
Q05655,PRKCD,AZD6482,MCF7,-1.8182152014174382
Q05655,PRKCD,CAL101,MCF7,-1.683675182674053
Q05655,PRKCD,GDC0941,MCF7,-3.1639876828826674
Q05655,PRKCD,HS173,MCF7,-4.211723622454258
Q05655,PRKCD,PIK294,MCF7,-1.6154712118961576
Q05655,PRKCD,TGX221,MCF7,-0.4545141839326408
Q05655,PRKCD,AZD5438,MCF7,-0.5490120620426786
Q05655,PRKCD,FRAX486,MCF7,-2.230151717396612
Q05655,PRKCD,Ku0063794,MCF7,-2.225526181381271
Q05655,PRKCD,PD153035,MCF7,-0.6545321339771722
Q05655,PRKCD,PF3758309,MCF7,0.024387163851038698
Q05655,PRKCD,Torin,MCF7,-3.464872850159852
Q05655,PRKCD,Trametinib,MCF7,-1.626113174176995
Q05655,PRKCD,AZD1480,MCF7,-1.295967238137107
Q05655,PRKCD,AZD5363,MCF7,-2.1201874113539754
Q05655,PRKCD,BX912,MCF7,-1.6458702482618668
Q05655,PRKCD,CHIR99021,MCF7,-1.668643953367823
Q05655,PRKCD,GSK2334470,MCF7,-2.6913178089505876
Q05655,PRKCD,Ipatasertib,MCF7,-3.4903118360137633
Q05655,PRKCD,LY2090314,MCF7,-0.2516913773434499
Q05655,PRKCD,Tofacitinib,MCF7,-0.38926185312474837
Q05655,PRKCD,AZD8055,MCF7,-0.8133856404464539
Q05655,PRKCD,GDC0994,MCF7,-0.012933727708708986
Q05655,PRKCD,JNK,MCF7,-1.3353025657646092
Q05655,PRKCD,LY2584702,MCF7,-0.45439839290362544
Q05655,PRKCD,PH797804,MCF7,-0.6025979822203568
Q05655,PRKCD,Selumetinib,MCF7,-0.8277314875237674
Q05655,PRKCD,U73122,MCF7,0.628386884257524
Q05655,PRKCD,Ulixertinib,MCF7,-0.227305540933175
Q05655,PRKCD,Amuvatinib,MCF7,-0.14414873421164334
Q05655,PRKCD,AZD3759,MCF7,-0.012550727351555506
Q05655,PRKCD,GSK690693,MCF7,-3.854736642322038
Q05655,PRKCD,JNJ,MCF7,0.06288790504364536
Q05655,PRKCD,KN62,MCF7,0.25531909970776595
Q05655,PRKCD,Linsitinib,MCF7,-1.2252276573727197
Q05655,PRKCD,LY2835219,MCF7,-0.9235173544889651
Q05655,PRKCD,Ribociclib,MCF7,-0.9658173648870622
Q05655,PRKCD,AC220,MCF7,1.1266117944614964
Q05655,PRKCD,Edelfosine,MCF7,1.279567672210185
Q05655,PRKCD,GF109203X,MCF7,1.5404204351121058
Q05655,PRKCD,Go6976,MCF7,-0.15186461930793482
Q05655,PRKCD,PF4708671,MCF7,-0.2812062001115673
Q05655,PRKCD,SP600125,MCF7,0.9370243187532304
Q05655,PRKCD,TAK715,MCF7,1.0731864665704345
Q05655,PRKCD,TBCA,MCF7,1.1175120216609717
Q05655,PRKCD,AT13148,MCF7,-1.6491576323549266
Q05655,PRKCD,AZ20,MCF7,0.7613042484817684
Q05655,PRKCD,AZD6738,MCF7,1.3114502295722532
Q05655,PRKCD,Bosutinib,MCF7,0.732407321035011
Q05655,PRKCD,Dabrafenib,MCF7,-1.7569638528028129
Q05655,PRKCD,Dasatinib,MCF7,0.3037667025873951
Q05655,PRKCD,DNAPK,MCF7,-0.07379820031004727
Q05655,PRKCD,H89,MCF7,0.36604587767261754
Q05655,PRKCD,KD025,MCF7,-0.7984452283802174
Q05655,PRKCD,NU7441,MCF7,-1.925799543606379
Q05655,PRKCD,Ripasudil,MCF7,-0.6407248503051114
Q05655,PRKCD,Vemurafenib,MCF7,0.17828406080152442
Q05655,PRKCD,CX4945,MCF7,-2.6828136206704203
Q05655,PRKCD,GO6983,MCF7,-4.634663745460014
Q05655,PRKCD,KN93,MCF7,-1.183940710894342
Q05655,PRKCD,MK2206,MCF7,-2.2718663432041835
P30291,WEE1,AZD6482,MCF7,0.1830491712982867
P30291,WEE1,CAL101,MCF7,-0.27901638163104403
P30291,WEE1,GDC0941,MCF7,0.6371532970173877
P30291,WEE1,HS173,MCF7,0.867898417695642
P30291,WEE1,PIK294,MCF7,-0.403172454530925
P30291,WEE1,TGX221,MCF7,1.6030359360147766
P30291,WEE1,AZD5438,MCF7,-0.2586263887978129
P30291,WEE1,FRAX486,MCF7,0.39412795661273453
P30291,WEE1,Ku0063794,MCF7,-0.48555415076579894
P30291,WEE1,PD153035,MCF7,0.1979249884815609
P30291,WEE1,PF3758309,MCF7,0.36313374893065337
P30291,WEE1,Torin,MCF7,-0.6033463769128546
P30291,WEE1,Trametinib,MCF7,1.1078507658877157
P30291,WEE1,AZD1480,MCF7,0.9148642986751117
P30291,WEE1,AZD5363,MCF7,0.3573037472740759
P30291,WEE1,BX912,MCF7,0.9576671612260655
P30291,WEE1,CHIR99021,MCF7,1.3923098093261406
P30291,WEE1,GSK2334470,MCF7,0.3928384565779884
P30291,WEE1,Ipatasertib,MCF7,0.704943304313184
P30291,WEE1,LY2090314,MCF7,0.5978727929015426
P30291,WEE1,Tofacitinib,MCF7,1.0239718509488347
P30291,WEE1,AZD8055,MCF7,-0.8256881763059982
P30291,WEE1,GDC0994,MCF7,-0.9037453904383989
P30291,WEE1,JNK,MCF7,-0.6725040075857929
P30291,WEE1,LY2584702,MCF7,-1.3737894970759759
P30291,WEE1,PH797804,MCF7,-0.7170454293615274
P30291,WEE1,Selumetinib,MCF7,0.2806844128444206
P30291,WEE1,U73122,MCF7,-0.9477448959360987
P30291,WEE1,Ulixertinib,MCF7,0.29613400645000554
P30291,WEE1,Amuvatinib,MCF7,1.7169289878610248
P30291,WEE1,AZD3759,MCF7,1.0271493277813817
P30291,WEE1,GSK690693,MCF7,1.6846108106795132
P30291,WEE1,JNJ,MCF7,1.7987948630838515
P30291,WEE1,KN62,MCF7,0.49232699299689053
P30291,WEE1,Linsitinib,MCF7,0.8033117657723272
P30291,WEE1,LY2835219,MCF7,1.1378173994085536
P30291,WEE1,Ribociclib,MCF7,1.7946484344353144
P30291,WEE1,AC220,MCF7,-0.46078916363233224
P30291,WEE1,Edelfosine,MCF7,-0.8648871279684917
P30291,WEE1,GF109203X,MCF7,-0.9076640470129742
P30291,WEE1,Go6976,MCF7,-0.841874991053487
P30291,WEE1,PF4708671,MCF7,-0.5416530719485525
P30291,WEE1,SP600125,MCF7,-1.8763280052341766
P30291,WEE1,TAK715,MCF7,-0.7360534994994239
P30291,WEE1,TBCA,MCF7,-0.5710231664424331
P30291,WEE1,AT13148,MCF7,-3.0496896353923737
P30291,WEE1,AZ20,MCF7,-1.8197384131797023
P30291,WEE1,AZD6738,MCF7,-2.4281978010315948
P30291,WEE1,Bosutinib,MCF7,-2.2270874120248547
P30291,WEE1,Dabrafenib,MCF7,-1.4672964150986627
P30291,WEE1,Dasatinib,MCF7,-1.6839212481058017
P30291,WEE1,DNAPK,MCF7,-1.4673652093589582
P30291,WEE1,H89,MCF7,-1.5154584104498607
P30291,WEE1,KD025,MCF7,-0.7959223996566919
P30291,WEE1,NU7441,MCF7,-1.1972315834438567
P30291,WEE1,Ripasudil,MCF7,-1.8488340367516902
P30291,WEE1,Vemurafenib,MCF7,-1.2921375223744402
P30291,WEE1,CX4945,MCF7,-0.024970817768893115
P30291,WEE1,GO6983,MCF7,-0.004157291744929808
P30291,WEE1,KN93,MCF7,-0.2733252818502076
P30291,WEE1,MK2206,MCF7,-1.3819871090100677
Q9HBH9,MKNK2,AZD6482,MCF7,-1.2292294349348463
Q9HBH9,MKNK2,CAL101,MCF7,-2.969542226026489
Q9HBH9,MKNK2,GDC0941,MCF7,-0.2184645857384477
Q9HBH9,MKNK2,HS173,MCF7,-1.4920783606317516
Q9HBH9,MKNK2,PIK294,MCF7,-1.4929835068850805
Q9HBH9,MKNK2,TGX221,MCF7,-0.19498038745534263
Q9HBH9,MKNK2,AZD5438,MCF7,-0.15015950570638753
Q9HBH9,MKNK2,FRAX486,MCF7,-0.5395688499757534
Q9HBH9,MKNK2,Ku0063794,MCF7,-1.9712429193480574
Q9HBH9,MKNK2,PD153035,MCF7,-0.8738441894914163
Q9HBH9,MKNK2,PF3758309,MCF7,-1.4084506864758037
Q9HBH9,MKNK2,Torin,MCF7,-0.026413383092067068
Q9HBH9,MKNK2,Trametinib,MCF7,-0.11798438246405371
Q9HBH9,MKNK2,AZD1480,MCF7,-2.0052994599245104
Q9HBH9,MKNK2,AZD5363,MCF7,-1.735125207106352
Q9HBH9,MKNK2,BX912,MCF7,-1.997348578856313
Q9HBH9,MKNK2,CHIR99021,MCF7,-1.6497154374940317
Q9HBH9,MKNK2,GSK2334470,MCF7,-1.9499791035773422
Q9HBH9,MKNK2,Ipatasertib,MCF7,-1.0955199231967767
Q9HBH9,MKNK2,LY2090314,MCF7,-1.4934034391919095
Q9HBH9,MKNK2,Tofacitinib,MCF7,-2.0354970067296723
Q9HBH9,MKNK2,AZD8055,MCF7,-0.3122665951359813
Q9HBH9,MKNK2,GDC0994,MCF7,-2.5177323243848666
Q9HBH9,MKNK2,JNK,MCF7,-1.6167101768510683
Q9HBH9,MKNK2,LY2584702,MCF7,-2.1131424216901027
Q9HBH9,MKNK2,PH797804,MCF7,-0.7648182425293715
Q9HBH9,MKNK2,Selumetinib,MCF7,-1.5364522685463289
Q9HBH9,MKNK2,U73122,MCF7,-1.8157059949705336
Q9HBH9,MKNK2,Ulixertinib,MCF7,-1.9131164000757617
Q9HBH9,MKNK2,Amuvatinib,MCF7,-0.35939526612758815
Q9HBH9,MKNK2,AZD3759,MCF7,-1.0689859023411585
Q9HBH9,MKNK2,GSK690693,MCF7,-1.2036617934141114
Q9HBH9,MKNK2,JNJ,MCF7,0.956860108361169
Q9HBH9,MKNK2,KN62,MCF7,0.49757691828867134
Q9HBH9,MKNK2,Linsitinib,MCF7,-0.8076977988903913
Q9HBH9,MKNK2,LY2835219,MCF7,0.299404411650981
Q9HBH9,MKNK2,Ribociclib,MCF7,0.03085304177200631
Q9HBH9,MKNK2,AC220,MCF7,-1.7285335795468384
Q9HBH9,MKNK2,Edelfosine,MCF7,-0.6723618196920762
Q9HBH9,MKNK2,GF109203X,MCF7,-2.0032227338746007
Q9HBH9,MKNK2,Go6976,MCF7,-1.7822254919133735
Q9HBH9,MKNK2,PF4708671,MCF7,0.8146183661687635
Q9HBH9,MKNK2,SP600125,MCF7,-1.148529391923709
Q9HBH9,MKNK2,TAK715,MCF7,-0.9035554445981104
Q9HBH9,MKNK2,TBCA,MCF7,-1.7621801136590787
Q9HBH9,MKNK2,AT13148,MCF7,1.1956558494320437
Q9HBH9,MKNK2,AZ20,MCF7,-1.1049595245626316
Q9HBH9,MKNK2,AZD6738,MCF7,0.18697234864326198
Q9HBH9,MKNK2,Bosutinib,MCF7,0.12202806982692373
Q9HBH9,MKNK2,Dabrafenib,MCF7,0.8440670884569779
Q9HBH9,MKNK2,Dasatinib,MCF7,0.43305523141861607
Q9HBH9,MKNK2,DNAPK,MCF7,1.0879265237648237
Q9HBH9,MKNK2,H89,MCF7,1.200277409106253
Q9HBH9,MKNK2,KD025,MCF7,2.446338556129444
Q9HBH9,MKNK2,NU7441,MCF7,-1.7120184809680714
Q9HBH9,MKNK2,Ripasudil,MCF7,0.6120817858151109
Q9HBH9,MKNK2,Vemurafenib,MCF7,1.9201524806712464
Q9HBH9,MKNK2,CX4945,MCF7,-1.6761473968658032
Q9HBH9,MKNK2,GO6983,MCF7,-0.982125872871543
Q9HBH9,MKNK2,KN93,MCF7,-1.039764519262563
Q9HBH9,MKNK2,MK2206,MCF7,-0.5653725431980277
P25098,GRK2,AZD6482,MCF7,1.5220523758189206
P25098,GRK2,CAL101,MCF7,-1.4948444592277668
P25098,GRK2,GDC0941,MCF7,1.3602810452894023
P25098,GRK2,HS173,MCF7,1.3332912523528753
P25098,GRK2,PIK294,MCF7,0.4181377327072577
P25098,GRK2,TGX221,MCF7,0.6864713302422893
P25098,GRK2,AZD5438,MCF7,0.27678399830702394
P25098,GRK2,FRAX486,MCF7,0.5295334576528595
P25098,GRK2,Ku0063794,MCF7,0.9057449225908286
P25098,GRK2,PD153035,MCF7,-0.301244619517845
P25098,GRK2,PF3758309,MCF7,0.016902310932079365
P25098,GRK2,Torin,MCF7,0.6277926192282527
P25098,GRK2,Trametinib,MCF7,1.3448378936255523
P25098,GRK2,AZD1480,MCF7,1.5950597791536048
P25098,GRK2,AZD5363,MCF7,0.47019071715291855
P25098,GRK2,BX912,MCF7,0.46930793961530876
P25098,GRK2,CHIR99021,MCF7,-0.986563550747348
P25098,GRK2,GSK2334470,MCF7,0.42585755199200753
P25098,GRK2,Ipatasertib,MCF7,-1.4589036504401078
P25098,GRK2,LY2090314,MCF7,0.5927845123331232
P25098,GRK2,Tofacitinib,MCF7,0.7829629433377562
P25098,GRK2,AZD8055,MCF7,0.1741516787896495
P25098,GRK2,GDC0994,MCF7,1.2757893685495083
P25098,GRK2,JNK,MCF7,-1.7048809948041734
P25098,GRK2,LY2584702,MCF7,-0.9178137799541498
P25098,GRK2,PH797804,MCF7,0.09327383109436806
P25098,GRK2,Selumetinib,MCF7,-1.254186425569744
P25098,GRK2,U73122,MCF7,-0.12018967895977696
P25098,GRK2,Ulixertinib,MCF7,-0.41161630961832685
P25098,GRK2,Amuvatinib,MCF7,-1.6655565243842256
P25098,GRK2,AZD3759,MCF7,-0.19786845102068107
P25098,GRK2,GSK690693,MCF7,0.3537107839073628
P25098,GRK2,JNJ,MCF7,-1.3669260318013075
P25098,GRK2,KN62,MCF7,-0.40875462593354117
P25098,GRK2,Linsitinib,MCF7,0.3211484289898028
P25098,GRK2,LY2835219,MCF7,-0.732746907063427
P25098,GRK2,Ribociclib,MCF7,-1.834145628224243
P25098,GRK2,AC220,MCF7,-2.0188808032558456
P25098,GRK2,Edelfosine,MCF7,-0.1799978661550567
P25098,GRK2,GF109203X,MCF7,-2.755767652924561
P25098,GRK2,Go6976,MCF7,-0.007654877000021365
P25098,GRK2,PF4708671,MCF7,-2.6248404974701387
P25098,GRK2,SP600125,MCF7,0.807950082497819
P25098,GRK2,TAK715,MCF7,-2.1722981876801413
P25098,GRK2,TBCA,MCF7,-0.3940125658147041
P25098,GRK2,AT13148,MCF7,-1.0885160555271125
P25098,GRK2,AZ20,MCF7,-0.2347064757074494
P25098,GRK2,AZD6738,MCF7,0.10991060619522759
P25098,GRK2,Bosutinib,MCF7,-1.081572166973334
P25098,GRK2,Dabrafenib,MCF7,-0.6209822868584497
P25098,GRK2,Dasatinib,MCF7,-2.3199295540083926
P25098,GRK2,DNAPK,MCF7,0.406209222891429
P25098,GRK2,H89,MCF7,0.6842626681905932
P25098,GRK2,KD025,MCF7,-1.184745612694155
P25098,GRK2,NU7441,MCF7,-0.7582785433227384
P25098,GRK2,Ripasudil,MCF7,-1.2994555831042753
P25098,GRK2,Vemurafenib,MCF7,-2.7339360767063083
P25098,GRK2,CX4945,MCF7,2.4561861705193793
P25098,GRK2,GO6983,MCF7,0.24935111284785214
P25098,GRK2,KN93,MCF7,-0.30405326494115215
P25098,GRK2,MK2206,MCF7,0.0902025956318928
P08581,MET,AZD6482,MCF7,-0.22995055171199827
P08581,MET,CAL101,MCF7,0.0018797901578195225
P08581,MET,GDC0941,MCF7,0.32713216400093553
P08581,MET,HS173,MCF7,0.002803247374079415
P08581,MET,PIK294,MCF7,0.2232310593374007
P08581,MET,TGX221,MCF7,-0.0731307758056682
P08581,MET,AZD5438,MCF7,0.8071106072770422
P08581,MET,FRAX486,MCF7,0.31767821027068455
P08581,MET,Ku0063794,MCF7,0.8984314356795465
P08581,MET,PD153035,MCF7,0.2924169009325252
P08581,MET,PF3758309,MCF7,-0.004621894449718866
P08581,MET,Torin,MCF7,0.2528760045502071
P08581,MET,Trametinib,MCF7,0.2301546261284408
P08581,MET,AZD1480,MCF7,-0.3376931664840148
P08581,MET,AZD5363,MCF7,-0.32742042849003167
P08581,MET,BX912,MCF7,0.4228471654149676
P08581,MET,CHIR99021,MCF7,-0.041704269185250345
P08581,MET,GSK2334470,MCF7,0.21207279305509136
P08581,MET,Ipatasertib,MCF7,0.2988615113310438
P08581,MET,LY2090314,MCF7,-0.04953687573906675
P08581,MET,Tofacitinib,MCF7,-0.4477559392147076
P08581,MET,AZD8055,MCF7,0.11754492712191257
P08581,MET,GDC0994,MCF7,0.1629235750216196
P08581,MET,JNK,MCF7,0.15523005882980895
P08581,MET,LY2584702,MCF7,0.08432595393350302
P08581,MET,PH797804,MCF7,-0.09360680010317543
P08581,MET,Selumetinib,MCF7,-0.12402611565669554
P08581,MET,U73122,MCF7,-0.010152921658559914
P08581,MET,Ulixertinib,MCF7,0.10486189998665428
P08581,MET,Amuvatinib,MCF7,0.388334147660895
P08581,MET,AZD3759,MCF7,0.16711341666823185
P08581,MET,GSK690693,MCF7,0.3156487671033832
P08581,MET,JNJ,MCF7,0.0035494446449666327
P08581,MET,KN62,MCF7,0.14010633426923896
P08581,MET,Linsitinib,MCF7,0.3639621753913836
P08581,MET,LY2835219,MCF7,0.2872839953913621
P08581,MET,Ribociclib,MCF7,0.4110595556612682
P08581,MET,AC220,MCF7,0.09705247367105814
P08581,MET,Edelfosine,MCF7,0.13752740030380192
P08581,MET,GF109203X,MCF7,-0.09408427148040877
P08581,MET,Go6976,MCF7,-0.10364831533080802
P08581,MET,PF4708671,MCF7,-0.1147263473968781
P08581,MET,SP600125,MCF7,-0.18798540474576764
P08581,MET,TAK715,MCF7,0.19937795409428025
P08581,MET,TBCA,MCF7,0.09238180728454468
P08581,MET,AT13148,MCF7,0.03599544410657362
P08581,MET,AZ20,MCF7,0.11957647540272354
P08581,MET,AZD6738,MCF7,-0.11520608824241525
P08581,MET,Bosutinib,MCF7,-0.1693267174144899
P08581,MET,Dabrafenib,MCF7,-0.06823000639340812
P08581,MET,Dasatinib,MCF7,-0.12551118690510088
P08581,MET,DNAPK,MCF7,0.17195111727833587
P08581,MET,H89,MCF7,-0.07721541083342132
P08581,MET,KD025,MCF7,0.018857916966075652
P08581,MET,NU7441,MCF7,0.04611733109283151
P08581,MET,Ripasudil,MCF7,0.2734558931102727
P08581,MET,Vemurafenib,MCF7,-0.16871989406304705
P08581,MET,CX4945,MCF7,0.4808620999052331
P08581,MET,GO6983,MCF7,0.3458381045272214
P08581,MET,KN93,MCF7,0.3794891545587973
P08581,MET,MK2206,MCF7,0.20483709142256437
P08631,HCK,AZD6482,MCF7,0.23001506666213872
P08631,HCK,CAL101,MCF7,0.21509881179432888
P08631,HCK,GDC0941,MCF7,0.17123588763443626
P08631,HCK,HS173,MCF7,0.08598530433945167
P08631,HCK,PIK294,MCF7,0.06994698371407171
P08631,HCK,TGX221,MCF7,0.18487749192368022
P08631,HCK,AZD5438,MCF7,0.2031419156997388
P08631,HCK,FRAX486,MCF7,0.26175004482199316
P08631,HCK,Ku0063794,MCF7,0.2850868109871652
P08631,HCK,PD153035,MCF7,-0.1459764085015307
P08631,HCK,PF3758309,MCF7,0.38044024492818657
P08631,HCK,Torin,MCF7,0.2631741007600654
P08631,HCK,Trametinib,MCF7,0.29800839391858014
P08631,HCK,AZD1480,MCF7,0.40818283112307163
P08631,HCK,AZD5363,MCF7,0.11617990420701736
P08631,HCK,BX912,MCF7,0.3127012524229219
P08631,HCK,CHIR99021,MCF7,0.12582109422550591
P08631,HCK,GSK2334470,MCF7,0.34977055668157564
P08631,HCK,Ipatasertib,MCF7,0.2425711629396121
P08631,HCK,LY2090314,MCF7,0.24486497719093347
P08631,HCK,Tofacitinib,MCF7,0.49901342519461844
P08631,HCK,AZD8055,MCF7,-0.15341324586467456
P08631,HCK,GDC0994,MCF7,-0.052312018201237126
P08631,HCK,JNK,MCF7,-0.5190837086873332
P08631,HCK,LY2584702,MCF7,-0.3386204981317952
P08631,HCK,PH797804,MCF7,0.10337802731413454
P08631,HCK,Selumetinib,MCF7,0.06843139518474586
P08631,HCK,U73122,MCF7,-0.07393014751617748
P08631,HCK,Ulixertinib,MCF7,-0.1802384642655259
P08631,HCK,Amuvatinib,MCF7,-0.33613496484413147
P08631,HCK,AZD3759,MCF7,-0.824426323359199
P08631,HCK,GSK690693,MCF7,0.07400468958768402
P08631,HCK,JNJ,MCF7,-0.29837422927794993
P08631,HCK,KN62,MCF7,-0.9729095545469341
P08631,HCK,Linsitinib,MCF7,-0.11100946790212798
P08631,HCK,LY2835219,MCF7,-0.06875463665788459
P08631,HCK,Ribociclib,MCF7,-0.27851811717999814
P08631,HCK,AC220,MCF7,0.36258458550005207
P08631,HCK,Edelfosine,MCF7,0.16192770157047418
P08631,HCK,GF109203X,MCF7,0.012549784743186484
P08631,HCK,Go6976,MCF7,0.42081918942530133
P08631,HCK,PF4708671,MCF7,-0.17361312572113077
P08631,HCK,SP600125,MCF7,-0.12598828891346717
P08631,HCK,TAK715,MCF7,0.059004480218667055
P08631,HCK,TBCA,MCF7,0.1119328423265336
P08631,HCK,AT13148,MCF7,-0.12814824465744912
P08631,HCK,AZ20,MCF7,0.1066121175433276
P08631,HCK,AZD6738,MCF7,0.014790959360930977
P08631,HCK,Bosutinib,MCF7,0.10354439208222042
P08631,HCK,Dabrafenib,MCF7,-0.0819692282420763
P08631,HCK,Dasatinib,MCF7,-0.34656524801443694
P08631,HCK,DNAPK,MCF7,0.2584701761650593
P08631,HCK,H89,MCF7,0.36687887043769807
P08631,HCK,KD025,MCF7,-0.10675031865395616
P08631,HCK,NU7441,MCF7,-0.08242037806758544
P08631,HCK,Ripasudil,MCF7,-0.15914863575433832
P08631,HCK,Vemurafenib,MCF7,-0.14194558609764513
P08631,HCK,CX4945,MCF7,0.8297697824072877
P08631,HCK,GO6983,MCF7,0.8916926350745357
P08631,HCK,KN93,MCF7,0.9232274475415906
P08631,HCK,MK2206,MCF7,0.8621587787793257
Q13464,ROCK1,AZD6482,MCF7,0.9814011986172624
Q13464,ROCK1,CAL101,MCF7,-1.086047196863933
Q13464,ROCK1,GDC0941,MCF7,-0.6974154040832101
Q13464,ROCK1,HS173,MCF7,0.06016187246771682
Q13464,ROCK1,PIK294,MCF7,0.16630591092908065
Q13464,ROCK1,TGX221,MCF7,0.09686466605526907
Q13464,ROCK1,AZD5438,MCF7,0.3351664949220906
Q13464,ROCK1,FRAX486,MCF7,0.05495994168009785
Q13464,ROCK1,Ku0063794,MCF7,0.6234366234200496
Q13464,ROCK1,PD153035,MCF7,-0.594139903013097
Q13464,ROCK1,PF3758309,MCF7,-0.4556591694672721
Q13464,ROCK1,Torin,MCF7,0.7607197183544321
Q13464,ROCK1,Trametinib,MCF7,1.217761962584959
Q13464,ROCK1,AZD1480,MCF7,1.2450027352333741
Q13464,ROCK1,AZD5363,MCF7,-0.88011760649435
Q13464,ROCK1,BX912,MCF7,-0.9545770981542775
Q13464,ROCK1,CHIR99021,MCF7,-1.1085029464843872
Q13464,ROCK1,GSK2334470,MCF7,-0.31182505296894714
Q13464,ROCK1,Ipatasertib,MCF7,0.4383132639724564
Q13464,ROCK1,LY2090314,MCF7,-1.1889912640084974
Q13464,ROCK1,Tofacitinib,MCF7,-1.349333340331377
Q13464,ROCK1,AZD8055,MCF7,0.7954051143037439
Q13464,ROCK1,GDC0994,MCF7,0.32236383045153194
Q13464,ROCK1,JNK,MCF7,0.40722069955657403
Q13464,ROCK1,LY2584702,MCF7,-1.5566655479689888
Q13464,ROCK1,PH797804,MCF7,-0.23557009975920737
Q13464,ROCK1,Selumetinib,MCF7,-0.1277029939133497
Q13464,ROCK1,U73122,MCF7,0.35128730327929486
Q13464,ROCK1,Ulixertinib,MCF7,0.2827951441484876
Q13464,ROCK1,Amuvatinib,MCF7,-0.16309228661288158
Q13464,ROCK1,AZD3759,MCF7,0.7416223020872991
Q13464,ROCK1,GSK690693,MCF7,-0.31461284578055276
Q13464,ROCK1,JNJ,MCF7,0.5782711624326174
Q13464,ROCK1,KN62,MCF7,0.933958393754677
Q13464,ROCK1,Linsitinib,MCF7,0.4375871418008312
Q13464,ROCK1,LY2835219,MCF7,-0.540573981532544
Q13464,ROCK1,Ribociclib,MCF7,-0.6262328182278493
Q13464,ROCK1,AC220,MCF7,0.0673138429541419
Q13464,ROCK1,Edelfosine,MCF7,-1.1820722153148102
Q13464,ROCK1,GF109203X,MCF7,0.3520722073210029
Q13464,ROCK1,Go6976,MCF7,-0.2675012312643391
Q13464,ROCK1,PF4708671,MCF7,0.36037528458603496
Q13464,ROCK1,SP600125,MCF7,-1.7390086991372327
Q13464,ROCK1,TAK715,MCF7,-0.26283931749588707
Q13464,ROCK1,TBCA,MCF7,-0.8846940386088966
Q13464,ROCK1,AT13148,MCF7,-3.6960564318166313
Q13464,ROCK1,AZ20,MCF7,-0.4648071037997221
Q13464,ROCK1,AZD6738,MCF7,-0.6955648674015721
Q13464,ROCK1,Bosutinib,MCF7,-1.1816827101170573
Q13464,ROCK1,Dabrafenib,MCF7,0.8270187272749808
Q13464,ROCK1,Dasatinib,MCF7,-1.9822988389480136
Q13464,ROCK1,DNAPK,MCF7,-2.2274825310735555
Q13464,ROCK1,H89,MCF7,-2.0211718898085125
Q13464,ROCK1,KD025,MCF7,-3.306570303365197
Q13464,ROCK1,NU7441,MCF7,-1.4218730725754274
Q13464,ROCK1,Ripasudil,MCF7,-1.4353081732229187
Q13464,ROCK1,Vemurafenib,MCF7,-1.430806034753918
Q13464,ROCK1,CX4945,MCF7,0.14386730313097418
Q13464,ROCK1,GO6983,MCF7,-1.8677098376617214
Q13464,ROCK1,KN93,MCF7,-0.19387949831614212
Q13464,ROCK1,MK2206,MCF7,0.09661367643853974
P23443,RPS6KB1,AZD6482,MCF7,-0.0755371382484553
P23443,RPS6KB1,CAL101,MCF7,0.6460717885123934
P23443,RPS6KB1,GDC0941,MCF7,-3.2847067161062573
P23443,RPS6KB1,HS173,MCF7,-1.7864798350839521
P23443,RPS6KB1,PIK294,MCF7,0.03886468164304243
P23443,RPS6KB1,TGX221,MCF7,1.3805832983885709
P23443,RPS6KB1,AZD5438,MCF7,0.9921729582069145
P23443,RPS6KB1,FRAX486,MCF7,0.13976501583409262
P23443,RPS6KB1,Ku0063794,MCF7,-3.0129490641015635
P23443,RPS6KB1,PD153035,MCF7,0.06300344792450052
P23443,RPS6KB1,PF3758309,MCF7,0.009148817681821821
P23443,RPS6KB1,Torin,MCF7,-2.212479005360031
P23443,RPS6KB1,Trametinib,MCF7,1.5976960257419854
P23443,RPS6KB1,AZD1480,MCF7,0.6939472563902812
P23443,RPS6KB1,AZD5363,MCF7,-2.733650618492444
P23443,RPS6KB1,BX912,MCF7,0.6474173081726611
P23443,RPS6KB1,CHIR99021,MCF7,0.27963856997509384
P23443,RPS6KB1,GSK2334470,MCF7,-2.450770904810141
P23443,RPS6KB1,Ipatasertib,MCF7,-2.0459870571309535
P23443,RPS6KB1,LY2090314,MCF7,-0.17989905328811184
P23443,RPS6KB1,Tofacitinib,MCF7,0.5538134361877223
P23443,RPS6KB1,AZD8055,MCF7,-3.6520721629378676
P23443,RPS6KB1,GDC0994,MCF7,1.5267679555946936
P23443,RPS6KB1,JNK,MCF7,-0.4573189629426704
P23443,RPS6KB1,LY2584702,MCF7,-1.3999558758591972
P23443,RPS6KB1,PH797804,MCF7,-0.6747295666828554
P23443,RPS6KB1,Selumetinib,MCF7,1.533015107032122
P23443,RPS6KB1,U73122,MCF7,-0.5064476278000265
P23443,RPS6KB1,Ulixertinib,MCF7,1.351244206939225
P23443,RPS6KB1,Amuvatinib,MCF7,0.08632386934640023
P23443,RPS6KB1,AZD3759,MCF7,0.9352480707211738
P23443,RPS6KB1,GSK690693,MCF7,-2.394483428583603
P23443,RPS6KB1,JNJ,MCF7,0.3291657440654998
P23443,RPS6KB1,KN62,MCF7,2.484500769351948
P23443,RPS6KB1,Linsitinib,MCF7,-0.9947693554372773
P23443,RPS6KB1,LY2835219,MCF7,0.11074939569999225
P23443,RPS6KB1,Ribociclib,MCF7,-0.27506175784672865
P23443,RPS6KB1,AC220,MCF7,-1.0830444287748437
P23443,RPS6KB1,Edelfosine,MCF7,-0.9399909447955208
P23443,RPS6KB1,GF109203X,MCF7,0.12951228694634265
P23443,RPS6KB1,Go6976,MCF7,-0.8910620471889098
P23443,RPS6KB1,PF4708671,MCF7,0.43004447828605213
P23443,RPS6KB1,SP600125,MCF7,-0.5072232973208038
P23443,RPS6KB1,TAK715,MCF7,-0.905856944200345
P23443,RPS6KB1,TBCA,MCF7,0.5366783580990505
P23443,RPS6KB1,AT13148,MCF7,-1.6627881957416566
P23443,RPS6KB1,AZ20,MCF7,-2.879829293514615
P23443,RPS6KB1,AZD6738,MCF7,-1.4027874229184583
P23443,RPS6KB1,Bosutinib,MCF7,-0.379483362166604
P23443,RPS6KB1,Dabrafenib,MCF7,0.5623490303195153
P23443,RPS6KB1,Dasatinib,MCF7,-3.489400989132484
P23443,RPS6KB1,DNAPK,MCF7,0.1519876505529021
P23443,RPS6KB1,H89,MCF7,0.3488292030038724
P23443,RPS6KB1,KD025,MCF7,-0.9916067280355155
P23443,RPS6KB1,NU7441,MCF7,-0.4968390426920711
P23443,RPS6KB1,Ripasudil,MCF7,-0.08956924202020183
P23443,RPS6KB1,Vemurafenib,MCF7,-0.5455851911927062
P23443,RPS6KB1,CX4945,MCF7,-1.2125903208063342
P23443,RPS6KB1,GO6983,MCF7,-2.3679731355568623
P23443,RPS6KB1,KN93,MCF7,-2.0564911372602204
P23443,RPS6KB1,MK2206,MCF7,-1.3689079188739413
P11362,FGFR1,AZD6482,MCF7,
P11362,FGFR1,CAL101,MCF7,
P11362,FGFR1,GDC0941,MCF7,
P11362,FGFR1,HS173,MCF7,
P11362,FGFR1,PIK294,MCF7,
P11362,FGFR1,TGX221,MCF7,
P11362,FGFR1,AZD5438,MCF7,
P11362,FGFR1,FRAX486,MCF7,
P11362,FGFR1,Ku0063794,MCF7,
P11362,FGFR1,PD153035,MCF7,
P11362,FGFR1,PF3758309,MCF7,
P11362,FGFR1,Torin,MCF7,
P11362,FGFR1,Trametinib,MCF7,
P11362,FGFR1,AZD1480,MCF7,
P11362,FGFR1,AZD5363,MCF7,
P11362,FGFR1,BX912,MCF7,
P11362,FGFR1,CHIR99021,MCF7,
P11362,FGFR1,GSK2334470,MCF7,
P11362,FGFR1,Ipatasertib,MCF7,
P11362,FGFR1,LY2090314,MCF7,
P11362,FGFR1,Tofacitinib,MCF7,
P11362,FGFR1,AZD8055,MCF7,
P11362,FGFR1,GDC0994,MCF7,
P11362,FGFR1,JNK,MCF7,
P11362,FGFR1,LY2584702,MCF7,
P11362,FGFR1,PH797804,MCF7,
P11362,FGFR1,Selumetinib,MCF7,
P11362,FGFR1,U73122,MCF7,
P11362,FGFR1,Ulixertinib,MCF7,
P11362,FGFR1,Amuvatinib,MCF7,
P11362,FGFR1,AZD3759,MCF7,
P11362,FGFR1,GSK690693,MCF7,
P11362,FGFR1,JNJ,MCF7,
P11362,FGFR1,KN62,MCF7,
P11362,FGFR1,Linsitinib,MCF7,
P11362,FGFR1,LY2835219,MCF7,
P11362,FGFR1,Ribociclib,MCF7,
P11362,FGFR1,AC220,MCF7,
P11362,FGFR1,Edelfosine,MCF7,
P11362,FGFR1,GF109203X,MCF7,
P11362,FGFR1,Go6976,MCF7,
P11362,FGFR1,PF4708671,MCF7,
P11362,FGFR1,SP600125,MCF7,
P11362,FGFR1,TAK715,MCF7,
P11362,FGFR1,TBCA,MCF7,
P11362,FGFR1,AT13148,MCF7,
P11362,FGFR1,AZ20,MCF7,
P11362,FGFR1,AZD6738,MCF7,
P11362,FGFR1,Bosutinib,MCF7,
P11362,FGFR1,Dabrafenib,MCF7,
P11362,FGFR1,Dasatinib,MCF7,
P11362,FGFR1,DNAPK,MCF7,
P11362,FGFR1,H89,MCF7,
P11362,FGFR1,KD025,MCF7,
P11362,FGFR1,NU7441,MCF7,
P11362,FGFR1,Ripasudil,MCF7,
P11362,FGFR1,Vemurafenib,MCF7,
P11362,FGFR1,CX4945,MCF7,
P11362,FGFR1,GO6983,MCF7,
P11362,FGFR1,KN93,MCF7,
P11362,FGFR1,MK2206,MCF7,
Q05397,PTK2,AZD6482,MCF7,0.46735812327131865
Q05397,PTK2,CAL101,MCF7,-2.3903434623942714
Q05397,PTK2,GDC0941,MCF7,1.3586259480244909
Q05397,PTK2,HS173,MCF7,0.38241296359223387
Q05397,PTK2,PIK294,MCF7,0.1613398421788332
Q05397,PTK2,TGX221,MCF7,-0.7217363432306378
Q05397,PTK2,AZD5438,MCF7,-0.14819881341871
Q05397,PTK2,FRAX486,MCF7,-1.155850855925395
Q05397,PTK2,Ku0063794,MCF7,0.4205286840474056
Q05397,PTK2,PD153035,MCF7,-0.07920491969522975
Q05397,PTK2,PF3758309,MCF7,-0.5107405387563609
Q05397,PTK2,Torin,MCF7,0.3260545743177121
Q05397,PTK2,Trametinib,MCF7,0.01816002463678166
Q05397,PTK2,AZD1480,MCF7,-0.481995836187661
Q05397,PTK2,AZD5363,MCF7,0.9612864257541017
Q05397,PTK2,BX912,MCF7,0.44352130316827515
Q05397,PTK2,CHIR99021,MCF7,-1.8837237059847587
Q05397,PTK2,GSK2334470,MCF7,2.1698864065000762
Q05397,PTK2,Ipatasertib,MCF7,1.8398475028359487
Q05397,PTK2,LY2090314,MCF7,-2.029946953536544
Q05397,PTK2,Tofacitinib,MCF7,-0.12288581537924871
Q05397,PTK2,AZD8055,MCF7,1.0506178349676127
Q05397,PTK2,GDC0994,MCF7,-0.20160078364320533
Q05397,PTK2,JNK,MCF7,0.06273757250524345
Q05397,PTK2,LY2584702,MCF7,-0.223868443747264
Q05397,PTK2,PH797804,MCF7,0.33999961020205305
Q05397,PTK2,Selumetinib,MCF7,0.11573301532490785
Q05397,PTK2,U73122,MCF7,0.09394489776321727
Q05397,PTK2,Ulixertinib,MCF7,-0.10342163103533127
Q05397,PTK2,Amuvatinib,MCF7,1.3725188599800842
Q05397,PTK2,AZD3759,MCF7,0.9353098647707865
Q05397,PTK2,GSK690693,MCF7,1.9554935855328102
Q05397,PTK2,JNJ,MCF7,1.1402427290492745
Q05397,PTK2,KN62,MCF7,0.9992408637887863
Q05397,PTK2,Linsitinib,MCF7,2.269770084973257
Q05397,PTK2,LY2835219,MCF7,0.4277085033073663
Q05397,PTK2,Ribociclib,MCF7,0.8630046298500559
Q05397,PTK2,AC220,MCF7,1.3438018145199853
Q05397,PTK2,Edelfosine,MCF7,1.8318810761141295
Q05397,PTK2,GF109203X,MCF7,-0.2033188745398454
Q05397,PTK2,Go6976,MCF7,0.7666894095371609
Q05397,PTK2,PF4708671,MCF7,0.449351804817106
Q05397,PTK2,SP600125,MCF7,0.027431648811456214
Q05397,PTK2,TAK715,MCF7,0.5760396618532596
Q05397,PTK2,TBCA,MCF7,0.9985763956401318
Q05397,PTK2,AT13148,MCF7,0.2881061254853741
Q05397,PTK2,AZ20,MCF7,1.5992077332514258
Q05397,PTK2,AZD6738,MCF7,0.6577160613161506
Q05397,PTK2,Bosutinib,MCF7,0.037525375592159405
Q05397,PTK2,Dabrafenib,MCF7,0.2133113655511519
Q05397,PTK2,Dasatinib,MCF7,-1.3112115137894493
Q05397,PTK2,DNAPK,MCF7,0.2456077546870915
Q05397,PTK2,H89,MCF7,0.12616140499944337
Q05397,PTK2,KD025,MCF7,0.486124568938636
Q05397,PTK2,NU7441,MCF7,1.0701792090630382
Q05397,PTK2,Ripasudil,MCF7,0.15292425172957605
Q05397,PTK2,Vemurafenib,MCF7,0.17237097659478143
Q05397,PTK2,CX4945,MCF7,1.0181890158960267
Q05397,PTK2,GO6983,MCF7,-0.41949228076204365
Q05397,PTK2,KN93,MCF7,1.008533695625423
Q05397,PTK2,MK2206,MCF7,1.0148029302390968
P48730,CSNK1D,AZD6482,MCF7,0.4171068762220559
P48730,CSNK1D,CAL101,MCF7,-1.2050735577724512
P48730,CSNK1D,GDC0941,MCF7,0.5983504652603753
P48730,CSNK1D,HS173,MCF7,-0.7834540778215761
P48730,CSNK1D,PIK294,MCF7,-0.746226668796691
P48730,CSNK1D,TGX221,MCF7,-1.668757589482911
P48730,CSNK1D,AZD5438,MCF7,0.8980553998551964
P48730,CSNK1D,FRAX486,MCF7,1.4108451012380312
P48730,CSNK1D,Ku0063794,MCF7,1.6269765475875322
P48730,CSNK1D,PD153035,MCF7,-0.5445712375433761
P48730,CSNK1D,PF3758309,MCF7,2.2074093662117535
P48730,CSNK1D,Torin,MCF7,1.672999516337216
P48730,CSNK1D,Trametinib,MCF7,0.5761460985197104
P48730,CSNK1D,AZD1480,MCF7,0.789567633376763
P48730,CSNK1D,AZD5363,MCF7,0.08898322985220054
P48730,CSNK1D,BX912,MCF7,0.949628508311955
P48730,CSNK1D,CHIR99021,MCF7,0.7602914199135558
P48730,CSNK1D,GSK2334470,MCF7,-1.5815765847946524
P48730,CSNK1D,Ipatasertib,MCF7,-0.5697534852638482
P48730,CSNK1D,LY2090314,MCF7,1.978311178073189
P48730,CSNK1D,Tofacitinib,MCF7,-1.0312859297317882
P48730,CSNK1D,AZD8055,MCF7,-2.106361220535711
P48730,CSNK1D,GDC0994,MCF7,-0.7911549230592202
P48730,CSNK1D,JNK,MCF7,-1.2420765036529129
P48730,CSNK1D,LY2584702,MCF7,-1.6640752891286466
P48730,CSNK1D,PH797804,MCF7,0.18689636320240238
P48730,CSNK1D,Selumetinib,MCF7,-0.9581707580940697
P48730,CSNK1D,U73122,MCF7,-0.9850858442531338
P48730,CSNK1D,Ulixertinib,MCF7,-0.1483013784796167
P48730,CSNK1D,Amuvatinib,MCF7,0.14444936707937717
P48730,CSNK1D,AZD3759,MCF7,0.7936663049871279
P48730,CSNK1D,GSK690693,MCF7,0.5830379429260892
P48730,CSNK1D,JNJ,MCF7,1.1355282285865724
P48730,CSNK1D,KN62,MCF7,-0.04446884199835336
P48730,CSNK1D,Linsitinib,MCF7,-0.49674093011048276
P48730,CSNK1D,LY2835219,MCF7,1.1036612613100567
P48730,CSNK1D,Ribociclib,MCF7,1.401786474499489
P48730,CSNK1D,AC220,MCF7,-1.3511721535514565
P48730,CSNK1D,Edelfosine,MCF7,-2.109496819142883
P48730,CSNK1D,GF109203X,MCF7,0.8859413196554156
P48730,CSNK1D,Go6976,MCF7,-0.665883421338584
P48730,CSNK1D,PF4708671,MCF7,-1.1313467315007006
P48730,CSNK1D,SP600125,MCF7,-0.13098989957015236
P48730,CSNK1D,TAK715,MCF7,-0.5442988337203157
P48730,CSNK1D,TBCA,MCF7,-1.225974813253713
P48730,CSNK1D,AT13148,MCF7,-1.2918764058058294
P48730,CSNK1D,AZ20,MCF7,-1.8527920145406986
P48730,CSNK1D,AZD6738,MCF7,-2.600654288152367
P48730,CSNK1D,Bosutinib,MCF7,-1.5385455720709087
P48730,CSNK1D,Dabrafenib,MCF7,-0.8623894636129545
P48730,CSNK1D,Dasatinib,MCF7,-2.4733134998541537
P48730,CSNK1D,DNAPK,MCF7,-1.3685982467200613
P48730,CSNK1D,H89,MCF7,-1.5683799911589333
P48730,CSNK1D,KD025,MCF7,-2.1735269550389047
P48730,CSNK1D,NU7441,MCF7,-0.5692463604513495
P48730,CSNK1D,Ripasudil,MCF7,-0.5040597146318828
P48730,CSNK1D,Vemurafenib,MCF7,-2.334177333840468
P48730,CSNK1D,CX4945,MCF7,-2.61451205158279
P48730,CSNK1D,GO6983,MCF7,-1.4596319539121259
P48730,CSNK1D,KN93,MCF7,-0.7766394978027031
P48730,CSNK1D,MK2206,MCF7,-2.584938920169839
Q00535,CDK5,AZD6482,MCF7,-0.5479331445349355
Q00535,CDK5,CAL101,MCF7,1.1726857975364215
Q00535,CDK5,GDC0941,MCF7,0.9455037826405898
Q00535,CDK5,HS173,MCF7,1.3304593300749954
Q00535,CDK5,PIK294,MCF7,0.9282235334882538
Q00535,CDK5,TGX221,MCF7,0.3189251924470975
Q00535,CDK5,AZD5438,MCF7,-2.390218500580528
Q00535,CDK5,FRAX486,MCF7,1.2141600484295523
Q00535,CDK5,Ku0063794,MCF7,1.0718902021898111
Q00535,CDK5,PD153035,MCF7,0.5584102381191578
Q00535,CDK5,PF3758309,MCF7,-0.2373162419058575
Q00535,CDK5,Torin,MCF7,1.0408503846121655
Q00535,CDK5,Trametinib,MCF7,0.14300672352169588
Q00535,CDK5,AZD1480,MCF7,-0.8705513635137364
Q00535,CDK5,AZD5363,MCF7,0.39903852651790245
Q00535,CDK5,BX912,MCF7,-0.8867257776137645
Q00535,CDK5,CHIR99021,MCF7,0.06163008866800567
Q00535,CDK5,GSK2334470,MCF7,0.5300842497803694
Q00535,CDK5,Ipatasertib,MCF7,0.659586961928144
Q00535,CDK5,LY2090314,MCF7,0.8916375343175439
Q00535,CDK5,Tofacitinib,MCF7,-1.2308153439133676
Q00535,CDK5,AZD8055,MCF7,0.9439198282862499
Q00535,CDK5,GDC0994,MCF7,-0.9512055452020318
Q00535,CDK5,JNK,MCF7,0.3481376247867428
Q00535,CDK5,LY2584702,MCF7,1.0263044131501673
Q00535,CDK5,PH797804,MCF7,-0.2469247277321936
Q00535,CDK5,Selumetinib,MCF7,0.39647104516913184
Q00535,CDK5,U73122,MCF7,1.6777732205261449
Q00535,CDK5,Ulixertinib,MCF7,-0.8324494641391974
Q00535,CDK5,Amuvatinib,MCF7,0.01833214834519406
Q00535,CDK5,AZD3759,MCF7,-0.1327645522907639
Q00535,CDK5,GSK690693,MCF7,1.2275815352820105
Q00535,CDK5,JNJ,MCF7,-0.22127213782727848
Q00535,CDK5,KN62,MCF7,-0.8229466314541944
Q00535,CDK5,Linsitinib,MCF7,-0.1669765163078842
Q00535,CDK5,LY2835219,MCF7,-1.8201279862198634
Q00535,CDK5,Ribociclib,MCF7,-1.5757381801406347
Q00535,CDK5,AC220,MCF7,-0.5972493766372315
Q00535,CDK5,Edelfosine,MCF7,0.9586459356192374
Q00535,CDK5,GF109203X,MCF7,0.8118529973759441
Q00535,CDK5,Go6976,MCF7,0.8338227718454607
Q00535,CDK5,PF4708671,MCF7,0.7296219124893352
Q00535,CDK5,SP600125,MCF7,-0.6690003011786126
Q00535,CDK5,TAK715,MCF7,-0.501788767714389
Q00535,CDK5,TBCA,MCF7,0.06398071174785634
Q00535,CDK5,AT13148,MCF7,0.39546704739024147
Q00535,CDK5,AZ20,MCF7,-0.23854287573225363
Q00535,CDK5,AZD6738,MCF7,-0.06160387759362955
Q00535,CDK5,Bosutinib,MCF7,-0.727388884599764
Q00535,CDK5,Dabrafenib,MCF7,-0.6179513832701006
Q00535,CDK5,Dasatinib,MCF7,1.014441622633879
Q00535,CDK5,DNAPK,MCF7,-2.1433198297757485
Q00535,CDK5,H89,MCF7,0.18965028226587335
Q00535,CDK5,KD025,MCF7,-0.807261520965737
Q00535,CDK5,NU7441,MCF7,-0.8646624158553724
Q00535,CDK5,Ripasudil,MCF7,-0.9611405582564444
Q00535,CDK5,Vemurafenib,MCF7,-0.6323184189889579
Q00535,CDK5,CX4945,MCF7,-0.06845883483461081
Q00535,CDK5,GO6983,MCF7,0.835575013715531
Q00535,CDK5,KN93,MCF7,-1.1781503358735161
Q00535,CDK5,MK2206,MCF7,-2.05271436342353
O43293,DAPK3,AZD6482,MCF7,0.876046970980275
O43293,DAPK3,CAL101,MCF7,-0.4089958001787325
O43293,DAPK3,GDC0941,MCF7,0.22237026180257255
O43293,DAPK3,HS173,MCF7,-0.31027546792412
O43293,DAPK3,PIK294,MCF7,-0.01416125290046794
O43293,DAPK3,TGX221,MCF7,-0.2401437960323898
O43293,DAPK3,AZD5438,MCF7,1.0675540431703028
O43293,DAPK3,FRAX486,MCF7,0.715692294791332
O43293,DAPK3,Ku0063794,MCF7,-0.11338180563353911
O43293,DAPK3,PD153035,MCF7,0.13659359517432523
O43293,DAPK3,PF3758309,MCF7,-0.2842583439479405
O43293,DAPK3,Torin,MCF7,0.75960998956589
O43293,DAPK3,Trametinib,MCF7,0.8351651362361694
O43293,DAPK3,AZD1480,MCF7,0.22027192141728513
O43293,DAPK3,AZD5363,MCF7,-1.5633493356071484
O43293,DAPK3,BX912,MCF7,0.204579050516775
O43293,DAPK3,CHIR99021,MCF7,0.04567015193918072
O43293,DAPK3,GSK2334470,MCF7,-0.6180498744717828
O43293,DAPK3,Ipatasertib,MCF7,-0.039691703810250056
O43293,DAPK3,LY2090314,MCF7,-0.7832507947544672
O43293,DAPK3,Tofacitinib,MCF7,-0.622678034487656
O43293,DAPK3,AZD8055,MCF7,1.0855178037297555
O43293,DAPK3,GDC0994,MCF7,-0.08504021498632139
O43293,DAPK3,JNK,MCF7,0.425505904620821
O43293,DAPK3,LY2584702,MCF7,-0.08230322147115306
O43293,DAPK3,PH797804,MCF7,0.5539484939148763
O43293,DAPK3,Selumetinib,MCF7,0.354874662613995
O43293,DAPK3,U73122,MCF7,0.2578702611554689
O43293,DAPK3,Ulixertinib,MCF7,0.42869896105465966
O43293,DAPK3,Amuvatinib,MCF7,-0.42822131130310337
O43293,DAPK3,AZD3759,MCF7,0.8545767357978209
O43293,DAPK3,GSK690693,MCF7,0.9382613529585505
O43293,DAPK3,JNJ,MCF7,1.64729100500051
O43293,DAPK3,KN62,MCF7,0.9970414388637431
O43293,DAPK3,Linsitinib,MCF7,0.5946635489369939
O43293,DAPK3,LY2835219,MCF7,0.5104085894828597
O43293,DAPK3,Ribociclib,MCF7,1.1513169554851592
O43293,DAPK3,AC220,MCF7,-0.11391765745103581
O43293,DAPK3,Edelfosine,MCF7,-0.8361593652696337
O43293,DAPK3,GF109203X,MCF7,0.8672972676674616
O43293,DAPK3,Go6976,MCF7,-0.3900993063276124
O43293,DAPK3,PF4708671,MCF7,-0.005905145607212398
O43293,DAPK3,SP600125,MCF7,-1.4986820417371405
O43293,DAPK3,TAK715,MCF7,-0.7189061385909505
O43293,DAPK3,TBCA,MCF7,-1.7371573892470147
O43293,DAPK3,AT13148,MCF7,-1.381348581192557
O43293,DAPK3,AZ20,MCF7,-0.09425514122632939
O43293,DAPK3,AZD6738,MCF7,0.4891784028882489
O43293,DAPK3,Bosutinib,MCF7,0.13263284937941872
O43293,DAPK3,Dabrafenib,MCF7,1.145001447064685
O43293,DAPK3,Dasatinib,MCF7,-0.8413603090713985
O43293,DAPK3,DNAPK,MCF7,-0.14391977800687014
O43293,DAPK3,H89,MCF7,0.07352457807769555
O43293,DAPK3,KD025,MCF7,-1.1134366117007992
O43293,DAPK3,NU7441,MCF7,0.689846812276857
O43293,DAPK3,Ripasudil,MCF7,0.9237023534469878
O43293,DAPK3,Vemurafenib,MCF7,1.1339524188011252
O43293,DAPK3,CX4945,MCF7,0.4250568139744547
O43293,DAPK3,GO6983,MCF7,-0.9856831180689009
O43293,DAPK3,KN93,MCF7,0.016121891146470852
O43293,DAPK3,MK2206,MCF7,-0.6189503425380549
P51812,RPS6KA3,AZD6482,MCF7,-0.2845769734753416
P51812,RPS6KA3,CAL101,MCF7,-0.8354429484760768
P51812,RPS6KA3,GDC0941,MCF7,-2.2358015609826207
P51812,RPS6KA3,HS173,MCF7,-3.207374822965844
P51812,RPS6KA3,PIK294,MCF7,0.3736128048718595
P51812,RPS6KA3,TGX221,MCF7,0.322391381211311
P51812,RPS6KA3,AZD5438,MCF7,1.7030736810316915
P51812,RPS6KA3,FRAX486,MCF7,-1.4559036206677352
P51812,RPS6KA3,Ku0063794,MCF7,-2.131128766505722
P51812,RPS6KA3,PD153035,MCF7,-0.47303707255748195
P51812,RPS6KA3,PF3758309,MCF7,-0.9620822794136219
P51812,RPS6KA3,Torin,MCF7,-3.3099511119858693
P51812,RPS6KA3,Trametinib,MCF7,-0.3854809206370907
P51812,RPS6KA3,AZD1480,MCF7,0.11416199811691495
P51812,RPS6KA3,AZD5363,MCF7,-2.062320383095763
P51812,RPS6KA3,BX912,MCF7,0.3045017810710043
P51812,RPS6KA3,CHIR99021,MCF7,-1.4036569510806398
P51812,RPS6KA3,GSK2334470,MCF7,-2.2615553961664374
P51812,RPS6KA3,Ipatasertib,MCF7,-1.7581403507822335
P51812,RPS6KA3,LY2090314,MCF7,-0.5990666126089074
P51812,RPS6KA3,Tofacitinib,MCF7,1.5246974488572482
P51812,RPS6KA3,AZD8055,MCF7,-1.2569423525122563
P51812,RPS6KA3,GDC0994,MCF7,-0.030778610148560717
P51812,RPS6KA3,JNK,MCF7,-0.779970198921099
P51812,RPS6KA3,LY2584702,MCF7,-1.3645917186282417
P51812,RPS6KA3,PH797804,MCF7,0.520412455273098
P51812,RPS6KA3,Selumetinib,MCF7,0.8067415874211687
P51812,RPS6KA3,U73122,MCF7,2.268392469195894
P51812,RPS6KA3,Ulixertinib,MCF7,1.5624026407418983
P51812,RPS6KA3,Amuvatinib,MCF7,-0.8943276635032278
P51812,RPS6KA3,AZD3759,MCF7,-0.7075729881375032
P51812,RPS6KA3,GSK690693,MCF7,-2.2076570903354362
P51812,RPS6KA3,JNJ,MCF7,-1.4265069692847805
P51812,RPS6KA3,KN62,MCF7,-0.8995569358329898
P51812,RPS6KA3,Linsitinib,MCF7,-1.1080198679796072
P51812,RPS6KA3,LY2835219,MCF7,-0.40280911771867206
P51812,RPS6KA3,Ribociclib,MCF7,-0.4054695189343668
P51812,RPS6KA3,AC220,MCF7,1.7282222765819193
P51812,RPS6KA3,Edelfosine,MCF7,-0.18732309590690532
P51812,RPS6KA3,GF109203X,MCF7,0.7771202546705004
P51812,RPS6KA3,Go6976,MCF7,0.410564389609893
P51812,RPS6KA3,PF4708671,MCF7,0.616524633593293
P51812,RPS6KA3,SP600125,MCF7,2.501197769545821
P51812,RPS6KA3,TAK715,MCF7,1.2642194098191122
P51812,RPS6KA3,TBCA,MCF7,0.6873873459627697
P51812,RPS6KA3,AT13148,MCF7,-1.4360091406923303
P51812,RPS6KA3,AZ20,MCF7,-1.7061518646238794
P51812,RPS6KA3,AZD6738,MCF7,-0.1235204940393527
P51812,RPS6KA3,Bosutinib,MCF7,0.6274577181430604
P51812,RPS6KA3,Dabrafenib,MCF7,0.40157219238595315
P51812,RPS6KA3,Dasatinib,MCF7,-0.08727076548786677
P51812,RPS6KA3,DNAPK,MCF7,-0.5590178086759614
P51812,RPS6KA3,H89,MCF7,-0.4743264314030717
P51812,RPS6KA3,KD025,MCF7,-0.6399950816845149
P51812,RPS6KA3,NU7441,MCF7,-1.3577067731268713
P51812,RPS6KA3,Ripasudil,MCF7,0.8941249047979634
P51812,RPS6KA3,Vemurafenib,MCF7,0.15111672010237512
P51812,RPS6KA3,CX4945,MCF7,0.056510326759005094
P51812,RPS6KA3,GO6983,MCF7,0.036271285039247085
P51812,RPS6KA3,KN93,MCF7,0.15625235875913113
P51812,RPS6KA3,MK2206,MCF7,-1.008701911975945
Q13535,ATR,AZD6482,MCF7,-1.1694531342156507
Q13535,ATR,CAL101,MCF7,0.7133777332319271
Q13535,ATR,GDC0941,MCF7,-0.9998167007194232
Q13535,ATR,HS173,MCF7,-0.5005611417702924
Q13535,ATR,PIK294,MCF7,-0.9043523535172199
Q13535,ATR,TGX221,MCF7,-1.1461205218979438
Q13535,ATR,AZD5438,MCF7,0.362249683385145
Q13535,ATR,FRAX486,MCF7,0.8458921018049871
Q13535,ATR,Ku0063794,MCF7,-0.7288748092525014
Q13535,ATR,PD153035,MCF7,-1.01973940605714
Q13535,ATR,PF3758309,MCF7,1.7030001275783209
Q13535,ATR,Torin,MCF7,-1.6413931437504827
Q13535,ATR,Trametinib,MCF7,-0.5885301476664565
Q13535,ATR,AZD1480,MCF7,-1.793138465173063
Q13535,ATR,AZD5363,MCF7,0.1682500025322459
Q13535,ATR,BX912,MCF7,0.829053325091862
Q13535,ATR,CHIR99021,MCF7,0.5933653043400186
Q13535,ATR,GSK2334470,MCF7,-0.2745206762130625
Q13535,ATR,Ipatasertib,MCF7,0.0721292519762535
Q13535,ATR,LY2090314,MCF7,0.7890604695484585
Q13535,ATR,Tofacitinib,MCF7,2.537641001040177
Q13535,ATR,AZD8055,MCF7,-0.6375019275985804
Q13535,ATR,GDC0994,MCF7,-1.1017997123322998
Q13535,ATR,JNK,MCF7,-1.191201694142554
Q13535,ATR,LY2584702,MCF7,-0.3162518197961036
Q13535,ATR,PH797804,MCF7,0.1989491206286814
Q13535,ATR,Selumetinib,MCF7,0.435290141189511
Q13535,ATR,U73122,MCF7,-0.2475686304117603
Q13535,ATR,Ulixertinib,MCF7,-0.5796741238393208
Q13535,ATR,Amuvatinib,MCF7,0.5020918997445053
Q13535,ATR,AZD3759,MCF7,1.0650363358119124
Q13535,ATR,GSK690693,MCF7,-0.15413851954245322
Q13535,ATR,JNJ,MCF7,1.3739013085268175
Q13535,ATR,KN62,MCF7,0.562376930968992
Q13535,ATR,Linsitinib,MCF7,0.5404450043985353
Q13535,ATR,LY2835219,MCF7,0.9171012686432413
Q13535,ATR,Ribociclib,MCF7,1.6859267297170029
Q13535,ATR,AC220,MCF7,-1.9927586155623513
Q13535,ATR,Edelfosine,MCF7,-2.055377609431897
Q13535,ATR,GF109203X,MCF7,-0.4051034807537019
Q13535,ATR,Go6976,MCF7,-2.1683079213156042
Q13535,ATR,PF4708671,MCF7,0.642883060153787
Q13535,ATR,SP600125,MCF7,-0.05561689201149347
Q13535,ATR,TAK715,MCF7,-1.6150261894325622
Q13535,ATR,TBCA,MCF7,-1.1167022036416057
Q13535,ATR,AT13148,MCF7,0.6926719099661321
Q13535,ATR,AZ20,MCF7,-0.7865758700130518
Q13535,ATR,AZD6738,MCF7,-0.10169516409294986
Q13535,ATR,Bosutinib,MCF7,0.08697530831560767
Q13535,ATR,Dabrafenib,MCF7,0.9845433912245316
Q13535,ATR,Dasatinib,MCF7,0.3451937366033778
Q13535,ATR,DNAPK,MCF7,0.4781701909832516
Q13535,ATR,H89,MCF7,0.9452645895386051
Q13535,ATR,KD025,MCF7,1.3441462623000087
Q13535,ATR,NU7441,MCF7,0.9661477425104091
Q13535,ATR,Ripasudil,MCF7,-0.03576954553739568
Q13535,ATR,Vemurafenib,MCF7,0.822198428746784
Q13535,ATR,CX4945,MCF7,-1.944913905062819
Q13535,ATR,GO6983,MCF7,-0.289841482467364
Q13535,ATR,KN93,MCF7,-1.2198274470349473
Q13535,ATR,MK2206,MCF7,-1.9924611187759744
P29597,TYK2,AZD6482,MCF7,0.3582661941188728
P29597,TYK2,CAL101,MCF7,0.26440834371343114
P29597,TYK2,GDC0941,MCF7,0.18699463963397855
P29597,TYK2,HS173,MCF7,-1.566466992604913
P29597,TYK2,PIK294,MCF7,0.2520125623193078
P29597,TYK2,TGX221,MCF7,0.3357036164942112
P29597,TYK2,AZD5438,MCF7,0.18592436422429404
P29597,TYK2,FRAX486,MCF7,-0.2119855694411118
P29597,TYK2,Ku0063794,MCF7,-0.004267587884560912
P29597,TYK2,PD153035,MCF7,-0.2658365138382202
P29597,TYK2,PF3758309,MCF7,-1.0810045641217412
P29597,TYK2,Torin,MCF7,-0.08057381020003207
P29597,TYK2,Trametinib,MCF7,-0.1356746296111503
P29597,TYK2,AZD1480,MCF7,-3.1246977027707232
P29597,TYK2,AZD5363,MCF7,-0.12572855539444858
P29597,TYK2,BX912,MCF7,-2.719200273361901
P29597,TYK2,CHIR99021,MCF7,-0.260914278438267
P29597,TYK2,GSK2334470,MCF7,0.2441423238866854
P29597,TYK2,Ipatasertib,MCF7,-0.08651723132121432
P29597,TYK2,LY2090314,MCF7,-0.23234245955962712
P29597,TYK2,Tofacitinib,MCF7,-0.11563889393015508
P29597,TYK2,AZD8055,MCF7,-0.11860390778291091
P29597,TYK2,GDC0994,MCF7,-0.16599181997426585
P29597,TYK2,JNK,MCF7,-0.012828754922473557
P29597,TYK2,LY2584702,MCF7,-0.4292798825207002
P29597,TYK2,PH797804,MCF7,0.09621176921134302
P29597,TYK2,Selumetinib,MCF7,-0.06186527303496614
P29597,TYK2,U73122,MCF7,0.006555155339853044
P29597,TYK2,Ulixertinib,MCF7,-0.07806433783524354
P29597,TYK2,Amuvatinib,MCF7,-2.2944353004596394
P29597,TYK2,AZD3759,MCF7,-1.5989862071721028
P29597,TYK2,GSK690693,MCF7,-1.4516611509472803
P29597,TYK2,JNJ,MCF7,-1.7410658541509503
P29597,TYK2,KN62,MCF7,-1.265214977197436
P29597,TYK2,Linsitinib,MCF7,-1.4314661086755587
P29597,TYK2,LY2835219,MCF7,-1.6944073755690263
P29597,TYK2,Ribociclib,MCF7,-1.9306120801366533
P29597,TYK2,AC220,MCF7,-0.05167676065669661
P29597,TYK2,Edelfosine,MCF7,-0.8174814671105961
P29597,TYK2,GF109203X,MCF7,-0.14747889329140196
P29597,TYK2,Go6976,MCF7,-0.2118992233650706
P29597,TYK2,PF4708671,MCF7,0.08453744211870345
P29597,TYK2,SP600125,MCF7,-0.31510562657114516
P29597,TYK2,TAK715,MCF7,-0.7419387369811744
P29597,TYK2,TBCA,MCF7,-0.3886779693978428
P29597,TYK2,AT13148,MCF7,0.350084873560702
P29597,TYK2,AZ20,MCF7,-0.3202233692300866
P29597,TYK2,AZD6738,MCF7,0.006687703996497801
P29597,TYK2,Bosutinib,MCF7,-0.05550380268366145
P29597,TYK2,Dabrafenib,MCF7,0.1566154734468396
P29597,TYK2,Dasatinib,MCF7,0.27036420034916225
P29597,TYK2,DNAPK,MCF7,-0.240274569437714
P29597,TYK2,H89,MCF7,-0.2011286319024709
P29597,TYK2,KD025,MCF7,-0.0075176461893975595
P29597,TYK2,NU7441,MCF7,0.12507412402732546
P29597,TYK2,Ripasudil,MCF7,0.2589298003836361
P29597,TYK2,Vemurafenib,MCF7,0.2472123861437045
P29597,TYK2,CX4945,MCF7,0.339909270379109
P29597,TYK2,GO6983,MCF7,0.25235325145206655
P29597,TYK2,KN93,MCF7,0.2429215540364531
P29597,TYK2,MK2206,MCF7,-0.21997384494731823
Q15418,RPS6KA1,AZD6482,MCF7,-0.3335448922525559
Q15418,RPS6KA1,CAL101,MCF7,-0.6595121584759336
Q15418,RPS6KA1,GDC0941,MCF7,-2.1887624600502598
Q15418,RPS6KA1,HS173,MCF7,-3.066387618053094
Q15418,RPS6KA1,PIK294,MCF7,0.02453229318378511
Q15418,RPS6KA1,TGX221,MCF7,0.37061222448837117
Q15418,RPS6KA1,AZD5438,MCF7,1.217327257551696
Q15418,RPS6KA1,FRAX486,MCF7,-0.9309639456584959
Q15418,RPS6KA1,Ku0063794,MCF7,-2.837350347977611
Q15418,RPS6KA1,PD153035,MCF7,-0.7474945198706613
Q15418,RPS6KA1,PF3758309,MCF7,-1.0796793941097125
Q15418,RPS6KA1,Torin,MCF7,-4.247171291575864
Q15418,RPS6KA1,Trametinib,MCF7,0.6039564444017247
Q15418,RPS6KA1,AZD1480,MCF7,1.318451954914438
Q15418,RPS6KA1,AZD5363,MCF7,0.25970182293806165
Q15418,RPS6KA1,BX912,MCF7,-0.10758572735050982
Q15418,RPS6KA1,CHIR99021,MCF7,1.4025233010709433
Q15418,RPS6KA1,GSK2334470,MCF7,-1.662818540562012
Q15418,RPS6KA1,Ipatasertib,MCF7,-0.2693603688006813
Q15418,RPS6KA1,LY2090314,MCF7,0.13453766241523482
Q15418,RPS6KA1,Tofacitinib,MCF7,1.2611359279843433
Q15418,RPS6KA1,AZD8055,MCF7,-3.8963971597915195
Q15418,RPS6KA1,GDC0994,MCF7,-0.17910495862586692
Q15418,RPS6KA1,JNK,MCF7,-0.8507182386367148
Q15418,RPS6KA1,LY2584702,MCF7,-1.2484745971245035
Q15418,RPS6KA1,PH797804,MCF7,-0.5488851220071751
Q15418,RPS6KA1,Selumetinib,MCF7,1.8334187127445052
Q15418,RPS6KA1,U73122,MCF7,0.18751628384156552
Q15418,RPS6KA1,Ulixertinib,MCF7,1.2576563279859778
Q15418,RPS6KA1,Amuvatinib,MCF7,0.694611712442747
Q15418,RPS6KA1,AZD3759,MCF7,1.240851628374976
Q15418,RPS6KA1,GSK690693,MCF7,-2.6565422165124652
Q15418,RPS6KA1,JNJ,MCF7,0.4383692510388996
Q15418,RPS6KA1,KN62,MCF7,1.6531735353490578
Q15418,RPS6KA1,Linsitinib,MCF7,-0.9110094681140652
Q15418,RPS6KA1,LY2835219,MCF7,-0.09225520599175321
Q15418,RPS6KA1,Ribociclib,MCF7,0.5077862361553653
Q15418,RPS6KA1,AC220,MCF7,0.42829106605938827
Q15418,RPS6KA1,Edelfosine,MCF7,0.09829117202133306
Q15418,RPS6KA1,GF109203X,MCF7,-0.6201825392484578
Q15418,RPS6KA1,Go6976,MCF7,-0.06414310428024474
Q15418,RPS6KA1,PF4708671,MCF7,-0.15685054861064923
Q15418,RPS6KA1,SP600125,MCF7,0.01256006410574591
Q15418,RPS6KA1,TAK715,MCF7,0.1741382207161784
Q15418,RPS6KA1,TBCA,MCF7,0.14347071032188624
Q15418,RPS6KA1,AT13148,MCF7,-2.8978523676605636
Q15418,RPS6KA1,AZ20,MCF7,-3.3777836402028387
Q15418,RPS6KA1,AZD6738,MCF7,-2.690216518282298
Q15418,RPS6KA1,Bosutinib,MCF7,-1.360661948763678
Q15418,RPS6KA1,Dabrafenib,MCF7,0.04460077998500985
Q15418,RPS6KA1,Dasatinib,MCF7,-3.2887359493231774
Q15418,RPS6KA1,DNAPK,MCF7,-2.1349207700504893
Q15418,RPS6KA1,H89,MCF7,-2.493525336723844
Q15418,RPS6KA1,KD025,MCF7,-1.7716399265839113
Q15418,RPS6KA1,NU7441,MCF7,-1.4316482335191933
Q15418,RPS6KA1,Ripasudil,MCF7,-1.0547765396419573
Q15418,RPS6KA1,Vemurafenib,MCF7,-0.7003000441813425
Q15418,RPS6KA1,CX4945,MCF7,-0.7986465836222727
Q15418,RPS6KA1,GO6983,MCF7,-0.27677526935102137
Q15418,RPS6KA1,KN93,MCF7,-0.9984036388957646
Q15418,RPS6KA1,MK2206,MCF7,-0.8943643254974497
Q00526,CDK3,AZD6482,MCF7,-0.2919386552028528
Q00526,CDK3,CAL101,MCF7,1.1058776012628704
Q00526,CDK3,GDC0941,MCF7,0.47366424331913304
Q00526,CDK3,HS173,MCF7,1.5694128179146591
Q00526,CDK3,PIK294,MCF7,1.0505971266311014
Q00526,CDK3,TGX221,MCF7,0.38494847636119517
Q00526,CDK3,AZD5438,MCF7,-1.0001150989402132
Q00526,CDK3,FRAX486,MCF7,0.037949302474598344
Q00526,CDK3,Ku0063794,MCF7,0.09596769062912784
Q00526,CDK3,PD153035,MCF7,0.15327399780026799
Q00526,CDK3,PF3758309,MCF7,-0.7467265202808285
Q00526,CDK3,Torin,MCF7,0.7261182609069231
Q00526,CDK3,Trametinib,MCF7,0.2796453412012166
Q00526,CDK3,AZD1480,MCF7,-0.945925069473917
Q00526,CDK3,AZD5363,MCF7,-0.7402971863393962
Q00526,CDK3,BX912,MCF7,-0.2001344478666278
Q00526,CDK3,CHIR99021,MCF7,-0.4074926339118639
Q00526,CDK3,GSK2334470,MCF7,0.1559385005434863
Q00526,CDK3,Ipatasertib,MCF7,0.7690815987301121
Q00526,CDK3,LY2090314,MCF7,0.6150659654012831
Q00526,CDK3,Tofacitinib,MCF7,-0.43604750112093504
Q00526,CDK3,AZD8055,MCF7,2.738570609984182
Q00526,CDK3,GDC0994,MCF7,1.0388064054038588
Q00526,CDK3,JNK,MCF7,0.8745254593286768
Q00526,CDK3,LY2584702,MCF7,2.4334657552192396
Q00526,CDK3,PH797804,MCF7,2.0528640523221884
Q00526,CDK3,Selumetinib,MCF7,0.8862849708868713
Q00526,CDK3,U73122,MCF7,1.9613669378345768
Q00526,CDK3,Ulixertinib,MCF7,1.2296480640882785
Q00526,CDK3,Amuvatinib,MCF7,0.18782731860280522
Q00526,CDK3,AZD3759,MCF7,0.27569149376352564
Q00526,CDK3,GSK690693,MCF7,1.3489996498828694
Q00526,CDK3,JNJ,MCF7,-0.13473208937851638
Q00526,CDK3,KN62,MCF7,0.46002380993174496
Q00526,CDK3,Linsitinib,MCF7,0.12473104183379755
Q00526,CDK3,LY2835219,MCF7,-0.1261293217986765
Q00526,CDK3,Ribociclib,MCF7,-0.7518007006778217
Q00526,CDK3,AC220,MCF7,0.5136605036788454
Q00526,CDK3,Edelfosine,MCF7,1.099680952664943
Q00526,CDK3,GF109203X,MCF7,0.02718886666802351
Q00526,CDK3,Go6976,MCF7,0.5424965985194306
Q00526,CDK3,PF4708671,MCF7,-0.3582482609595832
Q00526,CDK3,SP600125,MCF7,-0.35960716130457543
Q00526,CDK3,TAK715,MCF7,-0.1147027180318382
Q00526,CDK3,TBCA,MCF7,0.9627411137961516
Q00526,CDK3,AT13148,MCF7,0.8220489587399129
Q00526,CDK3,AZ20,MCF7,0.427167361711372
Q00526,CDK3,AZD6738,MCF7,0.6358372061478409
Q00526,CDK3,Bosutinib,MCF7,-0.9806586823551361
Q00526,CDK3,Dabrafenib,MCF7,1.1833081097363851
Q00526,CDK3,Dasatinib,MCF7,-0.49884290697839395
Q00526,CDK3,DNAPK,MCF7,-0.37760391761782947
Q00526,CDK3,H89,MCF7,-0.6241274560372916
Q00526,CDK3,KD025,MCF7,-0.09024625591095348
Q00526,CDK3,NU7441,MCF7,0.4021213798543638
Q00526,CDK3,Ripasudil,MCF7,-0.29159953488175466
Q00526,CDK3,Vemurafenib,MCF7,0.6839236749753365
Q00526,CDK3,CX4945,MCF7,0.4999429756844977
Q00526,CDK3,GO6983,MCF7,0.37874444579936284
Q00526,CDK3,KN93,MCF7,1.0075296711801027
Q00526,CDK3,MK2206,MCF7,-0.43471020405319194
P43405,SYK,AZD6482,MCF7,0.19464154731725264
P43405,SYK,CAL101,MCF7,-0.37379538633286724
P43405,SYK,GDC0941,MCF7,0.3545759113187808
P43405,SYK,HS173,MCF7,0.31232099871208074
P43405,SYK,PIK294,MCF7,0.29620969386325396
P43405,SYK,TGX221,MCF7,0.0382304525411029
P43405,SYK,AZD5438,MCF7,0.07694871865121515
P43405,SYK,FRAX486,MCF7,-0.0021575356040048287
P43405,SYK,Ku0063794,MCF7,-0.15234744053577212
P43405,SYK,PD153035,MCF7,0.4635508935166887
P43405,SYK,PF3758309,MCF7,0.10517265924234334
P43405,SYK,Torin,MCF7,0.9431338693679804
P43405,SYK,Trametinib,MCF7,-0.10236901069334424
P43405,SYK,AZD1480,MCF7,0.05209711089481972
P43405,SYK,AZD5363,MCF7,0.1082600077037455
P43405,SYK,BX912,MCF7,-0.12204578007663622
P43405,SYK,CHIR99021,MCF7,0.006337734928134214
P43405,SYK,GSK2334470,MCF7,0.8566233297496687
P43405,SYK,Ipatasertib,MCF7,0.17432970632880715
P43405,SYK,LY2090314,MCF7,0.4411839237674223
P43405,SYK,Tofacitinib,MCF7,0.1841951420308165
P43405,SYK,AZD8055,MCF7,0.4649111090599988
P43405,SYK,GDC0994,MCF7,-0.6150629572349541
P43405,SYK,JNK,MCF7,-0.34082425128951177
P43405,SYK,LY2584702,MCF7,-0.33088655726809485
P43405,SYK,PH797804,MCF7,0.31507640713367857
P43405,SYK,Selumetinib,MCF7,0.1260623278531804
P43405,SYK,U73122,MCF7,0.19939106070178805
P43405,SYK,Ulixertinib,MCF7,0.0012798628748411083
P43405,SYK,Amuvatinib,MCF7,0.13459876358378894
P43405,SYK,AZD3759,MCF7,0.6422239443672174
P43405,SYK,GSK690693,MCF7,0.8544692663921766
P43405,SYK,JNJ,MCF7,0.35940977437333854
P43405,SYK,KN62,MCF7,0.32069371210792935
P43405,SYK,Linsitinib,MCF7,0.3810171448686767
P43405,SYK,LY2835219,MCF7,0.28774258631632865
P43405,SYK,Ribociclib,MCF7,0.3312754604820758
P43405,SYK,AC220,MCF7,0.4358534081278344
P43405,SYK,Edelfosine,MCF7,-0.6303972931676247
P43405,SYK,GF109203X,MCF7,-0.3500692002458427
P43405,SYK,Go6976,MCF7,-0.29181169560640247
P43405,SYK,PF4708671,MCF7,0.5834893280621265
P43405,SYK,SP600125,MCF7,-0.8668563910959346
P43405,SYK,TAK715,MCF7,0.11692390395657318
P43405,SYK,TBCA,MCF7,0.19235547439989495
P43405,SYK,AT13148,MCF7,-0.22462421581701789
P43405,SYK,AZ20,MCF7,-0.9661220239153419
P43405,SYK,AZD6738,MCF7,-0.4520221900630518
P43405,SYK,Bosutinib,MCF7,0.16635424179246405
P43405,SYK,Dabrafenib,MCF7,-0.5906695441426723
P43405,SYK,Dasatinib,MCF7,0.15401781398025766
P43405,SYK,DNAPK,MCF7,-0.37436152850170484
P43405,SYK,H89,MCF7,-0.805944355452413
P43405,SYK,KD025,MCF7,-0.16487856732909068
P43405,SYK,NU7441,MCF7,0.33250314802244507
P43405,SYK,Ripasudil,MCF7,-0.267402645173504
P43405,SYK,Vemurafenib,MCF7,-0.11541490251376592
P43405,SYK,CX4945,MCF7,0.6951826972312021
P43405,SYK,GO6983,MCF7,0.5562309711529131
P43405,SYK,KN93,MCF7,0.7806023415763444
P43405,SYK,MK2206,MCF7,0.1580260058692524
O15111,CHUK,AZD6482,MCF7,0.42653720047881033
O15111,CHUK,CAL101,MCF7,0.15424774402812677
O15111,CHUK,GDC0941,MCF7,-2.373864255161543
O15111,CHUK,HS173,MCF7,-0.6191962329802135
O15111,CHUK,PIK294,MCF7,0.7952324420013711
O15111,CHUK,TGX221,MCF7,0.2821664343149383
O15111,CHUK,AZD5438,MCF7,0.05405319629739582
O15111,CHUK,FRAX486,MCF7,-0.029418197845959414
O15111,CHUK,Ku0063794,MCF7,-0.08656461208955182
O15111,CHUK,PD153035,MCF7,0.19081276792522245
O15111,CHUK,PF3758309,MCF7,-0.16980809369590746
O15111,CHUK,Torin,MCF7,-1.5022932168980618
O15111,CHUK,Trametinib,MCF7,-0.9234994304404821
O15111,CHUK,AZD1480,MCF7,-1.8098840461894847
O15111,CHUK,AZD5363,MCF7,-0.6210568195069414
O15111,CHUK,BX912,MCF7,-0.4878261395013587
O15111,CHUK,CHIR99021,MCF7,-0.040559276236762976
O15111,CHUK,GSK2334470,MCF7,-1.4355800602711983
O15111,CHUK,Ipatasertib,MCF7,-0.7285639465644566
O15111,CHUK,LY2090314,MCF7,-0.017838572318534675
O15111,CHUK,Tofacitinib,MCF7,-1.2781375960076105
O15111,CHUK,AZD8055,MCF7,-0.5686155583503274
O15111,CHUK,GDC0994,MCF7,0.738484620376124
O15111,CHUK,JNK,MCF7,-0.6447762990370144
O15111,CHUK,LY2584702,MCF7,-0.8195206139104221
O15111,CHUK,PH797804,MCF7,-1.3507421514720728
O15111,CHUK,Selumetinib,MCF7,-0.4587121395911013
O15111,CHUK,U73122,MCF7,-1.551637428305998
O15111,CHUK,Ulixertinib,MCF7,-1.4509983490080292
O15111,CHUK,Amuvatinib,MCF7,0.6915337628621816
O15111,CHUK,AZD3759,MCF7,0.38649575029285493
O15111,CHUK,GSK690693,MCF7,0.46888390066028046
O15111,CHUK,JNJ,MCF7,0.7776368143282578
O15111,CHUK,KN62,MCF7,1.4133388545795402
O15111,CHUK,Linsitinib,MCF7,0.5877076750925496
O15111,CHUK,LY2835219,MCF7,0.3742054666820051
O15111,CHUK,Ribociclib,MCF7,1.1867914264904698
O15111,CHUK,AC220,MCF7,0.429807821159583
O15111,CHUK,Edelfosine,MCF7,-0.20120829981717225
O15111,CHUK,GF109203X,MCF7,0.7557609074395604
O15111,CHUK,Go6976,MCF7,0.1449850953318848
O15111,CHUK,PF4708671,MCF7,0.4409528320514337
O15111,CHUK,SP600125,MCF7,0.3816930201983956
O15111,CHUK,TAK715,MCF7,0.3425873047918654
O15111,CHUK,TBCA,MCF7,0.7131950089626777
O15111,CHUK,AT13148,MCF7,0.8305020401405444
O15111,CHUK,AZ20,MCF7,0.13413315369273168
O15111,CHUK,AZD6738,MCF7,0.42972820510588694
O15111,CHUK,Bosutinib,MCF7,-0.5776955003319315
O15111,CHUK,Dabrafenib,MCF7,0.3936536308028925
O15111,CHUK,Dasatinib,MCF7,0.24550223017802314
O15111,CHUK,DNAPK,MCF7,0.37424201010680674
O15111,CHUK,H89,MCF7,0.4988725133341353
O15111,CHUK,KD025,MCF7,0.23138462931949602
O15111,CHUK,NU7441,MCF7,0.027791759989152415
O15111,CHUK,Ripasudil,MCF7,0.23301768249310362
O15111,CHUK,Vemurafenib,MCF7,0.667152477889793
O15111,CHUK,CX4945,MCF7,0.6531135957684124
O15111,CHUK,GO6983,MCF7,1.0319173158497077
O15111,CHUK,KN93,MCF7,0.9288630942811976
O15111,CHUK,MK2206,MCF7,0.5311887912579929
P42345,MTOR,AZD6482,MCF7,1.3106271903162272
P42345,MTOR,CAL101,MCF7,0.9104863445473903
P42345,MTOR,GDC0941,MCF7,-2.6503952394310972
P42345,MTOR,HS173,MCF7,-0.7373411942091076
P42345,MTOR,PIK294,MCF7,1.605317528612159
P42345,MTOR,TGX221,MCF7,2.115563574952798
P42345,MTOR,AZD5438,MCF7,0.7284090548235224
P42345,MTOR,FRAX486,MCF7,1.126719809606303
P42345,MTOR,Ku0063794,MCF7,-5.466093455522974
P42345,MTOR,PD153035,MCF7,0.3491955679520246
P42345,MTOR,PF3758309,MCF7,0.6904705926796078
P42345,MTOR,Torin,MCF7,-4.514777260898942
P42345,MTOR,Trametinib,MCF7,1.7972700304583327
P42345,MTOR,AZD1480,MCF7,-0.9304982861045556
P42345,MTOR,AZD5363,MCF7,-0.8466722000126361
P42345,MTOR,BX912,MCF7,1.9507994447363832
P42345,MTOR,CHIR99021,MCF7,-0.044696454606367474
P42345,MTOR,GSK2334470,MCF7,-1.3143973655811043
P42345,MTOR,Ipatasertib,MCF7,-2.399587699441872
P42345,MTOR,LY2090314,MCF7,1.0969457723555602
P42345,MTOR,Tofacitinib,MCF7,1.689337889244008
P42345,MTOR,AZD8055,MCF7,-5.14253606322303
P42345,MTOR,GDC0994,MCF7,0.5825313737659112
P42345,MTOR,JNK,MCF7,-0.28787467959343616
P42345,MTOR,LY2584702,MCF7,0.8411519546660279
P42345,MTOR,PH797804,MCF7,-0.07326168135752074
P42345,MTOR,Selumetinib,MCF7,0.5346194276118348
P42345,MTOR,U73122,MCF7,0.72932673306968
P42345,MTOR,Ulixertinib,MCF7,0.6737548637579632
P42345,MTOR,Amuvatinib,MCF7,-1.3951725223918436
P42345,MTOR,AZD3759,MCF7,0.07863431770781776
P42345,MTOR,GSK690693,MCF7,-1.2758900603728056
P42345,MTOR,JNJ,MCF7,-0.25315670177186905
P42345,MTOR,KN62,MCF7,-1.0802585694721447
P42345,MTOR,Linsitinib,MCF7,-1.729655302394495
P42345,MTOR,LY2835219,MCF7,-1.3243599514945454
P42345,MTOR,Ribociclib,MCF7,-1.7187093427436217
P42345,MTOR,AC220,MCF7,-1.0902360652624805
P42345,MTOR,Edelfosine,MCF7,-2.6715536040135226
P42345,MTOR,GF109203X,MCF7,-0.953668036455226
P42345,MTOR,Go6976,MCF7,-0.024206302178601768
P42345,MTOR,PF4708671,MCF7,-0.8776518706864781
P42345,MTOR,SP600125,MCF7,-0.2848700130779816
P42345,MTOR,TAK715,MCF7,-1.1673399090221346
P42345,MTOR,TBCA,MCF7,0.28672155058953186
P42345,MTOR,AT13148,MCF7,0.7125513776804618
P42345,MTOR,AZ20,MCF7,-4.322752018473263
P42345,MTOR,AZD6738,MCF7,-0.7747370364740432
P42345,MTOR,Bosutinib,MCF7,0.6086372471590192
P42345,MTOR,Dabrafenib,MCF7,0.3236666422050765
P42345,MTOR,Dasatinib,MCF7,-0.38463099240057064
P42345,MTOR,DNAPK,MCF7,0.009835800965393325
P42345,MTOR,H89,MCF7,1.2792985033014395
P42345,MTOR,KD025,MCF7,-1.0433555191748591
P42345,MTOR,NU7441,MCF7,-0.5756870057281136
P42345,MTOR,Ripasudil,MCF7,1.459721564392321
P42345,MTOR,Vemurafenib,MCF7,1.042292258694829
P42345,MTOR,CX4945,MCF7,-0.31575401298246875
P42345,MTOR,GO6983,MCF7,-0.04210025711040749
P42345,MTOR,KN93,MCF7,0.6212172675313851
P42345,MTOR,MK2206,MCF7,-0.9937694757588581
P53667,LIMK1,AZD6482,MCF7,0.1918123384681049
P53667,LIMK1,CAL101,MCF7,0.38902438362613645
P53667,LIMK1,GDC0941,MCF7,0.286243635122455
P53667,LIMK1,HS173,MCF7,0.09183105034029734
P53667,LIMK1,PIK294,MCF7,0.5004087611523074
P53667,LIMK1,TGX221,MCF7,0.37183038438035854
P53667,LIMK1,AZD5438,MCF7,0.09728094617138588
P53667,LIMK1,FRAX486,MCF7,-1.3070236070480061
P53667,LIMK1,Ku0063794,MCF7,-0.1452450598987885
P53667,LIMK1,PD153035,MCF7,-0.03367708581102342
P53667,LIMK1,PF3758309,MCF7,0.08850432114543721
P53667,LIMK1,Torin,MCF7,-0.39004377148105923
P53667,LIMK1,Trametinib,MCF7,0.5070959433568698
P53667,LIMK1,AZD1480,MCF7,0.8082469989256413
P53667,LIMK1,AZD5363,MCF7,-0.5907396886916617
P53667,LIMK1,BX912,MCF7,0.10976994727845106
P53667,LIMK1,CHIR99021,MCF7,0.3478093390752382
P53667,LIMK1,GSK2334470,MCF7,0.12502219817738344
P53667,LIMK1,Ipatasertib,MCF7,-0.048054125669890584
P53667,LIMK1,LY2090314,MCF7,0.19572720398827229
P53667,LIMK1,Tofacitinib,MCF7,0.12075632314746905
P53667,LIMK1,AZD8055,MCF7,-0.3408942703309912
P53667,LIMK1,GDC0994,MCF7,-0.18176705666313245
P53667,LIMK1,JNK,MCF7,0.32299553585813323
P53667,LIMK1,LY2584702,MCF7,-0.25724755480457856
P53667,LIMK1,PH797804,MCF7,0.652109024208596
P53667,LIMK1,Selumetinib,MCF7,0.24132475336871004
P53667,LIMK1,U73122,MCF7,0.04923829500876
P53667,LIMK1,Ulixertinib,MCF7,-0.2032591003058489
P53667,LIMK1,Amuvatinib,MCF7,0.3910036022073548
P53667,LIMK1,AZD3759,MCF7,0.6436747538273448
P53667,LIMK1,GSK690693,MCF7,0.21494609413670981
P53667,LIMK1,JNJ,MCF7,0.31682085384456476
P53667,LIMK1,KN62,MCF7,0.46783470037931235
P53667,LIMK1,Linsitinib,MCF7,0.42557769237541976
P53667,LIMK1,LY2835219,MCF7,0.09039935483072786
P53667,LIMK1,Ribociclib,MCF7,-0.7419715936937215
P53667,LIMK1,AC220,MCF7,-0.45084116551582415
P53667,LIMK1,Edelfosine,MCF7,-0.2359946372214151
P53667,LIMK1,GF109203X,MCF7,0.5482621081205957
P53667,LIMK1,Go6976,MCF7,-0.15718990513643877
P53667,LIMK1,PF4708671,MCF7,0.15264371076148728
P53667,LIMK1,SP600125,MCF7,-0.011238064885307791
P53667,LIMK1,TAK715,MCF7,0.10944754947760492
P53667,LIMK1,TBCA,MCF7,-0.21305733973025862
P53667,LIMK1,AT13148,MCF7,-4.58080202048741
P53667,LIMK1,AZ20,MCF7,0.0233941246984726
P53667,LIMK1,AZD6738,MCF7,-0.7465862762421576
P53667,LIMK1,Bosutinib,MCF7,-0.4128862332161029
P53667,LIMK1,Dabrafenib,MCF7,-4.974729309208315
P53667,LIMK1,Dasatinib,MCF7,-3.248961001845772
P53667,LIMK1,DNAPK,MCF7,-0.3805576244108069
P53667,LIMK1,H89,MCF7,-0.1959838237546195
P53667,LIMK1,KD025,MCF7,-0.1877638368265808
P53667,LIMK1,NU7441,MCF7,0.23721662862369336
P53667,LIMK1,Ripasudil,MCF7,-0.630820814060067
P53667,LIMK1,Vemurafenib,MCF7,-0.2768201573764179
P53667,LIMK1,CX4945,MCF7,0.11667447783524415
P53667,LIMK1,GO6983,MCF7,0.01499672983750609
P53667,LIMK1,KN93,MCF7,0.13597241983519975
P53667,LIMK1,MK2206,MCF7,0.3576506740503686
Q96S53,TESK2,AZD6482,MCF7,-0.0654315144306526
Q96S53,TESK2,CAL101,MCF7,0.3179373006817601
Q96S53,TESK2,GDC0941,MCF7,0.31174745512081214
Q96S53,TESK2,HS173,MCF7,0.19248581087125183
Q96S53,TESK2,PIK294,MCF7,0.38079155291178346
Q96S53,TESK2,TGX221,MCF7,0.33720575617914567
Q96S53,TESK2,AZD5438,MCF7,0.2520781947418132
Q96S53,TESK2,FRAX486,MCF7,-2.107096174998358
Q96S53,TESK2,Ku0063794,MCF7,-0.2316673799079126
Q96S53,TESK2,PD153035,MCF7,-0.11516804414763415
Q96S53,TESK2,PF3758309,MCF7,-0.3624921874093747
Q96S53,TESK2,Torin,MCF7,-0.5087551007019488
Q96S53,TESK2,Trametinib,MCF7,0.3356681520771645
Q96S53,TESK2,AZD1480,MCF7,0.6234236730118977
Q96S53,TESK2,AZD5363,MCF7,-1.087686381994018
Q96S53,TESK2,BX912,MCF7,-0.036537668980506456
Q96S53,TESK2,CHIR99021,MCF7,0.28419381172058483
Q96S53,TESK2,GSK2334470,MCF7,0.6084339664931584
Q96S53,TESK2,Ipatasertib,MCF7,0.024554974355667412
Q96S53,TESK2,LY2090314,MCF7,-0.09476562779981294
Q96S53,TESK2,Tofacitinib,MCF7,-0.009048751564656933
Q96S53,TESK2,AZD8055,MCF7,-0.2997946703841212
Q96S53,TESK2,GDC0994,MCF7,-0.820282365088552
Q96S53,TESK2,JNK,MCF7,0.20279184170528358
Q96S53,TESK2,LY2584702,MCF7,-0.42558449823148065
Q96S53,TESK2,PH797804,MCF7,0.4896691945332735
Q96S53,TESK2,Selumetinib,MCF7,0.1658023096406451
Q96S53,TESK2,U73122,MCF7,-0.04872275818939256
Q96S53,TESK2,Ulixertinib,MCF7,-0.14563634764651
Q96S53,TESK2,Amuvatinib,MCF7,0.48673965393248414
Q96S53,TESK2,AZD3759,MCF7,0.6973428550985312
Q96S53,TESK2,GSK690693,MCF7,0.1363026572794621
Q96S53,TESK2,JNJ,MCF7,0.416084541714658
Q96S53,TESK2,KN62,MCF7,0.5020460948363819
Q96S53,TESK2,Linsitinib,MCF7,0.6266172434002847
Q96S53,TESK2,LY2835219,MCF7,0.4920071724258721
Q96S53,TESK2,Ribociclib,MCF7,-0.3889056338642692
Q96S53,TESK2,AC220,MCF7,-0.3871203899986411
Q96S53,TESK2,Edelfosine,MCF7,0.05724848329235198
Q96S53,TESK2,GF109203X,MCF7,0.45534961605921537
Q96S53,TESK2,Go6976,MCF7,-0.2632814651893199
Q96S53,TESK2,PF4708671,MCF7,-4.71696878466009e-06
Q96S53,TESK2,SP600125,MCF7,0.038213444924393464
Q96S53,TESK2,TAK715,MCF7,0.16234947377061498
Q96S53,TESK2,TBCA,MCF7,-0.253228737312472
Q96S53,TESK2,AT13148,MCF7,-6.468117680185549
Q96S53,TESK2,AZ20,MCF7,0.047639145086327724
Q96S53,TESK2,AZD6738,MCF7,-0.5884034479618631
Q96S53,TESK2,Bosutinib,MCF7,-0.4122315068939996
Q96S53,TESK2,Dabrafenib,MCF7,-5.599252581570888
Q96S53,TESK2,Dasatinib,MCF7,-4.589580911454705
Q96S53,TESK2,DNAPK,MCF7,-0.4789218281323138
Q96S53,TESK2,H89,MCF7,-0.7783351267993402
Q96S53,TESK2,KD025,MCF7,-0.39834349582955036
Q96S53,TESK2,NU7441,MCF7,0.17063866542739725
Q96S53,TESK2,Ripasudil,MCF7,-0.7747935324354056
Q96S53,TESK2,Vemurafenib,MCF7,-0.20673906086507218
Q96S53,TESK2,CX4945,MCF7,-0.3480599174339432
Q96S53,TESK2,GO6983,MCF7,-0.3623216785859352
Q96S53,TESK2,KN93,MCF7,-0.40829376588312466
Q96S53,TESK2,MK2206,MCF7,-0.060222272296962996
Q13177,PAK2,AZD6482,MCF7,0.5232512089994334
Q13177,PAK2,CAL101,MCF7,-0.4866098966657674
Q13177,PAK2,GDC0941,MCF7,-0.9533630807163668
Q13177,PAK2,HS173,MCF7,0.02780149158665765
Q13177,PAK2,PIK294,MCF7,0.527956966758155
Q13177,PAK2,TGX221,MCF7,0.42406750372833624
Q13177,PAK2,AZD5438,MCF7,0.8706023250336415
Q13177,PAK2,FRAX486,MCF7,-0.19321774248894208
Q13177,PAK2,Ku0063794,MCF7,-0.48789732481949094
Q13177,PAK2,PD153035,MCF7,1.0281529350694165
Q13177,PAK2,PF3758309,MCF7,-0.2032623254404042
Q13177,PAK2,Torin,MCF7,-0.5848523915096768
Q13177,PAK2,Trametinib,MCF7,1.9076985518758116
Q13177,PAK2,AZD1480,MCF7,-0.016429266623216535
Q13177,PAK2,AZD5363,MCF7,-0.9454557844200685
Q13177,PAK2,BX912,MCF7,0.4663025933602664
Q13177,PAK2,CHIR99021,MCF7,-0.05082211193074619
Q13177,PAK2,GSK2334470,MCF7,-0.5053983057618816
Q13177,PAK2,Ipatasertib,MCF7,0.7296838195239712
Q13177,PAK2,LY2090314,MCF7,-0.3962771967437225
Q13177,PAK2,Tofacitinib,MCF7,-0.6113707823084723
Q13177,PAK2,AZD8055,MCF7,-0.7547918014536378
Q13177,PAK2,GDC0994,MCF7,0.15002215191952295
Q13177,PAK2,JNK,MCF7,0.7596085115762646
Q13177,PAK2,LY2584702,MCF7,0.1523948252094886
Q13177,PAK2,PH797804,MCF7,0.7006470493572501
Q13177,PAK2,Selumetinib,MCF7,0.718217613663732
Q13177,PAK2,U73122,MCF7,0.5203704294397132
Q13177,PAK2,Ulixertinib,MCF7,0.48946015445050717
Q13177,PAK2,Amuvatinib,MCF7,-0.48873868770411694
Q13177,PAK2,AZD3759,MCF7,0.6722030373079925
Q13177,PAK2,GSK690693,MCF7,0.2808880353017835
Q13177,PAK2,JNJ,MCF7,0.9489739045220051
Q13177,PAK2,KN62,MCF7,-0.11244119746953016
Q13177,PAK2,Linsitinib,MCF7,-0.033837954287755025
Q13177,PAK2,LY2835219,MCF7,0.09157822294286028
Q13177,PAK2,Ribociclib,MCF7,-0.3133215439522119
Q13177,PAK2,AC220,MCF7,1.374473651351285
Q13177,PAK2,Edelfosine,MCF7,0.38330135955794026
Q13177,PAK2,GF109203X,MCF7,1.8435935068129938
Q13177,PAK2,Go6976,MCF7,1.1149243388686705
Q13177,PAK2,PF4708671,MCF7,1.5044696845095393
Q13177,PAK2,SP600125,MCF7,-0.30032876659500196
Q13177,PAK2,TAK715,MCF7,0.20915913013392684
Q13177,PAK2,TBCA,MCF7,0.3198920343216984
Q13177,PAK2,AT13148,MCF7,-2.566589459831862
Q13177,PAK2,AZ20,MCF7,-0.7466369214596199
Q13177,PAK2,AZD6738,MCF7,0.04308839884228741
Q13177,PAK2,Bosutinib,MCF7,-0.06505377004843073
Q13177,PAK2,Dabrafenib,MCF7,-1.5051245095534496
Q13177,PAK2,Dasatinib,MCF7,-2.58521691307346
Q13177,PAK2,DNAPK,MCF7,-1.5955138913844522
Q13177,PAK2,H89,MCF7,-1.0361015613414517
Q13177,PAK2,KD025,MCF7,-1.822632294534538
Q13177,PAK2,NU7441,MCF7,0.128306425303939
Q13177,PAK2,Ripasudil,MCF7,-0.8384841604377458
Q13177,PAK2,Vemurafenib,MCF7,0.04027023734531604
Q13177,PAK2,CX4945,MCF7,1.1055728099447795
Q13177,PAK2,GO6983,MCF7,0.2721028452025802
Q13177,PAK2,KN93,MCF7,1.3243917276383625
Q13177,PAK2,MK2206,MCF7,0.7681773276760866
P50750,CDK9,AZD6482,MCF7,-0.13835123637885502
P50750,CDK9,CAL101,MCF7,1.1686031448169825
P50750,CDK9,GDC0941,MCF7,0.5819169751699848
P50750,CDK9,HS173,MCF7,1.352958264179298
P50750,CDK9,PIK294,MCF7,2.2402258765458978
P50750,CDK9,TGX221,MCF7,0.4369983637427123
P50750,CDK9,AZD5438,MCF7,-1.801330102651607
P50750,CDK9,FRAX486,MCF7,0.842288045585403
P50750,CDK9,Ku0063794,MCF7,0.8006357347289476
P50750,CDK9,PD153035,MCF7,1.1382421573942334
P50750,CDK9,PF3758309,MCF7,-0.868878782357223
P50750,CDK9,Torin,MCF7,1.109520307364632
P50750,CDK9,Trametinib,MCF7,0.5934533015052266
P50750,CDK9,AZD1480,MCF7,-0.4080862884040711
P50750,CDK9,AZD5363,MCF7,1.1932202129654896
P50750,CDK9,BX912,MCF7,0.7367310565703756
P50750,CDK9,CHIR99021,MCF7,-0.7056345676166715
P50750,CDK9,GSK2334470,MCF7,-1.059555333511617
P50750,CDK9,Ipatasertib,MCF7,-0.04713598646331087
P50750,CDK9,LY2090314,MCF7,0.8227239634090304
P50750,CDK9,Tofacitinib,MCF7,0.9400283380041194
P50750,CDK9,AZD8055,MCF7,2.3089733675079445
P50750,CDK9,GDC0994,MCF7,1.2154549179554415
P50750,CDK9,JNK,MCF7,1.403954846203946
P50750,CDK9,LY2584702,MCF7,2.5897181442607367
P50750,CDK9,PH797804,MCF7,1.6375588654148607
P50750,CDK9,Selumetinib,MCF7,0.4039879944052669
P50750,CDK9,U73122,MCF7,1.5570041122768283
P50750,CDK9,Ulixertinib,MCF7,0.8604538638523064
P50750,CDK9,Amuvatinib,MCF7,-0.3729518260909279
P50750,CDK9,AZD3759,MCF7,-0.31368797009155
P50750,CDK9,GSK690693,MCF7,0.2828896896223749
P50750,CDK9,JNJ,MCF7,-0.9769554123451604
P50750,CDK9,KN62,MCF7,0.3145784706702649
P50750,CDK9,Linsitinib,MCF7,-0.4954044327642975
P50750,CDK9,LY2835219,MCF7,-0.3755058068571149
P50750,CDK9,Ribociclib,MCF7,-3.0360430293899614
P50750,CDK9,AC220,MCF7,1.015862137974332
P50750,CDK9,Edelfosine,MCF7,1.7263870849862375
P50750,CDK9,GF109203X,MCF7,3.047281019947033
P50750,CDK9,Go6976,MCF7,2.42428988669918
P50750,CDK9,PF4708671,MCF7,1.5359642867866734
P50750,CDK9,SP600125,MCF7,1.859844483560592
P50750,CDK9,TAK715,MCF7,1.2142718695350032
P50750,CDK9,TBCA,MCF7,2.123103049281632
P50750,CDK9,AT13148,MCF7,1.3443599900360503
P50750,CDK9,AZ20,MCF7,0.2848336112849857
P50750,CDK9,AZD6738,MCF7,-0.8045575669966227
P50750,CDK9,Bosutinib,MCF7,1.4876822308146243
P50750,CDK9,Dabrafenib,MCF7,-0.3890142281628533
P50750,CDK9,Dasatinib,MCF7,0.7494955279793674
P50750,CDK9,DNAPK,MCF7,1.2459654546797916
P50750,CDK9,H89,MCF7,0.8138870400812069
P50750,CDK9,KD025,MCF7,0.13209046919352102
P50750,CDK9,NU7441,MCF7,0.961329391481203
P50750,CDK9,Ripasudil,MCF7,0.7869605370686561
P50750,CDK9,Vemurafenib,MCF7,0.4309110384538955
P50750,CDK9,CX4945,MCF7,0.45795991276380166
P50750,CDK9,GO6983,MCF7,0.9437230570547929
P50750,CDK9,KN93,MCF7,0.7042815379386013
P50750,CDK9,MK2206,MCF7,0.14007511482108437
P49674,CSNK1E,AZD6482,MCF7,0.2658637095619067
P49674,CSNK1E,CAL101,MCF7,-2.153005525954477
P49674,CSNK1E,GDC0941,MCF7,-0.42826356789385145
P49674,CSNK1E,HS173,MCF7,-0.22474236561975716
P49674,CSNK1E,PIK294,MCF7,-1.5397276512735785
P49674,CSNK1E,TGX221,MCF7,-2.21809473716545
P49674,CSNK1E,AZD5438,MCF7,0.6239472565019346
P49674,CSNK1E,FRAX486,MCF7,-0.5331042656180538
P49674,CSNK1E,Ku0063794,MCF7,-0.657053017162375
P49674,CSNK1E,PD153035,MCF7,-0.39541783416484333
P49674,CSNK1E,PF3758309,MCF7,0.6424070733705638
P49674,CSNK1E,Torin,MCF7,0.9340741508326473
P49674,CSNK1E,Trametinib,MCF7,-0.659369443233254
P49674,CSNK1E,AZD1480,MCF7,-0.9885357230799011
P49674,CSNK1E,AZD5363,MCF7,-1.5304035732167087
P49674,CSNK1E,BX912,MCF7,-0.3942139055771075
P49674,CSNK1E,CHIR99021,MCF7,-1.5595206040907241
P49674,CSNK1E,GSK2334470,MCF7,-1.5365433696820274
P49674,CSNK1E,Ipatasertib,MCF7,-1.8424786113531402
P49674,CSNK1E,LY2090314,MCF7,-0.6395624741658014
P49674,CSNK1E,Tofacitinib,MCF7,-0.9779682791654117
P49674,CSNK1E,AZD8055,MCF7,-0.27043402103419556
P49674,CSNK1E,GDC0994,MCF7,0.8972776445558173
P49674,CSNK1E,JNK,MCF7,-2.805362815347104
P49674,CSNK1E,LY2584702,MCF7,-0.5095574348212449
P49674,CSNK1E,PH797804,MCF7,0.058888777717290404
P49674,CSNK1E,Selumetinib,MCF7,-1.1244240419657394
P49674,CSNK1E,U73122,MCF7,-1.0118228428746827
P49674,CSNK1E,Ulixertinib,MCF7,-1.5514468505884211
P49674,CSNK1E,Amuvatinib,MCF7,-3.2819430951699253
P49674,CSNK1E,AZD3759,MCF7,-2.118510724732807
P49674,CSNK1E,GSK690693,MCF7,-0.31289155302896443
P49674,CSNK1E,JNJ,MCF7,-2.400366875812692
P49674,CSNK1E,KN62,MCF7,-1.6121581974353143
P49674,CSNK1E,Linsitinib,MCF7,-1.002492160989308
P49674,CSNK1E,LY2835219,MCF7,-0.439718300354888
P49674,CSNK1E,Ribociclib,MCF7,-1.6997429554756487
P49674,CSNK1E,AC220,MCF7,-0.3458696315460697
P49674,CSNK1E,Edelfosine,MCF7,-2.0960198416844937
P49674,CSNK1E,GF109203X,MCF7,-0.8052283446790631
P49674,CSNK1E,Go6976,MCF7,0.00486660589179205
P49674,CSNK1E,PF4708671,MCF7,-2.6457695118109252
P49674,CSNK1E,SP600125,MCF7,-0.9074161893820034
P49674,CSNK1E,TAK715,MCF7,-1.2632292654437887
P49674,CSNK1E,TBCA,MCF7,-0.08716710039045758
P49674,CSNK1E,AT13148,MCF7,1.3840989071868002
P49674,CSNK1E,AZ20,MCF7,0.7316726965865756
P49674,CSNK1E,AZD6738,MCF7,-0.14568208649264572
P49674,CSNK1E,Bosutinib,MCF7,-0.4265452079831793
P49674,CSNK1E,Dabrafenib,MCF7,0.79648282759307
P49674,CSNK1E,Dasatinib,MCF7,-0.5938833953495042
P49674,CSNK1E,DNAPK,MCF7,1.1661797228841952
P49674,CSNK1E,H89,MCF7,-0.21838019773463124
P49674,CSNK1E,KD025,MCF7,-0.8000706899238917
P49674,CSNK1E,NU7441,MCF7,1.1042516776259792
P49674,CSNK1E,Ripasudil,MCF7,-0.6838618329006874
P49674,CSNK1E,Vemurafenib,MCF7,0.08932742331304658
P49674,CSNK1E,CX4945,MCF7,1.1120171993985164
P49674,CSNK1E,GO6983,MCF7,1.678954384672943
P49674,CSNK1E,KN93,MCF7,0.7589097022633617
P49674,CSNK1E,MK2206,MCF7,0.7606410381274914
Q13418,ILK,AZD6482,MCF7,0.013621327750311081
Q13418,ILK,CAL101,MCF7,-0.395175889303419
Q13418,ILK,GDC0941,MCF7,-1.1990462106766906
Q13418,ILK,HS173,MCF7,-1.1676471886407214
Q13418,ILK,PIK294,MCF7,-0.42319612528389783
Q13418,ILK,TGX221,MCF7,-0.3749460246211486
Q13418,ILK,AZD5438,MCF7,2.8187106266556787
Q13418,ILK,FRAX486,MCF7,0.7309066805066488
Q13418,ILK,Ku0063794,MCF7,1.5861021464411444
Q13418,ILK,PD153035,MCF7,0.3523369806570829
Q13418,ILK,PF3758309,MCF7,0.010444140662831615
Q13418,ILK,Torin,MCF7,1.4499303923212574
Q13418,ILK,Trametinib,MCF7,1.7127226137884544
Q13418,ILK,AZD1480,MCF7,-0.12754681575223142
Q13418,ILK,AZD5363,MCF7,-0.44432471017972236
Q13418,ILK,BX912,MCF7,-0.313394911936484
Q13418,ILK,CHIR99021,MCF7,-1.0742881462037281
Q13418,ILK,GSK2334470,MCF7,-2.623140064837866
Q13418,ILK,Ipatasertib,MCF7,1.3162852067252655
Q13418,ILK,LY2090314,MCF7,-1.557664879118644
Q13418,ILK,Tofacitinib,MCF7,0.2879484287684599
Q13418,ILK,AZD8055,MCF7,1.6928189216132126
Q13418,ILK,GDC0994,MCF7,-0.14781450102724147
Q13418,ILK,JNK,MCF7,0.5052324280873758
Q13418,ILK,LY2584702,MCF7,-0.5336765082930784
Q13418,ILK,PH797804,MCF7,1.0511095271603188
Q13418,ILK,Selumetinib,MCF7,1.945431364713056
Q13418,ILK,U73122,MCF7,0.6801061291623798
Q13418,ILK,Ulixertinib,MCF7,0.20442238634233534
Q13418,ILK,Amuvatinib,MCF7,0.36774266693248847
Q13418,ILK,AZD3759,MCF7,2.4266717900415107
Q13418,ILK,GSK690693,MCF7,1.4596267400326568
Q13418,ILK,JNJ,MCF7,2.7150299141869785
Q13418,ILK,KN62,MCF7,0.4054927212651767
Q13418,ILK,Linsitinib,MCF7,1.357634484472636
Q13418,ILK,LY2835219,MCF7,1.0983113825131505
Q13418,ILK,Ribociclib,MCF7,0.714755287457096
Q13418,ILK,AC220,MCF7,1.0486312048211706
Q13418,ILK,Edelfosine,MCF7,-0.2528824199794644
Q13418,ILK,GF109203X,MCF7,0.006936094910833332
Q13418,ILK,Go6976,MCF7,0.7946736572122508
Q13418,ILK,PF4708671,MCF7,0.2665826274633892
Q13418,ILK,SP600125,MCF7,-0.3405738350280226
Q13418,ILK,TAK715,MCF7,-0.20255127276362786
Q13418,ILK,TBCA,MCF7,0.5578010640393929
Q13418,ILK,AT13148,MCF7,-4.548471562943861
Q13418,ILK,AZ20,MCF7,-2.20735399294939
Q13418,ILK,AZD6738,MCF7,-1.1488892969173363
Q13418,ILK,Bosutinib,MCF7,-0.7156948405475566
Q13418,ILK,Dabrafenib,MCF7,-1.6829215568966012
Q13418,ILK,Dasatinib,MCF7,-3.5322038676874468
Q13418,ILK,DNAPK,MCF7,-1.040225835093274
Q13418,ILK,H89,MCF7,-2.25577060189049
Q13418,ILK,KD025,MCF7,-2.2260182237517694
Q13418,ILK,NU7441,MCF7,-0.9460210829300764
Q13418,ILK,Ripasudil,MCF7,-0.3940437649533349
Q13418,ILK,Vemurafenib,MCF7,-1.4147021074516384
Q13418,ILK,CX4945,MCF7,-0.3105881988831739
Q13418,ILK,GO6983,MCF7,-1.6454695839694684
Q13418,ILK,KN93,MCF7,-0.8196624315544024
Q13418,ILK,MK2206,MCF7,0.47398417616213173
Q96QT4,TRPM7,AZD6482,MCF7,-0.03237811327525294
Q96QT4,TRPM7,CAL101,MCF7,0.8887556178653009
Q96QT4,TRPM7,GDC0941,MCF7,0.6690052021176265
Q96QT4,TRPM7,HS173,MCF7,0.34552560844266206
Q96QT4,TRPM7,PIK294,MCF7,0.6688231292189464
Q96QT4,TRPM7,TGX221,MCF7,0.8606631780433508
Q96QT4,TRPM7,AZD5438,MCF7,-0.33265021519625987
Q96QT4,TRPM7,FRAX486,MCF7,-0.8623443180322377
Q96QT4,TRPM7,Ku0063794,MCF7,0.5463104885422798
Q96QT4,TRPM7,PD153035,MCF7,-0.36412166517114886
Q96QT4,TRPM7,PF3758309,MCF7,-1.6984117365047384
Q96QT4,TRPM7,Torin,MCF7,-1.5613040485876348
Q96QT4,TRPM7,Trametinib,MCF7,-1.7811366774003878
Q96QT4,TRPM7,AZD1480,MCF7,-2.0185716250338688
Q96QT4,TRPM7,AZD5363,MCF7,-2.456839266446922
Q96QT4,TRPM7,BX912,MCF7,-0.29750483569992603
Q96QT4,TRPM7,CHIR99021,MCF7,-0.8532738990305461
Q96QT4,TRPM7,GSK2334470,MCF7,1.0140119903072602
Q96QT4,TRPM7,Ipatasertib,MCF7,-2.091005257613626
Q96QT4,TRPM7,LY2090314,MCF7,1.1360683136999794
Q96QT4,TRPM7,Tofacitinib,MCF7,-0.004726711922099043
Q96QT4,TRPM7,AZD8055,MCF7,-0.37797006910021497
Q96QT4,TRPM7,GDC0994,MCF7,-0.7246215133157649
Q96QT4,TRPM7,JNK,MCF7,-0.35040590806995925
Q96QT4,TRPM7,LY2584702,MCF7,-0.8301838417540269
Q96QT4,TRPM7,PH797804,MCF7,-3.4532166112626785
Q96QT4,TRPM7,Selumetinib,MCF7,-0.9392429443985458
Q96QT4,TRPM7,U73122,MCF7,-2.904979813413294
Q96QT4,TRPM7,Ulixertinib,MCF7,-2.0343977099920885
Q96QT4,TRPM7,Amuvatinib,MCF7,0.9126446137716091
Q96QT4,TRPM7,AZD3759,MCF7,1.3959069665066546
Q96QT4,TRPM7,GSK690693,MCF7,-0.3932242701311455
Q96QT4,TRPM7,JNJ,MCF7,-0.07717770642578681
Q96QT4,TRPM7,KN62,MCF7,1.343263272522376
Q96QT4,TRPM7,Linsitinib,MCF7,1.407168880701519
Q96QT4,TRPM7,LY2835219,MCF7,0.3203149090490591
Q96QT4,TRPM7,Ribociclib,MCF7,1.2186740291645202
Q96QT4,TRPM7,AC220,MCF7,-0.6543275979841296
Q96QT4,TRPM7,Edelfosine,MCF7,-0.14299619752510495
Q96QT4,TRPM7,GF109203X,MCF7,-0.3866549791315559
Q96QT4,TRPM7,Go6976,MCF7,-1.5263548605559272
Q96QT4,TRPM7,PF4708671,MCF7,-0.735465431211103
Q96QT4,TRPM7,SP600125,MCF7,-1.9619376315204098
Q96QT4,TRPM7,TAK715,MCF7,-1.1925319055182346
Q96QT4,TRPM7,TBCA,MCF7,-2.894477935315042
Q96QT4,TRPM7,AT13148,MCF7,-0.3280180082175645
Q96QT4,TRPM7,AZ20,MCF7,1.4246796820165415
Q96QT4,TRPM7,AZD6738,MCF7,-0.20921400747017327
Q96QT4,TRPM7,Bosutinib,MCF7,0.1603888279783122
Q96QT4,TRPM7,Dabrafenib,MCF7,0.9179441505611853
Q96QT4,TRPM7,Dasatinib,MCF7,-0.1725975574468209
Q96QT4,TRPM7,DNAPK,MCF7,-0.8383222834876471
Q96QT4,TRPM7,H89,MCF7,-0.9636507649838552
Q96QT4,TRPM7,KD025,MCF7,-0.1097984187545719
Q96QT4,TRPM7,NU7441,MCF7,0.18765884203993918
Q96QT4,TRPM7,Ripasudil,MCF7,0.29082732694272456
Q96QT4,TRPM7,Vemurafenib,MCF7,0.6004679492368927
Q96QT4,TRPM7,CX4945,MCF7,0.5067726579089896
Q96QT4,TRPM7,GO6983,MCF7,0.5619859953367619
Q96QT4,TRPM7,KN93,MCF7,0.10658682990047434
Q96QT4,TRPM7,MK2206,MCF7,0.7958132048031051
P37173,TGFBR2,AZD6482,MCF7,
P37173,TGFBR2,CAL101,MCF7,
P37173,TGFBR2,GDC0941,MCF7,
P37173,TGFBR2,HS173,MCF7,
P37173,TGFBR2,PIK294,MCF7,
P37173,TGFBR2,TGX221,MCF7,
P37173,TGFBR2,AZD5438,MCF7,
P37173,TGFBR2,FRAX486,MCF7,
P37173,TGFBR2,Ku0063794,MCF7,
P37173,TGFBR2,PD153035,MCF7,
P37173,TGFBR2,PF3758309,MCF7,
P37173,TGFBR2,Torin,MCF7,
P37173,TGFBR2,Trametinib,MCF7,
P37173,TGFBR2,AZD1480,MCF7,
P37173,TGFBR2,AZD5363,MCF7,
P37173,TGFBR2,BX912,MCF7,
P37173,TGFBR2,CHIR99021,MCF7,
P37173,TGFBR2,GSK2334470,MCF7,
P37173,TGFBR2,Ipatasertib,MCF7,
P37173,TGFBR2,LY2090314,MCF7,
P37173,TGFBR2,Tofacitinib,MCF7,
P37173,TGFBR2,AZD8055,MCF7,
P37173,TGFBR2,GDC0994,MCF7,
P37173,TGFBR2,JNK,MCF7,
P37173,TGFBR2,LY2584702,MCF7,
P37173,TGFBR2,PH797804,MCF7,
P37173,TGFBR2,Selumetinib,MCF7,
P37173,TGFBR2,U73122,MCF7,
P37173,TGFBR2,Ulixertinib,MCF7,
P37173,TGFBR2,Amuvatinib,MCF7,
P37173,TGFBR2,AZD3759,MCF7,
P37173,TGFBR2,GSK690693,MCF7,
P37173,TGFBR2,JNJ,MCF7,
P37173,TGFBR2,KN62,MCF7,
P37173,TGFBR2,Linsitinib,MCF7,
P37173,TGFBR2,LY2835219,MCF7,
P37173,TGFBR2,Ribociclib,MCF7,
P37173,TGFBR2,AC220,MCF7,
P37173,TGFBR2,Edelfosine,MCF7,
P37173,TGFBR2,GF109203X,MCF7,
P37173,TGFBR2,Go6976,MCF7,
P37173,TGFBR2,PF4708671,MCF7,
P37173,TGFBR2,SP600125,MCF7,
P37173,TGFBR2,TAK715,MCF7,
P37173,TGFBR2,TBCA,MCF7,
P37173,TGFBR2,AT13148,MCF7,
P37173,TGFBR2,AZ20,MCF7,
P37173,TGFBR2,AZD6738,MCF7,
P37173,TGFBR2,Bosutinib,MCF7,
P37173,TGFBR2,Dabrafenib,MCF7,
P37173,TGFBR2,Dasatinib,MCF7,
P37173,TGFBR2,DNAPK,MCF7,
P37173,TGFBR2,H89,MCF7,
P37173,TGFBR2,KD025,MCF7,
P37173,TGFBR2,NU7441,MCF7,
P37173,TGFBR2,Ripasudil,MCF7,
P37173,TGFBR2,Vemurafenib,MCF7,
P37173,TGFBR2,CX4945,MCF7,
P37173,TGFBR2,GO6983,MCF7,
P37173,TGFBR2,KN93,MCF7,
P37173,TGFBR2,MK2206,MCF7,
Q9Y463,DYRK1B,AZD6482,MCF7,-0.9833965262611185
Q9Y463,DYRK1B,CAL101,MCF7,-1.5804848063861168
Q9Y463,DYRK1B,GDC0941,MCF7,-0.44971234521099657
Q9Y463,DYRK1B,HS173,MCF7,0.08427171609664831
Q9Y463,DYRK1B,PIK294,MCF7,-0.3591247843840684
Q9Y463,DYRK1B,TGX221,MCF7,0.6023321317627192
Q9Y463,DYRK1B,AZD5438,MCF7,-0.25265059450970223
Q9Y463,DYRK1B,FRAX486,MCF7,-0.31691178925353314
Q9Y463,DYRK1B,Ku0063794,MCF7,0.05204371620005978
Q9Y463,DYRK1B,PD153035,MCF7,-0.08070698028560766
Q9Y463,DYRK1B,PF3758309,MCF7,0.5180428820747796
Q9Y463,DYRK1B,Torin,MCF7,-0.20216931980062736
Q9Y463,DYRK1B,Trametinib,MCF7,0.851489372750621
Q9Y463,DYRK1B,AZD1480,MCF7,-0.6216996628294336
Q9Y463,DYRK1B,AZD5363,MCF7,1.4889845202808807
Q9Y463,DYRK1B,BX912,MCF7,0.01063176520199381
Q9Y463,DYRK1B,CHIR99021,MCF7,-1.2502366190906187
Q9Y463,DYRK1B,GSK2334470,MCF7,0.2908136748696914
Q9Y463,DYRK1B,Ipatasertib,MCF7,1.7149168120163818
Q9Y463,DYRK1B,LY2090314,MCF7,-0.8162762413446746
Q9Y463,DYRK1B,Tofacitinib,MCF7,-0.8587328533346436
Q9Y463,DYRK1B,AZD8055,MCF7,-0.307609906075117
Q9Y463,DYRK1B,GDC0994,MCF7,0.2203718840537075
Q9Y463,DYRK1B,JNK,MCF7,-1.1221202968910111
Q9Y463,DYRK1B,LY2584702,MCF7,-1.3890597902715447
Q9Y463,DYRK1B,PH797804,MCF7,-0.7199778599790734
Q9Y463,DYRK1B,Selumetinib,MCF7,-1.0013215060508802
Q9Y463,DYRK1B,U73122,MCF7,-1.209652706537219
Q9Y463,DYRK1B,Ulixertinib,MCF7,0.5913418877739116
Q9Y463,DYRK1B,Amuvatinib,MCF7,0.40079309728555274
Q9Y463,DYRK1B,AZD3759,MCF7,-0.10394996708641746
Q9Y463,DYRK1B,GSK690693,MCF7,0.9746190064083794
Q9Y463,DYRK1B,JNJ,MCF7,0.662037156932607
Q9Y463,DYRK1B,KN62,MCF7,-0.2912496051866933
Q9Y463,DYRK1B,Linsitinib,MCF7,0.15993500291954826
Q9Y463,DYRK1B,LY2835219,MCF7,0.8778526103426249
Q9Y463,DYRK1B,Ribociclib,MCF7,1.3695093122040227
Q9Y463,DYRK1B,AC220,MCF7,-0.17699384222708237
Q9Y463,DYRK1B,Edelfosine,MCF7,0.017050181303697485
Q9Y463,DYRK1B,GF109203X,MCF7,-1.3310756462177011
Q9Y463,DYRK1B,Go6976,MCF7,-0.33309257786557644
Q9Y463,DYRK1B,PF4708671,MCF7,-0.639066285433997
Q9Y463,DYRK1B,SP600125,MCF7,-0.7574518322955277
Q9Y463,DYRK1B,TAK715,MCF7,-0.6324718662532179
Q9Y463,DYRK1B,TBCA,MCF7,-0.5499720505915149
Q9Y463,DYRK1B,AT13148,MCF7,0.8089762548504613
Q9Y463,DYRK1B,AZ20,MCF7,-0.004792357374198308
Q9Y463,DYRK1B,AZD6738,MCF7,0.29208194617834526
Q9Y463,DYRK1B,Bosutinib,MCF7,-0.8278230572895425
Q9Y463,DYRK1B,Dabrafenib,MCF7,1.718620187400208
Q9Y463,DYRK1B,Dasatinib,MCF7,0.7690464066000006
Q9Y463,DYRK1B,DNAPK,MCF7,0.10163032306092926
Q9Y463,DYRK1B,H89,MCF7,0.7915803066689029
Q9Y463,DYRK1B,KD025,MCF7,0.5394536178703521
Q9Y463,DYRK1B,NU7441,MCF7,-0.4458980582559578
Q9Y463,DYRK1B,Ripasudil,MCF7,-0.3348602475233431
Q9Y463,DYRK1B,Vemurafenib,MCF7,0.37221108592663027
Q9Y463,DYRK1B,CX4945,MCF7,0.25228487349962625
Q9Y463,DYRK1B,GO6983,MCF7,0.1887123495681226
Q9Y463,DYRK1B,KN93,MCF7,-0.07199023185961723
Q9Y463,DYRK1B,MK2206,MCF7,-0.6364764975519165
P51617,IRAK1,AC220,MCF7,-1.4466144065095723
P51617,IRAK1,AT13148,MCF7,-0.7267588198943635
P51617,IRAK1,AZ20,MCF7,-0.12793238230369608
P51617,IRAK1,AZD1480,MCF7,0.5908061354035059
P51617,IRAK1,AZD3759,MCF7,-0.26195976628209566
P51617,IRAK1,AZD5363,MCF7,0.2890988570698378
P51617,IRAK1,AZD5438,MCF7,-1.437767378803805
P51617,IRAK1,AZD6482,MCF7,1.0150874792790512
P51617,IRAK1,AZD6738,MCF7,-0.04274013657080424
P51617,IRAK1,AZD8055,MCF7,1.3302492788079874
P51617,IRAK1,Amuvatinib,MCF7,0.14005448829542524
P51617,IRAK1,BX912,MCF7,0.28154400144396297
P51617,IRAK1,Bosutinib,MCF7,-1.0689298172520998
P51617,IRAK1,CAL101,MCF7,0.6736314822084001
P51617,IRAK1,CHIR99021,MCF7,-0.07209646931606337
P51617,IRAK1,CX4945,MCF7,-1.0967858459124022
P51617,IRAK1,DNAPK,MCF7,-0.7255206762937355
P51617,IRAK1,Dabrafenib,MCF7,0.10188102886379898
P51617,IRAK1,Dasatinib,MCF7,-0.24080631819047849
P51617,IRAK1,Edelfosine,MCF7,2.2287252360617096
P51617,IRAK1,FRAX486,MCF7,-1.448975867632936
P51617,IRAK1,GDC0941,MCF7,0.039599776823433935
P51617,IRAK1,GDC0994,MCF7,0.9302261981213761
P51617,IRAK1,GF109203X,MCF7,0.6875391935232132
P51617,IRAK1,GO6983,MCF7,-0.554807181408943
P51617,IRAK1,GSK2334470,MCF7,0.6959608774675574
P51617,IRAK1,GSK690693,MCF7,-1.3084519091902207
P51617,IRAK1,Go6976,MCF7,1.4321832930179001
P51617,IRAK1,H89,MCF7,0.02525824335850729
P51617,IRAK1,HS173,MCF7,0.9356099450864942
P51617,IRAK1,Ipatasertib,MCF7,0.8242896949034297
P51617,IRAK1,JNJ,MCF7,0.2326815577028487
P51617,IRAK1,JNK,MCF7,0.9770812423447532
P51617,IRAK1,KD025,MCF7,-0.13581515778783917
P51617,IRAK1,KN62,MCF7,0.9041902382154443
P51617,IRAK1,KN93,MCF7,-1.9283455952604873
P51617,IRAK1,Ku0063794,MCF7,0.22765946667168396
P51617,IRAK1,LY2090314,MCF7,2.566461067714309
P51617,IRAK1,LY2584702,MCF7,0.6295166443153964
P51617,IRAK1,LY2835219,MCF7,-2.084031394315227
P51617,IRAK1,Linsitinib,MCF7,0.09649745636817024
P51617,IRAK1,MK2206,MCF7,-0.0015359264079760685
P51617,IRAK1,NU7441,MCF7,-0.005666487081751087
P51617,IRAK1,PD153035,MCF7,-0.5246556329594504
P51617,IRAK1,PF3758309,MCF7,-0.6055257319047622
P51617,IRAK1,PF4708671,MCF7,1.050532151173338
P51617,IRAK1,PH797804,MCF7,0.1639885654089774
P51617,IRAK1,PIK294,MCF7,0.951122564004409
P51617,IRAK1,Ribociclib,MCF7,-1.5305811893853287
P51617,IRAK1,Ripasudil,MCF7,-1.593022873954505
P51617,IRAK1,SP600125,MCF7,1.2040821752229967
P51617,IRAK1,Selumetinib,MCF7,0.5240628199720967
P51617,IRAK1,TAK715,MCF7,1.4378408332818478
P51617,IRAK1,TBCA,MCF7,0.5862073192012177
P51617,IRAK1,TGX221,MCF7,1.5927724867799495
P51617,IRAK1,Tofacitinib,MCF7,0.6783394999708477
P51617,IRAK1,Torin,MCF7,-0.9029389968584367
P51617,IRAK1,Trametinib,MCF7,0.9918733502885166
P51617,IRAK1,U73122,MCF7,2.1037867966329844
P51617,IRAK1,Ulixertinib,MCF7,1.4151498513783178
P51617,IRAK1,Vemurafenib,MCF7,-0.6706841686832038
Q06187,BTK,AZD6482,MCF7,0.20919047878407362
Q06187,BTK,CAL101,MCF7,0.2496192945032603
Q06187,BTK,GDC0941,MCF7,0.41624760697380736
Q06187,BTK,HS173,MCF7,0.34269176654973516
Q06187,BTK,PIK294,MCF7,0.41436778892499115
Q06187,BTK,TGX221,MCF7,0.2170191939100007
Q06187,BTK,AZD5438,MCF7,0.5365066876728676
Q06187,BTK,FRAX486,MCF7,-2.484702805997759
Q06187,BTK,Ku0063794,MCF7,-0.31367038993383634
Q06187,BTK,PD153035,MCF7,0.20505856735605027
Q06187,BTK,PF3758309,MCF7,-0.14970740340206196
Q06187,BTK,Torin,MCF7,0.07047695543992626
Q06187,BTK,Trametinib,MCF7,0.4758833768840316
Q06187,BTK,AZD1480,MCF7,-1.8474550695307377
Q06187,BTK,AZD5363,MCF7,-0.9111846482874539
Q06187,BTK,BX912,MCF7,0.5565983664515346
Q06187,BTK,CHIR99021,MCF7,0.07490545664492945
Q06187,BTK,GSK2334470,MCF7,-0.16064203646201705
Q06187,BTK,Ipatasertib,MCF7,-0.16788401321016105
Q06187,BTK,LY2090314,MCF7,0.42884868212267424
Q06187,BTK,Tofacitinib,MCF7,-0.586930370718155
Q06187,BTK,AZD8055,MCF7,0.40928745411709105
Q06187,BTK,GDC0994,MCF7,0.5065293378670148
Q06187,BTK,JNK,MCF7,0.6972511186915432
Q06187,BTK,LY2584702,MCF7,0.20904423646981485
Q06187,BTK,PH797804,MCF7,0.596403481418821
Q06187,BTK,Selumetinib,MCF7,0.4798613833663272
Q06187,BTK,U73122,MCF7,0.45738580869645157
Q06187,BTK,Ulixertinib,MCF7,0.6407056033845959
Q06187,BTK,Amuvatinib,MCF7,0.6201098044678732
Q06187,BTK,AZD3759,MCF7,0.6273752163007926
Q06187,BTK,GSK690693,MCF7,-0.02860420009093315
Q06187,BTK,JNJ,MCF7,0.2525210916549637
Q06187,BTK,KN62,MCF7,0.5952777720793703
Q06187,BTK,Linsitinib,MCF7,0.6057234660518409
Q06187,BTK,LY2835219,MCF7,0.6564856473360159
Q06187,BTK,Ribociclib,MCF7,-2.0213293504885597
Q06187,BTK,AC220,MCF7,-0.050500342188380974
Q06187,BTK,Edelfosine,MCF7,1.0768891730133894
Q06187,BTK,GF109203X,MCF7,0.38638630041147126
Q06187,BTK,Go6976,MCF7,0.3540395377690701
Q06187,BTK,PF4708671,MCF7,-0.01928571196279135
Q06187,BTK,SP600125,MCF7,-0.07418505972421963
Q06187,BTK,TAK715,MCF7,0.08360341336452291
Q06187,BTK,TBCA,MCF7,0.11305979130631273
Q06187,BTK,AT13148,MCF7,-0.6867053745673619
Q06187,BTK,AZ20,MCF7,0.060600723957835674
Q06187,BTK,AZD6738,MCF7,-0.3038878087028445
Q06187,BTK,Bosutinib,MCF7,-1.1976419799814242
Q06187,BTK,Dabrafenib,MCF7,-0.08589679445396965
Q06187,BTK,Dasatinib,MCF7,-4.875729560805302
Q06187,BTK,DNAPK,MCF7,-0.24237529630621907
Q06187,BTK,H89,MCF7,-0.1980838512412205
Q06187,BTK,KD025,MCF7,-0.13689051082854597
Q06187,BTK,NU7441,MCF7,0.2494815427654501
Q06187,BTK,Ripasudil,MCF7,-0.27457467263487023
Q06187,BTK,Vemurafenib,MCF7,-0.11923450390698273
Q06187,BTK,CX4945,MCF7,0.4803136198873102
Q06187,BTK,GO6983,MCF7,0.3331975912902638
Q06187,BTK,KN93,MCF7,0.13584081917411053
Q06187,BTK,MK2206,MCF7,-1.3686065158218248
O14733,MAP2K7,AZD6482,MCF7,0.7470363455302725
O14733,MAP2K7,CAL101,MCF7,0.40976609111749784
O14733,MAP2K7,GDC0941,MCF7,-0.846673592624619
O14733,MAP2K7,HS173,MCF7,-0.16948013356842428
O14733,MAP2K7,PIK294,MCF7,0.18809722808628435
O14733,MAP2K7,TGX221,MCF7,0.6838211275319469
O14733,MAP2K7,AZD5438,MCF7,0.2690206993049615
O14733,MAP2K7,FRAX486,MCF7,0.86132948818502
O14733,MAP2K7,Ku0063794,MCF7,0.2474540636620485
O14733,MAP2K7,PD153035,MCF7,0.8174324228761419
O14733,MAP2K7,PF3758309,MCF7,0.43879132321593123
O14733,MAP2K7,Torin,MCF7,0.393538303138602
O14733,MAP2K7,Trametinib,MCF7,0.6580013446394213
O14733,MAP2K7,AZD1480,MCF7,-0.6288047908473937
O14733,MAP2K7,AZD5363,MCF7,-0.7445175083813268
O14733,MAP2K7,BX912,MCF7,0.2698294286334806
O14733,MAP2K7,CHIR99021,MCF7,0.040479315493280724
O14733,MAP2K7,GSK2334470,MCF7,-0.4334377594820417
O14733,MAP2K7,Ipatasertib,MCF7,-0.4346651033949984
O14733,MAP2K7,LY2090314,MCF7,-0.23596006356393526
O14733,MAP2K7,Tofacitinib,MCF7,-0.6885095426787508
O14733,MAP2K7,AZD8055,MCF7,-0.023932443028436477
O14733,MAP2K7,GDC0994,MCF7,0.26878594351860136
O14733,MAP2K7,JNK,MCF7,0.35231542521336495
O14733,MAP2K7,LY2584702,MCF7,0.280933456092599
O14733,MAP2K7,PH797804,MCF7,0.11659040451585298
O14733,MAP2K7,Selumetinib,MCF7,0.2118367322255193
O14733,MAP2K7,U73122,MCF7,0.3557108342836978
O14733,MAP2K7,Ulixertinib,MCF7,0.21004572256286183
O14733,MAP2K7,Amuvatinib,MCF7,-0.16505954446626409
O14733,MAP2K7,AZD3759,MCF7,-0.3189857652554288
O14733,MAP2K7,GSK690693,MCF7,-0.2625834696942685
O14733,MAP2K7,JNJ,MCF7,0.05049054974279581
O14733,MAP2K7,KN62,MCF7,0.043844875338735295
O14733,MAP2K7,Linsitinib,MCF7,-0.48329931330931075
O14733,MAP2K7,LY2835219,MCF7,-1.0017150114188287
O14733,MAP2K7,Ribociclib,MCF7,-0.5059168199481339
O14733,MAP2K7,AC220,MCF7,-0.5747677283634668
O14733,MAP2K7,Edelfosine,MCF7,-0.40659993997587257
O14733,MAP2K7,GF109203X,MCF7,-0.27632195807957477
O14733,MAP2K7,Go6976,MCF7,0.22656548327632492
O14733,MAP2K7,PF4708671,MCF7,-0.2628048568983036
O14733,MAP2K7,SP600125,MCF7,-0.5433620858176494
O14733,MAP2K7,TAK715,MCF7,-0.17894127562606588
O14733,MAP2K7,TBCA,MCF7,0.00013198690886864333
O14733,MAP2K7,AT13148,MCF7,0.02365719197719871
O14733,MAP2K7,AZ20,MCF7,-0.1637742848655187
O14733,MAP2K7,AZD6738,MCF7,-0.11720902206266035
O14733,MAP2K7,Bosutinib,MCF7,-0.1933791392955457
O14733,MAP2K7,Dabrafenib,MCF7,0.03568671206381946
O14733,MAP2K7,Dasatinib,MCF7,0.03509306544784304
O14733,MAP2K7,DNAPK,MCF7,-0.009604188201567913
O14733,MAP2K7,H89,MCF7,-0.08710880822264033
O14733,MAP2K7,KD025,MCF7,0.07021426858607262
O14733,MAP2K7,NU7441,MCF7,0.3178022788486336
O14733,MAP2K7,Ripasudil,MCF7,0.002948495878592009
O14733,MAP2K7,Vemurafenib,MCF7,0.271447314942535
O14733,MAP2K7,CX4945,MCF7,-0.2726136870708254
O14733,MAP2K7,GO6983,MCF7,0.01038433655260082
O14733,MAP2K7,KN93,MCF7,-0.4983297183879265
O14733,MAP2K7,MK2206,MCF7,-0.3900565033350645
Q13627,DYRK1A,AZD6482,MCF7,-0.7653897024723196
Q13627,DYRK1A,CAL101,MCF7,-0.8019488977355599
Q13627,DYRK1A,GDC0941,MCF7,-0.9681584239101048
Q13627,DYRK1A,HS173,MCF7,-0.38460316993279353
Q13627,DYRK1A,PIK294,MCF7,-0.14728928790374796
Q13627,DYRK1A,TGX221,MCF7,-0.03977793681011139
Q13627,DYRK1A,AZD5438,MCF7,2.10441501413776
Q13627,DYRK1A,FRAX486,MCF7,-0.023049696827666413
Q13627,DYRK1A,Ku0063794,MCF7,0.3369225365930269
Q13627,DYRK1A,PD153035,MCF7,0.09367937219341854
Q13627,DYRK1A,PF3758309,MCF7,1.5308806109841195
Q13627,DYRK1A,Torin,MCF7,-1.1477246223460362
Q13627,DYRK1A,Trametinib,MCF7,0.6351560380218259
Q13627,DYRK1A,AZD1480,MCF7,-0.08322316151488386
Q13627,DYRK1A,AZD5363,MCF7,-0.41258097149812434
Q13627,DYRK1A,BX912,MCF7,-2.1612529683656123
Q13627,DYRK1A,CHIR99021,MCF7,-1.1782249187506588
Q13627,DYRK1A,GSK2334470,MCF7,1.0042309945778565
Q13627,DYRK1A,Ipatasertib,MCF7,-0.1235294173043284
Q13627,DYRK1A,LY2090314,MCF7,-2.9052197779747186
Q13627,DYRK1A,Tofacitinib,MCF7,-2.5562252370229324
Q13627,DYRK1A,AZD8055,MCF7,0.947763545212504
Q13627,DYRK1A,GDC0994,MCF7,-0.25824343727691074
Q13627,DYRK1A,JNK,MCF7,-0.5958584591005608
Q13627,DYRK1A,LY2584702,MCF7,-0.13296976287676587
Q13627,DYRK1A,PH797804,MCF7,0.3091641572393504
Q13627,DYRK1A,Selumetinib,MCF7,0.2637860233580254
Q13627,DYRK1A,U73122,MCF7,0.8197654768155995
Q13627,DYRK1A,Ulixertinib,MCF7,-0.6668005176374078
Q13627,DYRK1A,Amuvatinib,MCF7,-0.8536439137337304
Q13627,DYRK1A,AZD3759,MCF7,-0.8004471236332387
Q13627,DYRK1A,GSK690693,MCF7,0.04471731252212148
Q13627,DYRK1A,JNJ,MCF7,0.10592487451658465
Q13627,DYRK1A,KN62,MCF7,-1.1123414201984976
Q13627,DYRK1A,Linsitinib,MCF7,-0.015450661463248801
Q13627,DYRK1A,LY2835219,MCF7,-1.8833773628032915
Q13627,DYRK1A,Ribociclib,MCF7,1.0017990771842669
Q13627,DYRK1A,AC220,MCF7,-0.10333310086819315
Q13627,DYRK1A,Edelfosine,MCF7,0.5131795802993071
Q13627,DYRK1A,GF109203X,MCF7,-1.7207345745865876
Q13627,DYRK1A,Go6976,MCF7,-0.22071649731209184
Q13627,DYRK1A,PF4708671,MCF7,0.14841336553163734
Q13627,DYRK1A,SP600125,MCF7,2.7553415557901735
Q13627,DYRK1A,TAK715,MCF7,3.3206356878546344
Q13627,DYRK1A,TBCA,MCF7,0.36612499238116014
Q13627,DYRK1A,AT13148,MCF7,-2.84055957424523
Q13627,DYRK1A,AZ20,MCF7,0.44385226261137967
Q13627,DYRK1A,AZD6738,MCF7,-0.9486671874436123
Q13627,DYRK1A,Bosutinib,MCF7,-0.8555955180054833
Q13627,DYRK1A,Dabrafenib,MCF7,-0.7603891206178526
Q13627,DYRK1A,Dasatinib,MCF7,-0.246370549329524
Q13627,DYRK1A,DNAPK,MCF7,-0.7780277292723924
Q13627,DYRK1A,H89,MCF7,-2.5638039429181596
Q13627,DYRK1A,KD025,MCF7,0.4180882649861256
Q13627,DYRK1A,NU7441,MCF7,0.6260070346655925
Q13627,DYRK1A,Ripasudil,MCF7,-1.3599005364834547
Q13627,DYRK1A,Vemurafenib,MCF7,-1.2256950371933166
Q13627,DYRK1A,CX4945,MCF7,0.9343566075935401
Q13627,DYRK1A,GO6983,MCF7,-0.312552647781605
Q13627,DYRK1A,KN93,MCF7,0.1115935401968753
Q13627,DYRK1A,MK2206,MCF7,0.9508018876779633
Q2M2I8,AAK1,AZD6482,MCF7,-0.49663128725085853
Q2M2I8,AAK1,CAL101,MCF7,-0.18991343781885384
Q2M2I8,AAK1,GDC0941,MCF7,-0.0015545150866021766
Q2M2I8,AAK1,HS173,MCF7,0.01916981258256104
Q2M2I8,AAK1,PIK294,MCF7,0.03742409952497462
Q2M2I8,AAK1,TGX221,MCF7,-0.6834629810289155
Q2M2I8,AAK1,AZD5438,MCF7,0.3742529553390601
Q2M2I8,AAK1,FRAX486,MCF7,-2.0289897944160638
Q2M2I8,AAK1,Ku0063794,MCF7,-1.2525394332308417
Q2M2I8,AAK1,PD153035,MCF7,-1.1662408193990836
Q2M2I8,AAK1,PF3758309,MCF7,0.11845178673596864
Q2M2I8,AAK1,Torin,MCF7,-0.8971630076984867
Q2M2I8,AAK1,Trametinib,MCF7,-1.9620767025804133
Q2M2I8,AAK1,AZD1480,MCF7,0.8997656238929206
Q2M2I8,AAK1,AZD5363,MCF7,-0.6974397593663503
Q2M2I8,AAK1,BX912,MCF7,-1.2785152845192016
Q2M2I8,AAK1,CHIR99021,MCF7,-1.2590922787078782
Q2M2I8,AAK1,GSK2334470,MCF7,-0.6172241876313336
Q2M2I8,AAK1,Ipatasertib,MCF7,-0.6163039286687267
Q2M2I8,AAK1,LY2090314,MCF7,0.2265020549503165
Q2M2I8,AAK1,Tofacitinib,MCF7,-0.31556262586339
Q2M2I8,AAK1,AZD8055,MCF7,0.2703252083296112
Q2M2I8,AAK1,GDC0994,MCF7,-2.352059787061156
Q2M2I8,AAK1,JNK,MCF7,0.4989964514726441
Q2M2I8,AAK1,LY2584702,MCF7,0.636590435821584
Q2M2I8,AAK1,PH797804,MCF7,-0.7351218687812481
Q2M2I8,AAK1,Selumetinib,MCF7,-1.1548467565255829
Q2M2I8,AAK1,U73122,MCF7,-1.7157266095740595
Q2M2I8,AAK1,Ulixertinib,MCF7,-1.568822727492298
Q2M2I8,AAK1,Amuvatinib,MCF7,-1.5423669857330222
Q2M2I8,AAK1,AZD3759,MCF7,-1.0524717504834757
Q2M2I8,AAK1,GSK690693,MCF7,1.058117852660124
Q2M2I8,AAK1,JNJ,MCF7,-2.489921601893468
Q2M2I8,AAK1,KN62,MCF7,-0.9766015285323799
Q2M2I8,AAK1,Linsitinib,MCF7,0.17133222061060263
Q2M2I8,AAK1,LY2835219,MCF7,-0.448321486357544
Q2M2I8,AAK1,Ribociclib,MCF7,-0.13301812965768778
Q2M2I8,AAK1,AC220,MCF7,1.5419559666342912
Q2M2I8,AAK1,Edelfosine,MCF7,1.2562966514328935
Q2M2I8,AAK1,GF109203X,MCF7,1.2306320900701841
Q2M2I8,AAK1,Go6976,MCF7,-1.8553075278452198
Q2M2I8,AAK1,PF4708671,MCF7,3.0490504052866
Q2M2I8,AAK1,SP600125,MCF7,0.18998821243404987
Q2M2I8,AAK1,TAK715,MCF7,1.538236312557271
Q2M2I8,AAK1,TBCA,MCF7,1.7421237503707554
Q2M2I8,AAK1,AT13148,MCF7,0.6710907143314112
Q2M2I8,AAK1,AZ20,MCF7,-0.7326973661329567
Q2M2I8,AAK1,AZD6738,MCF7,-0.2866095632770268
Q2M2I8,AAK1,Bosutinib,MCF7,-2.7521780975657406
Q2M2I8,AAK1,Dabrafenib,MCF7,-2.759700846068692
Q2M2I8,AAK1,Dasatinib,MCF7,-1.1634803563458829
Q2M2I8,AAK1,DNAPK,MCF7,-1.4634167459980256
Q2M2I8,AAK1,H89,MCF7,-0.12575996665784062
Q2M2I8,AAK1,KD025,MCF7,-0.8743384182532616
Q2M2I8,AAK1,NU7441,MCF7,1.0616992537562087
Q2M2I8,AAK1,Ripasudil,MCF7,0.0558078103845085
Q2M2I8,AAK1,Vemurafenib,MCF7,-1.2655147304336798
Q2M2I8,AAK1,CX4945,MCF7,1.101689888459061
Q2M2I8,AAK1,GO6983,MCF7,0.07424783643832085
Q2M2I8,AAK1,KN93,MCF7,0.5878106630716582
Q2M2I8,AAK1,MK2206,MCF7,0.011482210338055833
O94804,STK10,AZD6482,MCF7,-0.45798019338841855
O94804,STK10,CAL101,MCF7,-0.855741050609101
O94804,STK10,GDC0941,MCF7,0.2434102111709732
O94804,STK10,HS173,MCF7,0.9807588986960951
O94804,STK10,PIK294,MCF7,0.8700467242772563
O94804,STK10,TGX221,MCF7,0.5030735054664055
O94804,STK10,AZD5438,MCF7,0.7710892988977237
O94804,STK10,FRAX486,MCF7,0.7895047405554888
O94804,STK10,Ku0063794,MCF7,1.284053347501817
O94804,STK10,PD153035,MCF7,0.7342187264617274
O94804,STK10,PF3758309,MCF7,1.2916374213557968
O94804,STK10,Torin,MCF7,0.711442123350061
O94804,STK10,Trametinib,MCF7,1.6285900316431552
O94804,STK10,AZD1480,MCF7,1.382117016808022
O94804,STK10,AZD5363,MCF7,0.9515685097622995
O94804,STK10,BX912,MCF7,1.2340456246601788
O94804,STK10,CHIR99021,MCF7,0.16059488624797807
O94804,STK10,GSK2334470,MCF7,0.7871562936008342
O94804,STK10,Ipatasertib,MCF7,-0.27435751441039663
O94804,STK10,LY2090314,MCF7,0.6744559152732125
O94804,STK10,Tofacitinib,MCF7,1.1717681083926854
O94804,STK10,AZD8055,MCF7,-0.1984956919225565
O94804,STK10,GDC0994,MCF7,1.3827407952614172
O94804,STK10,JNK,MCF7,-1.3664435328580815
O94804,STK10,LY2584702,MCF7,-0.20438195713397705
O94804,STK10,PH797804,MCF7,-0.42685735797072794
O94804,STK10,Selumetinib,MCF7,-0.9212566641219165
O94804,STK10,U73122,MCF7,-0.38332833842478775
O94804,STK10,Ulixertinib,MCF7,-0.334621703692117
O94804,STK10,Amuvatinib,MCF7,0.39172067774656927
O94804,STK10,AZD3759,MCF7,0.42073606718206286
O94804,STK10,GSK690693,MCF7,-0.008643493617270893
O94804,STK10,JNJ,MCF7,-0.7471871743565327
O94804,STK10,KN62,MCF7,1.341181100752674
O94804,STK10,Linsitinib,MCF7,0.5910158201285715
O94804,STK10,LY2835219,MCF7,-0.014782598453895138
O94804,STK10,Ribociclib,MCF7,-1.5716934423692266
O94804,STK10,AC220,MCF7,0.37437558079217637
O94804,STK10,Edelfosine,MCF7,0.16674058284195328
O94804,STK10,GF109203X,MCF7,0.3343186286776797
O94804,STK10,Go6976,MCF7,-0.5073232256230761
O94804,STK10,PF4708671,MCF7,-1.0196852214199192
O94804,STK10,SP600125,MCF7,-0.5985030435747541
O94804,STK10,TAK715,MCF7,-1.0551782635759333
O94804,STK10,TBCA,MCF7,-0.3795800176175372
O94804,STK10,AT13148,MCF7,-0.6264809776514849
O94804,STK10,AZ20,MCF7,0.49307435561094826
O94804,STK10,AZD6738,MCF7,1.2063038789568616
O94804,STK10,Bosutinib,MCF7,-1.0898213938992016
O94804,STK10,Dabrafenib,MCF7,0.6995967385332644
O94804,STK10,Dasatinib,MCF7,-0.22994598950275605
O94804,STK10,DNAPK,MCF7,-0.8802457742137159
O94804,STK10,H89,MCF7,1.1738860897482957
O94804,STK10,KD025,MCF7,-0.8602473845386847
O94804,STK10,NU7441,MCF7,-1.2559078335759706
O94804,STK10,Ripasudil,MCF7,-2.543297843131496
O94804,STK10,Vemurafenib,MCF7,-1.2073904903755452
O94804,STK10,CX4945,MCF7,1.4041250591598888
O94804,STK10,GO6983,MCF7,0.7129809455989943
O94804,STK10,KN93,MCF7,0.4529399205757902
O94804,STK10,MK2206,MCF7,1.039094707801108
P04049,RAF1,AZD6482,MCF7,0.22887453742741318
P04049,RAF1,CAL101,MCF7,-0.2704652488072869
P04049,RAF1,GDC0941,MCF7,-0.37371697451448677
P04049,RAF1,HS173,MCF7,0.14914876984920927
P04049,RAF1,PIK294,MCF7,0.05867662707910832
P04049,RAF1,TGX221,MCF7,0.8450593456661241
P04049,RAF1,AZD5438,MCF7,1.0561926014981766
P04049,RAF1,FRAX486,MCF7,0.4913872132219785
P04049,RAF1,Ku0063794,MCF7,-0.24345693367031815
P04049,RAF1,PD153035,MCF7,-2.371284117733432
P04049,RAF1,PF3758309,MCF7,-0.9247392647293209
P04049,RAF1,Torin,MCF7,-2.09793642944275
P04049,RAF1,Trametinib,MCF7,-2.832842167840468
P04049,RAF1,AZD1480,MCF7,-1.519319506071257
P04049,RAF1,AZD5363,MCF7,0.5477017200006685
P04049,RAF1,BX912,MCF7,0.7720225466977564
P04049,RAF1,CHIR99021,MCF7,0.44185617736293176
P04049,RAF1,GSK2334470,MCF7,1.5054316734915554
P04049,RAF1,Ipatasertib,MCF7,1.6602491350343094
P04049,RAF1,LY2090314,MCF7,0.011909940266338624
P04049,RAF1,Tofacitinib,MCF7,-0.9038358618151702
P04049,RAF1,AZD8055,MCF7,0.28781006141304327
P04049,RAF1,GDC0994,MCF7,1.2278784071735154
P04049,RAF1,JNK,MCF7,-0.3104489557193242
P04049,RAF1,LY2584702,MCF7,-0.5181328928799576
P04049,RAF1,PH797804,MCF7,0.15797861947461528
P04049,RAF1,Selumetinib,MCF7,-1.3129302890382852
P04049,RAF1,U73122,MCF7,0.9747782134194911
P04049,RAF1,Ulixertinib,MCF7,4.620475344743529
P04049,RAF1,Amuvatinib,MCF7,1.634555362817548
P04049,RAF1,AZD3759,MCF7,-0.7064140580146755
P04049,RAF1,GSK690693,MCF7,0.48387104603258246
P04049,RAF1,JNJ,MCF7,0.7750881051494843
P04049,RAF1,KN62,MCF7,0.7946543791637063
P04049,RAF1,Linsitinib,MCF7,-0.23347298973094077
P04049,RAF1,LY2835219,MCF7,0.4644683659908129
P04049,RAF1,Ribociclib,MCF7,-0.15355400598041827
P04049,RAF1,AC220,MCF7,-0.5934397045041973
P04049,RAF1,Edelfosine,MCF7,0.7039593695128142
P04049,RAF1,GF109203X,MCF7,-0.3816364213839763
P04049,RAF1,Go6976,MCF7,0.2066262448282349
P04049,RAF1,PF4708671,MCF7,-0.5877125648645067
P04049,RAF1,SP600125,MCF7,-1.1693318226970129
P04049,RAF1,TAK715,MCF7,0.35948891547688805
P04049,RAF1,TBCA,MCF7,-0.23758868616838422
P04049,RAF1,AT13148,MCF7,-1.1164782689623147
P04049,RAF1,AZ20,MCF7,-0.3577372363467768
P04049,RAF1,AZD6738,MCF7,1.770332628031481
P04049,RAF1,Bosutinib,MCF7,-1.4535772819381216
P04049,RAF1,Dabrafenib,MCF7,1.5976815251948868
P04049,RAF1,Dasatinib,MCF7,-0.21813765076014627
P04049,RAF1,DNAPK,MCF7,-0.7795121506929295
P04049,RAF1,H89,MCF7,-0.9800647719677984
P04049,RAF1,KD025,MCF7,0.19888934521329346
P04049,RAF1,NU7441,MCF7,-0.23088183193165404
P04049,RAF1,Ripasudil,MCF7,-0.9216013117774011
P04049,RAF1,Vemurafenib,MCF7,-0.3227588984702407
P04049,RAF1,CX4945,MCF7,0.3897521567610237
P04049,RAF1,GO6983,MCF7,0.5442535973348085
P04049,RAF1,KN93,MCF7,1.378032896215186
P04049,RAF1,MK2206,MCF7,3.497859905568243
P41279,MAP3K8,AZD6482,MCF7,-0.7447958579410882
P41279,MAP3K8,CAL101,MCF7,-0.5906615291998686
P41279,MAP3K8,GDC0941,MCF7,0.8645173722415066
P41279,MAP3K8,HS173,MCF7,1.431221994216039
P41279,MAP3K8,PIK294,MCF7,0.8123942195152217
P41279,MAP3K8,TGX221,MCF7,1.8038882838977894
P41279,MAP3K8,AZD5438,MCF7,1.7718959602311641
P41279,MAP3K8,FRAX486,MCF7,1.2768653368017184
P41279,MAP3K8,Ku0063794,MCF7,0.6225841147289592
P41279,MAP3K8,PD153035,MCF7,-1.669231981562662
P41279,MAP3K8,PF3758309,MCF7,-0.39330227917304494
P41279,MAP3K8,Torin,MCF7,0.11662153214050587
P41279,MAP3K8,Trametinib,MCF7,-2.5544809726566107
P41279,MAP3K8,AZD1480,MCF7,-1.891012712363309
P41279,MAP3K8,AZD5363,MCF7,1.2143085543744048
P41279,MAP3K8,BX912,MCF7,1.0180479313783704
P41279,MAP3K8,CHIR99021,MCF7,1.4414749787567227
P41279,MAP3K8,GSK2334470,MCF7,1.4936891545305109
P41279,MAP3K8,Ipatasertib,MCF7,-0.003605139572912573
P41279,MAP3K8,LY2090314,MCF7,-0.36082198335123117
P41279,MAP3K8,Tofacitinib,MCF7,0.4877020783492397
P41279,MAP3K8,AZD8055,MCF7,0.10613474292036994
P41279,MAP3K8,GDC0994,MCF7,2.50523936480376
P41279,MAP3K8,JNK,MCF7,-0.9747727421715283
P41279,MAP3K8,LY2584702,MCF7,0.29716648445786314
P41279,MAP3K8,PH797804,MCF7,-0.988973923919893
P41279,MAP3K8,Selumetinib,MCF7,-4.292910466334084
P41279,MAP3K8,U73122,MCF7,-0.15496606931558635
P41279,MAP3K8,Ulixertinib,MCF7,2.6975519985530707
P41279,MAP3K8,Amuvatinib,MCF7,0.3637103580651109
P41279,MAP3K8,AZD3759,MCF7,-0.31043983010869336
P41279,MAP3K8,GSK690693,MCF7,2.2432429539086836
P41279,MAP3K8,JNJ,MCF7,0.5874007440706595
P41279,MAP3K8,KN62,MCF7,1.808255348876865
P41279,MAP3K8,Linsitinib,MCF7,0.2161413597440661
P41279,MAP3K8,LY2835219,MCF7,1.4261721594189836
P41279,MAP3K8,Ribociclib,MCF7,-1.3104294787690927
P41279,MAP3K8,AC220,MCF7,0.9465209221413304
P41279,MAP3K8,Edelfosine,MCF7,1.703123782030395
P41279,MAP3K8,GF109203X,MCF7,0.8437597075760562
P41279,MAP3K8,Go6976,MCF7,-0.21852565192786408
P41279,MAP3K8,PF4708671,MCF7,-0.273952585535965
P41279,MAP3K8,SP600125,MCF7,-1.0544286852818714
P41279,MAP3K8,TAK715,MCF7,-1.7609236542284594
P41279,MAP3K8,TBCA,MCF7,1.198181113915056
P41279,MAP3K8,AT13148,MCF7,0.6479372408468486
P41279,MAP3K8,AZ20,MCF7,-1.6764011675650785
P41279,MAP3K8,AZD6738,MCF7,1.6331735504540277
P41279,MAP3K8,Bosutinib,MCF7,-1.5412613709894265
P41279,MAP3K8,Dabrafenib,MCF7,2.615313739856207
P41279,MAP3K8,Dasatinib,MCF7,-1.2428173456627678
P41279,MAP3K8,DNAPK,MCF7,-0.39992078499464334
P41279,MAP3K8,H89,MCF7,0.6138980817651581
P41279,MAP3K8,KD025,MCF7,0.010232095605406452
P41279,MAP3K8,NU7441,MCF7,-0.16983398444354836
P41279,MAP3K8,Ripasudil,MCF7,-1.5329889309461575
P41279,MAP3K8,Vemurafenib,MCF7,-0.4725634587379995
P41279,MAP3K8,CX4945,MCF7,-0.8989454251664003
P41279,MAP3K8,GO6983,MCF7,-0.3630516050100165
P41279,MAP3K8,KN93,MCF7,0.7948757098594758
P41279,MAP3K8,MK2206,MCF7,3.150224865217845
Q9H422,HIPK3,AZD6482,MCF7,1.0829610733303108
Q9H422,HIPK3,CAL101,MCF7,0.3633284419130205
Q9H422,HIPK3,GDC0941,MCF7,0.6637634706332106
Q9H422,HIPK3,HS173,MCF7,0.7909575233388461
Q9H422,HIPK3,PIK294,MCF7,0.1348361959791554
Q9H422,HIPK3,TGX221,MCF7,0.48703904665811
Q9H422,HIPK3,AZD5438,MCF7,-0.5260975510736414
Q9H422,HIPK3,FRAX486,MCF7,1.3281568435812732
Q9H422,HIPK3,Ku0063794,MCF7,0.45458761594272806
Q9H422,HIPK3,PD153035,MCF7,1.3985206413748328
Q9H422,HIPK3,PF3758309,MCF7,0.4332876279000847
Q9H422,HIPK3,Torin,MCF7,1.4456742302056973
Q9H422,HIPK3,Trametinib,MCF7,1.1502578630114917
Q9H422,HIPK3,AZD1480,MCF7,-0.7383909594491223
Q9H422,HIPK3,AZD5363,MCF7,-0.2700499995705542
Q9H422,HIPK3,BX912,MCF7,-0.4467210307415208
Q9H422,HIPK3,CHIR99021,MCF7,0.7663766099206784
Q9H422,HIPK3,GSK2334470,MCF7,0.02673403230134228
Q9H422,HIPK3,Ipatasertib,MCF7,0.0811088242872627
Q9H422,HIPK3,LY2090314,MCF7,-0.3964752333148271
Q9H422,HIPK3,Tofacitinib,MCF7,-0.17102644969747152
Q9H422,HIPK3,AZD8055,MCF7,0.4508446064401999
Q9H422,HIPK3,GDC0994,MCF7,-0.10689249718321177
Q9H422,HIPK3,JNK,MCF7,0.274539633547403
Q9H422,HIPK3,LY2584702,MCF7,0.617260278640046
Q9H422,HIPK3,PH797804,MCF7,0.2900410473786915
Q9H422,HIPK3,Selumetinib,MCF7,0.27841229426576825
Q9H422,HIPK3,U73122,MCF7,0.5628183417346593
Q9H422,HIPK3,Ulixertinib,MCF7,-0.5839889585031516
Q9H422,HIPK3,Amuvatinib,MCF7,-0.723856714512243
Q9H422,HIPK3,AZD3759,MCF7,-1.0341395398169904
Q9H422,HIPK3,GSK690693,MCF7,-0.0772542098357426
Q9H422,HIPK3,JNJ,MCF7,-0.15629368684393366
Q9H422,HIPK3,KN62,MCF7,-0.7190027119243121
Q9H422,HIPK3,Linsitinib,MCF7,-0.560785058226699
Q9H422,HIPK3,LY2835219,MCF7,-3.9223240911013306
Q9H422,HIPK3,Ribociclib,MCF7,-1.5807466946481112
Q9H422,HIPK3,AC220,MCF7,-1.1676822708302508
Q9H422,HIPK3,Edelfosine,MCF7,-0.7322484321220334
Q9H422,HIPK3,GF109203X,MCF7,-0.8423862285711261
Q9H422,HIPK3,Go6976,MCF7,-0.7548223894316447
Q9H422,HIPK3,PF4708671,MCF7,-0.6280288889593475
Q9H422,HIPK3,SP600125,MCF7,-0.5894430151382835
Q9H422,HIPK3,TAK715,MCF7,-0.4998179055496777
Q9H422,HIPK3,TBCA,MCF7,-0.15353633083780172
Q9H422,HIPK3,AT13148,MCF7,0.2729449245947956
Q9H422,HIPK3,AZ20,MCF7,0.5449940291220479
Q9H422,HIPK3,AZD6738,MCF7,0.6944463737584023
Q9H422,HIPK3,Bosutinib,MCF7,0.45791624689914007
Q9H422,HIPK3,Dabrafenib,MCF7,-0.10778093930567656
Q9H422,HIPK3,Dasatinib,MCF7,0.5218399910050968
Q9H422,HIPK3,DNAPK,MCF7,0.3187414487273778
Q9H422,HIPK3,H89,MCF7,0.1881537780148224
Q9H422,HIPK3,KD025,MCF7,0.39912005520131594
Q9H422,HIPK3,NU7441,MCF7,0.4692230563376564
Q9H422,HIPK3,Ripasudil,MCF7,0.010005643645338728
Q9H422,HIPK3,Vemurafenib,MCF7,0.23507660597597033
Q9H422,HIPK3,CX4945,MCF7,-0.0076475946847819705
Q9H422,HIPK3,GO6983,MCF7,-0.052685279841775436
Q9H422,HIPK3,KN93,MCF7,-1.1062498441095385
Q9H422,HIPK3,MK2206,MCF7,-0.309304769693434
Q14289,PTK2B,AZD6482,MCF7,0.5333088867003836
Q14289,PTK2B,CAL101,MCF7,-2.1637984392375436
Q14289,PTK2B,GDC0941,MCF7,-0.30420251858529795
Q14289,PTK2B,HS173,MCF7,-0.5943503206072012
Q14289,PTK2B,PIK294,MCF7,-0.37334093708949473
Q14289,PTK2B,TGX221,MCF7,-0.9288578316376709
Q14289,PTK2B,AZD5438,MCF7,-0.026567898811495894
Q14289,PTK2B,FRAX486,MCF7,-0.345135377884304
Q14289,PTK2B,Ku0063794,MCF7,-0.2592442300253476
Q14289,PTK2B,PD153035,MCF7,-0.21658159339218416
Q14289,PTK2B,PF3758309,MCF7,-0.5314365237545513
Q14289,PTK2B,Torin,MCF7,-0.8265097198674858
Q14289,PTK2B,Trametinib,MCF7,-0.25600780418162467
Q14289,PTK2B,AZD1480,MCF7,0.19324955924921658
Q14289,PTK2B,AZD5363,MCF7,0.7669911160258579
Q14289,PTK2B,BX912,MCF7,-0.44529447802053085
Q14289,PTK2B,CHIR99021,MCF7,-2.169393185503425
Q14289,PTK2B,GSK2334470,MCF7,1.2331519546413108
Q14289,PTK2B,Ipatasertib,MCF7,2.4889498486398347
Q14289,PTK2B,LY2090314,MCF7,-2.687637879615662
Q14289,PTK2B,Tofacitinib,MCF7,-0.775321691402351
Q14289,PTK2B,AZD8055,MCF7,0.3458455471484546
Q14289,PTK2B,GDC0994,MCF7,-0.1293661527922003
Q14289,PTK2B,JNK,MCF7,-0.16939465257403427
Q14289,PTK2B,LY2584702,MCF7,-0.7519240607040663
Q14289,PTK2B,PH797804,MCF7,0.681764575348589
Q14289,PTK2B,Selumetinib,MCF7,0.026643473020995605
Q14289,PTK2B,U73122,MCF7,0.16371547055742305
Q14289,PTK2B,Ulixertinib,MCF7,-0.34315939120796707
Q14289,PTK2B,Amuvatinib,MCF7,1.5439126517095736
Q14289,PTK2B,AZD3759,MCF7,0.265074291293088
Q14289,PTK2B,GSK690693,MCF7,1.1532827511814654
Q14289,PTK2B,JNJ,MCF7,0.8032886821586348
Q14289,PTK2B,KN62,MCF7,0.44265898709931134
Q14289,PTK2B,Linsitinib,MCF7,1.7310040482944777
Q14289,PTK2B,LY2835219,MCF7,0.12945438227796896
Q14289,PTK2B,Ribociclib,MCF7,0.9431648214868866
Q14289,PTK2B,AC220,MCF7,0.8213646003148638
Q14289,PTK2B,Edelfosine,MCF7,0.6579739297180918
Q14289,PTK2B,GF109203X,MCF7,-1.0388465592762248
Q14289,PTK2B,Go6976,MCF7,0.16473548904064636
Q14289,PTK2B,PF4708671,MCF7,-0.5473173112612811
Q14289,PTK2B,SP600125,MCF7,-0.44113374301728187
Q14289,PTK2B,TAK715,MCF7,0.6511501647846207
Q14289,PTK2B,TBCA,MCF7,0.40936865812386286
Q14289,PTK2B,AT13148,MCF7,-0.6208103894910857
Q14289,PTK2B,AZ20,MCF7,1.739612436448668
Q14289,PTK2B,AZD6738,MCF7,0.8107810402776732
Q14289,PTK2B,Bosutinib,MCF7,0.7975439599741116
Q14289,PTK2B,Dabrafenib,MCF7,1.4351565849641188
Q14289,PTK2B,Dasatinib,MCF7,0.7344157068280427
Q14289,PTK2B,DNAPK,MCF7,-0.47303784551368916
Q14289,PTK2B,H89,MCF7,-0.5044733220223707
Q14289,PTK2B,KD025,MCF7,-0.30239214425472816
Q14289,PTK2B,NU7441,MCF7,1.1021542907252286
Q14289,PTK2B,Ripasudil,MCF7,0.521216267440366
Q14289,PTK2B,Vemurafenib,MCF7,1.0124276563512329
Q14289,PTK2B,CX4945,MCF7,1.3485866118899026
Q14289,PTK2B,GO6983,MCF7,-0.05361822980314908
Q14289,PTK2B,KN93,MCF7,1.25070334746316
Q14289,PTK2B,MK2206,MCF7,1.49757288030517
Q15831,STK11,AZD6482,MCF7,-0.9627091336122827
Q15831,STK11,CAL101,MCF7,1.6023322596097767
Q15831,STK11,GDC0941,MCF7,-1.1201422891310169
Q15831,STK11,HS173,MCF7,-0.6538700271565755
Q15831,STK11,PIK294,MCF7,1.116508516347386
Q15831,STK11,TGX221,MCF7,-0.6392158564099509
Q15831,STK11,AZD5438,MCF7,-0.05225252636688803
Q15831,STK11,FRAX486,MCF7,-0.42672731912406736
Q15831,STK11,Ku0063794,MCF7,-0.5973697030296502
Q15831,STK11,PD153035,MCF7,0.5380976714767451
Q15831,STK11,PF3758309,MCF7,-3.0226220224657427
Q15831,STK11,Torin,MCF7,-0.2929318160765224
Q15831,STK11,Trametinib,MCF7,0.9937670232805718
Q15831,STK11,AZD1480,MCF7,-1.6905733535713323
Q15831,STK11,AZD5363,MCF7,-1.8667776647867542
Q15831,STK11,BX912,MCF7,-1.13470648740645
Q15831,STK11,CHIR99021,MCF7,-1.7576546466909115
Q15831,STK11,GSK2334470,MCF7,-1.1677656091823758
Q15831,STK11,Ipatasertib,MCF7,-0.9750665482206293
Q15831,STK11,LY2090314,MCF7,-1.4478649168621405
Q15831,STK11,Tofacitinib,MCF7,-0.542773590477318
Q15831,STK11,AZD8055,MCF7,0.6410237105790212
Q15831,STK11,GDC0994,MCF7,2.0213844431379937
Q15831,STK11,JNK,MCF7,-0.9801433967370261
Q15831,STK11,LY2584702,MCF7,0.8177132674866059
Q15831,STK11,PH797804,MCF7,1.3213058206043222
Q15831,STK11,Selumetinib,MCF7,-0.06641603719446176
Q15831,STK11,U73122,MCF7,-1.5906220015588908
Q15831,STK11,Ulixertinib,MCF7,-0.7179703155876678
Q15831,STK11,Amuvatinib,MCF7,-0.7001477141684864
Q15831,STK11,AZD3759,MCF7,0.22635252730041155
Q15831,STK11,GSK690693,MCF7,-0.32728595313129155
Q15831,STK11,JNJ,MCF7,-0.8845781758211986
Q15831,STK11,KN62,MCF7,1.6321445786590458
Q15831,STK11,Linsitinib,MCF7,-0.32772978242077183
Q15831,STK11,LY2835219,MCF7,0.4437385130819715
Q15831,STK11,Ribociclib,MCF7,-0.06991199262033222
Q15831,STK11,AC220,MCF7,-0.4279358823342029
Q15831,STK11,Edelfosine,MCF7,-0.2831563335714883
Q15831,STK11,GF109203X,MCF7,1.3007403515933011
Q15831,STK11,Go6976,MCF7,-0.0833723650958384
Q15831,STK11,PF4708671,MCF7,0.24175079563626503
Q15831,STK11,SP600125,MCF7,0.5379110438825272
Q15831,STK11,TAK715,MCF7,-0.4824459245817118
Q15831,STK11,TBCA,MCF7,-1.6359669414539333
Q15831,STK11,AT13148,MCF7,-1.3441665208914768
Q15831,STK11,AZ20,MCF7,-0.0902082653624115
Q15831,STK11,AZD6738,MCF7,-0.8006125582439878
Q15831,STK11,Bosutinib,MCF7,-0.805548016498709
Q15831,STK11,Dabrafenib,MCF7,-0.23230572705783215
Q15831,STK11,Dasatinib,MCF7,-0.7697482547125969
Q15831,STK11,DNAPK,MCF7,0.004264858460510616
Q15831,STK11,H89,MCF7,-0.3457784995412463
Q15831,STK11,KD025,MCF7,-0.4751262818204669
Q15831,STK11,NU7441,MCF7,0.7620916869411091
Q15831,STK11,Ripasudil,MCF7,-0.1469421748437699
Q15831,STK11,Vemurafenib,MCF7,-1.2501816842807287
Q15831,STK11,CX4945,MCF7,-1.0252573742155138
Q15831,STK11,GO6983,MCF7,-1.3906303391339576
Q15831,STK11,KN93,MCF7,-0.6528383459728253
Q15831,STK11,MK2206,MCF7,0.21405806142128408
P52564,MAP2K6,AZD6482,MCF7,-0.21650679926482935
P52564,MAP2K6,CAL101,MCF7,0.09556991902593841
P52564,MAP2K6,GDC0941,MCF7,0.12762784789121512
P52564,MAP2K6,HS173,MCF7,1.5165898775472897
P52564,MAP2K6,PIK294,MCF7,0.2470289940411846
P52564,MAP2K6,TGX221,MCF7,0.4044975514908849
P52564,MAP2K6,AZD5438,MCF7,0.942592922560284
P52564,MAP2K6,FRAX486,MCF7,-1.4433337185301542
P52564,MAP2K6,Ku0063794,MCF7,0.2332951385870903
P52564,MAP2K6,PD153035,MCF7,-0.5562558736712767
P52564,MAP2K6,PF3758309,MCF7,0.5319403870851869
P52564,MAP2K6,Torin,MCF7,0.6801619954714094
P52564,MAP2K6,Trametinib,MCF7,-0.5474123981045674
P52564,MAP2K6,AZD1480,MCF7,-0.7805379378916703
P52564,MAP2K6,AZD5363,MCF7,-0.702563728370149
P52564,MAP2K6,BX912,MCF7,0.0210245965236128
P52564,MAP2K6,CHIR99021,MCF7,1.5520721210859103
P52564,MAP2K6,GSK2334470,MCF7,0.6631137212127013
P52564,MAP2K6,Ipatasertib,MCF7,0.5026283193476176
P52564,MAP2K6,LY2090314,MCF7,0.6216201828064356
P52564,MAP2K6,Tofacitinib,MCF7,-1.2161500261140046
P52564,MAP2K6,AZD8055,MCF7,0.3613142914433645
P52564,MAP2K6,GDC0994,MCF7,0.7305140007932629
P52564,MAP2K6,JNK,MCF7,0.2524638518968387
P52564,MAP2K6,LY2584702,MCF7,-0.039977694860498125
P52564,MAP2K6,PH797804,MCF7,-1.9436806199508863
P52564,MAP2K6,Selumetinib,MCF7,0.09823866467389633
P52564,MAP2K6,U73122,MCF7,0.6894723107597093
P52564,MAP2K6,Ulixertinib,MCF7,0.4176027571752745
P52564,MAP2K6,Amuvatinib,MCF7,0.47085795135753566
P52564,MAP2K6,AZD3759,MCF7,-0.1718608043514348
P52564,MAP2K6,GSK690693,MCF7,0.36006322019318066
P52564,MAP2K6,JNJ,MCF7,0.36927085227969475
P52564,MAP2K6,KN62,MCF7,0.7479341142552033
P52564,MAP2K6,Linsitinib,MCF7,0.08367627402723693
P52564,MAP2K6,LY2835219,MCF7,0.47182591964211595
P52564,MAP2K6,Ribociclib,MCF7,-0.44920697960758
P52564,MAP2K6,AC220,MCF7,0.958421736514945
P52564,MAP2K6,Edelfosine,MCF7,1.865837542841676
P52564,MAP2K6,GF109203X,MCF7,0.38980344431838765
P52564,MAP2K6,Go6976,MCF7,-0.4815166415921606
P52564,MAP2K6,PF4708671,MCF7,0.42456872773709214
P52564,MAP2K6,SP600125,MCF7,-0.1894196588370196
P52564,MAP2K6,TAK715,MCF7,-1.7162509942101989
P52564,MAP2K6,TBCA,MCF7,0.31177598441955867
P52564,MAP2K6,AT13148,MCF7,1.9726912951996232
P52564,MAP2K6,AZ20,MCF7,0.9701375437586418
P52564,MAP2K6,AZD6738,MCF7,1.9671623491822563
P52564,MAP2K6,Bosutinib,MCF7,-1.2654772658992424
P52564,MAP2K6,Dabrafenib,MCF7,0.5356704482875199
P52564,MAP2K6,Dasatinib,MCF7,-0.5613412581435827
P52564,MAP2K6,DNAPK,MCF7,0.25288245639792084
P52564,MAP2K6,H89,MCF7,0.10814574476464645
P52564,MAP2K6,KD025,MCF7,1.4435466907039776
P52564,MAP2K6,NU7441,MCF7,0.9961745052293178
P52564,MAP2K6,Ripasudil,MCF7,0.47634443762819334
P52564,MAP2K6,Vemurafenib,MCF7,0.7479919061155452
P52564,MAP2K6,CX4945,MCF7,0.07828160669839947
P52564,MAP2K6,GO6983,MCF7,0.07602248558309256
P52564,MAP2K6,KN93,MCF7,-0.050476127564034794
P52564,MAP2K6,MK2206,MCF7,0.5239194711184644
P07332,FES,AC220,MCF7,
P07332,FES,AT13148,MCF7,
P07332,FES,AZ20,MCF7,
P07332,FES,AZD1480,MCF7,
P07332,FES,AZD3759,MCF7,
P07332,FES,AZD5363,MCF7,
P07332,FES,AZD5438,MCF7,
P07332,FES,AZD6482,MCF7,
P07332,FES,AZD6738,MCF7,
P07332,FES,AZD8055,MCF7,
P07332,FES,Amuvatinib,MCF7,
P07332,FES,BX912,MCF7,
P07332,FES,Bosutinib,MCF7,
P07332,FES,CAL101,MCF7,
P07332,FES,CHIR99021,MCF7,
P07332,FES,CX4945,MCF7,
P07332,FES,DNAPK,MCF7,
P07332,FES,Dabrafenib,MCF7,
P07332,FES,Dasatinib,MCF7,
P07332,FES,Edelfosine,MCF7,
P07332,FES,FRAX486,MCF7,
P07332,FES,GDC0941,MCF7,
P07332,FES,GDC0994,MCF7,
P07332,FES,GF109203X,MCF7,
P07332,FES,GO6983,MCF7,
P07332,FES,GSK2334470,MCF7,
P07332,FES,GSK690693,MCF7,
P07332,FES,Go6976,MCF7,
P07332,FES,H89,MCF7,
P07332,FES,HS173,MCF7,
P07332,FES,Ipatasertib,MCF7,
P07332,FES,JNJ,MCF7,
P07332,FES,JNK,MCF7,
P07332,FES,KD025,MCF7,
P07332,FES,KN62,MCF7,
P07332,FES,KN93,MCF7,
P07332,FES,Ku0063794,MCF7,
P07332,FES,LY2090314,MCF7,
P07332,FES,LY2584702,MCF7,
P07332,FES,LY2835219,MCF7,
P07332,FES,Linsitinib,MCF7,
P07332,FES,MK2206,MCF7,
P07332,FES,NU7441,MCF7,
P07332,FES,PD153035,MCF7,
P07332,FES,PF3758309,MCF7,
P07332,FES,PF4708671,MCF7,
P07332,FES,PH797804,MCF7,
P07332,FES,PIK294,MCF7,
P07332,FES,Ribociclib,MCF7,
P07332,FES,Ripasudil,MCF7,
P07332,FES,SP600125,MCF7,
P07332,FES,Selumetinib,MCF7,
P07332,FES,TAK715,MCF7,
P07332,FES,TBCA,MCF7,
P07332,FES,TGX221,MCF7,
P07332,FES,Tofacitinib,MCF7,
P07332,FES,Torin,MCF7,
P07332,FES,Trametinib,MCF7,
P07332,FES,U73122,MCF7,
P07332,FES,Ulixertinib,MCF7,
P07332,FES,Vemurafenib,MCF7,
P17612,PRKACA,AZD6482,MCF7,-2.150960463419903
P17612,PRKACA,CAL101,MCF7,-0.36974015656178677
P17612,PRKACA,GDC0941,MCF7,-1.6060721200785009
P17612,PRKACA,HS173,MCF7,-2.3799571056628555
P17612,PRKACA,PIK294,MCF7,1.0141297202293236
P17612,PRKACA,TGX221,MCF7,0.5516277564168518
P17612,PRKACA,AZD5438,MCF7,0.5468584808527261
P17612,PRKACA,FRAX486,MCF7,-1.717077248596221
P17612,PRKACA,Ku0063794,MCF7,-1.2695906054216681
P17612,PRKACA,PD153035,MCF7,-0.32305597204395126
P17612,PRKACA,PF3758309,MCF7,-2.5198510191409107
P17612,PRKACA,Torin,MCF7,-2.0723872023014662
P17612,PRKACA,Trametinib,MCF7,-2.0173268072250354
P17612,PRKACA,AZD1480,MCF7,0.3791646404228561
P17612,PRKACA,AZD5363,MCF7,-2.3964162016821726
P17612,PRKACA,BX912,MCF7,-1.259841552331298
P17612,PRKACA,CHIR99021,MCF7,-1.0718537675922375
P17612,PRKACA,GSK2334470,MCF7,-1.6638443132360534
P17612,PRKACA,Ipatasertib,MCF7,0.18188002656855265
P17612,PRKACA,LY2090314,MCF7,0.8491501811697274
P17612,PRKACA,Tofacitinib,MCF7,-1.2749918543072802
P17612,PRKACA,AZD8055,MCF7,-2.295215895724874
P17612,PRKACA,GDC0994,MCF7,-1.190619267378304
P17612,PRKACA,JNK,MCF7,1.3670465919107246
P17612,PRKACA,LY2584702,MCF7,-0.6273556715662907
P17612,PRKACA,PH797804,MCF7,-1.3396727972025557
P17612,PRKACA,Selumetinib,MCF7,-1.4677879747548919
P17612,PRKACA,U73122,MCF7,-0.9945429587253874
P17612,PRKACA,Ulixertinib,MCF7,0.1964718420154691
P17612,PRKACA,Amuvatinib,MCF7,1.6590432184773016
P17612,PRKACA,AZD3759,MCF7,-0.6033024237180309
P17612,PRKACA,GSK690693,MCF7,-3.6356745493912164
P17612,PRKACA,JNJ,MCF7,-0.14443466106256236
P17612,PRKACA,KN62,MCF7,2.035196486460065
P17612,PRKACA,Linsitinib,MCF7,-0.5689815182282428
P17612,PRKACA,LY2835219,MCF7,-0.9946590150189732
P17612,PRKACA,Ribociclib,MCF7,0.44224648782139264
P17612,PRKACA,AC220,MCF7,0.7449611561919816
P17612,PRKACA,Edelfosine,MCF7,-1.4885401058809873
P17612,PRKACA,GF109203X,MCF7,-0.7721219911038582
P17612,PRKACA,Go6976,MCF7,-0.32676171773489215
P17612,PRKACA,PF4708671,MCF7,2.3938897746537036
P17612,PRKACA,SP600125,MCF7,0.39337143428288074
P17612,PRKACA,TAK715,MCF7,1.093401399923242
P17612,PRKACA,TBCA,MCF7,-0.9128340208033006
P17612,PRKACA,AT13148,MCF7,-3.9334713322453774
P17612,PRKACA,AZ20,MCF7,-1.42971138886686
P17612,PRKACA,AZD6738,MCF7,0.1457614682809737
P17612,PRKACA,Bosutinib,MCF7,-0.8099617767013099
P17612,PRKACA,Dabrafenib,MCF7,0.13869096649660972
P17612,PRKACA,Dasatinib,MCF7,-0.07508184989213407
P17612,PRKACA,DNAPK,MCF7,-0.8559112078332675
P17612,PRKACA,H89,MCF7,-1.2082108986046276
P17612,PRKACA,KD025,MCF7,-1.2481614218354462
P17612,PRKACA,NU7441,MCF7,-2.0775146922001806
P17612,PRKACA,Ripasudil,MCF7,-0.20559191173629268
P17612,PRKACA,Vemurafenib,MCF7,0.11472080434405416
P17612,PRKACA,CX4945,MCF7,-1.9264552603476395
P17612,PRKACA,GO6983,MCF7,-2.5681655932578056
P17612,PRKACA,KN93,MCF7,-1.9894408227895073
P17612,PRKACA,MK2206,MCF7,-2.8262171050288467
P22607,FGFR3,AZD6482,MCF7,-5.445141427773356
P22607,FGFR3,CAL101,MCF7,-1.600611623494982
P22607,FGFR3,GDC0941,MCF7,-2.0060340284429032
P22607,FGFR3,HS173,MCF7,-0.8723078651685988
P22607,FGFR3,PIK294,MCF7,0.44909093870070077
P22607,FGFR3,TGX221,MCF7,0.26331696889311934
P22607,FGFR3,AZD5438,MCF7,1.3474682524046349
P22607,FGFR3,FRAX486,MCF7,2.151801755648252
P22607,FGFR3,Ku0063794,MCF7,1.750825274782483
P22607,FGFR3,PD153035,MCF7,-2.017233348941007
P22607,FGFR3,PF3758309,MCF7,-2.071838526815437
P22607,FGFR3,Torin,MCF7,-1.6716666875441182
P22607,FGFR3,Trametinib,MCF7,-2.935770903120727
P22607,FGFR3,AZD1480,MCF7,0.8400582809060541
P22607,FGFR3,AZD5363,MCF7,1.2500280567297966
P22607,FGFR3,BX912,MCF7,-2.143711998118763
P22607,FGFR3,CHIR99021,MCF7,-2.213549106009813
P22607,FGFR3,GSK2334470,MCF7,1.9375445699656948
P22607,FGFR3,Ipatasertib,MCF7,-1.152015807983477
P22607,FGFR3,LY2090314,MCF7,0.9639318134801099
P22607,FGFR3,Tofacitinib,MCF7,2.269611851282491
P22607,FGFR3,AZD8055,MCF7,-2.6287481668102846
P22607,FGFR3,GDC0994,MCF7,-2.01526100017254
P22607,FGFR3,JNK,MCF7,-3.4477327647877205
P22607,FGFR3,LY2584702,MCF7,-2.9550442980695526
P22607,FGFR3,PH797804,MCF7,0.5147262229794177
P22607,FGFR3,Selumetinib,MCF7,0.39026723149814796
P22607,FGFR3,U73122,MCF7,-1.7122497344169754
P22607,FGFR3,Ulixertinib,MCF7,-2.646725488678893
P22607,FGFR3,Amuvatinib,MCF7,1.1693752506986266
P22607,FGFR3,AZD3759,MCF7,2.964342375622414
P22607,FGFR3,GSK690693,MCF7,-1.0906865522594638
P22607,FGFR3,JNJ,MCF7,-1.6769567172150244
P22607,FGFR3,KN62,MCF7,1.7305649616812446
P22607,FGFR3,Linsitinib,MCF7,2.0173753650588253
P22607,FGFR3,LY2835219,MCF7,2.6465460962184375
P22607,FGFR3,Ribociclib,MCF7,0.49735087123696786
P22607,FGFR3,AC220,MCF7,-2.8094855956447677
P22607,FGFR3,Edelfosine,MCF7,0.04113503893730023
P22607,FGFR3,GF109203X,MCF7,-1.621747308447708
P22607,FGFR3,Go6976,MCF7,0.7800054983500334
P22607,FGFR3,PF4708671,MCF7,-0.9380095979395755
P22607,FGFR3,SP600125,MCF7,0.11296168688268923
P22607,FGFR3,TAK715,MCF7,-1.5072821985413587
P22607,FGFR3,TBCA,MCF7,-1.9254807184766534
P22607,FGFR3,AT13148,MCF7,-0.9402316623640229
P22607,FGFR3,AZ20,MCF7,-2.838659722265557
P22607,FGFR3,AZD6738,MCF7,-2.9667061999796136
P22607,FGFR3,Bosutinib,MCF7,-1.655100012300457
P22607,FGFR3,Dabrafenib,MCF7,-1.8921950175811946
P22607,FGFR3,Dasatinib,MCF7,-0.6077002207542304
P22607,FGFR3,DNAPK,MCF7,-1.939717561880252
P22607,FGFR3,H89,MCF7,-1.2590553606983532
P22607,FGFR3,KD025,MCF7,-1.2555217313453768
P22607,FGFR3,NU7441,MCF7,-1.7567812519574029
P22607,FGFR3,Ripasudil,MCF7,-1.3907862359219443
P22607,FGFR3,Vemurafenib,MCF7,-2.628154007470623
P22607,FGFR3,CX4945,MCF7,-1.5081941190367774
P22607,FGFR3,GO6983,MCF7,-2.841529296570071
P22607,FGFR3,KN93,MCF7,-2.9606803761532214
P22607,FGFR3,MK2206,MCF7,-3.0349560894526135
P10721,KIT,AZD6482,MCF7,
P10721,KIT,CAL101,MCF7,
P10721,KIT,GDC0941,MCF7,
P10721,KIT,HS173,MCF7,
P10721,KIT,PIK294,MCF7,
P10721,KIT,TGX221,MCF7,
P10721,KIT,AZD5438,MCF7,
P10721,KIT,FRAX486,MCF7,
P10721,KIT,Ku0063794,MCF7,
P10721,KIT,PD153035,MCF7,
P10721,KIT,PF3758309,MCF7,
P10721,KIT,Torin,MCF7,
P10721,KIT,Trametinib,MCF7,
P10721,KIT,AZD1480,MCF7,
P10721,KIT,AZD5363,MCF7,
P10721,KIT,BX912,MCF7,
P10721,KIT,CHIR99021,MCF7,
P10721,KIT,GSK2334470,MCF7,
P10721,KIT,Ipatasertib,MCF7,
P10721,KIT,LY2090314,MCF7,
P10721,KIT,Tofacitinib,MCF7,
P10721,KIT,AZD8055,MCF7,
P10721,KIT,GDC0994,MCF7,
P10721,KIT,JNK,MCF7,
P10721,KIT,LY2584702,MCF7,
P10721,KIT,PH797804,MCF7,
P10721,KIT,Selumetinib,MCF7,
P10721,KIT,U73122,MCF7,
P10721,KIT,Ulixertinib,MCF7,
P10721,KIT,Amuvatinib,MCF7,
P10721,KIT,AZD3759,MCF7,
P10721,KIT,GSK690693,MCF7,
P10721,KIT,JNJ,MCF7,
P10721,KIT,KN62,MCF7,
P10721,KIT,Linsitinib,MCF7,
P10721,KIT,LY2835219,MCF7,
P10721,KIT,Ribociclib,MCF7,
P10721,KIT,AC220,MCF7,
P10721,KIT,Edelfosine,MCF7,
P10721,KIT,GF109203X,MCF7,
P10721,KIT,Go6976,MCF7,
P10721,KIT,PF4708671,MCF7,
P10721,KIT,SP600125,MCF7,
P10721,KIT,TAK715,MCF7,
P10721,KIT,TBCA,MCF7,
P10721,KIT,AT13148,MCF7,
P10721,KIT,AZ20,MCF7,
P10721,KIT,AZD6738,MCF7,
P10721,KIT,Bosutinib,MCF7,
P10721,KIT,Dabrafenib,MCF7,
P10721,KIT,Dasatinib,MCF7,
P10721,KIT,DNAPK,MCF7,
P10721,KIT,H89,MCF7,
P10721,KIT,KD025,MCF7,
P10721,KIT,NU7441,MCF7,
P10721,KIT,Ripasudil,MCF7,
P10721,KIT,Vemurafenib,MCF7,
P10721,KIT,CX4945,MCF7,
P10721,KIT,GO6983,MCF7,
P10721,KIT,KN93,MCF7,
P10721,KIT,MK2206,MCF7,
P49759,CLK1,AZD6482,MCF7,0.9176783773748478
P49759,CLK1,CAL101,MCF7,0.628660624988915
P49759,CLK1,GDC0941,MCF7,0.4872812049110126
P49759,CLK1,HS173,MCF7,-1.2691268963096503
P49759,CLK1,PIK294,MCF7,-0.347267180679181
P49759,CLK1,TGX221,MCF7,0.4876267361569326
P49759,CLK1,AZD5438,MCF7,0.5170221756671772
P49759,CLK1,FRAX486,MCF7,0.6809686685323421
P49759,CLK1,Ku0063794,MCF7,-0.703114055337027
P49759,CLK1,PD153035,MCF7,-1.547005556831339
P49759,CLK1,PF3758309,MCF7,-0.8944525346082365
P49759,CLK1,Torin,MCF7,0.19034451328148375
P49759,CLK1,Trametinib,MCF7,-0.32912482509836893
P49759,CLK1,AZD1480,MCF7,0.4964659782515169
P49759,CLK1,AZD5363,MCF7,0.5545140861983487
P49759,CLK1,BX912,MCF7,0.6470962644625481
P49759,CLK1,CHIR99021,MCF7,0.2761819851329982
P49759,CLK1,GSK2334470,MCF7,-0.19733213512260034
P49759,CLK1,Ipatasertib,MCF7,0.6541357998947591
P49759,CLK1,LY2090314,MCF7,0.398695367913772
P49759,CLK1,Tofacitinib,MCF7,0.5427373378234523
P49759,CLK1,AZD8055,MCF7,0.6734411083187181
P49759,CLK1,GDC0994,MCF7,1.2961556857659862
P49759,CLK1,JNK,MCF7,-0.4319981288253121
P49759,CLK1,LY2584702,MCF7,-0.2166056984055054
P49759,CLK1,PH797804,MCF7,0.4605244334167148
P49759,CLK1,Selumetinib,MCF7,-0.31308772298332505
P49759,CLK1,U73122,MCF7,0.9826383312873813
P49759,CLK1,Ulixertinib,MCF7,0.21295529232926655
P49759,CLK1,Amuvatinib,MCF7,-1.2558478119939382
P49759,CLK1,AZD3759,MCF7,-0.4894122714916986
P49759,CLK1,GSK690693,MCF7,1.0254490955073103
P49759,CLK1,JNJ,MCF7,-1.4919099786363301
P49759,CLK1,KN62,MCF7,-0.6184100390578163
P49759,CLK1,Linsitinib,MCF7,-0.88210507952223
P49759,CLK1,LY2835219,MCF7,-0.1300856140462657
P49759,CLK1,Ribociclib,MCF7,-1.2681987613020014
P49759,CLK1,AC220,MCF7,-0.618037268042717
P49759,CLK1,Edelfosine,MCF7,0.5642253071171451
P49759,CLK1,GF109203X,MCF7,1.1497503316033952
P49759,CLK1,Go6976,MCF7,-0.5113242477102624
P49759,CLK1,PF4708671,MCF7,-1.1172995277056845
P49759,CLK1,SP600125,MCF7,-1.8248183422162496
P49759,CLK1,TAK715,MCF7,0.5153009298440945
P49759,CLK1,TBCA,MCF7,-0.20051957038399407
P49759,CLK1,AT13148,MCF7,0.3213300170325629
P49759,CLK1,AZ20,MCF7,0.6784091212748801
P49759,CLK1,AZD6738,MCF7,0.5709124075507414
P49759,CLK1,Bosutinib,MCF7,0.05789623662618973
P49759,CLK1,Dabrafenib,MCF7,0.8864429665040804
P49759,CLK1,Dasatinib,MCF7,0.5797495999073451
P49759,CLK1,DNAPK,MCF7,0.10360148203555448
P49759,CLK1,H89,MCF7,-0.3968286380870986
P49759,CLK1,KD025,MCF7,0.11772952027041503
P49759,CLK1,NU7441,MCF7,0.5453041800987178
P49759,CLK1,Ripasudil,MCF7,0.1897976154792367
P49759,CLK1,Vemurafenib,MCF7,-0.3334418707139613
P49759,CLK1,CX4945,MCF7,2.0713607435783294
P49759,CLK1,GO6983,MCF7,1.5826123478643597
P49759,CLK1,KN93,MCF7,2.35307008795409
P49759,CLK1,MK2206,MCF7,2.7289546233284123
Q9UKI8,TLK1,AZD6482,MCF7,
Q9UKI8,TLK1,CAL101,MCF7,
Q9UKI8,TLK1,GDC0941,MCF7,
Q9UKI8,TLK1,HS173,MCF7,
Q9UKI8,TLK1,PIK294,MCF7,
Q9UKI8,TLK1,TGX221,MCF7,
Q9UKI8,TLK1,AZD5438,MCF7,
Q9UKI8,TLK1,FRAX486,MCF7,
Q9UKI8,TLK1,Ku0063794,MCF7,
Q9UKI8,TLK1,PD153035,MCF7,
Q9UKI8,TLK1,PF3758309,MCF7,
Q9UKI8,TLK1,Torin,MCF7,
Q9UKI8,TLK1,Trametinib,MCF7,
Q9UKI8,TLK1,AZD1480,MCF7,
Q9UKI8,TLK1,AZD5363,MCF7,
Q9UKI8,TLK1,BX912,MCF7,
Q9UKI8,TLK1,CHIR99021,MCF7,
Q9UKI8,TLK1,GSK2334470,MCF7,
Q9UKI8,TLK1,Ipatasertib,MCF7,
Q9UKI8,TLK1,LY2090314,MCF7,
Q9UKI8,TLK1,Tofacitinib,MCF7,
Q9UKI8,TLK1,AZD8055,MCF7,
Q9UKI8,TLK1,GDC0994,MCF7,
Q9UKI8,TLK1,JNK,MCF7,
Q9UKI8,TLK1,LY2584702,MCF7,
Q9UKI8,TLK1,PH797804,MCF7,
Q9UKI8,TLK1,Selumetinib,MCF7,
Q9UKI8,TLK1,U73122,MCF7,
Q9UKI8,TLK1,Ulixertinib,MCF7,
Q9UKI8,TLK1,Amuvatinib,MCF7,
Q9UKI8,TLK1,AZD3759,MCF7,
Q9UKI8,TLK1,GSK690693,MCF7,
Q9UKI8,TLK1,JNJ,MCF7,
Q9UKI8,TLK1,KN62,MCF7,
Q9UKI8,TLK1,Linsitinib,MCF7,
Q9UKI8,TLK1,LY2835219,MCF7,
Q9UKI8,TLK1,Ribociclib,MCF7,
Q9UKI8,TLK1,AC220,MCF7,
Q9UKI8,TLK1,Edelfosine,MCF7,
Q9UKI8,TLK1,GF109203X,MCF7,
Q9UKI8,TLK1,Go6976,MCF7,
Q9UKI8,TLK1,PF4708671,MCF7,
Q9UKI8,TLK1,SP600125,MCF7,
Q9UKI8,TLK1,TAK715,MCF7,
Q9UKI8,TLK1,TBCA,MCF7,
Q9UKI8,TLK1,AT13148,MCF7,
Q9UKI8,TLK1,AZ20,MCF7,
Q9UKI8,TLK1,AZD6738,MCF7,
Q9UKI8,TLK1,Bosutinib,MCF7,
Q9UKI8,TLK1,Dabrafenib,MCF7,
Q9UKI8,TLK1,Dasatinib,MCF7,
Q9UKI8,TLK1,DNAPK,MCF7,
Q9UKI8,TLK1,H89,MCF7,
Q9UKI8,TLK1,KD025,MCF7,
Q9UKI8,TLK1,NU7441,MCF7,
Q9UKI8,TLK1,Ripasudil,MCF7,
Q9UKI8,TLK1,Vemurafenib,MCF7,
Q9UKI8,TLK1,CX4945,MCF7,
Q9UKI8,TLK1,GO6983,MCF7,
Q9UKI8,TLK1,KN93,MCF7,
Q9UKI8,TLK1,MK2206,MCF7,
Q9HC98,NEK6,AZD6482,MCF7,-0.3079244523235083
Q9HC98,NEK6,CAL101,MCF7,-0.06548477863218845
Q9HC98,NEK6,GDC0941,MCF7,0.4514867047416195
Q9HC98,NEK6,HS173,MCF7,-0.13612994896079947
Q9HC98,NEK6,PIK294,MCF7,0.07712070734700086
Q9HC98,NEK6,TGX221,MCF7,-0.42917703344545216
Q9HC98,NEK6,AZD5438,MCF7,-1.086164250288593
Q9HC98,NEK6,FRAX486,MCF7,0.7314590802201124
Q9HC98,NEK6,Ku0063794,MCF7,0.4819788889205206
Q9HC98,NEK6,PD153035,MCF7,0.5037333564257097
Q9HC98,NEK6,PF3758309,MCF7,-0.2453226308157136
Q9HC98,NEK6,Torin,MCF7,0.4156879635613851
Q9HC98,NEK6,Trametinib,MCF7,0.7371217527263896
Q9HC98,NEK6,AZD1480,MCF7,-0.41212551775883854
Q9HC98,NEK6,AZD5363,MCF7,0.39845930060508433
Q9HC98,NEK6,BX912,MCF7,-0.9377127235870641
Q9HC98,NEK6,CHIR99021,MCF7,0.004931290272796797
Q9HC98,NEK6,GSK2334470,MCF7,0.8082281056649088
Q9HC98,NEK6,Ipatasertib,MCF7,0.4443205889481492
Q9HC98,NEK6,LY2090314,MCF7,0.020809188272440493
Q9HC98,NEK6,Tofacitinib,MCF7,0.19271961496514112
Q9HC98,NEK6,AZD8055,MCF7,0.5452883762057443
Q9HC98,NEK6,GDC0994,MCF7,-0.174317296623241
Q9HC98,NEK6,JNK,MCF7,-0.18706868839655125
Q9HC98,NEK6,LY2584702,MCF7,0.8493591799476055
Q9HC98,NEK6,PH797804,MCF7,0.778746541011961
Q9HC98,NEK6,Selumetinib,MCF7,0.27579519987172124
Q9HC98,NEK6,U73122,MCF7,0.5319384725355458
Q9HC98,NEK6,Ulixertinib,MCF7,-0.2962731690232924
Q9HC98,NEK6,Amuvatinib,MCF7,-1.4200202441772882
Q9HC98,NEK6,AZD3759,MCF7,-0.8718354816745666
Q9HC98,NEK6,GSK690693,MCF7,-0.014092292040403616
Q9HC98,NEK6,JNJ,MCF7,-0.5873196711055426
Q9HC98,NEK6,KN62,MCF7,0.05328062398396966
Q9HC98,NEK6,Linsitinib,MCF7,-1.3859567964706287
Q9HC98,NEK6,LY2835219,MCF7,-1.2611851443924185
Q9HC98,NEK6,Ribociclib,MCF7,-0.8415966526885156
Q9HC98,NEK6,AC220,MCF7,-0.4985576821554965
Q9HC98,NEK6,Edelfosine,MCF7,0.42090235537605536
Q9HC98,NEK6,GF109203X,MCF7,-0.5317309065813224
Q9HC98,NEK6,Go6976,MCF7,-2.424962885371705
Q9HC98,NEK6,PF4708671,MCF7,-0.6593031379936989
Q9HC98,NEK6,SP600125,MCF7,0.6687178411284899
Q9HC98,NEK6,TAK715,MCF7,-0.8331565759109195
Q9HC98,NEK6,TBCA,MCF7,-0.8948290219789552
Q9HC98,NEK6,AT13148,MCF7,0.41028437697318243
Q9HC98,NEK6,AZ20,MCF7,0.9275981159127473
Q9HC98,NEK6,AZD6738,MCF7,-0.10300820422877283
Q9HC98,NEK6,Bosutinib,MCF7,0.878138763118984
Q9HC98,NEK6,Dabrafenib,MCF7,0.6191081897890156
Q9HC98,NEK6,Dasatinib,MCF7,0.15656100446240048
Q9HC98,NEK6,DNAPK,MCF7,-0.7382790067021139
Q9HC98,NEK6,H89,MCF7,-0.08056004585097248
Q9HC98,NEK6,KD025,MCF7,-0.41883099717648653
Q9HC98,NEK6,NU7441,MCF7,0.35519011066871836
Q9HC98,NEK6,Ripasudil,MCF7,-0.1867210956073977
Q9HC98,NEK6,Vemurafenib,MCF7,-0.45990515015363914
Q9HC98,NEK6,CX4945,MCF7,-0.7064748402462706
Q9HC98,NEK6,GO6983,MCF7,-1.0422478487972644
Q9HC98,NEK6,KN93,MCF7,-0.4443057106867324
Q9HC98,NEK6,MK2206,MCF7,-0.842617151730281
P43250,GRK6,AZD6482,MCF7,-0.05428262930815919
P43250,GRK6,CAL101,MCF7,1.2698016109574721
P43250,GRK6,GDC0941,MCF7,0.622910400929332
P43250,GRK6,HS173,MCF7,0.32242100875358004
P43250,GRK6,PIK294,MCF7,0.04305303258229437
P43250,GRK6,TGX221,MCF7,0.4092979831770616
P43250,GRK6,AZD5438,MCF7,1.2185436070043147
P43250,GRK6,FRAX486,MCF7,0.6376458672521038
P43250,GRK6,Ku0063794,MCF7,0.3768859125503703
P43250,GRK6,PD153035,MCF7,-0.2862692886989173
P43250,GRK6,PF3758309,MCF7,1.121810460081841
P43250,GRK6,Torin,MCF7,0.631345402546782
P43250,GRK6,Trametinib,MCF7,1.2008916691253768
P43250,GRK6,AZD1480,MCF7,-0.27910191029270054
P43250,GRK6,AZD5363,MCF7,-0.8872721278924693
P43250,GRK6,BX912,MCF7,-0.9475858544656133
P43250,GRK6,CHIR99021,MCF7,0.04713676962962906
P43250,GRK6,GSK2334470,MCF7,0.5911839344604816
P43250,GRK6,Ipatasertib,MCF7,-1.4090122374079066
P43250,GRK6,LY2090314,MCF7,-0.2115853050233039
P43250,GRK6,Tofacitinib,MCF7,-0.5867439327514572
P43250,GRK6,AZD8055,MCF7,0.9605401066749645
P43250,GRK6,GDC0994,MCF7,1.0056530837947653
P43250,GRK6,JNK,MCF7,0.7896446092093892
P43250,GRK6,LY2584702,MCF7,1.1282553371661048
P43250,GRK6,PH797804,MCF7,0.9496561974273435
P43250,GRK6,Selumetinib,MCF7,0.7920933384386784
P43250,GRK6,U73122,MCF7,0.872883549632619
P43250,GRK6,Ulixertinib,MCF7,0.8381903263006899
P43250,GRK6,Amuvatinib,MCF7,1.390508865160847
P43250,GRK6,AZD3759,MCF7,2.5286576622988868
P43250,GRK6,GSK690693,MCF7,1.285821651158692
P43250,GRK6,JNJ,MCF7,0.49625342998792804
P43250,GRK6,KN62,MCF7,1.1432277193677143
P43250,GRK6,Linsitinib,MCF7,0.11624201906348594
P43250,GRK6,LY2835219,MCF7,0.8584960290422026
P43250,GRK6,Ribociclib,MCF7,1.0286078039581115
P43250,GRK6,AC220,MCF7,-0.06621733904620711
P43250,GRK6,Edelfosine,MCF7,0.9310317637624339
P43250,GRK6,GF109203X,MCF7,2.4185890546112896
P43250,GRK6,Go6976,MCF7,-0.5418753457507735
P43250,GRK6,PF4708671,MCF7,-0.1070384954473075
P43250,GRK6,SP600125,MCF7,1.5367723909359776
P43250,GRK6,TAK715,MCF7,0.21921979844529554
P43250,GRK6,TBCA,MCF7,2.2035139270311155
P43250,GRK6,AT13148,MCF7,0.9901378121893264
P43250,GRK6,AZ20,MCF7,3.841146216339311
P43250,GRK6,AZD6738,MCF7,2.815047467248622
P43250,GRK6,Bosutinib,MCF7,1.2664397082565546
P43250,GRK6,Dabrafenib,MCF7,1.1142864622593944
P43250,GRK6,Dasatinib,MCF7,1.6089532225005811
P43250,GRK6,DNAPK,MCF7,2.171218809875723
P43250,GRK6,H89,MCF7,1.6971416557429992
P43250,GRK6,KD025,MCF7,0.7110607292976017
P43250,GRK6,NU7441,MCF7,0.9403709494899364
P43250,GRK6,Ripasudil,MCF7,0.6660324976896653
P43250,GRK6,Vemurafenib,MCF7,2.9379124676388866
P43250,GRK6,CX4945,MCF7,0.513258078700959
P43250,GRK6,GO6983,MCF7,-1.9637975260373794
P43250,GRK6,KN93,MCF7,0.08251167773534063
P43250,GRK6,MK2206,MCF7,-1.3939102835201007
Q9BQI3,EIF2AK1,AZD6482,MCF7,
Q9BQI3,EIF2AK1,CAL101,MCF7,
Q9BQI3,EIF2AK1,GDC0941,MCF7,
Q9BQI3,EIF2AK1,HS173,MCF7,
Q9BQI3,EIF2AK1,PIK294,MCF7,
Q9BQI3,EIF2AK1,TGX221,MCF7,
Q9BQI3,EIF2AK1,AZD5438,MCF7,
Q9BQI3,EIF2AK1,FRAX486,MCF7,
Q9BQI3,EIF2AK1,Ku0063794,MCF7,
Q9BQI3,EIF2AK1,PD153035,MCF7,
Q9BQI3,EIF2AK1,PF3758309,MCF7,
Q9BQI3,EIF2AK1,Torin,MCF7,
Q9BQI3,EIF2AK1,Trametinib,MCF7,
Q9BQI3,EIF2AK1,AZD1480,MCF7,
Q9BQI3,EIF2AK1,AZD5363,MCF7,
Q9BQI3,EIF2AK1,BX912,MCF7,
Q9BQI3,EIF2AK1,CHIR99021,MCF7,
Q9BQI3,EIF2AK1,GSK2334470,MCF7,
Q9BQI3,EIF2AK1,Ipatasertib,MCF7,
Q9BQI3,EIF2AK1,LY2090314,MCF7,
Q9BQI3,EIF2AK1,Tofacitinib,MCF7,
Q9BQI3,EIF2AK1,AZD8055,MCF7,
Q9BQI3,EIF2AK1,GDC0994,MCF7,
Q9BQI3,EIF2AK1,JNK,MCF7,
Q9BQI3,EIF2AK1,LY2584702,MCF7,
Q9BQI3,EIF2AK1,PH797804,MCF7,
Q9BQI3,EIF2AK1,Selumetinib,MCF7,
Q9BQI3,EIF2AK1,U73122,MCF7,
Q9BQI3,EIF2AK1,Ulixertinib,MCF7,
Q9BQI3,EIF2AK1,Amuvatinib,MCF7,
Q9BQI3,EIF2AK1,AZD3759,MCF7,
Q9BQI3,EIF2AK1,GSK690693,MCF7,
Q9BQI3,EIF2AK1,JNJ,MCF7,
Q9BQI3,EIF2AK1,KN62,MCF7,
Q9BQI3,EIF2AK1,Linsitinib,MCF7,
Q9BQI3,EIF2AK1,LY2835219,MCF7,
Q9BQI3,EIF2AK1,Ribociclib,MCF7,
Q9BQI3,EIF2AK1,AC220,MCF7,
Q9BQI3,EIF2AK1,Edelfosine,MCF7,
Q9BQI3,EIF2AK1,GF109203X,MCF7,
Q9BQI3,EIF2AK1,Go6976,MCF7,
Q9BQI3,EIF2AK1,PF4708671,MCF7,
Q9BQI3,EIF2AK1,SP600125,MCF7,
Q9BQI3,EIF2AK1,TAK715,MCF7,
Q9BQI3,EIF2AK1,TBCA,MCF7,
Q9BQI3,EIF2AK1,AT13148,MCF7,
Q9BQI3,EIF2AK1,AZ20,MCF7,
Q9BQI3,EIF2AK1,AZD6738,MCF7,
Q9BQI3,EIF2AK1,Bosutinib,MCF7,
Q9BQI3,EIF2AK1,Dabrafenib,MCF7,
Q9BQI3,EIF2AK1,Dasatinib,MCF7,
Q9BQI3,EIF2AK1,DNAPK,MCF7,
Q9BQI3,EIF2AK1,H89,MCF7,
Q9BQI3,EIF2AK1,KD025,MCF7,
Q9BQI3,EIF2AK1,NU7441,MCF7,
Q9BQI3,EIF2AK1,Ripasudil,MCF7,
Q9BQI3,EIF2AK1,Vemurafenib,MCF7,
Q9BQI3,EIF2AK1,CX4945,MCF7,
Q9BQI3,EIF2AK1,GO6983,MCF7,
Q9BQI3,EIF2AK1,KN93,MCF7,
Q9BQI3,EIF2AK1,MK2206,MCF7,
Q9NZJ5,EIF2AK3,AZD6482,MCF7,
Q9NZJ5,EIF2AK3,CAL101,MCF7,
Q9NZJ5,EIF2AK3,GDC0941,MCF7,
Q9NZJ5,EIF2AK3,HS173,MCF7,
Q9NZJ5,EIF2AK3,PIK294,MCF7,
Q9NZJ5,EIF2AK3,TGX221,MCF7,
Q9NZJ5,EIF2AK3,AZD5438,MCF7,
Q9NZJ5,EIF2AK3,FRAX486,MCF7,
Q9NZJ5,EIF2AK3,Ku0063794,MCF7,
Q9NZJ5,EIF2AK3,PD153035,MCF7,
Q9NZJ5,EIF2AK3,PF3758309,MCF7,
Q9NZJ5,EIF2AK3,Torin,MCF7,
Q9NZJ5,EIF2AK3,Trametinib,MCF7,
Q9NZJ5,EIF2AK3,AZD1480,MCF7,
Q9NZJ5,EIF2AK3,AZD5363,MCF7,
Q9NZJ5,EIF2AK3,BX912,MCF7,
Q9NZJ5,EIF2AK3,CHIR99021,MCF7,
Q9NZJ5,EIF2AK3,GSK2334470,MCF7,
Q9NZJ5,EIF2AK3,Ipatasertib,MCF7,
Q9NZJ5,EIF2AK3,LY2090314,MCF7,
Q9NZJ5,EIF2AK3,Tofacitinib,MCF7,
Q9NZJ5,EIF2AK3,AZD8055,MCF7,
Q9NZJ5,EIF2AK3,GDC0994,MCF7,
Q9NZJ5,EIF2AK3,JNK,MCF7,
Q9NZJ5,EIF2AK3,LY2584702,MCF7,
Q9NZJ5,EIF2AK3,PH797804,MCF7,
Q9NZJ5,EIF2AK3,Selumetinib,MCF7,
Q9NZJ5,EIF2AK3,U73122,MCF7,
Q9NZJ5,EIF2AK3,Ulixertinib,MCF7,
Q9NZJ5,EIF2AK3,Amuvatinib,MCF7,
Q9NZJ5,EIF2AK3,AZD3759,MCF7,
Q9NZJ5,EIF2AK3,GSK690693,MCF7,
Q9NZJ5,EIF2AK3,JNJ,MCF7,
Q9NZJ5,EIF2AK3,KN62,MCF7,
Q9NZJ5,EIF2AK3,Linsitinib,MCF7,
Q9NZJ5,EIF2AK3,LY2835219,MCF7,
Q9NZJ5,EIF2AK3,Ribociclib,MCF7,
Q9NZJ5,EIF2AK3,AC220,MCF7,
Q9NZJ5,EIF2AK3,Edelfosine,MCF7,
Q9NZJ5,EIF2AK3,GF109203X,MCF7,
Q9NZJ5,EIF2AK3,Go6976,MCF7,
Q9NZJ5,EIF2AK3,PF4708671,MCF7,
Q9NZJ5,EIF2AK3,SP600125,MCF7,
Q9NZJ5,EIF2AK3,TAK715,MCF7,
Q9NZJ5,EIF2AK3,TBCA,MCF7,
Q9NZJ5,EIF2AK3,AT13148,MCF7,
Q9NZJ5,EIF2AK3,AZ20,MCF7,
Q9NZJ5,EIF2AK3,AZD6738,MCF7,
Q9NZJ5,EIF2AK3,Bosutinib,MCF7,
Q9NZJ5,EIF2AK3,Dabrafenib,MCF7,
Q9NZJ5,EIF2AK3,Dasatinib,MCF7,
Q9NZJ5,EIF2AK3,DNAPK,MCF7,
Q9NZJ5,EIF2AK3,H89,MCF7,
Q9NZJ5,EIF2AK3,KD025,MCF7,
Q9NZJ5,EIF2AK3,NU7441,MCF7,
Q9NZJ5,EIF2AK3,Ripasudil,MCF7,
Q9NZJ5,EIF2AK3,Vemurafenib,MCF7,
Q9NZJ5,EIF2AK3,CX4945,MCF7,
Q9NZJ5,EIF2AK3,GO6983,MCF7,
Q9NZJ5,EIF2AK3,KN93,MCF7,
Q9NZJ5,EIF2AK3,MK2206,MCF7,
Q14012,CAMK1,AC220,MCF7,-0.031213131270216132
Q14012,CAMK1,AT13148,MCF7,-0.5343438934157726
Q14012,CAMK1,AZ20,MCF7,0.38372152719245717
Q14012,CAMK1,AZD1480,MCF7,-0.3003973693652606
Q14012,CAMK1,AZD3759,MCF7,-0.580024979576915
Q14012,CAMK1,AZD5363,MCF7,-0.2589333570299337
Q14012,CAMK1,AZD5438,MCF7,0.35347315800860535
Q14012,CAMK1,AZD6482,MCF7,0.14621564093547676
Q14012,CAMK1,AZD6738,MCF7,-0.09564920109100784
Q14012,CAMK1,AZD8055,MCF7,0.5627629690472217
Q14012,CAMK1,Amuvatinib,MCF7,0.5890958198415983
Q14012,CAMK1,BX912,MCF7,0.047581638173918424
Q14012,CAMK1,Bosutinib,MCF7,-0.031205380733086478
Q14012,CAMK1,CAL101,MCF7,0.6945873816215541
Q14012,CAMK1,CHIR99021,MCF7,-0.7432029570155013
Q14012,CAMK1,CX4945,MCF7,-0.16668785318816232
Q14012,CAMK1,DNAPK,MCF7,-1.0331669085945838
Q14012,CAMK1,Dabrafenib,MCF7,0.4215044596714768
Q14012,CAMK1,Dasatinib,MCF7,-0.9272904172891018
Q14012,CAMK1,Edelfosine,MCF7,-0.5553149155326876
Q14012,CAMK1,FRAX486,MCF7,-0.04016388288894285
Q14012,CAMK1,GDC0941,MCF7,0.33450108779887555
Q14012,CAMK1,GDC0994,MCF7,0.09764748038560482
Q14012,CAMK1,GF109203X,MCF7,-0.1934826689253501
Q14012,CAMK1,GO6983,MCF7,-0.7668009114777249
Q14012,CAMK1,GSK2334470,MCF7,-0.17782828916471116
Q14012,CAMK1,GSK690693,MCF7,-0.5281788229440088
Q14012,CAMK1,Go6976,MCF7,-0.5702608406541908
Q14012,CAMK1,H89,MCF7,-0.3275238636770376
Q14012,CAMK1,HS173,MCF7,0.20303111897488474
Q14012,CAMK1,Ipatasertib,MCF7,0.254559105773305
Q14012,CAMK1,JNJ,MCF7,-0.24991936295219674
Q14012,CAMK1,JNK,MCF7,0.6680597446698673
Q14012,CAMK1,KD025,MCF7,-1.216005459718086
Q14012,CAMK1,KN62,MCF7,0.02534134610248013
Q14012,CAMK1,KN93,MCF7,-0.4561039771370917
Q14012,CAMK1,Ku0063794,MCF7,0.5239126590247986
Q14012,CAMK1,LY2090314,MCF7,0.02770772969223228
Q14012,CAMK1,LY2584702,MCF7,-0.2975426428840189
Q14012,CAMK1,LY2835219,MCF7,0.3248115950848739
Q14012,CAMK1,Linsitinib,MCF7,0.018663378300179195
Q14012,CAMK1,MK2206,MCF7,-0.6631821847052535
Q14012,CAMK1,NU7441,MCF7,-0.18550806565748354
Q14012,CAMK1,PD153035,MCF7,0.8920000845073698
Q14012,CAMK1,PF3758309,MCF7,0.2540526737837143
Q14012,CAMK1,PF4708671,MCF7,-0.3008958567872367
Q14012,CAMK1,PH797804,MCF7,0.2383579008459777
Q14012,CAMK1,PIK294,MCF7,0.5423262243079228
Q14012,CAMK1,Ribociclib,MCF7,0.5880159814931599
Q14012,CAMK1,Ripasudil,MCF7,0.32450955570028345
Q14012,CAMK1,SP600125,MCF7,-1.1800316046014736
Q14012,CAMK1,Selumetinib,MCF7,0.015771112771318676
Q14012,CAMK1,TAK715,MCF7,-0.8844557714483374
Q14012,CAMK1,TBCA,MCF7,-1.202917617908151
Q14012,CAMK1,TGX221,MCF7,0.16564618891629126
Q14012,CAMK1,Tofacitinib,MCF7,-0.08013178407843326
Q14012,CAMK1,Torin,MCF7,0.47465055627734115
Q14012,CAMK1,Trametinib,MCF7,0.7281632969609861
Q14012,CAMK1,U73122,MCF7,0.6706268794073371
Q14012,CAMK1,Ulixertinib,MCF7,-0.16156451869262034
Q14012,CAMK1,Vemurafenib,MCF7,0.26752464795004544
Q13523,PRP4K,AZD6482,MCF7,
Q13523,PRP4K,CAL101,MCF7,
Q13523,PRP4K,GDC0941,MCF7,
Q13523,PRP4K,HS173,MCF7,
Q13523,PRP4K,PIK294,MCF7,
Q13523,PRP4K,TGX221,MCF7,
Q13523,PRP4K,AZD5438,MCF7,
Q13523,PRP4K,FRAX486,MCF7,
Q13523,PRP4K,Ku0063794,MCF7,
Q13523,PRP4K,PD153035,MCF7,
Q13523,PRP4K,PF3758309,MCF7,
Q13523,PRP4K,Torin,MCF7,
Q13523,PRP4K,Trametinib,MCF7,
Q13523,PRP4K,AZD1480,MCF7,
Q13523,PRP4K,AZD5363,MCF7,
Q13523,PRP4K,BX912,MCF7,
Q13523,PRP4K,CHIR99021,MCF7,
Q13523,PRP4K,GSK2334470,MCF7,
Q13523,PRP4K,Ipatasertib,MCF7,
Q13523,PRP4K,LY2090314,MCF7,
Q13523,PRP4K,Tofacitinib,MCF7,
Q13523,PRP4K,AZD8055,MCF7,
Q13523,PRP4K,GDC0994,MCF7,
Q13523,PRP4K,JNK,MCF7,
Q13523,PRP4K,LY2584702,MCF7,
Q13523,PRP4K,PH797804,MCF7,
Q13523,PRP4K,Selumetinib,MCF7,
Q13523,PRP4K,U73122,MCF7,
Q13523,PRP4K,Ulixertinib,MCF7,
Q13523,PRP4K,Amuvatinib,MCF7,
Q13523,PRP4K,AZD3759,MCF7,
Q13523,PRP4K,GSK690693,MCF7,
Q13523,PRP4K,JNJ,MCF7,
Q13523,PRP4K,KN62,MCF7,
Q13523,PRP4K,Linsitinib,MCF7,
Q13523,PRP4K,LY2835219,MCF7,
Q13523,PRP4K,Ribociclib,MCF7,
Q13523,PRP4K,AC220,MCF7,
Q13523,PRP4K,Edelfosine,MCF7,
Q13523,PRP4K,GF109203X,MCF7,
Q13523,PRP4K,Go6976,MCF7,
Q13523,PRP4K,PF4708671,MCF7,
Q13523,PRP4K,SP600125,MCF7,
Q13523,PRP4K,TAK715,MCF7,
Q13523,PRP4K,TBCA,MCF7,
Q13523,PRP4K,AT13148,MCF7,
Q13523,PRP4K,AZ20,MCF7,
Q13523,PRP4K,AZD6738,MCF7,
Q13523,PRP4K,Bosutinib,MCF7,
Q13523,PRP4K,Dabrafenib,MCF7,
Q13523,PRP4K,Dasatinib,MCF7,
Q13523,PRP4K,DNAPK,MCF7,
Q13523,PRP4K,H89,MCF7,
Q13523,PRP4K,KD025,MCF7,
Q13523,PRP4K,NU7441,MCF7,
Q13523,PRP4K,Ripasudil,MCF7,
Q13523,PRP4K,Vemurafenib,MCF7,
Q13523,PRP4K,CX4945,MCF7,
Q13523,PRP4K,GO6983,MCF7,
Q13523,PRP4K,KN93,MCF7,
Q13523,PRP4K,MK2206,MCF7,
Q16584,MAP3K11,AZD6482,MCF7,1.2518782097700263
Q16584,MAP3K11,CAL101,MCF7,1.9978682951677167
Q16584,MAP3K11,GDC0941,MCF7,0.11030571219086448
Q16584,MAP3K11,HS173,MCF7,0.9149991185250144
Q16584,MAP3K11,PIK294,MCF7,-0.01553895042561098
Q16584,MAP3K11,TGX221,MCF7,0.9464428497711728
Q16584,MAP3K11,AZD5438,MCF7,0.02870659043831256
Q16584,MAP3K11,FRAX486,MCF7,0.0028690484344957917
Q16584,MAP3K11,Ku0063794,MCF7,0.04565210226122141
Q16584,MAP3K11,PD153035,MCF7,-0.2729299717236844
Q16584,MAP3K11,PF3758309,MCF7,0.08690997366233302
Q16584,MAP3K11,Torin,MCF7,0.02543096942560515
Q16584,MAP3K11,Trametinib,MCF7,0.049954690519227456
Q16584,MAP3K11,AZD1480,MCF7,-0.7731848510764427
Q16584,MAP3K11,AZD5363,MCF7,-0.07100359423339174
Q16584,MAP3K11,BX912,MCF7,0.04426828151234213
Q16584,MAP3K11,CHIR99021,MCF7,0.354572942935623
Q16584,MAP3K11,GSK2334470,MCF7,0.09748831424371233
Q16584,MAP3K11,Ipatasertib,MCF7,0.057173558512589956
Q16584,MAP3K11,LY2090314,MCF7,1.0944171390920425
Q16584,MAP3K11,Tofacitinib,MCF7,0.15104642947180325
Q16584,MAP3K11,AZD8055,MCF7,-0.25540288285247853
Q16584,MAP3K11,GDC0994,MCF7,-0.2162285916043394
Q16584,MAP3K11,JNK,MCF7,-0.500379815264323
Q16584,MAP3K11,LY2584702,MCF7,-0.5175916287618096
Q16584,MAP3K11,PH797804,MCF7,-0.0786875290626173
Q16584,MAP3K11,Selumetinib,MCF7,-0.08411877912914546
Q16584,MAP3K11,U73122,MCF7,-0.20233829278534546
Q16584,MAP3K11,Ulixertinib,MCF7,-0.49083509241717416
Q16584,MAP3K11,Amuvatinib,MCF7,-1.3171188763857264
Q16584,MAP3K11,AZD3759,MCF7,-0.6806899362543695
Q16584,MAP3K11,GSK690693,MCF7,-0.027129124530506726
Q16584,MAP3K11,JNJ,MCF7,-0.3038247934909241
Q16584,MAP3K11,KN62,MCF7,-0.7867284776652042
Q16584,MAP3K11,Linsitinib,MCF7,-0.1380199915951456
Q16584,MAP3K11,LY2835219,MCF7,-0.1797993891729834
Q16584,MAP3K11,Ribociclib,MCF7,-0.3088761862909339
Q16584,MAP3K11,AC220,MCF7,0.09132611852009188
Q16584,MAP3K11,Edelfosine,MCF7,-0.04630674308799506
Q16584,MAP3K11,GF109203X,MCF7,-0.1054379649034242
Q16584,MAP3K11,Go6976,MCF7,0.12516765534350197
Q16584,MAP3K11,PF4708671,MCF7,-0.2594590730465843
Q16584,MAP3K11,SP600125,MCF7,0.2616128745926748
Q16584,MAP3K11,TAK715,MCF7,0.49705446200388725
Q16584,MAP3K11,TBCA,MCF7,-0.11373205723843464
Q16584,MAP3K11,AT13148,MCF7,-0.4264904378117196
Q16584,MAP3K11,AZ20,MCF7,0.7572538949011526
Q16584,MAP3K11,AZD6738,MCF7,0.9887297120590677
Q16584,MAP3K11,Bosutinib,MCF7,0.0208628669460106
Q16584,MAP3K11,Dabrafenib,MCF7,-0.5098585499833281
Q16584,MAP3K11,Dasatinib,MCF7,-0.3361870149151457
Q16584,MAP3K11,DNAPK,MCF7,0.4720072536022065
Q16584,MAP3K11,H89,MCF7,0.4481213545005316
Q16584,MAP3K11,KD025,MCF7,0.41168557172202513
Q16584,MAP3K11,NU7441,MCF7,0.3509924997220215
Q16584,MAP3K11,Ripasudil,MCF7,-0.29685871317034096
Q16584,MAP3K11,Vemurafenib,MCF7,-0.5875523619013765
Q16584,MAP3K11,CX4945,MCF7,0.4053601534425982
Q16584,MAP3K11,GO6983,MCF7,-0.12187996216745366
Q16584,MAP3K11,KN93,MCF7,0.4315762487913467
Q16584,MAP3K11,MK2206,MCF7,1.1312200649953663
Q5VT25,CDC42BPA,AZD6482,MCF7,0.7732012982039059
Q5VT25,CDC42BPA,CAL101,MCF7,0.23501434947050656
Q5VT25,CDC42BPA,GDC0941,MCF7,0.8217367140613978
Q5VT25,CDC42BPA,HS173,MCF7,-0.4073574768870206
Q5VT25,CDC42BPA,PIK294,MCF7,0.3718324279604294
Q5VT25,CDC42BPA,TGX221,MCF7,-0.15888640956315603
Q5VT25,CDC42BPA,AZD5438,MCF7,1.583757623010771
Q5VT25,CDC42BPA,FRAX486,MCF7,1.592024077500899
Q5VT25,CDC42BPA,Ku0063794,MCF7,0.40445301464860495
Q5VT25,CDC42BPA,PD153035,MCF7,0.7047317470490275
Q5VT25,CDC42BPA,PF3758309,MCF7,-0.11382244541466119
Q5VT25,CDC42BPA,Torin,MCF7,1.5044989709594823
Q5VT25,CDC42BPA,Trametinib,MCF7,1.7867289300819538
Q5VT25,CDC42BPA,AZD1480,MCF7,0.8312678517828734
Q5VT25,CDC42BPA,AZD5363,MCF7,-1.1117603986000981
Q5VT25,CDC42BPA,BX912,MCF7,0.33727759773842736
Q5VT25,CDC42BPA,CHIR99021,MCF7,0.27400143583085534
Q5VT25,CDC42BPA,GSK2334470,MCF7,-1.3204056773013573
Q5VT25,CDC42BPA,Ipatasertib,MCF7,-0.3145867141108239
Q5VT25,CDC42BPA,LY2090314,MCF7,-0.8192227970156142
Q5VT25,CDC42BPA,Tofacitinib,MCF7,-0.06781385131085597
Q5VT25,CDC42BPA,AZD8055,MCF7,1.4846604674985044
Q5VT25,CDC42BPA,GDC0994,MCF7,-0.18308278566410763
Q5VT25,CDC42BPA,JNK,MCF7,1.2452665055391543
Q5VT25,CDC42BPA,LY2584702,MCF7,-0.8033255966760974
Q5VT25,CDC42BPA,PH797804,MCF7,0.1292081732420667
Q5VT25,CDC42BPA,Selumetinib,MCF7,0.5107197642467948
Q5VT25,CDC42BPA,U73122,MCF7,0.5058620664501545
Q5VT25,CDC42BPA,Ulixertinib,MCF7,0.3431578371484891
Q5VT25,CDC42BPA,Amuvatinib,MCF7,-0.9229068326656061
Q5VT25,CDC42BPA,AZD3759,MCF7,0.06268768130933461
Q5VT25,CDC42BPA,GSK690693,MCF7,0.2631174390154539
Q5VT25,CDC42BPA,JNJ,MCF7,1.441185495822174
Q5VT25,CDC42BPA,KN62,MCF7,-0.5566144604972209
Q5VT25,CDC42BPA,Linsitinib,MCF7,-0.9570909596611719
Q5VT25,CDC42BPA,LY2835219,MCF7,-0.6732611975776426
Q5VT25,CDC42BPA,Ribociclib,MCF7,-0.4766072818443651
Q5VT25,CDC42BPA,AC220,MCF7,-0.8040156093107674
Q5VT25,CDC42BPA,Edelfosine,MCF7,-1.2721072514047695
Q5VT25,CDC42BPA,GF109203X,MCF7,-0.2861450820513378
Q5VT25,CDC42BPA,Go6976,MCF7,-0.4103794848637649
Q5VT25,CDC42BPA,PF4708671,MCF7,-0.3434741554736771
Q5VT25,CDC42BPA,SP600125,MCF7,-0.9953105440592611
Q5VT25,CDC42BPA,TAK715,MCF7,-0.6626119986179114
Q5VT25,CDC42BPA,TBCA,MCF7,-1.7917654193017796
Q5VT25,CDC42BPA,AT13148,MCF7,-2.209913537297481
Q5VT25,CDC42BPA,AZ20,MCF7,-1.111544555675228
Q5VT25,CDC42BPA,AZD6738,MCF7,-0.7793546689248606
Q5VT25,CDC42BPA,Bosutinib,MCF7,-1.23677387766271
Q5VT25,CDC42BPA,Dabrafenib,MCF7,-0.2765012029040465
Q5VT25,CDC42BPA,Dasatinib,MCF7,-3.7942491137383296
Q5VT25,CDC42BPA,DNAPK,MCF7,-2.034827972111081
Q5VT25,CDC42BPA,H89,MCF7,-1.956475013761179
Q5VT25,CDC42BPA,KD025,MCF7,-2.6467586375184027
Q5VT25,CDC42BPA,NU7441,MCF7,-0.6207207604997811
Q5VT25,CDC42BPA,Ripasudil,MCF7,-0.5495515289272485
Q5VT25,CDC42BPA,Vemurafenib,MCF7,-1.001482814218203
Q5VT25,CDC42BPA,CX4945,MCF7,0.2504921210068745
Q5VT25,CDC42BPA,GO6983,MCF7,-0.26583154979917245
Q5VT25,CDC42BPA,KN93,MCF7,0.7930361846524182
Q5VT25,CDC42BPA,MK2206,MCF7,-0.3692624704673355
Q07912,TNK2,AZD6482,MCF7,-0.11609098637042381
Q07912,TNK2,CAL101,MCF7,-0.6606182920758371
Q07912,TNK2,GDC0941,MCF7,0.05203326304434321
Q07912,TNK2,HS173,MCF7,0.08164224057753243
Q07912,TNK2,PIK294,MCF7,0.06529581553409833
Q07912,TNK2,TGX221,MCF7,-0.20592717294977625
Q07912,TNK2,AZD5438,MCF7,-0.2549596437237488
Q07912,TNK2,FRAX486,MCF7,-1.7452701370746544
Q07912,TNK2,Ku0063794,MCF7,-0.49283633341460387
Q07912,TNK2,PD153035,MCF7,0.11311972308334454
Q07912,TNK2,PF3758309,MCF7,-0.17010696400329137
Q07912,TNK2,Torin,MCF7,0.06696592423479374
Q07912,TNK2,Trametinib,MCF7,0.027506897959600197
Q07912,TNK2,AZD1480,MCF7,-0.7046277890989118
Q07912,TNK2,AZD5363,MCF7,-0.1863483221656321
Q07912,TNK2,BX912,MCF7,0.405240631214142
Q07912,TNK2,CHIR99021,MCF7,0.7621297912266719
Q07912,TNK2,GSK2334470,MCF7,0.20915688459680457
Q07912,TNK2,Ipatasertib,MCF7,0.03609695787063924
Q07912,TNK2,LY2090314,MCF7,0.24771621364402818
Q07912,TNK2,Tofacitinib,MCF7,-0.11187911475913326
Q07912,TNK2,AZD8055,MCF7,-0.06384766903645556
Q07912,TNK2,GDC0994,MCF7,-0.27795472093558754
Q07912,TNK2,JNK,MCF7,0.014504041725813087
Q07912,TNK2,LY2584702,MCF7,-0.21079648960372727
Q07912,TNK2,PH797804,MCF7,0.2375863090314603
Q07912,TNK2,Selumetinib,MCF7,0.3400755277162524
Q07912,TNK2,U73122,MCF7,0.08156563162010708
Q07912,TNK2,Ulixertinib,MCF7,0.1995096478456753
Q07912,TNK2,Amuvatinib,MCF7,0.5530514606053086
Q07912,TNK2,AZD3759,MCF7,0.4612872374747844
Q07912,TNK2,GSK690693,MCF7,0.3588145265091131
Q07912,TNK2,JNJ,MCF7,0.4892694444361742
Q07912,TNK2,KN62,MCF7,0.2791406828781277
Q07912,TNK2,Linsitinib,MCF7,0.5102804860545122
Q07912,TNK2,LY2835219,MCF7,0.3731927208681725
Q07912,TNK2,Ribociclib,MCF7,-1.4303476644458544
Q07912,TNK2,AC220,MCF7,-0.3323561158883583
Q07912,TNK2,Edelfosine,MCF7,0.3328360312001725
Q07912,TNK2,GF109203X,MCF7,0.12855940015893952
Q07912,TNK2,Go6976,MCF7,0.0470574159716692
Q07912,TNK2,PF4708671,MCF7,0.02463855714456509
Q07912,TNK2,SP600125,MCF7,-0.22129089346039796
Q07912,TNK2,TAK715,MCF7,-0.12815590085962272
Q07912,TNK2,TBCA,MCF7,-0.0679344019685586
Q07912,TNK2,AT13148,MCF7,0.08703703436429698
Q07912,TNK2,AZ20,MCF7,0.2181354658439771
Q07912,TNK2,AZD6738,MCF7,0.07422424577596676
Q07912,TNK2,Bosutinib,MCF7,-0.6997662933227171
Q07912,TNK2,Dabrafenib,MCF7,0.1342753129326307
Q07912,TNK2,Dasatinib,MCF7,-3.1121552575993414
Q07912,TNK2,DNAPK,MCF7,-0.2543852435878546
Q07912,TNK2,H89,MCF7,-0.20824361887900655
Q07912,TNK2,KD025,MCF7,-0.004779977288967509
Q07912,TNK2,NU7441,MCF7,0.39479505213414046
Q07912,TNK2,Ripasudil,MCF7,-0.017075546565982026
Q07912,TNK2,Vemurafenib,MCF7,0.34617319392606627
Q07912,TNK2,CX4945,MCF7,0.6630395540777355
Q07912,TNK2,GO6983,MCF7,0.5678870938394535
Q07912,TNK2,KN93,MCF7,0.5691209700803184
Q07912,TNK2,MK2206,MCF7,-0.9122906497903872
Q13043,STK4,AZD6482,MCF7,0.7997010678449299
Q13043,STK4,CAL101,MCF7,-0.10961431783100622
Q13043,STK4,GDC0941,MCF7,0.903461150536607
Q13043,STK4,HS173,MCF7,-1.4933632033743076
Q13043,STK4,PIK294,MCF7,-0.0812214223377237
Q13043,STK4,TGX221,MCF7,0.5469252020277238
Q13043,STK4,AZD5438,MCF7,0.6195532420836355
Q13043,STK4,FRAX486,MCF7,3.146990169453436
Q13043,STK4,Ku0063794,MCF7,-0.18391436157923008
Q13043,STK4,PD153035,MCF7,1.4439541326455603
Q13043,STK4,PF3758309,MCF7,0.7130901569181601
Q13043,STK4,Torin,MCF7,2.5426007542780265
Q13043,STK4,Trametinib,MCF7,1.9185024978871972
Q13043,STK4,AZD1480,MCF7,0.6303006530367995
Q13043,STK4,AZD5363,MCF7,1.451725202165397
Q13043,STK4,BX912,MCF7,-1.080558754061609
Q13043,STK4,CHIR99021,MCF7,0.1325731795184819
Q13043,STK4,GSK2334470,MCF7,1.1769315315628486
Q13043,STK4,Ipatasertib,MCF7,0.7849133349118271
Q13043,STK4,LY2090314,MCF7,0.06462663642134091
Q13043,STK4,Tofacitinib,MCF7,0.46040352493060155
Q13043,STK4,AZD8055,MCF7,0.8899243960825186
Q13043,STK4,GDC0994,MCF7,1.0502399085984322
Q13043,STK4,JNK,MCF7,0.2895592314405318
Q13043,STK4,LY2584702,MCF7,0.6886023937650718
Q13043,STK4,PH797804,MCF7,0.42309055554446984
Q13043,STK4,Selumetinib,MCF7,-0.6031136187404167
Q13043,STK4,U73122,MCF7,0.5657579074058953
Q13043,STK4,Ulixertinib,MCF7,-0.2812028106599826
Q13043,STK4,Amuvatinib,MCF7,-0.18272070100386048
Q13043,STK4,AZD3759,MCF7,0.16155350061290794
Q13043,STK4,GSK690693,MCF7,1.1870531519081136
Q13043,STK4,JNJ,MCF7,-0.9982050943162069
Q13043,STK4,KN62,MCF7,0.7581384686522088
Q13043,STK4,Linsitinib,MCF7,1.1169874916035085
Q13043,STK4,LY2835219,MCF7,0.8256085146782521
Q13043,STK4,Ribociclib,MCF7,-0.45950996349982753
Q13043,STK4,AC220,MCF7,2.5404780172367
Q13043,STK4,Edelfosine,MCF7,2.5602907082284743
Q13043,STK4,GF109203X,MCF7,5.181355968669472
Q13043,STK4,Go6976,MCF7,2.7248922902758665
Q13043,STK4,PF4708671,MCF7,3.8140148881204916
Q13043,STK4,SP600125,MCF7,1.3560279349742743
Q13043,STK4,TAK715,MCF7,3.050496345617846
Q13043,STK4,TBCA,MCF7,2.271774281361604
Q13043,STK4,AT13148,MCF7,0.45867493899987977
Q13043,STK4,AZ20,MCF7,-0.5757875327589317
Q13043,STK4,AZD6738,MCF7,-0.3165919645069914
Q13043,STK4,Bosutinib,MCF7,0.40744076784556155
Q13043,STK4,Dabrafenib,MCF7,-0.44849072780028254
Q13043,STK4,Dasatinib,MCF7,-0.88695923706514
Q13043,STK4,DNAPK,MCF7,-1.710545962246395
Q13043,STK4,H89,MCF7,-1.6066032522677873
Q13043,STK4,KD025,MCF7,-0.8331368545040159
Q13043,STK4,NU7441,MCF7,0.17373960568879135
Q13043,STK4,Ripasudil,MCF7,-0.8048061192300329
Q13043,STK4,Vemurafenib,MCF7,-1.5760263064286077
Q13043,STK4,CX4945,MCF7,-2.2219300212019175
Q13043,STK4,GO6983,MCF7,-0.01049671764116046
Q13043,STK4,KN93,MCF7,0.9906034075296415
Q13043,STK4,MK2206,MCF7,0.587869956363331
Q8TD19,NEK9,AZD6482,MCF7,-1.1333327739937724
Q8TD19,NEK9,CAL101,MCF7,1.0592597317563313
Q8TD19,NEK9,GDC0941,MCF7,-0.5797900242104169
Q8TD19,NEK9,HS173,MCF7,0.9495797874197298
Q8TD19,NEK9,PIK294,MCF7,0.4103634459657895
Q8TD19,NEK9,TGX221,MCF7,-0.24809449981078216
Q8TD19,NEK9,AZD5438,MCF7,-0.3533122175810274
Q8TD19,NEK9,FRAX486,MCF7,1.0160476374606604
Q8TD19,NEK9,Ku0063794,MCF7,-1.143915828303884
Q8TD19,NEK9,PD153035,MCF7,0.5434177162368913
Q8TD19,NEK9,PF3758309,MCF7,1.6309912825756643
Q8TD19,NEK9,Torin,MCF7,0.24208526098013933
Q8TD19,NEK9,Trametinib,MCF7,2.4032361098362003
Q8TD19,NEK9,AZD1480,MCF7,-1.4460003243303694
Q8TD19,NEK9,AZD5363,MCF7,-1.7414930932498616
Q8TD19,NEK9,BX912,MCF7,-0.3601123154987239
Q8TD19,NEK9,CHIR99021,MCF7,1.2767741444839087
Q8TD19,NEK9,GSK2334470,MCF7,-0.8332436599535467
Q8TD19,NEK9,Ipatasertib,MCF7,-1.226758481380761
Q8TD19,NEK9,LY2090314,MCF7,-1.3048161729556862
Q8TD19,NEK9,Tofacitinib,MCF7,-0.8743080548590636
Q8TD19,NEK9,AZD8055,MCF7,-2.079240038591564
Q8TD19,NEK9,GDC0994,MCF7,-0.9393715461093582
Q8TD19,NEK9,JNK,MCF7,-1.2075051457450272
Q8TD19,NEK9,LY2584702,MCF7,-0.7591219870871901
Q8TD19,NEK9,PH797804,MCF7,-0.021323397631826845
Q8TD19,NEK9,Selumetinib,MCF7,-0.7758258573559074
Q8TD19,NEK9,U73122,MCF7,-0.694525659454097
Q8TD19,NEK9,Ulixertinib,MCF7,-1.7145456401610066
Q8TD19,NEK9,Amuvatinib,MCF7,0.5712849459574705
Q8TD19,NEK9,AZD3759,MCF7,-0.12702150135420656
Q8TD19,NEK9,GSK690693,MCF7,-0.2560636788527302
Q8TD19,NEK9,JNJ,MCF7,-1.9201215298364194
Q8TD19,NEK9,KN62,MCF7,1.1086583027514427
Q8TD19,NEK9,Linsitinib,MCF7,-0.4310051910103569
Q8TD19,NEK9,LY2835219,MCF7,0.7639928832194082
Q8TD19,NEK9,Ribociclib,MCF7,-1.6197577244388672
Q8TD19,NEK9,AC220,MCF7,1.132325539108576
Q8TD19,NEK9,Edelfosine,MCF7,0.37759166400372646
Q8TD19,NEK9,GF109203X,MCF7,2.6694907318223353
Q8TD19,NEK9,Go6976,MCF7,-0.25460115011168905
Q8TD19,NEK9,PF4708671,MCF7,-0.22083434147227393
Q8TD19,NEK9,SP600125,MCF7,-3.04496698189432
Q8TD19,NEK9,TAK715,MCF7,-0.46635272190007415
Q8TD19,NEK9,TBCA,MCF7,0.2540676858444561
Q8TD19,NEK9,AT13148,MCF7,0.9651442635910081
Q8TD19,NEK9,AZ20,MCF7,-0.2916722101230726
Q8TD19,NEK9,AZD6738,MCF7,1.0749634451533585
Q8TD19,NEK9,Bosutinib,MCF7,1.546341141421442
Q8TD19,NEK9,Dabrafenib,MCF7,0.49887135878081196
Q8TD19,NEK9,Dasatinib,MCF7,0.7891132127246049
Q8TD19,NEK9,DNAPK,MCF7,-0.6625585205643089
Q8TD19,NEK9,H89,MCF7,0.8771717447757682
Q8TD19,NEK9,KD025,MCF7,0.41576220991523777
Q8TD19,NEK9,NU7441,MCF7,0.6703771244092325
Q8TD19,NEK9,Ripasudil,MCF7,-0.30337414384847383
Q8TD19,NEK9,Vemurafenib,MCF7,0.21702861159152478
Q8TD19,NEK9,CX4945,MCF7,-4.468930112136279
Q8TD19,NEK9,GO6983,MCF7,-1.0837238833030916
Q8TD19,NEK9,KN93,MCF7,-2.040866828028442
Q8TD19,NEK9,MK2206,MCF7,-1.748292879457204
Q96RG2,PASK,AZD6482,MCF7,0.27451432998905656
Q96RG2,PASK,CAL101,MCF7,0.42569238464216425
Q96RG2,PASK,GDC0941,MCF7,-0.0027016243725494584
Q96RG2,PASK,HS173,MCF7,0.290851161602121
Q96RG2,PASK,PIK294,MCF7,0.1879855286190424
Q96RG2,PASK,TGX221,MCF7,0.2835773022096273
Q96RG2,PASK,AZD5438,MCF7,-1.0866119665434777
Q96RG2,PASK,FRAX486,MCF7,0.03349986305469206
Q96RG2,PASK,Ku0063794,MCF7,0.14585514185019882
Q96RG2,PASK,PD153035,MCF7,0.28580563609534204
Q96RG2,PASK,PF3758309,MCF7,0.10032820231883492
Q96RG2,PASK,Torin,MCF7,0.3997608005370737
Q96RG2,PASK,Trametinib,MCF7,0.6449258707910097
Q96RG2,PASK,AZD1480,MCF7,-0.06372264920933907
Q96RG2,PASK,AZD5363,MCF7,-0.2052113296128316
Q96RG2,PASK,BX912,MCF7,-0.08746041392831244
Q96RG2,PASK,CHIR99021,MCF7,-2.980513144682251
Q96RG2,PASK,GSK2334470,MCF7,0.31776660968337234
Q96RG2,PASK,Ipatasertib,MCF7,0.19499033797870838
Q96RG2,PASK,LY2090314,MCF7,-2.2727336461298973
Q96RG2,PASK,Tofacitinib,MCF7,0.006278174744485541
Q96RG2,PASK,AZD8055,MCF7,0.5104649603243233
Q96RG2,PASK,GDC0994,MCF7,0.6608150452206306
Q96RG2,PASK,JNK,MCF7,0.19741189966050207
Q96RG2,PASK,LY2584702,MCF7,0.18804643462543225
Q96RG2,PASK,PH797804,MCF7,0.568445905850541
Q96RG2,PASK,Selumetinib,MCF7,0.2543651866006577
Q96RG2,PASK,U73122,MCF7,0.457613047075346
Q96RG2,PASK,Ulixertinib,MCF7,0.18665528626306488
Q96RG2,PASK,Amuvatinib,MCF7,-0.17829997770423897
Q96RG2,PASK,AZD3759,MCF7,-0.6136051704624456
Q96RG2,PASK,GSK690693,MCF7,-0.025578155612238942
Q96RG2,PASK,JNJ,MCF7,-0.2772455690753335
Q96RG2,PASK,KN62,MCF7,-0.6136143121571292
Q96RG2,PASK,Linsitinib,MCF7,-0.37801094299190435
Q96RG2,PASK,LY2835219,MCF7,-2.0855548785669606
Q96RG2,PASK,Ribociclib,MCF7,-0.1436955892190145
Q96RG2,PASK,AC220,MCF7,-0.4468661785763514
Q96RG2,PASK,Edelfosine,MCF7,0.002500178684835979
Q96RG2,PASK,GF109203X,MCF7,-1.1984961275313528
Q96RG2,PASK,Go6976,MCF7,0.04515050966181173
Q96RG2,PASK,PF4708671,MCF7,-0.36011769776684116
Q96RG2,PASK,SP600125,MCF7,-0.24903110911944315
Q96RG2,PASK,TAK715,MCF7,-0.05415522733160134
Q96RG2,PASK,TBCA,MCF7,-0.34184307120789476
Q96RG2,PASK,AT13148,MCF7,0.6808494627439678
Q96RG2,PASK,AZ20,MCF7,0.1504324677188656
Q96RG2,PASK,AZD6738,MCF7,0.16909584520788012
Q96RG2,PASK,Bosutinib,MCF7,0.32272154481241305
Q96RG2,PASK,Dabrafenib,MCF7,0.06850950043155635
Q96RG2,PASK,Dasatinib,MCF7,0.2724985111179148
Q96RG2,PASK,DNAPK,MCF7,0.266411541309497
Q96RG2,PASK,H89,MCF7,0.07717638682200495
Q96RG2,PASK,KD025,MCF7,0.35780590472831264
Q96RG2,PASK,NU7441,MCF7,0.5388001870475517
Q96RG2,PASK,Ripasudil,MCF7,0.45130613689411914
Q96RG2,PASK,Vemurafenib,MCF7,0.13101066663170313
Q96RG2,PASK,CX4945,MCF7,0.8740097905060487
Q96RG2,PASK,GO6983,MCF7,-0.04661852972610309
Q96RG2,PASK,KN93,MCF7,0.8973478131668666
Q96RG2,PASK,MK2206,MCF7,0.8098147128745523
Q9H4A3,WNK1,AZD6482,MCF7,1.6022525208291727
Q9H4A3,WNK1,CAL101,MCF7,0.8093594455964377
Q9H4A3,WNK1,GDC0941,MCF7,1.0963393127912506
Q9H4A3,WNK1,HS173,MCF7,1.8463708351847528
Q9H4A3,WNK1,PIK294,MCF7,0.09776512430881878
Q9H4A3,WNK1,TGX221,MCF7,0.4880603453562351
Q9H4A3,WNK1,AZD5438,MCF7,-0.043995379467406184
Q9H4A3,WNK1,FRAX486,MCF7,1.3611794581478256
Q9H4A3,WNK1,Ku0063794,MCF7,0.7137818671031608
Q9H4A3,WNK1,PD153035,MCF7,1.988360842431187
Q9H4A3,WNK1,PF3758309,MCF7,1.5779778360722299
Q9H4A3,WNK1,Torin,MCF7,2.3847251734321326
Q9H4A3,WNK1,Trametinib,MCF7,1.5088032000470366
Q9H4A3,WNK1,AZD1480,MCF7,0.33316950148567315
Q9H4A3,WNK1,AZD5363,MCF7,-0.49603590265328246
Q9H4A3,WNK1,BX912,MCF7,-0.9018400161343026
Q9H4A3,WNK1,CHIR99021,MCF7,0.6868683283641049
Q9H4A3,WNK1,GSK2334470,MCF7,1.8776449252395424
Q9H4A3,WNK1,Ipatasertib,MCF7,-0.6807047030849328
Q9H4A3,WNK1,LY2090314,MCF7,-0.9823569205653865
Q9H4A3,WNK1,Tofacitinib,MCF7,1.749717455934489
Q9H4A3,WNK1,AZD8055,MCF7,2.305992177377275
Q9H4A3,WNK1,GDC0994,MCF7,3.26617532546422
Q9H4A3,WNK1,JNK,MCF7,2.8560722533333927
Q9H4A3,WNK1,LY2584702,MCF7,4.728399716482927
Q9H4A3,WNK1,PH797804,MCF7,3.1440080345592287
Q9H4A3,WNK1,Selumetinib,MCF7,1.9909444632106839
Q9H4A3,WNK1,U73122,MCF7,2.694118290481484
Q9H4A3,WNK1,Ulixertinib,MCF7,3.210331753641417
Q9H4A3,WNK1,Amuvatinib,MCF7,0.26552520396279133
Q9H4A3,WNK1,AZD3759,MCF7,-0.10925744758235584
Q9H4A3,WNK1,GSK690693,MCF7,-0.018519045190087742
Q9H4A3,WNK1,JNJ,MCF7,-0.3277056544111243
Q9H4A3,WNK1,KN62,MCF7,0.04807395312065883
Q9H4A3,WNK1,Linsitinib,MCF7,-0.29246450794129897
Q9H4A3,WNK1,LY2835219,MCF7,1.2511932952085583
Q9H4A3,WNK1,Ribociclib,MCF7,-0.9909058198835744
Q9H4A3,WNK1,AC220,MCF7,1.7387158347884264
Q9H4A3,WNK1,Edelfosine,MCF7,3.4104045926545052
Q9H4A3,WNK1,GF109203X,MCF7,3.870133404686298
Q9H4A3,WNK1,Go6976,MCF7,1.616258882358311
Q9H4A3,WNK1,PF4708671,MCF7,3.403258557090203
Q9H4A3,WNK1,SP600125,MCF7,2.324375980428556
Q9H4A3,WNK1,TAK715,MCF7,1.440264485445592
Q9H4A3,WNK1,TBCA,MCF7,2.511495725138337
Q9H4A3,WNK1,AT13148,MCF7,-0.42753221464201224
Q9H4A3,WNK1,AZ20,MCF7,-0.7019460525473692
Q9H4A3,WNK1,AZD6738,MCF7,0.12203592872835961
Q9H4A3,WNK1,Bosutinib,MCF7,0.36400862591497046
Q9H4A3,WNK1,Dabrafenib,MCF7,-1.7200939310717576
Q9H4A3,WNK1,Dasatinib,MCF7,-0.679867725268191
Q9H4A3,WNK1,DNAPK,MCF7,-0.42383802789854347
Q9H4A3,WNK1,H89,MCF7,0.0750396511616943
Q9H4A3,WNK1,KD025,MCF7,-0.592257735176553
Q9H4A3,WNK1,NU7441,MCF7,-0.984206462729471
Q9H4A3,WNK1,Ripasudil,MCF7,-0.9762581554235181
Q9H4A3,WNK1,Vemurafenib,MCF7,-1.1591595485284818
Q9H4A3,WNK1,CX4945,MCF7,-5.216453669219813
Q9H4A3,WNK1,GO6983,MCF7,-2.9967736436959496
Q9H4A3,WNK1,KN93,MCF7,-0.040026499108671725
Q9H4A3,WNK1,MK2206,MCF7,-2.1565186475957407
P42684,ABL2,AZD6482,MCF7,
P42684,ABL2,CAL101,MCF7,
P42684,ABL2,GDC0941,MCF7,
P42684,ABL2,HS173,MCF7,
P42684,ABL2,PIK294,MCF7,
P42684,ABL2,TGX221,MCF7,
P42684,ABL2,AZD5438,MCF7,
P42684,ABL2,FRAX486,MCF7,
P42684,ABL2,Ku0063794,MCF7,
P42684,ABL2,PD153035,MCF7,
P42684,ABL2,PF3758309,MCF7,
P42684,ABL2,Torin,MCF7,
P42684,ABL2,Trametinib,MCF7,
P42684,ABL2,AZD1480,MCF7,
P42684,ABL2,AZD5363,MCF7,
P42684,ABL2,BX912,MCF7,
P42684,ABL2,CHIR99021,MCF7,
P42684,ABL2,GSK2334470,MCF7,
P42684,ABL2,Ipatasertib,MCF7,
P42684,ABL2,LY2090314,MCF7,
P42684,ABL2,Tofacitinib,MCF7,
P42684,ABL2,AZD8055,MCF7,
P42684,ABL2,GDC0994,MCF7,
P42684,ABL2,JNK,MCF7,
P42684,ABL2,LY2584702,MCF7,
P42684,ABL2,PH797804,MCF7,
P42684,ABL2,Selumetinib,MCF7,
P42684,ABL2,U73122,MCF7,
P42684,ABL2,Ulixertinib,MCF7,
P42684,ABL2,Amuvatinib,MCF7,
P42684,ABL2,AZD3759,MCF7,
P42684,ABL2,GSK690693,MCF7,
P42684,ABL2,JNJ,MCF7,
P42684,ABL2,KN62,MCF7,
P42684,ABL2,Linsitinib,MCF7,
P42684,ABL2,LY2835219,MCF7,
P42684,ABL2,Ribociclib,MCF7,
P42684,ABL2,AC220,MCF7,
P42684,ABL2,Edelfosine,MCF7,
P42684,ABL2,GF109203X,MCF7,
P42684,ABL2,Go6976,MCF7,
P42684,ABL2,PF4708671,MCF7,
P42684,ABL2,SP600125,MCF7,
P42684,ABL2,TAK715,MCF7,
P42684,ABL2,TBCA,MCF7,
P42684,ABL2,AT13148,MCF7,
P42684,ABL2,AZ20,MCF7,
P42684,ABL2,AZD6738,MCF7,
P42684,ABL2,Bosutinib,MCF7,
P42684,ABL2,Dabrafenib,MCF7,
P42684,ABL2,Dasatinib,MCF7,
P42684,ABL2,DNAPK,MCF7,
P42684,ABL2,H89,MCF7,
P42684,ABL2,KD025,MCF7,
P42684,ABL2,NU7441,MCF7,
P42684,ABL2,Ripasudil,MCF7,
P42684,ABL2,Vemurafenib,MCF7,
P42684,ABL2,CX4945,MCF7,
P42684,ABL2,GO6983,MCF7,
P42684,ABL2,KN93,MCF7,
P42684,ABL2,MK2206,MCF7,
P41743,PRKCI,AZD6482,MCF7,-0.8252307647253595
P41743,PRKCI,CAL101,MCF7,-1.8217912739099198
P41743,PRKCI,GDC0941,MCF7,-0.3311278215601201
P41743,PRKCI,HS173,MCF7,-0.1413881244455827
P41743,PRKCI,PIK294,MCF7,1.2377785489996602
P41743,PRKCI,TGX221,MCF7,1.1743296225107738
P41743,PRKCI,AZD5438,MCF7,0.6600543845523823
P41743,PRKCI,FRAX486,MCF7,0.7903309352231794
P41743,PRKCI,Ku0063794,MCF7,1.2210063670518962
P41743,PRKCI,PD153035,MCF7,0.07744374579554875
P41743,PRKCI,PF3758309,MCF7,-1.1876436059536108
P41743,PRKCI,Torin,MCF7,-0.30161064585996805
P41743,PRKCI,Trametinib,MCF7,-0.8380152633349945
P41743,PRKCI,AZD1480,MCF7,0.6899854030078046
P41743,PRKCI,AZD5363,MCF7,1.2027453376387398
P41743,PRKCI,BX912,MCF7,-1.271216955383531
P41743,PRKCI,CHIR99021,MCF7,-0.8279093208573005
P41743,PRKCI,GSK2334470,MCF7,0.28210817862061505
P41743,PRKCI,Ipatasertib,MCF7,-0.47003900880394295
P41743,PRKCI,LY2090314,MCF7,0.17740438413450138
P41743,PRKCI,Tofacitinib,MCF7,1.2348955860705861
P41743,PRKCI,AZD8055,MCF7,1.943655879910564
P41743,PRKCI,GDC0994,MCF7,2.356875285885192
P41743,PRKCI,JNK,MCF7,1.4378755900413693
P41743,PRKCI,LY2584702,MCF7,2.442073132706686
P41743,PRKCI,PH797804,MCF7,2.892482293540287
P41743,PRKCI,Selumetinib,MCF7,1.9029265161428697
P41743,PRKCI,U73122,MCF7,2.1040243343243086
P41743,PRKCI,Ulixertinib,MCF7,2.229016045883894
P41743,PRKCI,Amuvatinib,MCF7,0.6648065810353373
P41743,PRKCI,AZD3759,MCF7,0.41050348866665026
P41743,PRKCI,GSK690693,MCF7,-0.45529012466859053
P41743,PRKCI,JNJ,MCF7,0.04795608422205226
P41743,PRKCI,KN62,MCF7,-0.1486883838706727
P41743,PRKCI,Linsitinib,MCF7,1.1107043538679182
P41743,PRKCI,LY2835219,MCF7,1.0327625489972605
P41743,PRKCI,Ribociclib,MCF7,0.4446511950012092
P41743,PRKCI,AC220,MCF7,-0.5144754987679773
P41743,PRKCI,Edelfosine,MCF7,0.891944020623055
P41743,PRKCI,GF109203X,MCF7,-0.3652003061205135
P41743,PRKCI,Go6976,MCF7,0.7434300736023346
P41743,PRKCI,PF4708671,MCF7,0.22335495535362154
P41743,PRKCI,SP600125,MCF7,0.3883427789061257
P41743,PRKCI,TAK715,MCF7,-0.3753446079188877
P41743,PRKCI,TBCA,MCF7,-1.149717948612845
P41743,PRKCI,AT13148,MCF7,-2.5156760444999575
P41743,PRKCI,AZ20,MCF7,-1.192617496845569
P41743,PRKCI,AZD6738,MCF7,-0.6128588646202106
P41743,PRKCI,Bosutinib,MCF7,-2.284674362063991
P41743,PRKCI,Dabrafenib,MCF7,-2.3316359995674176
P41743,PRKCI,Dasatinib,MCF7,-1.113358785077303
P41743,PRKCI,DNAPK,MCF7,-1.5508960113169288
P41743,PRKCI,H89,MCF7,-1.4029939317979752
P41743,PRKCI,KD025,MCF7,-1.346864261665926
P41743,PRKCI,NU7441,MCF7,-2.0446480106990514
P41743,PRKCI,Ripasudil,MCF7,-1.9633290746955692
P41743,PRKCI,Vemurafenib,MCF7,-1.5862977198645374
P41743,PRKCI,CX4945,MCF7,0.374101596378771
P41743,PRKCI,GO6983,MCF7,-0.6436065039045056
P41743,PRKCI,KN93,MCF7,-0.5662879599868197
P41743,PRKCI,MK2206,MCF7,-0.5990712126209893
Q9BZL6,PRKD2,AZD6482,MCF7,2.0478415117443456
Q9BZL6,PRKD2,CAL101,MCF7,1.4809263775781776
Q9BZL6,PRKD2,GDC0941,MCF7,1.5054595759427833
Q9BZL6,PRKD2,HS173,MCF7,1.2644987147554525
Q9BZL6,PRKD2,PIK294,MCF7,2.24797057726529
Q9BZL6,PRKD2,TGX221,MCF7,1.2061345919887247
Q9BZL6,PRKD2,AZD5438,MCF7,-0.89795834580274
Q9BZL6,PRKD2,FRAX486,MCF7,-1.0201053884143776
Q9BZL6,PRKD2,Ku0063794,MCF7,-1.3344383085256757
Q9BZL6,PRKD2,PD153035,MCF7,-2.6240932301149114
Q9BZL6,PRKD2,PF3758309,MCF7,-2.913567119872633
Q9BZL6,PRKD2,Torin,MCF7,-1.1974174294131854
Q9BZL6,PRKD2,Trametinib,MCF7,-0.9150701856624657
Q9BZL6,PRKD2,AZD1480,MCF7,0.4179893137132614
Q9BZL6,PRKD2,AZD5363,MCF7,0.4242669447444479
Q9BZL6,PRKD2,BX912,MCF7,0.41973789494294983
Q9BZL6,PRKD2,CHIR99021,MCF7,0.7190968489261108
Q9BZL6,PRKD2,GSK2334470,MCF7,-0.46994548186819934
Q9BZL6,PRKD2,Ipatasertib,MCF7,0.20825281315843444
Q9BZL6,PRKD2,LY2090314,MCF7,0.7098701387831559
Q9BZL6,PRKD2,Tofacitinib,MCF7,-0.07698974426437545
Q9BZL6,PRKD2,AZD8055,MCF7,-0.2477118521090935
Q9BZL6,PRKD2,GDC0994,MCF7,-0.37735493104125234
Q9BZL6,PRKD2,JNK,MCF7,-0.04364445454499635
Q9BZL6,PRKD2,LY2584702,MCF7,-0.45428329493753583
Q9BZL6,PRKD2,PH797804,MCF7,-0.16428754578987925
Q9BZL6,PRKD2,Selumetinib,MCF7,0.1799175485525047
Q9BZL6,PRKD2,U73122,MCF7,-0.24299457634617608
Q9BZL6,PRKD2,Ulixertinib,MCF7,0.0169347064202112
Q9BZL6,PRKD2,Amuvatinib,MCF7,-0.004778353429661473
Q9BZL6,PRKD2,AZD3759,MCF7,0.04542658580413601
Q9BZL6,PRKD2,GSK690693,MCF7,-0.6435686240871601
Q9BZL6,PRKD2,JNJ,MCF7,0.44596454031607796
Q9BZL6,PRKD2,KN62,MCF7,-0.4578956099764541
Q9BZL6,PRKD2,Linsitinib,MCF7,0.9720895021175345
Q9BZL6,PRKD2,LY2835219,MCF7,0.6673976205958196
Q9BZL6,PRKD2,Ribociclib,MCF7,0.7010840188712019
Q9BZL6,PRKD2,AC220,MCF7,-0.40400590684617327
Q9BZL6,PRKD2,Edelfosine,MCF7,0.503519860729002
Q9BZL6,PRKD2,GF109203X,MCF7,0.4733436394638881
Q9BZL6,PRKD2,Go6976,MCF7,0.7412098011040013
Q9BZL6,PRKD2,PF4708671,MCF7,0.6425101928561682
Q9BZL6,PRKD2,SP600125,MCF7,1.9305119154036647
Q9BZL6,PRKD2,TAK715,MCF7,0.5987556061181933
Q9BZL6,PRKD2,TBCA,MCF7,0.4863197387844662
Q9BZL6,PRKD2,AT13148,MCF7,0.5392125476644272
Q9BZL6,PRKD2,AZ20,MCF7,-0.09994464910633016
Q9BZL6,PRKD2,AZD6738,MCF7,1.1692125996319456
Q9BZL6,PRKD2,Bosutinib,MCF7,0.25196844845607913
Q9BZL6,PRKD2,Dabrafenib,MCF7,0.4588459263459257
Q9BZL6,PRKD2,Dasatinib,MCF7,0.6081110340556346
Q9BZL6,PRKD2,DNAPK,MCF7,1.1568843596692113
Q9BZL6,PRKD2,H89,MCF7,0.9371314218011162
Q9BZL6,PRKD2,KD025,MCF7,1.2693317940272724
Q9BZL6,PRKD2,NU7441,MCF7,-0.028839516737484923
Q9BZL6,PRKD2,Ripasudil,MCF7,-0.7207012914577237
Q9BZL6,PRKD2,Vemurafenib,MCF7,-0.048329055662009714
Q9BZL6,PRKD2,CX4945,MCF7,-1.1885173599024608
Q9BZL6,PRKD2,GO6983,MCF7,-2.368462186997602
Q9BZL6,PRKD2,KN93,MCF7,-2.0096249268068886
Q9BZL6,PRKD2,MK2206,MCF7,-0.2656362323571202
Q8N5S9,CAMKK1,AZD6482,MCF7,0.2879550746937167
Q8N5S9,CAMKK1,CAL101,MCF7,1.4613691511917315
Q8N5S9,CAMKK1,GDC0941,MCF7,0.05050833091806604
Q8N5S9,CAMKK1,HS173,MCF7,0.4506816926201169
Q8N5S9,CAMKK1,PIK294,MCF7,0.5560198010151118
Q8N5S9,CAMKK1,TGX221,MCF7,1.1603010605812445
Q8N5S9,CAMKK1,AZD5438,MCF7,-0.1620313187680345
Q8N5S9,CAMKK1,FRAX486,MCF7,-0.26427205175040397
Q8N5S9,CAMKK1,Ku0063794,MCF7,-0.5160888850385283
Q8N5S9,CAMKK1,PD153035,MCF7,0.4236480440231893
Q8N5S9,CAMKK1,PF3758309,MCF7,-0.5506817099239217
Q8N5S9,CAMKK1,Torin,MCF7,-0.3304923212224675
Q8N5S9,CAMKK1,Trametinib,MCF7,-0.035112301172794555
Q8N5S9,CAMKK1,AZD1480,MCF7,-0.49280049511819957
Q8N5S9,CAMKK1,AZD5363,MCF7,0.387194013697141
Q8N5S9,CAMKK1,BX912,MCF7,0.7128565319475652
Q8N5S9,CAMKK1,CHIR99021,MCF7,0.9084960329248869
Q8N5S9,CAMKK1,GSK2334470,MCF7,0.40122702676787675
Q8N5S9,CAMKK1,Ipatasertib,MCF7,0.3436356672594496
Q8N5S9,CAMKK1,LY2090314,MCF7,-0.09247281084335872
Q8N5S9,CAMKK1,Tofacitinib,MCF7,0.3146114399929117
Q8N5S9,CAMKK1,AZD8055,MCF7,0.2228245270891
Q8N5S9,CAMKK1,GDC0994,MCF7,-0.10837725615415875
Q8N5S9,CAMKK1,JNK,MCF7,0.2092061599797021
Q8N5S9,CAMKK1,LY2584702,MCF7,-0.6077641359737022
Q8N5S9,CAMKK1,PH797804,MCF7,-0.34943386668493814
Q8N5S9,CAMKK1,Selumetinib,MCF7,-0.17219126784182365
Q8N5S9,CAMKK1,U73122,MCF7,0.07296054237542979
Q8N5S9,CAMKK1,Ulixertinib,MCF7,-0.019992520058313087
Q8N5S9,CAMKK1,Amuvatinib,MCF7,0.8400045413290147
Q8N5S9,CAMKK1,AZD3759,MCF7,-0.16660296804941885
Q8N5S9,CAMKK1,GSK690693,MCF7,0.6688931846746156
Q8N5S9,CAMKK1,JNJ,MCF7,1.1909690363818821
Q8N5S9,CAMKK1,KN62,MCF7,0.18767538351147828
Q8N5S9,CAMKK1,Linsitinib,MCF7,-0.5955953784292872
Q8N5S9,CAMKK1,LY2835219,MCF7,0.12534587776415035
Q8N5S9,CAMKK1,Ribociclib,MCF7,0.7094215503101815
Q8N5S9,CAMKK1,AC220,MCF7,0.038491583628347224
Q8N5S9,CAMKK1,Edelfosine,MCF7,0.07059824948557025
Q8N5S9,CAMKK1,GF109203X,MCF7,-0.3985779180531749
Q8N5S9,CAMKK1,Go6976,MCF7,-0.5685978749719194
Q8N5S9,CAMKK1,PF4708671,MCF7,-0.09345531490207189
Q8N5S9,CAMKK1,SP600125,MCF7,-1.7428996550068756
Q8N5S9,CAMKK1,TAK715,MCF7,0.07937559878348259
Q8N5S9,CAMKK1,TBCA,MCF7,-0.10894985277220579
Q8N5S9,CAMKK1,AT13148,MCF7,0.09849022013996074
Q8N5S9,CAMKK1,AZ20,MCF7,-0.722796989006225
Q8N5S9,CAMKK1,AZD6738,MCF7,0.005989151698028523
Q8N5S9,CAMKK1,Bosutinib,MCF7,-1.148055984250524
Q8N5S9,CAMKK1,Dabrafenib,MCF7,-0.27870852739191104
Q8N5S9,CAMKK1,Dasatinib,MCF7,0.07404913840963502
Q8N5S9,CAMKK1,DNAPK,MCF7,-0.3543739010132999
Q8N5S9,CAMKK1,H89,MCF7,0.19161681745607845
Q8N5S9,CAMKK1,KD025,MCF7,0.10030520692805735
Q8N5S9,CAMKK1,NU7441,MCF7,-0.541936096633035
Q8N5S9,CAMKK1,Ripasudil,MCF7,-0.5733938805872202
Q8N5S9,CAMKK1,Vemurafenib,MCF7,-0.2948179423847748
Q8N5S9,CAMKK1,CX4945,MCF7,0.544822715354005
Q8N5S9,CAMKK1,GO6983,MCF7,0.3069225941348502
Q8N5S9,CAMKK1,KN93,MCF7,0.10520261823772321
Q8N5S9,CAMKK1,MK2206,MCF7,0.3278972459443535
Q13233,MAP3K1,AZD6482,MCF7,0.002865939692283506
Q13233,MAP3K1,CAL101,MCF7,0.5170032889619222
Q13233,MAP3K1,GDC0941,MCF7,0.02648255256740684
Q13233,MAP3K1,HS173,MCF7,1.389911745825748
Q13233,MAP3K1,PIK294,MCF7,0.07313184352869215
Q13233,MAP3K1,TGX221,MCF7,0.5392565111860245
Q13233,MAP3K1,AZD5438,MCF7,1.0503241235240348
Q13233,MAP3K1,FRAX486,MCF7,1.1563117923778776
Q13233,MAP3K1,Ku0063794,MCF7,0.644208728836599
Q13233,MAP3K1,PD153035,MCF7,-1.690658619435734
Q13233,MAP3K1,PF3758309,MCF7,-1.511031954722247
Q13233,MAP3K1,Torin,MCF7,0.3354690374696445
Q13233,MAP3K1,Trametinib,MCF7,-2.313280384652781
Q13233,MAP3K1,AZD1480,MCF7,-2.6145418409400722
Q13233,MAP3K1,AZD5363,MCF7,0.6000140488485218
Q13233,MAP3K1,BX912,MCF7,0.017127613693108452
Q13233,MAP3K1,CHIR99021,MCF7,1.1509638536727302
Q13233,MAP3K1,GSK2334470,MCF7,1.4496798354574503
Q13233,MAP3K1,Ipatasertib,MCF7,1.619537980538938
Q13233,MAP3K1,LY2090314,MCF7,-1.0191115625456668
Q13233,MAP3K1,Tofacitinib,MCF7,-0.4328779968666997
Q13233,MAP3K1,AZD8055,MCF7,0.14611035742651615
Q13233,MAP3K1,GDC0994,MCF7,0.8591307973631287
Q13233,MAP3K1,JNK,MCF7,-0.8527093507672832
Q13233,MAP3K1,LY2584702,MCF7,-0.30185528423537317
Q13233,MAP3K1,PH797804,MCF7,0.19064850881289347
Q13233,MAP3K1,Selumetinib,MCF7,-2.1003626906921884
Q13233,MAP3K1,U73122,MCF7,0.28700799968204643
Q13233,MAP3K1,Ulixertinib,MCF7,3.6954429227666585
Q13233,MAP3K1,Amuvatinib,MCF7,0.2020874622479798
Q13233,MAP3K1,AZD3759,MCF7,-0.7081977595818273
Q13233,MAP3K1,GSK690693,MCF7,2.4303682938833435
Q13233,MAP3K1,JNJ,MCF7,1.3364946661305341
Q13233,MAP3K1,KN62,MCF7,1.0641589513807392
Q13233,MAP3K1,Linsitinib,MCF7,-0.27502231155691526
Q13233,MAP3K1,LY2835219,MCF7,1.1222132965248581
Q13233,MAP3K1,Ribociclib,MCF7,0.29821700906580956
Q13233,MAP3K1,AC220,MCF7,-0.6789615591525131
Q13233,MAP3K1,Edelfosine,MCF7,0.5667444919340227
Q13233,MAP3K1,GF109203X,MCF7,-0.4325306390036993
Q13233,MAP3K1,Go6976,MCF7,-0.4837898545941831
Q13233,MAP3K1,PF4708671,MCF7,-0.1973533640085868
Q13233,MAP3K1,SP600125,MCF7,-0.6213133995823668
Q13233,MAP3K1,TAK715,MCF7,-0.5938781950638318
Q13233,MAP3K1,TBCA,MCF7,-0.5374996144463959
Q13233,MAP3K1,AT13148,MCF7,1.0705899852103689
Q13233,MAP3K1,AZ20,MCF7,-0.3108695276422204
Q13233,MAP3K1,AZD6738,MCF7,2.4522483551086536
Q13233,MAP3K1,Bosutinib,MCF7,-0.9813104191905605
Q13233,MAP3K1,Dabrafenib,MCF7,2.602047350989735
Q13233,MAP3K1,Dasatinib,MCF7,0.8845493916879371
Q13233,MAP3K1,DNAPK,MCF7,0.015032733986168598
Q13233,MAP3K1,H89,MCF7,0.610684010332851
Q13233,MAP3K1,KD025,MCF7,1.2321185806808672
Q13233,MAP3K1,NU7441,MCF7,0.9374898302510745
Q13233,MAP3K1,Ripasudil,MCF7,0.9082851513401635
Q13233,MAP3K1,Vemurafenib,MCF7,1.2161222616172265
Q13233,MAP3K1,CX4945,MCF7,-0.18034580018487803
Q13233,MAP3K1,GO6983,MCF7,-0.0018025650720679847
Q13233,MAP3K1,KN93,MCF7,0.3335275748721605
Q13233,MAP3K1,MK2206,MCF7,2.8805744277966108
Q12851,MAP4K2,AZD6482,MCF7,0.20960063333738388
Q12851,MAP4K2,CAL101,MCF7,-0.053687799460485915
Q12851,MAP4K2,GDC0941,MCF7,0.39422486878192275
Q12851,MAP4K2,HS173,MCF7,0.23638322520353494
Q12851,MAP4K2,PIK294,MCF7,-0.028266894876548824
Q12851,MAP4K2,TGX221,MCF7,0.1196703741347938
Q12851,MAP4K2,AZD5438,MCF7,0.25181902549234125
Q12851,MAP4K2,FRAX486,MCF7,0.13009886036677526
Q12851,MAP4K2,Ku0063794,MCF7,0.3151969935725391
Q12851,MAP4K2,PD153035,MCF7,-0.13523333219256836
Q12851,MAP4K2,PF3758309,MCF7,-0.03857283786593329
Q12851,MAP4K2,Torin,MCF7,-0.0010194756090076628
Q12851,MAP4K2,Trametinib,MCF7,0.12986463264553227
Q12851,MAP4K2,AZD1480,MCF7,0.5232941599559509
Q12851,MAP4K2,AZD5363,MCF7,0.6552137220957488
Q12851,MAP4K2,BX912,MCF7,0.3314032646507276
Q12851,MAP4K2,CHIR99021,MCF7,0.12263433755383596
Q12851,MAP4K2,GSK2334470,MCF7,-0.23015706897488572
Q12851,MAP4K2,Ipatasertib,MCF7,0.2787857321946567
Q12851,MAP4K2,LY2090314,MCF7,0.5597029326945036
Q12851,MAP4K2,Tofacitinib,MCF7,0.341158350396555
Q12851,MAP4K2,AZD8055,MCF7,-0.14573772949463812
Q12851,MAP4K2,GDC0994,MCF7,-0.04557074410478533
Q12851,MAP4K2,JNK,MCF7,0.3387269508485622
Q12851,MAP4K2,LY2584702,MCF7,0.14056170808738933
Q12851,MAP4K2,PH797804,MCF7,0.19744047798908523
Q12851,MAP4K2,Selumetinib,MCF7,0.25812834700673704
Q12851,MAP4K2,U73122,MCF7,0.13533681618742854
Q12851,MAP4K2,Ulixertinib,MCF7,0.40634313590306953
Q12851,MAP4K2,Amuvatinib,MCF7,0.5886053849620987
Q12851,MAP4K2,AZD3759,MCF7,0.5481837159877411
Q12851,MAP4K2,GSK690693,MCF7,0.5011246093875759
Q12851,MAP4K2,JNJ,MCF7,0.41365227133851806
Q12851,MAP4K2,KN62,MCF7,0.512762424847818
Q12851,MAP4K2,Linsitinib,MCF7,0.6772030671451267
Q12851,MAP4K2,LY2835219,MCF7,0.6192515943237692
Q12851,MAP4K2,Ribociclib,MCF7,0.33150236333118566
Q12851,MAP4K2,AC220,MCF7,-0.02202939036804233
Q12851,MAP4K2,Edelfosine,MCF7,0.3324383532243701
Q12851,MAP4K2,GF109203X,MCF7,-0.22860832699435019
Q12851,MAP4K2,Go6976,MCF7,-0.18109051750199062
Q12851,MAP4K2,PF4708671,MCF7,-0.14750991032280253
Q12851,MAP4K2,SP600125,MCF7,-0.11085487356967738
Q12851,MAP4K2,TAK715,MCF7,-0.19145897214674754
Q12851,MAP4K2,TBCA,MCF7,-0.2599088335887482
Q12851,MAP4K2,AT13148,MCF7,-0.12801656858129257
Q12851,MAP4K2,AZ20,MCF7,0.24429715842044147
Q12851,MAP4K2,AZD6738,MCF7,-0.24016012416996768
Q12851,MAP4K2,Bosutinib,MCF7,0.04660110991774272
Q12851,MAP4K2,Dabrafenib,MCF7,-0.06660519057163344
Q12851,MAP4K2,Dasatinib,MCF7,-0.15295418889693832
Q12851,MAP4K2,DNAPK,MCF7,-0.14486402267389456
Q12851,MAP4K2,H89,MCF7,-0.19919745888715593
Q12851,MAP4K2,KD025,MCF7,0.08405739585131725
Q12851,MAP4K2,NU7441,MCF7,0.03977066190855596
Q12851,MAP4K2,Ripasudil,MCF7,0.09670152370910633
Q12851,MAP4K2,Vemurafenib,MCF7,-0.060565269742139875
Q12851,MAP4K2,CX4945,MCF7,0.08023319265693328
Q12851,MAP4K2,GO6983,MCF7,-0.5016092389941199
Q12851,MAP4K2,KN93,MCF7,-0.15448895668259563
Q12851,MAP4K2,MK2206,MCF7,0.18511936564352474
P31749,AKT1,AZD6482,MCF7,-0.6443208258166382
P31749,AKT1,CAL101,MCF7,-0.6474267592008668
P31749,AKT1,GDC0941,MCF7,-5.669998632034554
P31749,AKT1,HS173,MCF7,-5.153083503517764
P31749,AKT1,PIK294,MCF7,-0.04742653775025013
P31749,AKT1,TGX221,MCF7,0.6567467578643046
P31749,AKT1,AZD5438,MCF7,1.7786241102668152
P31749,AKT1,FRAX486,MCF7,-3.3413884202560142
P31749,AKT1,Ku0063794,MCF7,-4.420855082023818
P31749,AKT1,PD153035,MCF7,-1.5824074656260427
P31749,AKT1,PF3758309,MCF7,-2.8697011458954482
P31749,AKT1,Torin,MCF7,-7.105624812787643
P31749,AKT1,Trametinib,MCF7,-1.9604838459797256
P31749,AKT1,AZD1480,MCF7,2.2621512434287423
P31749,AKT1,AZD5363,MCF7,-2.0081176755685664
P31749,AKT1,BX912,MCF7,0.6405164125957525
P31749,AKT1,CHIR99021,MCF7,0.49123767827159626
P31749,AKT1,GSK2334470,MCF7,-2.1795679085526545
P31749,AKT1,Ipatasertib,MCF7,-1.57653392291506
P31749,AKT1,LY2090314,MCF7,1.0637257623487495
P31749,AKT1,Tofacitinib,MCF7,3.240963602304541
P31749,AKT1,AZD8055,MCF7,-2.8061994572862656
P31749,AKT1,GDC0994,MCF7,1.1861407121203948
P31749,AKT1,JNK,MCF7,0.9056126864969883
P31749,AKT1,LY2584702,MCF7,0.016436123049895036
P31749,AKT1,PH797804,MCF7,0.7486790681424093
P31749,AKT1,Selumetinib,MCF7,1.340199139819031
P31749,AKT1,U73122,MCF7,0.34889802255952373
P31749,AKT1,Ulixertinib,MCF7,2.122660748393071
P31749,AKT1,Amuvatinib,MCF7,-0.5366208462173616
P31749,AKT1,AZD3759,MCF7,-0.5389860334476216
P31749,AKT1,GSK690693,MCF7,-4.578818214628085
P31749,AKT1,JNJ,MCF7,-1.1282806519373065
P31749,AKT1,KN62,MCF7,-0.27279224831754584
P31749,AKT1,Linsitinib,MCF7,-2.693501791156439
P31749,AKT1,LY2835219,MCF7,0.5831702656585285
P31749,AKT1,Ribociclib,MCF7,-0.46811348401576025
P31749,AKT1,AC220,MCF7,0.2072018652921463
P31749,AKT1,Edelfosine,MCF7,-1.9215178899797967
P31749,AKT1,GF109203X,MCF7,-0.6812086535492219
P31749,AKT1,Go6976,MCF7,1.500691395839159
P31749,AKT1,PF4708671,MCF7,-0.12619714090427134
P31749,AKT1,SP600125,MCF7,0.8907562916601235
P31749,AKT1,TAK715,MCF7,1.9045768555839968
P31749,AKT1,TBCA,MCF7,0.7633824116956376
P31749,AKT1,AT13148,MCF7,-2.9628870032342913
P31749,AKT1,AZ20,MCF7,-3.5505638067638077
P31749,AKT1,AZD6738,MCF7,-1.5640672384728516
P31749,AKT1,Bosutinib,MCF7,-1.067970143210498
P31749,AKT1,Dabrafenib,MCF7,-0.6860642992487728
P31749,AKT1,Dasatinib,MCF7,-2.6114735082570557
P31749,AKT1,DNAPK,MCF7,-2.135487329002611
P31749,AKT1,H89,MCF7,-1.04617180858454
P31749,AKT1,KD025,MCF7,-3.3982965558051985
P31749,AKT1,NU7441,MCF7,-3.222103175790008
P31749,AKT1,Ripasudil,MCF7,-0.13761703355110969
P31749,AKT1,Vemurafenib,MCF7,-0.8848789732868697
P31749,AKT1,CX4945,MCF7,-1.8343297604061317
P31749,AKT1,GO6983,MCF7,-2.0656671999255383
P31749,AKT1,KN93,MCF7,-0.6841910506765999
P31749,AKT1,MK2206,MCF7,-2.727231609566231
P78362,SRPK2,AZD6482,MCF7,-0.26819225199929736
P78362,SRPK2,CAL101,MCF7,-2.197231419813431
P78362,SRPK2,GDC0941,MCF7,-2.2517730165170367
P78362,SRPK2,HS173,MCF7,-2.374025861648297
P78362,SRPK2,PIK294,MCF7,-1.4531229382675293
P78362,SRPK2,TGX221,MCF7,-1.2135073604299498
P78362,SRPK2,AZD5438,MCF7,0.618034204505046
P78362,SRPK2,FRAX486,MCF7,2.3729789796493224
P78362,SRPK2,Ku0063794,MCF7,-0.8161938956762018
P78362,SRPK2,PD153035,MCF7,1.1758502792084067
P78362,SRPK2,PF3758309,MCF7,2.7131786700811937
P78362,SRPK2,Torin,MCF7,-3.2728247830134642
P78362,SRPK2,Trametinib,MCF7,-0.08979478300232142
P78362,SRPK2,AZD1480,MCF7,0.9865523251299941
P78362,SRPK2,AZD5363,MCF7,-1.5333887183372013
P78362,SRPK2,BX912,MCF7,-2.347631917886029
P78362,SRPK2,CHIR99021,MCF7,-0.17903825987707622
P78362,SRPK2,GSK2334470,MCF7,-2.0404429472423433
P78362,SRPK2,Ipatasertib,MCF7,-1.0464929396149176
P78362,SRPK2,LY2090314,MCF7,0.3715357525878589
P78362,SRPK2,Tofacitinib,MCF7,-1.1472768933721134
P78362,SRPK2,AZD8055,MCF7,-1.883930081268124
P78362,SRPK2,GDC0994,MCF7,-1.3653082204698306
P78362,SRPK2,JNK,MCF7,-2.894322164337631
P78362,SRPK2,LY2584702,MCF7,-1.980439689542429
P78362,SRPK2,PH797804,MCF7,-0.6579157081188682
P78362,SRPK2,Selumetinib,MCF7,-0.3402003603918225
P78362,SRPK2,U73122,MCF7,-0.6551603546911643
P78362,SRPK2,Ulixertinib,MCF7,-0.04396426729779424
P78362,SRPK2,Amuvatinib,MCF7,-1.3899763440338406
P78362,SRPK2,AZD3759,MCF7,-1.5208766818413473
P78362,SRPK2,GSK690693,MCF7,-0.27279516235993306
P78362,SRPK2,JNJ,MCF7,-2.1848376105883625
P78362,SRPK2,KN62,MCF7,-1.4980722165550318
P78362,SRPK2,Linsitinib,MCF7,-0.46623909360295784
P78362,SRPK2,LY2835219,MCF7,0.023622428050737148
P78362,SRPK2,Ribociclib,MCF7,-1.0689371975887247
P78362,SRPK2,AC220,MCF7,0.42758104595702656
P78362,SRPK2,Edelfosine,MCF7,-0.6911506270078206
P78362,SRPK2,GF109203X,MCF7,-1.819338781712816
P78362,SRPK2,Go6976,MCF7,0.9178703276389998
P78362,SRPK2,PF4708671,MCF7,-0.4778959594820393
P78362,SRPK2,SP600125,MCF7,2.038240647117099
P78362,SRPK2,TAK715,MCF7,2.1503247019440366
P78362,SRPK2,TBCA,MCF7,0.2718715734486307
P78362,SRPK2,AT13148,MCF7,-4.120005878662061
P78362,SRPK2,AZ20,MCF7,-1.8905977538464043
P78362,SRPK2,AZD6738,MCF7,-1.0706089466673907
P78362,SRPK2,Bosutinib,MCF7,-1.2771076252815534
P78362,SRPK2,Dabrafenib,MCF7,-1.759235795166338
P78362,SRPK2,Dasatinib,MCF7,-1.3245024814469952
P78362,SRPK2,DNAPK,MCF7,-0.5302441872913131
P78362,SRPK2,H89,MCF7,-2.369372533453594
P78362,SRPK2,KD025,MCF7,-0.40583265069045277
P78362,SRPK2,NU7441,MCF7,-2.036564192083049
P78362,SRPK2,Ripasudil,MCF7,-2.316682302916321
P78362,SRPK2,Vemurafenib,MCF7,-1.5122539324699513
P78362,SRPK2,CX4945,MCF7,0.5515154825508866
P78362,SRPK2,GO6983,MCF7,-0.6030875978847299
P78362,SRPK2,KN93,MCF7,-0.22082283778585907
P78362,SRPK2,MK2206,MCF7,-0.9556078528612142
O96013,PAK4,AZD6482,MCF7,1.0511310744846067
O96013,PAK4,CAL101,MCF7,1.5039698024706811
O96013,PAK4,GDC0941,MCF7,0.7814328608801578
O96013,PAK4,HS173,MCF7,0.18811878952873123
O96013,PAK4,PIK294,MCF7,1.4670796212239723
O96013,PAK4,TGX221,MCF7,1.657308594235617
O96013,PAK4,AZD5438,MCF7,1.4449254780227494
O96013,PAK4,FRAX486,MCF7,-0.9088392919214063
O96013,PAK4,Ku0063794,MCF7,-0.4784700106399154
O96013,PAK4,PD153035,MCF7,-0.7080875516481508
O96013,PAK4,PF3758309,MCF7,-0.11160909677414978
O96013,PAK4,Torin,MCF7,-0.6532672413127509
O96013,PAK4,Trametinib,MCF7,-0.718118660060666
O96013,PAK4,AZD1480,MCF7,-0.34263917739715766
O96013,PAK4,AZD5363,MCF7,0.9053378197239598
O96013,PAK4,BX912,MCF7,1.2898879409910542
O96013,PAK4,CHIR99021,MCF7,-0.19252175496901539
O96013,PAK4,GSK2334470,MCF7,-0.4480123719938193
O96013,PAK4,Ipatasertib,MCF7,-0.14573060329131857
O96013,PAK4,LY2090314,MCF7,0.39382926322359046
O96013,PAK4,Tofacitinib,MCF7,0.7758304495947462
O96013,PAK4,AZD8055,MCF7,0.28037881078355403
O96013,PAK4,GDC0994,MCF7,0.5283961492121407
O96013,PAK4,JNK,MCF7,1.0637006016957944
O96013,PAK4,LY2584702,MCF7,-0.8105630276042455
O96013,PAK4,PH797804,MCF7,-2.0046286625036496
O96013,PAK4,Selumetinib,MCF7,-1.403928014863525
O96013,PAK4,U73122,MCF7,0.2386434269208402
O96013,PAK4,Ulixertinib,MCF7,1.2958770048002821
O96013,PAK4,Amuvatinib,MCF7,1.266925405977481
O96013,PAK4,AZD3759,MCF7,0.16453947144208567
O96013,PAK4,GSK690693,MCF7,-1.721884766975182
O96013,PAK4,JNJ,MCF7,0.3721402275009065
O96013,PAK4,KN62,MCF7,2.034318909770811
O96013,PAK4,Linsitinib,MCF7,-0.09259069819628028
O96013,PAK4,LY2835219,MCF7,1.0093168618584003
O96013,PAK4,Ribociclib,MCF7,1.9123671568708687
O96013,PAK4,AC220,MCF7,0.8737095098843983
O96013,PAK4,Edelfosine,MCF7,-0.5816350230743272
O96013,PAK4,GF109203X,MCF7,0.4989640677496007
O96013,PAK4,Go6976,MCF7,-1.8442442436556417
O96013,PAK4,PF4708671,MCF7,1.0818017341142478
O96013,PAK4,SP600125,MCF7,-1.8182059375194943
O96013,PAK4,TAK715,MCF7,-0.8331525423655608
O96013,PAK4,TBCA,MCF7,-0.894367646362005
O96013,PAK4,AT13148,MCF7,1.9323261442175688
O96013,PAK4,AZ20,MCF7,-0.16744433862529828
O96013,PAK4,AZD6738,MCF7,0.5724374761218891
O96013,PAK4,Bosutinib,MCF7,-0.6318352742031241
O96013,PAK4,Dabrafenib,MCF7,2.770894151588525
O96013,PAK4,Dasatinib,MCF7,-0.07362425712507378
O96013,PAK4,DNAPK,MCF7,0.6698055934437142
O96013,PAK4,H89,MCF7,1.0986342538446052
O96013,PAK4,KD025,MCF7,0.9013280379706656
O96013,PAK4,NU7441,MCF7,0.6526628043487626
O96013,PAK4,Ripasudil,MCF7,1.73171244602944
O96013,PAK4,Vemurafenib,MCF7,1.1818342360889142
O96013,PAK4,CX4945,MCF7,0.7934856123047399
O96013,PAK4,GO6983,MCF7,-0.8543013700463936
O96013,PAK4,KN93,MCF7,-0.35887598497609924
O96013,PAK4,MK2206,MCF7,-0.03798360246205915
Q86UE8,TLK2,AZD6482,MCF7,
Q86UE8,TLK2,CAL101,MCF7,
Q86UE8,TLK2,GDC0941,MCF7,
Q86UE8,TLK2,HS173,MCF7,
Q86UE8,TLK2,PIK294,MCF7,
Q86UE8,TLK2,TGX221,MCF7,
Q86UE8,TLK2,AZD5438,MCF7,
Q86UE8,TLK2,FRAX486,MCF7,
Q86UE8,TLK2,Ku0063794,MCF7,
Q86UE8,TLK2,PD153035,MCF7,
Q86UE8,TLK2,PF3758309,MCF7,
Q86UE8,TLK2,Torin,MCF7,
Q86UE8,TLK2,Trametinib,MCF7,
Q86UE8,TLK2,AZD1480,MCF7,
Q86UE8,TLK2,AZD5363,MCF7,
Q86UE8,TLK2,BX912,MCF7,
Q86UE8,TLK2,CHIR99021,MCF7,
Q86UE8,TLK2,GSK2334470,MCF7,
Q86UE8,TLK2,Ipatasertib,MCF7,
Q86UE8,TLK2,LY2090314,MCF7,
Q86UE8,TLK2,Tofacitinib,MCF7,
Q86UE8,TLK2,AZD8055,MCF7,
Q86UE8,TLK2,GDC0994,MCF7,
Q86UE8,TLK2,JNK,MCF7,
Q86UE8,TLK2,LY2584702,MCF7,
Q86UE8,TLK2,PH797804,MCF7,
Q86UE8,TLK2,Selumetinib,MCF7,
Q86UE8,TLK2,U73122,MCF7,
Q86UE8,TLK2,Ulixertinib,MCF7,
Q86UE8,TLK2,Amuvatinib,MCF7,
Q86UE8,TLK2,AZD3759,MCF7,
Q86UE8,TLK2,GSK690693,MCF7,
Q86UE8,TLK2,JNJ,MCF7,
Q86UE8,TLK2,KN62,MCF7,
Q86UE8,TLK2,Linsitinib,MCF7,
Q86UE8,TLK2,LY2835219,MCF7,
Q86UE8,TLK2,Ribociclib,MCF7,
Q86UE8,TLK2,AC220,MCF7,
Q86UE8,TLK2,Edelfosine,MCF7,
Q86UE8,TLK2,GF109203X,MCF7,
Q86UE8,TLK2,Go6976,MCF7,
Q86UE8,TLK2,PF4708671,MCF7,
Q86UE8,TLK2,SP600125,MCF7,
Q86UE8,TLK2,TAK715,MCF7,
Q86UE8,TLK2,TBCA,MCF7,
Q86UE8,TLK2,AT13148,MCF7,
Q86UE8,TLK2,AZ20,MCF7,
Q86UE8,TLK2,AZD6738,MCF7,
Q86UE8,TLK2,Bosutinib,MCF7,
Q86UE8,TLK2,Dabrafenib,MCF7,
Q86UE8,TLK2,Dasatinib,MCF7,
Q86UE8,TLK2,DNAPK,MCF7,
Q86UE8,TLK2,H89,MCF7,
Q86UE8,TLK2,KD025,MCF7,
Q86UE8,TLK2,NU7441,MCF7,
Q86UE8,TLK2,Ripasudil,MCF7,
Q86UE8,TLK2,Vemurafenib,MCF7,
Q86UE8,TLK2,CX4945,MCF7,
Q86UE8,TLK2,GO6983,MCF7,
Q86UE8,TLK2,KN93,MCF7,
Q86UE8,TLK2,MK2206,MCF7,
Q9H0K1,SIK2,AZD6482,MCF7,0.07622527861122406
Q9H0K1,SIK2,CAL101,MCF7,0.29140904821399927
Q9H0K1,SIK2,GDC0941,MCF7,0.7248775905206796
Q9H0K1,SIK2,HS173,MCF7,0.38254957386233623
Q9H0K1,SIK2,PIK294,MCF7,0.6654847848945064
Q9H0K1,SIK2,TGX221,MCF7,0.4077430066064936
Q9H0K1,SIK2,AZD5438,MCF7,0.12668163076480252
Q9H0K1,SIK2,FRAX486,MCF7,-0.7009034556666928
Q9H0K1,SIK2,Ku0063794,MCF7,-0.7728190537268909
Q9H0K1,SIK2,PD153035,MCF7,0.06793398062219515
Q9H0K1,SIK2,PF3758309,MCF7,-0.9953704290517754
Q9H0K1,SIK2,Torin,MCF7,-0.4880787667854333
Q9H0K1,SIK2,Trametinib,MCF7,-1.0835414323527026
Q9H0K1,SIK2,AZD1480,MCF7,0.27069234780172907
Q9H0K1,SIK2,AZD5363,MCF7,0.21485774283623582
Q9H0K1,SIK2,BX912,MCF7,0.6016224787924953
Q9H0K1,SIK2,CHIR99021,MCF7,0.9577123818585116
Q9H0K1,SIK2,GSK2334470,MCF7,0.019168022990091325
Q9H0K1,SIK2,Ipatasertib,MCF7,0.4906656577171612
Q9H0K1,SIK2,LY2090314,MCF7,1.5287312875493617
Q9H0K1,SIK2,Tofacitinib,MCF7,-0.37611607914474743
Q9H0K1,SIK2,AZD8055,MCF7,1.8842376215623329
Q9H0K1,SIK2,GDC0994,MCF7,2.0914517858061306
Q9H0K1,SIK2,JNK,MCF7,0.28513650752992153
Q9H0K1,SIK2,LY2584702,MCF7,2.6349544438690855
Q9H0K1,SIK2,PH797804,MCF7,0.06490075736094691
Q9H0K1,SIK2,Selumetinib,MCF7,0.043662727730528005
Q9H0K1,SIK2,U73122,MCF7,-0.018895822488077696
Q9H0K1,SIK2,Ulixertinib,MCF7,-0.01886203872167676
Q9H0K1,SIK2,Amuvatinib,MCF7,-1.0620589280440558
Q9H0K1,SIK2,AZD3759,MCF7,1.3125796614783194
Q9H0K1,SIK2,GSK690693,MCF7,0.7238532223934078
Q9H0K1,SIK2,JNJ,MCF7,-1.5614173245827334
Q9H0K1,SIK2,KN62,MCF7,3.385244483872507
Q9H0K1,SIK2,Linsitinib,MCF7,1.4107026284694093
Q9H0K1,SIK2,LY2835219,MCF7,0.22707426180748064
Q9H0K1,SIK2,Ribociclib,MCF7,-0.5057480216064458
Q9H0K1,SIK2,AC220,MCF7,0.29132197007295774
Q9H0K1,SIK2,Edelfosine,MCF7,-1.3590068432747273
Q9H0K1,SIK2,GF109203X,MCF7,-0.14346164972559297
Q9H0K1,SIK2,Go6976,MCF7,0.9865584528577076
Q9H0K1,SIK2,PF4708671,MCF7,0.6004866787064556
Q9H0K1,SIK2,SP600125,MCF7,-0.4988323158398397
Q9H0K1,SIK2,TAK715,MCF7,-0.6461274731351343
Q9H0K1,SIK2,TBCA,MCF7,-0.6444360402673256
Q9H0K1,SIK2,AT13148,MCF7,-0.20375353056470716
Q9H0K1,SIK2,AZ20,MCF7,3.9053476489388532
Q9H0K1,SIK2,AZD6738,MCF7,3.3199348509125097
Q9H0K1,SIK2,Bosutinib,MCF7,0.8750488194642893
Q9H0K1,SIK2,Dabrafenib,MCF7,0.9434767239909013
Q9H0K1,SIK2,Dasatinib,MCF7,0.6085355591119677
Q9H0K1,SIK2,DNAPK,MCF7,1.0962501172433836
Q9H0K1,SIK2,H89,MCF7,0.7764732338153346
Q9H0K1,SIK2,KD025,MCF7,2.4827570780039436
Q9H0K1,SIK2,NU7441,MCF7,3.167425586265803
Q9H0K1,SIK2,Ripasudil,MCF7,0.5352434595147987
Q9H0K1,SIK2,Vemurafenib,MCF7,0.5927426591373163
Q9H0K1,SIK2,CX4945,MCF7,-0.49611625505132195
Q9H0K1,SIK2,GO6983,MCF7,-2.015058532481475
Q9H0K1,SIK2,KN93,MCF7,-0.7318102086689495
Q9H0K1,SIK2,MK2206,MCF7,2.0695212524200675
P54646,PRKAA2,AZD6482,MCF7,0.013127421087173434
P54646,PRKAA2,CAL101,MCF7,0.37286412934881513
P54646,PRKAA2,GDC0941,MCF7,-0.18261959315970752
P54646,PRKAA2,HS173,MCF7,0.5400477489972166
P54646,PRKAA2,PIK294,MCF7,0.5916810490498005
P54646,PRKAA2,TGX221,MCF7,0.4306750342823056
P54646,PRKAA2,AZD5438,MCF7,1.4435673444245527
P54646,PRKAA2,FRAX486,MCF7,-0.1342731671716357
P54646,PRKAA2,Ku0063794,MCF7,0.2182995903440605
P54646,PRKAA2,PD153035,MCF7,1.1090524699214885
P54646,PRKAA2,PF3758309,MCF7,-2.923688575188358
P54646,PRKAA2,Torin,MCF7,0.8243813700663052
P54646,PRKAA2,Trametinib,MCF7,1.0818699578541842
P54646,PRKAA2,AZD1480,MCF7,-0.9065590501206078
P54646,PRKAA2,AZD5363,MCF7,-1.4845092989717936
P54646,PRKAA2,BX912,MCF7,-1.6642963388515342
P54646,PRKAA2,CHIR99021,MCF7,-1.0401658802881772
P54646,PRKAA2,GSK2334470,MCF7,-0.5302957165589657
P54646,PRKAA2,Ipatasertib,MCF7,0.24035675387209604
P54646,PRKAA2,LY2090314,MCF7,0.2239950543774945
P54646,PRKAA2,Tofacitinib,MCF7,-0.5900940103459436
P54646,PRKAA2,AZD8055,MCF7,-0.06507213612585933
P54646,PRKAA2,GDC0994,MCF7,1.5781693086678337
P54646,PRKAA2,JNK,MCF7,1.454857122324092
P54646,PRKAA2,LY2584702,MCF7,1.3011854558907496
P54646,PRKAA2,PH797804,MCF7,0.48618163718626833
P54646,PRKAA2,Selumetinib,MCF7,1.3551069437404615
P54646,PRKAA2,U73122,MCF7,1.0902291724025184
P54646,PRKAA2,Ulixertinib,MCF7,0.14351112967114477
P54646,PRKAA2,Amuvatinib,MCF7,0.8161304992228174
P54646,PRKAA2,AZD3759,MCF7,-0.32489848337104515
P54646,PRKAA2,GSK690693,MCF7,-1.3878353777196097
P54646,PRKAA2,JNJ,MCF7,-0.14906354449158005
P54646,PRKAA2,KN62,MCF7,-0.7908335850373698
P54646,PRKAA2,Linsitinib,MCF7,-0.16957350739631058
P54646,PRKAA2,LY2835219,MCF7,0.11024236284888127
P54646,PRKAA2,Ribociclib,MCF7,1.4147504155001347
P54646,PRKAA2,AC220,MCF7,1.3319632719578423
P54646,PRKAA2,Edelfosine,MCF7,1.2930549227975794
P54646,PRKAA2,GF109203X,MCF7,-0.29047452608613994
P54646,PRKAA2,Go6976,MCF7,0.1163040737058692
P54646,PRKAA2,PF4708671,MCF7,-0.45637519885961536
P54646,PRKAA2,SP600125,MCF7,0.3864121015525088
P54646,PRKAA2,TAK715,MCF7,0.1684420633349946
P54646,PRKAA2,TBCA,MCF7,0.40111548362958394
P54646,PRKAA2,AT13148,MCF7,-0.30870767215521455
P54646,PRKAA2,AZ20,MCF7,0.9072663800852616
P54646,PRKAA2,AZD6738,MCF7,-0.3953309455923009
P54646,PRKAA2,Bosutinib,MCF7,0.7021762444725888
P54646,PRKAA2,Dabrafenib,MCF7,0.9852868718289566
P54646,PRKAA2,Dasatinib,MCF7,0.9740838198091453
P54646,PRKAA2,DNAPK,MCF7,-0.4265854700784855
P54646,PRKAA2,H89,MCF7,-0.08845664951830828
P54646,PRKAA2,KD025,MCF7,1.0041462723049404
P54646,PRKAA2,NU7441,MCF7,0.7524976654109056
P54646,PRKAA2,Ripasudil,MCF7,0.05286767253396925
P54646,PRKAA2,Vemurafenib,MCF7,0.47164405645687074
P54646,PRKAA2,CX4945,MCF7,0.29759101440300084
P54646,PRKAA2,GO6983,MCF7,-0.3990962892279688
P54646,PRKAA2,KN93,MCF7,-0.18520165866983734
P54646,PRKAA2,MK2206,MCF7,-0.20612300687203605
Q7KZI7,MARK2,AZD6482,MCF7,1.3265611369152692
Q7KZI7,MARK2,CAL101,MCF7,1.2301031760917935
Q7KZI7,MARK2,GDC0941,MCF7,0.804133782073573
Q7KZI7,MARK2,HS173,MCF7,-1.2935864327446165
Q7KZI7,MARK2,PIK294,MCF7,1.5022914405634167
Q7KZI7,MARK2,TGX221,MCF7,0.18515701346448166
Q7KZI7,MARK2,AZD5438,MCF7,0.21574698553911018
Q7KZI7,MARK2,FRAX486,MCF7,-1.3546857242286625
Q7KZI7,MARK2,Ku0063794,MCF7,-0.3462117528380784
Q7KZI7,MARK2,PD153035,MCF7,-0.8932255411586429
Q7KZI7,MARK2,PF3758309,MCF7,-1.6841411790778882
Q7KZI7,MARK2,Torin,MCF7,-0.09202306799814315
Q7KZI7,MARK2,Trametinib,MCF7,-1.1695763055885797
Q7KZI7,MARK2,AZD1480,MCF7,-0.0022298438579844452
Q7KZI7,MARK2,AZD5363,MCF7,0.07984579440898211
Q7KZI7,MARK2,BX912,MCF7,-0.3251501472858541
Q7KZI7,MARK2,CHIR99021,MCF7,-0.7207167694080727
Q7KZI7,MARK2,GSK2334470,MCF7,0.6868825014353045
Q7KZI7,MARK2,Ipatasertib,MCF7,0.8203854895165982
Q7KZI7,MARK2,LY2090314,MCF7,-0.2899462397368489
Q7KZI7,MARK2,Tofacitinib,MCF7,-0.1537670306128281
Q7KZI7,MARK2,AZD8055,MCF7,0.5303602250969978
Q7KZI7,MARK2,GDC0994,MCF7,-0.5386180693283518
Q7KZI7,MARK2,JNK,MCF7,0.5304244412362249
Q7KZI7,MARK2,LY2584702,MCF7,1.5027193195856794
Q7KZI7,MARK2,PH797804,MCF7,0.8128995429997717
Q7KZI7,MARK2,Selumetinib,MCF7,-1.0324319952984415
Q7KZI7,MARK2,U73122,MCF7,-0.2544814662411758
Q7KZI7,MARK2,Ulixertinib,MCF7,0.8065516409345974
Q7KZI7,MARK2,Amuvatinib,MCF7,1.2372393145882092
Q7KZI7,MARK2,AZD3759,MCF7,0.15527997154763815
Q7KZI7,MARK2,GSK690693,MCF7,-0.13857069984850265
Q7KZI7,MARK2,JNJ,MCF7,0.16241950416463605
Q7KZI7,MARK2,KN62,MCF7,1.2981749273813645
Q7KZI7,MARK2,Linsitinib,MCF7,1.2133082963047885
Q7KZI7,MARK2,LY2835219,MCF7,0.9267223730878728
Q7KZI7,MARK2,Ribociclib,MCF7,1.4308120320901832
Q7KZI7,MARK2,AC220,MCF7,1.4300138181292137
Q7KZI7,MARK2,Edelfosine,MCF7,-0.2013632096736817
Q7KZI7,MARK2,GF109203X,MCF7,0.2731540024995819
Q7KZI7,MARK2,Go6976,MCF7,0.03959954988131881
Q7KZI7,MARK2,PF4708671,MCF7,0.250486514783998
Q7KZI7,MARK2,SP600125,MCF7,1.3617626875592765
Q7KZI7,MARK2,TAK715,MCF7,1.370214552043952
Q7KZI7,MARK2,TBCA,MCF7,-0.870384938498203
Q7KZI7,MARK2,AT13148,MCF7,0.056962979460928764
Q7KZI7,MARK2,AZ20,MCF7,-0.3215432607769262
Q7KZI7,MARK2,AZD6738,MCF7,-0.38495581313119615
Q7KZI7,MARK2,Bosutinib,MCF7,-1.2075886692817284
Q7KZI7,MARK2,Dabrafenib,MCF7,0.22733350842613115
Q7KZI7,MARK2,Dasatinib,MCF7,0.4562572533462516
Q7KZI7,MARK2,DNAPK,MCF7,0.48751710936649045
Q7KZI7,MARK2,H89,MCF7,0.14370390469675348
Q7KZI7,MARK2,KD025,MCF7,0.38833978570548555
Q7KZI7,MARK2,NU7441,MCF7,0.5991340984029764
Q7KZI7,MARK2,Ripasudil,MCF7,-1.2469294119209564
Q7KZI7,MARK2,Vemurafenib,MCF7,0.05091206413230134
Q7KZI7,MARK2,CX4945,MCF7,-1.6742262356591953
Q7KZI7,MARK2,GO6983,MCF7,-2.6215692287123757
Q7KZI7,MARK2,KN93,MCF7,-3.24543218575148
Q7KZI7,MARK2,MK2206,MCF7,-1.5660737975177463
Q96BR1,SGK3,AZD6482,MCF7,-1.6563926455876419
Q96BR1,SGK3,CAL101,MCF7,0.12022605762608794
Q96BR1,SGK3,GDC0941,MCF7,-4.752519897819503
Q96BR1,SGK3,HS173,MCF7,-2.500987236529846
Q96BR1,SGK3,PIK294,MCF7,0.2326742188987712
Q96BR1,SGK3,TGX221,MCF7,-0.4460179292806325
Q96BR1,SGK3,AZD5438,MCF7,-0.1794966871188384
Q96BR1,SGK3,FRAX486,MCF7,-0.32664476731002406
Q96BR1,SGK3,Ku0063794,MCF7,-1.9824946892379134
Q96BR1,SGK3,PD153035,MCF7,0.5252349826266406
Q96BR1,SGK3,PF3758309,MCF7,-1.0613670666730122
Q96BR1,SGK3,Torin,MCF7,-3.588790690177314
Q96BR1,SGK3,Trametinib,MCF7,0.5233674555933394
Q96BR1,SGK3,AZD1480,MCF7,0.6622325166553974
Q96BR1,SGK3,AZD5363,MCF7,-2.5295893470757895
Q96BR1,SGK3,BX912,MCF7,-0.3144972840278344
Q96BR1,SGK3,CHIR99021,MCF7,0.07080527520562463
Q96BR1,SGK3,GSK2334470,MCF7,-3.911109102395228
Q96BR1,SGK3,Ipatasertib,MCF7,-1.4782611890162123
Q96BR1,SGK3,LY2090314,MCF7,0.8571474206937889
Q96BR1,SGK3,Tofacitinib,MCF7,0.4478847405080104
Q96BR1,SGK3,AZD8055,MCF7,-3.79769738552033
Q96BR1,SGK3,GDC0994,MCF7,-0.05944151259250471
Q96BR1,SGK3,JNK,MCF7,-0.6086750646943924
Q96BR1,SGK3,LY2584702,MCF7,-0.7634474713373491
Q96BR1,SGK3,PH797804,MCF7,-0.3215576045379115
Q96BR1,SGK3,Selumetinib,MCF7,-0.5243701777084556
Q96BR1,SGK3,U73122,MCF7,-0.6036273944408568
Q96BR1,SGK3,Ulixertinib,MCF7,-1.3005932344102324
Q96BR1,SGK3,Amuvatinib,MCF7,1.5539311460331267
Q96BR1,SGK3,AZD3759,MCF7,0.6300190600276808
Q96BR1,SGK3,GSK690693,MCF7,-0.692024629681793
Q96BR1,SGK3,JNJ,MCF7,1.357270263878206
Q96BR1,SGK3,KN62,MCF7,1.834374447441276
Q96BR1,SGK3,Linsitinib,MCF7,-0.41402560619934875
Q96BR1,SGK3,LY2835219,MCF7,-0.31711298253954795
Q96BR1,SGK3,Ribociclib,MCF7,-0.7664434146144818
Q96BR1,SGK3,AC220,MCF7,-0.5296918382191512
Q96BR1,SGK3,Edelfosine,MCF7,-1.2149254488443302
Q96BR1,SGK3,GF109203X,MCF7,-2.017616886220872
Q96BR1,SGK3,Go6976,MCF7,-2.0959932878867757
Q96BR1,SGK3,PF4708671,MCF7,-0.9708839876539116
Q96BR1,SGK3,SP600125,MCF7,-0.8713483410984122
Q96BR1,SGK3,TAK715,MCF7,-0.14117084334395932
Q96BR1,SGK3,TBCA,MCF7,-0.9609898921067473
Q96BR1,SGK3,AT13148,MCF7,-0.4480556492134856
Q96BR1,SGK3,AZ20,MCF7,-0.35275781473430395
Q96BR1,SGK3,AZD6738,MCF7,-0.8459816643302933
Q96BR1,SGK3,Bosutinib,MCF7,-0.1626474165072364
Q96BR1,SGK3,Dabrafenib,MCF7,2.1688172965939527
Q96BR1,SGK3,Dasatinib,MCF7,0.41595548271174176
Q96BR1,SGK3,DNAPK,MCF7,-2.16968322112883
Q96BR1,SGK3,H89,MCF7,1.4297153471576827
Q96BR1,SGK3,KD025,MCF7,-1.8204569299132392
Q96BR1,SGK3,NU7441,MCF7,-1.061692504810253
Q96BR1,SGK3,Ripasudil,MCF7,0.6186228355258937
Q96BR1,SGK3,Vemurafenib,MCF7,0.8876119185727733
Q96BR1,SGK3,CX4945,MCF7,0.042555689486789124
Q96BR1,SGK3,GO6983,MCF7,-1.8545875441221835
Q96BR1,SGK3,KN93,MCF7,-0.6222605152078284
Q96BR1,SGK3,MK2206,MCF7,-2.3602728013216043
Q13555,CAMK2G,AZD6482,MCF7,-0.23247481666672762
Q13555,CAMK2G,CAL101,MCF7,0.33970200164624037
Q13555,CAMK2G,GDC0941,MCF7,0.287765276843145
Q13555,CAMK2G,HS173,MCF7,0.2830030930322022
Q13555,CAMK2G,PIK294,MCF7,1.1009441700546319
Q13555,CAMK2G,TGX221,MCF7,-0.1933085447922009
Q13555,CAMK2G,AZD5438,MCF7,-0.6154582967643766
Q13555,CAMK2G,FRAX486,MCF7,-1.311978936900012
Q13555,CAMK2G,Ku0063794,MCF7,-0.39087554085344145
Q13555,CAMK2G,PD153035,MCF7,-1.1692066129591658
Q13555,CAMK2G,PF3758309,MCF7,-2.3149145896919596
Q13555,CAMK2G,Torin,MCF7,-0.07577873602708246
Q13555,CAMK2G,Trametinib,MCF7,-1.1110382913057588
Q13555,CAMK2G,AZD1480,MCF7,-0.20232944296771457
Q13555,CAMK2G,AZD5363,MCF7,-1.358928561263736
Q13555,CAMK2G,BX912,MCF7,0.17897992273951727
Q13555,CAMK2G,CHIR99021,MCF7,-0.8906356585039452
Q13555,CAMK2G,GSK2334470,MCF7,-0.40210484698639704
Q13555,CAMK2G,Ipatasertib,MCF7,-0.4154859204289815
Q13555,CAMK2G,LY2090314,MCF7,-0.6913494894643434
Q13555,CAMK2G,Tofacitinib,MCF7,-0.2453244134547737
Q13555,CAMK2G,AZD8055,MCF7,-0.5117179868647463
Q13555,CAMK2G,GDC0994,MCF7,-0.3568214633677605
Q13555,CAMK2G,JNK,MCF7,-1.014014951138041
Q13555,CAMK2G,LY2584702,MCF7,-0.3474692819245427
Q13555,CAMK2G,PH797804,MCF7,-0.20454025388578362
Q13555,CAMK2G,Selumetinib,MCF7,-0.4323803931384559
Q13555,CAMK2G,U73122,MCF7,0.1145953200601852
Q13555,CAMK2G,Ulixertinib,MCF7,0.048609099354721456
Q13555,CAMK2G,Amuvatinib,MCF7,-1.202397019418852
Q13555,CAMK2G,AZD3759,MCF7,-0.5099642896968871
Q13555,CAMK2G,GSK690693,MCF7,-0.9993134257328065
Q13555,CAMK2G,JNJ,MCF7,-2.2562078288004144
Q13555,CAMK2G,KN62,MCF7,-0.21425056801276574
Q13555,CAMK2G,Linsitinib,MCF7,-0.36613624815344903
Q13555,CAMK2G,LY2835219,MCF7,-0.7530338237972873
Q13555,CAMK2G,Ribociclib,MCF7,-0.6371663883385126
Q13555,CAMK2G,AC220,MCF7,-0.6640362212722575
Q13555,CAMK2G,Edelfosine,MCF7,0.21892465324474644
Q13555,CAMK2G,GF109203X,MCF7,-1.6321479746390446
Q13555,CAMK2G,Go6976,MCF7,-0.9963524324997454
Q13555,CAMK2G,PF4708671,MCF7,-0.6720372818185425
Q13555,CAMK2G,SP600125,MCF7,-0.3705952081779428
Q13555,CAMK2G,TAK715,MCF7,-0.15099143431697143
Q13555,CAMK2G,TBCA,MCF7,-0.40382985442058195
Q13555,CAMK2G,AT13148,MCF7,-1.6472245643408565
Q13555,CAMK2G,AZ20,MCF7,0.008171993747383631
Q13555,CAMK2G,AZD6738,MCF7,-0.5642988178282237
Q13555,CAMK2G,Bosutinib,MCF7,-1.4225081576053666
Q13555,CAMK2G,Dabrafenib,MCF7,0.052972440474515076
Q13555,CAMK2G,Dasatinib,MCF7,-1.4330095130062128
Q13555,CAMK2G,DNAPK,MCF7,-1.5643858389798848
Q13555,CAMK2G,H89,MCF7,-1.5341510910225815
Q13555,CAMK2G,KD025,MCF7,-1.6858078896958242
Q13555,CAMK2G,NU7441,MCF7,-0.9124494550519593
Q13555,CAMK2G,Ripasudil,MCF7,-0.7521752186551498
Q13555,CAMK2G,Vemurafenib,MCF7,-1.2584275388313537
Q13555,CAMK2G,CX4945,MCF7,-0.4260102789923636
Q13555,CAMK2G,GO6983,MCF7,-0.24833012553008568
Q13555,CAMK2G,KN93,MCF7,-0.201539664737264
Q13555,CAMK2G,MK2206,MCF7,-0.9450530343545508
Q13188,STK3,AZD6482,MCF7,0.044585344522596035
Q13188,STK3,CAL101,MCF7,-0.5987087675119478
Q13188,STK3,GDC0941,MCF7,-0.2340210123039257
Q13188,STK3,HS173,MCF7,-3.328534863535946
Q13188,STK3,PIK294,MCF7,-0.28038487412912066
Q13188,STK3,TGX221,MCF7,-0.5599607779078071
Q13188,STK3,AZD5438,MCF7,-0.4064105101477301
Q13188,STK3,FRAX486,MCF7,0.5725441272601732
Q13188,STK3,Ku0063794,MCF7,-0.28807413550732547
Q13188,STK3,PD153035,MCF7,-0.8754714034913985
Q13188,STK3,PF3758309,MCF7,-1.2648763258230646
Q13188,STK3,Torin,MCF7,-0.09585140388299385
Q13188,STK3,Trametinib,MCF7,-0.4258379256098936
Q13188,STK3,AZD1480,MCF7,0.02933436693890344
Q13188,STK3,AZD5363,MCF7,1.0994565158968161
Q13188,STK3,BX912,MCF7,-0.1791548470690261
Q13188,STK3,CHIR99021,MCF7,-0.08045957552709783
Q13188,STK3,GSK2334470,MCF7,-0.25899579133734324
Q13188,STK3,Ipatasertib,MCF7,0.6639670967112361
Q13188,STK3,LY2090314,MCF7,0.32286344689849106
Q13188,STK3,Tofacitinib,MCF7,-0.9331965015619801
Q13188,STK3,AZD8055,MCF7,0.8378738838738736
Q13188,STK3,GDC0994,MCF7,1.1863255396355268
Q13188,STK3,JNK,MCF7,0.7114846997102607
Q13188,STK3,LY2584702,MCF7,0.0030176791207438165
Q13188,STK3,PH797804,MCF7,0.2852863530301822
Q13188,STK3,Selumetinib,MCF7,-0.6445632604427051
Q13188,STK3,U73122,MCF7,0.5973163620113963
Q13188,STK3,Ulixertinib,MCF7,0.012152295923121822
Q13188,STK3,Amuvatinib,MCF7,0.08943841091153668
Q13188,STK3,AZD3759,MCF7,1.1909336699821256
Q13188,STK3,GSK690693,MCF7,1.408867906710091
Q13188,STK3,JNJ,MCF7,0.7447457694942428
Q13188,STK3,KN62,MCF7,0.7556061381269179
Q13188,STK3,Linsitinib,MCF7,1.3504496866867177
Q13188,STK3,LY2835219,MCF7,0.9473943878017843
Q13188,STK3,Ribociclib,MCF7,1.0421166780673559
Q13188,STK3,AC220,MCF7,0.200990839935515
Q13188,STK3,Edelfosine,MCF7,0.5974455750922822
Q13188,STK3,GF109203X,MCF7,2.239286656528125
Q13188,STK3,Go6976,MCF7,0.5015855118452113
Q13188,STK3,PF4708671,MCF7,1.6193634145663534
Q13188,STK3,SP600125,MCF7,-0.03624804137470834
Q13188,STK3,TAK715,MCF7,1.459045906420374
Q13188,STK3,TBCA,MCF7,0.4962575224354865
Q13188,STK3,AT13148,MCF7,0.08232831399312622
Q13188,STK3,AZ20,MCF7,0.5753186221248754
Q13188,STK3,AZD6738,MCF7,0.4389928074791754
Q13188,STK3,Bosutinib,MCF7,-0.16713583662985024
Q13188,STK3,Dabrafenib,MCF7,0.2920247693996349
Q13188,STK3,Dasatinib,MCF7,0.19334015918047998
Q13188,STK3,DNAPK,MCF7,-1.8575879329110245
Q13188,STK3,H89,MCF7,-1.1881583102634825
Q13188,STK3,KD025,MCF7,-0.7630569151385947
Q13188,STK3,NU7441,MCF7,0.07281448921097772
Q13188,STK3,Ripasudil,MCF7,-0.5004821828315956
Q13188,STK3,Vemurafenib,MCF7,-0.8881575487368306
Q13188,STK3,CX4945,MCF7,-0.3024829485415542
Q13188,STK3,GO6983,MCF7,-0.23426034292559414
Q13188,STK3,KN93,MCF7,0.5232214725328509
Q13188,STK3,MK2206,MCF7,0.4392103932045207
O94921,CDK14,AZD6482,MCF7,0.5807042917877957
O94921,CDK14,CAL101,MCF7,0.07572649768785147
O94921,CDK14,GDC0941,MCF7,-0.09790681849650217
O94921,CDK14,HS173,MCF7,0.5366133885281195
O94921,CDK14,PIK294,MCF7,0.8604501302008247
O94921,CDK14,TGX221,MCF7,0.3953221456501042
O94921,CDK14,AZD5438,MCF7,0.21434787049628257
O94921,CDK14,FRAX486,MCF7,-0.1450661529079131
O94921,CDK14,Ku0063794,MCF7,0.5327614271604209
O94921,CDK14,PD153035,MCF7,0.5457799215571842
O94921,CDK14,PF3758309,MCF7,0.10161474405291589
O94921,CDK14,Torin,MCF7,0.3028438762184483
O94921,CDK14,Trametinib,MCF7,0.16504710312397425
O94921,CDK14,AZD1480,MCF7,-0.6302141847659303
O94921,CDK14,AZD5363,MCF7,-0.6490640144588511
O94921,CDK14,BX912,MCF7,-1.0525593009255214
O94921,CDK14,CHIR99021,MCF7,-0.10974198989437976
O94921,CDK14,GSK2334470,MCF7,0.5378749790118718
O94921,CDK14,Ipatasertib,MCF7,0.519612134912534
O94921,CDK14,LY2090314,MCF7,0.04460202807792674
O94921,CDK14,Tofacitinib,MCF7,-0.22003691668425063
O94921,CDK14,AZD8055,MCF7,0.09514648841084417
O94921,CDK14,GDC0994,MCF7,0.035974268585023346
O94921,CDK14,JNK,MCF7,0.34629379936839294
O94921,CDK14,LY2584702,MCF7,0.16972838096792062
O94921,CDK14,PH797804,MCF7,0.003953008303193134
O94921,CDK14,Selumetinib,MCF7,-0.05222805246511354
O94921,CDK14,U73122,MCF7,0.15709590255416256
O94921,CDK14,Ulixertinib,MCF7,-0.24229804281806525
O94921,CDK14,Amuvatinib,MCF7,0.5678444429099319
O94921,CDK14,AZD3759,MCF7,0.22828061649767678
O94921,CDK14,GSK690693,MCF7,-0.09429406767658954
O94921,CDK14,JNJ,MCF7,1.107254960359697
O94921,CDK14,KN62,MCF7,0.5627748557368576
O94921,CDK14,Linsitinib,MCF7,0.6340356274693963
O94921,CDK14,LY2835219,MCF7,0.4935341527507295
O94921,CDK14,Ribociclib,MCF7,0.9790856717980762
O94921,CDK14,AC220,MCF7,0.6372154634949475
O94921,CDK14,Edelfosine,MCF7,0.736622386150518
O94921,CDK14,GF109203X,MCF7,0.04898814582804056
O94921,CDK14,Go6976,MCF7,0.2218401776068908
O94921,CDK14,PF4708671,MCF7,0.013495856459037434
O94921,CDK14,SP600125,MCF7,0.46216464697872617
O94921,CDK14,TAK715,MCF7,-0.7639984391872735
O94921,CDK14,TBCA,MCF7,0.24277410608664354
O94921,CDK14,AT13148,MCF7,-0.6852511886233056
O94921,CDK14,AZ20,MCF7,0.2551321390873548
O94921,CDK14,AZD6738,MCF7,-0.4904260050371912
O94921,CDK14,Bosutinib,MCF7,-0.5423363644962204
O94921,CDK14,Dabrafenib,MCF7,0.8497988379718435
O94921,CDK14,Dasatinib,MCF7,0.16974402555400775
O94921,CDK14,DNAPK,MCF7,0.06113915642682532
O94921,CDK14,H89,MCF7,-0.4211512013272882
O94921,CDK14,KD025,MCF7,-0.013872153283685665
O94921,CDK14,NU7441,MCF7,0.15661982168268074
O94921,CDK14,Ripasudil,MCF7,-0.5963624975216884
O94921,CDK14,Vemurafenib,MCF7,0.26262044220070235
O94921,CDK14,CX4945,MCF7,-0.33802464296038065
O94921,CDK14,GO6983,MCF7,0.1225589896087138
O94921,CDK14,KN93,MCF7,-0.9158394602656681
O94921,CDK14,MK2206,MCF7,0.23531122828079543
Q15746,MYLK,AZD6482,MCF7,0.9665748389169814
Q15746,MYLK,CAL101,MCF7,-0.7159228374841743
Q15746,MYLK,GDC0941,MCF7,0.11828042797942026
Q15746,MYLK,HS173,MCF7,0.2757902226134338
Q15746,MYLK,PIK294,MCF7,0.3788277051458089
Q15746,MYLK,TGX221,MCF7,-0.00027223650721137097
Q15746,MYLK,AZD5438,MCF7,1.2008434724775852
Q15746,MYLK,FRAX486,MCF7,1.5009117203692668
Q15746,MYLK,Ku0063794,MCF7,0.5745212562338913
Q15746,MYLK,PD153035,MCF7,0.5850097499517082
Q15746,MYLK,PF3758309,MCF7,0.2838923751230876
Q15746,MYLK,Torin,MCF7,1.6492712259890931
Q15746,MYLK,Trametinib,MCF7,1.6401759907545224
Q15746,MYLK,AZD1480,MCF7,0.8928041865860395
Q15746,MYLK,AZD5363,MCF7,-1.2219791239374453
Q15746,MYLK,BX912,MCF7,0.13627573213958616
Q15746,MYLK,CHIR99021,MCF7,0.40294310515597787
Q15746,MYLK,GSK2334470,MCF7,-0.7228384841141263
Q15746,MYLK,Ipatasertib,MCF7,-0.46515990549840913
Q15746,MYLK,LY2090314,MCF7,-0.4015932723351758
Q15746,MYLK,Tofacitinib,MCF7,0.3370989372897792
Q15746,MYLK,AZD8055,MCF7,0.9925704397544893
Q15746,MYLK,GDC0994,MCF7,0.34577235388866
Q15746,MYLK,JNK,MCF7,0.9876820636568449
Q15746,MYLK,LY2584702,MCF7,-0.179926068377046
Q15746,MYLK,PH797804,MCF7,0.7328637746259126
Q15746,MYLK,Selumetinib,MCF7,0.6690938225482176
Q15746,MYLK,U73122,MCF7,0.5039262864573157
Q15746,MYLK,Ulixertinib,MCF7,0.8257569773045159
Q15746,MYLK,Amuvatinib,MCF7,-1.188527988281508
Q15746,MYLK,AZD3759,MCF7,0.5012358924651509
Q15746,MYLK,GSK690693,MCF7,-0.3186532782805319
Q15746,MYLK,JNJ,MCF7,1.858116614158988
Q15746,MYLK,KN62,MCF7,-0.33930920406773907
Q15746,MYLK,Linsitinib,MCF7,-0.4969831978598082
Q15746,MYLK,LY2835219,MCF7,-0.4911498503476555
Q15746,MYLK,Ribociclib,MCF7,-0.026845013652480893
Q15746,MYLK,AC220,MCF7,-0.09767187627210239
Q15746,MYLK,Edelfosine,MCF7,-0.966646734808522
Q15746,MYLK,GF109203X,MCF7,1.1044311505038815
Q15746,MYLK,Go6976,MCF7,-0.7145009857413968
Q15746,MYLK,PF4708671,MCF7,1.0832744768185294
Q15746,MYLK,SP600125,MCF7,-2.203975956329349
Q15746,MYLK,TAK715,MCF7,-1.2348926579041808
Q15746,MYLK,TBCA,MCF7,-1.8355195458728273
Q15746,MYLK,AT13148,MCF7,-1.543208180788315
Q15746,MYLK,AZ20,MCF7,-1.1928924621167325
Q15746,MYLK,AZD6738,MCF7,0.27432919319777294
Q15746,MYLK,Bosutinib,MCF7,-0.3497816828710089
Q15746,MYLK,Dabrafenib,MCF7,0.5681244556161542
Q15746,MYLK,Dasatinib,MCF7,-2.2430311294832035
Q15746,MYLK,DNAPK,MCF7,-0.059602048311296896
Q15746,MYLK,H89,MCF7,-1.0217349128289277
Q15746,MYLK,KD025,MCF7,-2.4919248341996063
Q15746,MYLK,NU7441,MCF7,-0.6362399498937945
Q15746,MYLK,Ripasudil,MCF7,-0.3835725074856691
Q15746,MYLK,Vemurafenib,MCF7,-0.34465248193750203
Q15746,MYLK,CX4945,MCF7,-1.224836239445522
Q15746,MYLK,GO6983,MCF7,-2.9736076026647584
Q15746,MYLK,KN93,MCF7,-0.4315520809701764
Q15746,MYLK,MK2206,MCF7,-2.7386636448942494
Q14680,MELK,AZD6482,MCF7,0.3459718510825149
Q14680,MELK,CAL101,MCF7,-0.35015717637905486
Q14680,MELK,GDC0941,MCF7,-1.031474891660996
Q14680,MELK,HS173,MCF7,-1.0712687331760808
Q14680,MELK,PIK294,MCF7,-0.17526345205747654
Q14680,MELK,TGX221,MCF7,0.6474963150716346
Q14680,MELK,AZD5438,MCF7,0.8939697365629876
Q14680,MELK,FRAX486,MCF7,0.8888200402571661
Q14680,MELK,Ku0063794,MCF7,-1.6503335966604045
Q14680,MELK,PD153035,MCF7,-0.32762679989353316
Q14680,MELK,PF3758309,MCF7,-1.558381169083529
Q14680,MELK,Torin,MCF7,-2.3250595479908394
Q14680,MELK,Trametinib,MCF7,-0.09011978120662277
Q14680,MELK,AZD1480,MCF7,0.33398728941145606
Q14680,MELK,AZD5363,MCF7,-0.3445181597173373
Q14680,MELK,BX912,MCF7,0.8540760381749573
Q14680,MELK,CHIR99021,MCF7,0.24592228448530606
Q14680,MELK,GSK2334470,MCF7,0.1179889301518975
Q14680,MELK,Ipatasertib,MCF7,0.14349629885432402
Q14680,MELK,LY2090314,MCF7,0.751021211117627
Q14680,MELK,Tofacitinib,MCF7,0.21963681781552688
Q14680,MELK,AZD8055,MCF7,-0.6200446809110135
Q14680,MELK,GDC0994,MCF7,0.0024862748958352204
Q14680,MELK,JNK,MCF7,-0.2797148409733323
Q14680,MELK,LY2584702,MCF7,-0.7335434977391119
Q14680,MELK,PH797804,MCF7,0.28044485844524863
Q14680,MELK,Selumetinib,MCF7,0.2567214662732372
Q14680,MELK,U73122,MCF7,0.15920071021365828
Q14680,MELK,Ulixertinib,MCF7,0.8310393615619249
Q14680,MELK,Amuvatinib,MCF7,0.49806109457196307
Q14680,MELK,AZD3759,MCF7,0.2714060266155124
Q14680,MELK,GSK690693,MCF7,0.06844614617311062
Q14680,MELK,JNJ,MCF7,0.347721192121189
Q14680,MELK,KN62,MCF7,-0.6306538595863881
Q14680,MELK,Linsitinib,MCF7,0.10900492862186655
Q14680,MELK,LY2835219,MCF7,0.6583297591504357
Q14680,MELK,Ribociclib,MCF7,0.4547110702737899
Q14680,MELK,AC220,MCF7,0.32022080605832604
Q14680,MELK,Edelfosine,MCF7,-0.09166723298513108
Q14680,MELK,GF109203X,MCF7,0.2632817931768152
Q14680,MELK,Go6976,MCF7,0.47136992089248503
Q14680,MELK,PF4708671,MCF7,-0.18830695865593253
Q14680,MELK,SP600125,MCF7,0.3759368182812586
Q14680,MELK,TAK715,MCF7,0.7411709365901505
Q14680,MELK,TBCA,MCF7,0.3420451478844015
Q14680,MELK,AT13148,MCF7,-0.8083041893817686
Q14680,MELK,AZ20,MCF7,-0.4218000633566895
Q14680,MELK,AZD6738,MCF7,-0.5209776632852612
Q14680,MELK,Bosutinib,MCF7,0.5808074668406443
Q14680,MELK,Dabrafenib,MCF7,0.32242332515356364
Q14680,MELK,Dasatinib,MCF7,-0.007274518116588299
Q14680,MELK,DNAPK,MCF7,0.43951163571012114
Q14680,MELK,H89,MCF7,0.16649424882480426
Q14680,MELK,KD025,MCF7,0.33641948379724707
Q14680,MELK,NU7441,MCF7,-0.048467341768698935
Q14680,MELK,Ripasudil,MCF7,-0.37827373326669683
Q14680,MELK,Vemurafenib,MCF7,0.22956523204834192
Q14680,MELK,CX4945,MCF7,-0.06225713721080987
Q14680,MELK,GO6983,MCF7,0.4325644970903819
Q14680,MELK,KN93,MCF7,-0.13877994430323207
Q14680,MELK,MK2206,MCF7,-0.005365543319451742
Q8NE63,HIPK4,AZD6482,MCF7,-2.1990687437498577
Q8NE63,HIPK4,CAL101,MCF7,3.3177014175267896
Q8NE63,HIPK4,GDC0941,MCF7,-2.134547169733878
Q8NE63,HIPK4,HS173,MCF7,-1.8470030891307465
Q8NE63,HIPK4,PIK294,MCF7,-2.400239611369651
Q8NE63,HIPK4,TGX221,MCF7,-2.374031208316084
Q8NE63,HIPK4,AZD5438,MCF7,-1.5806921662800812
Q8NE63,HIPK4,FRAX486,MCF7,-1.9622969505044268
Q8NE63,HIPK4,Ku0063794,MCF7,0.46558225380805257
Q8NE63,HIPK4,PD153035,MCF7,-2.148719865600293
Q8NE63,HIPK4,PF3758309,MCF7,-1.854114824802135
Q8NE63,HIPK4,Torin,MCF7,-1.7785334602807088
Q8NE63,HIPK4,Trametinib,MCF7,-1.880727729200474
Q8NE63,HIPK4,AZD1480,MCF7,0.9112765914120742
Q8NE63,HIPK4,AZD5363,MCF7,-2.2114661326394778
Q8NE63,HIPK4,BX912,MCF7,-2.2838092979064992
Q8NE63,HIPK4,CHIR99021,MCF7,-2.3586986730985613
Q8NE63,HIPK4,GSK2334470,MCF7,-2.020485469329
Q8NE63,HIPK4,Ipatasertib,MCF7,-2.0072332800667345
Q8NE63,HIPK4,LY2090314,MCF7,0.8127182245221959
Q8NE63,HIPK4,Tofacitinib,MCF7,-2.1190290751673815
Q8NE63,HIPK4,AZD8055,MCF7,-1.6873574329946697
Q8NE63,HIPK4,GDC0994,MCF7,0.5362292494095
Q8NE63,HIPK4,JNK,MCF7,-1.8186931151891534
Q8NE63,HIPK4,LY2584702,MCF7,-0.49461239863202844
Q8NE63,HIPK4,PH797804,MCF7,0.8651330485673461
Q8NE63,HIPK4,Selumetinib,MCF7,0.5062054328834235
Q8NE63,HIPK4,U73122,MCF7,-1.8232280151072988
Q8NE63,HIPK4,Ulixertinib,MCF7,-1.6289963949586421
Q8NE63,HIPK4,Amuvatinib,MCF7,0.31947104368114465
Q8NE63,HIPK4,AZD3759,MCF7,-1.6445805383396868
Q8NE63,HIPK4,GSK690693,MCF7,-1.4934637408034628
Q8NE63,HIPK4,JNJ,MCF7,-1.7913107024329613
Q8NE63,HIPK4,KN62,MCF7,0.4965757272866378
Q8NE63,HIPK4,Linsitinib,MCF7,0.34438569871497315
Q8NE63,HIPK4,LY2835219,MCF7,-1.7415035175363205
Q8NE63,HIPK4,Ribociclib,MCF7,-1.9859304066222876
Q8NE63,HIPK4,AC220,MCF7,-1.9817087268399336
Q8NE63,HIPK4,Edelfosine,MCF7,-1.8556793627817196
Q8NE63,HIPK4,GF109203X,MCF7,-1.8517575639976949
Q8NE63,HIPK4,Go6976,MCF7,-2.0253112974612404
Q8NE63,HIPK4,PF4708671,MCF7,-1.9026756682886183
Q8NE63,HIPK4,SP600125,MCF7,-1.4693643563719807
Q8NE63,HIPK4,TAK715,MCF7,-1.8192796419125972
Q8NE63,HIPK4,TBCA,MCF7,-2.0945279378628934
Q8NE63,HIPK4,AT13148,MCF7,-1.956178779772218
Q8NE63,HIPK4,AZ20,MCF7,-1.711015110149358
Q8NE63,HIPK4,AZD6738,MCF7,-2.0383658155723396
Q8NE63,HIPK4,Bosutinib,MCF7,-2.081268563168243
Q8NE63,HIPK4,Dabrafenib,MCF7,-0.23834801571871916
Q8NE63,HIPK4,Dasatinib,MCF7,0.16211640246783024
Q8NE63,HIPK4,DNAPK,MCF7,-2.2968495772614532
Q8NE63,HIPK4,H89,MCF7,1.7414821853703544
Q8NE63,HIPK4,KD025,MCF7,-2.0021581001603366
Q8NE63,HIPK4,NU7441,MCF7,1.7869736388642814
Q8NE63,HIPK4,Ripasudil,MCF7,-2.2280385155661757
Q8NE63,HIPK4,Vemurafenib,MCF7,-1.992550047132854
Q8NE63,HIPK4,CX4945,MCF7,-2.0211104794314045
Q8NE63,HIPK4,GO6983,MCF7,-1.9791641250468786
Q8NE63,HIPK4,KN93,MCF7,-2.1964971029020015
Q8NE63,HIPK4,MK2206,MCF7,-1.693158836692415
P49760,CLK2,AZD6482,MCF7,-1.4774804760728446
P49760,CLK2,CAL101,MCF7,-2.242073210401948
P49760,CLK2,GDC0941,MCF7,0.044833282588405673
P49760,CLK2,HS173,MCF7,0.15268029111245562
P49760,CLK2,PIK294,MCF7,-0.523067629509428
P49760,CLK2,TGX221,MCF7,-0.940299060597488
P49760,CLK2,AZD5438,MCF7,1.2235932406865295
P49760,CLK2,FRAX486,MCF7,0.16464218888949747
P49760,CLK2,Ku0063794,MCF7,1.3967681241864793
P49760,CLK2,PD153035,MCF7,0.7428454080707839
P49760,CLK2,PF3758309,MCF7,-0.41775283773904265
P49760,CLK2,Torin,MCF7,1.6284759199808119
P49760,CLK2,Trametinib,MCF7,0.688088568046829
P49760,CLK2,AZD1480,MCF7,-0.481280018217972
P49760,CLK2,AZD5363,MCF7,1.9705605477975716
P49760,CLK2,BX912,MCF7,0.4083641290673774
P49760,CLK2,CHIR99021,MCF7,1.6811600704602994
P49760,CLK2,GSK2334470,MCF7,1.6248106068246642
P49760,CLK2,Ipatasertib,MCF7,-0.7172900005797822
P49760,CLK2,LY2090314,MCF7,-0.0313725361890657
P49760,CLK2,Tofacitinib,MCF7,-0.06327224213864244
P49760,CLK2,AZD8055,MCF7,0.0887962176419433
P49760,CLK2,GDC0994,MCF7,-1.4994012211091456
P49760,CLK2,JNK,MCF7,0.190247105798569
P49760,CLK2,LY2584702,MCF7,-2.1472552722518943
P49760,CLK2,PH797804,MCF7,-0.5265721524647383
P49760,CLK2,Selumetinib,MCF7,-0.10628531531309068
P49760,CLK2,U73122,MCF7,-1.6651221700094312
P49760,CLK2,Ulixertinib,MCF7,-1.2810768454367503
P49760,CLK2,Amuvatinib,MCF7,0.479369904942417
P49760,CLK2,AZD3759,MCF7,1.6660550777893721
P49760,CLK2,GSK690693,MCF7,1.39764673541707
P49760,CLK2,JNJ,MCF7,-0.14365084070567793
P49760,CLK2,KN62,MCF7,1.022700075340546
P49760,CLK2,Linsitinib,MCF7,1.3626303989708752
P49760,CLK2,LY2835219,MCF7,0.22035377695450054
P49760,CLK2,Ribociclib,MCF7,-0.20079685277279083
P49760,CLK2,AC220,MCF7,0.1550891093778947
P49760,CLK2,Edelfosine,MCF7,0.6295886058650731
P49760,CLK2,GF109203X,MCF7,-0.3912735998305213
P49760,CLK2,Go6976,MCF7,-0.01058553675023664
P49760,CLK2,PF4708671,MCF7,0.9154377015331225
P49760,CLK2,SP600125,MCF7,1.2019266918769986
P49760,CLK2,TAK715,MCF7,0.5663643484444654
P49760,CLK2,TBCA,MCF7,0.19122139025107315
P49760,CLK2,AT13148,MCF7,1.9489448768709792
P49760,CLK2,AZ20,MCF7,1.1973417046783086
P49760,CLK2,AZD6738,MCF7,1.2075734669294012
P49760,CLK2,Bosutinib,MCF7,1.6255109725394
P49760,CLK2,Dabrafenib,MCF7,1.8057595793994723
P49760,CLK2,Dasatinib,MCF7,0.763068493074557
P49760,CLK2,DNAPK,MCF7,2.191093476988127
P49760,CLK2,H89,MCF7,2.0003803199364865
P49760,CLK2,KD025,MCF7,1.6092001477077538
P49760,CLK2,NU7441,MCF7,0.7728629486213016
P49760,CLK2,Ripasudil,MCF7,1.716410957926424
P49760,CLK2,Vemurafenib,MCF7,1.2428607099630629
P49760,CLK2,CX4945,MCF7,-0.6839555761305162
P49760,CLK2,GO6983,MCF7,-0.08871321045749392
P49760,CLK2,KN93,MCF7,-0.4887419273344589
P49760,CLK2,MK2206,MCF7,0.6229282328316071
Q13557,CAMK2D,AZD6482,MCF7,1.5060190818598618
Q13557,CAMK2D,CAL101,MCF7,1.2932546841435397
Q13557,CAMK2D,GDC0941,MCF7,0.2938341392127953
Q13557,CAMK2D,HS173,MCF7,-0.7604707148472183
Q13557,CAMK2D,PIK294,MCF7,0.9996381479802301
Q13557,CAMK2D,TGX221,MCF7,0.9737019051641288
Q13557,CAMK2D,AZD5438,MCF7,0.2670920846045751
Q13557,CAMK2D,FRAX486,MCF7,-1.1026546748456183
Q13557,CAMK2D,Ku0063794,MCF7,-0.35293923550278267
Q13557,CAMK2D,PD153035,MCF7,-0.1086325178881841
Q13557,CAMK2D,PF3758309,MCF7,-4.184525385067481
Q13557,CAMK2D,Torin,MCF7,-0.3292770215849969
Q13557,CAMK2D,Trametinib,MCF7,-0.034338844373259035
Q13557,CAMK2D,AZD1480,MCF7,1.0378581504550193
Q13557,CAMK2D,AZD5363,MCF7,-1.3756122352956366
Q13557,CAMK2D,BX912,MCF7,-0.08099329408096602
Q13557,CAMK2D,CHIR99021,MCF7,-0.16552915726019737
Q13557,CAMK2D,GSK2334470,MCF7,-0.218828538948223
Q13557,CAMK2D,Ipatasertib,MCF7,0.16616990049500596
Q13557,CAMK2D,LY2090314,MCF7,0.8913288926385015
Q13557,CAMK2D,Tofacitinib,MCF7,0.0868566771180987
Q13557,CAMK2D,AZD8055,MCF7,1.3813095905060262
Q13557,CAMK2D,GDC0994,MCF7,1.4470616289938794
Q13557,CAMK2D,JNK,MCF7,0.36225635457032906
Q13557,CAMK2D,LY2584702,MCF7,1.8467513467470258
Q13557,CAMK2D,PH797804,MCF7,1.0054647508785846
Q13557,CAMK2D,Selumetinib,MCF7,0.7774722163616824
Q13557,CAMK2D,U73122,MCF7,1.3589403395008721
Q13557,CAMK2D,Ulixertinib,MCF7,1.5731897949687377
Q13557,CAMK2D,Amuvatinib,MCF7,0.37862494472310093
Q13557,CAMK2D,AZD3759,MCF7,1.6035999899247633
Q13557,CAMK2D,GSK690693,MCF7,0.17541871600689063
Q13557,CAMK2D,JNJ,MCF7,0.39901714672406235
Q13557,CAMK2D,KN62,MCF7,2.6842023508563293
Q13557,CAMK2D,Linsitinib,MCF7,1.2770787393426613
Q13557,CAMK2D,LY2835219,MCF7,-0.06719388532608031
Q13557,CAMK2D,Ribociclib,MCF7,-0.7438819213782225
Q13557,CAMK2D,AC220,MCF7,-1.6649867018186553
Q13557,CAMK2D,Edelfosine,MCF7,1.5768970751816465
Q13557,CAMK2D,GF109203X,MCF7,-1.2046510082903898
Q13557,CAMK2D,Go6976,MCF7,-1.655349374314889
Q13557,CAMK2D,PF4708671,MCF7,-0.9126419261232086
Q13557,CAMK2D,SP600125,MCF7,0.8801835437078095
Q13557,CAMK2D,TAK715,MCF7,1.059496808733342
Q13557,CAMK2D,TBCA,MCF7,-0.76983161799556
Q13557,CAMK2D,AT13148,MCF7,-0.948949983342824
Q13557,CAMK2D,AZ20,MCF7,0.16201104744472827
Q13557,CAMK2D,AZD6738,MCF7,0.540166202114047
Q13557,CAMK2D,Bosutinib,MCF7,-1.4833580046695736
Q13557,CAMK2D,Dabrafenib,MCF7,0.27411998207946214
Q13557,CAMK2D,Dasatinib,MCF7,-0.8026857301839024
Q13557,CAMK2D,DNAPK,MCF7,-0.888194193702469
Q13557,CAMK2D,H89,MCF7,-2.1936353348553337
Q13557,CAMK2D,KD025,MCF7,-0.9219245891916399
Q13557,CAMK2D,NU7441,MCF7,0.1134672661206079
Q13557,CAMK2D,Ripasudil,MCF7,0.6889111235068023
Q13557,CAMK2D,Vemurafenib,MCF7,0.15950580722619725
Q13557,CAMK2D,CX4945,MCF7,-1.6612602320105045
Q13557,CAMK2D,GO6983,MCF7,0.6055937284822117
Q13557,CAMK2D,KN93,MCF7,0.23700639257010075
Q13557,CAMK2D,MK2206,MCF7,-1.2634726693973763
Q13554,CAMK2B,AZD6482,MCF7,-0.21158190789019432
Q13554,CAMK2B,CAL101,MCF7,0.48101880934433566
Q13554,CAMK2B,GDC0941,MCF7,-0.41568598585883576
Q13554,CAMK2B,HS173,MCF7,-0.8027839202508323
Q13554,CAMK2B,PIK294,MCF7,0.9387717595637228
Q13554,CAMK2B,TGX221,MCF7,0.13124335299122536
Q13554,CAMK2B,AZD5438,MCF7,-0.04150192233790251
Q13554,CAMK2B,FRAX486,MCF7,-0.6694966136065964
Q13554,CAMK2B,Ku0063794,MCF7,-0.9573632743476007
Q13554,CAMK2B,PD153035,MCF7,-0.2003785309180297
Q13554,CAMK2B,PF3758309,MCF7,-2.5258104743004766
Q13554,CAMK2B,Torin,MCF7,-1.2652349922355275
Q13554,CAMK2B,Trametinib,MCF7,-0.17940217894129135
Q13554,CAMK2B,AZD1480,MCF7,-0.6492712076258216
Q13554,CAMK2B,AZD5363,MCF7,-1.5605475201980292
Q13554,CAMK2B,BX912,MCF7,-0.1603368367110172
Q13554,CAMK2B,CHIR99021,MCF7,0.3178559553757289
Q13554,CAMK2B,GSK2334470,MCF7,-1.4369829538378371
Q13554,CAMK2B,Ipatasertib,MCF7,-0.26412025041312864
Q13554,CAMK2B,LY2090314,MCF7,0.2324690775176469
Q13554,CAMK2B,Tofacitinib,MCF7,-1.0139888461935107
Q13554,CAMK2B,AZD8055,MCF7,-0.31351815266359345
Q13554,CAMK2B,GDC0994,MCF7,0.42785777816365295
Q13554,CAMK2B,JNK,MCF7,-0.7379646905378361
Q13554,CAMK2B,LY2584702,MCF7,0.08685049854311662
Q13554,CAMK2B,PH797804,MCF7,0.09984242059397257
Q13554,CAMK2B,Selumetinib,MCF7,-0.08366598482153752
Q13554,CAMK2B,U73122,MCF7,0.7076023293843285
Q13554,CAMK2B,Ulixertinib,MCF7,0.27508651053181254
Q13554,CAMK2B,Amuvatinib,MCF7,2.2013581137422724
Q13554,CAMK2B,AZD3759,MCF7,1.406672890031479
Q13554,CAMK2B,GSK690693,MCF7,0.42812099713635043
Q13554,CAMK2B,JNJ,MCF7,-0.18699605774577127
Q13554,CAMK2B,KN62,MCF7,1.117591239942056
Q13554,CAMK2B,Linsitinib,MCF7,1.5003463197494529
Q13554,CAMK2B,LY2835219,MCF7,2.2082356466339315
Q13554,CAMK2B,Ribociclib,MCF7,1.394354655085314
Q13554,CAMK2B,AC220,MCF7,-0.6147639149492904
Q13554,CAMK2B,Edelfosine,MCF7,-0.6121882726447073
Q13554,CAMK2B,GF109203X,MCF7,-1.2704127632350026
Q13554,CAMK2B,Go6976,MCF7,-1.6877791345655224
Q13554,CAMK2B,PF4708671,MCF7,-0.5698661858485957
Q13554,CAMK2B,SP600125,MCF7,0.5765786678253255
Q13554,CAMK2B,TAK715,MCF7,0.026307611915755567
Q13554,CAMK2B,TBCA,MCF7,0.3340244820153015
Q13554,CAMK2B,AT13148,MCF7,-0.8907055009826451
Q13554,CAMK2B,AZ20,MCF7,-0.7650784360018058
Q13554,CAMK2B,AZD6738,MCF7,-0.011549312059898093
Q13554,CAMK2B,Bosutinib,MCF7,-0.9824605274633657
Q13554,CAMK2B,Dabrafenib,MCF7,0.054358810480151995
Q13554,CAMK2B,Dasatinib,MCF7,-0.5949045835842125
Q13554,CAMK2B,DNAPK,MCF7,-0.25494181633175306
Q13554,CAMK2B,H89,MCF7,-0.6209201038790042
Q13554,CAMK2B,KD025,MCF7,-0.9997876515985992
Q13554,CAMK2B,NU7441,MCF7,-0.801466410296077
Q13554,CAMK2B,Ripasudil,MCF7,0.21571082787611098
Q13554,CAMK2B,Vemurafenib,MCF7,-0.16117902684974014
Q13554,CAMK2B,CX4945,MCF7,-0.41126798293152433
Q13554,CAMK2B,GO6983,MCF7,1.002527641480554
Q13554,CAMK2B,KN93,MCF7,-0.10046764989710595
Q13554,CAMK2B,MK2206,MCF7,-0.7460164110454356
Q5TCY1,TTBK1,AZD6482,MCF7,0.20628770967686597
Q5TCY1,TTBK1,CAL101,MCF7,-0.6256631819921031
Q5TCY1,TTBK1,GDC0941,MCF7,0.07635320156272554
Q5TCY1,TTBK1,HS173,MCF7,0.80296745982103
Q5TCY1,TTBK1,PIK294,MCF7,-1.022238790710706
Q5TCY1,TTBK1,TGX221,MCF7,-0.8732773295708818
Q5TCY1,TTBK1,AZD5438,MCF7,0.934443211005971
Q5TCY1,TTBK1,FRAX486,MCF7,-0.0318690690125898
Q5TCY1,TTBK1,Ku0063794,MCF7,0.6044881865656733
Q5TCY1,TTBK1,PD153035,MCF7,-1.099751760810883
Q5TCY1,TTBK1,PF3758309,MCF7,1.4961030024631425
Q5TCY1,TTBK1,Torin,MCF7,-0.15449090334772483
Q5TCY1,TTBK1,Trametinib,MCF7,0.7446289932503912
Q5TCY1,TTBK1,AZD1480,MCF7,-0.066096027001577
Q5TCY1,TTBK1,AZD5363,MCF7,-0.8626067807368792
Q5TCY1,TTBK1,BX912,MCF7,-0.3108126345320967
Q5TCY1,TTBK1,CHIR99021,MCF7,0.6110059805483413
Q5TCY1,TTBK1,GSK2334470,MCF7,-3.0220873805568393
Q5TCY1,TTBK1,Ipatasertib,MCF7,-1.9682220344643755
Q5TCY1,TTBK1,LY2090314,MCF7,1.5557876990762172
Q5TCY1,TTBK1,Tofacitinib,MCF7,-0.04273430695273511
Q5TCY1,TTBK1,AZD8055,MCF7,-1.7162560802434408
Q5TCY1,TTBK1,GDC0994,MCF7,-0.7907813972307046
Q5TCY1,TTBK1,JNK,MCF7,-1.579548509437716
Q5TCY1,TTBK1,LY2584702,MCF7,-1.2012821038517596
Q5TCY1,TTBK1,PH797804,MCF7,0.20665891211406034
Q5TCY1,TTBK1,Selumetinib,MCF7,-1.367540555129604
Q5TCY1,TTBK1,U73122,MCF7,-1.030478033906562
Q5TCY1,TTBK1,Ulixertinib,MCF7,-0.22887403599704878
Q5TCY1,TTBK1,Amuvatinib,MCF7,-1.7263582024180584
Q5TCY1,TTBK1,AZD3759,MCF7,-2.0508723199112193
Q5TCY1,TTBK1,GSK690693,MCF7,0.8091446795995427
Q5TCY1,TTBK1,JNJ,MCF7,0.4921738721412401
Q5TCY1,TTBK1,KN62,MCF7,-4.7757728636704995
Q5TCY1,TTBK1,Linsitinib,MCF7,-2.2252251180096256
Q5TCY1,TTBK1,LY2835219,MCF7,0.6742237100616936
Q5TCY1,TTBK1,Ribociclib,MCF7,0.23307638528302557
Q5TCY1,TTBK1,AC220,MCF7,0.016489686905711207
Q5TCY1,TTBK1,Edelfosine,MCF7,-1.5982918845281908
Q5TCY1,TTBK1,GF109203X,MCF7,0.13569204988039188
Q5TCY1,TTBK1,Go6976,MCF7,0.19071995080775575
Q5TCY1,TTBK1,PF4708671,MCF7,-0.5671013909964088
Q5TCY1,TTBK1,SP600125,MCF7,0.48441627343226207
Q5TCY1,TTBK1,TAK715,MCF7,0.6270871768694198
Q5TCY1,TTBK1,TBCA,MCF7,0.5133777437592856
Q5TCY1,TTBK1,AT13148,MCF7,-0.8399067988687098
Q5TCY1,TTBK1,AZ20,MCF7,-1.9787473998514866
Q5TCY1,TTBK1,AZD6738,MCF7,-0.8926329393827788
Q5TCY1,TTBK1,Bosutinib,MCF7,-0.22872608287040597
Q5TCY1,TTBK1,Dabrafenib,MCF7,-2.131996600154217
Q5TCY1,TTBK1,Dasatinib,MCF7,-0.20797696150685357
Q5TCY1,TTBK1,DNAPK,MCF7,-0.6743031418388648
Q5TCY1,TTBK1,H89,MCF7,-0.47675928519230804
Q5TCY1,TTBK1,KD025,MCF7,-0.8270643031962036
Q5TCY1,TTBK1,NU7441,MCF7,-0.714095648621103
Q5TCY1,TTBK1,Ripasudil,MCF7,0.08603781048306113
Q5TCY1,TTBK1,Vemurafenib,MCF7,-1.481029595941258
Q5TCY1,TTBK1,CX4945,MCF7,-0.8670575709838919
Q5TCY1,TTBK1,GO6983,MCF7,-0.058495486055109104
Q5TCY1,TTBK1,KN93,MCF7,-0.4731468695005053
Q5TCY1,TTBK1,MK2206,MCF7,-2.666075648135058
Q9P0L2,MARK1,AZD6482,MCF7,-0.27914646657637204
Q9P0L2,MARK1,CAL101,MCF7,-0.6843222117082937
Q9P0L2,MARK1,GDC0941,MCF7,-0.41455091288842
Q9P0L2,MARK1,HS173,MCF7,-1.8150904084740669
Q9P0L2,MARK1,PIK294,MCF7,-0.16565128080681202
Q9P0L2,MARK1,TGX221,MCF7,-0.30098638282203216
Q9P0L2,MARK1,AZD5438,MCF7,-0.4807026997378582
Q9P0L2,MARK1,FRAX486,MCF7,-1.7457213263550773
Q9P0L2,MARK1,Ku0063794,MCF7,-1.2937961841923529
Q9P0L2,MARK1,PD153035,MCF7,-1.1781440392403055
Q9P0L2,MARK1,PF3758309,MCF7,-1.521137037767204
Q9P0L2,MARK1,Torin,MCF7,-1.1044545886706683
Q9P0L2,MARK1,Trametinib,MCF7,-2.8332357614798434
Q9P0L2,MARK1,AZD1480,MCF7,-0.10844112807271934
Q9P0L2,MARK1,AZD5363,MCF7,-0.9238446105591056
Q9P0L2,MARK1,BX912,MCF7,0.01880330095309404
Q9P0L2,MARK1,CHIR99021,MCF7,0.1687858940681106
Q9P0L2,MARK1,GSK2334470,MCF7,1.1439638796812142
Q9P0L2,MARK1,Ipatasertib,MCF7,0.31725600759752415
Q9P0L2,MARK1,LY2090314,MCF7,0.6835925845887331
Q9P0L2,MARK1,Tofacitinib,MCF7,0.01824252168439607
Q9P0L2,MARK1,AZD8055,MCF7,1.1917347838467929
Q9P0L2,MARK1,GDC0994,MCF7,-0.1065287320253746
Q9P0L2,MARK1,JNK,MCF7,-0.32780151209716574
Q9P0L2,MARK1,LY2584702,MCF7,1.0394401307210424
Q9P0L2,MARK1,PH797804,MCF7,-0.43569354932618676
Q9P0L2,MARK1,Selumetinib,MCF7,-1.179287992442933
Q9P0L2,MARK1,U73122,MCF7,-0.6052519030584331
Q9P0L2,MARK1,Ulixertinib,MCF7,0.8417722721201994
Q9P0L2,MARK1,Amuvatinib,MCF7,-0.517110059272166
Q9P0L2,MARK1,AZD3759,MCF7,-0.8445288166114605
Q9P0L2,MARK1,GSK690693,MCF7,-1.3900599310202524
Q9P0L2,MARK1,JNJ,MCF7,-0.27305136635289284
Q9P0L2,MARK1,KN62,MCF7,-0.37820142550055363
Q9P0L2,MARK1,Linsitinib,MCF7,-0.15959111275909835
Q9P0L2,MARK1,LY2835219,MCF7,-0.38823415513829607
Q9P0L2,MARK1,Ribociclib,MCF7,-0.6122855205637664
Q9P0L2,MARK1,AC220,MCF7,2.15423933252423
Q9P0L2,MARK1,Edelfosine,MCF7,-0.30600339775261115
Q9P0L2,MARK1,GF109203X,MCF7,0.4252288890424869
Q9P0L2,MARK1,Go6976,MCF7,-0.261980820224432
Q9P0L2,MARK1,PF4708671,MCF7,-0.44588988067735424
Q9P0L2,MARK1,SP600125,MCF7,0.18171758111623343
Q9P0L2,MARK1,TAK715,MCF7,-0.11514424037932765
Q9P0L2,MARK1,TBCA,MCF7,-0.41800086743231496
Q9P0L2,MARK1,AT13148,MCF7,-0.5022720875155996
Q9P0L2,MARK1,AZ20,MCF7,-0.369924871073333
Q9P0L2,MARK1,AZD6738,MCF7,-1.028374689469404
Q9P0L2,MARK1,Bosutinib,MCF7,0.07296819682492815
Q9P0L2,MARK1,Dabrafenib,MCF7,-0.3125216278812913
Q9P0L2,MARK1,Dasatinib,MCF7,-0.12302342139942254
Q9P0L2,MARK1,DNAPK,MCF7,-0.5924061550121364
Q9P0L2,MARK1,H89,MCF7,0.7876856620737837
Q9P0L2,MARK1,KD025,MCF7,-0.23009071475162465
Q9P0L2,MARK1,NU7441,MCF7,-0.48142831675945535
Q9P0L2,MARK1,Ripasudil,MCF7,-0.9181600620312868
Q9P0L2,MARK1,Vemurafenib,MCF7,-0.5230741731112347
Q9P0L2,MARK1,CX4945,MCF7,-0.3452615364412696
Q9P0L2,MARK1,GO6983,MCF7,0.3675811453349288
Q9P0L2,MARK1,KN93,MCF7,-0.45422118700879915
Q9P0L2,MARK1,MK2206,MCF7,-0.36022812040811725
O75676,RPS6KA4,AZD6482,MCF7,-0.21779986990882838
O75676,RPS6KA4,CAL101,MCF7,-0.24025599011081988
O75676,RPS6KA4,GDC0941,MCF7,-2.314445077533868
O75676,RPS6KA4,HS173,MCF7,-1.5742812759950078
O75676,RPS6KA4,PIK294,MCF7,0.27348741699476853
O75676,RPS6KA4,TGX221,MCF7,-0.15084697333255717
O75676,RPS6KA4,AZD5438,MCF7,-0.010430065721420759
O75676,RPS6KA4,FRAX486,MCF7,-0.0877622963529157
O75676,RPS6KA4,Ku0063794,MCF7,-2.9119233635891626
O75676,RPS6KA4,PD153035,MCF7,0.2602002049520136
O75676,RPS6KA4,PF3758309,MCF7,-0.0012573830035217863
O75676,RPS6KA4,Torin,MCF7,-3.511491080731602
O75676,RPS6KA4,Trametinib,MCF7,1.1740226692344835
O75676,RPS6KA4,AZD1480,MCF7,0.7809102443699083
O75676,RPS6KA4,AZD5363,MCF7,0.2945424284262395
O75676,RPS6KA4,BX912,MCF7,-0.15000166010827173
O75676,RPS6KA4,CHIR99021,MCF7,0.6707234760381109
O75676,RPS6KA4,GSK2334470,MCF7,-0.2475574116189239
O75676,RPS6KA4,Ipatasertib,MCF7,-1.1721304443730716
O75676,RPS6KA4,LY2090314,MCF7,1.1791554878586938
O75676,RPS6KA4,Tofacitinib,MCF7,0.7322774722095027
O75676,RPS6KA4,AZD8055,MCF7,-3.01959599448988
O75676,RPS6KA4,GDC0994,MCF7,-0.007284471325550648
O75676,RPS6KA4,JNK,MCF7,-1.0860837434225248
O75676,RPS6KA4,LY2584702,MCF7,-0.2063890662773994
O75676,RPS6KA4,PH797804,MCF7,0.08506567648554796
O75676,RPS6KA4,Selumetinib,MCF7,0.23698637461004
O75676,RPS6KA4,U73122,MCF7,0.6045728388252299
O75676,RPS6KA4,Ulixertinib,MCF7,0.36735226731358533
O75676,RPS6KA4,Amuvatinib,MCF7,-0.43319763836016417
O75676,RPS6KA4,AZD3759,MCF7,0.017552080844540185
O75676,RPS6KA4,GSK690693,MCF7,-1.4691245827588175
O75676,RPS6KA4,JNJ,MCF7,-0.2926330074485531
O75676,RPS6KA4,KN62,MCF7,0.24854571077057624
O75676,RPS6KA4,Linsitinib,MCF7,-0.45723299667848977
O75676,RPS6KA4,LY2835219,MCF7,0.6615078754882945
O75676,RPS6KA4,Ribociclib,MCF7,0.520529213886469
O75676,RPS6KA4,AC220,MCF7,0.2607478314568203
O75676,RPS6KA4,Edelfosine,MCF7,-0.9908905403848668
O75676,RPS6KA4,GF109203X,MCF7,-0.38951582594839085
O75676,RPS6KA4,Go6976,MCF7,-0.15306065065110983
O75676,RPS6KA4,PF4708671,MCF7,-0.4054837296878401
O75676,RPS6KA4,SP600125,MCF7,0.2960162017465138
O75676,RPS6KA4,TAK715,MCF7,-0.6652230721840355
O75676,RPS6KA4,TBCA,MCF7,-0.305666639952597
O75676,RPS6KA4,AT13148,MCF7,-0.7856143856071159
O75676,RPS6KA4,AZ20,MCF7,-2.136050020464732
O75676,RPS6KA4,AZD6738,MCF7,-0.24807950337915555
O75676,RPS6KA4,Bosutinib,MCF7,-0.3928343891733179
O75676,RPS6KA4,Dabrafenib,MCF7,0.07375090463135867
O75676,RPS6KA4,Dasatinib,MCF7,-0.24210085553926955
O75676,RPS6KA4,DNAPK,MCF7,-1.5706839443331646
O75676,RPS6KA4,H89,MCF7,-0.6762019036174832
O75676,RPS6KA4,KD025,MCF7,0.16109640527102606
O75676,RPS6KA4,NU7441,MCF7,-0.07070882894560172
O75676,RPS6KA4,Ripasudil,MCF7,0.41618385062645674
O75676,RPS6KA4,Vemurafenib,MCF7,0.15310427089703454
O75676,RPS6KA4,CX4945,MCF7,0.08592353538109597
O75676,RPS6KA4,GO6983,MCF7,-1.6816607947032571
O75676,RPS6KA4,KN93,MCF7,-1.0441810252868189
O75676,RPS6KA4,MK2206,MCF7,-2.693579799288226
Q9NRM7,LATS2,AZD6482,MCF7,0.6097150261704897
Q9NRM7,LATS2,CAL101,MCF7,1.901110223884684
Q9NRM7,LATS2,GDC0941,MCF7,0.9289651927772897
Q9NRM7,LATS2,HS173,MCF7,0.41084072219563006
Q9NRM7,LATS2,PIK294,MCF7,0.7619730134732859
Q9NRM7,LATS2,TGX221,MCF7,1.8893055001343575
Q9NRM7,LATS2,AZD5438,MCF7,0.1109067588164584
Q9NRM7,LATS2,FRAX486,MCF7,1.531575293879489
Q9NRM7,LATS2,Ku0063794,MCF7,0.5809441898079626
Q9NRM7,LATS2,PD153035,MCF7,1.360211581310497
Q9NRM7,LATS2,PF3758309,MCF7,1.684856434145966
Q9NRM7,LATS2,Torin,MCF7,1.3983649283835238
Q9NRM7,LATS2,Trametinib,MCF7,1.5328892136058485
Q9NRM7,LATS2,AZD1480,MCF7,-0.6088265270199589
Q9NRM7,LATS2,AZD5363,MCF7,-0.9043494760272685
Q9NRM7,LATS2,BX912,MCF7,-2.175037238153294
Q9NRM7,LATS2,CHIR99021,MCF7,0.45714893573105286
Q9NRM7,LATS2,GSK2334470,MCF7,0.22295340687825355
Q9NRM7,LATS2,Ipatasertib,MCF7,0.5314189969630465
Q9NRM7,LATS2,LY2090314,MCF7,1.2533297746623713
Q9NRM7,LATS2,Tofacitinib,MCF7,-0.16698489489251622
Q9NRM7,LATS2,AZD8055,MCF7,0.45479059330193455
Q9NRM7,LATS2,GDC0994,MCF7,0.17281076731873815
Q9NRM7,LATS2,JNK,MCF7,-0.3055000523284022
Q9NRM7,LATS2,LY2584702,MCF7,0.4037772335171224
Q9NRM7,LATS2,PH797804,MCF7,0.38996617968576897
Q9NRM7,LATS2,Selumetinib,MCF7,0.45610542056698494
Q9NRM7,LATS2,U73122,MCF7,0.7407050685509527
Q9NRM7,LATS2,Ulixertinib,MCF7,0.5670811646347642
Q9NRM7,LATS2,Amuvatinib,MCF7,0.4231384671361663
Q9NRM7,LATS2,AZD3759,MCF7,0.056696540010531815
Q9NRM7,LATS2,GSK690693,MCF7,-0.9763204288043582
Q9NRM7,LATS2,JNJ,MCF7,0.5274697532311767
Q9NRM7,LATS2,KN62,MCF7,0.7564994817051949
Q9NRM7,LATS2,Linsitinib,MCF7,-0.9025518207547498
Q9NRM7,LATS2,LY2835219,MCF7,0.51606254411842
Q9NRM7,LATS2,Ribociclib,MCF7,-0.480231473047054
Q9NRM7,LATS2,AC220,MCF7,1.8941780461313362
Q9NRM7,LATS2,Edelfosine,MCF7,3.1332622133895414
Q9NRM7,LATS2,GF109203X,MCF7,0.668429565029924
Q9NRM7,LATS2,Go6976,MCF7,-0.5010521204034579
Q9NRM7,LATS2,PF4708671,MCF7,1.95468480646301
Q9NRM7,LATS2,SP600125,MCF7,-0.07949465458184
Q9NRM7,LATS2,TAK715,MCF7,1.506395116347529
Q9NRM7,LATS2,TBCA,MCF7,1.046714783124396
Q9NRM7,LATS2,AT13148,MCF7,0.005053890697336391
Q9NRM7,LATS2,AZ20,MCF7,0.5861166092844206
Q9NRM7,LATS2,AZD6738,MCF7,0.39846816581711453
Q9NRM7,LATS2,Bosutinib,MCF7,-0.4273013014684249
Q9NRM7,LATS2,Dabrafenib,MCF7,0.4906783620849719
Q9NRM7,LATS2,Dasatinib,MCF7,0.7983358871935272
Q9NRM7,LATS2,DNAPK,MCF7,0.1365208835055281
Q9NRM7,LATS2,H89,MCF7,0.38599216351019394
Q9NRM7,LATS2,KD025,MCF7,0.758895901181977
Q9NRM7,LATS2,NU7441,MCF7,0.8212948534019568
Q9NRM7,LATS2,Ripasudil,MCF7,0.3967422315235829
Q9NRM7,LATS2,Vemurafenib,MCF7,0.5366306258427523
Q9NRM7,LATS2,CX4945,MCF7,-0.3391268217450946
Q9NRM7,LATS2,GO6983,MCF7,0.6521017352541298
Q9NRM7,LATS2,KN93,MCF7,0.6924812302261388
Q9NRM7,LATS2,MK2206,MCF7,0.5827940340540805
O95835,LATS1,AZD6482,MCF7,-0.15683084992507867
O95835,LATS1,CAL101,MCF7,2.240887391722059
O95835,LATS1,GDC0941,MCF7,0.5773291443764117
O95835,LATS1,HS173,MCF7,0.4788808209431887
O95835,LATS1,PIK294,MCF7,1.7071755556403732
O95835,LATS1,TGX221,MCF7,2.265633885654265
O95835,LATS1,AZD5438,MCF7,1.1576132740895053
O95835,LATS1,FRAX486,MCF7,1.0028831508652074
O95835,LATS1,Ku0063794,MCF7,0.3233670006207326
O95835,LATS1,PD153035,MCF7,1.0243444301766813
O95835,LATS1,PF3758309,MCF7,0.7872087455431257
O95835,LATS1,Torin,MCF7,0.5467454516293776
O95835,LATS1,Trametinib,MCF7,0.8940679725004312
O95835,LATS1,AZD1480,MCF7,-1.072461825084723
O95835,LATS1,AZD5363,MCF7,-0.30781131881982465
O95835,LATS1,BX912,MCF7,-0.7564316041952831
O95835,LATS1,CHIR99021,MCF7,0.5638156477325947
O95835,LATS1,GSK2334470,MCF7,0.28437026647275165
O95835,LATS1,Ipatasertib,MCF7,1.1066801532724024
O95835,LATS1,LY2090314,MCF7,1.3329669495610161
O95835,LATS1,Tofacitinib,MCF7,-0.6784846451974058
O95835,LATS1,AZD8055,MCF7,0.2457643592499076
O95835,LATS1,GDC0994,MCF7,0.5132294943897205
O95835,LATS1,JNK,MCF7,0.21064730027049888
O95835,LATS1,LY2584702,MCF7,0.2798914745493911
O95835,LATS1,PH797804,MCF7,0.6526760448567698
O95835,LATS1,Selumetinib,MCF7,0.4575939304431369
O95835,LATS1,U73122,MCF7,0.7131072258732961
O95835,LATS1,Ulixertinib,MCF7,0.4344619543794188
O95835,LATS1,Amuvatinib,MCF7,0.6565433561097817
O95835,LATS1,AZD3759,MCF7,0.46375807442313827
O95835,LATS1,GSK690693,MCF7,-0.4658460990026602
O95835,LATS1,JNJ,MCF7,0.9299183007575993
O95835,LATS1,KN62,MCF7,1.5297075174422134
O95835,LATS1,Linsitinib,MCF7,-0.5160471777625103
O95835,LATS1,LY2835219,MCF7,1.2278558296343223
O95835,LATS1,Ribociclib,MCF7,0.9577996076955391
O95835,LATS1,AC220,MCF7,2.6465915611203226
O95835,LATS1,Edelfosine,MCF7,3.252644031047568
O95835,LATS1,GF109203X,MCF7,2.0898603136399365
O95835,LATS1,Go6976,MCF7,0.5357170357125081
O95835,LATS1,PF4708671,MCF7,2.852654051926049
O95835,LATS1,SP600125,MCF7,0.23375194501475297
O95835,LATS1,TAK715,MCF7,2.170233407519308
O95835,LATS1,TBCA,MCF7,1.9508900124655657
O95835,LATS1,AT13148,MCF7,-0.7271485261540032
O95835,LATS1,AZ20,MCF7,0.7837560430969713
O95835,LATS1,AZD6738,MCF7,-0.3335524462551347
O95835,LATS1,Bosutinib,MCF7,-0.7849542815664448
O95835,LATS1,Dabrafenib,MCF7,0.9758450412365283
O95835,LATS1,Dasatinib,MCF7,1.053966433046223
O95835,LATS1,DNAPK,MCF7,-0.03321950384440797
O95835,LATS1,H89,MCF7,-0.02161743845803146
O95835,LATS1,KD025,MCF7,1.2034345234685868
O95835,LATS1,NU7441,MCF7,1.0064452422239911
O95835,LATS1,Ripasudil,MCF7,-0.012365197975643342
O95835,LATS1,Vemurafenib,MCF7,1.0798857130463297
O95835,LATS1,CX4945,MCF7,-0.662441090819731
O95835,LATS1,GO6983,MCF7,0.2474232851132943
O95835,LATS1,KN93,MCF7,0.8498704009305416
O95835,LATS1,MK2206,MCF7,0.9565162797114752
Q96RR4,CAMKK2,AZD6482,MCF7,0.4547869045223884
Q96RR4,CAMKK2,CAL101,MCF7,0.06993396499810892
Q96RR4,CAMKK2,GDC0941,MCF7,-0.06904066012743032
Q96RR4,CAMKK2,HS173,MCF7,0.40337147459183914
Q96RR4,CAMKK2,PIK294,MCF7,0.2552472506553694
Q96RR4,CAMKK2,TGX221,MCF7,0.10444466682353483
Q96RR4,CAMKK2,AZD5438,MCF7,0.46813555610341884
Q96RR4,CAMKK2,FRAX486,MCF7,-0.48110298191186796
Q96RR4,CAMKK2,Ku0063794,MCF7,-0.5437866107937396
Q96RR4,CAMKK2,PD153035,MCF7,0.052320011921755095
Q96RR4,CAMKK2,PF3758309,MCF7,-1.1470065838170844
Q96RR4,CAMKK2,Torin,MCF7,-0.8604153507830772
Q96RR4,CAMKK2,Trametinib,MCF7,0.32372752609077005
Q96RR4,CAMKK2,AZD1480,MCF7,-0.33272559926408146
Q96RR4,CAMKK2,AZD5363,MCF7,0.2612475262894759
Q96RR4,CAMKK2,BX912,MCF7,0.5653114937474066
Q96RR4,CAMKK2,CHIR99021,MCF7,-0.02771722277804843
Q96RR4,CAMKK2,GSK2334470,MCF7,-0.603126804758169
Q96RR4,CAMKK2,Ipatasertib,MCF7,0.5057251064983546
Q96RR4,CAMKK2,LY2090314,MCF7,0.6657340734973287
Q96RR4,CAMKK2,Tofacitinib,MCF7,-0.16430910101042814
Q96RR4,CAMKK2,AZD8055,MCF7,0.08720940749040224
Q96RR4,CAMKK2,GDC0994,MCF7,0.09169822917554506
Q96RR4,CAMKK2,JNK,MCF7,0.3153573165693453
Q96RR4,CAMKK2,LY2584702,MCF7,-0.19424412671277913
Q96RR4,CAMKK2,PH797804,MCF7,0.224660964157136
Q96RR4,CAMKK2,Selumetinib,MCF7,0.29254172995136823
Q96RR4,CAMKK2,U73122,MCF7,0.10984206193426523
Q96RR4,CAMKK2,Ulixertinib,MCF7,0.2506096279384733
Q96RR4,CAMKK2,Amuvatinib,MCF7,0.8337112807022732
Q96RR4,CAMKK2,AZD3759,MCF7,0.7922057344651513
Q96RR4,CAMKK2,GSK690693,MCF7,0.9711637131706551
Q96RR4,CAMKK2,JNJ,MCF7,1.267805504626354
Q96RR4,CAMKK2,KN62,MCF7,1.1558754698852243
Q96RR4,CAMKK2,Linsitinib,MCF7,1.2092929260558039
Q96RR4,CAMKK2,LY2835219,MCF7,1.5039148143983796
Q96RR4,CAMKK2,Ribociclib,MCF7,2.043209512225102
Q96RR4,CAMKK2,AC220,MCF7,0.7080439052156272
Q96RR4,CAMKK2,Edelfosine,MCF7,1.1563018740082163
Q96RR4,CAMKK2,GF109203X,MCF7,1.9256538806131285
Q96RR4,CAMKK2,Go6976,MCF7,1.2920568425612695
Q96RR4,CAMKK2,PF4708671,MCF7,2.3582218560638704
Q96RR4,CAMKK2,SP600125,MCF7,2.3251593341823216
Q96RR4,CAMKK2,TAK715,MCF7,1.5172562923120574
Q96RR4,CAMKK2,TBCA,MCF7,1.2367103943875881
Q96RR4,CAMKK2,AT13148,MCF7,0.2765929637784229
Q96RR4,CAMKK2,AZ20,MCF7,0.3004540904348449
Q96RR4,CAMKK2,AZD6738,MCF7,-0.6350229741009537
Q96RR4,CAMKK2,Bosutinib,MCF7,0.053330194197880605
Q96RR4,CAMKK2,Dabrafenib,MCF7,0.3576488188922502
Q96RR4,CAMKK2,Dasatinib,MCF7,0.11306625329854471
Q96RR4,CAMKK2,DNAPK,MCF7,0.20869879400578487
Q96RR4,CAMKK2,H89,MCF7,0.022122192265513818
Q96RR4,CAMKK2,KD025,MCF7,0.4756692849414336
Q96RR4,CAMKK2,NU7441,MCF7,-0.07178133629628047
Q96RR4,CAMKK2,Ripasudil,MCF7,-0.22539405155450468
Q96RR4,CAMKK2,Vemurafenib,MCF7,-0.09722356569274926
Q96RR4,CAMKK2,CX4945,MCF7,0.052723145750050895
Q96RR4,CAMKK2,GO6983,MCF7,0.6112446895417901
Q96RR4,CAMKK2,KN93,MCF7,-0.06594489520467241
Q96RR4,CAMKK2,MK2206,MCF7,0.500967751962899
Q99640,PKMYT1,AZD6482,MCF7,0.7549956299417694
Q99640,PKMYT1,CAL101,MCF7,1.6561205324175494
Q99640,PKMYT1,GDC0941,MCF7,1.9368001269335375
Q99640,PKMYT1,HS173,MCF7,1.3050218241337461
Q99640,PKMYT1,PIK294,MCF7,1.014438965910807
Q99640,PKMYT1,TGX221,MCF7,2.0256280375045645
Q99640,PKMYT1,AZD5438,MCF7,0.6894268032421007
Q99640,PKMYT1,FRAX486,MCF7,0.4736821576771976
Q99640,PKMYT1,Ku0063794,MCF7,-0.9387039584118614
Q99640,PKMYT1,PD153035,MCF7,0.6951054807158379
Q99640,PKMYT1,PF3758309,MCF7,0.08736213348685323
Q99640,PKMYT1,Torin,MCF7,0.14976741908010424
Q99640,PKMYT1,Trametinib,MCF7,1.483729004668126
Q99640,PKMYT1,AZD1480,MCF7,-1.9592622904814776
Q99640,PKMYT1,AZD5363,MCF7,-3.2151241990285486
Q99640,PKMYT1,BX912,MCF7,0.23862730465213483
Q99640,PKMYT1,CHIR99021,MCF7,-0.0826216432240398
Q99640,PKMYT1,GSK2334470,MCF7,-2.063497022519496
Q99640,PKMYT1,Ipatasertib,MCF7,-2.4342362122846133
Q99640,PKMYT1,LY2090314,MCF7,0.0539502420448762
Q99640,PKMYT1,Tofacitinib,MCF7,-0.5353029896698877
Q99640,PKMYT1,AZD8055,MCF7,0.3126840778281788
Q99640,PKMYT1,GDC0994,MCF7,0.21245936772790824
Q99640,PKMYT1,JNK,MCF7,0.23013878276170188
Q99640,PKMYT1,LY2584702,MCF7,0.23280080526349384
Q99640,PKMYT1,PH797804,MCF7,0.13288790842747614
Q99640,PKMYT1,Selumetinib,MCF7,0.716034454368569
Q99640,PKMYT1,U73122,MCF7,0.11834435716521792
Q99640,PKMYT1,Ulixertinib,MCF7,0.9576261388569821
Q99640,PKMYT1,Amuvatinib,MCF7,1.4074926825185594
Q99640,PKMYT1,AZD3759,MCF7,0.412086766996687
Q99640,PKMYT1,GSK690693,MCF7,1.1284695737697377
Q99640,PKMYT1,JNJ,MCF7,-0.2415071235943713
Q99640,PKMYT1,KN62,MCF7,1.602040946438787
Q99640,PKMYT1,Linsitinib,MCF7,0.8765553237622148
Q99640,PKMYT1,LY2835219,MCF7,1.2359207891622341
Q99640,PKMYT1,Ribociclib,MCF7,0.6811819695305328
Q99640,PKMYT1,AC220,MCF7,0.0044434967274276154
Q99640,PKMYT1,Edelfosine,MCF7,-0.30421803493648497
Q99640,PKMYT1,GF109203X,MCF7,-0.762775594966443
Q99640,PKMYT1,Go6976,MCF7,0.3205091608618135
Q99640,PKMYT1,PF4708671,MCF7,0.21624482050078245
Q99640,PKMYT1,SP600125,MCF7,-1.0579909516279014
Q99640,PKMYT1,TAK715,MCF7,-1.5195627911363006
Q99640,PKMYT1,TBCA,MCF7,0.4368274436960298
Q99640,PKMYT1,AT13148,MCF7,0.5765777035933687
Q99640,PKMYT1,AZ20,MCF7,-1.0523670886019196
Q99640,PKMYT1,AZD6738,MCF7,-0.10633584538953969
Q99640,PKMYT1,Bosutinib,MCF7,-0.07140723677100691
Q99640,PKMYT1,Dabrafenib,MCF7,-0.49086160332289785
Q99640,PKMYT1,Dasatinib,MCF7,-0.33058575298543474
Q99640,PKMYT1,DNAPK,MCF7,0.3424771728973356
Q99640,PKMYT1,H89,MCF7,1.0256762336258602
Q99640,PKMYT1,KD025,MCF7,-0.7105501429119915
Q99640,PKMYT1,NU7441,MCF7,-0.5358609586702322
Q99640,PKMYT1,Ripasudil,MCF7,-0.7280482038836192
Q99640,PKMYT1,Vemurafenib,MCF7,1.6840915079226078
Q99640,PKMYT1,CX4945,MCF7,1.8024043762375836
Q99640,PKMYT1,GO6983,MCF7,1.5423137055145084
Q99640,PKMYT1,KN93,MCF7,1.805558516493661
Q99640,PKMYT1,MK2206,MCF7,1.248203744282599
Q9NYL2,MAP3K20,AZD6482,MCF7,
Q9NYL2,MAP3K20,CAL101,MCF7,
Q9NYL2,MAP3K20,GDC0941,MCF7,
Q9NYL2,MAP3K20,HS173,MCF7,
Q9NYL2,MAP3K20,PIK294,MCF7,
Q9NYL2,MAP3K20,TGX221,MCF7,
Q9NYL2,MAP3K20,AZD5438,MCF7,
Q9NYL2,MAP3K20,FRAX486,MCF7,
Q9NYL2,MAP3K20,Ku0063794,MCF7,
Q9NYL2,MAP3K20,PD153035,MCF7,
Q9NYL2,MAP3K20,PF3758309,MCF7,
Q9NYL2,MAP3K20,Torin,MCF7,
Q9NYL2,MAP3K20,Trametinib,MCF7,
Q9NYL2,MAP3K20,AZD1480,MCF7,
Q9NYL2,MAP3K20,AZD5363,MCF7,
Q9NYL2,MAP3K20,BX912,MCF7,
Q9NYL2,MAP3K20,CHIR99021,MCF7,
Q9NYL2,MAP3K20,GSK2334470,MCF7,
Q9NYL2,MAP3K20,Ipatasertib,MCF7,
Q9NYL2,MAP3K20,LY2090314,MCF7,
Q9NYL2,MAP3K20,Tofacitinib,MCF7,
Q9NYL2,MAP3K20,AZD8055,MCF7,
Q9NYL2,MAP3K20,GDC0994,MCF7,
Q9NYL2,MAP3K20,JNK,MCF7,
Q9NYL2,MAP3K20,LY2584702,MCF7,
Q9NYL2,MAP3K20,PH797804,MCF7,
Q9NYL2,MAP3K20,Selumetinib,MCF7,
Q9NYL2,MAP3K20,U73122,MCF7,
Q9NYL2,MAP3K20,Ulixertinib,MCF7,
Q9NYL2,MAP3K20,Amuvatinib,MCF7,
Q9NYL2,MAP3K20,AZD3759,MCF7,
Q9NYL2,MAP3K20,GSK690693,MCF7,
Q9NYL2,MAP3K20,JNJ,MCF7,
Q9NYL2,MAP3K20,KN62,MCF7,
Q9NYL2,MAP3K20,Linsitinib,MCF7,
Q9NYL2,MAP3K20,LY2835219,MCF7,
Q9NYL2,MAP3K20,Ribociclib,MCF7,
Q9NYL2,MAP3K20,AC220,MCF7,
Q9NYL2,MAP3K20,Edelfosine,MCF7,
Q9NYL2,MAP3K20,GF109203X,MCF7,
Q9NYL2,MAP3K20,Go6976,MCF7,
Q9NYL2,MAP3K20,PF4708671,MCF7,
Q9NYL2,MAP3K20,SP600125,MCF7,
Q9NYL2,MAP3K20,TAK715,MCF7,
Q9NYL2,MAP3K20,TBCA,MCF7,
Q9NYL2,MAP3K20,AT13148,MCF7,
Q9NYL2,MAP3K20,AZ20,MCF7,
Q9NYL2,MAP3K20,AZD6738,MCF7,
Q9NYL2,MAP3K20,Bosutinib,MCF7,
Q9NYL2,MAP3K20,Dabrafenib,MCF7,
Q9NYL2,MAP3K20,Dasatinib,MCF7,
Q9NYL2,MAP3K20,DNAPK,MCF7,
Q9NYL2,MAP3K20,H89,MCF7,
Q9NYL2,MAP3K20,KD025,MCF7,
Q9NYL2,MAP3K20,NU7441,MCF7,
Q9NYL2,MAP3K20,Ripasudil,MCF7,
Q9NYL2,MAP3K20,Vemurafenib,MCF7,
Q9NYL2,MAP3K20,CX4945,MCF7,
Q9NYL2,MAP3K20,GO6983,MCF7,
Q9NYL2,MAP3K20,KN93,MCF7,
Q9NYL2,MAP3K20,MK2206,MCF7,
Q7L7X3,TAOK1,AZD6482,MCF7,
Q7L7X3,TAOK1,CAL101,MCF7,
Q7L7X3,TAOK1,GDC0941,MCF7,
Q7L7X3,TAOK1,HS173,MCF7,
Q7L7X3,TAOK1,PIK294,MCF7,
Q7L7X3,TAOK1,TGX221,MCF7,
Q7L7X3,TAOK1,AZD5438,MCF7,
Q7L7X3,TAOK1,FRAX486,MCF7,
Q7L7X3,TAOK1,Ku0063794,MCF7,
Q7L7X3,TAOK1,PD153035,MCF7,
Q7L7X3,TAOK1,PF3758309,MCF7,
Q7L7X3,TAOK1,Torin,MCF7,
Q7L7X3,TAOK1,Trametinib,MCF7,
Q7L7X3,TAOK1,AZD1480,MCF7,
Q7L7X3,TAOK1,AZD5363,MCF7,
Q7L7X3,TAOK1,BX912,MCF7,
Q7L7X3,TAOK1,CHIR99021,MCF7,
Q7L7X3,TAOK1,GSK2334470,MCF7,
Q7L7X3,TAOK1,Ipatasertib,MCF7,
Q7L7X3,TAOK1,LY2090314,MCF7,
Q7L7X3,TAOK1,Tofacitinib,MCF7,
Q7L7X3,TAOK1,AZD8055,MCF7,
Q7L7X3,TAOK1,GDC0994,MCF7,
Q7L7X3,TAOK1,JNK,MCF7,
Q7L7X3,TAOK1,LY2584702,MCF7,
Q7L7X3,TAOK1,PH797804,MCF7,
Q7L7X3,TAOK1,Selumetinib,MCF7,
Q7L7X3,TAOK1,U73122,MCF7,
Q7L7X3,TAOK1,Ulixertinib,MCF7,
Q7L7X3,TAOK1,Amuvatinib,MCF7,
Q7L7X3,TAOK1,AZD3759,MCF7,
Q7L7X3,TAOK1,GSK690693,MCF7,
Q7L7X3,TAOK1,JNJ,MCF7,
Q7L7X3,TAOK1,KN62,MCF7,
Q7L7X3,TAOK1,Linsitinib,MCF7,
Q7L7X3,TAOK1,LY2835219,MCF7,
Q7L7X3,TAOK1,Ribociclib,MCF7,
Q7L7X3,TAOK1,AC220,MCF7,
Q7L7X3,TAOK1,Edelfosine,MCF7,
Q7L7X3,TAOK1,GF109203X,MCF7,
Q7L7X3,TAOK1,Go6976,MCF7,
Q7L7X3,TAOK1,PF4708671,MCF7,
Q7L7X3,TAOK1,SP600125,MCF7,
Q7L7X3,TAOK1,TAK715,MCF7,
Q7L7X3,TAOK1,TBCA,MCF7,
Q7L7X3,TAOK1,AT13148,MCF7,
Q7L7X3,TAOK1,AZ20,MCF7,
Q7L7X3,TAOK1,AZD6738,MCF7,
Q7L7X3,TAOK1,Bosutinib,MCF7,
Q7L7X3,TAOK1,Dabrafenib,MCF7,
Q7L7X3,TAOK1,Dasatinib,MCF7,
Q7L7X3,TAOK1,DNAPK,MCF7,
Q7L7X3,TAOK1,H89,MCF7,
Q7L7X3,TAOK1,KD025,MCF7,
Q7L7X3,TAOK1,NU7441,MCF7,
Q7L7X3,TAOK1,Ripasudil,MCF7,
Q7L7X3,TAOK1,Vemurafenib,MCF7,
Q7L7X3,TAOK1,CX4945,MCF7,
Q7L7X3,TAOK1,GO6983,MCF7,
Q7L7X3,TAOK1,KN93,MCF7,
Q7L7X3,TAOK1,MK2206,MCF7,
P36507,MAP2K2,AZD6482,MCF7,0.300046029795202
P36507,MAP2K2,CAL101,MCF7,-0.8668872452206462
P36507,MAP2K2,GDC0941,MCF7,0.9137112053060693
P36507,MAP2K2,HS173,MCF7,1.8781323608469276
P36507,MAP2K2,PIK294,MCF7,0.3035531124572781
P36507,MAP2K2,TGX221,MCF7,-0.00837798694653933
P36507,MAP2K2,AZD5438,MCF7,1.6565029447475925
P36507,MAP2K2,FRAX486,MCF7,0.936839967545355
P36507,MAP2K2,Ku0063794,MCF7,1.0837344963151023
P36507,MAP2K2,PD153035,MCF7,-2.370652049444057
P36507,MAP2K2,PF3758309,MCF7,-1.7263240601290895
P36507,MAP2K2,Torin,MCF7,0.06709173895639198
P36507,MAP2K2,Trametinib,MCF7,-4.4736772257715325
P36507,MAP2K2,AZD1480,MCF7,-3.0649758128801863
P36507,MAP2K2,AZD5363,MCF7,1.1218011113223698
P36507,MAP2K2,BX912,MCF7,0.565666738288264
P36507,MAP2K2,CHIR99021,MCF7,1.0249837757443818
P36507,MAP2K2,GSK2334470,MCF7,2.326400818089646
P36507,MAP2K2,Ipatasertib,MCF7,2.2005752689227105
P36507,MAP2K2,LY2090314,MCF7,-2.4200905379689512
P36507,MAP2K2,Tofacitinib,MCF7,-0.5718763416359427
P36507,MAP2K2,AZD8055,MCF7,0.3595485085331382
P36507,MAP2K2,GDC0994,MCF7,1.5430200268314416
P36507,MAP2K2,JNK,MCF7,-0.7280151908285692
P36507,MAP2K2,LY2584702,MCF7,-0.20056034306412363
P36507,MAP2K2,PH797804,MCF7,0.002905859490353804
P36507,MAP2K2,Selumetinib,MCF7,-2.6611035765473714
P36507,MAP2K2,U73122,MCF7,0.4093703864118129
P36507,MAP2K2,Ulixertinib,MCF7,4.743824951533034
P36507,MAP2K2,Amuvatinib,MCF7,0.29557632271875467
P36507,MAP2K2,AZD3759,MCF7,-0.781706010349766
P36507,MAP2K2,GSK690693,MCF7,2.8942328869709755
P36507,MAP2K2,JNJ,MCF7,1.3891062928157063
P36507,MAP2K2,KN62,MCF7,0.7543657885636259
P36507,MAP2K2,Linsitinib,MCF7,-0.09330603446384901
P36507,MAP2K2,LY2835219,MCF7,2.1915297402912928
P36507,MAP2K2,Ribociclib,MCF7,0.8817128993775315
P36507,MAP2K2,AC220,MCF7,0.15834055859687132
P36507,MAP2K2,Edelfosine,MCF7,1.2782237240698187
P36507,MAP2K2,GF109203X,MCF7,-1.0320834817817908
P36507,MAP2K2,Go6976,MCF7,-0.17201742867231928
P36507,MAP2K2,PF4708671,MCF7,-0.633494239081316
P36507,MAP2K2,SP600125,MCF7,-0.3219196407610578
P36507,MAP2K2,TAK715,MCF7,-0.11755905211596056
P36507,MAP2K2,TBCA,MCF7,0.17778339723591075
P36507,MAP2K2,AT13148,MCF7,1.7660680978872996
P36507,MAP2K2,AZ20,MCF7,-0.038635539478590636
P36507,MAP2K2,AZD6738,MCF7,3.188972845544273
P36507,MAP2K2,Bosutinib,MCF7,-1.0395408528699492
P36507,MAP2K2,Dabrafenib,MCF7,3.839173874919887
P36507,MAP2K2,Dasatinib,MCF7,1.3132644571096577
P36507,MAP2K2,DNAPK,MCF7,0.6546731736286072
P36507,MAP2K2,H89,MCF7,0.6564587494811276
P36507,MAP2K2,KD025,MCF7,1.4763175428069415
P36507,MAP2K2,NU7441,MCF7,1.3663329885668305
P36507,MAP2K2,Ripasudil,MCF7,0.5886452950264707
P36507,MAP2K2,Vemurafenib,MCF7,1.58436860372086
P36507,MAP2K2,CX4945,MCF7,0.031607607352813635
P36507,MAP2K2,GO6983,MCF7,0.4361273010743582
P36507,MAP2K2,KN93,MCF7,1.9746507779728517
P36507,MAP2K2,MK2206,MCF7,4.722706037446355
Q8N4C8,MINK1,AZD6482,MCF7,
Q8N4C8,MINK1,CAL101,MCF7,
Q8N4C8,MINK1,GDC0941,MCF7,
Q8N4C8,MINK1,HS173,MCF7,
Q8N4C8,MINK1,PIK294,MCF7,
Q8N4C8,MINK1,TGX221,MCF7,
Q8N4C8,MINK1,AZD5438,MCF7,
Q8N4C8,MINK1,FRAX486,MCF7,
Q8N4C8,MINK1,Ku0063794,MCF7,
Q8N4C8,MINK1,PD153035,MCF7,
Q8N4C8,MINK1,PF3758309,MCF7,
Q8N4C8,MINK1,Torin,MCF7,
Q8N4C8,MINK1,Trametinib,MCF7,
Q8N4C8,MINK1,AZD1480,MCF7,
Q8N4C8,MINK1,AZD5363,MCF7,
Q8N4C8,MINK1,BX912,MCF7,
Q8N4C8,MINK1,CHIR99021,MCF7,
Q8N4C8,MINK1,GSK2334470,MCF7,
Q8N4C8,MINK1,Ipatasertib,MCF7,
Q8N4C8,MINK1,LY2090314,MCF7,
Q8N4C8,MINK1,Tofacitinib,MCF7,
Q8N4C8,MINK1,AZD8055,MCF7,
Q8N4C8,MINK1,GDC0994,MCF7,
Q8N4C8,MINK1,JNK,MCF7,
Q8N4C8,MINK1,LY2584702,MCF7,
Q8N4C8,MINK1,PH797804,MCF7,
Q8N4C8,MINK1,Selumetinib,MCF7,
Q8N4C8,MINK1,U73122,MCF7,
Q8N4C8,MINK1,Ulixertinib,MCF7,
Q8N4C8,MINK1,Amuvatinib,MCF7,
Q8N4C8,MINK1,AZD3759,MCF7,
Q8N4C8,MINK1,GSK690693,MCF7,
Q8N4C8,MINK1,JNJ,MCF7,
Q8N4C8,MINK1,KN62,MCF7,
Q8N4C8,MINK1,Linsitinib,MCF7,
Q8N4C8,MINK1,LY2835219,MCF7,
Q8N4C8,MINK1,Ribociclib,MCF7,
Q8N4C8,MINK1,AC220,MCF7,
Q8N4C8,MINK1,Edelfosine,MCF7,
Q8N4C8,MINK1,GF109203X,MCF7,
Q8N4C8,MINK1,Go6976,MCF7,
Q8N4C8,MINK1,PF4708671,MCF7,
Q8N4C8,MINK1,SP600125,MCF7,
Q8N4C8,MINK1,TAK715,MCF7,
Q8N4C8,MINK1,TBCA,MCF7,
Q8N4C8,MINK1,AT13148,MCF7,
Q8N4C8,MINK1,AZ20,MCF7,
Q8N4C8,MINK1,AZD6738,MCF7,
Q8N4C8,MINK1,Bosutinib,MCF7,
Q8N4C8,MINK1,Dabrafenib,MCF7,
Q8N4C8,MINK1,Dasatinib,MCF7,
Q8N4C8,MINK1,DNAPK,MCF7,
Q8N4C8,MINK1,H89,MCF7,
Q8N4C8,MINK1,KD025,MCF7,
Q8N4C8,MINK1,NU7441,MCF7,
Q8N4C8,MINK1,Ripasudil,MCF7,
Q8N4C8,MINK1,Vemurafenib,MCF7,
Q8N4C8,MINK1,CX4945,MCF7,
Q8N4C8,MINK1,GO6983,MCF7,
Q8N4C8,MINK1,KN93,MCF7,
Q8N4C8,MINK1,MK2206,MCF7,
Q13131,PRKAA1,AZD6482,MCF7,-1.9782834649378838
Q13131,PRKAA1,CAL101,MCF7,0.04061638083158548
Q13131,PRKAA1,GDC0941,MCF7,-1.5112108652031708
Q13131,PRKAA1,HS173,MCF7,-0.6017758235993969
Q13131,PRKAA1,PIK294,MCF7,0.12222230060860417
Q13131,PRKAA1,TGX221,MCF7,-0.1323465293398309
Q13131,PRKAA1,AZD5438,MCF7,0.5716996081818236
Q13131,PRKAA1,FRAX486,MCF7,-1.2797331517603745
Q13131,PRKAA1,Ku0063794,MCF7,-0.7344076968843459
Q13131,PRKAA1,PD153035,MCF7,0.27231223984554226
Q13131,PRKAA1,PF3758309,MCF7,-3.7579224717689854
Q13131,PRKAA1,Torin,MCF7,-0.39009607890098946
Q13131,PRKAA1,Trametinib,MCF7,-0.011724781243995973
Q13131,PRKAA1,AZD1480,MCF7,-1.5322721020189176
Q13131,PRKAA1,AZD5363,MCF7,-1.643314759954008
Q13131,PRKAA1,BX912,MCF7,-1.1855579736400725
Q13131,PRKAA1,CHIR99021,MCF7,-1.0675785787302676
Q13131,PRKAA1,GSK2334470,MCF7,-0.801086928671847
Q13131,PRKAA1,Ipatasertib,MCF7,0.5983756516952906
Q13131,PRKAA1,LY2090314,MCF7,0.20748438718138199
Q13131,PRKAA1,Tofacitinib,MCF7,-0.6350643150831469
Q13131,PRKAA1,AZD8055,MCF7,-0.23845843771520325
Q13131,PRKAA1,GDC0994,MCF7,1.3055084796070189
Q13131,PRKAA1,JNK,MCF7,1.7827360229415843
Q13131,PRKAA1,LY2584702,MCF7,0.6911985933893517
Q13131,PRKAA1,PH797804,MCF7,0.14044263972628512
Q13131,PRKAA1,Selumetinib,MCF7,1.1877665298429698
Q13131,PRKAA1,U73122,MCF7,1.5547933170508144
Q13131,PRKAA1,Ulixertinib,MCF7,0.21576762681331002
Q13131,PRKAA1,Amuvatinib,MCF7,1.553652659230115
Q13131,PRKAA1,AZD3759,MCF7,0.33917536099185064
Q13131,PRKAA1,GSK690693,MCF7,-0.7285794306753884
Q13131,PRKAA1,JNJ,MCF7,0.5310278463237462
Q13131,PRKAA1,KN62,MCF7,1.647212938897977
Q13131,PRKAA1,Linsitinib,MCF7,0.45934588723933306
Q13131,PRKAA1,LY2835219,MCF7,1.1319591740979735
Q13131,PRKAA1,Ribociclib,MCF7,1.954814747609037
Q13131,PRKAA1,AC220,MCF7,1.7677571690107092
Q13131,PRKAA1,Edelfosine,MCF7,2.039486277263045
Q13131,PRKAA1,GF109203X,MCF7,-0.021586035186516587
Q13131,PRKAA1,Go6976,MCF7,-0.01712420449818787
Q13131,PRKAA1,PF4708671,MCF7,-0.7174876688145603
Q13131,PRKAA1,SP600125,MCF7,0.693395765057363
Q13131,PRKAA1,TAK715,MCF7,0.5682116131941446
Q13131,PRKAA1,TBCA,MCF7,1.047794608156659
Q13131,PRKAA1,AT13148,MCF7,-0.2717894980666996
Q13131,PRKAA1,AZ20,MCF7,0.2659894445946473
Q13131,PRKAA1,AZD6738,MCF7,-0.4240309726639334
Q13131,PRKAA1,Bosutinib,MCF7,0.22229939015694694
Q13131,PRKAA1,Dabrafenib,MCF7,1.224283640875127
Q13131,PRKAA1,Dasatinib,MCF7,0.6183184779397514
Q13131,PRKAA1,DNAPK,MCF7,-1.1625139895576955
Q13131,PRKAA1,H89,MCF7,-0.4275093280628235
Q13131,PRKAA1,KD025,MCF7,0.4726163806983455
Q13131,PRKAA1,NU7441,MCF7,0.739521454756687
Q13131,PRKAA1,Ripasudil,MCF7,0.6278628893184509
Q13131,PRKAA1,Vemurafenib,MCF7,0.6255108015590515
Q13131,PRKAA1,CX4945,MCF7,0.18904640458688557
Q13131,PRKAA1,GO6983,MCF7,-0.2215665375952547
Q13131,PRKAA1,KN93,MCF7,0.22651990577398395
Q13131,PRKAA1,MK2206,MCF7,-0.5216958809562131
Q9NYV4,CDK12,AZD6482,MCF7,0.23822142257635764
Q9NYV4,CDK12,CAL101,MCF7,0.5255753789212758
Q9NYV4,CDK12,GDC0941,MCF7,0.3610081412668729
Q9NYV4,CDK12,HS173,MCF7,1.045838096844567
Q9NYV4,CDK12,PIK294,MCF7,1.397063964789674
Q9NYV4,CDK12,TGX221,MCF7,0.29961011834697626
Q9NYV4,CDK12,AZD5438,MCF7,-1.274511513341863
Q9NYV4,CDK12,FRAX486,MCF7,-1.2311658296805854
Q9NYV4,CDK12,Ku0063794,MCF7,0.18143844393130443
Q9NYV4,CDK12,PD153035,MCF7,0.23689191375141389
Q9NYV4,CDK12,PF3758309,MCF7,-1.3328114915571478
Q9NYV4,CDK12,Torin,MCF7,0.04064489128425465
Q9NYV4,CDK12,Trametinib,MCF7,0.02670573417089205
Q9NYV4,CDK12,AZD1480,MCF7,0.46410358939382346
Q9NYV4,CDK12,AZD5363,MCF7,0.5358778641298803
Q9NYV4,CDK12,BX912,MCF7,1.5143365678639293
Q9NYV4,CDK12,CHIR99021,MCF7,1.4216005840669224
Q9NYV4,CDK12,GSK2334470,MCF7,1.612441687809485
Q9NYV4,CDK12,Ipatasertib,MCF7,1.478960021413283
Q9NYV4,CDK12,LY2090314,MCF7,1.095860037924243
Q9NYV4,CDK12,Tofacitinib,MCF7,0.18416732768232424
Q9NYV4,CDK12,AZD8055,MCF7,2.4022786423689957
Q9NYV4,CDK12,GDC0994,MCF7,1.2294263282507434
Q9NYV4,CDK12,JNK,MCF7,2.1512682665051845
Q9NYV4,CDK12,LY2584702,MCF7,2.013423544850011
Q9NYV4,CDK12,PH797804,MCF7,0.9291556911877179
Q9NYV4,CDK12,Selumetinib,MCF7,0.9393748317455161
Q9NYV4,CDK12,U73122,MCF7,3.595402143267536
Q9NYV4,CDK12,Ulixertinib,MCF7,0.0479421259224243
Q9NYV4,CDK12,Amuvatinib,MCF7,0.7902808851466464
Q9NYV4,CDK12,AZD3759,MCF7,0.766663646762549
Q9NYV4,CDK12,GSK690693,MCF7,1.1427692960786535
Q9NYV4,CDK12,JNJ,MCF7,0.21720433725034188
Q9NYV4,CDK12,KN62,MCF7,-0.3806155725728484
Q9NYV4,CDK12,Linsitinib,MCF7,0.2953022986564252
Q9NYV4,CDK12,LY2835219,MCF7,-0.37452780084848175
Q9NYV4,CDK12,Ribociclib,MCF7,-0.9576568982372823
Q9NYV4,CDK12,AC220,MCF7,0.097687481794511
Q9NYV4,CDK12,Edelfosine,MCF7,0.5390078702693305
Q9NYV4,CDK12,GF109203X,MCF7,0.14574887599142133
Q9NYV4,CDK12,Go6976,MCF7,0.6784884850961824
Q9NYV4,CDK12,PF4708671,MCF7,0.03630406537818014
Q9NYV4,CDK12,SP600125,MCF7,-0.8285436532106413
Q9NYV4,CDK12,TAK715,MCF7,-0.2766185150007488
Q9NYV4,CDK12,TBCA,MCF7,0.47589884693768614
Q9NYV4,CDK12,AT13148,MCF7,0.7146423169231523
Q9NYV4,CDK12,AZ20,MCF7,0.2335700993716908
Q9NYV4,CDK12,AZD6738,MCF7,-0.16029389988721346
Q9NYV4,CDK12,Bosutinib,MCF7,-0.11450163362580502
Q9NYV4,CDK12,Dabrafenib,MCF7,0.39350420134437625
Q9NYV4,CDK12,Dasatinib,MCF7,-0.4360777478677618
Q9NYV4,CDK12,DNAPK,MCF7,-0.3899609123797441
Q9NYV4,CDK12,H89,MCF7,-0.1122645992833566
Q9NYV4,CDK12,KD025,MCF7,-0.8825998478618824
Q9NYV4,CDK12,NU7441,MCF7,0.16291333189670235
Q9NYV4,CDK12,Ripasudil,MCF7,-0.12785959245996645
Q9NYV4,CDK12,Vemurafenib,MCF7,0.17875160625621356
Q9NYV4,CDK12,CX4945,MCF7,-0.08349506981656275
Q9NYV4,CDK12,GO6983,MCF7,0.22091160112695865
Q9NYV4,CDK12,KN93,MCF7,0.5053215841370214
Q9NYV4,CDK12,MK2206,MCF7,-0.6840783649304919
Q9Y4A5,TRRAP,AZD6482,MCF7,
Q9Y4A5,TRRAP,CAL101,MCF7,
Q9Y4A5,TRRAP,GDC0941,MCF7,
Q9Y4A5,TRRAP,HS173,MCF7,
Q9Y4A5,TRRAP,PIK294,MCF7,
Q9Y4A5,TRRAP,TGX221,MCF7,
Q9Y4A5,TRRAP,AZD5438,MCF7,
Q9Y4A5,TRRAP,FRAX486,MCF7,
Q9Y4A5,TRRAP,Ku0063794,MCF7,
Q9Y4A5,TRRAP,PD153035,MCF7,
Q9Y4A5,TRRAP,PF3758309,MCF7,
Q9Y4A5,TRRAP,Torin,MCF7,
Q9Y4A5,TRRAP,Trametinib,MCF7,
Q9Y4A5,TRRAP,AZD1480,MCF7,
Q9Y4A5,TRRAP,AZD5363,MCF7,
Q9Y4A5,TRRAP,BX912,MCF7,
Q9Y4A5,TRRAP,CHIR99021,MCF7,
Q9Y4A5,TRRAP,GSK2334470,MCF7,
Q9Y4A5,TRRAP,Ipatasertib,MCF7,
Q9Y4A5,TRRAP,LY2090314,MCF7,
Q9Y4A5,TRRAP,Tofacitinib,MCF7,
Q9Y4A5,TRRAP,AZD8055,MCF7,
Q9Y4A5,TRRAP,GDC0994,MCF7,
Q9Y4A5,TRRAP,JNK,MCF7,
Q9Y4A5,TRRAP,LY2584702,MCF7,
Q9Y4A5,TRRAP,PH797804,MCF7,
Q9Y4A5,TRRAP,Selumetinib,MCF7,
Q9Y4A5,TRRAP,U73122,MCF7,
Q9Y4A5,TRRAP,Ulixertinib,MCF7,
Q9Y4A5,TRRAP,Amuvatinib,MCF7,
Q9Y4A5,TRRAP,AZD3759,MCF7,
Q9Y4A5,TRRAP,GSK690693,MCF7,
Q9Y4A5,TRRAP,JNJ,MCF7,
Q9Y4A5,TRRAP,KN62,MCF7,
Q9Y4A5,TRRAP,Linsitinib,MCF7,
Q9Y4A5,TRRAP,LY2835219,MCF7,
Q9Y4A5,TRRAP,Ribociclib,MCF7,
Q9Y4A5,TRRAP,AC220,MCF7,
Q9Y4A5,TRRAP,Edelfosine,MCF7,
Q9Y4A5,TRRAP,GF109203X,MCF7,
Q9Y4A5,TRRAP,Go6976,MCF7,
Q9Y4A5,TRRAP,PF4708671,MCF7,
Q9Y4A5,TRRAP,SP600125,MCF7,
Q9Y4A5,TRRAP,TAK715,MCF7,
Q9Y4A5,TRRAP,TBCA,MCF7,
Q9Y4A5,TRRAP,AT13148,MCF7,
Q9Y4A5,TRRAP,AZ20,MCF7,
Q9Y4A5,TRRAP,AZD6738,MCF7,
Q9Y4A5,TRRAP,Bosutinib,MCF7,
Q9Y4A5,TRRAP,Dabrafenib,MCF7,
Q9Y4A5,TRRAP,Dasatinib,MCF7,
Q9Y4A5,TRRAP,DNAPK,MCF7,
Q9Y4A5,TRRAP,H89,MCF7,
Q9Y4A5,TRRAP,KD025,MCF7,
Q9Y4A5,TRRAP,NU7441,MCF7,
Q9Y4A5,TRRAP,Ripasudil,MCF7,
Q9Y4A5,TRRAP,Vemurafenib,MCF7,
Q9Y4A5,TRRAP,CX4945,MCF7,
Q9Y4A5,TRRAP,GO6983,MCF7,
Q9Y4A5,TRRAP,KN93,MCF7,
Q9Y4A5,TRRAP,MK2206,MCF7,
Q9UL54,TAOK2,AZD6482,MCF7,-0.42223645666779364
Q9UL54,TAOK2,CAL101,MCF7,-0.5748804118082167
Q9UL54,TAOK2,GDC0941,MCF7,-2.398945640389459
Q9UL54,TAOK2,HS173,MCF7,-1.343498642757425
Q9UL54,TAOK2,PIK294,MCF7,-0.5522751602768128
Q9UL54,TAOK2,TGX221,MCF7,-0.2127755936312998
Q9UL54,TAOK2,AZD5438,MCF7,-0.25322985870708187
Q9UL54,TAOK2,FRAX486,MCF7,-0.35484019361528246
Q9UL54,TAOK2,Ku0063794,MCF7,-2.4890298336120886
Q9UL54,TAOK2,PD153035,MCF7,-0.2188214561564274
Q9UL54,TAOK2,PF3758309,MCF7,0.5635795554159271
Q9UL54,TAOK2,Torin,MCF7,-2.66785576058413
Q9UL54,TAOK2,Trametinib,MCF7,-0.1420988638623467
Q9UL54,TAOK2,AZD1480,MCF7,0.9471677441429962
Q9UL54,TAOK2,AZD5363,MCF7,0.9651766098735357
Q9UL54,TAOK2,BX912,MCF7,0.012455967323026217
Q9UL54,TAOK2,CHIR99021,MCF7,0.34985627936471064
Q9UL54,TAOK2,GSK2334470,MCF7,-0.45301463144089793
Q9UL54,TAOK2,Ipatasertib,MCF7,0.8480714630784664
Q9UL54,TAOK2,LY2090314,MCF7,0.5370480581161541
Q9UL54,TAOK2,Tofacitinib,MCF7,0.3404719771591067
Q9UL54,TAOK2,AZD8055,MCF7,-2.6390281440797105
Q9UL54,TAOK2,GDC0994,MCF7,-0.6641727662162433
Q9UL54,TAOK2,JNK,MCF7,-0.34501146389864856
Q9UL54,TAOK2,LY2584702,MCF7,-1.0882471376027452
Q9UL54,TAOK2,PH797804,MCF7,-0.2889112654001761
Q9UL54,TAOK2,Selumetinib,MCF7,0.11944801155576572
Q9UL54,TAOK2,U73122,MCF7,-0.29859503544112276
Q9UL54,TAOK2,Ulixertinib,MCF7,-0.16756006807439955
Q9UL54,TAOK2,Amuvatinib,MCF7,0.4870624672873367
Q9UL54,TAOK2,AZD3759,MCF7,0.7304115711087655
Q9UL54,TAOK2,GSK690693,MCF7,0.44189738159522335
Q9UL54,TAOK2,JNJ,MCF7,0.46699592064481127
Q9UL54,TAOK2,KN62,MCF7,0.2764626638587078
Q9UL54,TAOK2,Linsitinib,MCF7,0.7759664629076729
Q9UL54,TAOK2,LY2835219,MCF7,0.454290698754078
Q9UL54,TAOK2,Ribociclib,MCF7,0.21884406934775963
Q9UL54,TAOK2,AC220,MCF7,0.32023314301709843
Q9UL54,TAOK2,Edelfosine,MCF7,-0.5870436091730747
Q9UL54,TAOK2,GF109203X,MCF7,0.6542762863822119
Q9UL54,TAOK2,Go6976,MCF7,-1.093252435038104
Q9UL54,TAOK2,PF4708671,MCF7,0.08379452251883952
Q9UL54,TAOK2,SP600125,MCF7,0.3770575320136871
Q9UL54,TAOK2,TAK715,MCF7,0.9055755255282478
Q9UL54,TAOK2,TBCA,MCF7,0.024030617833344516
Q9UL54,TAOK2,AT13148,MCF7,0.09988544476044509
Q9UL54,TAOK2,AZ20,MCF7,-1.3560563980550677
Q9UL54,TAOK2,AZD6738,MCF7,-0.1419610955829281
Q9UL54,TAOK2,Bosutinib,MCF7,-3.0760157456399995
Q9UL54,TAOK2,Dabrafenib,MCF7,0.11048175179219431
Q9UL54,TAOK2,Dasatinib,MCF7,-0.20237440346261343
Q9UL54,TAOK2,DNAPK,MCF7,-0.5554907214888708
Q9UL54,TAOK2,H89,MCF7,-0.4595957409292937
Q9UL54,TAOK2,KD025,MCF7,-0.13515514678753768
Q9UL54,TAOK2,NU7441,MCF7,-0.20659670517230264
Q9UL54,TAOK2,Ripasudil,MCF7,-0.08240885148438296
Q9UL54,TAOK2,Vemurafenib,MCF7,-0.008230486717530966
Q9UL54,TAOK2,CX4945,MCF7,0.6221140401782197
Q9UL54,TAOK2,GO6983,MCF7,0.5494125955535609
Q9UL54,TAOK2,KN93,MCF7,0.7586208432849241
Q9UL54,TAOK2,MK2206,MCF7,0.7699043783456828
Q96GX5,MASTL,AZD6482,MCF7,-0.0962551890860482
Q96GX5,MASTL,CAL101,MCF7,-0.22184108016193704
Q96GX5,MASTL,GDC0941,MCF7,0.35173281422201363
Q96GX5,MASTL,HS173,MCF7,-0.004281238664982715
Q96GX5,MASTL,PIK294,MCF7,0.16828109445317105
Q96GX5,MASTL,TGX221,MCF7,0.3506116611148165
Q96GX5,MASTL,AZD5438,MCF7,0.2190427598967557
Q96GX5,MASTL,FRAX486,MCF7,0.15703547612784968
Q96GX5,MASTL,Ku0063794,MCF7,-0.4213539942238378
Q96GX5,MASTL,PD153035,MCF7,0.24926220146884692
Q96GX5,MASTL,PF3758309,MCF7,0.1646438724366582
Q96GX5,MASTL,Torin,MCF7,-0.05705626409155335
Q96GX5,MASTL,Trametinib,MCF7,0.5285514031649656
Q96GX5,MASTL,AZD1480,MCF7,0.25512179758232545
Q96GX5,MASTL,AZD5363,MCF7,-0.7303541330153651
Q96GX5,MASTL,BX912,MCF7,0.03950869871921322
Q96GX5,MASTL,CHIR99021,MCF7,0.19088649994176707
Q96GX5,MASTL,GSK2334470,MCF7,-0.569365539210235
Q96GX5,MASTL,Ipatasertib,MCF7,-0.4203548119291517
Q96GX5,MASTL,LY2090314,MCF7,0.41193262732477764
Q96GX5,MASTL,Tofacitinib,MCF7,0.3577278560741325
Q96GX5,MASTL,AZD8055,MCF7,-0.06133738977972685
Q96GX5,MASTL,GDC0994,MCF7,0.3087959895891411
Q96GX5,MASTL,JNK,MCF7,0.20959786486573648
Q96GX5,MASTL,LY2584702,MCF7,0.3702821171598939
Q96GX5,MASTL,PH797804,MCF7,0.6031487357197377
Q96GX5,MASTL,Selumetinib,MCF7,0.6454708417155159
Q96GX5,MASTL,U73122,MCF7,0.43441063192715323
Q96GX5,MASTL,Ulixertinib,MCF7,0.04604310820896774
Q96GX5,MASTL,Amuvatinib,MCF7,1.3242663758055488
Q96GX5,MASTL,AZD3759,MCF7,1.0480974427650005
Q96GX5,MASTL,GSK690693,MCF7,0.609367864837727
Q96GX5,MASTL,JNJ,MCF7,1.047592116727523
Q96GX5,MASTL,KN62,MCF7,1.1635419674827925
Q96GX5,MASTL,Linsitinib,MCF7,1.2103820739501987
Q96GX5,MASTL,LY2835219,MCF7,1.1591899263115215
Q96GX5,MASTL,Ribociclib,MCF7,1.109310999115108
Q96GX5,MASTL,AC220,MCF7,0.19770212115501137
Q96GX5,MASTL,Edelfosine,MCF7,-0.13706541289789914
Q96GX5,MASTL,GF109203X,MCF7,0.725787627028123
Q96GX5,MASTL,Go6976,MCF7,0.360657992980973
Q96GX5,MASTL,PF4708671,MCF7,0.3278840111870148
Q96GX5,MASTL,SP600125,MCF7,0.49364111220557616
Q96GX5,MASTL,TAK715,MCF7,0.34008006355020126
Q96GX5,MASTL,TBCA,MCF7,0.29598282029218037
Q96GX5,MASTL,AT13148,MCF7,-0.5079891856852353
Q96GX5,MASTL,AZ20,MCF7,-0.4349271854254427
Q96GX5,MASTL,AZD6738,MCF7,-0.3905198249100274
Q96GX5,MASTL,Bosutinib,MCF7,0.037634141398420154
Q96GX5,MASTL,Dabrafenib,MCF7,-0.6273451262741939
Q96GX5,MASTL,Dasatinib,MCF7,0.05884051656867058
Q96GX5,MASTL,DNAPK,MCF7,-0.17253266891102279
Q96GX5,MASTL,H89,MCF7,-0.2853288524498039
Q96GX5,MASTL,KD025,MCF7,-0.06835115590647577
Q96GX5,MASTL,NU7441,MCF7,0.18043771419918406
Q96GX5,MASTL,Ripasudil,MCF7,-0.5144763723431939
Q96GX5,MASTL,Vemurafenib,MCF7,-0.29049230752206173
Q96GX5,MASTL,CX4945,MCF7,0.3702678625584972
Q96GX5,MASTL,GO6983,MCF7,0.9606427760139523
Q96GX5,MASTL,KN93,MCF7,0.4888669316587939
Q96GX5,MASTL,MK2206,MCF7,0.1844773032318323
Q16512,PKN1,AZD6482,MCF7,0.8133989888463627
Q16512,PKN1,CAL101,MCF7,1.2729427617843823
Q16512,PKN1,GDC0941,MCF7,-1.0287319603807044
Q16512,PKN1,HS173,MCF7,0.022601125731178843
Q16512,PKN1,PIK294,MCF7,1.1507136518322723
Q16512,PKN1,TGX221,MCF7,0.024970414369093207
Q16512,PKN1,AZD5438,MCF7,1.132946305415129
Q16512,PKN1,FRAX486,MCF7,2.172022840394349
Q16512,PKN1,Ku0063794,MCF7,0.6368459088847673
Q16512,PKN1,PD153035,MCF7,2.2476925309554994
Q16512,PKN1,PF3758309,MCF7,1.9659855383699334
Q16512,PKN1,Torin,MCF7,1.0724469026203691
Q16512,PKN1,Trametinib,MCF7,0.4214961849123961
Q16512,PKN1,AZD1480,MCF7,-1.3361337812399119
Q16512,PKN1,AZD5363,MCF7,-0.5725461754307563
Q16512,PKN1,BX912,MCF7,-1.1556757360271432
Q16512,PKN1,CHIR99021,MCF7,-1.323477258978681
Q16512,PKN1,GSK2334470,MCF7,-1.8482422007404544
Q16512,PKN1,Ipatasertib,MCF7,0.007501831018456515
Q16512,PKN1,LY2090314,MCF7,0.5020583229722417
Q16512,PKN1,Tofacitinib,MCF7,-0.7507584155785334
Q16512,PKN1,AZD8055,MCF7,-0.3304545531165332
Q16512,PKN1,GDC0994,MCF7,0.013002800092745726
Q16512,PKN1,JNK,MCF7,-1.2815751851182753
Q16512,PKN1,LY2584702,MCF7,0.029818320752506393
Q16512,PKN1,PH797804,MCF7,0.09632174994717042
Q16512,PKN1,Selumetinib,MCF7,-1.2144416061905694
Q16512,PKN1,U73122,MCF7,0.5574734343661227
Q16512,PKN1,Ulixertinib,MCF7,-1.9933929372553527
Q16512,PKN1,Amuvatinib,MCF7,-1.5479949515496862
Q16512,PKN1,AZD3759,MCF7,-1.834628595333843
Q16512,PKN1,GSK690693,MCF7,-2.363056136146427
Q16512,PKN1,JNJ,MCF7,-1.7629935644351011
Q16512,PKN1,KN62,MCF7,1.0716216425642533
Q16512,PKN1,Linsitinib,MCF7,-0.18456573932667206
Q16512,PKN1,LY2835219,MCF7,0.07956406811089776
Q16512,PKN1,Ribociclib,MCF7,-1.7494955887736832
Q16512,PKN1,AC220,MCF7,1.5772814439772287
Q16512,PKN1,Edelfosine,MCF7,1.1974901038471704
Q16512,PKN1,GF109203X,MCF7,0.042640302414269145
Q16512,PKN1,Go6976,MCF7,1.493044313946446
Q16512,PKN1,PF4708671,MCF7,-0.0706998412820342
Q16512,PKN1,SP600125,MCF7,0.9487808481585939
Q16512,PKN1,TAK715,MCF7,1.3665897459623166
Q16512,PKN1,TBCA,MCF7,3.701657017987702
Q16512,PKN1,AT13148,MCF7,-1.1519204996230374
Q16512,PKN1,AZ20,MCF7,1.2671116910060076
Q16512,PKN1,AZD6738,MCF7,0.9171175165858003
Q16512,PKN1,Bosutinib,MCF7,2.877311435425853
Q16512,PKN1,Dabrafenib,MCF7,-0.8660652292141833
Q16512,PKN1,Dasatinib,MCF7,2.039618383312265
Q16512,PKN1,DNAPK,MCF7,2.3806854430234585
Q16512,PKN1,H89,MCF7,0.5982881640001281
Q16512,PKN1,KD025,MCF7,0.526306379478322
Q16512,PKN1,NU7441,MCF7,-0.07084314525106085
Q16512,PKN1,Ripasudil,MCF7,1.3855194183218755
Q16512,PKN1,Vemurafenib,MCF7,0.6007205467330435
Q16512,PKN1,CX4945,MCF7,-1.1626969417471358
Q16512,PKN1,GO6983,MCF7,-3.417279872249378
Q16512,PKN1,KN93,MCF7,-0.7468473860993874
Q16512,PKN1,MK2206,MCF7,-0.507222250235546
O43683,BUB1,AZD6482,MCF7,-0.4221295866935383
O43683,BUB1,CAL101,MCF7,-2.395443539722953
O43683,BUB1,GDC0941,MCF7,-0.60974627079266
O43683,BUB1,HS173,MCF7,0.21167806257607005
O43683,BUB1,PIK294,MCF7,-2.2724490324841145
O43683,BUB1,TGX221,MCF7,-1.3346629598653332
O43683,BUB1,AZD5438,MCF7,-0.6729672759777771
O43683,BUB1,FRAX486,MCF7,0.3859717470336874
O43683,BUB1,Ku0063794,MCF7,-0.7136162479937044
O43683,BUB1,PD153035,MCF7,-0.8054942663862035
O43683,BUB1,PF3758309,MCF7,-0.14635875469399268
O43683,BUB1,Torin,MCF7,-0.07261866332423442
O43683,BUB1,Trametinib,MCF7,-0.11787104474527915
O43683,BUB1,AZD1480,MCF7,0.45908805643018097
O43683,BUB1,AZD5363,MCF7,-1.032816350894828
O43683,BUB1,BX912,MCF7,-1.3634312099880483
O43683,BUB1,CHIR99021,MCF7,-1.531683863835588
O43683,BUB1,GSK2334470,MCF7,-0.979139668773195
O43683,BUB1,Ipatasertib,MCF7,-1.0852946770211784
O43683,BUB1,LY2090314,MCF7,-0.5756423346994787
O43683,BUB1,Tofacitinib,MCF7,-3.71260115056491
O43683,BUB1,AZD8055,MCF7,-1.1292279923088435
O43683,BUB1,GDC0994,MCF7,-0.7673222488108782
O43683,BUB1,JNK,MCF7,-0.9826545270900211
O43683,BUB1,LY2584702,MCF7,-1.5741788586944636
O43683,BUB1,PH797804,MCF7,-0.596182950470219
O43683,BUB1,Selumetinib,MCF7,-1.016261937588751
O43683,BUB1,U73122,MCF7,-1.239271925841912
O43683,BUB1,Ulixertinib,MCF7,-0.44482699889593064
O43683,BUB1,Amuvatinib,MCF7,-0.9492428668650973
O43683,BUB1,AZD3759,MCF7,-3.592034505774668
O43683,BUB1,GSK690693,MCF7,-2.106020687737308
O43683,BUB1,JNJ,MCF7,-1.4863664349656966
O43683,BUB1,KN62,MCF7,-3.4906288982334583
O43683,BUB1,Linsitinib,MCF7,-2.192175451943426
O43683,BUB1,LY2835219,MCF7,-1.476755269534471
O43683,BUB1,Ribociclib,MCF7,-1.3635619507643224
O43683,BUB1,AC220,MCF7,-1.0724851207978743
O43683,BUB1,Edelfosine,MCF7,-1.3835589817298188
O43683,BUB1,GF109203X,MCF7,-3.205939359953819
O43683,BUB1,Go6976,MCF7,-2.3849273951915793
O43683,BUB1,PF4708671,MCF7,-3.4626659739299095
O43683,BUB1,SP600125,MCF7,-2.013251115338852
O43683,BUB1,TAK715,MCF7,-1.6864169272152323
O43683,BUB1,TBCA,MCF7,-3.4214560454167584
O43683,BUB1,AT13148,MCF7,-3.8083035977172273
O43683,BUB1,AZ20,MCF7,-0.7416033563019657
O43683,BUB1,AZD6738,MCF7,-0.8137067889331209
O43683,BUB1,Bosutinib,MCF7,-1.3334427441267789
O43683,BUB1,Dabrafenib,MCF7,-0.8652151321857559
O43683,BUB1,Dasatinib,MCF7,-2.2130743256776917
O43683,BUB1,DNAPK,MCF7,-1.1998850463635204
O43683,BUB1,H89,MCF7,-3.052877713681366
O43683,BUB1,KD025,MCF7,-2.302119341059552
O43683,BUB1,NU7441,MCF7,-0.6654890494264978
O43683,BUB1,Ripasudil,MCF7,-0.6642367249677136
O43683,BUB1,Vemurafenib,MCF7,-1.5210001644126796
O43683,BUB1,CX4945,MCF7,0.44028194926460335
O43683,BUB1,GO6983,MCF7,-0.5607871583560204
O43683,BUB1,KN93,MCF7,-0.1674335738243165
O43683,BUB1,MK2206,MCF7,-0.45791170410253346
Q9P2K8,EIF2AK4,AZD6482,MCF7,
Q9P2K8,EIF2AK4,CAL101,MCF7,
Q9P2K8,EIF2AK4,GDC0941,MCF7,
Q9P2K8,EIF2AK4,HS173,MCF7,
Q9P2K8,EIF2AK4,PIK294,MCF7,
Q9P2K8,EIF2AK4,TGX221,MCF7,
Q9P2K8,EIF2AK4,AZD5438,MCF7,
Q9P2K8,EIF2AK4,FRAX486,MCF7,
Q9P2K8,EIF2AK4,Ku0063794,MCF7,
Q9P2K8,EIF2AK4,PD153035,MCF7,
Q9P2K8,EIF2AK4,PF3758309,MCF7,
Q9P2K8,EIF2AK4,Torin,MCF7,
Q9P2K8,EIF2AK4,Trametinib,MCF7,
Q9P2K8,EIF2AK4,AZD1480,MCF7,
Q9P2K8,EIF2AK4,AZD5363,MCF7,
Q9P2K8,EIF2AK4,BX912,MCF7,
Q9P2K8,EIF2AK4,CHIR99021,MCF7,
Q9P2K8,EIF2AK4,GSK2334470,MCF7,
Q9P2K8,EIF2AK4,Ipatasertib,MCF7,
Q9P2K8,EIF2AK4,LY2090314,MCF7,
Q9P2K8,EIF2AK4,Tofacitinib,MCF7,
Q9P2K8,EIF2AK4,AZD8055,MCF7,
Q9P2K8,EIF2AK4,GDC0994,MCF7,
Q9P2K8,EIF2AK4,JNK,MCF7,
Q9P2K8,EIF2AK4,LY2584702,MCF7,
Q9P2K8,EIF2AK4,PH797804,MCF7,
Q9P2K8,EIF2AK4,Selumetinib,MCF7,
Q9P2K8,EIF2AK4,U73122,MCF7,
Q9P2K8,EIF2AK4,Ulixertinib,MCF7,
Q9P2K8,EIF2AK4,Amuvatinib,MCF7,
Q9P2K8,EIF2AK4,AZD3759,MCF7,
Q9P2K8,EIF2AK4,GSK690693,MCF7,
Q9P2K8,EIF2AK4,JNJ,MCF7,
Q9P2K8,EIF2AK4,KN62,MCF7,
Q9P2K8,EIF2AK4,Linsitinib,MCF7,
Q9P2K8,EIF2AK4,LY2835219,MCF7,
Q9P2K8,EIF2AK4,Ribociclib,MCF7,
Q9P2K8,EIF2AK4,AC220,MCF7,
Q9P2K8,EIF2AK4,Edelfosine,MCF7,
Q9P2K8,EIF2AK4,GF109203X,MCF7,
Q9P2K8,EIF2AK4,Go6976,MCF7,
Q9P2K8,EIF2AK4,PF4708671,MCF7,
Q9P2K8,EIF2AK4,SP600125,MCF7,
Q9P2K8,EIF2AK4,TAK715,MCF7,
Q9P2K8,EIF2AK4,TBCA,MCF7,
Q9P2K8,EIF2AK4,AT13148,MCF7,
Q9P2K8,EIF2AK4,AZ20,MCF7,
Q9P2K8,EIF2AK4,AZD6738,MCF7,
Q9P2K8,EIF2AK4,Bosutinib,MCF7,
Q9P2K8,EIF2AK4,Dabrafenib,MCF7,
Q9P2K8,EIF2AK4,Dasatinib,MCF7,
Q9P2K8,EIF2AK4,DNAPK,MCF7,
Q9P2K8,EIF2AK4,H89,MCF7,
Q9P2K8,EIF2AK4,KD025,MCF7,
Q9P2K8,EIF2AK4,NU7441,MCF7,
Q9P2K8,EIF2AK4,Ripasudil,MCF7,
Q9P2K8,EIF2AK4,Vemurafenib,MCF7,
Q9P2K8,EIF2AK4,CX4945,MCF7,
Q9P2K8,EIF2AK4,GO6983,MCF7,
Q9P2K8,EIF2AK4,KN93,MCF7,
Q9P2K8,EIF2AK4,MK2206,MCF7,
O14578,CIT,AZD6482,MCF7,0.011913449026522355
O14578,CIT,CAL101,MCF7,0.34570589272272784
O14578,CIT,GDC0941,MCF7,0.3522837643612507
O14578,CIT,HS173,MCF7,-0.5519304642197574
O14578,CIT,PIK294,MCF7,0.8195502177379134
O14578,CIT,TGX221,MCF7,-0.0011769869780173916
O14578,CIT,AZD5438,MCF7,0.4708325982478535
O14578,CIT,FRAX486,MCF7,0.49928136308947113
O14578,CIT,Ku0063794,MCF7,0.6646959914598151
O14578,CIT,PD153035,MCF7,1.702936887653921
O14578,CIT,PF3758309,MCF7,0.6161559856136142
O14578,CIT,Torin,MCF7,0.4187422212725699
O14578,CIT,Trametinib,MCF7,0.8690357704611144
O14578,CIT,AZD1480,MCF7,0.14697856211246058
O14578,CIT,AZD5363,MCF7,-0.9774300494480572
O14578,CIT,BX912,MCF7,0.46524097729627284
O14578,CIT,CHIR99021,MCF7,-1.5135311150488044
O14578,CIT,GSK2334470,MCF7,-1.0668323886235083
O14578,CIT,Ipatasertib,MCF7,-0.5931637905023764
O14578,CIT,LY2090314,MCF7,0.14785013837466732
O14578,CIT,Tofacitinib,MCF7,-0.049653539110665966
O14578,CIT,AZD8055,MCF7,0.5448238797468299
O14578,CIT,GDC0994,MCF7,0.45083307444858167
O14578,CIT,JNK,MCF7,0.5417589841639509
O14578,CIT,LY2584702,MCF7,0.4617872070631089
O14578,CIT,PH797804,MCF7,0.605411952378318
O14578,CIT,Selumetinib,MCF7,0.29662671732854345
O14578,CIT,U73122,MCF7,0.8364829988645641
O14578,CIT,Ulixertinib,MCF7,0.9413563621209057
O14578,CIT,Amuvatinib,MCF7,-0.8303623486542244
O14578,CIT,AZD3759,MCF7,-1.0492339663319104
O14578,CIT,GSK690693,MCF7,-1.567377640981193
O14578,CIT,JNJ,MCF7,-0.6950836138585632
O14578,CIT,KN62,MCF7,-0.016273139224643962
O14578,CIT,Linsitinib,MCF7,-1.2859684325367247
O14578,CIT,LY2835219,MCF7,-0.38230834091505517
O14578,CIT,Ribociclib,MCF7,-0.18488005523547066
O14578,CIT,AC220,MCF7,0.6624703515507884
O14578,CIT,Edelfosine,MCF7,-0.2782709577569393
O14578,CIT,GF109203X,MCF7,0.6172699612386859
O14578,CIT,Go6976,MCF7,-0.23824910128720114
O14578,CIT,PF4708671,MCF7,1.009275376813551
O14578,CIT,SP600125,MCF7,-2.409632774989202
O14578,CIT,TAK715,MCF7,-1.0545226547994302
O14578,CIT,TBCA,MCF7,-0.768471652864556
O14578,CIT,AT13148,MCF7,-0.7503021337413144
O14578,CIT,AZ20,MCF7,0.35703397551429084
O14578,CIT,AZD6738,MCF7,0.128036507877862
O14578,CIT,Bosutinib,MCF7,0.7189338014992712
O14578,CIT,Dabrafenib,MCF7,0.19235332503532948
O14578,CIT,Dasatinib,MCF7,-2.369908632468403
O14578,CIT,DNAPK,MCF7,-0.1162406191206725
O14578,CIT,H89,MCF7,0.3056016472734076
O14578,CIT,KD025,MCF7,-1.3144086452786354
O14578,CIT,NU7441,MCF7,0.22047138976237418
O14578,CIT,Ripasudil,MCF7,0.6441316570791283
O14578,CIT,Vemurafenib,MCF7,0.4051200247806686
O14578,CIT,CX4945,MCF7,0.15745784253312656
O14578,CIT,GO6983,MCF7,-1.2840883638180391
O14578,CIT,KN93,MCF7,-0.6705791704643381
O14578,CIT,MK2206,MCF7,-0.9881958421429264
P15056,BRAF,AZD6482,MCF7,0.03979737984481637
P15056,BRAF,CAL101,MCF7,-0.5157223584235523
P15056,BRAF,GDC0941,MCF7,-0.033093253889156564
P15056,BRAF,HS173,MCF7,1.362374385218721
P15056,BRAF,PIK294,MCF7,0.9099928580187058
P15056,BRAF,TGX221,MCF7,0.6366182214217103
P15056,BRAF,AZD5438,MCF7,1.873278326247512
P15056,BRAF,FRAX486,MCF7,0.15522891792766477
P15056,BRAF,Ku0063794,MCF7,0.10002201451823582
P15056,BRAF,PD153035,MCF7,-2.4630779199612975
P15056,BRAF,PF3758309,MCF7,-1.6382701291400343
P15056,BRAF,Torin,MCF7,-0.6537123352431116
P15056,BRAF,Trametinib,MCF7,-5.022007621849677
P15056,BRAF,AZD1480,MCF7,-2.924132438512577
P15056,BRAF,AZD5363,MCF7,0.6907381747110415
P15056,BRAF,BX912,MCF7,0.421068068109741
P15056,BRAF,CHIR99021,MCF7,0.6017652964207842
P15056,BRAF,GSK2334470,MCF7,2.0756944468220078
P15056,BRAF,Ipatasertib,MCF7,1.9438795198750927
P15056,BRAF,LY2090314,MCF7,-1.2456591420404026
P15056,BRAF,Tofacitinib,MCF7,-1.0008372644640569
P15056,BRAF,AZD8055,MCF7,0.39226028177481714
P15056,BRAF,GDC0994,MCF7,0.13904025725843003
P15056,BRAF,JNK,MCF7,0.05039197993932467
P15056,BRAF,LY2584702,MCF7,0.4865521321725353
P15056,BRAF,PH797804,MCF7,0.2400552054251938
P15056,BRAF,Selumetinib,MCF7,-2.523758959547808
P15056,BRAF,U73122,MCF7,0.7569939869994641
P15056,BRAF,Ulixertinib,MCF7,2.8946967715716005
P15056,BRAF,Amuvatinib,MCF7,1.056461941909359
P15056,BRAF,AZD3759,MCF7,-1.274027721557875
P15056,BRAF,GSK690693,MCF7,2.333968559970899
P15056,BRAF,JNJ,MCF7,0.8785238995076964
P15056,BRAF,KN62,MCF7,1.0074445188851302
P15056,BRAF,Linsitinib,MCF7,-0.5012352708846595
P15056,BRAF,LY2835219,MCF7,2.312032958133966
P15056,BRAF,Ribociclib,MCF7,1.1010773135893661
P15056,BRAF,AC220,MCF7,0.8267244940572003
P15056,BRAF,Edelfosine,MCF7,0.6365033500350941
P15056,BRAF,GF109203X,MCF7,-0.986557726468547
P15056,BRAF,Go6976,MCF7,-0.104048839024932
P15056,BRAF,PF4708671,MCF7,0.049471465094409584
P15056,BRAF,SP600125,MCF7,-0.9962007618273463
P15056,BRAF,TAK715,MCF7,-0.09800959282691635
P15056,BRAF,TBCA,MCF7,-0.22053382172468597
P15056,BRAF,AT13148,MCF7,1.4753035541371564
P15056,BRAF,AZ20,MCF7,-0.3686984800356448
P15056,BRAF,AZD6738,MCF7,3.0161722618220326
P15056,BRAF,Bosutinib,MCF7,-1.3736907401999425
P15056,BRAF,Dabrafenib,MCF7,3.067867434661486
P15056,BRAF,Dasatinib,MCF7,0.993763795101236
P15056,BRAF,DNAPK,MCF7,0.11098463911526531
P15056,BRAF,H89,MCF7,0.6688929768983536
P15056,BRAF,KD025,MCF7,1.880795731016784
P15056,BRAF,NU7441,MCF7,0.8574094092932759
P15056,BRAF,Ripasudil,MCF7,0.49183469920506917
P15056,BRAF,Vemurafenib,MCF7,1.0337011869683874
P15056,BRAF,CX4945,MCF7,0.7653919138140542
P15056,BRAF,GO6983,MCF7,0.3254000912012691
P15056,BRAF,KN93,MCF7,2.775541786152159
P15056,BRAF,MK2206,MCF7,4.758388941536993
Q9H2K8,TAOK3,AZD6482,MCF7,
Q9H2K8,TAOK3,CAL101,MCF7,
Q9H2K8,TAOK3,GDC0941,MCF7,
Q9H2K8,TAOK3,HS173,MCF7,
Q9H2K8,TAOK3,PIK294,MCF7,
Q9H2K8,TAOK3,TGX221,MCF7,
Q9H2K8,TAOK3,AZD5438,MCF7,
Q9H2K8,TAOK3,FRAX486,MCF7,
Q9H2K8,TAOK3,Ku0063794,MCF7,
Q9H2K8,TAOK3,PD153035,MCF7,
Q9H2K8,TAOK3,PF3758309,MCF7,
Q9H2K8,TAOK3,Torin,MCF7,
Q9H2K8,TAOK3,Trametinib,MCF7,
Q9H2K8,TAOK3,AZD1480,MCF7,
Q9H2K8,TAOK3,AZD5363,MCF7,
Q9H2K8,TAOK3,BX912,MCF7,
Q9H2K8,TAOK3,CHIR99021,MCF7,
Q9H2K8,TAOK3,GSK2334470,MCF7,
Q9H2K8,TAOK3,Ipatasertib,MCF7,
Q9H2K8,TAOK3,LY2090314,MCF7,
Q9H2K8,TAOK3,Tofacitinib,MCF7,
Q9H2K8,TAOK3,AZD8055,MCF7,
Q9H2K8,TAOK3,GDC0994,MCF7,
Q9H2K8,TAOK3,JNK,MCF7,
Q9H2K8,TAOK3,LY2584702,MCF7,
Q9H2K8,TAOK3,PH797804,MCF7,
Q9H2K8,TAOK3,Selumetinib,MCF7,
Q9H2K8,TAOK3,U73122,MCF7,
Q9H2K8,TAOK3,Ulixertinib,MCF7,
Q9H2K8,TAOK3,Amuvatinib,MCF7,
Q9H2K8,TAOK3,AZD3759,MCF7,
Q9H2K8,TAOK3,GSK690693,MCF7,
Q9H2K8,TAOK3,JNJ,MCF7,
Q9H2K8,TAOK3,KN62,MCF7,
Q9H2K8,TAOK3,Linsitinib,MCF7,
Q9H2K8,TAOK3,LY2835219,MCF7,
Q9H2K8,TAOK3,Ribociclib,MCF7,
Q9H2K8,TAOK3,AC220,MCF7,
Q9H2K8,TAOK3,Edelfosine,MCF7,
Q9H2K8,TAOK3,GF109203X,MCF7,
Q9H2K8,TAOK3,Go6976,MCF7,
Q9H2K8,TAOK3,PF4708671,MCF7,
Q9H2K8,TAOK3,SP600125,MCF7,
Q9H2K8,TAOK3,TAK715,MCF7,
Q9H2K8,TAOK3,TBCA,MCF7,
Q9H2K8,TAOK3,AT13148,MCF7,
Q9H2K8,TAOK3,AZ20,MCF7,
Q9H2K8,TAOK3,AZD6738,MCF7,
Q9H2K8,TAOK3,Bosutinib,MCF7,
Q9H2K8,TAOK3,Dabrafenib,MCF7,
Q9H2K8,TAOK3,Dasatinib,MCF7,
Q9H2K8,TAOK3,DNAPK,MCF7,
Q9H2K8,TAOK3,H89,MCF7,
Q9H2K8,TAOK3,KD025,MCF7,
Q9H2K8,TAOK3,NU7441,MCF7,
Q9H2K8,TAOK3,Ripasudil,MCF7,
Q9H2K8,TAOK3,Vemurafenib,MCF7,
Q9H2K8,TAOK3,CX4945,MCF7,
Q9H2K8,TAOK3,GO6983,MCF7,
Q9H2K8,TAOK3,KN93,MCF7,
Q9H2K8,TAOK3,MK2206,MCF7,
O43353,RIPK2,AZD6482,MCF7,-0.9866337158506153
O43353,RIPK2,CAL101,MCF7,-1.0819888009263332
O43353,RIPK2,GDC0941,MCF7,-0.25941712060797656
O43353,RIPK2,HS173,MCF7,-0.23212693150717115
O43353,RIPK2,PIK294,MCF7,-0.4205485414513188
O43353,RIPK2,TGX221,MCF7,-0.8301379666432244
O43353,RIPK2,AZD5438,MCF7,-0.38389520956898443
O43353,RIPK2,FRAX486,MCF7,-1.1178638666344565
O43353,RIPK2,Ku0063794,MCF7,-0.36928937895655506
O43353,RIPK2,PD153035,MCF7,-0.39123828292414564
O43353,RIPK2,PF3758309,MCF7,-1.1500270688668244
O43353,RIPK2,Torin,MCF7,0.07451991739804123
O43353,RIPK2,Trametinib,MCF7,-0.9380221199118427
O43353,RIPK2,AZD1480,MCF7,-0.24523212946457082
O43353,RIPK2,AZD5363,MCF7,-0.8025993549839553
O43353,RIPK2,BX912,MCF7,-1.239057494245771
O43353,RIPK2,CHIR99021,MCF7,-0.847517766518041
O43353,RIPK2,GSK2334470,MCF7,-0.8653528693485577
O43353,RIPK2,Ipatasertib,MCF7,-0.37011780205816247
O43353,RIPK2,LY2090314,MCF7,0.6486841713964754
O43353,RIPK2,Tofacitinib,MCF7,-0.7331543333378538
O43353,RIPK2,AZD8055,MCF7,0.8214993388137763
O43353,RIPK2,GDC0994,MCF7,0.83384356438837
O43353,RIPK2,JNK,MCF7,0.6717460172827966
O43353,RIPK2,LY2584702,MCF7,0.3234540201203063
O43353,RIPK2,PH797804,MCF7,0.4846322922072174
O43353,RIPK2,Selumetinib,MCF7,0.31491188319638663
O43353,RIPK2,U73122,MCF7,0.3435966451407453
O43353,RIPK2,Ulixertinib,MCF7,0.5562795505541357
O43353,RIPK2,Amuvatinib,MCF7,0.4306325372606542
O43353,RIPK2,AZD3759,MCF7,-2.197193906511032
O43353,RIPK2,GSK690693,MCF7,-0.6058541651752081
O43353,RIPK2,JNJ,MCF7,-0.434864786432635
O43353,RIPK2,KN62,MCF7,-1.0229968127349207
O43353,RIPK2,Linsitinib,MCF7,-0.08765836887254505
O43353,RIPK2,LY2835219,MCF7,-0.23988885953334077
O43353,RIPK2,Ribociclib,MCF7,-0.19055611679753282
O43353,RIPK2,AC220,MCF7,-0.0959784490396758
O43353,RIPK2,Edelfosine,MCF7,1.0231302810651115
O43353,RIPK2,GF109203X,MCF7,-0.6302750766123489
O43353,RIPK2,Go6976,MCF7,-1.361071241435698
O43353,RIPK2,PF4708671,MCF7,-0.5477631059934754
O43353,RIPK2,SP600125,MCF7,-0.3556875209804342
O43353,RIPK2,TAK715,MCF7,-2.0548472411353274
O43353,RIPK2,TBCA,MCF7,-0.5685629716749678
O43353,RIPK2,AT13148,MCF7,0.1430952550849367
O43353,RIPK2,AZ20,MCF7,0.5301424715447867
O43353,RIPK2,AZD6738,MCF7,0.47590821364725827
O43353,RIPK2,Bosutinib,MCF7,0.3415474483955444
O43353,RIPK2,Dabrafenib,MCF7,-1.6242938793127348
O43353,RIPK2,Dasatinib,MCF7,-3.3357400158786747
O43353,RIPK2,DNAPK,MCF7,-0.4674030750199177
O43353,RIPK2,H89,MCF7,0.38482525014298213
O43353,RIPK2,KD025,MCF7,-0.14295574544307968
O43353,RIPK2,NU7441,MCF7,-0.07673075002341692
O43353,RIPK2,Ripasudil,MCF7,-0.04300140012763876
O43353,RIPK2,Vemurafenib,MCF7,-1.1787125714666085
O43353,RIPK2,CX4945,MCF7,0.6131979128437814
O43353,RIPK2,GO6983,MCF7,0.40951348732719317
O43353,RIPK2,KN93,MCF7,0.8538855504177097
O43353,RIPK2,MK2206,MCF7,1.0196260635631675
Q9UEW8,STK39,AZD6482,MCF7,-2.618642098744681
Q9UEW8,STK39,CAL101,MCF7,-0.681566329154759
Q9UEW8,STK39,GDC0941,MCF7,-1.3938294881399247
Q9UEW8,STK39,HS173,MCF7,-1.329524009911892
Q9UEW8,STK39,PIK294,MCF7,0.20962560411265738
Q9UEW8,STK39,TGX221,MCF7,0.32275867208982206
Q9UEW8,STK39,AZD5438,MCF7,0.35806036446749107
Q9UEW8,STK39,FRAX486,MCF7,0.033853630851016316
Q9UEW8,STK39,Ku0063794,MCF7,0.4232075347122605
Q9UEW8,STK39,PD153035,MCF7,0.7154186554589461
Q9UEW8,STK39,PF3758309,MCF7,-0.08410642303341193
Q9UEW8,STK39,Torin,MCF7,0.5227506075098257
Q9UEW8,STK39,Trametinib,MCF7,-0.13366621675893883
Q9UEW8,STK39,AZD1480,MCF7,-0.014938018845783524
Q9UEW8,STK39,AZD5363,MCF7,-0.5098546261454331
Q9UEW8,STK39,BX912,MCF7,0.09749235976711712
Q9UEW8,STK39,CHIR99021,MCF7,-0.7479379335888893
Q9UEW8,STK39,GSK2334470,MCF7,0.4280187958999543
Q9UEW8,STK39,Ipatasertib,MCF7,0.13508802049097254
Q9UEW8,STK39,LY2090314,MCF7,-0.6019625678935719
Q9UEW8,STK39,Tofacitinib,MCF7,-0.41930188074593483
Q9UEW8,STK39,AZD8055,MCF7,0.18362193984392805
Q9UEW8,STK39,GDC0994,MCF7,0.6651191175321803
Q9UEW8,STK39,JNK,MCF7,0.7390908122165539
Q9UEW8,STK39,LY2584702,MCF7,0.034602719100665175
Q9UEW8,STK39,PH797804,MCF7,0.32836909783830587
Q9UEW8,STK39,Selumetinib,MCF7,0.027926379447633317
Q9UEW8,STK39,U73122,MCF7,0.5361489531797826
Q9UEW8,STK39,Ulixertinib,MCF7,0.20365488988263705
Q9UEW8,STK39,Amuvatinib,MCF7,0.26033808687373455
Q9UEW8,STK39,AZD3759,MCF7,0.044987521637523314
Q9UEW8,STK39,GSK690693,MCF7,-0.40283291113986835
Q9UEW8,STK39,JNJ,MCF7,0.3195259944852569
Q9UEW8,STK39,KN62,MCF7,0.210993883599048
Q9UEW8,STK39,Linsitinib,MCF7,0.11092587388791574
Q9UEW8,STK39,LY2835219,MCF7,0.2584326337797455
Q9UEW8,STK39,Ribociclib,MCF7,0.5476041349122409
Q9UEW8,STK39,AC220,MCF7,-0.11430552188788914
Q9UEW8,STK39,Edelfosine,MCF7,-0.5815213452454375
Q9UEW8,STK39,GF109203X,MCF7,-0.35291194486950056
Q9UEW8,STK39,Go6976,MCF7,-0.7083447719662801
Q9UEW8,STK39,PF4708671,MCF7,-0.6350167836795679
Q9UEW8,STK39,SP600125,MCF7,-1.3473570732457756
Q9UEW8,STK39,TAK715,MCF7,-2.653927081006542
Q9UEW8,STK39,TBCA,MCF7,-2.7173331882579
Q9UEW8,STK39,AT13148,MCF7,0.0765608164264331
Q9UEW8,STK39,AZ20,MCF7,0.08356076276074759
Q9UEW8,STK39,AZD6738,MCF7,8.859918536312148e-05
Q9UEW8,STK39,Bosutinib,MCF7,0.20065379688255908
Q9UEW8,STK39,Dabrafenib,MCF7,0.6467582333929421
Q9UEW8,STK39,Dasatinib,MCF7,0.23638404912785993
Q9UEW8,STK39,DNAPK,MCF7,-0.6921267027089835
Q9UEW8,STK39,H89,MCF7,-0.06992414486798448
Q9UEW8,STK39,KD025,MCF7,-0.4190907139220317
Q9UEW8,STK39,NU7441,MCF7,-0.18169726660921784
Q9UEW8,STK39,Ripasudil,MCF7,0.45335676925874047
Q9UEW8,STK39,Vemurafenib,MCF7,0.09382684553253948
Q9UEW8,STK39,CX4945,MCF7,0.35349978208717864
Q9UEW8,STK39,GO6983,MCF7,0.5212862412228377
Q9UEW8,STK39,KN93,MCF7,0.5381104651131875
Q9UEW8,STK39,MK2206,MCF7,-0.18803350740461472
O00418,EEF2K,AZD6482,MCF7,-1.8285095489087086
O00418,EEF2K,CAL101,MCF7,-1.5873548670839772
O00418,EEF2K,GDC0941,MCF7,0.6201854383016893
O00418,EEF2K,HS173,MCF7,-0.6073515484876384
O00418,EEF2K,PIK294,MCF7,-1.6461707358961903
O00418,EEF2K,TGX221,MCF7,-1.4160317266155271
O00418,EEF2K,AZD5438,MCF7,-1.2704641107862875
O00418,EEF2K,FRAX486,MCF7,-1.3985330149273223
O00418,EEF2K,Ku0063794,MCF7,1.3723821935910838
O00418,EEF2K,PD153035,MCF7,0.019975924556267025
O00418,EEF2K,PF3758309,MCF7,-0.8943136439858482
O00418,EEF2K,Torin,MCF7,1.367928563739598
O00418,EEF2K,Trametinib,MCF7,-1.241208462389813
O00418,EEF2K,AZD1480,MCF7,-0.6415960815677583
O00418,EEF2K,AZD5363,MCF7,-1.1097551420182787
O00418,EEF2K,BX912,MCF7,-2.2761511435760107
O00418,EEF2K,CHIR99021,MCF7,-2.052632116852741
O00418,EEF2K,GSK2334470,MCF7,-1.123758320110769
O00418,EEF2K,Ipatasertib,MCF7,-2.2409998393292136
O00418,EEF2K,LY2090314,MCF7,-0.8911482244562378
O00418,EEF2K,Tofacitinib,MCF7,-1.7366401405867078
O00418,EEF2K,AZD8055,MCF7,-1.2445462731498782
O00418,EEF2K,GDC0994,MCF7,-1.9860387152156014
O00418,EEF2K,JNK,MCF7,-1.4362548369274155
O00418,EEF2K,LY2584702,MCF7,-1.905024010468761
O00418,EEF2K,PH797804,MCF7,-1.3125157585485865
O00418,EEF2K,Selumetinib,MCF7,-1.6305126042001246
O00418,EEF2K,U73122,MCF7,-1.6901660924403652
O00418,EEF2K,Ulixertinib,MCF7,-2.5565678060594066
O00418,EEF2K,Amuvatinib,MCF7,-2.890073919256814
O00418,EEF2K,AZD3759,MCF7,-0.8190981874664147
O00418,EEF2K,GSK690693,MCF7,-1.9705413596342338
O00418,EEF2K,JNJ,MCF7,-0.8187830130463272
O00418,EEF2K,KN62,MCF7,-1.2565448314821193
O00418,EEF2K,Linsitinib,MCF7,-1.2469546411963803
O00418,EEF2K,LY2835219,MCF7,-2.484040547403431
O00418,EEF2K,Ribociclib,MCF7,-0.6569999228209839
O00418,EEF2K,AC220,MCF7,-1.9045915318928037
O00418,EEF2K,Edelfosine,MCF7,0.880818097975486
O00418,EEF2K,GF109203X,MCF7,-0.8569917428235354
O00418,EEF2K,Go6976,MCF7,-2.3304461381173605
O00418,EEF2K,PF4708671,MCF7,-0.18937162284925876
O00418,EEF2K,SP600125,MCF7,-0.23879333645275172
O00418,EEF2K,TAK715,MCF7,-0.8724554706170119
O00418,EEF2K,TBCA,MCF7,-3.415041570875211
O00418,EEF2K,AT13148,MCF7,-1.7959949043905128
O00418,EEF2K,AZ20,MCF7,3.51526686644912
O00418,EEF2K,AZD6738,MCF7,-0.15179027608489937
O00418,EEF2K,Bosutinib,MCF7,0.0044784956932315805
O00418,EEF2K,Dabrafenib,MCF7,0.1779281016514759
O00418,EEF2K,Dasatinib,MCF7,-1.8024833482621683
O00418,EEF2K,DNAPK,MCF7,-0.8817193981329454
O00418,EEF2K,H89,MCF7,-1.5552779500629426
O00418,EEF2K,KD025,MCF7,-0.1712390153228808
O00418,EEF2K,NU7441,MCF7,-2.1732064373085156
O00418,EEF2K,Ripasudil,MCF7,-1.1301675225750354
O00418,EEF2K,Vemurafenib,MCF7,1.2190288874611555
O00418,EEF2K,CX4945,MCF7,-1.5183474124552239
O00418,EEF2K,GO6983,MCF7,0.26238864977502663
O00418,EEF2K,KN93,MCF7,-1.8665139567798201
O00418,EEF2K,MK2206,MCF7,-1.2668899830127303
O94806,PRKD3,AZD6482,MCF7,-0.2390716491538836
O94806,PRKD3,CAL101,MCF7,-0.05165673728299432
O94806,PRKD3,GDC0941,MCF7,-0.8204348064961565
O94806,PRKD3,HS173,MCF7,-0.5940081453012744
O94806,PRKD3,PIK294,MCF7,0.3524300778089209
O94806,PRKD3,TGX221,MCF7,0.01590067099706061
O94806,PRKD3,AZD5438,MCF7,0.42734983758284006
O94806,PRKD3,FRAX486,MCF7,0.37499066742664466
O94806,PRKD3,Ku0063794,MCF7,-0.7129394080298267
O94806,PRKD3,PD153035,MCF7,0.12436470488794338
O94806,PRKD3,PF3758309,MCF7,0.20546177585260328
O94806,PRKD3,Torin,MCF7,-0.9571875985157564
O94806,PRKD3,Trametinib,MCF7,-0.041566533632378305
O94806,PRKD3,AZD1480,MCF7,-0.5685732022619516
O94806,PRKD3,AZD5363,MCF7,-1.1773695187502156
O94806,PRKD3,BX912,MCF7,-0.5103905125224044
O94806,PRKD3,CHIR99021,MCF7,-0.1627425964153769
O94806,PRKD3,GSK2334470,MCF7,-1.9546858546628008
O94806,PRKD3,Ipatasertib,MCF7,-0.21205443634991958
O94806,PRKD3,LY2090314,MCF7,-0.6718442535832589
O94806,PRKD3,Tofacitinib,MCF7,-0.8560814269484044
O94806,PRKD3,AZD8055,MCF7,-0.7845367710185561
O94806,PRKD3,GDC0994,MCF7,0.34323380156241756
O94806,PRKD3,JNK,MCF7,-0.06197461408107967
O94806,PRKD3,LY2584702,MCF7,0.3759637976545017
O94806,PRKD3,PH797804,MCF7,-0.2428293651820691
O94806,PRKD3,Selumetinib,MCF7,-0.009813011315328843
O94806,PRKD3,U73122,MCF7,0.24060117843975862
O94806,PRKD3,Ulixertinib,MCF7,0.11715703629415176
O94806,PRKD3,Amuvatinib,MCF7,0.19303151275035976
O94806,PRKD3,AZD3759,MCF7,-0.36098375196353943
O94806,PRKD3,GSK690693,MCF7,-0.6351855877541599
O94806,PRKD3,JNJ,MCF7,0.19901105906158742
O94806,PRKD3,KN62,MCF7,0.10215037881516516
O94806,PRKD3,Linsitinib,MCF7,-0.2959446151665337
O94806,PRKD3,LY2835219,MCF7,0.27595607383470666
O94806,PRKD3,Ribociclib,MCF7,0.20666315257396844
O94806,PRKD3,AC220,MCF7,-0.33066976744627297
O94806,PRKD3,Edelfosine,MCF7,0.010310275236387367
O94806,PRKD3,GF109203X,MCF7,0.04690970679012938
O94806,PRKD3,Go6976,MCF7,-0.5046023106085383
O94806,PRKD3,PF4708671,MCF7,-0.6629985104847647
O94806,PRKD3,SP600125,MCF7,-0.15559388111473943
O94806,PRKD3,TAK715,MCF7,-0.13750282074082204
O94806,PRKD3,TBCA,MCF7,-0.5895331468980669
O94806,PRKD3,AT13148,MCF7,0.061450401948023245
O94806,PRKD3,AZ20,MCF7,-0.5759761535301069
O94806,PRKD3,AZD6738,MCF7,0.2959706312771764
O94806,PRKD3,Bosutinib,MCF7,0.47459610785301953
O94806,PRKD3,Dabrafenib,MCF7,-0.3861346351106741
O94806,PRKD3,Dasatinib,MCF7,0.3209961931877572
O94806,PRKD3,DNAPK,MCF7,0.2653105604039085
O94806,PRKD3,H89,MCF7,0.202563283360546
O94806,PRKD3,KD025,MCF7,0.09396341797315372
O94806,PRKD3,NU7441,MCF7,-0.048195298548530906
O94806,PRKD3,Ripasudil,MCF7,0.976680614633679
O94806,PRKD3,Vemurafenib,MCF7,0.37791655238572736
O94806,PRKD3,CX4945,MCF7,-0.33811533248797515
O94806,PRKD3,GO6983,MCF7,-1.0764163368706894
O94806,PRKD3,KN93,MCF7,-0.20180772890388518
O94806,PRKD3,MK2206,MCF7,-0.4709136280766018
O95747,OXSR1,AZD6482,MCF7,
O95747,OXSR1,CAL101,MCF7,
O95747,OXSR1,GDC0941,MCF7,
O95747,OXSR1,HS173,MCF7,
O95747,OXSR1,PIK294,MCF7,
O95747,OXSR1,TGX221,MCF7,
O95747,OXSR1,AZD5438,MCF7,
O95747,OXSR1,FRAX486,MCF7,
O95747,OXSR1,Ku0063794,MCF7,
O95747,OXSR1,PD153035,MCF7,
O95747,OXSR1,PF3758309,MCF7,
O95747,OXSR1,Torin,MCF7,
O95747,OXSR1,Trametinib,MCF7,
O95747,OXSR1,AZD1480,MCF7,
O95747,OXSR1,AZD5363,MCF7,
O95747,OXSR1,BX912,MCF7,
O95747,OXSR1,CHIR99021,MCF7,
O95747,OXSR1,GSK2334470,MCF7,
O95747,OXSR1,Ipatasertib,MCF7,
O95747,OXSR1,LY2090314,MCF7,
O95747,OXSR1,Tofacitinib,MCF7,
O95747,OXSR1,AZD8055,MCF7,
O95747,OXSR1,GDC0994,MCF7,
O95747,OXSR1,JNK,MCF7,
O95747,OXSR1,LY2584702,MCF7,
O95747,OXSR1,PH797804,MCF7,
O95747,OXSR1,Selumetinib,MCF7,
O95747,OXSR1,U73122,MCF7,
O95747,OXSR1,Ulixertinib,MCF7,
O95747,OXSR1,Amuvatinib,MCF7,
O95747,OXSR1,AZD3759,MCF7,
O95747,OXSR1,GSK690693,MCF7,
O95747,OXSR1,JNJ,MCF7,
O95747,OXSR1,KN62,MCF7,
O95747,OXSR1,Linsitinib,MCF7,
O95747,OXSR1,LY2835219,MCF7,
O95747,OXSR1,Ribociclib,MCF7,
O95747,OXSR1,AC220,MCF7,
O95747,OXSR1,Edelfosine,MCF7,
O95747,OXSR1,GF109203X,MCF7,
O95747,OXSR1,Go6976,MCF7,
O95747,OXSR1,PF4708671,MCF7,
O95747,OXSR1,SP600125,MCF7,
O95747,OXSR1,TAK715,MCF7,
O95747,OXSR1,TBCA,MCF7,
O95747,OXSR1,AT13148,MCF7,
O95747,OXSR1,AZ20,MCF7,
O95747,OXSR1,AZD6738,MCF7,
O95747,OXSR1,Bosutinib,MCF7,
O95747,OXSR1,Dabrafenib,MCF7,
O95747,OXSR1,Dasatinib,MCF7,
O95747,OXSR1,DNAPK,MCF7,
O95747,OXSR1,H89,MCF7,
O95747,OXSR1,KD025,MCF7,
O95747,OXSR1,NU7441,MCF7,
O95747,OXSR1,Ripasudil,MCF7,
O95747,OXSR1,Vemurafenib,MCF7,
O95747,OXSR1,CX4945,MCF7,
O95747,OXSR1,GO6983,MCF7,
O95747,OXSR1,KN93,MCF7,
O95747,OXSR1,MK2206,MCF7,
Q13546,RIPK1,AZD6482,MCF7,-0.04003686620779642
Q13546,RIPK1,CAL101,MCF7,0.2678544368325519
Q13546,RIPK1,GDC0941,MCF7,-0.030891548243216348
Q13546,RIPK1,HS173,MCF7,-0.2597714613578592
Q13546,RIPK1,PIK294,MCF7,0.09135427444519525
Q13546,RIPK1,TGX221,MCF7,0.13447120504400842
Q13546,RIPK1,AZD5438,MCF7,-0.3027113322354896
Q13546,RIPK1,FRAX486,MCF7,0.04451242119373885
Q13546,RIPK1,Ku0063794,MCF7,-0.04520200092246631
Q13546,RIPK1,PD153035,MCF7,-0.09242985909746726
Q13546,RIPK1,PF3758309,MCF7,-0.015107381024418947
Q13546,RIPK1,Torin,MCF7,0.08674050002786371
Q13546,RIPK1,Trametinib,MCF7,-0.09376818756746197
Q13546,RIPK1,AZD1480,MCF7,-0.12372658684364371
Q13546,RIPK1,AZD5363,MCF7,0.15040544690657345
Q13546,RIPK1,BX912,MCF7,-0.6711384683769158
Q13546,RIPK1,CHIR99021,MCF7,-0.37204442931667975
Q13546,RIPK1,GSK2334470,MCF7,0.342283382168487
Q13546,RIPK1,Ipatasertib,MCF7,0.33945139799850166
Q13546,RIPK1,LY2090314,MCF7,-0.3202572307082506
Q13546,RIPK1,Tofacitinib,MCF7,0.0008906083452113099
Q13546,RIPK1,AZD8055,MCF7,0.024686628913734743
Q13546,RIPK1,GDC0994,MCF7,0.2058031757179748
Q13546,RIPK1,JNK,MCF7,0.06443431883691893
Q13546,RIPK1,LY2584702,MCF7,0.06826182999600505
Q13546,RIPK1,PH797804,MCF7,0.17050699609103176
Q13546,RIPK1,Selumetinib,MCF7,-0.02644281933641651
Q13546,RIPK1,U73122,MCF7,0.18574638316763373
Q13546,RIPK1,Ulixertinib,MCF7,-0.4364694678258117
Q13546,RIPK1,Amuvatinib,MCF7,-9.704595035651208e-05
Q13546,RIPK1,AZD3759,MCF7,-0.21835730645927184
Q13546,RIPK1,GSK690693,MCF7,-0.020815958744071522
Q13546,RIPK1,JNJ,MCF7,0.04649034993323012
Q13546,RIPK1,KN62,MCF7,-0.006649790652089845
Q13546,RIPK1,Linsitinib,MCF7,-0.26424555333699984
Q13546,RIPK1,LY2835219,MCF7,-0.17477551574584663
Q13546,RIPK1,Ribociclib,MCF7,0.028355089131731872
Q13546,RIPK1,AC220,MCF7,0.10320553605005786
Q13546,RIPK1,Edelfosine,MCF7,0.3482484407208709
Q13546,RIPK1,GF109203X,MCF7,0.0842159699200148
Q13546,RIPK1,Go6976,MCF7,0.16027525300806636
Q13546,RIPK1,PF4708671,MCF7,0.2609941737084515
Q13546,RIPK1,SP600125,MCF7,-0.10975184343485286
Q13546,RIPK1,TAK715,MCF7,0.26736389292353885
Q13546,RIPK1,TBCA,MCF7,0.10185318965627918
Q13546,RIPK1,AT13148,MCF7,0.1524092886319831
Q13546,RIPK1,AZ20,MCF7,0.32363279238056486
Q13546,RIPK1,AZD6738,MCF7,0.5501193577191916
Q13546,RIPK1,Bosutinib,MCF7,0.5133579996732182
Q13546,RIPK1,Dabrafenib,MCF7,0.11199492126812288
Q13546,RIPK1,Dasatinib,MCF7,0.5036399199132385
Q13546,RIPK1,DNAPK,MCF7,0.151294367360732
Q13546,RIPK1,H89,MCF7,0.3229081782055603
Q13546,RIPK1,KD025,MCF7,-0.025068966512429344
Q13546,RIPK1,NU7441,MCF7,0.33960646206684403
Q13546,RIPK1,Ripasudil,MCF7,0.26890323036034514
Q13546,RIPK1,Vemurafenib,MCF7,0.14682768856304917
Q13546,RIPK1,CX4945,MCF7,-0.29556796208288577
Q13546,RIPK1,GO6983,MCF7,-0.12132473703006076
Q13546,RIPK1,KN93,MCF7,-0.2587985000715399
Q13546,RIPK1,MK2206,MCF7,0.037448846613584955
O76039,CDKL5,AZD6482,MCF7,0.11489594255309798
O76039,CDKL5,CAL101,MCF7,0.8544447382339245
O76039,CDKL5,GDC0941,MCF7,1.0694769440879872
O76039,CDKL5,HS173,MCF7,-0.4965748004729207
O76039,CDKL5,PIK294,MCF7,0.061812597728387
O76039,CDKL5,TGX221,MCF7,-0.15149437622607576
O76039,CDKL5,AZD5438,MCF7,2.5329088237917645
O76039,CDKL5,FRAX486,MCF7,0.05547771386156532
O76039,CDKL5,Ku0063794,MCF7,1.5585163769855146
O76039,CDKL5,PD153035,MCF7,1.5166580303235662
O76039,CDKL5,PF3758309,MCF7,0.6538630852786086
O76039,CDKL5,Torin,MCF7,-0.1528120457494933
O76039,CDKL5,Trametinib,MCF7,0.12233998654401733
O76039,CDKL5,AZD1480,MCF7,0.4387889979261369
O76039,CDKL5,AZD5363,MCF7,0.8449922459070714
O76039,CDKL5,BX912,MCF7,1.9271364806277156
O76039,CDKL5,CHIR99021,MCF7,1.2293166479236788
O76039,CDKL5,GSK2334470,MCF7,0.6363947078426786
O76039,CDKL5,Ipatasertib,MCF7,1.0753146998515206
O76039,CDKL5,LY2090314,MCF7,0.445663612558933
O76039,CDKL5,Tofacitinib,MCF7,0.03441083180433259
O76039,CDKL5,AZD8055,MCF7,-0.2252721230379736
O76039,CDKL5,GDC0994,MCF7,0.3858446433880753
O76039,CDKL5,JNK,MCF7,0.40214233514453857
O76039,CDKL5,LY2584702,MCF7,0.11507269745978985
O76039,CDKL5,PH797804,MCF7,0.1124441813707369
O76039,CDKL5,Selumetinib,MCF7,-0.05695777215790454
O76039,CDKL5,U73122,MCF7,-0.07992166174172403
O76039,CDKL5,Ulixertinib,MCF7,-0.5694135481736664
O76039,CDKL5,Amuvatinib,MCF7,-0.45965066128425736
O76039,CDKL5,AZD3759,MCF7,0.24815932196048457
O76039,CDKL5,GSK690693,MCF7,-1.7934208299511127
O76039,CDKL5,JNJ,MCF7,-0.9193548854005138
O76039,CDKL5,KN62,MCF7,0.9687321416736493
O76039,CDKL5,Linsitinib,MCF7,-0.5234898866403038
O76039,CDKL5,LY2835219,MCF7,0.060781253099374356
O76039,CDKL5,Ribociclib,MCF7,0.39662135795192993
O76039,CDKL5,AC220,MCF7,-0.09310752052569357
O76039,CDKL5,Edelfosine,MCF7,0.24848498892681506
O76039,CDKL5,GF109203X,MCF7,0.5322566872909448
O76039,CDKL5,Go6976,MCF7,-0.1100518141020392
O76039,CDKL5,PF4708671,MCF7,0.3796861404769951
O76039,CDKL5,SP600125,MCF7,0.17580481703856016
Q9Y572,RIPK3,AZD5438,MCF7,-0.096552653316126
Q9Y572,RIPK3,FRAX486,MCF7,-0.026776667422292507
Q9Y572,RIPK3,Ku0063794,MCF7,0.05753872555380572
Q9Y572,RIPK3,PD153035,MCF7,-0.15977649683195283
Q9Y572,RIPK3,PF3758309,MCF7,-0.5282202080021873
Q9Y572,RIPK3,Torin,MCF7,0.11091689603269826
Q9Y572,RIPK3,Trametinib,MCF7,-0.0073777501929924
Q9Y572,RIPK3,AZD1480,MCF7,-0.13809680334624722
Q9Y572,RIPK3,AZD5363,MCF7,0.07706498936643873
Q9Y572,RIPK3,BX912,MCF7,-0.7418535381642978
Q9Y572,RIPK3,CHIR99021,MCF7,-0.05152573986989112
Q9Y572,RIPK3,GSK2334470,MCF7,0.818766283746364
Q9Y572,RIPK3,Ipatasertib,MCF7,0.4839645308753289
Q9Y572,RIPK3,LY2090314,MCF7,-0.23951249702379054
Q9Y572,RIPK3,Tofacitinib,MCF7,-0.06664620013264991
Q9Y572,RIPK3,AZD8055,MCF7,0.16262288577160783
Q9Y572,RIPK3,GDC0994,MCF7,-0.3531489275977266
Q9Y572,RIPK3,JNK,MCF7,-0.5339107137977434
Q9Y572,RIPK3,LY2584702,MCF7,-0.17117304002357192
Q9Y572,RIPK3,PH797804,MCF7,-0.15451855737082773
Q9Y572,RIPK3,Selumetinib,MCF7,-0.07151234475952704
Q9Y572,RIPK3,U73122,MCF7,0.15431961232348831
Q9Y572,RIPK3,Ulixertinib,MCF7,-0.4078114617453368
Q9Y572,RIPK3,Amuvatinib,MCF7,0.4726194314428869
Q9Y572,RIPK3,AZD3759,MCF7,0.30699904708269554
Q9Y572,RIPK3,GSK690693,MCF7,0.49552142374404534
Q9Y572,RIPK3,JNJ,MCF7,0.31543763633696653
Q9Y572,RIPK3,KN62,MCF7,0.327675076138432
Q9Y572,RIPK3,Linsitinib,MCF7,0.3894773632223127
Q9Y572,RIPK3,LY2835219,MCF7,0.12974585182327927
Q9Y572,RIPK3,Ribociclib,MCF7,-0.026634792264587547
Q9Y572,RIPK3,AC220,MCF7,0.23321764213035098
Q9Y572,RIPK3,Edelfosine,MCF7,0.5818238857467799
Q9Y572,RIPK3,GF109203X,MCF7,0.00653924104553486
Q9Y572,RIPK3,Go6976,MCF7,-0.3154056582609332
Q9Y572,RIPK3,PF4708671,MCF7,0.22091020453053528
Q9Y572,RIPK3,SP600125,MCF7,-0.15221529425050515
Q9Y572,RIPK3,TAK715,MCF7,0.010264775095471544
Q9Y572,RIPK3,TBCA,MCF7,0.01673656952676234
Q9Y572,RIPK3,AT13148,MCF7,0.15126988157123675
Q9Y572,RIPK3,AZ20,MCF7,0.31772929088630597
Q9Y572,RIPK3,AZD6738,MCF7,0.29388803717495593
Q9Y572,RIPK3,Bosutinib,MCF7,0.08319797110138957
Q9Y572,RIPK3,Dabrafenib,MCF7,0.08883462294948491
Q9Y572,RIPK3,Dasatinib,MCF7,0.11797615451341213
Q9Y572,RIPK3,DNAPK,MCF7,0.01016127971863558
Q9Y572,RIPK3,H89,MCF7,-0.13711438334219767
Q9Y572,RIPK3,KD025,MCF7,0.19122266900886092
Q9Y572,RIPK3,NU7441,MCF7,0.1929428193712305
Q9Y572,RIPK3,Ripasudil,MCF7,0.053758502843230443
Q9Y572,RIPK3,Vemurafenib,MCF7,0.08994497214906161
Q9Y572,RIPK3,CX4945,MCF7,0.15413937158211413
Q9Y572,RIPK3,GO6983,MCF7,0.06934650740926641
Q9Y572,RIPK3,KN93,MCF7,0.40868736719120696
Q9Y572,RIPK3,MK2206,MCF7,0.301208478561361
Q9Y2K2,SIK3,AZD6482,MCF7,-0.028195906380842524
Q9Y2K2,SIK3,CAL101,MCF7,1.184401818175282
Q9Y2K2,SIK3,GDC0941,MCF7,-0.11173035866215057
Q9Y2K2,SIK3,HS173,MCF7,1.0419848114789807
Q9Y2K2,SIK3,PIK294,MCF7,0.3191109103505452
Q9Y2K2,SIK3,TGX221,MCF7,0.6406625582596268
Q9Y2K2,SIK3,AZD5438,MCF7,0.3489327212908311
Q9Y2K2,SIK3,FRAX486,MCF7,-0.832120122944286
Q9Y2K2,SIK3,Ku0063794,MCF7,-0.14486408989301885
Q9Y2K2,SIK3,PD153035,MCF7,0.6476477007288834
Q9Y2K2,SIK3,PF3758309,MCF7,-0.9497352796114895
Q9Y2K2,SIK3,Torin,MCF7,0.020127999498288602
Q9Y2K2,SIK3,Trametinib,MCF7,0.1982090188075842
Q9Y2K2,SIK3,AZD1480,MCF7,-0.2718993760021953
Q9Y2K2,SIK3,AZD5363,MCF7,0.36028811278655404
Q9Y2K2,SIK3,BX912,MCF7,-0.41996943402069564
Q9Y2K2,SIK3,CHIR99021,MCF7,1.118964112324529
Q9Y2K2,SIK3,GSK2334470,MCF7,-0.9990100934509211
Q9Y2K2,SIK3,Ipatasertib,MCF7,0.3844054683302383
Q9Y2K2,SIK3,LY2090314,MCF7,-0.16954887336575666
Q9Y2K2,SIK3,Tofacitinib,MCF7,-0.5574953750012956
Q9Y2K2,SIK3,AZD8055,MCF7,-0.22169913487387932
Q9Y2K2,SIK3,GDC0994,MCF7,-0.6951487474697513
Q9Y2K2,SIK3,JNK,MCF7,0.29847981971908444
Q9Y2K2,SIK3,LY2584702,MCF7,-1.742584555123324
Q9Y2K2,SIK3,PH797804,MCF7,-0.706235619042792
Q9Y2K2,SIK3,Selumetinib,MCF7,-0.4637728152982943
Q9Y2K2,SIK3,U73122,MCF7,-1.5050076471267926
Q9Y2K2,SIK3,Ulixertinib,MCF7,-1.1681877639676743
Q9Y2K2,SIK3,Amuvatinib,MCF7,-0.5603098823122946
Q9Y2K2,SIK3,AZD3759,MCF7,-1.2039918309382138
Q9Y2K2,SIK3,GSK690693,MCF7,-0.6493950486056397
Q9Y2K2,SIK3,JNJ,MCF7,-0.5634479097326573
Q9Y2K2,SIK3,KN62,MCF7,-1.1608709211570092
Q9Y2K2,SIK3,Linsitinib,MCF7,-0.7970203218117603
Q9Y2K2,SIK3,LY2835219,MCF7,0.05438466197810589
Q9Y2K2,SIK3,Ribociclib,MCF7,0.23691011134576212
Q9Y2K2,SIK3,AC220,MCF7,-0.05700815662569182
Q9Y2K2,SIK3,Edelfosine,MCF7,-0.8745509999275748
Q9Y2K2,SIK3,GF109203X,MCF7,-1.2715060988024658
Q9Y2K2,SIK3,Go6976,MCF7,-1.7136659558124119
Q9Y2K2,SIK3,PF4708671,MCF7,-0.6023558581963963
Q9Y2K2,SIK3,SP600125,MCF7,-1.4287323759558668
Q9Y2K2,SIK3,TAK715,MCF7,-0.7472260469006372
Q9Y2K2,SIK3,TBCA,MCF7,-1.3176749494594246
Q9Y2K2,SIK3,AT13148,MCF7,0.48681655029180276
Q9Y2K2,SIK3,AZ20,MCF7,-2.479814664711557
Q9Y2K2,SIK3,AZD6738,MCF7,0.055394993544606676
Q9Y2K2,SIK3,Bosutinib,MCF7,-1.3546521160404923
Q9Y2K2,SIK3,Dabrafenib,MCF7,2.574093238847091
Q9Y2K2,SIK3,Dasatinib,MCF7,-0.09541825529643058
Q9Y2K2,SIK3,DNAPK,MCF7,-0.9301689566617822
Q9Y2K2,SIK3,H89,MCF7,0.40531222210250545
Q9Y2K2,SIK3,KD025,MCF7,-0.5352088469773328
Q9Y2K2,SIK3,NU7441,MCF7,-1.994489828374706
Q9Y2K2,SIK3,Ripasudil,MCF7,-2.3538952581092625
Q9Y2K2,SIK3,Vemurafenib,MCF7,1.9882730877986983
Q9Y2K2,SIK3,CX4945,MCF7,0.09864436141469762
Q9Y2K2,SIK3,GO6983,MCF7,0.4337380375030209
Q9Y2K2,SIK3,KN93,MCF7,-0.02195193367008046
Q9Y2K2,SIK3,MK2206,MCF7,-0.07214846245447523
O60885,BRD4,AZD6482,MCF7,0.39287238380277295
O60885,BRD4,CAL101,MCF7,0.3481008865520049
O60885,BRD4,GDC0941,MCF7,0.7031241336526137
O60885,BRD4,HS173,MCF7,0.8026009802897607
O60885,BRD4,PIK294,MCF7,0.346408122689591
O60885,BRD4,TGX221,MCF7,0.4271704229604592
O60885,BRD4,AZD5438,MCF7,-1.183707058485026
O60885,BRD4,FRAX486,MCF7,-0.005205656578140662
O60885,BRD4,Ku0063794,MCF7,0.40078578479834737
O60885,BRD4,PD153035,MCF7,-0.10588919814590061
O60885,BRD4,PF3758309,MCF7,-0.7793588968197168
O60885,BRD4,Torin,MCF7,0.4471215960874162
O60885,BRD4,Trametinib,MCF7,-0.39995371973916355
O60885,BRD4,AZD1480,MCF7,-1.1931633995558948
O60885,BRD4,AZD5363,MCF7,-0.06684281666525205
O60885,BRD4,BX912,MCF7,-0.07468424716978593
O60885,BRD4,CHIR99021,MCF7,-0.9103892045639209
O60885,BRD4,GSK2334470,MCF7,0.49939211471846046
O60885,BRD4,Ipatasertib,MCF7,0.5308976303700702
O60885,BRD4,LY2090314,MCF7,-2.8689154616175463
O60885,BRD4,Tofacitinib,MCF7,-0.3915996021830618
O60885,BRD4,AZD8055,MCF7,0.9419923490988148
O60885,BRD4,GDC0994,MCF7,0.09477177216496861
O60885,BRD4,JNK,MCF7,0.5521009822849923
O60885,BRD4,LY2584702,MCF7,0.33133226756481554
O60885,BRD4,PH797804,MCF7,0.049155118447759265
O60885,BRD4,Selumetinib,MCF7,-0.1218847785970633
O60885,BRD4,U73122,MCF7,0.3543099608482717
O60885,BRD4,Ulixertinib,MCF7,-0.0458438018413238
O60885,BRD4,Amuvatinib,MCF7,0.009354840024238266
O60885,BRD4,AZD3759,MCF7,-0.5322818767958014
O60885,BRD4,GSK690693,MCF7,0.32514851786208177
O60885,BRD4,JNJ,MCF7,0.2055420018172675
O60885,BRD4,KN62,MCF7,-0.39155369745934654
O60885,BRD4,Linsitinib,MCF7,0.4361543974466386
O60885,BRD4,LY2835219,MCF7,-1.63606544691619
O60885,BRD4,Ribociclib,MCF7,-0.3726750046986214
O60885,BRD4,AC220,MCF7,0.34602189438185166
O60885,BRD4,Edelfosine,MCF7,0.04469318040040239
O60885,BRD4,GF109203X,MCF7,-0.8077754426472216
O60885,BRD4,Go6976,MCF7,-0.1724358652007094
O60885,BRD4,PF4708671,MCF7,0.031276240735610646
O60885,BRD4,SP600125,MCF7,0.020297349395203793
O60885,BRD4,TAK715,MCF7,-0.11653888809885479
O60885,BRD4,TBCA,MCF7,0.9609926885414648
O60885,BRD4,AT13148,MCF7,0.1133998599048064
O60885,BRD4,AZ20,MCF7,0.8287559679344655
O60885,BRD4,AZD6738,MCF7,0.7885304087557287
O60885,BRD4,Bosutinib,MCF7,0.3189319394632944
O60885,BRD4,Dabrafenib,MCF7,0.17683276722945848
O60885,BRD4,Dasatinib,MCF7,0.7512758361673764
O60885,BRD4,DNAPK,MCF7,-0.3186873878632628
O60885,BRD4,H89,MCF7,-0.016513725220133346
O60885,BRD4,KD025,MCF7,0.157831452788333
O60885,BRD4,NU7441,MCF7,0.4746519733799057
O60885,BRD4,Ripasudil,MCF7,0.5201133930591753
O60885,BRD4,Vemurafenib,MCF7,0.29774851903819016
O60885,BRD4,CX4945,MCF7,0.595423586867885
O60885,BRD4,GO6983,MCF7,-0.1314575229856753
O60885,BRD4,KN93,MCF7,0.3158761493623006
O60885,BRD4,MK2206,MCF7,0.668315743863132
Q9UQ88,CDK11A,AZD6482,MCF7,
Q9UQ88,CDK11A,CAL101,MCF7,
Q9UQ88,CDK11A,GDC0941,MCF7,
Q9UQ88,CDK11A,HS173,MCF7,
Q9UQ88,CDK11A,PIK294,MCF7,
Q9UQ88,CDK11A,TGX221,MCF7,
Q9UQ88,CDK11A,AZD5438,MCF7,
Q9UQ88,CDK11A,FRAX486,MCF7,
Q9UQ88,CDK11A,Ku0063794,MCF7,
Q9UQ88,CDK11A,PD153035,MCF7,
Q9UQ88,CDK11A,PF3758309,MCF7,
Q9UQ88,CDK11A,Torin,MCF7,
Q9UQ88,CDK11A,Trametinib,MCF7,
Q9UQ88,CDK11A,AZD1480,MCF7,
Q9UQ88,CDK11A,AZD5363,MCF7,
Q9UQ88,CDK11A,BX912,MCF7,
Q9UQ88,CDK11A,CHIR99021,MCF7,
Q9UQ88,CDK11A,GSK2334470,MCF7,
Q9UQ88,CDK11A,Ipatasertib,MCF7,
Q9UQ88,CDK11A,LY2090314,MCF7,
Q9UQ88,CDK11A,Tofacitinib,MCF7,
Q9UQ88,CDK11A,AZD8055,MCF7,
Q9UQ88,CDK11A,GDC0994,MCF7,
Q9UQ88,CDK11A,JNK,MCF7,
Q9UQ88,CDK11A,LY2584702,MCF7,
Q9UQ88,CDK11A,PH797804,MCF7,
Q9UQ88,CDK11A,Selumetinib,MCF7,
Q9UQ88,CDK11A,U73122,MCF7,
Q9UQ88,CDK11A,Ulixertinib,MCF7,
Q9UQ88,CDK11A,Amuvatinib,MCF7,
Q9UQ88,CDK11A,AZD3759,MCF7,
Q9UQ88,CDK11A,GSK690693,MCF7,
Q9UQ88,CDK11A,JNJ,MCF7,
Q9UQ88,CDK11A,KN62,MCF7,
Q9UQ88,CDK11A,Linsitinib,MCF7,
Q9UQ88,CDK11A,LY2835219,MCF7,
Q9UQ88,CDK11A,Ribociclib,MCF7,
Q9UQ88,CDK11A,AC220,MCF7,
Q9UQ88,CDK11A,Edelfosine,MCF7,
Q9UQ88,CDK11A,GF109203X,MCF7,
Q9UQ88,CDK11A,Go6976,MCF7,
Q9UQ88,CDK11A,PF4708671,MCF7,
Q9UQ88,CDK11A,SP600125,MCF7,
Q9UQ88,CDK11A,TAK715,MCF7,
Q9UQ88,CDK11A,TBCA,MCF7,
Q9UQ88,CDK11A,AT13148,MCF7,
Q9UQ88,CDK11A,AZ20,MCF7,
Q9UQ88,CDK11A,AZD6738,MCF7,
Q9UQ88,CDK11A,Bosutinib,MCF7,
Q9UQ88,CDK11A,Dabrafenib,MCF7,
Q9UQ88,CDK11A,Dasatinib,MCF7,
Q9UQ88,CDK11A,DNAPK,MCF7,
Q9UQ88,CDK11A,H89,MCF7,
Q9UQ88,CDK11A,KD025,MCF7,
Q9UQ88,CDK11A,NU7441,MCF7,
Q9UQ88,CDK11A,Ripasudil,MCF7,
Q9UQ88,CDK11A,Vemurafenib,MCF7,
Q9UQ88,CDK11A,CX4945,MCF7,
Q9UQ88,CDK11A,GO6983,MCF7,
Q9UQ88,CDK11A,KN93,MCF7,
Q9UQ88,CDK11A,MK2206,MCF7,
Q96KB5,PBK,AZD6482,MCF7,0.1351645639565657
Q96KB5,PBK,CAL101,MCF7,-0.2662953039075456
Q96KB5,PBK,GDC0941,MCF7,-0.26305300302361473
Q96KB5,PBK,HS173,MCF7,0.13669900787625225
Q96KB5,PBK,PIK294,MCF7,-1.0398191940974564
Q96KB5,PBK,TGX221,MCF7,-0.3988874573157491
Q96KB5,PBK,AZD5438,MCF7,-0.37664144139553546
Q96KB5,PBK,FRAX486,MCF7,-1.395428497525632
Q96KB5,PBK,Ku0063794,MCF7,-0.39003850830768827
Q96KB5,PBK,PD153035,MCF7,0.6018417534255327
Q96KB5,PBK,PF3758309,MCF7,0.4667272799682567
Q96KB5,PBK,Torin,MCF7,-0.05148520647892253
Q96KB5,PBK,Trametinib,MCF7,-0.11349006994315648
Q96KB5,PBK,AZD1480,MCF7,-0.3691067925697265
Q96KB5,PBK,AZD5363,MCF7,-1.8488823137552661
Q96KB5,PBK,BX912,MCF7,-2.063140725443533
Q96KB5,PBK,CHIR99021,MCF7,-0.7978900881275756
Q96KB5,PBK,GSK2334470,MCF7,-1.3608149392631752
Q96KB5,PBK,Ipatasertib,MCF7,-0.20021758251497357
Q96KB5,PBK,LY2090314,MCF7,0.11822797394852617
Q96KB5,PBK,Tofacitinib,MCF7,1.1914321198955675
Q96KB5,PBK,AZD8055,MCF7,1.6453828152812708
Q96KB5,PBK,GDC0994,MCF7,1.680091336304154
Q96KB5,PBK,JNK,MCF7,-0.046590231587996765
Q96KB5,PBK,LY2584702,MCF7,1.1716726630683096
Q96KB5,PBK,PH797804,MCF7,1.752194607641079
Q96KB5,PBK,Selumetinib,MCF7,0.9065776648458329
Q96KB5,PBK,U73122,MCF7,1.4726396432440516
Q96KB5,PBK,Ulixertinib,MCF7,2.0308705693652715
Q96KB5,PBK,Amuvatinib,MCF7,-0.10157908531497573
Q96KB5,PBK,AZD3759,MCF7,0.20374685316389168
Q96KB5,PBK,GSK690693,MCF7,0.49092941565377757
Q96KB5,PBK,JNJ,MCF7,-0.033720540589117325
Q96KB5,PBK,KN62,MCF7,1.6987436057052905
Q96KB5,PBK,Linsitinib,MCF7,0.6496960181169094
Q96KB5,PBK,LY2835219,MCF7,1.6786961627534651
Q96KB5,PBK,Ribociclib,MCF7,-0.2113220305533544
Q96KB5,PBK,AC220,MCF7,1.3040007926010073
Q96KB5,PBK,Edelfosine,MCF7,0.8205425070371055
Q96KB5,PBK,GF109203X,MCF7,1.0589029980043392
Q96KB5,PBK,Go6976,MCF7,-0.9815993153771656
Q96KB5,PBK,PF4708671,MCF7,-0.48144391961174604
Q96KB5,PBK,SP600125,MCF7,0.2624711013018272
Q96KB5,PBK,TAK715,MCF7,0.6480658658566554
Q96KB5,PBK,TBCA,MCF7,1.4400749823595191
Q96KB5,PBK,AT13148,MCF7,1.9454642193245648
Q96KB5,PBK,AZ20,MCF7,0.7699778411192022
Q96KB5,PBK,AZD6738,MCF7,0.5103141122946071
Q96KB5,PBK,Bosutinib,MCF7,-0.4969833531191447
Q96KB5,PBK,Dabrafenib,MCF7,0.9581631562541896
Q96KB5,PBK,Dasatinib,MCF7,-0.03518796089980655
Q96KB5,PBK,DNAPK,MCF7,0.4575087151986766
Q96KB5,PBK,H89,MCF7,1.2570081220611866
Q96KB5,PBK,KD025,MCF7,0.8392375515108274
Q96KB5,PBK,NU7441,MCF7,1.169949183671349
Q96KB5,PBK,Ripasudil,MCF7,0.5818389731163333
Q96KB5,PBK,Vemurafenib,MCF7,1.0903995771810262
Q96KB5,PBK,CX4945,MCF7,-0.30819583308112164
Q96KB5,PBK,GO6983,MCF7,0.5068561465871539
Q96KB5,PBK,KN93,MCF7,0.5402679517488582
Q96KB5,PBK,MK2206,MCF7,0.03205735603506223
Q8WZ42,TTN,AZD6482,MCF7,
Q8WZ42,TTN,CAL101,MCF7,
Q8WZ42,TTN,GDC0941,MCF7,
Q8WZ42,TTN,HS173,MCF7,
Q8WZ42,TTN,PIK294,MCF7,
Q8WZ42,TTN,TGX221,MCF7,
Q8WZ42,TTN,AZD5438,MCF7,
Q8WZ42,TTN,FRAX486,MCF7,
Q8WZ42,TTN,Ku0063794,MCF7,
Q8WZ42,TTN,PD153035,MCF7,
Q8WZ42,TTN,PF3758309,MCF7,
Q8WZ42,TTN,Torin,MCF7,
Q8WZ42,TTN,Trametinib,MCF7,
Q8WZ42,TTN,AZD1480,MCF7,
Q8WZ42,TTN,AZD5363,MCF7,
Q8WZ42,TTN,BX912,MCF7,
Q8WZ42,TTN,CHIR99021,MCF7,
Q8WZ42,TTN,GSK2334470,MCF7,
Q8WZ42,TTN,Ipatasertib,MCF7,
Q8WZ42,TTN,LY2090314,MCF7,
Q8WZ42,TTN,Tofacitinib,MCF7,
Q8WZ42,TTN,AZD8055,MCF7,
Q8WZ42,TTN,GDC0994,MCF7,
Q8WZ42,TTN,JNK,MCF7,
Q8WZ42,TTN,LY2584702,MCF7,
Q8WZ42,TTN,PH797804,MCF7,
Q8WZ42,TTN,Selumetinib,MCF7,
Q8WZ42,TTN,U73122,MCF7,
Q8WZ42,TTN,Ulixertinib,MCF7,
Q8WZ42,TTN,Amuvatinib,MCF7,
Q8WZ42,TTN,AZD3759,MCF7,
Q8WZ42,TTN,GSK690693,MCF7,
Q8WZ42,TTN,JNJ,MCF7,
Q8WZ42,TTN,KN62,MCF7,
Q8WZ42,TTN,Linsitinib,MCF7,
Q8WZ42,TTN,LY2835219,MCF7,
Q8WZ42,TTN,Ribociclib,MCF7,
Q8WZ42,TTN,AC220,MCF7,
Q8WZ42,TTN,Edelfosine,MCF7,
Q8WZ42,TTN,GF109203X,MCF7,
Q8WZ42,TTN,Go6976,MCF7,
Q8WZ42,TTN,PF4708671,MCF7,
Q8WZ42,TTN,SP600125,MCF7,
Q8WZ42,TTN,TAK715,MCF7,
Q8WZ42,TTN,TBCA,MCF7,
Q8WZ42,TTN,AT13148,MCF7,
Q8WZ42,TTN,AZ20,MCF7,
Q8WZ42,TTN,AZD6738,MCF7,
Q8WZ42,TTN,Bosutinib,MCF7,
Q8WZ42,TTN,Dabrafenib,MCF7,
Q8WZ42,TTN,Dasatinib,MCF7,
Q8WZ42,TTN,DNAPK,MCF7,
Q8WZ42,TTN,H89,MCF7,
Q8WZ42,TTN,KD025,MCF7,
Q8WZ42,TTN,NU7441,MCF7,
Q8WZ42,TTN,Ripasudil,MCF7,
Q8WZ42,TTN,Vemurafenib,MCF7,
Q8WZ42,TTN,CX4945,MCF7,
Q8WZ42,TTN,GO6983,MCF7,
Q8WZ42,TTN,KN93,MCF7,
Q8WZ42,TTN,MK2206,MCF7,
Q9HAZ1,CLK4,AZD6482,MCF7,0.001717275118103104
Q9HAZ1,CLK4,CAL101,MCF7,-0.1246193416760213
Q9HAZ1,CLK4,GDC0941,MCF7,-0.11867352095965629
Q9HAZ1,CLK4,HS173,MCF7,-1.7021293993710196
Q9HAZ1,CLK4,PIK294,MCF7,0.008509830332922123
Q9HAZ1,CLK4,TGX221,MCF7,-0.14992242108369958
Q9HAZ1,CLK4,AZD5438,MCF7,-0.09303236220633705
Q9HAZ1,CLK4,FRAX486,MCF7,1.2300112538084345
Q9HAZ1,CLK4,Ku0063794,MCF7,0.157759874980326
Q9HAZ1,CLK4,PD153035,MCF7,-0.3626637691005044
Q9HAZ1,CLK4,PF3758309,MCF7,-1.740305624551787
Q9HAZ1,CLK4,Torin,MCF7,1.051972019033201
Q9HAZ1,CLK4,Trametinib,MCF7,-0.5212195955604608
Q9HAZ1,CLK4,AZD1480,MCF7,0.608772034458145
Q9HAZ1,CLK4,AZD5363,MCF7,0.18678728534905265
Q9HAZ1,CLK4,BX912,MCF7,0.15857738067278468
Q9HAZ1,CLK4,CHIR99021,MCF7,-0.05254001585864085
Q9HAZ1,CLK4,GSK2334470,MCF7,0.5776895529452934
Q9HAZ1,CLK4,Ipatasertib,MCF7,0.45484041392059715
Q9HAZ1,CLK4,LY2090314,MCF7,-0.6550456579242254
Q9HAZ1,CLK4,Tofacitinib,MCF7,0.23295711241505399
Q9HAZ1,CLK4,AZD8055,MCF7,0.7516503718875893
Q9HAZ1,CLK4,GDC0994,MCF7,0.9066663582952513
Q9HAZ1,CLK4,JNK,MCF7,0.16027815360306288
Q9HAZ1,CLK4,LY2584702,MCF7,0.7093842055977844
Q9HAZ1,CLK4,PH797804,MCF7,-0.5688780773812011
Q9HAZ1,CLK4,Selumetinib,MCF7,-1.9334903656268554
Q9HAZ1,CLK4,U73122,MCF7,0.7815448932514311
Q9HAZ1,CLK4,Ulixertinib,MCF7,0.026802576680471146
Q9HAZ1,CLK4,Amuvatinib,MCF7,-2.981307741562491
Q9HAZ1,CLK4,AZD3759,MCF7,0.3426833422221786
Q9HAZ1,CLK4,GSK690693,MCF7,0.12396142051884641
Q9HAZ1,CLK4,JNJ,MCF7,0.07647553860673788
Q9HAZ1,CLK4,KN62,MCF7,-0.08218627793827492
Q9HAZ1,CLK4,Linsitinib,MCF7,0.3465473876066939
Q9HAZ1,CLK4,LY2835219,MCF7,-0.7653119631455926
Q9HAZ1,CLK4,Ribociclib,MCF7,-1.394717378201142
Q9HAZ1,CLK4,AC220,MCF7,-0.4914154164778237
Q9HAZ1,CLK4,Edelfosine,MCF7,1.282678866907933
Q9HAZ1,CLK4,GF109203X,MCF7,2.2399036071509744
Q9HAZ1,CLK4,Go6976,MCF7,0.729502115314591
Q9HAZ1,CLK4,PF4708671,MCF7,0.9811034565036338
Q9HAZ1,CLK4,SP600125,MCF7,-0.09637680751561434
Q9HAZ1,CLK4,TAK715,MCF7,1.1988106492579433
Q9HAZ1,CLK4,TBCA,MCF7,2.1360149373656006
Q9HAZ1,CLK4,AT13148,MCF7,0.8734907058350777
Q9HAZ1,CLK4,AZ20,MCF7,0.8822698341314529
Q9HAZ1,CLK4,AZD6738,MCF7,0.5418404813449867
Q9HAZ1,CLK4,Bosutinib,MCF7,0.8561819213065784
Q9HAZ1,CLK4,Dabrafenib,MCF7,0.4790907587813493
Q9HAZ1,CLK4,Dasatinib,MCF7,0.981574968590836
Q9HAZ1,CLK4,DNAPK,MCF7,-0.6770243010140982
Q9HAZ1,CLK4,H89,MCF7,-0.8137938608589852
Q9HAZ1,CLK4,KD025,MCF7,-0.6131358572390174
Q9HAZ1,CLK4,NU7441,MCF7,0.8792738132227178
Q9HAZ1,CLK4,Ripasudil,MCF7,0.6632405896577069
Q9HAZ1,CLK4,Vemurafenib,MCF7,-1.6419871100840557
Q9HAZ1,CLK4,CX4945,MCF7,-0.028258369618068734
Q9HAZ1,CLK4,GO6983,MCF7,-0.5018607012056532
Q9HAZ1,CLK4,KN93,MCF7,-0.2917398024151199
Q9HAZ1,CLK4,MK2206,MCF7,0.5796858035038581
Q8IWQ3,BRSK2,AZD6482,MCF7,0.7008346583783903
Q8IWQ3,BRSK2,CAL101,MCF7,0.8537559062493032
Q8IWQ3,BRSK2,GDC0941,MCF7,0.8312594036640149
Q8IWQ3,BRSK2,HS173,MCF7,0.14962223783934148
Q8IWQ3,BRSK2,PIK294,MCF7,1.073058016847803
Q8IWQ3,BRSK2,TGX221,MCF7,0.5652994786420934
Q8IWQ3,BRSK2,AZD5438,MCF7,0.6987551844225817
Q8IWQ3,BRSK2,FRAX486,MCF7,0.41445761885278737
Q8IWQ3,BRSK2,Ku0063794,MCF7,0.35162038828046055
Q8IWQ3,BRSK2,PD153035,MCF7,0.6369051405430587
Q8IWQ3,BRSK2,PF3758309,MCF7,-0.6710419462389892
Q8IWQ3,BRSK2,Torin,MCF7,0.41226027445894514
Q8IWQ3,BRSK2,Trametinib,MCF7,0.2062956251509937
Q8IWQ3,BRSK2,AZD1480,MCF7,-0.5008192941199767
Q8IWQ3,BRSK2,AZD5363,MCF7,-0.6591649702814881
Q8IWQ3,BRSK2,BX912,MCF7,-0.24917344488368331
Q8IWQ3,BRSK2,CHIR99021,MCF7,-0.47827894237442053
Q8IWQ3,BRSK2,GSK2334470,MCF7,0.30907867744409395
Q8IWQ3,BRSK2,Ipatasertib,MCF7,1.0010125127034193
Q8IWQ3,BRSK2,LY2090314,MCF7,-1.2194868690653224
Q8IWQ3,BRSK2,Tofacitinib,MCF7,-1.2993774235936693
Q8IWQ3,BRSK2,AZD8055,MCF7,0.6376909010195368
Q8IWQ3,BRSK2,GDC0994,MCF7,0.115798868308521
Q8IWQ3,BRSK2,JNK,MCF7,0.32946046784670474
Q8IWQ3,BRSK2,LY2584702,MCF7,-0.4395417317174329
Q8IWQ3,BRSK2,PH797804,MCF7,0.18043539127680505
Q8IWQ3,BRSK2,Selumetinib,MCF7,0.4776456124039932
Q8IWQ3,BRSK2,U73122,MCF7,0.7490107581019952
Q8IWQ3,BRSK2,Ulixertinib,MCF7,0.14666897969675985
Q8IWQ3,BRSK2,Amuvatinib,MCF7,-0.7460833589488545
Q8IWQ3,BRSK2,AZD3759,MCF7,-1.4150341928262982
Q8IWQ3,BRSK2,GSK690693,MCF7,-1.1989236431612396
Q8IWQ3,BRSK2,JNJ,MCF7,-1.5099617606225062
Q8IWQ3,BRSK2,KN62,MCF7,0.38212762065719663
Q8IWQ3,BRSK2,Linsitinib,MCF7,-1.617516960522765
Q8IWQ3,BRSK2,LY2835219,MCF7,-1.2334005144309839
Q8IWQ3,BRSK2,Ribociclib,MCF7,-1.2825645644961403
Q8IWQ3,BRSK2,AC220,MCF7,1.3963726360216342
Q8IWQ3,BRSK2,Edelfosine,MCF7,0.5664265936729821
Q8IWQ3,BRSK2,GF109203X,MCF7,0.209850023311352
Q8IWQ3,BRSK2,Go6976,MCF7,-0.6868977997852971
Q8IWQ3,BRSK2,PF4708671,MCF7,1.0578735284789038
Q8IWQ3,BRSK2,SP600125,MCF7,-0.10134258750796352
Q8IWQ3,BRSK2,TAK715,MCF7,0.831205062027397
Q8IWQ3,BRSK2,TBCA,MCF7,-0.8869118092612943
Q8IWQ3,BRSK2,AT13148,MCF7,0.03252539557351529
Q8IWQ3,BRSK2,AZ20,MCF7,0.13735234768982688
Q8IWQ3,BRSK2,AZD6738,MCF7,-0.47653613419846497
Q8IWQ3,BRSK2,Bosutinib,MCF7,0.027854872505900644
Q8IWQ3,BRSK2,Dabrafenib,MCF7,0.21454644472894613
Q8IWQ3,BRSK2,Dasatinib,MCF7,0.3561729406945332
Q8IWQ3,BRSK2,DNAPK,MCF7,-0.18601824427981625
Q8IWQ3,BRSK2,H89,MCF7,-1.0283486817209238
Q8IWQ3,BRSK2,KD025,MCF7,0.5956008309622738
Q8IWQ3,BRSK2,NU7441,MCF7,0.48660291961700647
Q8IWQ3,BRSK2,Ripasudil,MCF7,0.014897479533219576
Q8IWQ3,BRSK2,Vemurafenib,MCF7,-0.03659892851383709
Q8IWQ3,BRSK2,CX4945,MCF7,-0.3691311092615639
Q8IWQ3,BRSK2,GO6983,MCF7,-0.9589723632681867
Q8IWQ3,BRSK2,KN93,MCF7,-0.8463237524124182
Q8IWQ3,BRSK2,MK2206,MCF7,-0.13759805594398866
Q9UKE5,TNIK,AZD6482,MCF7,-1.3722410437983998
Q9UKE5,TNIK,CAL101,MCF7,-0.8164234073680801
Q9UKE5,TNIK,GDC0941,MCF7,-0.6582686772043205
Q9UKE5,TNIK,HS173,MCF7,-0.8327530510500831
Q9UKE5,TNIK,PIK294,MCF7,-1.938653374729545
Q9UKE5,TNIK,TGX221,MCF7,-0.7127706051179724
Q9UKE5,TNIK,AZD5438,MCF7,0.3341326353460385
Q9UKE5,TNIK,FRAX486,MCF7,1.2412543381920251
Q9UKE5,TNIK,Ku0063794,MCF7,0.66750468146398
Q9UKE5,TNIK,PD153035,MCF7,-0.8050988879328804
Q9UKE5,TNIK,PF3758309,MCF7,0.6051195537986516
Q9UKE5,TNIK,Torin,MCF7,0.6551006136815354
Q9UKE5,TNIK,Trametinib,MCF7,1.1502818221626632
Q9UKE5,TNIK,AZD1480,MCF7,1.128272052484417
Q9UKE5,TNIK,AZD5363,MCF7,2.146115788705952
Q9UKE5,TNIK,BX912,MCF7,0.9273421816440357
Q9UKE5,TNIK,CHIR99021,MCF7,0.7721863783967319
Q9UKE5,TNIK,GSK2334470,MCF7,1.0863312989695455
Q9UKE5,TNIK,Ipatasertib,MCF7,0.5839617508924346
Q9UKE5,TNIK,LY2090314,MCF7,1.0813748101882654
Q9UKE5,TNIK,Tofacitinib,MCF7,0.20075988172241738
Q9UKE5,TNIK,AZD8055,MCF7,0.7127192521436794
Q9UKE5,TNIK,GDC0994,MCF7,0.6663222718035873
Q9UKE5,TNIK,JNK,MCF7,-0.1032808459193364
Q9UKE5,TNIK,LY2584702,MCF7,0.4749695126723165
Q9UKE5,TNIK,PH797804,MCF7,-0.25120514347470746
Q9UKE5,TNIK,Selumetinib,MCF7,-0.10135330456109914
Q9UKE5,TNIK,U73122,MCF7,-0.5572854142684776
Q9UKE5,TNIK,Ulixertinib,MCF7,0.254547784284766
Q9UKE5,TNIK,Amuvatinib,MCF7,-2.0657053127153024
Q9UKE5,TNIK,AZD3759,MCF7,1.3469801742903127
Q9UKE5,TNIK,GSK690693,MCF7,-0.23359002869274087
Q9UKE5,TNIK,JNJ,MCF7,0.05909376913551819
Q9UKE5,TNIK,KN62,MCF7,2.043733322476433
Q9UKE5,TNIK,Linsitinib,MCF7,1.0193517715188458
Q9UKE5,TNIK,LY2835219,MCF7,2.5771995446762186
Q9UKE5,TNIK,Ribociclib,MCF7,-0.08350470881005666
Q9UKE5,TNIK,AC220,MCF7,-0.5599250490725183
Q9UKE5,TNIK,Edelfosine,MCF7,0.8503132792940662
Q9UKE5,TNIK,GF109203X,MCF7,0.3996876656383449
Q9UKE5,TNIK,Go6976,MCF7,0.34734155756378104
Q9UKE5,TNIK,PF4708671,MCF7,-0.6583465291891138
Q9UKE5,TNIK,SP600125,MCF7,1.3066881045930234
Q9UKE5,TNIK,TAK715,MCF7,0.43632764437826843
Q9UKE5,TNIK,TBCA,MCF7,0.9128216640954387
Q9UKE5,TNIK,AT13148,MCF7,0.7062107101412614
Q9UKE5,TNIK,AZ20,MCF7,-0.15292188339553786
Q9UKE5,TNIK,AZD6738,MCF7,-0.22917199992831366
Q9UKE5,TNIK,Bosutinib,MCF7,-0.4468483411291155
Q9UKE5,TNIK,Dabrafenib,MCF7,-0.38103970677967
Q9UKE5,TNIK,Dasatinib,MCF7,0.2574621379692271
Q9UKE5,TNIK,DNAPK,MCF7,1.2579758852110092
Q9UKE5,TNIK,H89,MCF7,0.8105616251770147
Q9UKE5,TNIK,KD025,MCF7,1.1921164066983303
Q9UKE5,TNIK,NU7441,MCF7,0.8091438883617827
Q9UKE5,TNIK,Ripasudil,MCF7,0.00898348852312153
Q9UKE5,TNIK,Vemurafenib,MCF7,0.08565094619339658
Q9UKE5,TNIK,CX4945,MCF7,-0.6671096099434366
Q9UKE5,TNIK,GO6983,MCF7,1.1657146098490356
Q9UKE5,TNIK,KN93,MCF7,1.7286902306113188
Q9UKE5,TNIK,MK2206,MCF7,-0.8214637830232637
Q5TCX8,MAP3K21,AZD6482,MCF7,-0.49403796585528914
Q5TCX8,MAP3K21,CAL101,MCF7,-0.22271929827420428
Q5TCX8,MAP3K21,GDC0941,MCF7,-0.27564509528698944
Q5TCX8,MAP3K21,HS173,MCF7,0.3958281174904202
Q5TCX8,MAP3K21,PIK294,MCF7,0.5535152452940528
Q5TCX8,MAP3K21,TGX221,MCF7,0.34224175627580783
Q5TCX8,MAP3K21,AZD5438,MCF7,0.09615307774569397
Q5TCX8,MAP3K21,FRAX486,MCF7,-1.5057493740269787
Q5TCX8,MAP3K21,Ku0063794,MCF7,-0.02234846224858937
Q5TCX8,MAP3K21,PD153035,MCF7,0.2459286538787736
Q5TCX8,MAP3K21,PF3758309,MCF7,0.6714500575011196
Q5TCX8,MAP3K21,Torin,MCF7,-0.5685894585102911
Q5TCX8,MAP3K21,Trametinib,MCF7,-0.5634186316584199
Q5TCX8,MAP3K21,AZD1480,MCF7,-0.18741413487699096
Q5TCX8,MAP3K21,AZD5363,MCF7,-1.3685356774131605
Q5TCX8,MAP3K21,BX912,MCF7,-3.858643294725222
Q5TCX8,MAP3K21,CHIR99021,MCF7,0.6900649498488918
Q5TCX8,MAP3K21,GSK2334470,MCF7,0.012274094529874307
Q5TCX8,MAP3K21,Ipatasertib,MCF7,-0.35562802771612345
Q5TCX8,MAP3K21,LY2090314,MCF7,0.6047450629008034
Q5TCX8,MAP3K21,Tofacitinib,MCF7,-0.14709851871614393
Q5TCX8,MAP3K21,AZD8055,MCF7,0.03851269484877309
Q5TCX8,MAP3K21,GDC0994,MCF7,0.38831664918713105
Q5TCX8,MAP3K21,JNK,MCF7,-3.438564348641875
Q5TCX8,MAP3K21,LY2584702,MCF7,0.05383321474225858
Q5TCX8,MAP3K21,PH797804,MCF7,0.0325522422348534
Q5TCX8,MAP3K21,Selumetinib,MCF7,-0.040091076811101495
Q5TCX8,MAP3K21,U73122,MCF7,0.6726777993226284
Q5TCX8,MAP3K21,Ulixertinib,MCF7,0.4867301683698776
Q5TCX8,MAP3K21,Amuvatinib,MCF7,0.2814798720972098
Q5TCX8,MAP3K21,AZD3759,MCF7,-0.2588731541448222
Q5TCX8,MAP3K21,GSK690693,MCF7,0.5159571660463801
Q5TCX8,MAP3K21,JNJ,MCF7,-0.0960923409213248
Q5TCX8,MAP3K21,KN62,MCF7,0.7042327781639601
Q5TCX8,MAP3K21,Linsitinib,MCF7,-0.08903176163047832
Q5TCX8,MAP3K21,LY2835219,MCF7,1.1229350127173008
Q5TCX8,MAP3K21,Ribociclib,MCF7,-0.492159519833424
Q5TCX8,MAP3K21,AC220,MCF7,0.3204472600754794
Q5TCX8,MAP3K21,Edelfosine,MCF7,1.7577362312092695
Q5TCX8,MAP3K21,GF109203X,MCF7,-0.1283819434304853
Q5TCX8,MAP3K21,Go6976,MCF7,-2.6031932243127756
Q5TCX8,MAP3K21,PF4708671,MCF7,-0.1764559454549214
Q5TCX8,MAP3K21,SP600125,MCF7,0.5544424231251239
Q5TCX8,MAP3K21,TAK715,MCF7,0.12248034265324874
Q5TCX8,MAP3K21,TBCA,MCF7,0.4158999434705627
Q5TCX8,MAP3K21,AT13148,MCF7,1.0191881617362488
Q5TCX8,MAP3K21,AZ20,MCF7,0.34026672879155917
Q5TCX8,MAP3K21,AZD6738,MCF7,0.3718891828006396
Q5TCX8,MAP3K21,Bosutinib,MCF7,-2.454531876144976
Q5TCX8,MAP3K21,Dabrafenib,MCF7,0.21987579669917048
Q5TCX8,MAP3K21,Dasatinib,MCF7,-0.9962551840388515
Q5TCX8,MAP3K21,DNAPK,MCF7,0.21324364221129313
Q5TCX8,MAP3K21,H89,MCF7,-0.602036561286852
Q5TCX8,MAP3K21,KD025,MCF7,0.6294141370445232
Q5TCX8,MAP3K21,NU7441,MCF7,0.4240590278040344
Q5TCX8,MAP3K21,Ripasudil,MCF7,-0.4990344942621637
Q5TCX8,MAP3K21,Vemurafenib,MCF7,0.3187507966839674
Q5TCX8,MAP3K21,CX4945,MCF7,-0.16401801795435103
Q5TCX8,MAP3K21,GO6983,MCF7,0.01131941505824674
Q5TCX8,MAP3K21,KN93,MCF7,-0.389096058445747
Q5TCX8,MAP3K21,MK2206,MCF7,-0.025766685441314746
Q9Y6R4,MAP3K4,AZD6482,MCF7,
Q9Y6R4,MAP3K4,CAL101,MCF7,
Q9Y6R4,MAP3K4,GDC0941,MCF7,
Q9Y6R4,MAP3K4,HS173,MCF7,
Q9Y6R4,MAP3K4,PIK294,MCF7,
Q9Y6R4,MAP3K4,TGX221,MCF7,
Q9Y6R4,MAP3K4,AZD5438,MCF7,
Q9Y6R4,MAP3K4,FRAX486,MCF7,
Q9Y6R4,MAP3K4,Ku0063794,MCF7,
Q9Y6R4,MAP3K4,PD153035,MCF7,
Q9Y6R4,MAP3K4,PF3758309,MCF7,
Q9Y6R4,MAP3K4,Torin,MCF7,
Q9Y6R4,MAP3K4,Trametinib,MCF7,
Q9Y6R4,MAP3K4,AZD1480,MCF7,
Q9Y6R4,MAP3K4,AZD5363,MCF7,
Q9Y6R4,MAP3K4,BX912,MCF7,
Q9Y6R4,MAP3K4,CHIR99021,MCF7,
Q9Y6R4,MAP3K4,GSK2334470,MCF7,
Q9Y6R4,MAP3K4,Ipatasertib,MCF7,
Q9Y6R4,MAP3K4,LY2090314,MCF7,
Q9Y6R4,MAP3K4,Tofacitinib,MCF7,
Q9Y6R4,MAP3K4,AZD8055,MCF7,
Q9Y6R4,MAP3K4,GDC0994,MCF7,
Q9Y6R4,MAP3K4,JNK,MCF7,
Q9Y6R4,MAP3K4,LY2584702,MCF7,
Q9Y6R4,MAP3K4,PH797804,MCF7,
Q9Y6R4,MAP3K4,Selumetinib,MCF7,
Q9Y6R4,MAP3K4,U73122,MCF7,
Q9Y6R4,MAP3K4,Ulixertinib,MCF7,
Q9Y6R4,MAP3K4,Amuvatinib,MCF7,
Q9Y6R4,MAP3K4,AZD3759,MCF7,
Q9Y6R4,MAP3K4,GSK690693,MCF7,
Q9Y6R4,MAP3K4,JNJ,MCF7,
Q9Y6R4,MAP3K4,KN62,MCF7,
Q9Y6R4,MAP3K4,Linsitinib,MCF7,
Q9Y6R4,MAP3K4,LY2835219,MCF7,
Q9Y6R4,MAP3K4,Ribociclib,MCF7,
Q9Y6R4,MAP3K4,AC220,MCF7,
Q9Y6R4,MAP3K4,Edelfosine,MCF7,
Q9Y6R4,MAP3K4,GF109203X,MCF7,
Q9Y6R4,MAP3K4,Go6976,MCF7,
Q9Y6R4,MAP3K4,PF4708671,MCF7,
Q9Y6R4,MAP3K4,SP600125,MCF7,
Q9Y6R4,MAP3K4,TAK715,MCF7,
Q9Y6R4,MAP3K4,TBCA,MCF7,
Q9Y6R4,MAP3K4,AT13148,MCF7,
Q9Y6R4,MAP3K4,AZ20,MCF7,
Q9Y6R4,MAP3K4,AZD6738,MCF7,
Q9Y6R4,MAP3K4,Bosutinib,MCF7,
Q9Y6R4,MAP3K4,Dabrafenib,MCF7,
Q9Y6R4,MAP3K4,Dasatinib,MCF7,
Q9Y6R4,MAP3K4,DNAPK,MCF7,
Q9Y6R4,MAP3K4,H89,MCF7,
Q9Y6R4,MAP3K4,KD025,MCF7,
Q9Y6R4,MAP3K4,NU7441,MCF7,
Q9Y6R4,MAP3K4,Ripasudil,MCF7,
Q9Y6R4,MAP3K4,Vemurafenib,MCF7,
Q9Y6R4,MAP3K4,CX4945,MCF7,
Q9Y6R4,MAP3K4,GO6983,MCF7,
Q9Y6R4,MAP3K4,KN93,MCF7,
Q9Y6R4,MAP3K4,MK2206,MCF7,
Q96Q15,SMG1,AZD6482,MCF7,0.06914817912834413
Q96Q15,SMG1,CAL101,MCF7,0.641723323321609
Q96Q15,SMG1,GDC0941,MCF7,0.27482808847744594
Q96Q15,SMG1,HS173,MCF7,-0.019807243695107207
Q96Q15,SMG1,PIK294,MCF7,0.28254974700833185
Q96Q15,SMG1,TGX221,MCF7,0.42979440452178763
Q96Q15,SMG1,AZD5438,MCF7,-0.9718653340686461
Q96Q15,SMG1,FRAX486,MCF7,0.6626013273935423
Q96Q15,SMG1,Ku0063794,MCF7,0.08046332855662673
Q96Q15,SMG1,PD153035,MCF7,0.477257972320898
Q96Q15,SMG1,PF3758309,MCF7,0.41555523403899663
Q96Q15,SMG1,Torin,MCF7,0.4402376454085696
Q96Q15,SMG1,Trametinib,MCF7,1.0627664368957173
Q96Q15,SMG1,AZD1480,MCF7,0.25306563053174386
Q96Q15,SMG1,AZD5363,MCF7,-0.21511291509270758
Q96Q15,SMG1,BX912,MCF7,0.6880445122608567
Q96Q15,SMG1,CHIR99021,MCF7,-0.09390344210392501
Q96Q15,SMG1,GSK2334470,MCF7,0.4622012598334038
Q96Q15,SMG1,Ipatasertib,MCF7,0.21944419202566154
Q96Q15,SMG1,LY2090314,MCF7,0.7534914655933944
Q96Q15,SMG1,Tofacitinib,MCF7,-0.33528547907446543
Q96Q15,SMG1,AZD8055,MCF7,-0.46512387772135594
Q96Q15,SMG1,GDC0994,MCF7,-0.25505570646263165
Q96Q15,SMG1,JNK,MCF7,0.12341432029608507
Q96Q15,SMG1,LY2584702,MCF7,-0.5312761832167204
Q96Q15,SMG1,PH797804,MCF7,0.30800030858179034
Q96Q15,SMG1,Selumetinib,MCF7,0.1690488336126922
Q96Q15,SMG1,U73122,MCF7,0.08335743708811713
Q96Q15,SMG1,Ulixertinib,MCF7,0.23390640692786221
Q96Q15,SMG1,Amuvatinib,MCF7,0.7254753595345707
Q96Q15,SMG1,AZD3759,MCF7,0.8607357622175488
Q96Q15,SMG1,GSK690693,MCF7,0.29999569908838264
Q96Q15,SMG1,JNJ,MCF7,0.533560906419128
Q96Q15,SMG1,KN62,MCF7,0.2129525742312159
Q96Q15,SMG1,Linsitinib,MCF7,0.5908328447149996
Q96Q15,SMG1,LY2835219,MCF7,-0.0004980191249522041
Q96Q15,SMG1,Ribociclib,MCF7,0.2264636468770974
Q96Q15,SMG1,AC220,MCF7,-0.8083179739574451
Q96Q15,SMG1,Edelfosine,MCF7,0.2554713150529168
Q96Q15,SMG1,GF109203X,MCF7,-0.4450145441738066
Q96Q15,SMG1,Go6976,MCF7,-0.5486001065984057
Q96Q15,SMG1,PF4708671,MCF7,-0.2299746258980244
Q96Q15,SMG1,SP600125,MCF7,-1.041473421742239
Q96Q15,SMG1,TAK715,MCF7,-0.4335516992134762
Q96Q15,SMG1,TBCA,MCF7,-0.0220186951297171
Q96Q15,SMG1,AT13148,MCF7,-0.1859199111739811
Q96Q15,SMG1,AZ20,MCF7,-0.365029818728425
Q96Q15,SMG1,AZD6738,MCF7,-0.5759698298519758
Q96Q15,SMG1,Bosutinib,MCF7,-0.6518507678032723
Q96Q15,SMG1,Dabrafenib,MCF7,0.25889525942649005
Q96Q15,SMG1,Dasatinib,MCF7,-0.165404514586574
Q96Q15,SMG1,DNAPK,MCF7,-0.6690147879031811
Q96Q15,SMG1,H89,MCF7,-0.40725573618146144
Q96Q15,SMG1,KD025,MCF7,-0.4587225378798043
Q96Q15,SMG1,NU7441,MCF7,-0.17696774577962798
Q96Q15,SMG1,Ripasudil,MCF7,-0.030083978443974594
Q96Q15,SMG1,Vemurafenib,MCF7,-0.5194119600925308
Q96Q15,SMG1,CX4945,MCF7,0.819281168557038
Q96Q15,SMG1,GO6983,MCF7,0.08168214917713523
Q96Q15,SMG1,KN93,MCF7,0.7947215170906748
Q96Q15,SMG1,MK2206,MCF7,0.9026915032902245
Q96SB4,SRPK1,AZD6482,MCF7,-0.48162213016492783
Q96SB4,SRPK1,CAL101,MCF7,-1.3289613959199713
Q96SB4,SRPK1,GDC0941,MCF7,-1.4874688017641504
Q96SB4,SRPK1,HS173,MCF7,-1.0814121091796824
Q96SB4,SRPK1,PIK294,MCF7,-0.8019398173389267
Q96SB4,SRPK1,TGX221,MCF7,-0.8234323295516508
Q96SB4,SRPK1,AZD5438,MCF7,0.6864618734777262
Q96SB4,SRPK1,FRAX486,MCF7,1.0006082726321286
Q96SB4,SRPK1,Ku0063794,MCF7,0.985933093374886
Q96SB4,SRPK1,PD153035,MCF7,-0.6372430615799743
Q96SB4,SRPK1,PF3758309,MCF7,0.17342065381724672
Q96SB4,SRPK1,Torin,MCF7,-1.165870814054821
Q96SB4,SRPK1,Trametinib,MCF7,-1.248488889956221
Q96SB4,SRPK1,AZD1480,MCF7,1.4503862649728307
Q96SB4,SRPK1,AZD5363,MCF7,-0.15904731567236818
Q96SB4,SRPK1,BX912,MCF7,-3.0948155603455314
Q96SB4,SRPK1,CHIR99021,MCF7,0.3130615887036568
Q96SB4,SRPK1,GSK2334470,MCF7,-0.6076464302872812
Q96SB4,SRPK1,Ipatasertib,MCF7,-0.22409951994643526
Q96SB4,SRPK1,LY2090314,MCF7,0.5651951266795474
Q96SB4,SRPK1,Tofacitinib,MCF7,-2.8807780216378616
Q96SB4,SRPK1,AZD8055,MCF7,-0.5738759397262603
Q96SB4,SRPK1,GDC0994,MCF7,-1.1045225136256296
Q96SB4,SRPK1,JNK,MCF7,-0.6775777824790067
Q96SB4,SRPK1,LY2584702,MCF7,-1.710781213942774
Q96SB4,SRPK1,PH797804,MCF7,-0.7056585445216415
Q96SB4,SRPK1,Selumetinib,MCF7,-0.21497413468866391
Q96SB4,SRPK1,U73122,MCF7,-0.548248786647151
Q96SB4,SRPK1,Ulixertinib,MCF7,-0.5712559809235788
Q96SB4,SRPK1,Amuvatinib,MCF7,-1.861888427698893
Q96SB4,SRPK1,AZD3759,MCF7,-0.23872646376725934
Q96SB4,SRPK1,GSK690693,MCF7,2.0511103291188935
Q96SB4,SRPK1,JNJ,MCF7,-1.607756826137761
Q96SB4,SRPK1,KN62,MCF7,-0.8735198555558108
Q96SB4,SRPK1,Linsitinib,MCF7,0.6619475788737668
Q96SB4,SRPK1,LY2835219,MCF7,0.40125037324696244
Q96SB4,SRPK1,Ribociclib,MCF7,-0.7832211831393687
Q96SB4,SRPK1,AC220,MCF7,-0.3683722977418051
Q96SB4,SRPK1,Edelfosine,MCF7,-0.6977677590403363
Q96SB4,SRPK1,GF109203X,MCF7,-1.894847538214452
Q96SB4,SRPK1,Go6976,MCF7,-0.3935710502610906
Q96SB4,SRPK1,PF4708671,MCF7,0.18604679456410084
Q96SB4,SRPK1,SP600125,MCF7,3.2722109730651225
Q96SB4,SRPK1,TAK715,MCF7,4.6687076665699685
Q96SB4,SRPK1,TBCA,MCF7,-1.1356358628585872
Q96SB4,SRPK1,AT13148,MCF7,-3.467336815537772
Q96SB4,SRPK1,AZ20,MCF7,-0.45089196827761374
Q96SB4,SRPK1,AZD6738,MCF7,-0.8140125228302032
Q96SB4,SRPK1,Bosutinib,MCF7,-1.918745469858785
Q96SB4,SRPK1,Dabrafenib,MCF7,-0.9574044079510914
Q96SB4,SRPK1,Dasatinib,MCF7,-1.4367365013234061
Q96SB4,SRPK1,DNAPK,MCF7,-0.9589960629160638
Q96SB4,SRPK1,H89,MCF7,-3.7265613676709095
Q96SB4,SRPK1,KD025,MCF7,-0.8659772327127359
Q96SB4,SRPK1,NU7441,MCF7,-1.426773388798197
Q96SB4,SRPK1,Ripasudil,MCF7,-2.1440702036517068
Q96SB4,SRPK1,Vemurafenib,MCF7,-1.7390006633039192
Q96SB4,SRPK1,CX4945,MCF7,1.091073021153126
Q96SB4,SRPK1,GO6983,MCF7,1.4013527881124794
Q96SB4,SRPK1,KN93,MCF7,1.4938083631739505
Q96SB4,SRPK1,MK2206,MCF7,1.2358332995003443
Q15131,CDK10,AZD6482,MCF7,-0.45684106720376816
Q15131,CDK10,CAL101,MCF7,0.2751886557150963
Q15131,CDK10,GDC0941,MCF7,0.3099956261571372
Q15131,CDK10,HS173,MCF7,0.9259920601447212
Q15131,CDK10,PIK294,MCF7,1.3482107760663193
Q15131,CDK10,TGX221,MCF7,-0.20856481185699177
Q15131,CDK10,AZD5438,MCF7,-1.592210235689096
Q15131,CDK10,FRAX486,MCF7,0.3815682671426774
Q15131,CDK10,Ku0063794,MCF7,0.16902192205298666
Q15131,CDK10,PD153035,MCF7,0.1954967971352336
Q15131,CDK10,PF3758309,MCF7,-0.8178976749772175
Q15131,CDK10,Torin,MCF7,0.7867416524488721
Q15131,CDK10,Trametinib,MCF7,0.03296378094429638
Q15131,CDK10,AZD1480,MCF7,-0.27272519401000866
Q15131,CDK10,AZD5363,MCF7,-0.20114235927713958
Q15131,CDK10,BX912,MCF7,0.11768902397073604
Q15131,CDK10,CHIR99021,MCF7,-0.21814423312498624
Q15131,CDK10,GSK2334470,MCF7,0.8166650392657788
Q15131,CDK10,Ipatasertib,MCF7,0.7749336540760642
Q15131,CDK10,LY2090314,MCF7,0.24671745566032358
Q15131,CDK10,Tofacitinib,MCF7,-0.6341197025002034
Q15131,CDK10,AZD8055,MCF7,2.2749999849469495
Q15131,CDK10,GDC0994,MCF7,0.630959314682488
Q15131,CDK10,JNK,MCF7,1.3198099882394982
Q15131,CDK10,LY2584702,MCF7,2.1343777801645345
Q15131,CDK10,PH797804,MCF7,1.0296207722043482
Q15131,CDK10,Selumetinib,MCF7,0.46161181004760143
Q15131,CDK10,U73122,MCF7,1.841855250861336
Q15131,CDK10,Ulixertinib,MCF7,0.1814893051914611
Q15131,CDK10,Amuvatinib,MCF7,-0.29235962234296137
Q15131,CDK10,AZD3759,MCF7,-0.21772632507882006
Q15131,CDK10,GSK690693,MCF7,0.4916093066242537
Q15131,CDK10,JNJ,MCF7,-0.6747888867901154
Q15131,CDK10,KN62,MCF7,-0.47625734022729016
Q15131,CDK10,Linsitinib,MCF7,-0.11401915429188599
Q15131,CDK10,LY2835219,MCF7,-1.1878644806802559
Q15131,CDK10,Ribociclib,MCF7,-1.519157704842538
Q15131,CDK10,AC220,MCF7,0.5839465437303246
Q15131,CDK10,Edelfosine,MCF7,0.9183432044917229
Q15131,CDK10,GF109203X,MCF7,0.697014043385428
Q15131,CDK10,Go6976,MCF7,1.594677190088451
Q15131,CDK10,PF4708671,MCF7,0.43199758462455307
Q15131,CDK10,SP600125,MCF7,-0.24682724908497009
Q15131,CDK10,TAK715,MCF7,0.8764497330294351
Q15131,CDK10,TBCA,MCF7,0.9226504038148522
Q15131,CDK10,AT13148,MCF7,0.20307441502667556
Q15131,CDK10,AZ20,MCF7,-0.08731960217185368
Q15131,CDK10,AZD6738,MCF7,-0.08929064658813365
Q15131,CDK10,Bosutinib,MCF7,-0.5189925760215757
Q15131,CDK10,Dabrafenib,MCF7,0.21868675249147748
Q15131,CDK10,Dasatinib,MCF7,-0.28584092096528196
Q15131,CDK10,DNAPK,MCF7,-1.0486235061396203
Q15131,CDK10,H89,MCF7,-0.8594327768282137
Q15131,CDK10,KD025,MCF7,-0.9902536097872657
Q15131,CDK10,NU7441,MCF7,-0.3162175233799251
Q15131,CDK10,Ripasudil,MCF7,-0.6365054200289583
Q15131,CDK10,Vemurafenib,MCF7,0.2629159401863766
Q15131,CDK10,CX4945,MCF7,-0.013659105560673755
Q15131,CDK10,GO6983,MCF7,0.2403438847942326
Q15131,CDK10,KN93,MCF7,0.584412343266609
Q15131,CDK10,MK2206,MCF7,-0.38839808811430154
Q99759,MAP3K3,AZD6482,MCF7,-1.3453293543835314
Q99759,MAP3K3,CAL101,MCF7,-1.6368372481818918
Q99759,MAP3K3,GDC0941,MCF7,-1.0921733968357796
Q99759,MAP3K3,HS173,MCF7,-0.7965871830949707
Q99759,MAP3K3,PIK294,MCF7,-1.2924531688622736
Q99759,MAP3K3,TGX221,MCF7,-1.1665632798302297
Q99759,MAP3K3,AZD5438,MCF7,3.5082464566189695
Q99759,MAP3K3,FRAX486,MCF7,-1.0159502206037412
Q99759,MAP3K3,Ku0063794,MCF7,-0.7474055260392112
Q99759,MAP3K3,PD153035,MCF7,-1.1806244686580811
Q99759,MAP3K3,PF3758309,MCF7,2.040710037179901
Q99759,MAP3K3,Torin,MCF7,2.294688731599249
Q99759,MAP3K3,Trametinib,MCF7,3.650360489709965
Q99759,MAP3K3,AZD1480,MCF7,0.009874555210618018
Q99759,MAP3K3,AZD5363,MCF7,-0.9289246831768154
Q99759,MAP3K3,BX912,MCF7,-1.2094706980213137
Q99759,MAP3K3,CHIR99021,MCF7,-1.1434686223577573
Q99759,MAP3K3,GSK2334470,MCF7,-0.6296838541961676
Q99759,MAP3K3,Ipatasertib,MCF7,-7.805102735767193
Q99759,MAP3K3,LY2090314,MCF7,-0.985864352017587
Q99759,MAP3K3,Tofacitinib,MCF7,-0.9210181602140874
Q99759,MAP3K3,AZD8055,MCF7,5.397625729299622
Q99759,MAP3K3,GDC0994,MCF7,-2.346041831392514
Q99759,MAP3K3,JNK,MCF7,-1.256962153829414
Q99759,MAP3K3,LY2584702,MCF7,-1.2992656951196917
Q99759,MAP3K3,PH797804,MCF7,-1.0866695010761585
Q99759,MAP3K3,Selumetinib,MCF7,0.9119665105603103
Q99759,MAP3K3,U73122,MCF7,0.8046653872126507
Q99759,MAP3K3,Ulixertinib,MCF7,-0.9893054114266392
Q99759,MAP3K3,Amuvatinib,MCF7,-0.5032716419841908
Q99759,MAP3K3,AZD3759,MCF7,-0.7844650084597369
Q99759,MAP3K3,GSK690693,MCF7,-1.2241121738402638
Q99759,MAP3K3,JNJ,MCF7,-0.8649188672564342
Q99759,MAP3K3,KN62,MCF7,-0.8792354528278135
Q99759,MAP3K3,Linsitinib,MCF7,-0.4882488967058962
Q99759,MAP3K3,LY2835219,MCF7,-0.8105421088641079
Q99759,MAP3K3,Ribociclib,MCF7,-1.0177140384303596
Q99759,MAP3K3,AC220,MCF7,-2.5667420019456024
Q99759,MAP3K3,Edelfosine,MCF7,-1.2903785995800794
Q99759,MAP3K3,GF109203X,MCF7,-1.9024745981195077
Q99759,MAP3K3,Go6976,MCF7,-2.2689299759048542
Q99759,MAP3K3,PF4708671,MCF7,-2.7914574919845987
Q99759,MAP3K3,SP600125,MCF7,-2.474114292881385
Q99759,MAP3K3,TAK715,MCF7,-0.9281438089552251
Q99759,MAP3K3,TBCA,MCF7,-1.3699856925900287
Q99759,MAP3K3,AT13148,MCF7,-0.9364960789195043
Q99759,MAP3K3,AZ20,MCF7,-0.8812504393845317
Q99759,MAP3K3,AZD6738,MCF7,-1.0036270334107078
Q99759,MAP3K3,Bosutinib,MCF7,-0.8679957418785108
Q99759,MAP3K3,Dabrafenib,MCF7,-0.8666610962928256
Q99759,MAP3K3,Dasatinib,MCF7,-0.6570717644455797
Q99759,MAP3K3,DNAPK,MCF7,-2.2188852448439778
Q99759,MAP3K3,H89,MCF7,-1.153065956449857
Q99759,MAP3K3,KD025,MCF7,-0.8049268285334059
Q99759,MAP3K3,NU7441,MCF7,-1.3611781966502325
Q99759,MAP3K3,Ripasudil,MCF7,2.012036845391561
Q99759,MAP3K3,Vemurafenib,MCF7,-0.9362067564890044
Q99759,MAP3K3,CX4945,MCF7,5.391754620396353
Q99759,MAP3K3,GO6983,MCF7,1.698310094067012
Q99759,MAP3K3,KN93,MCF7,3.386946423075651
Q99759,MAP3K3,MK2206,MCF7,3.0544573657972003
Q9Y3S1,WNK2,AZD6482,MCF7,1.263633268044028
Q9Y3S1,WNK2,CAL101,MCF7,1.1800398821810403
Q9Y3S1,WNK2,GDC0941,MCF7,1.4036944424681963
Q9Y3S1,WNK2,HS173,MCF7,1.4523298112208074
Q9Y3S1,WNK2,PIK294,MCF7,0.9637531394147942
Q9Y3S1,WNK2,TGX221,MCF7,0.2551915209778696
Q9Y3S1,WNK2,AZD5438,MCF7,-0.4265504998635162
Q9Y3S1,WNK2,FRAX486,MCF7,-2.660738984585515
Q9Y3S1,WNK2,Ku0063794,MCF7,0.7865462427851653
Q9Y3S1,WNK2,PD153035,MCF7,-0.38402523880723827
Q9Y3S1,WNK2,PF3758309,MCF7,-0.4677807921564989
Q9Y3S1,WNK2,Torin,MCF7,-0.325167122385016
Q9Y3S1,WNK2,Trametinib,MCF7,-2.044633955628428
Q9Y3S1,WNK2,AZD1480,MCF7,-0.44203230010201716
Q9Y3S1,WNK2,AZD5363,MCF7,-0.3689924840013823
Q9Y3S1,WNK2,BX912,MCF7,0.5101843029670337
Q9Y3S1,WNK2,CHIR99021,MCF7,0.47747764589963193
Q9Y3S1,WNK2,GSK2334470,MCF7,-0.0006879589668270306
Q9Y3S1,WNK2,Ipatasertib,MCF7,-0.24177729536493137
Q9Y3S1,WNK2,LY2090314,MCF7,-0.276171924077598
Q9Y3S1,WNK2,Tofacitinib,MCF7,0.5833344953797283
Q9Y3S1,WNK2,AZD8055,MCF7,2.646920387822799
Q9Y3S1,WNK2,GDC0994,MCF7,4.138905193231089
Q9Y3S1,WNK2,JNK,MCF7,3.3794295412212745
Q9Y3S1,WNK2,LY2584702,MCF7,4.324379041687574
Q9Y3S1,WNK2,PH797804,MCF7,2.54666354348399
Q9Y3S1,WNK2,Selumetinib,MCF7,1.7802548119885369
Q9Y3S1,WNK2,U73122,MCF7,2.933744821597515
Q9Y3S1,WNK2,Ulixertinib,MCF7,5.329946765685527
Q9Y3S1,WNK2,Amuvatinib,MCF7,0.39660622147900954
Q9Y3S1,WNK2,AZD3759,MCF7,1.179010696428075
Q9Y3S1,WNK2,GSK690693,MCF7,-0.04879364436238584
Q9Y3S1,WNK2,JNJ,MCF7,1.1794170929781338
Q9Y3S1,WNK2,KN62,MCF7,0.08751243464030906
Q9Y3S1,WNK2,Linsitinib,MCF7,-0.5811042317313879
Q9Y3S1,WNK2,LY2835219,MCF7,0.545894670231609
Q9Y3S1,WNK2,Ribociclib,MCF7,1.3110439771897615
Q9Y3S1,WNK2,AC220,MCF7,0.49143109570895555
Q9Y3S1,WNK2,Edelfosine,MCF7,1.995617053783183
Q9Y3S1,WNK2,GF109203X,MCF7,1.3794124137756574
Q9Y3S1,WNK2,Go6976,MCF7,0.4193991970211501
Q9Y3S1,WNK2,PF4708671,MCF7,2.0602004409351173
Q9Y3S1,WNK2,SP600125,MCF7,0.9750167901647678
Q9Y3S1,WNK2,TAK715,MCF7,-0.5865595679836243
Q9Y3S1,WNK2,TBCA,MCF7,1.7897251642017629
Q9Y3S1,WNK2,AT13148,MCF7,-1.6539089022287465
Q9Y3S1,WNK2,AZ20,MCF7,-1.6087456667704425
Q9Y3S1,WNK2,AZD6738,MCF7,-0.3297180767649837
Q9Y3S1,WNK2,Bosutinib,MCF7,-0.7823334487356269
Q9Y3S1,WNK2,Dabrafenib,MCF7,-2.5297387388335877
Q9Y3S1,WNK2,Dasatinib,MCF7,-2.0177029812252267
Q9Y3S1,WNK2,DNAPK,MCF7,-0.8842997621471446
Q9Y3S1,WNK2,H89,MCF7,-0.2711442797226788
Q9Y3S1,WNK2,KD025,MCF7,-1.1252506478076794
Q9Y3S1,WNK2,NU7441,MCF7,-2.238371764338466
Q9Y3S1,WNK2,Ripasudil,MCF7,-1.520996600461784
Q9Y3S1,WNK2,Vemurafenib,MCF7,-1.7664674405423562
Q9Y3S1,WNK2,CX4945,MCF7,-0.38965075909747376
Q9Y3S1,WNK2,GO6983,MCF7,-3.210960590948554
Q9Y3S1,WNK2,KN93,MCF7,-0.5508988509087152
Q9Y3S1,WNK2,MK2206,MCF7,-2.0579217007470643
Q86Z02,HIPK1,AZD6482,MCF7,2.2958404178573892
Q86Z02,HIPK1,CAL101,MCF7,-1.1488117489753367
Q86Z02,HIPK1,GDC0941,MCF7,0.2710503860742839
Q86Z02,HIPK1,HS173,MCF7,0.9741066246728031
Q86Z02,HIPK1,PIK294,MCF7,0.6444175538911541
Q86Z02,HIPK1,TGX221,MCF7,-1.4453436137044526
Q86Z02,HIPK1,AZD5438,MCF7,1.4910831617444495
Q86Z02,HIPK1,FRAX486,MCF7,-0.7037455895824293
Q86Z02,HIPK1,Ku0063794,MCF7,1.9780443349192758
Q86Z02,HIPK1,PD153035,MCF7,-1.292151317163445
Q86Z02,HIPK1,PF3758309,MCF7,2.168848998335474
Q86Z02,HIPK1,Torin,MCF7,0.5783769952110942
Q86Z02,HIPK1,Trametinib,MCF7,-0.5545293865767164
Q86Z02,HIPK1,AZD1480,MCF7,0.8557022979262019
Q86Z02,HIPK1,AZD5363,MCF7,-2.3426209451670896
Q86Z02,HIPK1,BX912,MCF7,1.6587056491452583
Q86Z02,HIPK1,CHIR99021,MCF7,1.20779307185418
Q86Z02,HIPK1,GSK2334470,MCF7,2.3724840506456135
Q86Z02,HIPK1,Ipatasertib,MCF7,-0.006055311661003826
Q86Z02,HIPK1,LY2090314,MCF7,0.5445630509051763
Q86Z02,HIPK1,Tofacitinib,MCF7,3.6211704779977545
Q86Z02,HIPK1,AZD8055,MCF7,-0.2193338421933214
Q86Z02,HIPK1,GDC0994,MCF7,0.07248934351200448
Q86Z02,HIPK1,JNK,MCF7,-3.6081713690259223
Q86Z02,HIPK1,LY2584702,MCF7,-1.2873554710968538
Q86Z02,HIPK1,PH797804,MCF7,0.585632098122648
Q86Z02,HIPK1,Selumetinib,MCF7,-3.1725752624856205
Q86Z02,HIPK1,U73122,MCF7,-3.830673983039315
Q86Z02,HIPK1,Ulixertinib,MCF7,0.030257486409007484
Q86Z02,HIPK1,Amuvatinib,MCF7,0.7387064660981492
Q86Z02,HIPK1,AZD3759,MCF7,1.705007962745616
Q86Z02,HIPK1,GSK690693,MCF7,0.270907893914536
Q86Z02,HIPK1,JNJ,MCF7,2.0429667416178923
Q86Z02,HIPK1,KN62,MCF7,0.16240675382080852
Q86Z02,HIPK1,Linsitinib,MCF7,0.61216075797954
Q86Z02,HIPK1,LY2835219,MCF7,1.2979013238978556
Q86Z02,HIPK1,Ribociclib,MCF7,0.5962332548609556
Q86Z02,HIPK1,AC220,MCF7,-0.0018659703013729821
Q86Z02,HIPK1,Edelfosine,MCF7,1.2315603572210463
Q86Z02,HIPK1,GF109203X,MCF7,-0.344208956786264
Q86Z02,HIPK1,Go6976,MCF7,0.5438114884545208
Q86Z02,HIPK1,PF4708671,MCF7,1.605899070035821
Q86Z02,HIPK1,SP600125,MCF7,0.9744038556801694
Q86Z02,HIPK1,TAK715,MCF7,0.48193032771736954
Q86Z02,HIPK1,TBCA,MCF7,1.3262706502299666
Q86Z02,HIPK1,AT13148,MCF7,0.15281384872215603
Q86Z02,HIPK1,AZ20,MCF7,0.7136153049362091
Q86Z02,HIPK1,AZD6738,MCF7,0.8491388562812964
Q86Z02,HIPK1,Bosutinib,MCF7,2.685272494712574
Q86Z02,HIPK1,Dabrafenib,MCF7,2.3537752886116445
Q86Z02,HIPK1,Dasatinib,MCF7,1.5520383589983822
Q86Z02,HIPK1,DNAPK,MCF7,0.9877660761264249
Q86Z02,HIPK1,H89,MCF7,-0.01027726378946208
Q86Z02,HIPK1,KD025,MCF7,0.7611996559143437
Q86Z02,HIPK1,NU7441,MCF7,0.6403162416163546
Q86Z02,HIPK1,Ripasudil,MCF7,2.28297878502644
Q86Z02,HIPK1,Vemurafenib,MCF7,0.6833691286450769
Q86Z02,HIPK1,CX4945,MCF7,-3.570005334739901
Q86Z02,HIPK1,GO6983,MCF7,-2.2107303242103677
Q86Z02,HIPK1,KN93,MCF7,-1.332495417623987
Q86Z02,HIPK1,MK2206,MCF7,-1.4748679364901218
Q9Y5S2,CDC42BPB,AZD6482,MCF7,-0.08866771663161939
Q9Y5S2,CDC42BPB,CAL101,MCF7,-0.6624409580207758
Q9Y5S2,CDC42BPB,GDC0941,MCF7,-1.1027963260938183
Q9Y5S2,CDC42BPB,HS173,MCF7,-0.0991001224669313
Q9Y5S2,CDC42BPB,PIK294,MCF7,0.5938085192651498
Q9Y5S2,CDC42BPB,TGX221,MCF7,0.8894874690162496
Q9Y5S2,CDC42BPB,AZD5438,MCF7,0.5051793133883423
Q9Y5S2,CDC42BPB,FRAX486,MCF7,0.8700392570059817
Q9Y5S2,CDC42BPB,Ku0063794,MCF7,-0.3551824713514647
Q9Y5S2,CDC42BPB,PD153035,MCF7,1.1947198622390804
Q9Y5S2,CDC42BPB,PF3758309,MCF7,1.2452626508216256
Q9Y5S2,CDC42BPB,Torin,MCF7,0.7655572475485144
Q9Y5S2,CDC42BPB,Trametinib,MCF7,0.9565013261995122
Q9Y5S2,CDC42BPB,AZD1480,MCF7,1.8905418663305715
Q9Y5S2,CDC42BPB,AZD5363,MCF7,0.7219257639035892
Q9Y5S2,CDC42BPB,BX912,MCF7,0.7176701235114586
Q9Y5S2,CDC42BPB,CHIR99021,MCF7,-1.1164161825852474
Q9Y5S2,CDC42BPB,GSK2334470,MCF7,1.3388524196536482
Q9Y5S2,CDC42BPB,Ipatasertib,MCF7,-0.6950308370081417
Q9Y5S2,CDC42BPB,LY2090314,MCF7,0.8181316751518299
Q9Y5S2,CDC42BPB,Tofacitinib,MCF7,1.5424894117877868
Q9Y5S2,CDC42BPB,AZD8055,MCF7,0.8461434175029896
Q9Y5S2,CDC42BPB,GDC0994,MCF7,0.26509492206553686
Q9Y5S2,CDC42BPB,JNK,MCF7,0.6884987297019531
Q9Y5S2,CDC42BPB,LY2584702,MCF7,0.6869279380652112
Q9Y5S2,CDC42BPB,PH797804,MCF7,0.1860742597048359
Q9Y5S2,CDC42BPB,Selumetinib,MCF7,0.48048561358884617
Q9Y5S2,CDC42BPB,U73122,MCF7,0.7166373466929126
Q9Y5S2,CDC42BPB,Ulixertinib,MCF7,0.16259092571723563
Q9Y5S2,CDC42BPB,Amuvatinib,MCF7,1.2729632100769548
Q9Y5S2,CDC42BPB,AZD3759,MCF7,0.4769631207514536
Q9Y5S2,CDC42BPB,GSK690693,MCF7,0.2899609805547511
Q9Y5S2,CDC42BPB,JNJ,MCF7,-0.4083395038862924
Q9Y5S2,CDC42BPB,KN62,MCF7,2.6834237659265403
Q9Y5S2,CDC42BPB,Linsitinib,MCF7,1.5644677134806
Q9Y5S2,CDC42BPB,LY2835219,MCF7,-1.0843384808525898
Q9Y5S2,CDC42BPB,Ribociclib,MCF7,-2.5185680259018275
Q9Y5S2,CDC42BPB,AC220,MCF7,0.22160351329791156
Q9Y5S2,CDC42BPB,Edelfosine,MCF7,0.18017089688261426
Q9Y5S2,CDC42BPB,GF109203X,MCF7,0.39899699290437346
Q9Y5S2,CDC42BPB,Go6976,MCF7,-0.01622667804402821
Q9Y5S2,CDC42BPB,PF4708671,MCF7,-0.04055934663182767
Q9Y5S2,CDC42BPB,SP600125,MCF7,0.14012176986608987
Q9Y5S2,CDC42BPB,TAK715,MCF7,0.11268914490559455
Q9Y5S2,CDC42BPB,TBCA,MCF7,-0.1753609553831778
Q9Y5S2,CDC42BPB,AT13148,MCF7,-0.672040026437298
Q9Y5S2,CDC42BPB,AZ20,MCF7,0.7555456281202497
Q9Y5S2,CDC42BPB,AZD6738,MCF7,0.2669094770206172
Q9Y5S2,CDC42BPB,Bosutinib,MCF7,-1.9567837000959027
Q9Y5S2,CDC42BPB,Dabrafenib,MCF7,0.17575881235028598
Q9Y5S2,CDC42BPB,Dasatinib,MCF7,-1.5930053293300572
Q9Y5S2,CDC42BPB,DNAPK,MCF7,-0.8054873563566077
Q9Y5S2,CDC42BPB,H89,MCF7,0.7535986359999525
Q9Y5S2,CDC42BPB,KD025,MCF7,-1.4680666452638609
Q9Y5S2,CDC42BPB,NU7441,MCF7,-1.081680841581033
Q9Y5S2,CDC42BPB,Ripasudil,MCF7,-0.876538366754303
Q9Y5S2,CDC42BPB,Vemurafenib,MCF7,-1.5054454061310059
Q9Y5S2,CDC42BPB,CX4945,MCF7,2.2083329045076145
Q9Y5S2,CDC42BPB,GO6983,MCF7,2.003058352783455
Q9Y5S2,CDC42BPB,KN93,MCF7,1.7918519878565173
Q9Y5S2,CDC42BPB,MK2206,MCF7,1.8821415193920477
Q07002,CDK18,AZD6482,MCF7,-0.4954295329034106
Q07002,CDK18,CAL101,MCF7,0.27639288623071556
Q07002,CDK18,GDC0941,MCF7,0.29883509155608046
Q07002,CDK18,HS173,MCF7,0.9108621064374646
Q07002,CDK18,PIK294,MCF7,1.3473973509214132
Q07002,CDK18,TGX221,MCF7,-0.1919743649853197
Q07002,CDK18,AZD5438,MCF7,-1.5543303016883876
Q07002,CDK18,FRAX486,MCF7,0.41565709806556833
Q07002,CDK18,Ku0063794,MCF7,0.21051764250230923
Q07002,CDK18,PD153035,MCF7,0.24857047660119258
Q07002,CDK18,PF3758309,MCF7,-0.8024042599285832
Q07002,CDK18,Torin,MCF7,0.8520974325770385
Q07002,CDK18,Trametinib,MCF7,0.0809130666644777
Q07002,CDK18,AZD1480,MCF7,-0.4556562121226095
Q07002,CDK18,AZD5363,MCF7,-0.31894179946370044
Q07002,CDK18,BX912,MCF7,0.10269540528277005
Q07002,CDK18,CHIR99021,MCF7,-0.4641107715865593
Q07002,CDK18,GSK2334470,MCF7,0.755390862347512
Q07002,CDK18,Ipatasertib,MCF7,0.7033432917399779
Q07002,CDK18,LY2090314,MCF7,0.16003319299215937
Q07002,CDK18,Tofacitinib,MCF7,-0.7550755961548505
Q07002,CDK18,AZD8055,MCF7,2.301137062878493
Q07002,CDK18,GDC0994,MCF7,0.7379526317319671
Q07002,CDK18,JNK,MCF7,1.4047100188028947
Q07002,CDK18,LY2584702,MCF7,2.183633922172316
Q07002,CDK18,PH797804,MCF7,1.0686086403974462
Q07002,CDK18,Selumetinib,MCF7,0.5066276108979636
Q07002,CDK18,U73122,MCF7,1.8952071087984663
Q07002,CDK18,Ulixertinib,MCF7,0.1822592488971576
Q07002,CDK18,Amuvatinib,MCF7,-0.2803501806963942
Q07002,CDK18,AZD3759,MCF7,-0.21501524053097826
Q07002,CDK18,GSK690693,MCF7,0.5009478221907805
Q07002,CDK18,JNJ,MCF7,-0.6649115890428089
Q07002,CDK18,KN62,MCF7,-0.4362907680016823
Q07002,CDK18,Linsitinib,MCF7,-0.07885353309738496
Q07002,CDK18,LY2835219,MCF7,-1.269691984817707
Q07002,CDK18,Ribociclib,MCF7,-1.6024929079641357
Q07002,CDK18,AC220,MCF7,0.6082777758486212
Q07002,CDK18,Edelfosine,MCF7,0.9424613267815638
Q07002,CDK18,GF109203X,MCF7,0.6822568138421657
Q07002,CDK18,Go6976,MCF7,1.5645991271828743
Q07002,CDK18,PF4708671,MCF7,0.48931246488103214
Q07002,CDK18,SP600125,MCF7,-0.4566105088365089
Q07002,CDK18,TAK715,MCF7,0.7377563144597434
Q07002,CDK18,TBCA,MCF7,0.8407964049853313
Q07002,CDK18,AT13148,MCF7,0.31045871830392
Q07002,CDK18,AZ20,MCF7,-0.012191886963371305
Q07002,CDK18,AZD6738,MCF7,0.01605621896643385
Q07002,CDK18,Bosutinib,MCF7,-0.36817530386996633
Q07002,CDK18,Dabrafenib,MCF7,0.2828349523593053
Q07002,CDK18,Dasatinib,MCF7,-0.16909075445737656
Q07002,CDK18,DNAPK,MCF7,-0.945437400684296
Q07002,CDK18,H89,MCF7,-0.718238618541244
Q07002,CDK18,KD025,MCF7,-0.8906349378309873
Q07002,CDK18,NU7441,MCF7,-0.23553153220231368
Q07002,CDK18,Ripasudil,MCF7,-0.5171890687750967
Q07002,CDK18,Vemurafenib,MCF7,0.32326196856270945
Q07002,CDK18,CX4945,MCF7,0.017160256374052385
Q07002,CDK18,GO6983,MCF7,0.23962053891768562
Q07002,CDK18,KN93,MCF7,0.5715233481630881
Q07002,CDK18,MK2206,MCF7,-0.3155580390456712
P27448,MARK3,AZD6482,MCF7,-2.314222126550955
P27448,MARK3,CAL101,MCF7,-0.7938482428260014
P27448,MARK3,GDC0941,MCF7,-2.1396715836541094
P27448,MARK3,HS173,MCF7,-3.1872628917426282
P27448,MARK3,PIK294,MCF7,-2.5823044046161185
P27448,MARK3,TGX221,MCF7,-0.9173059757339199
P27448,MARK3,AZD5438,MCF7,-0.0001000552908775143
P27448,MARK3,FRAX486,MCF7,-1.303342876226404
P27448,MARK3,Ku0063794,MCF7,-1.6041282064789006
P27448,MARK3,PD153035,MCF7,-1.7908894835841138
P27448,MARK3,PF3758309,MCF7,-1.3091386649023244
P27448,MARK3,Torin,MCF7,-1.8105335062580334
P27448,MARK3,Trametinib,MCF7,-2.364155478473111
P27448,MARK3,AZD1480,MCF7,-1.423333458208955
P27448,MARK3,AZD5363,MCF7,-0.9658923144946306
P27448,MARK3,BX912,MCF7,0.2644110071507787
P27448,MARK3,CHIR99021,MCF7,-0.33243641902587123
P27448,MARK3,GSK2334470,MCF7,0.4581916965064515
P27448,MARK3,Ipatasertib,MCF7,-0.477854200919376
P27448,MARK3,LY2090314,MCF7,0.19239902338189746
P27448,MARK3,Tofacitinib,MCF7,-0.35025161935112553
P27448,MARK3,AZD8055,MCF7,1.297302309699429
P27448,MARK3,GDC0994,MCF7,0.7853461842978657
P27448,MARK3,JNK,MCF7,0.6321052196863401
P27448,MARK3,LY2584702,MCF7,1.491700492133131
P27448,MARK3,PH797804,MCF7,0.6062089865689019
P27448,MARK3,Selumetinib,MCF7,-2.233747060186604
P27448,MARK3,U73122,MCF7,-0.31989215357446205
P27448,MARK3,Ulixertinib,MCF7,1.9506535543407917
P27448,MARK3,Amuvatinib,MCF7,-1.0172412183695867
P27448,MARK3,AZD3759,MCF7,-0.4961165465605365
P27448,MARK3,GSK690693,MCF7,-2.090298947642667
P27448,MARK3,JNJ,MCF7,-0.44403774497076753
P27448,MARK3,KN62,MCF7,-0.5029101313138933
P27448,MARK3,Linsitinib,MCF7,-0.22867045487877463
P27448,MARK3,LY2835219,MCF7,-0.22587867240967988
P27448,MARK3,Ribociclib,MCF7,-0.6897588153539395
P27448,MARK3,AC220,MCF7,1.9910750022953707
P27448,MARK3,Edelfosine,MCF7,0.997944434049133
P27448,MARK3,GF109203X,MCF7,2.3786265319135835
P27448,MARK3,Go6976,MCF7,-0.31407333509268487
P27448,MARK3,PF4708671,MCF7,0.07316991140226968
P27448,MARK3,SP600125,MCF7,0.2775722782878063
P27448,MARK3,TAK715,MCF7,1.8214267554619643
P27448,MARK3,TBCA,MCF7,-0.248217461917164
P27448,MARK3,AT13148,MCF7,-0.08287008064847375
P27448,MARK3,AZ20,MCF7,-0.7364674143979012
P27448,MARK3,AZD6738,MCF7,-1.3666306148893714
P27448,MARK3,Bosutinib,MCF7,0.41307025202518893
P27448,MARK3,Dabrafenib,MCF7,1.5505698195431985
P27448,MARK3,Dasatinib,MCF7,-1.755187551310334
P27448,MARK3,DNAPK,MCF7,0.1660453496108535
P27448,MARK3,H89,MCF7,-0.28906457694792975
P27448,MARK3,KD025,MCF7,-0.8199206167709103
P27448,MARK3,NU7441,MCF7,0.8387910657422615
P27448,MARK3,Ripasudil,MCF7,0.030076649013620515
P27448,MARK3,Vemurafenib,MCF7,-0.7700188386832728
P27448,MARK3,CX4945,MCF7,1.208646328663119
P27448,MARK3,GO6983,MCF7,1.3940930543674295
P27448,MARK3,KN93,MCF7,0.4471937494022568
P27448,MARK3,MK2206,MCF7,0.6598478507938065
Q9BYP7,WNK3,AZD6482,MCF7,
Q9BYP7,WNK3,CAL101,MCF7,
Q9BYP7,WNK3,GDC0941,MCF7,
Q9BYP7,WNK3,HS173,MCF7,
Q9BYP7,WNK3,PIK294,MCF7,
Q9BYP7,WNK3,TGX221,MCF7,
Q9BYP7,WNK3,AZD5438,MCF7,
Q9BYP7,WNK3,FRAX486,MCF7,
Q9BYP7,WNK3,Ku0063794,MCF7,
Q9BYP7,WNK3,PD153035,MCF7,
Q9BYP7,WNK3,PF3758309,MCF7,
Q9BYP7,WNK3,Torin,MCF7,
Q9BYP7,WNK3,Trametinib,MCF7,
Q9BYP7,WNK3,AZD1480,MCF7,
Q9BYP7,WNK3,AZD5363,MCF7,
Q9BYP7,WNK3,BX912,MCF7,
Q9BYP7,WNK3,CHIR99021,MCF7,
Q9BYP7,WNK3,GSK2334470,MCF7,
Q9BYP7,WNK3,Ipatasertib,MCF7,
Q9BYP7,WNK3,LY2090314,MCF7,
Q9BYP7,WNK3,Tofacitinib,MCF7,
Q9BYP7,WNK3,AZD8055,MCF7,
Q9BYP7,WNK3,GDC0994,MCF7,
Q9BYP7,WNK3,JNK,MCF7,
Q9BYP7,WNK3,LY2584702,MCF7,
Q9BYP7,WNK3,PH797804,MCF7,
Q9BYP7,WNK3,Selumetinib,MCF7,
Q9BYP7,WNK3,U73122,MCF7,
Q9BYP7,WNK3,Ulixertinib,MCF7,
Q9BYP7,WNK3,Amuvatinib,MCF7,
Q9BYP7,WNK3,AZD3759,MCF7,
Q9BYP7,WNK3,GSK690693,MCF7,
Q9BYP7,WNK3,JNJ,MCF7,
Q9BYP7,WNK3,KN62,MCF7,
Q9BYP7,WNK3,Linsitinib,MCF7,
Q9BYP7,WNK3,LY2835219,MCF7,
Q9BYP7,WNK3,Ribociclib,MCF7,
Q9BYP7,WNK3,AC220,MCF7,
Q9BYP7,WNK3,Edelfosine,MCF7,
Q9BYP7,WNK3,GF109203X,MCF7,
Q9BYP7,WNK3,Go6976,MCF7,
Q9BYP7,WNK3,PF4708671,MCF7,
Q9BYP7,WNK3,SP600125,MCF7,
Q9BYP7,WNK3,TAK715,MCF7,
Q9BYP7,WNK3,TBCA,MCF7,
Q9BYP7,WNK3,AT13148,MCF7,
Q9BYP7,WNK3,AZ20,MCF7,
Q9BYP7,WNK3,AZD6738,MCF7,
Q9BYP7,WNK3,Bosutinib,MCF7,
Q9BYP7,WNK3,Dabrafenib,MCF7,
Q9BYP7,WNK3,Dasatinib,MCF7,
Q9BYP7,WNK3,DNAPK,MCF7,
Q9BYP7,WNK3,H89,MCF7,
Q9BYP7,WNK3,KD025,MCF7,
Q9BYP7,WNK3,NU7441,MCF7,
Q9BYP7,WNK3,Ripasudil,MCF7,
Q9BYP7,WNK3,Vemurafenib,MCF7,
Q9BYP7,WNK3,CX4945,MCF7,
Q9BYP7,WNK3,GO6983,MCF7,
Q9BYP7,WNK3,KN93,MCF7,
Q9BYP7,WNK3,MK2206,MCF7,
O00506,STK25,AZD6482,MCF7,-0.08217810887235952
O00506,STK25,CAL101,MCF7,0.18857022173773114
O00506,STK25,GDC0941,MCF7,0.1535141780925788
O00506,STK25,HS173,MCF7,-0.05397599443453184
O00506,STK25,PIK294,MCF7,0.3375799459157742
O00506,STK25,TGX221,MCF7,0.04590208407104966
O00506,STK25,AZD5438,MCF7,0.42452584394114296
O00506,STK25,FRAX486,MCF7,0.18880458496851216
O00506,STK25,Ku0063794,MCF7,0.10088877185816886
O00506,STK25,PD153035,MCF7,0.1305694158112646
O00506,STK25,PF3758309,MCF7,-0.43524000557020687
O00506,STK25,Torin,MCF7,0.11525620869850399
O00506,STK25,Trametinib,MCF7,0.3408576952398896
O00506,STK25,AZD1480,MCF7,-0.4338036006065139
O00506,STK25,AZD5363,MCF7,-0.5710970808901211
O00506,STK25,BX912,MCF7,0.532053901791986
O00506,STK25,CHIR99021,MCF7,-0.3767023635077656
O00506,STK25,GSK2334470,MCF7,0.006161125970685071
O00506,STK25,Ipatasertib,MCF7,-0.12443778626618074
O00506,STK25,LY2090314,MCF7,0.10944136849497833
O00506,STK25,Tofacitinib,MCF7,-0.7262144660759835
O00506,STK25,AZD8055,MCF7,0.4109191546334534
O00506,STK25,GDC0994,MCF7,0.3455531629982563
O00506,STK25,JNK,MCF7,0.4518928033574426
O00506,STK25,LY2584702,MCF7,0.4113355903009913
O00506,STK25,PH797804,MCF7,0.3920735127928337
O00506,STK25,Selumetinib,MCF7,0.1100982593358908
O00506,STK25,U73122,MCF7,0.4422401552131796
O00506,STK25,Ulixertinib,MCF7,0.3259395079035339
O00506,STK25,Amuvatinib,MCF7,0.2827497078976571
O00506,STK25,AZD3759,MCF7,0.022630433740656763
O00506,STK25,GSK690693,MCF7,-0.1529512892142289
O00506,STK25,JNJ,MCF7,-0.01819652394625114
O00506,STK25,KN62,MCF7,0.4715043785339535
O00506,STK25,Linsitinib,MCF7,-0.010498830994388354
O00506,STK25,LY2835219,MCF7,0.4498598597821579
O00506,STK25,Ribociclib,MCF7,0.35857165522011675
O00506,STK25,AC220,MCF7,0.49051120746303506
O00506,STK25,Edelfosine,MCF7,-0.020017286174152403
O00506,STK25,GF109203X,MCF7,0.37387150685319187
O00506,STK25,Go6976,MCF7,0.2911642446127629
O00506,STK25,PF4708671,MCF7,0.45570474013793966
O00506,STK25,SP600125,MCF7,0.16887583401300119
O00506,STK25,TAK715,MCF7,0.09018298067878304
O00506,STK25,TBCA,MCF7,0.28662099931623053
O00506,STK25,AT13148,MCF7,-0.33312489440317555
O00506,STK25,AZ20,MCF7,0.2100111182629027
O00506,STK25,AZD6738,MCF7,-0.4323497725430663
O00506,STK25,Bosutinib,MCF7,-1.2832364684851356
O00506,STK25,Dabrafenib,MCF7,0.13925283119657839
O00506,STK25,Dasatinib,MCF7,-0.09616057015702548
O00506,STK25,DNAPK,MCF7,-0.18954248157630257
O00506,STK25,H89,MCF7,-0.13035649635359767
O00506,STK25,KD025,MCF7,0.04653639351929537
O00506,STK25,NU7441,MCF7,0.1472838578586372
O00506,STK25,Ripasudil,MCF7,-0.32316910224901524
O00506,STK25,Vemurafenib,MCF7,-0.0680548766218308
O00506,STK25,CX4945,MCF7,0.021759178959963633
O00506,STK25,GO6983,MCF7,-0.24008451533901123
O00506,STK25,KN93,MCF7,0.09917027346227454
O00506,STK25,MK2206,MCF7,0.14084498211386587
O14874,BCKDK,AZD6482,MCF7,0.24910278061961147
O14874,BCKDK,CAL101,MCF7,-0.6047765558100653
O14874,BCKDK,GDC0941,MCF7,0.4498678190812754
O14874,BCKDK,HS173,MCF7,-0.6402963993502737
O14874,BCKDK,PIK294,MCF7,0.06996639465240437
O14874,BCKDK,TGX221,MCF7,-0.6152908362816797
O14874,BCKDK,AZD5438,MCF7,-0.6472305672117467
O14874,BCKDK,FRAX486,MCF7,0.5862270805539374
O14874,BCKDK,Ku0063794,MCF7,2.1176813245899715
O14874,BCKDK,PD153035,MCF7,0.621231114350766
O14874,BCKDK,PF3758309,MCF7,-1.866073101207353
O14874,BCKDK,Torin,MCF7,1.5680673539990173
O14874,BCKDK,Trametinib,MCF7,0.6101711044939815
O14874,BCKDK,AZD1480,MCF7,0.12497451239262478
O14874,BCKDK,AZD5363,MCF7,-0.847301433598992
O14874,BCKDK,BX912,MCF7,0.036610039922036694
O14874,BCKDK,CHIR99021,MCF7,0.003195825875357219
O14874,BCKDK,GSK2334470,MCF7,-0.34017891034039816
O14874,BCKDK,Ipatasertib,MCF7,0.11252284200873947
O14874,BCKDK,LY2090314,MCF7,0.06068651313618766
O14874,BCKDK,Tofacitinib,MCF7,-1.5393021240947118
O14874,BCKDK,AZD8055,MCF7,-0.5586496082064815
O14874,BCKDK,GDC0994,MCF7,-0.7530979403169257
O14874,BCKDK,JNK,MCF7,-0.7805182589573885
O14874,BCKDK,LY2584702,MCF7,-0.91894456337348
O14874,BCKDK,PH797804,MCF7,-0.6589979193763668
O14874,BCKDK,Selumetinib,MCF7,-0.672065812833453
O14874,BCKDK,U73122,MCF7,-0.7554834930027216
O14874,BCKDK,Ulixertinib,MCF7,-0.3823107798377313
O14874,BCKDK,Amuvatinib,MCF7,1.052008185822194
O14874,BCKDK,AZD3759,MCF7,0.7575517702015208
O14874,BCKDK,GSK690693,MCF7,0.6623979030586677
O14874,BCKDK,JNJ,MCF7,0.3880382594134481
O14874,BCKDK,KN62,MCF7,0.24995470489822394
O14874,BCKDK,Linsitinib,MCF7,0.8737849388099115
O14874,BCKDK,LY2835219,MCF7,0.7544749011654596
O14874,BCKDK,Ribociclib,MCF7,0.3112189923344113
O14874,BCKDK,AC220,MCF7,-0.264074368877795
O14874,BCKDK,Edelfosine,MCF7,-0.9939921257047672
O14874,BCKDK,GF109203X,MCF7,-0.10602881755374449
O14874,BCKDK,Go6976,MCF7,0.5510960930940625
O14874,BCKDK,PF4708671,MCF7,0.03106816451516533
O14874,BCKDK,SP600125,MCF7,0.2570285636878904
O14874,BCKDK,TAK715,MCF7,-0.8485735713688572
O14874,BCKDK,TBCA,MCF7,0.19905558482199584
O14874,BCKDK,AT13148,MCF7,-0.9407985299822166
O14874,BCKDK,AZ20,MCF7,0.16928262393138754
O14874,BCKDK,AZD6738,MCF7,-0.6114741190689991
O14874,BCKDK,Bosutinib,MCF7,-0.2953395896953492
O14874,BCKDK,Dabrafenib,MCF7,-2.1184986561446006
O14874,BCKDK,Dasatinib,MCF7,-0.48892977311541164
O14874,BCKDK,DNAPK,MCF7,0.16520237511666863
O14874,BCKDK,H89,MCF7,-1.1202200716000204
O14874,BCKDK,KD025,MCF7,-0.5258783748472553
O14874,BCKDK,NU7441,MCF7,-1.1879914361854742
O14874,BCKDK,Ripasudil,MCF7,-0.18181541211005203
O14874,BCKDK,Vemurafenib,MCF7,-1.5843559471437947
O14874,BCKDK,CX4945,MCF7,0.7883051110066457
O14874,BCKDK,GO6983,MCF7,0.5492852121163045
O14874,BCKDK,KN93,MCF7,0.84332252521937
O14874,BCKDK,MK2206,MCF7,1.381396618590231
O75385,ULK1,AZD6482,MCF7,-0.21878194684191288
O75385,ULK1,CAL101,MCF7,0.2863829360539916
O75385,ULK1,GDC0941,MCF7,0.41606889762428184
O75385,ULK1,HS173,MCF7,0.06480459970721625
O75385,ULK1,PIK294,MCF7,0.2697824446033349
O75385,ULK1,TGX221,MCF7,0.15358759639317635
O75385,ULK1,AZD5438,MCF7,-0.07325063282318026
O75385,ULK1,FRAX486,MCF7,1.5031091018819451
O75385,ULK1,Ku0063794,MCF7,0.31443115770871005
O75385,ULK1,PD153035,MCF7,0.962168637986132
O75385,ULK1,PF3758309,MCF7,0.8949991613058493
O75385,ULK1,Torin,MCF7,0.9292193922915736
O75385,ULK1,Trametinib,MCF7,1.2913554554563649
O75385,ULK1,AZD1480,MCF7,0.08673060785271823
O75385,ULK1,AZD5363,MCF7,-0.4979015246208095
O75385,ULK1,BX912,MCF7,0.6499692318778687
O75385,ULK1,CHIR99021,MCF7,0.18186584076406226
O75385,ULK1,GSK2334470,MCF7,0.02069367997514691
O75385,ULK1,Ipatasertib,MCF7,-0.2418703172044877
O75385,ULK1,LY2090314,MCF7,0.5196124697211144
O75385,ULK1,Tofacitinib,MCF7,0.4396285954792111
O75385,ULK1,AZD8055,MCF7,-0.2320476091851349
O75385,ULK1,GDC0994,MCF7,0.8188813244477902
O75385,ULK1,JNK,MCF7,0.9710959177625794
O75385,ULK1,LY2584702,MCF7,0.3980770175774201
O75385,ULK1,PH797804,MCF7,0.64492610436222
O75385,ULK1,Selumetinib,MCF7,0.46140772213935144
O75385,ULK1,U73122,MCF7,0.39246734354860274
O75385,ULK1,Ulixertinib,MCF7,0.4421217586641968
O75385,ULK1,Amuvatinib,MCF7,0.32184670836390367
O75385,ULK1,AZD3759,MCF7,-0.27187778176779254
O75385,ULK1,GSK690693,MCF7,0.11716700291783338
O75385,ULK1,JNJ,MCF7,0.048731404775110385
O75385,ULK1,KN62,MCF7,-0.4517303047225671
O75385,ULK1,Linsitinib,MCF7,-0.933779724012581
O75385,ULK1,LY2835219,MCF7,-0.6823723803125827
O75385,ULK1,Ribociclib,MCF7,-0.0412864884250888
O75385,ULK1,AC220,MCF7,-1.6935560720955734
O75385,ULK1,Edelfosine,MCF7,0.053384883742746775
O75385,ULK1,GF109203X,MCF7,-1.6257775948533135
O75385,ULK1,Go6976,MCF7,-0.5829986565696132
O75385,ULK1,PF4708671,MCF7,-0.18776303380200787
O75385,ULK1,SP600125,MCF7,-0.5798801698241576
O75385,ULK1,TAK715,MCF7,-0.7800291257753621
O75385,ULK1,TBCA,MCF7,-0.7034229065580123
O75385,ULK1,AT13148,MCF7,-0.18900750342882314
O75385,ULK1,AZ20,MCF7,-1.0664546602927338
O75385,ULK1,AZD6738,MCF7,0.3402465069755595
O75385,ULK1,Bosutinib,MCF7,-0.30750516321740784
O75385,ULK1,Dabrafenib,MCF7,-0.6816084168743576
O75385,ULK1,Dasatinib,MCF7,0.21677455495389128
O75385,ULK1,DNAPK,MCF7,0.47149328465213536
O75385,ULK1,H89,MCF7,0.9445726643881204
O75385,ULK1,KD025,MCF7,0.7396119129555245
O75385,ULK1,NU7441,MCF7,0.8229064049875761
O75385,ULK1,Ripasudil,MCF7,0.39730759943945876
O75385,ULK1,Vemurafenib,MCF7,0.27850708452803113
O75385,ULK1,CX4945,MCF7,0.43089770370035146
O75385,ULK1,GO6983,MCF7,-0.00617471173022131
O75385,ULK1,KN93,MCF7,0.8577306236396
O75385,ULK1,MK2206,MCF7,0.7461658844634947
Q9UEE5,STK17A,AZD6482,MCF7,-0.46732259834930095
Q9UEE5,STK17A,CAL101,MCF7,0.3317878036606747
Q9UEE5,STK17A,GDC0941,MCF7,-2.443029698589544
Q9UEE5,STK17A,HS173,MCF7,-0.22273113636862596
Q9UEE5,STK17A,PIK294,MCF7,-0.02293863037927663
Q9UEE5,STK17A,TGX221,MCF7,-1.2546434335393817
Q9UEE5,STK17A,AZD5438,MCF7,-2.4634870932476605
Q9UEE5,STK17A,FRAX486,MCF7,-0.0022872837359160006
Q9UEE5,STK17A,Ku0063794,MCF7,-0.4559681411994529
Q9UEE5,STK17A,PD153035,MCF7,0.47624541481327404
Q9UEE5,STK17A,PF3758309,MCF7,-2.0547213145242753
Q9UEE5,STK17A,Torin,MCF7,-0.5185635443006092
Q9UEE5,STK17A,Trametinib,MCF7,-0.4455149304745429
Q9UEE5,STK17A,AZD1480,MCF7,-1.6903412670056663
Q9UEE5,STK17A,AZD5363,MCF7,-0.7706892894717525
Q9UEE5,STK17A,BX912,MCF7,-0.8352514321680974
Q9UEE5,STK17A,CHIR99021,MCF7,-0.6545518066382511
Q9UEE5,STK17A,GSK2334470,MCF7,-0.699915615846199
Q9UEE5,STK17A,Ipatasertib,MCF7,-0.21496833147056482
Q9UEE5,STK17A,LY2090314,MCF7,0.3632791544513975
Q9UEE5,STK17A,Tofacitinib,MCF7,-0.6791821105279346
Q9UEE5,STK17A,AZD8055,MCF7,0.1035739130172728
Q9UEE5,STK17A,GDC0994,MCF7,-0.3142284305876878
Q9UEE5,STK17A,JNK,MCF7,0.41174912975099426
Q9UEE5,STK17A,LY2584702,MCF7,0.4238510750350825
Q9UEE5,STK17A,PH797804,MCF7,-0.027244259517801298
Q9UEE5,STK17A,Selumetinib,MCF7,0.6572501814868388
Q9UEE5,STK17A,U73122,MCF7,1.0176479680359547
Q9UEE5,STK17A,Ulixertinib,MCF7,-1.0054475039689519
Q9UEE5,STK17A,Amuvatinib,MCF7,0.31900884854538736
Q9UEE5,STK17A,AZD3759,MCF7,-0.11850347068997917
Q9UEE5,STK17A,GSK690693,MCF7,-0.3563954823793793
Q9UEE5,STK17A,JNJ,MCF7,-0.6862832781547765
Q9UEE5,STK17A,KN62,MCF7,0.052463564217592275
Q9UEE5,STK17A,Linsitinib,MCF7,-0.823265032995008
Q9UEE5,STK17A,LY2835219,MCF7,-1.9772636526288039
Q9UEE5,STK17A,Ribociclib,MCF7,-2.712923848079817
Q9UEE5,STK17A,AC220,MCF7,-1.2051394793897627
Q9UEE5,STK17A,Edelfosine,MCF7,-1.2665101371936884
Q9UEE5,STK17A,GF109203X,MCF7,-0.5008614103655172
Q9UEE5,STK17A,Go6976,MCF7,-2.4462260422995685
Q9UEE5,STK17A,PF4708671,MCF7,-0.2629383211622518
Q9UEE5,STK17A,SP600125,MCF7,-1.6330557625349724
Q9UEE5,STK17A,TAK715,MCF7,-0.21012674900374403
Q9UEE5,STK17A,TBCA,MCF7,-1.4150123843284832
Q9UEE5,STK17A,AT13148,MCF7,-1.0059823166417
Q9UEE5,STK17A,AZ20,MCF7,-0.08836186721941187
Q9UEE5,STK17A,AZD6738,MCF7,0.5571708970122917
Q9UEE5,STK17A,Bosutinib,MCF7,-0.33286031816189815
Q9UEE5,STK17A,Dabrafenib,MCF7,-0.637097236504449
Q9UEE5,STK17A,Dasatinib,MCF7,0.015274136368373924
Q9UEE5,STK17A,DNAPK,MCF7,-1.9468292508713145
Q9UEE5,STK17A,H89,MCF7,-0.947513261136241
Q9UEE5,STK17A,KD025,MCF7,-2.1478991891616945
Q9UEE5,STK17A,NU7441,MCF7,-0.7644693508589131
Q9UEE5,STK17A,Ripasudil,MCF7,0.20203937350779413
Q9UEE5,STK17A,Vemurafenib,MCF7,-0.37297306521228246
Q9UEE5,STK17A,CX4945,MCF7,-0.4289941858511381
Q9UEE5,STK17A,GO6983,MCF7,0.2606631771082144
Q9UEE5,STK17A,KN93,MCF7,0.32488333420823656
Q9UEE5,STK17A,MK2206,MCF7,-0.20357050411215225
Q9Y4K4,MAP4K5,AZD6482,MCF7,-0.448729989353413
Q9Y4K4,MAP4K5,CAL101,MCF7,0.18184879443622828
Q9Y4K4,MAP4K5,GDC0941,MCF7,-2.7499860767896287
Q9Y4K4,MAP4K5,HS173,MCF7,-1.8366789018817822
Q9Y4K4,MAP4K5,PIK294,MCF7,0.5038529479162572
Q9Y4K4,MAP4K5,TGX221,MCF7,0.1888854548075833
Q9Y4K4,MAP4K5,AZD5438,MCF7,-0.04728362335232158
Q9Y4K4,MAP4K5,FRAX486,MCF7,0.003442511886627595
Q9Y4K4,MAP4K5,Ku0063794,MCF7,-1.6418733219212
Q9Y4K4,MAP4K5,PD153035,MCF7,0.14090619941354737
Q9Y4K4,MAP4K5,PF3758309,MCF7,-0.1412860126707246
Q9Y4K4,MAP4K5,Torin,MCF7,-2.2651876701350653
Q9Y4K4,MAP4K5,Trametinib,MCF7,0.2412164347398529
Q9Y4K4,MAP4K5,AZD1480,MCF7,0.11428342276816657
Q9Y4K4,MAP4K5,AZD5363,MCF7,-1.105307968546938
Q9Y4K4,MAP4K5,BX912,MCF7,0.30514797630941265
Q9Y4K4,MAP4K5,CHIR99021,MCF7,-0.09257988083254856
Q9Y4K4,MAP4K5,GSK2334470,MCF7,-1.5594107450738297
Q9Y4K4,MAP4K5,Ipatasertib,MCF7,-0.35284287488499105
Q9Y4K4,MAP4K5,LY2090314,MCF7,-0.8818126221996991
Q9Y4K4,MAP4K5,Tofacitinib,MCF7,-0.2808603873263145
Q9Y4K4,MAP4K5,AZD8055,MCF7,-2.056768746140837
Q9Y4K4,MAP4K5,GDC0994,MCF7,0.23666396351759916
Q9Y4K4,MAP4K5,JNK,MCF7,0.1557615428122041
Q9Y4K4,MAP4K5,LY2584702,MCF7,-0.3764594580183192
Q9Y4K4,MAP4K5,PH797804,MCF7,0.23584328376697677
Q9Y4K4,MAP4K5,Selumetinib,MCF7,0.019031089915939315
Q9Y4K4,MAP4K5,U73122,MCF7,0.3383233038865071
Q9Y4K4,MAP4K5,Ulixertinib,MCF7,-0.20310898531975624
Q9Y4K4,MAP4K5,Amuvatinib,MCF7,0.35418107627435713
Q9Y4K4,MAP4K5,AZD3759,MCF7,0.22672606386059183
Q9Y4K4,MAP4K5,GSK690693,MCF7,-0.9342371169721341
Q9Y4K4,MAP4K5,JNJ,MCF7,0.16472532811292384
Q9Y4K4,MAP4K5,KN62,MCF7,0.22479155212582477
Q9Y4K4,MAP4K5,Linsitinib,MCF7,-0.32072156774778554
Q9Y4K4,MAP4K5,LY2835219,MCF7,-0.3351233570511719
Q9Y4K4,MAP4K5,Ribociclib,MCF7,0.19586310774147808
Q9Y4K4,MAP4K5,AC220,MCF7,-0.1214857895107396
Q9Y4K4,MAP4K5,Edelfosine,MCF7,-0.46677541982605997
Q9Y4K4,MAP4K5,GF109203X,MCF7,-1.0145945294291383
Q9Y4K4,MAP4K5,Go6976,MCF7,-0.03656982145764505
Q9Y4K4,MAP4K5,PF4708671,MCF7,-0.15855175951803993
Q9Y4K4,MAP4K5,SP600125,MCF7,-0.09644547787366445
Q9Y4K4,MAP4K5,TAK715,MCF7,-0.06464497493543117
Q9Y4K4,MAP4K5,TBCA,MCF7,0.10913181712696952
Q9Y4K4,MAP4K5,AT13148,MCF7,-1.2914640217328188
Q9Y4K4,MAP4K5,AZ20,MCF7,-1.0878200543417371
Q9Y4K4,MAP4K5,AZD6738,MCF7,-1.0363801182673211
Q9Y4K4,MAP4K5,Bosutinib,MCF7,-0.372965444055813
Q9Y4K4,MAP4K5,Dabrafenib,MCF7,0.42007592357053847
Q9Y4K4,MAP4K5,Dasatinib,MCF7,-0.2048874804763023
Q9Y4K4,MAP4K5,DNAPK,MCF7,-0.6087529533189214
Q9Y4K4,MAP4K5,H89,MCF7,-0.8167525949978279
Q9Y4K4,MAP4K5,KD025,MCF7,-0.8866756888841716
Q9Y4K4,MAP4K5,NU7441,MCF7,-0.4889680408050554
Q9Y4K4,MAP4K5,Ripasudil,MCF7,-0.5649973199615935
Q9Y4K4,MAP4K5,Vemurafenib,MCF7,-0.12634123579580067
Q9Y4K4,MAP4K5,CX4945,MCF7,0.011443786969131875
Q9Y4K4,MAP4K5,GO6983,MCF7,-0.5218234896664072
Q9Y4K4,MAP4K5,KN93,MCF7,0.015039490931646726
Q9Y4K4,MAP4K5,MK2206,MCF7,-0.46625212635443913
P10398,ARAF,AZD6482,MCF7,-0.3616268575962285
P10398,ARAF,CAL101,MCF7,-0.2096477819716195
P10398,ARAF,GDC0941,MCF7,-0.5996965435645433
P10398,ARAF,HS173,MCF7,-0.6633735632205914
P10398,ARAF,PIK294,MCF7,0.09827147883101647
P10398,ARAF,TGX221,MCF7,0.029543160473416052
P10398,ARAF,AZD5438,MCF7,0.09127789262337938
P10398,ARAF,FRAX486,MCF7,-0.04262834035109291
P10398,ARAF,Ku0063794,MCF7,-0.25568746550431437
P10398,ARAF,PD153035,MCF7,-0.12771689289574825
P10398,ARAF,PF3758309,MCF7,-0.49146674463842316
P10398,ARAF,Torin,MCF7,-0.24152509923132312
P10398,ARAF,Trametinib,MCF7,0.33609435128842446
P10398,ARAF,AZD1480,MCF7,0.08958670689419158
P10398,ARAF,AZD5363,MCF7,-0.1865785944602002
P10398,ARAF,BX912,MCF7,0.46936713102089933
P10398,ARAF,CHIR99021,MCF7,0.012652337892020056
P10398,ARAF,GSK2334470,MCF7,0.23372224476062187
P10398,ARAF,Ipatasertib,MCF7,0.45848161698794676
P10398,ARAF,LY2090314,MCF7,-0.22034977483379917
P10398,ARAF,Tofacitinib,MCF7,-0.581906950436649
P10398,ARAF,AZD8055,MCF7,-0.14561829829516715
P10398,ARAF,GDC0994,MCF7,-0.13306098651751064
P10398,ARAF,JNK,MCF7,0.4252296784231057
P10398,ARAF,LY2584702,MCF7,-0.5191014389445375
P10398,ARAF,PH797804,MCF7,-0.24652392033391343
P10398,ARAF,Selumetinib,MCF7,0.016517870648739195
P10398,ARAF,U73122,MCF7,-0.028739981420698776
P10398,ARAF,Ulixertinib,MCF7,-0.24152946008853685
P10398,ARAF,Amuvatinib,MCF7,0.9180334604030402
P10398,ARAF,AZD3759,MCF7,0.3563360616393639
P10398,ARAF,GSK690693,MCF7,0.22039629328063123
P10398,ARAF,JNJ,MCF7,0.8289770124230155
P10398,ARAF,KN62,MCF7,0.14125222560850123
P10398,ARAF,Linsitinib,MCF7,-0.09493928570954051
P10398,ARAF,LY2835219,MCF7,-0.18966770919845513
P10398,ARAF,Ribociclib,MCF7,0.6222370989591163
P10398,ARAF,AC220,MCF7,0.2966322381183672
P10398,ARAF,Edelfosine,MCF7,-1.1082774187324687
P10398,ARAF,GF109203X,MCF7,-0.11756088100674611
P10398,ARAF,Go6976,MCF7,-0.656767166962228
P10398,ARAF,PF4708671,MCF7,0.2370077366636284
P10398,ARAF,SP600125,MCF7,-1.2288491110362125
P10398,ARAF,TAK715,MCF7,-0.13722213829670316
P10398,ARAF,TBCA,MCF7,-0.7703942812296668
P10398,ARAF,AT13148,MCF7,-0.4207599273328553
P10398,ARAF,AZ20,MCF7,-0.06943418894451578
P10398,ARAF,AZD6738,MCF7,0.18283869816368203
P10398,ARAF,Bosutinib,MCF7,-0.2155794781834171
P10398,ARAF,Dabrafenib,MCF7,0.3006840287190097
P10398,ARAF,Dasatinib,MCF7,0.07658569620611953
P10398,ARAF,DNAPK,MCF7,-0.5749640477938939
P10398,ARAF,H89,MCF7,-0.21391396211011168
P10398,ARAF,KD025,MCF7,-0.7369046582531587
P10398,ARAF,NU7441,MCF7,-0.36167135626775526
P10398,ARAF,Ripasudil,MCF7,0.2636004823369996
P10398,ARAF,Vemurafenib,MCF7,0.17730611418283976
P10398,ARAF,CX4945,MCF7,0.9363936843270947
P10398,ARAF,GO6983,MCF7,0.9710874928478281
P10398,ARAF,KN93,MCF7,1.5286738322349749
P10398,ARAF,MK2206,MCF7,0.6204355083119378
P51956,NEK3,AZD6482,MCF7,-0.35755863066477717
P51956,NEK3,CAL101,MCF7,-0.26230214484618003
P51956,NEK3,GDC0941,MCF7,-0.28992940217671764
P51956,NEK3,HS173,MCF7,-0.9548070570345438
P51956,NEK3,PIK294,MCF7,-0.7040373554677328
P51956,NEK3,TGX221,MCF7,-1.0915008891547024
P51956,NEK3,AZD5438,MCF7,1.5326116564050343
P51956,NEK3,FRAX486,MCF7,0.6738061287868891
P51956,NEK3,Ku0063794,MCF7,1.0722686639266286
P51956,NEK3,PD153035,MCF7,0.4681719909967299
P51956,NEK3,PF3758309,MCF7,1.1137103553576073
P51956,NEK3,Torin,MCF7,0.9988227166034651
P51956,NEK3,Trametinib,MCF7,1.5846496264244685
P51956,NEK3,AZD1480,MCF7,1.5573967357774021
P51956,NEK3,AZD5363,MCF7,1.6055532771514562
P51956,NEK3,BX912,MCF7,1.8088862576105376
P51956,NEK3,CHIR99021,MCF7,1.7387236200867338
P51956,NEK3,GSK2334470,MCF7,2.4514321068153753
P51956,NEK3,Ipatasertib,MCF7,1.6421262250005342
P51956,NEK3,LY2090314,MCF7,1.3907364434678835
P51956,NEK3,Tofacitinib,MCF7,0.049015538159428565
P51956,NEK3,AZD8055,MCF7,-0.185540087453184
P51956,NEK3,GDC0994,MCF7,-0.24300847174929016
P51956,NEK3,JNK,MCF7,-0.7023276556639177
P51956,NEK3,LY2584702,MCF7,-1.2441717256297395
P51956,NEK3,PH797804,MCF7,-0.7929809357008841
P51956,NEK3,Selumetinib,MCF7,0.2156480808241072
P51956,NEK3,U73122,MCF7,-1.1289029910567918
P51956,NEK3,Ulixertinib,MCF7,-0.8317367469673547
P51956,NEK3,Amuvatinib,MCF7,-0.04827679484565807
P51956,NEK3,AZD3759,MCF7,1.00034324910845
P51956,NEK3,GSK690693,MCF7,1.285479759551321
P51956,NEK3,JNJ,MCF7,1.0747925752435976
P51956,NEK3,KN62,MCF7,-0.5537566280765678
P51956,NEK3,Linsitinib,MCF7,-0.1720903974040966
P51956,NEK3,LY2835219,MCF7,0.7080297489203247
P51956,NEK3,Ribociclib,MCF7,0.6377168109707515
P51956,NEK3,AC220,MCF7,-0.1793611762743927
P51956,NEK3,Edelfosine,MCF7,-0.8491442485445304
P51956,NEK3,GF109203X,MCF7,-0.07930013012477784
P51956,NEK3,Go6976,MCF7,1.050958528757627
P51956,NEK3,PF4708671,MCF7,-0.12357581950233962
P51956,NEK3,SP600125,MCF7,0.04680278487854316
P51956,NEK3,TAK715,MCF7,-0.5709349504795411
P51956,NEK3,TBCA,MCF7,-0.1441387584511778
P51956,NEK3,AT13148,MCF7,1.4858348394612373
P51956,NEK3,AZ20,MCF7,1.3383208448627961
P51956,NEK3,AZD6738,MCF7,0.5116578724843476
P51956,NEK3,Bosutinib,MCF7,1.4139980019739982
P51956,NEK3,Dabrafenib,MCF7,1.3115364715065188
P51956,NEK3,Dasatinib,MCF7,0.8846524100597191
P51956,NEK3,DNAPK,MCF7,0.04176462022853382
P51956,NEK3,H89,MCF7,1.8100490414394168
P51956,NEK3,KD025,MCF7,1.1546344229151257
P51956,NEK3,NU7441,MCF7,1.463700101438995
P51956,NEK3,Ripasudil,MCF7,0.7474336418866443
P51956,NEK3,Vemurafenib,MCF7,1.2597945615128163
P51956,NEK3,CX4945,MCF7,-0.6948385619591017
P51956,NEK3,GO6983,MCF7,0.1215273349902733
P51956,NEK3,KN93,MCF7,0.4231753354107833
P51956,NEK3,MK2206,MCF7,0.6691066560113335
P11274,BCR,AZD6482,MCF7,-0.5477054394978451
P11274,BCR,CAL101,MCF7,0.5449919390840346
P11274,BCR,GDC0941,MCF7,0.28003499458469505
P11274,BCR,HS173,MCF7,0.06941548458611352
P11274,BCR,PIK294,MCF7,0.4263374732320545
P11274,BCR,TGX221,MCF7,-0.051128938848922695
P11274,BCR,AZD5438,MCF7,-0.06034989594612796
P11274,BCR,FRAX486,MCF7,-1.178167104471044
P11274,BCR,Ku0063794,MCF7,0.5733001908231311
P11274,BCR,PD153035,MCF7,-0.5201199825826273
P11274,BCR,PF3758309,MCF7,-0.17153041565821273
P11274,BCR,Torin,MCF7,0.5872531353029874
P11274,BCR,Trametinib,MCF7,0.3193900436955207
P11274,BCR,AZD1480,MCF7,-3.121736511686947
P11274,BCR,AZD5363,MCF7,-0.8948198375619074
P11274,BCR,BX912,MCF7,-1.6837202582424877
P11274,BCR,CHIR99021,MCF7,0.23519562732248994
P11274,BCR,GSK2334470,MCF7,-1.7676614698684745
P11274,BCR,Ipatasertib,MCF7,-1.253828959443141
P11274,BCR,LY2090314,MCF7,-1.1816216896680483
P11274,BCR,Tofacitinib,MCF7,-1.4852214672750481
P11274,BCR,AZD8055,MCF7,0.30436013027463305
P11274,BCR,GDC0994,MCF7,0.7700523860282423
P11274,BCR,JNK,MCF7,0.8234079721185507
P11274,BCR,LY2584702,MCF7,0.4742571096498839
P11274,BCR,PH797804,MCF7,0.08415643349049208
P11274,BCR,Selumetinib,MCF7,-1.0306384608493404
P11274,BCR,U73122,MCF7,1.125381096029647
P11274,BCR,Ulixertinib,MCF7,0.6038408754815301
P11274,BCR,Amuvatinib,MCF7,-0.7971413742643473
P11274,BCR,AZD3759,MCF7,-1.2302441067188752
P11274,BCR,GSK690693,MCF7,-0.19881925318993107
P11274,BCR,JNJ,MCF7,-0.461016725703532
P11274,BCR,KN62,MCF7,-0.49017958034227616
P11274,BCR,Linsitinib,MCF7,-0.9361356081856551
P11274,BCR,LY2835219,MCF7,-0.09630717134722534
P11274,BCR,Ribociclib,MCF7,-0.6965063661535226
P11274,BCR,AC220,MCF7,1.2786862565428039
P11274,BCR,Edelfosine,MCF7,0.5134498362975849
P11274,BCR,GF109203X,MCF7,1.2724659754324836
P11274,BCR,Go6976,MCF7,-0.5580497808582185
P11274,BCR,PF4708671,MCF7,1.181066827153133
P11274,BCR,SP600125,MCF7,-0.00455909349604591
P11274,BCR,TAK715,MCF7,-0.16612971230307144
P11274,BCR,TBCA,MCF7,0.5616139839253101
P11274,BCR,AT13148,MCF7,1.1045619604430494
P11274,BCR,AZ20,MCF7,0.20511951008667945
P11274,BCR,AZD6738,MCF7,0.1626217192268847
P11274,BCR,Bosutinib,MCF7,-0.8500001861363338
P11274,BCR,Dabrafenib,MCF7,0.13317609870096794
P11274,BCR,Dasatinib,MCF7,0.10470774740709522
P11274,BCR,DNAPK,MCF7,-0.6500541117070066
P11274,BCR,H89,MCF7,0.27897870122379237
P11274,BCR,KD025,MCF7,0.49301733053472174
P11274,BCR,NU7441,MCF7,0.10234829936668434
P11274,BCR,Ripasudil,MCF7,-0.30012715722045064
P11274,BCR,Vemurafenib,MCF7,-0.5070270551089827
P11274,BCR,CX4945,MCF7,-0.17059298282004784
P11274,BCR,GO6983,MCF7,-0.47232620843958134
P11274,BCR,KN93,MCF7,-1.433985683673507
P11274,BCR,MK2206,MCF7,0.2218479985168745
Q96PY6,NEK1,AZD6482,MCF7,
Q96PY6,NEK1,CAL101,MCF7,
Q96PY6,NEK1,GDC0941,MCF7,
Q96PY6,NEK1,HS173,MCF7,
Q96PY6,NEK1,PIK294,MCF7,
Q96PY6,NEK1,TGX221,MCF7,
Q96PY6,NEK1,AZD5438,MCF7,
Q96PY6,NEK1,FRAX486,MCF7,
Q96PY6,NEK1,Ku0063794,MCF7,
Q96PY6,NEK1,PD153035,MCF7,
Q96PY6,NEK1,PF3758309,MCF7,
Q96PY6,NEK1,Torin,MCF7,
Q96PY6,NEK1,Trametinib,MCF7,
Q96PY6,NEK1,AZD1480,MCF7,
Q96PY6,NEK1,AZD5363,MCF7,
Q96PY6,NEK1,BX912,MCF7,
Q96PY6,NEK1,CHIR99021,MCF7,
Q96PY6,NEK1,GSK2334470,MCF7,
Q96PY6,NEK1,Ipatasertib,MCF7,
Q96PY6,NEK1,LY2090314,MCF7,
Q96PY6,NEK1,Tofacitinib,MCF7,
Q96PY6,NEK1,AZD8055,MCF7,
Q96PY6,NEK1,GDC0994,MCF7,
Q96PY6,NEK1,JNK,MCF7,
Q96PY6,NEK1,LY2584702,MCF7,
Q96PY6,NEK1,PH797804,MCF7,
Q96PY6,NEK1,Selumetinib,MCF7,
Q96PY6,NEK1,U73122,MCF7,
Q96PY6,NEK1,Ulixertinib,MCF7,
Q96PY6,NEK1,Amuvatinib,MCF7,
Q96PY6,NEK1,AZD3759,MCF7,
Q96PY6,NEK1,GSK690693,MCF7,
Q96PY6,NEK1,JNJ,MCF7,
Q96PY6,NEK1,KN62,MCF7,
Q96PY6,NEK1,Linsitinib,MCF7,
Q96PY6,NEK1,LY2835219,MCF7,
Q96PY6,NEK1,Ribociclib,MCF7,
Q96PY6,NEK1,AC220,MCF7,
Q96PY6,NEK1,Edelfosine,MCF7,
Q96PY6,NEK1,GF109203X,MCF7,
Q96PY6,NEK1,Go6976,MCF7,
Q96PY6,NEK1,PF4708671,MCF7,
Q96PY6,NEK1,SP600125,MCF7,
Q96PY6,NEK1,TAK715,MCF7,
Q96PY6,NEK1,TBCA,MCF7,
Q96PY6,NEK1,AT13148,MCF7,
Q96PY6,NEK1,AZ20,MCF7,
Q96PY6,NEK1,AZD6738,MCF7,
Q96PY6,NEK1,Bosutinib,MCF7,
Q96PY6,NEK1,Dabrafenib,MCF7,
Q96PY6,NEK1,Dasatinib,MCF7,
Q96PY6,NEK1,DNAPK,MCF7,
Q96PY6,NEK1,H89,MCF7,
Q96PY6,NEK1,KD025,MCF7,
Q96PY6,NEK1,NU7441,MCF7,
Q96PY6,NEK1,Ripasudil,MCF7,
Q96PY6,NEK1,Vemurafenib,MCF7,
Q96PY6,NEK1,CX4945,MCF7,
Q96PY6,NEK1,GO6983,MCF7,
Q96PY6,NEK1,KN93,MCF7,
Q96PY6,NEK1,MK2206,MCF7,
P80192,MAP3K9,AZD6482,MCF7,
P80192,MAP3K9,CAL101,MCF7,
P80192,MAP3K9,GDC0941,MCF7,
P80192,MAP3K9,HS173,MCF7,
P80192,MAP3K9,PIK294,MCF7,
P80192,MAP3K9,TGX221,MCF7,
P80192,MAP3K9,AZD5438,MCF7,
P80192,MAP3K9,FRAX486,MCF7,
P80192,MAP3K9,Ku0063794,MCF7,
P80192,MAP3K9,PD153035,MCF7,
P80192,MAP3K9,PF3758309,MCF7,
P80192,MAP3K9,Torin,MCF7,
P80192,MAP3K9,Trametinib,MCF7,
P80192,MAP3K9,AZD1480,MCF7,
P80192,MAP3K9,AZD5363,MCF7,
P80192,MAP3K9,BX912,MCF7,
P80192,MAP3K9,CHIR99021,MCF7,
P80192,MAP3K9,GSK2334470,MCF7,
P80192,MAP3K9,Ipatasertib,MCF7,
P80192,MAP3K9,LY2090314,MCF7,
P80192,MAP3K9,Tofacitinib,MCF7,
P80192,MAP3K9,AZD8055,MCF7,
P80192,MAP3K9,GDC0994,MCF7,
P80192,MAP3K9,JNK,MCF7,
P80192,MAP3K9,LY2584702,MCF7,
P80192,MAP3K9,PH797804,MCF7,
P80192,MAP3K9,Selumetinib,MCF7,
P80192,MAP3K9,U73122,MCF7,
P80192,MAP3K9,Ulixertinib,MCF7,
P80192,MAP3K9,Amuvatinib,MCF7,
P80192,MAP3K9,AZD3759,MCF7,
P80192,MAP3K9,GSK690693,MCF7,
P80192,MAP3K9,JNJ,MCF7,
P80192,MAP3K9,KN62,MCF7,
P80192,MAP3K9,Linsitinib,MCF7,
P80192,MAP3K9,LY2835219,MCF7,
P80192,MAP3K9,Ribociclib,MCF7,
P80192,MAP3K9,AC220,MCF7,
P80192,MAP3K9,Edelfosine,MCF7,
P80192,MAP3K9,GF109203X,MCF7,
P80192,MAP3K9,Go6976,MCF7,
P80192,MAP3K9,PF4708671,MCF7,
P80192,MAP3K9,SP600125,MCF7,
P80192,MAP3K9,TAK715,MCF7,
P80192,MAP3K9,TBCA,MCF7,
P80192,MAP3K9,AT13148,MCF7,
P80192,MAP3K9,AZ20,MCF7,
P80192,MAP3K9,AZD6738,MCF7,
P80192,MAP3K9,Bosutinib,MCF7,
P80192,MAP3K9,Dabrafenib,MCF7,
P80192,MAP3K9,Dasatinib,MCF7,
P80192,MAP3K9,DNAPK,MCF7,
P80192,MAP3K9,H89,MCF7,
P80192,MAP3K9,KD025,MCF7,
P80192,MAP3K9,NU7441,MCF7,
P80192,MAP3K9,Ripasudil,MCF7,
P80192,MAP3K9,Vemurafenib,MCF7,
P80192,MAP3K9,CX4945,MCF7,
P80192,MAP3K9,GO6983,MCF7,
P80192,MAP3K9,KN93,MCF7,
P80192,MAP3K9,MK2206,MCF7,
P42679,MATK,AZD6482,MCF7,
P42679,MATK,CAL101,MCF7,
P42679,MATK,GDC0941,MCF7,
P42679,MATK,HS173,MCF7,
P42679,MATK,PIK294,MCF7,
P42679,MATK,TGX221,MCF7,
P42679,MATK,AZD5438,MCF7,
P42679,MATK,FRAX486,MCF7,
P42679,MATK,Ku0063794,MCF7,
P42679,MATK,PD153035,MCF7,
P42679,MATK,PF3758309,MCF7,
P42679,MATK,Torin,MCF7,
P42679,MATK,Trametinib,MCF7,
P42679,MATK,AZD1480,MCF7,
P42679,MATK,AZD5363,MCF7,
P42679,MATK,BX912,MCF7,
P42679,MATK,CHIR99021,MCF7,
P42679,MATK,GSK2334470,MCF7,
P42679,MATK,Ipatasertib,MCF7,
P42679,MATK,LY2090314,MCF7,
P42679,MATK,Tofacitinib,MCF7,
P42679,MATK,AZD8055,MCF7,
P42679,MATK,GDC0994,MCF7,
P42679,MATK,JNK,MCF7,
P42679,MATK,LY2584702,MCF7,
P42679,MATK,PH797804,MCF7,
P42679,MATK,Selumetinib,MCF7,
P42679,MATK,U73122,MCF7,
P42679,MATK,Ulixertinib,MCF7,
P42679,MATK,Amuvatinib,MCF7,
P42679,MATK,AZD3759,MCF7,
P42679,MATK,GSK690693,MCF7,
P42679,MATK,JNJ,MCF7,
P42679,MATK,KN62,MCF7,
P42679,MATK,Linsitinib,MCF7,
P42679,MATK,LY2835219,MCF7,
P42679,MATK,Ribociclib,MCF7,
P42679,MATK,AC220,MCF7,
P42679,MATK,Edelfosine,MCF7,
P42679,MATK,GF109203X,MCF7,
P42679,MATK,Go6976,MCF7,
P42679,MATK,PF4708671,MCF7,
P42679,MATK,SP600125,MCF7,
P42679,MATK,TAK715,MCF7,
P42679,MATK,TBCA,MCF7,
P42679,MATK,AT13148,MCF7,
P42679,MATK,AZ20,MCF7,
P42679,MATK,AZD6738,MCF7,
P42679,MATK,Bosutinib,MCF7,
P42679,MATK,Dabrafenib,MCF7,
P42679,MATK,Dasatinib,MCF7,
P42679,MATK,DNAPK,MCF7,
P42679,MATK,H89,MCF7,
P42679,MATK,KD025,MCF7,
P42679,MATK,NU7441,MCF7,
P42679,MATK,Ripasudil,MCF7,
P42679,MATK,Vemurafenib,MCF7,
P42679,MATK,CX4945,MCF7,
P42679,MATK,GO6983,MCF7,
P42679,MATK,KN93,MCF7,
P42679,MATK,MK2206,MCF7,
Q00536,CDK16,AZD6482,MCF7,-0.676208172742317
Q00536,CDK16,CAL101,MCF7,0.15002221379315656
Q00536,CDK16,GDC0941,MCF7,-0.02698971626258803
Q00536,CDK16,HS173,MCF7,0.6551482658841997
Q00536,CDK16,PIK294,MCF7,1.1482886979233533
Q00536,CDK16,TGX221,MCF7,-0.1746043456407251
Q00536,CDK16,AZD5438,MCF7,-1.9632688683865251
Q00536,CDK16,FRAX486,MCF7,0.30265230152477246
Q00536,CDK16,Ku0063794,MCF7,0.3485754632289252
Q00536,CDK16,PD153035,MCF7,0.4528889654123841
Q00536,CDK16,PF3758309,MCF7,-0.723639984757273
Q00536,CDK16,Torin,MCF7,0.804510594260192
Q00536,CDK16,Trametinib,MCF7,0.5453424283507543
Q00536,CDK16,AZD1480,MCF7,-0.2696239040026895
Q00536,CDK16,AZD5363,MCF7,-0.029549171563132106
Q00536,CDK16,BX912,MCF7,0.27917177674190047
Q00536,CDK16,CHIR99021,MCF7,0.04115988893726255
Q00536,CDK16,GSK2334470,MCF7,0.6273784028557536
Q00536,CDK16,Ipatasertib,MCF7,0.8855624288953214
Q00536,CDK16,LY2090314,MCF7,0.05342212713272193
Q00536,CDK16,Tofacitinib,MCF7,-0.4564613925533312
Q00536,CDK16,AZD8055,MCF7,2.0262116214612833
Q00536,CDK16,GDC0994,MCF7,0.9154802225313098
Q00536,CDK16,JNK,MCF7,1.3292239776074481
Q00536,CDK16,LY2584702,MCF7,1.8585431749515924
Q00536,CDK16,PH797804,MCF7,1.2356440203423429
Q00536,CDK16,Selumetinib,MCF7,0.5867126098140835
Q00536,CDK16,U73122,MCF7,1.872240689433684
Q00536,CDK16,Ulixertinib,MCF7,0.18216251360851202
Q00536,CDK16,Amuvatinib,MCF7,-0.3377034332128458
Q00536,CDK16,AZD3759,MCF7,0.09149661624355392
Q00536,CDK16,GSK690693,MCF7,0.5880723601587509
Q00536,CDK16,JNJ,MCF7,-0.3839736286950866
Q00536,CDK16,KN62,MCF7,-0.2152076395791415
Q00536,CDK16,Linsitinib,MCF7,-0.20636363601122856
Q00536,CDK16,LY2835219,MCF7,-2.0272250676478554
Q00536,CDK16,Ribociclib,MCF7,-1.7800579556982816
Q00536,CDK16,AC220,MCF7,0.7454746376626609
Q00536,CDK16,Edelfosine,MCF7,0.9249999946073828
Q00536,CDK16,GF109203X,MCF7,0.7719531469539477
Q00536,CDK16,Go6976,MCF7,1.5775523342394098
Q00536,CDK16,PF4708671,MCF7,0.6488248617373361
Q00536,CDK16,SP600125,MCF7,-0.3499116021233616
Q00536,CDK16,TAK715,MCF7,0.9950977464765627
Q00536,CDK16,TBCA,MCF7,0.7517525457082334
Q00536,CDK16,AT13148,MCF7,-0.1439311539313824
Q00536,CDK16,AZ20,MCF7,0.008561478240071722
Q00536,CDK16,AZD6738,MCF7,-0.10675590917409312
Q00536,CDK16,Bosutinib,MCF7,-0.4568748573395063
Q00536,CDK16,Dabrafenib,MCF7,-0.5977242990370991
Q00536,CDK16,Dasatinib,MCF7,-0.301961487976728
Q00536,CDK16,DNAPK,MCF7,-1.1829510809606145
Q00536,CDK16,H89,MCF7,-0.7491566925401568
Q00536,CDK16,KD025,MCF7,-1.0760126657943718
Q00536,CDK16,NU7441,MCF7,-0.550773281235197
Q00536,CDK16,Ripasudil,MCF7,-0.6357328647416611
Q00536,CDK16,Vemurafenib,MCF7,0.0411245790561623
Q00536,CDK16,CX4945,MCF7,0.005640080937561155
Q00536,CDK16,GO6983,MCF7,0.16336177893235695
Q00536,CDK16,KN93,MCF7,0.5649244109708654
Q00536,CDK16,MK2206,MCF7,-0.2470972582899389
Q7Z2Y5,NRK,AZD6482,MCF7,-0.0654315144306526
Q7Z2Y5,NRK,CAL101,MCF7,0.3179373006817601
Q7Z2Y5,NRK,GDC0941,MCF7,0.31174745512081214
Q7Z2Y5,NRK,HS173,MCF7,0.19248581087125183
Q7Z2Y5,NRK,PIK294,MCF7,0.38079155291178346
Q7Z2Y5,NRK,TGX221,MCF7,0.33720575617914567
Q7Z2Y5,NRK,AZD5438,MCF7,0.2520781947418132
Q7Z2Y5,NRK,FRAX486,MCF7,-2.107096174998358
Q7Z2Y5,NRK,Ku0063794,MCF7,-0.2316673799079126
Q7Z2Y5,NRK,PD153035,MCF7,-0.11516804414763415
Q7Z2Y5,NRK,PF3758309,MCF7,-0.3624921874093747
Q7Z2Y5,NRK,Torin,MCF7,-0.5087551007019488
Q7Z2Y5,NRK,Trametinib,MCF7,0.3356681520771645
Q7Z2Y5,NRK,AZD1480,MCF7,0.6234236730118977
Q7Z2Y5,NRK,AZD5363,MCF7,-1.087686381994018
Q7Z2Y5,NRK,BX912,MCF7,-0.036537668980506456
Q7Z2Y5,NRK,CHIR99021,MCF7,0.28419381172058483
Q7Z2Y5,NRK,GSK2334470,MCF7,0.6084339664931584
Q7Z2Y5,NRK,Ipatasertib,MCF7,0.024554974355667412
Q7Z2Y5,NRK,LY2090314,MCF7,-0.09476562779981294
Q7Z2Y5,NRK,Tofacitinib,MCF7,-0.009048751564656933
Q7Z2Y5,NRK,AZD8055,MCF7,-0.2997946703841212
Q7Z2Y5,NRK,GDC0994,MCF7,-0.820282365088552
Q7Z2Y5,NRK,JNK,MCF7,0.20279184170528358
Q7Z2Y5,NRK,LY2584702,MCF7,-0.42558449823148065
Q7Z2Y5,NRK,PH797804,MCF7,0.4896691945332735
Q7Z2Y5,NRK,Selumetinib,MCF7,0.1658023096406451
Q7Z2Y5,NRK,U73122,MCF7,-0.04872275818939256
Q7Z2Y5,NRK,Ulixertinib,MCF7,-0.14563634764651
Q7Z2Y5,NRK,Amuvatinib,MCF7,0.48673965393248414
Q7Z2Y5,NRK,AZD3759,MCF7,0.6973428550985312
Q7Z2Y5,NRK,GSK690693,MCF7,0.1363026572794621
Q7Z2Y5,NRK,JNJ,MCF7,0.416084541714658
Q7Z2Y5,NRK,KN62,MCF7,0.5020460948363819
Q7Z2Y5,NRK,Linsitinib,MCF7,0.6266172434002847
Q7Z2Y5,NRK,LY2835219,MCF7,0.4920071724258721
Q7Z2Y5,NRK,Ribociclib,MCF7,-0.3889056338642692
Q7Z2Y5,NRK,AC220,MCF7,-0.3871203899986411
Q7Z2Y5,NRK,Edelfosine,MCF7,0.05724848329235198
Q7Z2Y5,NRK,GF109203X,MCF7,0.45534961605921537
Q7Z2Y5,NRK,Go6976,MCF7,-0.2632814651893199
Q7Z2Y5,NRK,PF4708671,MCF7,-4.71696878466009e-06
Q7Z2Y5,NRK,SP600125,MCF7,0.038213444924393464
Q7Z2Y5,NRK,TAK715,MCF7,0.16234947377061498
Q7Z2Y5,NRK,TBCA,MCF7,-0.253228737312472
Q7Z2Y5,NRK,AT13148,MCF7,-6.468117680185549
Q7Z2Y5,NRK,AZ20,MCF7,0.047639145086327724
Q7Z2Y5,NRK,AZD6738,MCF7,-0.5884034479618631
Q7Z2Y5,NRK,Bosutinib,MCF7,-0.4122315068939996
Q7Z2Y5,NRK,Dabrafenib,MCF7,-5.599252581570888
Q7Z2Y5,NRK,Dasatinib,MCF7,-4.589580911454705
Q7Z2Y5,NRK,DNAPK,MCF7,-0.4789218281323138
Q7Z2Y5,NRK,H89,MCF7,-0.7783351267993402
Q7Z2Y5,NRK,KD025,MCF7,-0.39834349582955036
Q7Z2Y5,NRK,NU7441,MCF7,0.17063866542739725
Q7Z2Y5,NRK,Ripasudil,MCF7,-0.7747935324354056
Q7Z2Y5,NRK,Vemurafenib,MCF7,-0.20673906086507218
Q7Z2Y5,NRK,CX4945,MCF7,-0.3480599174339432
Q7Z2Y5,NRK,GO6983,MCF7,-0.3623216785859352
Q7Z2Y5,NRK,KN93,MCF7,-0.40829376588312466
Q7Z2Y5,NRK,MK2206,MCF7,-0.060222272296962996
Q00537,CDK17,AZD6482,MCF7,-0.6066053361572621
Q00537,CDK17,CAL101,MCF7,0.4895078330456433
Q00537,CDK17,GDC0941,MCF7,-0.035224009771583145
Q00537,CDK17,HS173,MCF7,0.5872945387029034
Q00537,CDK17,PIK294,MCF7,1.4645626349022063
Q00537,CDK17,TGX221,MCF7,0.06696624021749055
Q00537,CDK17,AZD5438,MCF7,-1.313854335199889
Q00537,CDK17,FRAX486,MCF7,-0.16814250141022974
Q00537,CDK17,Ku0063794,MCF7,-0.2948988397533433
Q00537,CDK17,PD153035,MCF7,0.10426073911765296
Q00537,CDK17,PF3758309,MCF7,-1.4395231552802747
Q00537,CDK17,Torin,MCF7,0.06083058494490225
Q00537,CDK17,Trametinib,MCF7,-0.29721283265138704
Q00537,CDK17,AZD1480,MCF7,0.040971291528879156
Q00537,CDK17,AZD5363,MCF7,-0.506183869095767
Q00537,CDK17,BX912,MCF7,-0.07849736121712524
Q00537,CDK17,CHIR99021,MCF7,-0.24521621561437584
Q00537,CDK17,GSK2334470,MCF7,0.8469361801535188
Q00537,CDK17,Ipatasertib,MCF7,1.2618390927477334
Q00537,CDK17,LY2090314,MCF7,-0.1310958368686615
Q00537,CDK17,Tofacitinib,MCF7,-0.6120308108379017
Q00537,CDK17,AZD8055,MCF7,1.6138953243344494
Q00537,CDK17,GDC0994,MCF7,0.5570533000139362
Q00537,CDK17,JNK,MCF7,1.222855816139397
Q00537,CDK17,LY2584702,MCF7,1.7551947246586201
Q00537,CDK17,PH797804,MCF7,0.7885083469429246
Q00537,CDK17,Selumetinib,MCF7,0.30920917038488016
Q00537,CDK17,U73122,MCF7,1.75215533856059
Q00537,CDK17,Ulixertinib,MCF7,-0.12900652074131705
Q00537,CDK17,Amuvatinib,MCF7,0.02716375489223966
Q00537,CDK17,AZD3759,MCF7,-0.29718294818243124
Q00537,CDK17,GSK690693,MCF7,-0.23290934052589016
Q00537,CDK17,JNJ,MCF7,-0.4435602804187957
Q00537,CDK17,KN62,MCF7,-0.413481754435204
Q00537,CDK17,Linsitinib,MCF7,-0.20238987873461003
Q00537,CDK17,LY2835219,MCF7,-0.6585679024897217
Q00537,CDK17,Ribociclib,MCF7,-1.1330822280677815
Q00537,CDK17,AC220,MCF7,0.8060786656905048
Q00537,CDK17,Edelfosine,MCF7,0.6004944098316686
Q00537,CDK17,GF109203X,MCF7,0.4900045344560489
Q00537,CDK17,Go6976,MCF7,1.3128653620894606
Q00537,CDK17,PF4708671,MCF7,0.5838472834167111
Q00537,CDK17,SP600125,MCF7,-0.1527303191156855
Q00537,CDK17,TAK715,MCF7,1.1448884287985974
Q00537,CDK17,TBCA,MCF7,0.8832898856426256
Q00537,CDK17,AT13148,MCF7,-0.6835061490484975
Q00537,CDK17,AZ20,MCF7,-0.5969290273770419
Q00537,CDK17,AZD6738,MCF7,-0.08912087560145077
Q00537,CDK17,Bosutinib,MCF7,-0.4309256430138115
Q00537,CDK17,Dabrafenib,MCF7,-0.015395184366118139
Q00537,CDK17,Dasatinib,MCF7,-0.24684224325724832
Q00537,CDK17,DNAPK,MCF7,-0.9856591407090232
Q00537,CDK17,H89,MCF7,-0.8214233282298518
Q00537,CDK17,KD025,MCF7,-1.0242550603836047
Q00537,CDK17,NU7441,MCF7,-0.21383672875782272
Q00537,CDK17,Ripasudil,MCF7,-0.48974223606815825
Q00537,CDK17,Vemurafenib,MCF7,0.47699651383929687
Q00537,CDK17,CX4945,MCF7,-0.29780145959925836
Q00537,CDK17,GO6983,MCF7,-0.1891773874762194
Q00537,CDK17,KN93,MCF7,0.5306825941597397
Q00537,CDK17,MK2206,MCF7,-0.4736993802995942
Q96L34,MARK4,AZD6482,MCF7,-0.5872713978248801
Q96L34,MARK4,CAL101,MCF7,-0.1030194663614406
Q96L34,MARK4,GDC0941,MCF7,-0.43592219694728396
Q96L34,MARK4,HS173,MCF7,-1.7066804486133271
Q96L34,MARK4,PIK294,MCF7,0.7816488752763646
Q96L34,MARK4,TGX221,MCF7,-0.48028210529839216
Q96L34,MARK4,AZD5438,MCF7,-0.502289943898329
Q96L34,MARK4,FRAX486,MCF7,-1.7016639936852194
Q96L34,MARK4,Ku0063794,MCF7,-1.8112887361793157
Q96L34,MARK4,PD153035,MCF7,-0.8129861038087954
Q96L34,MARK4,PF3758309,MCF7,-1.9956897840364305
Q96L34,MARK4,Torin,MCF7,-2.0578914633966754
Q96L34,MARK4,Trametinib,MCF7,-2.928272811158923
Q96L34,MARK4,AZD1480,MCF7,-2.0440402727623894
Q96L34,MARK4,AZD5363,MCF7,-0.8339985520514981
Q96L34,MARK4,BX912,MCF7,-1.8741748874482158
Q96L34,MARK4,CHIR99021,MCF7,-0.13761659775813867
Q96L34,MARK4,GSK2334470,MCF7,-0.2776060087153553
Q96L34,MARK4,Ipatasertib,MCF7,-0.2280972885034606
Q96L34,MARK4,LY2090314,MCF7,-1.5773784402612718
Q96L34,MARK4,Tofacitinib,MCF7,0.07656867777531734
Q96L34,MARK4,AZD8055,MCF7,1.8339179925976838
Q96L34,MARK4,GDC0994,MCF7,0.01540845837625643
Q96L34,MARK4,JNK,MCF7,-1.5967791127335236
Q96L34,MARK4,LY2584702,MCF7,0.4251990421462216
Q96L34,MARK4,PH797804,MCF7,1.2586269708644677
Q96L34,MARK4,Selumetinib,MCF7,-1.4439657046069785
Q96L34,MARK4,U73122,MCF7,-1.202615040327681
Q96L34,MARK4,Ulixertinib,MCF7,0.08124707231685296
Q96L34,MARK4,Amuvatinib,MCF7,-1.0004469234859432
Q96L34,MARK4,AZD3759,MCF7,-0.8446552105468107
Q96L34,MARK4,GSK690693,MCF7,-1.3327861573881739
Q96L34,MARK4,JNJ,MCF7,-0.8564503275419415
Q96L34,MARK4,KN62,MCF7,-1.217337440472371
Q96L34,MARK4,Linsitinib,MCF7,-0.9198945168820482
Q96L34,MARK4,LY2835219,MCF7,-0.34980924853565076
Q96L34,MARK4,Ribociclib,MCF7,-0.693330473859208
Q96L34,MARK4,AC220,MCF7,0.03975200722543641
Q96L34,MARK4,Edelfosine,MCF7,-0.10762379164425681
Q96L34,MARK4,GF109203X,MCF7,0.2674037175189364
Q96L34,MARK4,Go6976,MCF7,-0.3536523152466246
Q96L34,MARK4,PF4708671,MCF7,-0.3433256303990894
Q96L34,MARK4,SP600125,MCF7,-0.11761841330946093
Q96L34,MARK4,TAK715,MCF7,-0.6744738849029859
Q96L34,MARK4,TBCA,MCF7,-1.6355909342865216
Q96L34,MARK4,AT13148,MCF7,-0.9985185039030198
Q96L34,MARK4,AZ20,MCF7,-0.6585861403362664
Q96L34,MARK4,AZD6738,MCF7,-1.224930909133415
Q96L34,MARK4,Bosutinib,MCF7,-0.24125907703896934
Q96L34,MARK4,Dabrafenib,MCF7,-0.728465350253606
Q96L34,MARK4,Dasatinib,MCF7,-0.3922450150858565
Q96L34,MARK4,DNAPK,MCF7,-0.7932388909811751
Q96L34,MARK4,H89,MCF7,-0.8982836923174227
Q96L34,MARK4,KD025,MCF7,-0.6265291726563195
Q96L34,MARK4,NU7441,MCF7,-0.971015962375738
Q96L34,MARK4,Ripasudil,MCF7,-1.3546054488951424
Q96L34,MARK4,Vemurafenib,MCF7,-0.756211012251437
Q96L34,MARK4,CX4945,MCF7,-0.422324685059404
Q96L34,MARK4,GO6983,MCF7,0.06785641533168328
Q96L34,MARK4,KN93,MCF7,-0.6961208826074893
Q96L34,MARK4,MK2206,MCF7,-0.548126844950966
P21709,EPHA1,AZD6482,MCF7,
P21709,EPHA1,CAL101,MCF7,
P21709,EPHA1,GDC0941,MCF7,
P21709,EPHA1,HS173,MCF7,
P21709,EPHA1,PIK294,MCF7,
P21709,EPHA1,TGX221,MCF7,
P21709,EPHA1,AZD5438,MCF7,
P21709,EPHA1,FRAX486,MCF7,
P21709,EPHA1,Ku0063794,MCF7,
P21709,EPHA1,PD153035,MCF7,
P21709,EPHA1,PF3758309,MCF7,
P21709,EPHA1,Torin,MCF7,
P21709,EPHA1,Trametinib,MCF7,
P21709,EPHA1,AZD1480,MCF7,
P21709,EPHA1,AZD5363,MCF7,
P21709,EPHA1,BX912,MCF7,
P21709,EPHA1,CHIR99021,MCF7,
P21709,EPHA1,GSK2334470,MCF7,
P21709,EPHA1,Ipatasertib,MCF7,
P21709,EPHA1,LY2090314,MCF7,
P21709,EPHA1,Tofacitinib,MCF7,
P21709,EPHA1,AZD8055,MCF7,
P21709,EPHA1,GDC0994,MCF7,
P21709,EPHA1,JNK,MCF7,
P21709,EPHA1,LY2584702,MCF7,
P21709,EPHA1,PH797804,MCF7,
P21709,EPHA1,Selumetinib,MCF7,
P21709,EPHA1,U73122,MCF7,
P21709,EPHA1,Ulixertinib,MCF7,
P21709,EPHA1,Amuvatinib,MCF7,
P21709,EPHA1,AZD3759,MCF7,
P21709,EPHA1,GSK690693,MCF7,
P21709,EPHA1,JNJ,MCF7,
P21709,EPHA1,KN62,MCF7,
P21709,EPHA1,Linsitinib,MCF7,
P21709,EPHA1,LY2835219,MCF7,
P21709,EPHA1,Ribociclib,MCF7,
P21709,EPHA1,AC220,MCF7,
P21709,EPHA1,Edelfosine,MCF7,
P21709,EPHA1,GF109203X,MCF7,
P21709,EPHA1,Go6976,MCF7,
P21709,EPHA1,PF4708671,MCF7,
P21709,EPHA1,SP600125,MCF7,
P21709,EPHA1,TAK715,MCF7,
P21709,EPHA1,TBCA,MCF7,
P21709,EPHA1,AT13148,MCF7,
P21709,EPHA1,AZ20,MCF7,
P21709,EPHA1,AZD6738,MCF7,
P21709,EPHA1,Bosutinib,MCF7,
P21709,EPHA1,Dabrafenib,MCF7,
P21709,EPHA1,Dasatinib,MCF7,
P21709,EPHA1,DNAPK,MCF7,
P21709,EPHA1,H89,MCF7,
P21709,EPHA1,KD025,MCF7,
P21709,EPHA1,NU7441,MCF7,
P21709,EPHA1,Ripasudil,MCF7,
P21709,EPHA1,Vemurafenib,MCF7,
P21709,EPHA1,CX4945,MCF7,
P21709,EPHA1,GO6983,MCF7,
P21709,EPHA1,KN93,MCF7,
P21709,EPHA1,MK2206,MCF7,
Q9UK32,RPS6KA6,AZD6482,MCF7,-0.505250617775297
Q9UK32,RPS6KA6,CAL101,MCF7,0.01304483944708851
Q9UK32,RPS6KA6,GDC0941,MCF7,-2.490807205309348
Q9UK32,RPS6KA6,HS173,MCF7,-1.230233796992398
Q9UK32,RPS6KA6,PIK294,MCF7,0.3795784280598779
Q9UK32,RPS6KA6,TGX221,MCF7,0.3992291083623168
Q9UK32,RPS6KA6,AZD5438,MCF7,0.35341924554214277
Q9UK32,RPS6KA6,FRAX486,MCF7,-0.14602218368490258
Q9UK32,RPS6KA6,Ku0063794,MCF7,-2.1943273300639174
Q9UK32,RPS6KA6,PD153035,MCF7,-0.3463422380491723
Q9UK32,RPS6KA6,PF3758309,MCF7,-1.012773756836826
Q9UK32,RPS6KA6,Torin,MCF7,-3.0726119739118314
Q9UK32,RPS6KA6,Trametinib,MCF7,-0.3163431920203538
Q9UK32,RPS6KA6,AZD1480,MCF7,0.5027144643234128
Q9UK32,RPS6KA6,AZD5363,MCF7,0.94131040023779
Q9UK32,RPS6KA6,BX912,MCF7,-0.1111339027063849
Q9UK32,RPS6KA6,CHIR99021,MCF7,1.4099488773638733
Q9UK32,RPS6KA6,GSK2334470,MCF7,0.010338524308902296
Q9UK32,RPS6KA6,Ipatasertib,MCF7,0.03847778738867804
Q9UK32,RPS6KA6,LY2090314,MCF7,0.9305882092824004
Q9UK32,RPS6KA6,Tofacitinib,MCF7,0.4690781029032757
Q9UK32,RPS6KA6,AZD8055,MCF7,-2.979436614986396
Q9UK32,RPS6KA6,GDC0994,MCF7,0.004465520196545505
Q9UK32,RPS6KA6,JNK,MCF7,-0.2796541011621121
Q9UK32,RPS6KA6,LY2584702,MCF7,-0.29356930193118347
Q9UK32,RPS6KA6,PH797804,MCF7,-0.5250860263308237
Q9UK32,RPS6KA6,Selumetinib,MCF7,0.20611187342734164
Q9UK32,RPS6KA6,U73122,MCF7,0.41515146880839887
Q9UK32,RPS6KA6,Ulixertinib,MCF7,0.22318733303290786
Q9UK32,RPS6KA6,Amuvatinib,MCF7,0.43979269086452516
Q9UK32,RPS6KA6,AZD3759,MCF7,0.21941433832724666
Q9UK32,RPS6KA6,GSK690693,MCF7,-0.44904999689053515
Q9UK32,RPS6KA6,JNJ,MCF7,0.26183215048506253
Q9UK32,RPS6KA6,KN62,MCF7,0.3487040677068461
Q9UK32,RPS6KA6,Linsitinib,MCF7,0.3368293970177303
Q9UK32,RPS6KA6,LY2835219,MCF7,0.7584204097021484
Q9UK32,RPS6KA6,Ribociclib,MCF7,0.6031889081596805
Q9UK32,RPS6KA6,AC220,MCF7,0.7213088532146457
Q9UK32,RPS6KA6,Edelfosine,MCF7,-0.01816465442657282
Q9UK32,RPS6KA6,GF109203X,MCF7,0.18517932685524233
Q9UK32,RPS6KA6,Go6976,MCF7,0.6061085731029676
Q9UK32,RPS6KA6,PF4708671,MCF7,-0.020427025765485052
Q9UK32,RPS6KA6,SP600125,MCF7,0.8600861484320813
Q9UK32,RPS6KA6,TAK715,MCF7,0.4316817642104959
Q9UK32,RPS6KA6,TBCA,MCF7,0.4880388398485795
Q9UK32,RPS6KA6,AT13148,MCF7,-1.433937659149034
Q9UK32,RPS6KA6,AZ20,MCF7,-1.0156111163506918
Q9UK32,RPS6KA6,AZD6738,MCF7,0.008391298712679983
Q9UK32,RPS6KA6,Bosutinib,MCF7,-0.5359031516209881
Q9UK32,RPS6KA6,Dabrafenib,MCF7,0.39991199860569576
Q9UK32,RPS6KA6,Dasatinib,MCF7,-0.27976042390081113
Q9UK32,RPS6KA6,DNAPK,MCF7,-2.1010742029796448
Q9UK32,RPS6KA6,H89,MCF7,-0.7974204635970558
Q9UK32,RPS6KA6,KD025,MCF7,0.045875460490192324
Q9UK32,RPS6KA6,NU7441,MCF7,0.0922515556961692
Q9UK32,RPS6KA6,Ripasudil,MCF7,0.22544301593050511
Q9UK32,RPS6KA6,Vemurafenib,MCF7,-0.0030225912281396866
Q9UK32,RPS6KA6,CX4945,MCF7,-0.5462826147115765
Q9UK32,RPS6KA6,GO6983,MCF7,-0.29043663469479297
Q9UK32,RPS6KA6,KN93,MCF7,-0.57246330385343
Q9UK32,RPS6KA6,MK2206,MCF7,-0.257803292580822
Q9NSY1,BMP2K,AZD6482,MCF7,-0.49663128725085853
Q9NSY1,BMP2K,CAL101,MCF7,-0.18991343781885384
Q9NSY1,BMP2K,GDC0941,MCF7,-0.0015545150866021766
Q9NSY1,BMP2K,HS173,MCF7,0.01916981258256104
Q9NSY1,BMP2K,PIK294,MCF7,0.03742409952497462
Q9NSY1,BMP2K,TGX221,MCF7,-0.6834629810289155
Q9NSY1,BMP2K,AZD5438,MCF7,0.3742529553390601
Q9NSY1,BMP2K,FRAX486,MCF7,-2.0289897944160638
Q9NSY1,BMP2K,Ku0063794,MCF7,-1.2525394332308417
Q9NSY1,BMP2K,PD153035,MCF7,-1.1662408193990836
Q9NSY1,BMP2K,PF3758309,MCF7,0.11845178673596864
Q9NSY1,BMP2K,Torin,MCF7,-0.8971630076984867
Q9NSY1,BMP2K,Trametinib,MCF7,-1.9620767025804133
Q9NSY1,BMP2K,AZD1480,MCF7,0.8997656238929206
Q9NSY1,BMP2K,AZD5363,MCF7,-0.6974397593663503
Q9NSY1,BMP2K,BX912,MCF7,-1.2785152845192016
Q9NSY1,BMP2K,CHIR99021,MCF7,-1.2590922787078782
Q9NSY1,BMP2K,GSK2334470,MCF7,-0.6172241876313336
Q9NSY1,BMP2K,Ipatasertib,MCF7,-0.6163039286687267
Q9NSY1,BMP2K,LY2090314,MCF7,0.2265020549503165
Q9NSY1,BMP2K,Tofacitinib,MCF7,-0.31556262586339
Q9NSY1,BMP2K,AZD8055,MCF7,0.2703252083296112
Q9NSY1,BMP2K,GDC0994,MCF7,-2.352059787061156
Q9NSY1,BMP2K,JNK,MCF7,0.4989964514726441
Q9NSY1,BMP2K,LY2584702,MCF7,0.636590435821584
Q9NSY1,BMP2K,PH797804,MCF7,-0.7351218687812481
Q9NSY1,BMP2K,Selumetinib,MCF7,-1.1548467565255829
Q9NSY1,BMP2K,U73122,MCF7,-1.7157266095740595
Q9NSY1,BMP2K,Ulixertinib,MCF7,-1.568822727492298
Q9NSY1,BMP2K,Amuvatinib,MCF7,-1.5423669857330222
Q9NSY1,BMP2K,AZD3759,MCF7,-1.0524717504834757
Q9NSY1,BMP2K,GSK690693,MCF7,1.058117852660124
Q9NSY1,BMP2K,JNJ,MCF7,-2.489921601893468
Q9NSY1,BMP2K,KN62,MCF7,-0.9766015285323799
Q9NSY1,BMP2K,Linsitinib,MCF7,0.17133222061060263
Q9NSY1,BMP2K,LY2835219,MCF7,-0.448321486357544
Q9NSY1,BMP2K,Ribociclib,MCF7,-0.13301812965768778
Q9NSY1,BMP2K,AC220,MCF7,1.5419559666342912
Q9NSY1,BMP2K,Edelfosine,MCF7,1.2562966514328935
Q9NSY1,BMP2K,GF109203X,MCF7,1.2306320900701841
Q9NSY1,BMP2K,Go6976,MCF7,-1.8553075278452198
Q9NSY1,BMP2K,PF4708671,MCF7,3.0490504052866
Q9NSY1,BMP2K,SP600125,MCF7,0.18998821243404987
Q9NSY1,BMP2K,TAK715,MCF7,1.538236312557271
Q9NSY1,BMP2K,TBCA,MCF7,1.7421237503707554
Q9NSY1,BMP2K,AT13148,MCF7,0.6710907143314112
Q9NSY1,BMP2K,AZ20,MCF7,-0.7326973661329567
Q9NSY1,BMP2K,AZD6738,MCF7,-0.2866095632770268
Q9NSY1,BMP2K,Bosutinib,MCF7,-2.7521780975657406
Q9NSY1,BMP2K,Dabrafenib,MCF7,-2.759700846068692
Q9NSY1,BMP2K,Dasatinib,MCF7,-1.1634803563458829
Q9NSY1,BMP2K,DNAPK,MCF7,-1.4634167459980256
Q9NSY1,BMP2K,H89,MCF7,-0.12575996665784062
Q9NSY1,BMP2K,KD025,MCF7,-0.8743384182532616
Q9NSY1,BMP2K,NU7441,MCF7,1.0616992537562087
Q9NSY1,BMP2K,Ripasudil,MCF7,0.0558078103845085
Q9NSY1,BMP2K,Vemurafenib,MCF7,-1.2655147304336798
Q9NSY1,BMP2K,CX4945,MCF7,1.101689888459061
Q9NSY1,BMP2K,GO6983,MCF7,0.07424783643832085
Q9NSY1,BMP2K,KN93,MCF7,0.5878106630716582
Q9NSY1,BMP2K,MK2206,MCF7,0.011482210338055833
Q9H2G2,SLK,AZD6482,MCF7,1.7885805201962297
Q9H2G2,SLK,CAL101,MCF7,-1.091339111674396
Q9H2G2,SLK,GDC0941,MCF7,0.659867171593417
Q9H2G2,SLK,HS173,MCF7,0.7697553131064666
Q9H2G2,SLK,PIK294,MCF7,1.996850750750128
Q9H2G2,SLK,TGX221,MCF7,1.2218922893307247
Q9H2G2,SLK,AZD5438,MCF7,0.22716368560481184
Q9H2G2,SLK,FRAX486,MCF7,0.9628302169451824
Q9H2G2,SLK,Ku0063794,MCF7,0.743243534759534
Q9H2G2,SLK,PD153035,MCF7,0.6378308087609901
Q9H2G2,SLK,PF3758309,MCF7,0.5705730319311313
Q9H2G2,SLK,Torin,MCF7,0.1568657995080987
Q9H2G2,SLK,Trametinib,MCF7,1.4326996012141187
Q9H2G2,SLK,AZD1480,MCF7,1.7753057539969397
Q9H2G2,SLK,AZD5363,MCF7,0.7227039243520951
Q9H2G2,SLK,BX912,MCF7,0.6141487942192071
Q9H2G2,SLK,CHIR99021,MCF7,-0.5742562802298391
Q9H2G2,SLK,GSK2334470,MCF7,0.5425114661753149
Q9H2G2,SLK,Ipatasertib,MCF7,-0.6939551705112189
Q9H2G2,SLK,LY2090314,MCF7,0.9657419155379922
Q9H2G2,SLK,Tofacitinib,MCF7,0.9487607381778793
Q9H2G2,SLK,AZD8055,MCF7,0.196906249269827
Q9H2G2,SLK,GDC0994,MCF7,1.9045765207984153
Q9H2G2,SLK,JNK,MCF7,-1.1490398131516264
Q9H2G2,SLK,LY2584702,MCF7,-0.4798762143320337
Q9H2G2,SLK,PH797804,MCF7,-0.30597497591037565
Q9H2G2,SLK,Selumetinib,MCF7,-0.9928407917979052
Q9H2G2,SLK,U73122,MCF7,-0.0388480091523901
Q9H2G2,SLK,Ulixertinib,MCF7,0.06716611746756707
Q9H2G2,SLK,Amuvatinib,MCF7,0.8937926156922239
Q9H2G2,SLK,AZD3759,MCF7,0.3956905164534888
Q9H2G2,SLK,GSK690693,MCF7,0.2923083242879392
Q9H2G2,SLK,JNJ,MCF7,-0.1530812847489586
Q9H2G2,SLK,KN62,MCF7,0.8365602488297674
Q9H2G2,SLK,Linsitinib,MCF7,1.0796673040170433
Q9H2G2,SLK,LY2835219,MCF7,-0.9285182384443107
Q9H2G2,SLK,Ribociclib,MCF7,-1.5971238493201059
Q9H2G2,SLK,AC220,MCF7,-0.03645254084457458
Q9H2G2,SLK,Edelfosine,MCF7,0.04738854911726091
Q9H2G2,SLK,GF109203X,MCF7,0.11270664645717876
Q9H2G2,SLK,Go6976,MCF7,0.022209108878691035
Q9H2G2,SLK,PF4708671,MCF7,-0.4408110575883364
Q9H2G2,SLK,SP600125,MCF7,0.1734932731595003
Q9H2G2,SLK,TAK715,MCF7,0.15677534753102593
Q9H2G2,SLK,TBCA,MCF7,-0.5349682996393246
Q9H2G2,SLK,AT13148,MCF7,-2.11823007808876
Q9H2G2,SLK,AZ20,MCF7,-1.1477491135714943
Q9H2G2,SLK,AZD6738,MCF7,-0.20555090930948988
Q9H2G2,SLK,Bosutinib,MCF7,-2.72493980612384
Q9H2G2,SLK,Dabrafenib,MCF7,-0.33947206859998036
Q9H2G2,SLK,Dasatinib,MCF7,-1.6316715937638784
Q9H2G2,SLK,DNAPK,MCF7,-1.0253791196520516
Q9H2G2,SLK,H89,MCF7,-0.2724436711438228
Q9H2G2,SLK,KD025,MCF7,-2.079998116289886
Q9H2G2,SLK,NU7441,MCF7,-1.7831960638449806
Q9H2G2,SLK,Ripasudil,MCF7,-2.1698177163445487
Q9H2G2,SLK,Vemurafenib,MCF7,-2.1850388559651823
Q9H2G2,SLK,CX4945,MCF7,0.9744613374932745
Q9H2G2,SLK,GO6983,MCF7,1.1042351219753266
Q9H2G2,SLK,KN93,MCF7,0.7960808255235422
Q9H2G2,SLK,MK2206,MCF7,1.3324543950480818
Q9BYT3,STK33,AZD6482,MCF7,
Q9BYT3,STK33,CAL101,MCF7,
Q9BYT3,STK33,GDC0941,MCF7,
Q9BYT3,STK33,HS173,MCF7,
Q9BYT3,STK33,PIK294,MCF7,
Q9BYT3,STK33,TGX221,MCF7,
Q9BYT3,STK33,AZD5438,MCF7,
Q9BYT3,STK33,FRAX486,MCF7,
Q9BYT3,STK33,Ku0063794,MCF7,
Q9BYT3,STK33,PD153035,MCF7,
Q9BYT3,STK33,PF3758309,MCF7,
Q9BYT3,STK33,Torin,MCF7,
Q9BYT3,STK33,Trametinib,MCF7,
Q9BYT3,STK33,AZD1480,MCF7,
Q9BYT3,STK33,AZD5363,MCF7,
Q9BYT3,STK33,BX912,MCF7,
Q9BYT3,STK33,CHIR99021,MCF7,
Q9BYT3,STK33,GSK2334470,MCF7,
Q9BYT3,STK33,Ipatasertib,MCF7,
Q9BYT3,STK33,LY2090314,MCF7,
Q9BYT3,STK33,Tofacitinib,MCF7,
Q9BYT3,STK33,AZD8055,MCF7,
Q9BYT3,STK33,GDC0994,MCF7,
Q9BYT3,STK33,JNK,MCF7,
Q9BYT3,STK33,LY2584702,MCF7,
Q9BYT3,STK33,PH797804,MCF7,
Q9BYT3,STK33,Selumetinib,MCF7,
Q9BYT3,STK33,U73122,MCF7,
Q9BYT3,STK33,Ulixertinib,MCF7,
Q9BYT3,STK33,Amuvatinib,MCF7,
Q9BYT3,STK33,AZD3759,MCF7,
Q9BYT3,STK33,GSK690693,MCF7,
Q9BYT3,STK33,JNJ,MCF7,
Q9BYT3,STK33,KN62,MCF7,
Q9BYT3,STK33,Linsitinib,MCF7,
Q9BYT3,STK33,LY2835219,MCF7,
Q9BYT3,STK33,Ribociclib,MCF7,
Q9BYT3,STK33,AC220,MCF7,
Q9BYT3,STK33,Edelfosine,MCF7,
Q9BYT3,STK33,GF109203X,MCF7,
Q9BYT3,STK33,Go6976,MCF7,
Q9BYT3,STK33,PF4708671,MCF7,
Q9BYT3,STK33,SP600125,MCF7,
Q9BYT3,STK33,TAK715,MCF7,
Q9BYT3,STK33,TBCA,MCF7,
Q9BYT3,STK33,AT13148,MCF7,
Q9BYT3,STK33,AZ20,MCF7,
Q9BYT3,STK33,AZD6738,MCF7,
Q9BYT3,STK33,Bosutinib,MCF7,
Q9BYT3,STK33,Dabrafenib,MCF7,
Q9BYT3,STK33,Dasatinib,MCF7,
Q9BYT3,STK33,DNAPK,MCF7,
Q9BYT3,STK33,H89,MCF7,
Q9BYT3,STK33,KD025,MCF7,
Q9BYT3,STK33,NU7441,MCF7,
Q9BYT3,STK33,Ripasudil,MCF7,
Q9BYT3,STK33,Vemurafenib,MCF7,
Q9BYT3,STK33,CX4945,MCF7,
Q9BYT3,STK33,GO6983,MCF7,
Q9BYT3,STK33,KN93,MCF7,
Q9BYT3,STK33,MK2206,MCF7,
Q16513,PKN2,AZD6482,MCF7,-1.877067899818689
Q16513,PKN2,CAL101,MCF7,-0.09875308735625306
Q16513,PKN2,GDC0941,MCF7,0.36931876650531104
Q16513,PKN2,HS173,MCF7,-1.3675965894520499
Q16513,PKN2,PIK294,MCF7,-1.133227839579648
Q16513,PKN2,TGX221,MCF7,-0.886554021388835
Q16513,PKN2,AZD5438,MCF7,6.359978911307618
Q16513,PKN2,FRAX486,MCF7,1.0784624505119058
Q16513,PKN2,Ku0063794,MCF7,7.001230448449008
Q16513,PKN2,PD153035,MCF7,0.692132393082307
Q16513,PKN2,PF3758309,MCF7,-0.3780189003214346
Q16513,PKN2,Torin,MCF7,6.90018886555048
Q16513,PKN2,Trametinib,MCF7,0.6579848142164928
Q16513,PKN2,AZD1480,MCF7,-3.1915268806342385
Q16513,PKN2,AZD5363,MCF7,2.8015734756287825
Q16513,PKN2,BX912,MCF7,-3.2029881890891967
Q16513,PKN2,CHIR99021,MCF7,-5.1044999161840074
Q16513,PKN2,GSK2334470,MCF7,-3.4630011168168777
Q16513,PKN2,Ipatasertib,MCF7,3.5882610023653676
Q16513,PKN2,LY2090314,MCF7,-3.8823514488350446
Q16513,PKN2,Tofacitinib,MCF7,1.5217928866339563
Q16513,PKN2,AZD8055,MCF7,6.668041787201079
Q16513,PKN2,GDC0994,MCF7,0.7626779416152486
Q16513,PKN2,JNK,MCF7,-0.4949395952318713
Q16513,PKN2,LY2584702,MCF7,2.3607798063342162
Q16513,PKN2,PH797804,MCF7,-0.49053990283224896
Q16513,PKN2,Selumetinib,MCF7,3.962378078566699
Q16513,PKN2,U73122,MCF7,1.49407853950877
Q16513,PKN2,Ulixertinib,MCF7,-0.7666717096885705
Q16513,PKN2,Amuvatinib,MCF7,0.21542251815479802
Q16513,PKN2,AZD3759,MCF7,3.1282193266474447
Q16513,PKN2,GSK690693,MCF7,3.334390872304036
Q16513,PKN2,JNJ,MCF7,2.2265680661760925
Q16513,PKN2,KN62,MCF7,0.3207647190528427
Q16513,PKN2,Linsitinib,MCF7,3.0380852121069615
Q16513,PKN2,LY2835219,MCF7,2.5501739955756495
Q16513,PKN2,Ribociclib,MCF7,2.6197618374975966
Q16513,PKN2,AC220,MCF7,4.338310919416851
Q16513,PKN2,Edelfosine,MCF7,2.5322514930088977
Q16513,PKN2,GF109203X,MCF7,0.10669653750253598
Q16513,PKN2,Go6976,MCF7,3.705429972998826
Q16513,PKN2,PF4708671,MCF7,3.34401007302727
Q16513,PKN2,SP600125,MCF7,3.3230697921643095
Q16513,PKN2,TAK715,MCF7,2.4810633194084613
Q16513,PKN2,TBCA,MCF7,4.517924374643097
Q16513,PKN2,AT13148,MCF7,-0.8166750921876633
Q16513,PKN2,AZ20,MCF7,-2.2245284696636434
Q16513,PKN2,AZD6738,MCF7,-2.122721152032757
Q16513,PKN2,Bosutinib,MCF7,-1.3816678259510642
Q16513,PKN2,Dabrafenib,MCF7,-2.5032885808995866
Q16513,PKN2,Dasatinib,MCF7,-0.9527965091480778
Q16513,PKN2,DNAPK,MCF7,-0.12020861800247504
Q16513,PKN2,H89,MCF7,-2.7688475556413006
Q16513,PKN2,KD025,MCF7,-2.2434658225632105
Q16513,PKN2,NU7441,MCF7,-2.0289268196123476
Q16513,PKN2,Ripasudil,MCF7,-0.0315204391724334
Q16513,PKN2,Vemurafenib,MCF7,-3.050026152347763
Q16513,PKN2,CX4945,MCF7,-0.9598135669668099
Q16513,PKN2,GO6983,MCF7,-1.813495964905697
Q16513,PKN2,KN93,MCF7,-1.7844543212734485
Q16513,PKN2,MK2206,MCF7,2.7652576299662295
O60307,MAST3,AZD6482,MCF7,
O60307,MAST3,CAL101,MCF7,
O60307,MAST3,GDC0941,MCF7,
O60307,MAST3,HS173,MCF7,
O60307,MAST3,PIK294,MCF7,
O60307,MAST3,TGX221,MCF7,
O60307,MAST3,AZD5438,MCF7,
O60307,MAST3,FRAX486,MCF7,
O60307,MAST3,Ku0063794,MCF7,
O60307,MAST3,PD153035,MCF7,
O60307,MAST3,PF3758309,MCF7,
O60307,MAST3,Torin,MCF7,
O60307,MAST3,Trametinib,MCF7,
O60307,MAST3,AZD1480,MCF7,
O60307,MAST3,AZD5363,MCF7,
O60307,MAST3,BX912,MCF7,
O60307,MAST3,CHIR99021,MCF7,
O60307,MAST3,GSK2334470,MCF7,
O60307,MAST3,Ipatasertib,MCF7,
O60307,MAST3,LY2090314,MCF7,
O60307,MAST3,Tofacitinib,MCF7,
O60307,MAST3,AZD8055,MCF7,
O60307,MAST3,GDC0994,MCF7,
O60307,MAST3,JNK,MCF7,
O60307,MAST3,LY2584702,MCF7,
O60307,MAST3,PH797804,MCF7,
O60307,MAST3,Selumetinib,MCF7,
O60307,MAST3,U73122,MCF7,
O60307,MAST3,Ulixertinib,MCF7,
O60307,MAST3,Amuvatinib,MCF7,
O60307,MAST3,AZD3759,MCF7,
O60307,MAST3,GSK690693,MCF7,
O60307,MAST3,JNJ,MCF7,
O60307,MAST3,KN62,MCF7,
O60307,MAST3,Linsitinib,MCF7,
O60307,MAST3,LY2835219,MCF7,
O60307,MAST3,Ribociclib,MCF7,
O60307,MAST3,AC220,MCF7,
O60307,MAST3,Edelfosine,MCF7,
O60307,MAST3,GF109203X,MCF7,
O60307,MAST3,Go6976,MCF7,
O60307,MAST3,PF4708671,MCF7,
O60307,MAST3,SP600125,MCF7,
O60307,MAST3,TAK715,MCF7,
O60307,MAST3,TBCA,MCF7,
O60307,MAST3,AT13148,MCF7,
O60307,MAST3,AZ20,MCF7,
O60307,MAST3,AZD6738,MCF7,
O60307,MAST3,Bosutinib,MCF7,
O60307,MAST3,Dabrafenib,MCF7,
O60307,MAST3,Dasatinib,MCF7,
O60307,MAST3,DNAPK,MCF7,
O60307,MAST3,H89,MCF7,
O60307,MAST3,KD025,MCF7,
O60307,MAST3,NU7441,MCF7,
O60307,MAST3,Ripasudil,MCF7,
O60307,MAST3,Vemurafenib,MCF7,
O60307,MAST3,CX4945,MCF7,
O60307,MAST3,GO6983,MCF7,
O60307,MAST3,KN93,MCF7,
O60307,MAST3,MK2206,MCF7,
Q9Y2U5,MAP3K2,AZD6482,MCF7,0.9516381683452882
Q9Y2U5,MAP3K2,CAL101,MCF7,3.129100004887724
Q9Y2U5,MAP3K2,GDC0941,MCF7,0.37298021685594285
Q9Y2U5,MAP3K2,HS173,MCF7,3.2969383990648664
Q9Y2U5,MAP3K2,PIK294,MCF7,0.7926988735468871
Q9Y2U5,MAP3K2,TGX221,MCF7,2.1718789874415383
Q9Y2U5,MAP3K2,AZD5438,MCF7,1.4203829892935689
Q9Y2U5,MAP3K2,FRAX486,MCF7,-0.3251536628601196
Q9Y2U5,MAP3K2,Ku0063794,MCF7,0.5188529795936809
Q9Y2U5,MAP3K2,PD153035,MCF7,-3.4907543005969637
Q9Y2U5,MAP3K2,PF3758309,MCF7,-2.608243505553972
Q9Y2U5,MAP3K2,Torin,MCF7,-0.3746933353368434
Q9Y2U5,MAP3K2,Trametinib,MCF7,-3.685514979914264
Q9Y2U5,MAP3K2,AZD1480,MCF7,-1.3106759899399578
Q9Y2U5,MAP3K2,AZD5363,MCF7,2.701006904342936
Q9Y2U5,MAP3K2,BX912,MCF7,1.5625748542044215
Q9Y2U5,MAP3K2,CHIR99021,MCF7,2.426309817208995
Q9Y2U5,MAP3K2,GSK2334470,MCF7,1.6792000360896158
Q9Y2U5,MAP3K2,Ipatasertib,MCF7,2.083510483970912
Q9Y2U5,MAP3K2,LY2090314,MCF7,0.4655907618822179
Q9Y2U5,MAP3K2,Tofacitinib,MCF7,0.8956013727315819
Q9Y2U5,MAP3K2,AZD8055,MCF7,-0.3052637589109776
Q9Y2U5,MAP3K2,GDC0994,MCF7,-1.2703263827039348
Q9Y2U5,MAP3K2,JNK,MCF7,-0.5411401213057132
Q9Y2U5,MAP3K2,LY2584702,MCF7,-2.3207188593464907
Q9Y2U5,MAP3K2,PH797804,MCF7,-0.07493485304386534
Q9Y2U5,MAP3K2,Selumetinib,MCF7,-4.917208858624819
Q9Y2U5,MAP3K2,U73122,MCF7,-2.022347897910203
Q9Y2U5,MAP3K2,Ulixertinib,MCF7,4.123603874139115
Q9Y2U5,MAP3K2,Amuvatinib,MCF7,1.107288101088269
Q9Y2U5,MAP3K2,AZD3759,MCF7,-0.6275077890089434
Q9Y2U5,MAP3K2,GSK690693,MCF7,0.24691572229481884
Q9Y2U5,MAP3K2,JNJ,MCF7,0.4656547507275142
Q9Y2U5,MAP3K2,KN62,MCF7,0.8532176412469431
Q9Y2U5,MAP3K2,Linsitinib,MCF7,-0.505616843352753
Q9Y2U5,MAP3K2,LY2835219,MCF7,2.252965253368663
Q9Y2U5,MAP3K2,Ribociclib,MCF7,1.5765961901494607
Q9Y2U5,MAP3K2,AC220,MCF7,0.1790968850420736
Q9Y2U5,MAP3K2,Edelfosine,MCF7,-0.27479018074010003
Q9Y2U5,MAP3K2,GF109203X,MCF7,0.5392944430166011
Q9Y2U5,MAP3K2,Go6976,MCF7,-1.2564742930381454
Q9Y2U5,MAP3K2,PF4708671,MCF7,1.154243474270318
Q9Y2U5,MAP3K2,SP600125,MCF7,-2.3571655896822947
Q9Y2U5,MAP3K2,TAK715,MCF7,-0.28356494003325267
Q9Y2U5,MAP3K2,TBCA,MCF7,-1.2402691285421965
Q9Y2U5,MAP3K2,AT13148,MCF7,2.5453437828881462
Q9Y2U5,MAP3K2,AZ20,MCF7,-0.22261462692324097
Q9Y2U5,MAP3K2,AZD6738,MCF7,3.6605321505325876
Q9Y2U5,MAP3K2,Bosutinib,MCF7,-0.5930170406991305
Q9Y2U5,MAP3K2,Dabrafenib,MCF7,5.1807617792345475
Q9Y2U5,MAP3K2,Dasatinib,MCF7,1.9536758145778839
Q9Y2U5,MAP3K2,DNAPK,MCF7,0.7637666464626864
Q9Y2U5,MAP3K2,H89,MCF7,2.9313152633323654
Q9Y2U5,MAP3K2,KD025,MCF7,2.0215312413777173
Q9Y2U5,MAP3K2,NU7441,MCF7,0.5708232048301624
Q9Y2U5,MAP3K2,Ripasudil,MCF7,1.233923155239471
Q9Y2U5,MAP3K2,Vemurafenib,MCF7,3.1060184453446227
Q9Y2U5,MAP3K2,CX4945,MCF7,0.7712765194572572
Q9Y2U5,MAP3K2,GO6983,MCF7,1.4970710971276429
Q9Y2U5,MAP3K2,KN93,MCF7,2.3231743673425966
Q9Y2U5,MAP3K2,MK2206,MCF7,4.96374666611543
P49761,CLK3,AZD6482,MCF7,-1.1810169531754915
P49761,CLK3,CAL101,MCF7,-1.8498201147356543
P49761,CLK3,GDC0941,MCF7,-1.3142149597885455
P49761,CLK3,HS173,MCF7,-1.643248537999751
P49761,CLK3,PIK294,MCF7,-1.49231864221586
P49761,CLK3,TGX221,MCF7,-1.3295663864862735
P49761,CLK3,AZD5438,MCF7,0.6112220333638336
P49761,CLK3,FRAX486,MCF7,0.3320332245908376
P49761,CLK3,Ku0063794,MCF7,-0.03609059567941715
P49761,CLK3,PD153035,MCF7,-1.6381702580620001
P49761,CLK3,PF3758309,MCF7,-0.44874389912363016
P49761,CLK3,Torin,MCF7,-1.9269717221673823
P49761,CLK3,Trametinib,MCF7,-1.4013474855352468
P49761,CLK3,AZD1480,MCF7,0.304395724012624
P49761,CLK3,AZD5363,MCF7,-1.0460702554154926
P49761,CLK3,BX912,MCF7,-3.2966002001037893
P49761,CLK3,CHIR99021,MCF7,0.1558109724848196
P49761,CLK3,GSK2334470,MCF7,-0.8076162711059287
P49761,CLK3,Ipatasertib,MCF7,-0.6489630585043723
P49761,CLK3,LY2090314,MCF7,0.660805616902342
P49761,CLK3,Tofacitinib,MCF7,-2.551963789304693
P49761,CLK3,AZD8055,MCF7,-0.4064469641582902
P49761,CLK3,GDC0994,MCF7,-0.5432594331694435
P49761,CLK3,JNK,MCF7,-0.3215206888812619
P49761,CLK3,LY2584702,MCF7,-1.332039752256594
P49761,CLK3,PH797804,MCF7,-0.10391374007006043
P49761,CLK3,Selumetinib,MCF7,-0.20257325321400785
P49761,CLK3,U73122,MCF7,-0.06023744335387459
P49761,CLK3,Ulixertinib,MCF7,-0.4067072402826398
P49761,CLK3,Amuvatinib,MCF7,-1.0411649246367431
P49761,CLK3,AZD3759,MCF7,-1.0266297899350028
P49761,CLK3,GSK690693,MCF7,0.9961105925549978
P49761,CLK3,JNJ,MCF7,-1.9077580700401837
P49761,CLK3,KN62,MCF7,0.17563643620248467
P49761,CLK3,Linsitinib,MCF7,-0.3134346960130742
P49761,CLK3,LY2835219,MCF7,-0.23089250300743527
P49761,CLK3,Ribociclib,MCF7,-1.3480851021296931
P49761,CLK3,AC220,MCF7,-0.2555555644956952
P49761,CLK3,Edelfosine,MCF7,0.3429160071542637
P49761,CLK3,GF109203X,MCF7,0.20958986601794963
P49761,CLK3,Go6976,MCF7,-1.3140302066769431
P49761,CLK3,PF4708671,MCF7,0.8204959790564479
P49761,CLK3,SP600125,MCF7,1.7938921725898496
P49761,CLK3,TAK715,MCF7,5.452074924177747
P49761,CLK3,TBCA,MCF7,-0.9969881251141259
P49761,CLK3,AT13148,MCF7,-2.723022125128896
P49761,CLK3,AZ20,MCF7,0.7018121881044113
P49761,CLK3,AZD6738,MCF7,0.10153190672970198
P49761,CLK3,Bosutinib,MCF7,-1.3733952785113126
P49761,CLK3,Dabrafenib,MCF7,0.22287947647038808
P49761,CLK3,Dasatinib,MCF7,-0.30187547703806317
P49761,CLK3,DNAPK,MCF7,-0.294999646282192
P49761,CLK3,H89,MCF7,-2.8934323461724825
P49761,CLK3,KD025,MCF7,0.3279900942447771
P49761,CLK3,NU7441,MCF7,-0.0950877165387946
P49761,CLK3,Ripasudil,MCF7,-1.5253724207289483
P49761,CLK3,Vemurafenib,MCF7,-0.5662062334014402
P49761,CLK3,CX4945,MCF7,1.4848477135577611
P49761,CLK3,GO6983,MCF7,1.322875453836356
P49761,CLK3,KN93,MCF7,1.1980912362336373
P49761,CLK3,MK2206,MCF7,1.551028286148414
O95819,MAP4K4,AZD6482,MCF7,1.8867043407145228
O95819,MAP4K4,CAL101,MCF7,-0.3996397490908332
O95819,MAP4K4,GDC0941,MCF7,0.2563631154587034
O95819,MAP4K4,HS173,MCF7,0.5279421058928254
O95819,MAP4K4,PIK294,MCF7,1.930306059602136
O95819,MAP4K4,TGX221,MCF7,1.1158582697761736
O95819,MAP4K4,AZD5438,MCF7,0.2960910318923387
O95819,MAP4K4,FRAX486,MCF7,1.3357590147403786
O95819,MAP4K4,Ku0063794,MCF7,0.05221150166767358
O95819,MAP4K4,PD153035,MCF7,0.5284112339203421
O95819,MAP4K4,PF3758309,MCF7,0.27723652741770455
O95819,MAP4K4,Torin,MCF7,-0.43615603526053104
O95819,MAP4K4,Trametinib,MCF7,0.9182777854034361
O95819,MAP4K4,AZD1480,MCF7,0.629454959402448
O95819,MAP4K4,AZD5363,MCF7,0.5475837234503832
O95819,MAP4K4,BX912,MCF7,0.1934356305886554
O95819,MAP4K4,CHIR99021,MCF7,-0.6686223828102308
O95819,MAP4K4,GSK2334470,MCF7,-0.047896183599405055
O95819,MAP4K4,Ipatasertib,MCF7,0.011330624325143292
O95819,MAP4K4,LY2090314,MCF7,0.6072790563994787
O95819,MAP4K4,Tofacitinib,MCF7,-0.3239494318207242
O95819,MAP4K4,AZD8055,MCF7,0.17506598984692673
O95819,MAP4K4,GDC0994,MCF7,1.4825528803134824
O95819,MAP4K4,JNK,MCF7,-0.8328234487434488
O95819,MAP4K4,LY2584702,MCF7,-0.46739543931555494
O95819,MAP4K4,PH797804,MCF7,-0.5912285858265507
O95819,MAP4K4,Selumetinib,MCF7,-0.9714937222620017
O95819,MAP4K4,U73122,MCF7,0.10755784628123832
O95819,MAP4K4,Ulixertinib,MCF7,-0.2648738312696826
O95819,MAP4K4,Amuvatinib,MCF7,0.524437153588281
O95819,MAP4K4,AZD3759,MCF7,0.2038983610915744
O95819,MAP4K4,GSK690693,MCF7,0.6467428337732121
O95819,MAP4K4,JNJ,MCF7,0.10199609825255344
O95819,MAP4K4,KN62,MCF7,1.3175492373049962
O95819,MAP4K4,Linsitinib,MCF7,1.019642989227361
O95819,MAP4K4,LY2835219,MCF7,0.010465757437455836
O95819,MAP4K4,Ribociclib,MCF7,-0.6737319599727185
O95819,MAP4K4,AC220,MCF7,0.27363819586857785
O95819,MAP4K4,Edelfosine,MCF7,0.268582886339924
O95819,MAP4K4,GF109203X,MCF7,0.6156494422882238
O95819,MAP4K4,Go6976,MCF7,0.203452402723516
O95819,MAP4K4,PF4708671,MCF7,0.8830725975801611
O95819,MAP4K4,SP600125,MCF7,0.9130709747088046
O95819,MAP4K4,TAK715,MCF7,0.8599983634238653
O95819,MAP4K4,TBCA,MCF7,-0.9627853003803587
O95819,MAP4K4,AT13148,MCF7,-1.4556373986756657
O95819,MAP4K4,AZ20,MCF7,-1.17129763141362
O95819,MAP4K4,AZD6738,MCF7,-0.37177219789663385
O95819,MAP4K4,Bosutinib,MCF7,-2.891190654116578
O95819,MAP4K4,Dabrafenib,MCF7,-0.4971342278073701
O95819,MAP4K4,Dasatinib,MCF7,-1.7601526882692253
O95819,MAP4K4,DNAPK,MCF7,-1.7199889775037103
O95819,MAP4K4,H89,MCF7,-0.4088171533417712
O95819,MAP4K4,KD025,MCF7,-2.264544047950614
O95819,MAP4K4,NU7441,MCF7,-1.3565257027926143
O95819,MAP4K4,Ripasudil,MCF7,-2.2380814617919387
O95819,MAP4K4,Vemurafenib,MCF7,-1.9025780526116034
O95819,MAP4K4,CX4945,MCF7,0.67901681400635
O95819,MAP4K4,GO6983,MCF7,0.538020540402652
O95819,MAP4K4,KN93,MCF7,0.5747138974355755
O95819,MAP4K4,MK2206,MCF7,1.016937042290231
Q8IV63,VRK3,AZD6482,MCF7,0.08181171042225385
Q8IV63,VRK3,CAL101,MCF7,0.1812165812761763
Q8IV63,VRK3,GDC0941,MCF7,0.615894443266856
Q8IV63,VRK3,HS173,MCF7,0.9076656761744429
Q8IV63,VRK3,PIK294,MCF7,0.2625123258045649
Q8IV63,VRK3,TGX221,MCF7,-0.7709525025260653
Q8IV63,VRK3,AZD5438,MCF7,-1.0896357192769932
Q8IV63,VRK3,FRAX486,MCF7,0.2912711196004921
Q8IV63,VRK3,Ku0063794,MCF7,1.7663577364809209
Q8IV63,VRK3,PD153035,MCF7,-1.4877965065222547
Q8IV63,VRK3,PF3758309,MCF7,1.4966237021534226
Q8IV63,VRK3,Torin,MCF7,1.2202561935371257
Q8IV63,VRK3,Trametinib,MCF7,0.6669395911082927
Q8IV63,VRK3,AZD1480,MCF7,-1.3087775321905588
Q8IV63,VRK3,AZD5363,MCF7,-1.5207095308943608
Q8IV63,VRK3,BX912,MCF7,-1.5796034194177866
Q8IV63,VRK3,CHIR99021,MCF7,-1.6290973277560274
Q8IV63,VRK3,GSK2334470,MCF7,-3.1678032462322085
Q8IV63,VRK3,Ipatasertib,MCF7,-1.3681929942585183
Q8IV63,VRK3,LY2090314,MCF7,-1.5168736294514806
Q8IV63,VRK3,Tofacitinib,MCF7,-1.4841059559429683
Q8IV63,VRK3,AZD8055,MCF7,-0.82984244371008
Q8IV63,VRK3,GDC0994,MCF7,-1.1441218520857153
Q8IV63,VRK3,JNK,MCF7,-0.5549281985897695
Q8IV63,VRK3,LY2584702,MCF7,-1.4157909335726284
Q8IV63,VRK3,PH797804,MCF7,0.03568467332479037
Q8IV63,VRK3,Selumetinib,MCF7,-3.18499721982996
Q8IV63,VRK3,U73122,MCF7,-1.3248060020301238
Q8IV63,VRK3,Ulixertinib,MCF7,-0.2711342806222583
Q8IV63,VRK3,Amuvatinib,MCF7,-1.0649319255142224
Q8IV63,VRK3,AZD3759,MCF7,-0.38517387288515087
Q8IV63,VRK3,GSK690693,MCF7,-0.9145336542216302
Q8IV63,VRK3,JNJ,MCF7,-1.216504844353662
Q8IV63,VRK3,KN62,MCF7,-1.1684932946778832
Q8IV63,VRK3,Linsitinib,MCF7,-1.01979896101669
Q8IV63,VRK3,LY2835219,MCF7,-0.5338577877862274
Q8IV63,VRK3,Ribociclib,MCF7,-1.3530834738458954
Q8IV63,VRK3,AC220,MCF7,1.2897115855971821
Q8IV63,VRK3,Edelfosine,MCF7,-1.845978443851294
Q8IV63,VRK3,GF109203X,MCF7,1.1838051948080286
Q8IV63,VRK3,Go6976,MCF7,0.0558596204422098
Q8IV63,VRK3,PF4708671,MCF7,1.8936389713023947
Q8IV63,VRK3,SP600125,MCF7,-0.26666729799573075
Q8IV63,VRK3,TAK715,MCF7,1.5113453291217205
Q8IV63,VRK3,TBCA,MCF7,0.6293162010805285
Q8IV63,VRK3,AT13148,MCF7,-1.3572978140751604
Q8IV63,VRK3,AZ20,MCF7,-1.186588238373748
Q8IV63,VRK3,AZD6738,MCF7,-1.4195985374604954
Q8IV63,VRK3,Bosutinib,MCF7,-1.4467470188467848
Q8IV63,VRK3,Dabrafenib,MCF7,-1.3081228117524335
Q8IV63,VRK3,Dasatinib,MCF7,-1.1097278046178614
Q8IV63,VRK3,DNAPK,MCF7,-1.6118223393069615
Q8IV63,VRK3,H89,MCF7,-1.6400706871493567
Q8IV63,VRK3,KD025,MCF7,-1.3935992401452
Q8IV63,VRK3,NU7441,MCF7,-1.415254470007412
Q8IV63,VRK3,Ripasudil,MCF7,-1.5468064656272702
Q8IV63,VRK3,Vemurafenib,MCF7,-1.383961078676883
Q8IV63,VRK3,CX4945,MCF7,-1.4100870070456253
Q8IV63,VRK3,GO6983,MCF7,-1.3858574960590864
Q8IV63,VRK3,KN93,MCF7,-1.5442665358075527
Q8IV63,VRK3,MK2206,MCF7,-1.182086070791302
Q14004,CDK13,AZD6482,MCF7,-0.45684106720376816
Q14004,CDK13,CAL101,MCF7,0.2751886557150963
Q14004,CDK13,GDC0941,MCF7,0.3099956261571372
Q14004,CDK13,HS173,MCF7,0.9259920601447212
Q14004,CDK13,PIK294,MCF7,1.3482107760663193
Q14004,CDK13,TGX221,MCF7,-0.20856481185699177
Q14004,CDK13,AZD5438,MCF7,-1.592210235689096
Q14004,CDK13,FRAX486,MCF7,0.3815682671426774
Q14004,CDK13,Ku0063794,MCF7,0.16902192205298666
Q14004,CDK13,PD153035,MCF7,0.1954967971352336
Q14004,CDK13,PF3758309,MCF7,-0.8178976749772175
Q14004,CDK13,Torin,MCF7,0.7867416524488721
Q14004,CDK13,Trametinib,MCF7,0.03296378094429638
Q14004,CDK13,AZD1480,MCF7,-0.27272519401000866
Q14004,CDK13,AZD5363,MCF7,-0.20114235927713958
Q14004,CDK13,BX912,MCF7,0.11768902397073604
Q14004,CDK13,CHIR99021,MCF7,-0.21814423312498624
Q14004,CDK13,GSK2334470,MCF7,0.8166650392657788
Q14004,CDK13,Ipatasertib,MCF7,0.7749336540760642
Q14004,CDK13,LY2090314,MCF7,0.24671745566032358
Q14004,CDK13,Tofacitinib,MCF7,-0.6341197025002034
Q14004,CDK13,AZD8055,MCF7,2.2749999849469495
Q14004,CDK13,GDC0994,MCF7,0.630959314682488
Q14004,CDK13,JNK,MCF7,1.3198099882394982
Q14004,CDK13,LY2584702,MCF7,2.1343777801645345
Q14004,CDK13,PH797804,MCF7,1.0296207722043482
Q14004,CDK13,Selumetinib,MCF7,0.46161181004760143
Q14004,CDK13,U73122,MCF7,1.841855250861336
Q14004,CDK13,Ulixertinib,MCF7,0.1814893051914611
Q14004,CDK13,Amuvatinib,MCF7,-0.29235962234296137
Q14004,CDK13,AZD3759,MCF7,-0.21772632507882006
Q14004,CDK13,GSK690693,MCF7,0.4916093066242537
Q14004,CDK13,JNJ,MCF7,-0.6747888867901154
Q14004,CDK13,KN62,MCF7,-0.47625734022729016
Q14004,CDK13,Linsitinib,MCF7,-0.11401915429188599
Q14004,CDK13,LY2835219,MCF7,-1.1878644806802559
Q14004,CDK13,Ribociclib,MCF7,-1.519157704842538
Q14004,CDK13,AC220,MCF7,0.5839465437303246
Q14004,CDK13,Edelfosine,MCF7,0.9183432044917229
Q14004,CDK13,GF109203X,MCF7,0.697014043385428
Q14004,CDK13,Go6976,MCF7,1.594677190088451
Q14004,CDK13,PF4708671,MCF7,0.43199758462455307
Q14004,CDK13,SP600125,MCF7,-0.24682724908497009
Q14004,CDK13,TAK715,MCF7,0.8764497330294351
Q14004,CDK13,TBCA,MCF7,0.9226504038148522
Q14004,CDK13,AT13148,MCF7,0.20307441502667556
Q14004,CDK13,AZ20,MCF7,-0.08731960217185368
Q14004,CDK13,AZD6738,MCF7,-0.08929064658813365
Q14004,CDK13,Bosutinib,MCF7,-0.5189925760215757
Q14004,CDK13,Dabrafenib,MCF7,0.21868675249147748
Q14004,CDK13,Dasatinib,MCF7,-0.28584092096528196
Q14004,CDK13,DNAPK,MCF7,-1.0486235061396203
Q14004,CDK13,H89,MCF7,-0.8594327768282137
Q14004,CDK13,KD025,MCF7,-0.9902536097872657
Q14004,CDK13,NU7441,MCF7,-0.3162175233799251
Q14004,CDK13,Ripasudil,MCF7,-0.6365054200289583
Q14004,CDK13,Vemurafenib,MCF7,0.2629159401863766
Q14004,CDK13,CX4945,MCF7,-0.013659105560673755
Q14004,CDK13,GO6983,MCF7,0.2403438847942326
Q14004,CDK13,KN93,MCF7,0.584412343266609
Q14004,CDK13,MK2206,MCF7,-0.38839808811430154
Q9Y6M4,CSNK1G3,AZD6482,MCF7,0.08181171042225385
Q9Y6M4,CSNK1G3,CAL101,MCF7,0.1812165812761763
Q9Y6M4,CSNK1G3,GDC0941,MCF7,0.615894443266856
Q9Y6M4,CSNK1G3,HS173,MCF7,0.9076656761744429
Q9Y6M4,CSNK1G3,PIK294,MCF7,0.2625123258045649
Q9Y6M4,CSNK1G3,TGX221,MCF7,-0.7709525025260653
Q9Y6M4,CSNK1G3,AZD5438,MCF7,-1.0896357192769932
Q9Y6M4,CSNK1G3,FRAX486,MCF7,0.2912711196004921
Q9Y6M4,CSNK1G3,Ku0063794,MCF7,1.7663577364809209
Q9Y6M4,CSNK1G3,PD153035,MCF7,-1.4877965065222547
Q9Y6M4,CSNK1G3,PF3758309,MCF7,1.4966237021534226
Q9Y6M4,CSNK1G3,Torin,MCF7,1.2202561935371257
Q9Y6M4,CSNK1G3,Trametinib,MCF7,0.6669395911082927
Q9Y6M4,CSNK1G3,AZD1480,MCF7,-1.3087775321905588
Q9Y6M4,CSNK1G3,AZD5363,MCF7,-1.5207095308943608
Q9Y6M4,CSNK1G3,BX912,MCF7,-1.5796034194177866
Q9Y6M4,CSNK1G3,CHIR99021,MCF7,-1.6290973277560274
Q9Y6M4,CSNK1G3,GSK2334470,MCF7,-3.1678032462322085
Q9Y6M4,CSNK1G3,Ipatasertib,MCF7,-1.3681929942585183
Q9Y6M4,CSNK1G3,LY2090314,MCF7,-1.5168736294514806
Q9Y6M4,CSNK1G3,Tofacitinib,MCF7,-1.4841059559429683
Q9Y6M4,CSNK1G3,AZD8055,MCF7,-0.82984244371008
Q9Y6M4,CSNK1G3,GDC0994,MCF7,-1.1441218520857153
Q9Y6M4,CSNK1G3,JNK,MCF7,-0.5549281985897695
Q9Y6M4,CSNK1G3,LY2584702,MCF7,-1.4157909335726284
Q9Y6M4,CSNK1G3,PH797804,MCF7,0.03568467332479037
Q9Y6M4,CSNK1G3,Selumetinib,MCF7,-3.18499721982996
Q9Y6M4,CSNK1G3,U73122,MCF7,-1.3248060020301238
Q9Y6M4,CSNK1G3,Ulixertinib,MCF7,-0.2711342806222583
Q9Y6M4,CSNK1G3,Amuvatinib,MCF7,-1.0649319255142224
Q9Y6M4,CSNK1G3,AZD3759,MCF7,-0.38517387288515087
Q9Y6M4,CSNK1G3,GSK690693,MCF7,-0.9145336542216302
Q9Y6M4,CSNK1G3,JNJ,MCF7,-1.216504844353662
Q9Y6M4,CSNK1G3,KN62,MCF7,-1.1684932946778832
Q9Y6M4,CSNK1G3,Linsitinib,MCF7,-1.01979896101669
Q9Y6M4,CSNK1G3,LY2835219,MCF7,-0.5338577877862274
Q9Y6M4,CSNK1G3,Ribociclib,MCF7,-1.3530834738458954
Q9Y6M4,CSNK1G3,AC220,MCF7,1.2897115855971821
Q9Y6M4,CSNK1G3,Edelfosine,MCF7,-1.845978443851294
Q9Y6M4,CSNK1G3,GF109203X,MCF7,1.1838051948080286
Q9Y6M4,CSNK1G3,Go6976,MCF7,0.0558596204422098
Q9Y6M4,CSNK1G3,PF4708671,MCF7,1.8936389713023947
Q9Y6M4,CSNK1G3,SP600125,MCF7,-0.26666729799573075
Q9Y6M4,CSNK1G3,TAK715,MCF7,1.5113453291217205
Q9Y6M4,CSNK1G3,TBCA,MCF7,0.6293162010805285
Q9Y6M4,CSNK1G3,AT13148,MCF7,-1.3572978140751604
Q9Y6M4,CSNK1G3,AZ20,MCF7,-1.186588238373748
Q9Y6M4,CSNK1G3,AZD6738,MCF7,-1.4195985374604954
Q9Y6M4,CSNK1G3,Bosutinib,MCF7,-1.4467470188467848
Q9Y6M4,CSNK1G3,Dabrafenib,MCF7,-1.3081228117524335
Q9Y6M4,CSNK1G3,Dasatinib,MCF7,-1.1097278046178614
Q9Y6M4,CSNK1G3,DNAPK,MCF7,-1.6118223393069615
Q9Y6M4,CSNK1G3,H89,MCF7,-1.6400706871493567
Q9Y6M4,CSNK1G3,KD025,MCF7,-1.3935992401452
Q9Y6M4,CSNK1G3,NU7441,MCF7,-1.415254470007412
Q9Y6M4,CSNK1G3,Ripasudil,MCF7,-1.5468064656272702
Q9Y6M4,CSNK1G3,Vemurafenib,MCF7,-1.383961078676883
Q9Y6M4,CSNK1G3,CX4945,MCF7,-1.4100870070456253
Q9Y6M4,CSNK1G3,GO6983,MCF7,-1.3858574960590864
Q9Y6M4,CSNK1G3,KN93,MCF7,-1.5442665358075527
Q9Y6M4,CSNK1G3,MK2206,MCF7,-1.182086070791302
O15075,DCLK1,AC220,MCF7,2.94240785663924
O15075,DCLK1,AT13148,MCF7,0.11240376361659307
O15075,DCLK1,AZ20,MCF7,-0.5579488269830558
O15075,DCLK1,AZD1480,MCF7,0.20452959866108186
O15075,DCLK1,AZD3759,MCF7,0.6097630870388823
O15075,DCLK1,AZD5363,MCF7,-1.1627901703013301
O15075,DCLK1,AZD5438,MCF7,0.2685287803939856
O15075,DCLK1,AZD6482,MCF7,0.2737100325357904
O15075,DCLK1,AZD6738,MCF7,0.2227587130615863
O15075,DCLK1,AZD8055,MCF7,0.14963425143478604
O15075,DCLK1,Amuvatinib,MCF7,-2.0701161753577026
O15075,DCLK1,BX912,MCF7,-0.3036281553201811
O15075,DCLK1,Bosutinib,MCF7,-0.06766254165327217
O15075,DCLK1,CAL101,MCF7,-1.3309321415246982
O15075,DCLK1,CHIR99021,MCF7,-0.2760685343359121
O15075,DCLK1,CX4945,MCF7,-1.4739327863346632
O15075,DCLK1,DNAPK,MCF7,-0.01883942895500745
O15075,DCLK1,Dabrafenib,MCF7,-0.337037280808482
O15075,DCLK1,Dasatinib,MCF7,-0.6203032686526743
O15075,DCLK1,Edelfosine,MCF7,0.61722260723376
O15075,DCLK1,FRAX486,MCF7,-0.18122114538786793
O15075,DCLK1,GDC0941,MCF7,0.17791611566599325
O15075,DCLK1,GDC0994,MCF7,0.7118756480917058
O15075,DCLK1,GF109203X,MCF7,3.4000676773034764
O15075,DCLK1,GO6983,MCF7,-0.5182111555513241
O15075,DCLK1,GSK2334470,MCF7,1.058488453230934
O15075,DCLK1,GSK690693,MCF7,-1.6290523857944328
O15075,DCLK1,Go6976,MCF7,2.6596692699355144
O15075,DCLK1,H89,MCF7,-0.05156308726296983
O15075,DCLK1,HS173,MCF7,-0.4357585195787549
O15075,DCLK1,Ipatasertib,MCF7,0.7943134112275314
O15075,DCLK1,JNJ,MCF7,-1.2033795381347967
O15075,DCLK1,JNK,MCF7,-0.6871038128077067
O15075,DCLK1,KD025,MCF7,0.87752877581033
O15075,DCLK1,KN62,MCF7,1.2576692929295894
O15075,DCLK1,KN93,MCF7,-1.0451925987569826
O15075,DCLK1,Ku0063794,MCF7,0.06059500422798176
O15075,DCLK1,LY2090314,MCF7,-0.3941716979618167
O15075,DCLK1,LY2584702,MCF7,0.853888196389531
O15075,DCLK1,LY2835219,MCF7,0.29432734187998155
O15075,DCLK1,Linsitinib,MCF7,1.7236441523374177
O15075,DCLK1,MK2206,MCF7,-0.6560518542840239
O15075,DCLK1,NU7441,MCF7,-0.6572899091343216
O15075,DCLK1,PD153035,MCF7,-1.2181191941252751
O15075,DCLK1,PF3758309,MCF7,-1.5112872986039019
O15075,DCLK1,PF4708671,MCF7,2.624986994536547
O15075,DCLK1,PH797804,MCF7,0.38761811910925337
O15075,DCLK1,PIK294,MCF7,0.38332796115732476
O15075,DCLK1,Ribociclib,MCF7,-0.56649981368388
O15075,DCLK1,Ripasudil,MCF7,0.025311560662289064
O15075,DCLK1,SP600125,MCF7,1.824772090384934
O15075,DCLK1,Selumetinib,MCF7,-0.5805613420972893
O15075,DCLK1,TAK715,MCF7,3.037604424051054
O15075,DCLK1,TBCA,MCF7,1.3411962093089602
O15075,DCLK1,TGX221,MCF7,-0.4447017235454183
O15075,DCLK1,Tofacitinib,MCF7,-0.004480748161306615
O15075,DCLK1,Torin,MCF7,0.46486044055567727
O15075,DCLK1,Trametinib,MCF7,0.23231758121101084
O15075,DCLK1,U73122,MCF7,0.30686662092701045
O15075,DCLK1,Ulixertinib,MCF7,-0.21982527634028798
O15075,DCLK1,Vemurafenib,MCF7,-0.024769850834789397
Q16832,DDR2,AZD6482,MCF7,
Q16832,DDR2,CAL101,MCF7,
Q16832,DDR2,GDC0941,MCF7,
Q16832,DDR2,HS173,MCF7,
Q16832,DDR2,PIK294,MCF7,
Q16832,DDR2,TGX221,MCF7,
Q16832,DDR2,AZD5438,MCF7,
Q16832,DDR2,FRAX486,MCF7,
Q16832,DDR2,Ku0063794,MCF7,
Q16832,DDR2,PD153035,MCF7,
Q16832,DDR2,PF3758309,MCF7,
Q16832,DDR2,Torin,MCF7,
Q16832,DDR2,Trametinib,MCF7,
Q16832,DDR2,AZD1480,MCF7,
Q16832,DDR2,AZD5363,MCF7,
Q16832,DDR2,BX912,MCF7,
Q16832,DDR2,CHIR99021,MCF7,
Q16832,DDR2,GSK2334470,MCF7,
Q16832,DDR2,Ipatasertib,MCF7,
Q16832,DDR2,LY2090314,MCF7,
Q16832,DDR2,Tofacitinib,MCF7,
Q16832,DDR2,AZD8055,MCF7,
Q16832,DDR2,GDC0994,MCF7,
Q16832,DDR2,JNK,MCF7,
Q16832,DDR2,LY2584702,MCF7,
Q16832,DDR2,PH797804,MCF7,
Q16832,DDR2,Selumetinib,MCF7,
Q16832,DDR2,U73122,MCF7,
Q16832,DDR2,Ulixertinib,MCF7,
Q16832,DDR2,Amuvatinib,MCF7,
Q16832,DDR2,AZD3759,MCF7,
Q16832,DDR2,GSK690693,MCF7,
Q16832,DDR2,JNJ,MCF7,
Q16832,DDR2,KN62,MCF7,
Q16832,DDR2,Linsitinib,MCF7,
Q16832,DDR2,LY2835219,MCF7,
Q16832,DDR2,Ribociclib,MCF7,
Q16832,DDR2,AC220,MCF7,
Q16832,DDR2,Edelfosine,MCF7,
Q16832,DDR2,GF109203X,MCF7,
Q16832,DDR2,Go6976,MCF7,
Q16832,DDR2,PF4708671,MCF7,
Q16832,DDR2,SP600125,MCF7,
Q16832,DDR2,TAK715,MCF7,
Q16832,DDR2,TBCA,MCF7,
Q16832,DDR2,AT13148,MCF7,
Q16832,DDR2,AZ20,MCF7,
Q16832,DDR2,AZD6738,MCF7,
Q16832,DDR2,Bosutinib,MCF7,
Q16832,DDR2,Dabrafenib,MCF7,
Q16832,DDR2,Dasatinib,MCF7,
Q16832,DDR2,DNAPK,MCF7,
Q16832,DDR2,H89,MCF7,
Q16832,DDR2,KD025,MCF7,
Q16832,DDR2,NU7441,MCF7,
Q16832,DDR2,Ripasudil,MCF7,
Q16832,DDR2,Vemurafenib,MCF7,
Q16832,DDR2,CX4945,MCF7,
Q16832,DDR2,GO6983,MCF7,
Q16832,DDR2,KN93,MCF7,
Q16832,DDR2,MK2206,MCF7,
Q8IZE3,SCYL3,AZD6482,MCF7,
Q8IZE3,SCYL3,CAL101,MCF7,
Q8IZE3,SCYL3,GDC0941,MCF7,
Q8IZE3,SCYL3,HS173,MCF7,
Q8IZE3,SCYL3,PIK294,MCF7,
Q8IZE3,SCYL3,TGX221,MCF7,
Q8IZE3,SCYL3,AZD5438,MCF7,
Q8IZE3,SCYL3,FRAX486,MCF7,
Q8IZE3,SCYL3,Ku0063794,MCF7,
Q8IZE3,SCYL3,PD153035,MCF7,
Q8IZE3,SCYL3,PF3758309,MCF7,
Q8IZE3,SCYL3,Torin,MCF7,
Q8IZE3,SCYL3,Trametinib,MCF7,
Q8IZE3,SCYL3,AZD1480,MCF7,
Q8IZE3,SCYL3,AZD5363,MCF7,
Q8IZE3,SCYL3,BX912,MCF7,
Q8IZE3,SCYL3,CHIR99021,MCF7,
Q8IZE3,SCYL3,GSK2334470,MCF7,
Q8IZE3,SCYL3,Ipatasertib,MCF7,
Q8IZE3,SCYL3,LY2090314,MCF7,
Q8IZE3,SCYL3,Tofacitinib,MCF7,
Q8IZE3,SCYL3,AZD8055,MCF7,
Q8IZE3,SCYL3,GDC0994,MCF7,
Q8IZE3,SCYL3,JNK,MCF7,
Q8IZE3,SCYL3,LY2584702,MCF7,
Q8IZE3,SCYL3,PH797804,MCF7,
Q8IZE3,SCYL3,Selumetinib,MCF7,
Q8IZE3,SCYL3,U73122,MCF7,
Q8IZE3,SCYL3,Ulixertinib,MCF7,
Q8IZE3,SCYL3,Amuvatinib,MCF7,
Q8IZE3,SCYL3,AZD3759,MCF7,
Q8IZE3,SCYL3,GSK690693,MCF7,
Q8IZE3,SCYL3,JNJ,MCF7,
Q8IZE3,SCYL3,KN62,MCF7,
Q8IZE3,SCYL3,Linsitinib,MCF7,
Q8IZE3,SCYL3,LY2835219,MCF7,
Q8IZE3,SCYL3,Ribociclib,MCF7,
Q8IZE3,SCYL3,AC220,MCF7,
Q8IZE3,SCYL3,Edelfosine,MCF7,
Q8IZE3,SCYL3,GF109203X,MCF7,
Q8IZE3,SCYL3,Go6976,MCF7,
Q8IZE3,SCYL3,PF4708671,MCF7,
Q8IZE3,SCYL3,SP600125,MCF7,
Q8IZE3,SCYL3,TAK715,MCF7,
Q8IZE3,SCYL3,TBCA,MCF7,
Q8IZE3,SCYL3,AT13148,MCF7,
Q8IZE3,SCYL3,AZ20,MCF7,
Q8IZE3,SCYL3,AZD6738,MCF7,
Q8IZE3,SCYL3,Bosutinib,MCF7,
Q8IZE3,SCYL3,Dabrafenib,MCF7,
Q8IZE3,SCYL3,Dasatinib,MCF7,
Q8IZE3,SCYL3,DNAPK,MCF7,
Q8IZE3,SCYL3,H89,MCF7,
Q8IZE3,SCYL3,KD025,MCF7,
Q8IZE3,SCYL3,NU7441,MCF7,
Q8IZE3,SCYL3,Ripasudil,MCF7,
Q8IZE3,SCYL3,Vemurafenib,MCF7,
Q8IZE3,SCYL3,CX4945,MCF7,
Q8IZE3,SCYL3,GO6983,MCF7,
Q8IZE3,SCYL3,KN93,MCF7,
Q8IZE3,SCYL3,MK2206,MCF7,
Q6P0Q8,MAST2,AZD6482,MCF7,
Q6P0Q8,MAST2,CAL101,MCF7,
Q6P0Q8,MAST2,GDC0941,MCF7,
Q6P0Q8,MAST2,HS173,MCF7,
Q6P0Q8,MAST2,PIK294,MCF7,
Q6P0Q8,MAST2,TGX221,MCF7,
Q6P0Q8,MAST2,AZD5438,MCF7,
Q6P0Q8,MAST2,FRAX486,MCF7,
Q6P0Q8,MAST2,Ku0063794,MCF7,
Q6P0Q8,MAST2,PD153035,MCF7,
Q6P0Q8,MAST2,PF3758309,MCF7,
Q6P0Q8,MAST2,Torin,MCF7,
Q6P0Q8,MAST2,Trametinib,MCF7,
Q6P0Q8,MAST2,AZD1480,MCF7,
Q6P0Q8,MAST2,AZD5363,MCF7,
Q6P0Q8,MAST2,BX912,MCF7,
Q6P0Q8,MAST2,CHIR99021,MCF7,
Q6P0Q8,MAST2,GSK2334470,MCF7,
Q6P0Q8,MAST2,Ipatasertib,MCF7,
Q6P0Q8,MAST2,LY2090314,MCF7,
Q6P0Q8,MAST2,Tofacitinib,MCF7,
Q6P0Q8,MAST2,AZD8055,MCF7,
Q6P0Q8,MAST2,GDC0994,MCF7,
Q6P0Q8,MAST2,JNK,MCF7,
Q6P0Q8,MAST2,LY2584702,MCF7,
Q6P0Q8,MAST2,PH797804,MCF7,
Q6P0Q8,MAST2,Selumetinib,MCF7,
Q6P0Q8,MAST2,U73122,MCF7,
Q6P0Q8,MAST2,Ulixertinib,MCF7,
Q6P0Q8,MAST2,Amuvatinib,MCF7,
Q6P0Q8,MAST2,AZD3759,MCF7,
Q6P0Q8,MAST2,GSK690693,MCF7,
Q6P0Q8,MAST2,JNJ,MCF7,
Q6P0Q8,MAST2,KN62,MCF7,
Q6P0Q8,MAST2,Linsitinib,MCF7,
Q6P0Q8,MAST2,LY2835219,MCF7,
Q6P0Q8,MAST2,Ribociclib,MCF7,
Q6P0Q8,MAST2,AC220,MCF7,
Q6P0Q8,MAST2,Edelfosine,MCF7,
Q6P0Q8,MAST2,GF109203X,MCF7,
Q6P0Q8,MAST2,Go6976,MCF7,
Q6P0Q8,MAST2,PF4708671,MCF7,
Q6P0Q8,MAST2,SP600125,MCF7,
Q6P0Q8,MAST2,TAK715,MCF7,
Q6P0Q8,MAST2,TBCA,MCF7,
Q6P0Q8,MAST2,AT13148,MCF7,
Q6P0Q8,MAST2,AZ20,MCF7,
Q6P0Q8,MAST2,AZD6738,MCF7,
Q6P0Q8,MAST2,Bosutinib,MCF7,
Q6P0Q8,MAST2,Dabrafenib,MCF7,
Q6P0Q8,MAST2,Dasatinib,MCF7,
Q6P0Q8,MAST2,DNAPK,MCF7,
Q6P0Q8,MAST2,H89,MCF7,
Q6P0Q8,MAST2,KD025,MCF7,
Q6P0Q8,MAST2,NU7441,MCF7,
Q6P0Q8,MAST2,Ripasudil,MCF7,
Q6P0Q8,MAST2,Vemurafenib,MCF7,
Q6P0Q8,MAST2,CX4945,MCF7,
Q6P0Q8,MAST2,GO6983,MCF7,
Q6P0Q8,MAST2,KN93,MCF7,
Q6P0Q8,MAST2,MK2206,MCF7,
P51957,NEK4,AZD6482,MCF7,-1.6273237292797922
P51957,NEK4,CAL101,MCF7,-2.261778739920529
P51957,NEK4,GDC0941,MCF7,0.4572868595313934
P51957,NEK4,HS173,MCF7,1.1382148388354945
P51957,NEK4,PIK294,MCF7,-1.9257486834769153
P51957,NEK4,TGX221,MCF7,-1.9047500793457006
P51957,NEK4,AZD5438,MCF7,-1.266269323425143
P51957,NEK4,FRAX486,MCF7,-1.5843626760105887
P51957,NEK4,Ku0063794,MCF7,0.4627501957171554
P51957,NEK4,PD153035,MCF7,-1.7255314465523193
P51957,NEK4,PF3758309,MCF7,-0.036896575031696806
P51957,NEK4,Torin,MCF7,0.9428463168128082
P51957,NEK4,Trametinib,MCF7,-1.5141537177705164
P51957,NEK4,AZD1480,MCF7,-1.5196394129813269
P51957,NEK4,AZD5363,MCF7,-1.7691755247734735
P51957,NEK4,BX912,MCF7,-1.832907134579056
P51957,NEK4,CHIR99021,MCF7,-1.89153582338254
P51957,NEK4,GSK2334470,MCF7,-1.6194974279315175
P51957,NEK4,Ipatasertib,MCF7,-1.5980565660882944
P51957,NEK4,LY2090314,MCF7,-1.761087586516888
P51957,NEK4,Tofacitinib,MCF7,-1.7755460554071938
P51957,NEK4,AZD8055,MCF7,-0.2835944553201285
P51957,NEK4,GDC0994,MCF7,0.13053702213045693
P51957,NEK4,JNK,MCF7,-1.457270187398997
P51957,NEK4,LY2584702,MCF7,-0.3938125615790408
P51957,NEK4,PH797804,MCF7,-0.47975990781498234
P51957,NEK4,Selumetinib,MCF7,-1.428673880082089
P51957,NEK4,U73122,MCF7,-1.4660452077195472
P51957,NEK4,Ulixertinib,MCF7,-0.3499090505140903
P51957,NEK4,Amuvatinib,MCF7,-1.24921532944719
P51957,NEK4,AZD3759,MCF7,-1.3105984556837516
P51957,NEK4,GSK690693,MCF7,1.11510517940317
P51957,NEK4,JNJ,MCF7,-4.505004381413399
P51957,NEK4,KN62,MCF7,-1.3645050959747724
P51957,NEK4,Linsitinib,MCF7,-1.1654828883765864
P51957,NEK4,LY2835219,MCF7,-1.396520551968016
P51957,NEK4,Ribociclib,MCF7,-1.5807192890207098
P51957,NEK4,AC220,MCF7,-1.5940912307424475
P51957,NEK4,Edelfosine,MCF7,-0.0581932125057759
P51957,NEK4,GF109203X,MCF7,-1.4770399958543536
P51957,NEK4,Go6976,MCF7,0.25775563924742617
P51957,NEK4,PF4708671,MCF7,-1.52368738840394
P51957,NEK4,SP600125,MCF7,-1.1785633937931683
P51957,NEK4,TAK715,MCF7,2.361817767575313
P51957,NEK4,TBCA,MCF7,-1.690620043737271
P51957,NEK4,AT13148,MCF7,0.8883191495965765
P51957,NEK4,AZ20,MCF7,-0.029620547610001668
P51957,NEK4,AZD6738,MCF7,0.8981472368055912
P51957,NEK4,Bosutinib,MCF7,-3.2467113231843596
P51957,NEK4,Dabrafenib,MCF7,1.5270343562475475
P51957,NEK4,Dasatinib,MCF7,1.0739449935092198
P51957,NEK4,DNAPK,MCF7,-4.5978067844473705
P51957,NEK4,H89,MCF7,0.9712731079084446
P51957,NEK4,KD025,MCF7,0.37480541249662896
P51957,NEK4,NU7441,MCF7,0.9638443147731932
P51957,NEK4,Ripasudil,MCF7,0.7842191437055914
P51957,NEK4,Vemurafenib,MCF7,1.2846936276287375
P51957,NEK4,CX4945,MCF7,-1.6298728968456608
P51957,NEK4,GO6983,MCF7,0.4566488677037487
P51957,NEK4,KN93,MCF7,-1.696422877634546
P51957,NEK4,MK2206,MCF7,-1.3659195693106883
Q13873,BMPR2,AZD6482,MCF7,
Q13873,BMPR2,CAL101,MCF7,
Q13873,BMPR2,GDC0941,MCF7,
Q13873,BMPR2,HS173,MCF7,
Q13873,BMPR2,PIK294,MCF7,
Q13873,BMPR2,TGX221,MCF7,
Q13873,BMPR2,AZD5438,MCF7,
Q13873,BMPR2,FRAX486,MCF7,
Q13873,BMPR2,Ku0063794,MCF7,
Q13873,BMPR2,PD153035,MCF7,
Q13873,BMPR2,PF3758309,MCF7,
Q13873,BMPR2,Torin,MCF7,
Q13873,BMPR2,Trametinib,MCF7,
Q13873,BMPR2,AZD1480,MCF7,
Q13873,BMPR2,AZD5363,MCF7,
Q13873,BMPR2,BX912,MCF7,
Q13873,BMPR2,CHIR99021,MCF7,
Q13873,BMPR2,GSK2334470,MCF7,
Q13873,BMPR2,Ipatasertib,MCF7,
Q13873,BMPR2,LY2090314,MCF7,
Q13873,BMPR2,Tofacitinib,MCF7,
Q13873,BMPR2,AZD8055,MCF7,
Q13873,BMPR2,GDC0994,MCF7,
Q13873,BMPR2,JNK,MCF7,
Q13873,BMPR2,LY2584702,MCF7,
Q13873,BMPR2,PH797804,MCF7,
Q13873,BMPR2,Selumetinib,MCF7,
Q13873,BMPR2,U73122,MCF7,
Q13873,BMPR2,Ulixertinib,MCF7,
Q13873,BMPR2,Amuvatinib,MCF7,
Q13873,BMPR2,AZD3759,MCF7,
Q13873,BMPR2,GSK690693,MCF7,
Q13873,BMPR2,JNJ,MCF7,
Q13873,BMPR2,KN62,MCF7,
Q13873,BMPR2,Linsitinib,MCF7,
Q13873,BMPR2,LY2835219,MCF7,
Q13873,BMPR2,Ribociclib,MCF7,
Q13873,BMPR2,AC220,MCF7,
Q13873,BMPR2,Edelfosine,MCF7,
Q13873,BMPR2,GF109203X,MCF7,
Q13873,BMPR2,Go6976,MCF7,
Q13873,BMPR2,PF4708671,MCF7,
Q13873,BMPR2,SP600125,MCF7,
Q13873,BMPR2,TAK715,MCF7,
Q13873,BMPR2,TBCA,MCF7,
Q13873,BMPR2,AT13148,MCF7,
Q13873,BMPR2,AZ20,MCF7,
Q13873,BMPR2,AZD6738,MCF7,
Q13873,BMPR2,Bosutinib,MCF7,
Q13873,BMPR2,Dabrafenib,MCF7,
Q13873,BMPR2,Dasatinib,MCF7,
Q13873,BMPR2,DNAPK,MCF7,
Q13873,BMPR2,H89,MCF7,
Q13873,BMPR2,KD025,MCF7,
Q13873,BMPR2,NU7441,MCF7,
Q13873,BMPR2,Ripasudil,MCF7,
Q13873,BMPR2,Vemurafenib,MCF7,
Q13873,BMPR2,CX4945,MCF7,
Q13873,BMPR2,GO6983,MCF7,
Q13873,BMPR2,KN93,MCF7,
Q13873,BMPR2,MK2206,MCF7,
Q9Y2H9,MAST1,AZD6482,MCF7,
Q9Y2H9,MAST1,CAL101,MCF7,
Q9Y2H9,MAST1,GDC0941,MCF7,
Q9Y2H9,MAST1,HS173,MCF7,
Q9Y2H9,MAST1,PIK294,MCF7,
Q9Y2H9,MAST1,TGX221,MCF7,
Q9Y2H9,MAST1,AZD5438,MCF7,
Q9Y2H9,MAST1,FRAX486,MCF7,
Q9Y2H9,MAST1,Ku0063794,MCF7,
Q9Y2H9,MAST1,PD153035,MCF7,
Q9Y2H9,MAST1,PF3758309,MCF7,
Q9Y2H9,MAST1,Torin,MCF7,
Q9Y2H9,MAST1,Trametinib,MCF7,
Q9Y2H9,MAST1,AZD1480,MCF7,
Q9Y2H9,MAST1,AZD5363,MCF7,
Q9Y2H9,MAST1,BX912,MCF7,
Q9Y2H9,MAST1,CHIR99021,MCF7,
Q9Y2H9,MAST1,GSK2334470,MCF7,
Q9Y2H9,MAST1,Ipatasertib,MCF7,
Q9Y2H9,MAST1,LY2090314,MCF7,
Q9Y2H9,MAST1,Tofacitinib,MCF7,
Q9Y2H9,MAST1,AZD8055,MCF7,
Q9Y2H9,MAST1,GDC0994,MCF7,
Q9Y2H9,MAST1,JNK,MCF7,
Q9Y2H9,MAST1,LY2584702,MCF7,
Q9Y2H9,MAST1,PH797804,MCF7,
Q9Y2H9,MAST1,Selumetinib,MCF7,
Q9Y2H9,MAST1,U73122,MCF7,
Q9Y2H9,MAST1,Ulixertinib,MCF7,
Q9Y2H9,MAST1,Amuvatinib,MCF7,
Q9Y2H9,MAST1,AZD3759,MCF7,
Q9Y2H9,MAST1,GSK690693,MCF7,
Q9Y2H9,MAST1,JNJ,MCF7,
Q9Y2H9,MAST1,KN62,MCF7,
Q9Y2H9,MAST1,Linsitinib,MCF7,
Q9Y2H9,MAST1,LY2835219,MCF7,
Q9Y2H9,MAST1,Ribociclib,MCF7,
Q9Y2H9,MAST1,AC220,MCF7,
Q9Y2H9,MAST1,Edelfosine,MCF7,
Q9Y2H9,MAST1,GF109203X,MCF7,
Q9Y2H9,MAST1,Go6976,MCF7,
Q9Y2H9,MAST1,PF4708671,MCF7,
Q9Y2H9,MAST1,SP600125,MCF7,
Q9Y2H9,MAST1,TAK715,MCF7,
Q9Y2H9,MAST1,TBCA,MCF7,
Q9Y2H9,MAST1,AT13148,MCF7,
Q9Y2H9,MAST1,AZ20,MCF7,
Q9Y2H9,MAST1,AZD6738,MCF7,
Q9Y2H9,MAST1,Bosutinib,MCF7,
Q9Y2H9,MAST1,Dabrafenib,MCF7,
Q9Y2H9,MAST1,Dasatinib,MCF7,
Q9Y2H9,MAST1,DNAPK,MCF7,
Q9Y2H9,MAST1,H89,MCF7,
Q9Y2H9,MAST1,KD025,MCF7,
Q9Y2H9,MAST1,NU7441,MCF7,
Q9Y2H9,MAST1,Ripasudil,MCF7,
Q9Y2H9,MAST1,Vemurafenib,MCF7,
Q9Y2H9,MAST1,CX4945,MCF7,
Q9Y2H9,MAST1,GO6983,MCF7,
Q9Y2H9,MAST1,KN93,MCF7,
Q9Y2H9,MAST1,MK2206,MCF7,
Q8TF76,HASPIN,AZD6482,MCF7,-3.322679792866794
Q8TF76,HASPIN,CAL101,MCF7,0.06119959510080389
Q8TF76,HASPIN,GDC0941,MCF7,-0.5115942506029895
Q8TF76,HASPIN,HS173,MCF7,0.6101258390130213
Q8TF76,HASPIN,PIK294,MCF7,-1.3170082823386497
Q8TF76,HASPIN,TGX221,MCF7,-0.856667775921027
Q8TF76,HASPIN,AZD5438,MCF7,1.0143078778025392
Q8TF76,HASPIN,FRAX486,MCF7,0.005814772392084951
Q8TF76,HASPIN,Ku0063794,MCF7,1.172940550498991
Q8TF76,HASPIN,PD153035,MCF7,0.3696751578510355
Q8TF76,HASPIN,PF3758309,MCF7,1.4302695186641474
Q8TF76,HASPIN,Torin,MCF7,1.010412163150138
Q8TF76,HASPIN,Trametinib,MCF7,0.7946574726626194
Q8TF76,HASPIN,AZD1480,MCF7,-0.11676457954444337
Q8TF76,HASPIN,AZD5363,MCF7,0.6261073143919118
Q8TF76,HASPIN,BX912,MCF7,1.2688921666696167
Q8TF76,HASPIN,CHIR99021,MCF7,1.0902795221962056
Q8TF76,HASPIN,GSK2334470,MCF7,0.5961676208062066
Q8TF76,HASPIN,Ipatasertib,MCF7,0.506199659418782
Q8TF76,HASPIN,LY2090314,MCF7,-0.19757340198742646
Q8TF76,HASPIN,Tofacitinib,MCF7,0.6878115950467407
Q8TF76,HASPIN,AZD8055,MCF7,-0.6222721117268137
Q8TF76,HASPIN,GDC0994,MCF7,-0.29850063519951253
Q8TF76,HASPIN,JNK,MCF7,-0.7417619371184327
Q8TF76,HASPIN,LY2584702,MCF7,0.32464751666220765
Q8TF76,HASPIN,PH797804,MCF7,-0.30662467091068246
Q8TF76,HASPIN,Selumetinib,MCF7,-0.191574436032736
Q8TF76,HASPIN,U73122,MCF7,-0.6090047767181853
Q8TF76,HASPIN,Ulixertinib,MCF7,-0.6745690263645827
Q8TF76,HASPIN,Amuvatinib,MCF7,-0.5855335228284934
Q8TF76,HASPIN,AZD3759,MCF7,0.16914535006510728
Q8TF76,HASPIN,GSK690693,MCF7,-0.4283573667025668
Q8TF76,HASPIN,JNJ,MCF7,-1.077676519711865
Q8TF76,HASPIN,KN62,MCF7,1.139918959017517
Q8TF76,HASPIN,Linsitinib,MCF7,-0.5032107156520236
Q8TF76,HASPIN,LY2835219,MCF7,1.2875188741286838
Q8TF76,HASPIN,Ribociclib,MCF7,-0.4635786876083107
Q8TF76,HASPIN,AC220,MCF7,0.6999892046905132
Q8TF76,HASPIN,Edelfosine,MCF7,0.22178563230309659
Q8TF76,HASPIN,GF109203X,MCF7,0.4196655827971631
Q8TF76,HASPIN,Go6976,MCF7,-0.9101180256233624
Q8TF76,HASPIN,PF4708671,MCF7,-1.1427456351409684
Q8TF76,HASPIN,SP600125,MCF7,-1.2819942198387493
Q8TF76,HASPIN,TAK715,MCF7,-2.0493361862799535
Q8TF76,HASPIN,TBCA,MCF7,0.09910754873814247
Q8TF76,HASPIN,AT13148,MCF7,1.9105328213919501
Q8TF76,HASPIN,AZ20,MCF7,2.477192198441952
Q8TF76,HASPIN,AZD6738,MCF7,2.3800724914243037
Q8TF76,HASPIN,Bosutinib,MCF7,1.9660208050616945
Q8TF76,HASPIN,Dabrafenib,MCF7,1.6918230994100352
Q8TF76,HASPIN,Dasatinib,MCF7,1.9092539604243268
Q8TF76,HASPIN,DNAPK,MCF7,-0.07452534649984209
Q8TF76,HASPIN,H89,MCF7,2.418523884456717
Q8TF76,HASPIN,KD025,MCF7,1.4515693686684035
Q8TF76,HASPIN,NU7441,MCF7,0.34652388048255156
Q8TF76,HASPIN,Ripasudil,MCF7,-1.3365354407522132
Q8TF76,HASPIN,Vemurafenib,MCF7,0.9988499105122063
Q8TF76,HASPIN,CX4945,MCF7,1.053919503154369
Q8TF76,HASPIN,GO6983,MCF7,-0.3267050629402559
Q8TF76,HASPIN,KN93,MCF7,-0.3413133449870822
Q8TF76,HASPIN,MK2206,MCF7,-0.084610248933179
Q9BRS2,RIOK1,AZD6482,MCF7,
Q9BRS2,RIOK1,CAL101,MCF7,
Q9BRS2,RIOK1,GDC0941,MCF7,
Q9BRS2,RIOK1,HS173,MCF7,
Q9BRS2,RIOK1,PIK294,MCF7,
Q9BRS2,RIOK1,TGX221,MCF7,
Q9BRS2,RIOK1,AZD5438,MCF7,
Q9BRS2,RIOK1,FRAX486,MCF7,
Q9BRS2,RIOK1,Ku0063794,MCF7,
Q9BRS2,RIOK1,PD153035,MCF7,
Q9BRS2,RIOK1,PF3758309,MCF7,
Q9BRS2,RIOK1,Torin,MCF7,
Q9BRS2,RIOK1,Trametinib,MCF7,
Q9BRS2,RIOK1,AZD1480,MCF7,
Q9BRS2,RIOK1,AZD5363,MCF7,
Q9BRS2,RIOK1,BX912,MCF7,
Q9BRS2,RIOK1,CHIR99021,MCF7,
Q9BRS2,RIOK1,GSK2334470,MCF7,
Q9BRS2,RIOK1,Ipatasertib,MCF7,
Q9BRS2,RIOK1,LY2090314,MCF7,
Q9BRS2,RIOK1,Tofacitinib,MCF7,
Q9BRS2,RIOK1,AZD8055,MCF7,
Q9BRS2,RIOK1,GDC0994,MCF7,
Q9BRS2,RIOK1,JNK,MCF7,
Q9BRS2,RIOK1,LY2584702,MCF7,
Q9BRS2,RIOK1,PH797804,MCF7,
Q9BRS2,RIOK1,Selumetinib,MCF7,
Q9BRS2,RIOK1,U73122,MCF7,
Q9BRS2,RIOK1,Ulixertinib,MCF7,
Q9BRS2,RIOK1,Amuvatinib,MCF7,
Q9BRS2,RIOK1,AZD3759,MCF7,
Q9BRS2,RIOK1,GSK690693,MCF7,
Q9BRS2,RIOK1,JNJ,MCF7,
Q9BRS2,RIOK1,KN62,MCF7,
Q9BRS2,RIOK1,Linsitinib,MCF7,
Q9BRS2,RIOK1,LY2835219,MCF7,
Q9BRS2,RIOK1,Ribociclib,MCF7,
Q9BRS2,RIOK1,AC220,MCF7,
Q9BRS2,RIOK1,Edelfosine,MCF7,
Q9BRS2,RIOK1,GF109203X,MCF7,
Q9BRS2,RIOK1,Go6976,MCF7,
Q9BRS2,RIOK1,PF4708671,MCF7,
Q9BRS2,RIOK1,SP600125,MCF7,
Q9BRS2,RIOK1,TAK715,MCF7,
Q9BRS2,RIOK1,TBCA,MCF7,
Q9BRS2,RIOK1,AT13148,MCF7,
Q9BRS2,RIOK1,AZ20,MCF7,
Q9BRS2,RIOK1,AZD6738,MCF7,
Q9BRS2,RIOK1,Bosutinib,MCF7,
Q9BRS2,RIOK1,Dabrafenib,MCF7,
Q9BRS2,RIOK1,Dasatinib,MCF7,
Q9BRS2,RIOK1,DNAPK,MCF7,
Q9BRS2,RIOK1,H89,MCF7,
Q9BRS2,RIOK1,KD025,MCF7,
Q9BRS2,RIOK1,NU7441,MCF7,
Q9BRS2,RIOK1,Ripasudil,MCF7,
Q9BRS2,RIOK1,Vemurafenib,MCF7,
Q9BRS2,RIOK1,CX4945,MCF7,
Q9BRS2,RIOK1,GO6983,MCF7,
Q9BRS2,RIOK1,KN93,MCF7,
Q9BRS2,RIOK1,MK2206,MCF7,
Q9NRH2,SNRK,AZD6482,MCF7,0.03927544833465004
Q9NRH2,SNRK,CAL101,MCF7,0.12890340251860108
Q9NRH2,SNRK,GDC0941,MCF7,0.9184793581531564
Q9NRH2,SNRK,HS173,MCF7,0.12706330474448396
Q9NRH2,SNRK,PIK294,MCF7,0.5119422752379986
Q9NRH2,SNRK,TGX221,MCF7,0.08062418782247181
Q9NRH2,SNRK,AZD5438,MCF7,0.22886212223423602
Q9NRH2,SNRK,FRAX486,MCF7,0.4339222564522281
Q9NRH2,SNRK,Ku0063794,MCF7,0.4212148015250992
Q9NRH2,SNRK,PD153035,MCF7,0.19423306469817989
Q9NRH2,SNRK,PF3758309,MCF7,0.1075362787077066
Q9NRH2,SNRK,Torin,MCF7,0.7435527470323395
Q9NRH2,SNRK,Trametinib,MCF7,0.6498864330554908
Q9NRH2,SNRK,AZD1480,MCF7,0.5720113584239125
Q9NRH2,SNRK,AZD5363,MCF7,0.7373734381771788
Q9NRH2,SNRK,BX912,MCF7,0.2861242085105768
Q9NRH2,SNRK,CHIR99021,MCF7,0.5241615706797308
Q9NRH2,SNRK,GSK2334470,MCF7,0.3761493022748987
Q9NRH2,SNRK,Ipatasertib,MCF7,-0.07611115866651172
Q9NRH2,SNRK,LY2090314,MCF7,0.8829987234200065
Q9NRH2,SNRK,Tofacitinib,MCF7,1.0643696077873666
Q9NRH2,SNRK,AZD8055,MCF7,0.5040707672671354
Q9NRH2,SNRK,GDC0994,MCF7,0.2313197075875859
Q9NRH2,SNRK,JNK,MCF7,0.15005654988702183
Q9NRH2,SNRK,LY2584702,MCF7,1.1705950645489989
Q9NRH2,SNRK,PH797804,MCF7,0.3114502423907266
Q9NRH2,SNRK,Selumetinib,MCF7,-0.040029171172838246
Q9NRH2,SNRK,U73122,MCF7,0.3921643487774099
Q9NRH2,SNRK,Ulixertinib,MCF7,-0.09344492510369945
Q9NRH2,SNRK,Amuvatinib,MCF7,-0.012407508174027197
Q9NRH2,SNRK,AZD3759,MCF7,-0.24698899129186025
Q9NRH2,SNRK,GSK690693,MCF7,0.046693878967168465
Q9NRH2,SNRK,JNJ,MCF7,0.06031953100226548
Q9NRH2,SNRK,KN62,MCF7,0.0665195525622392
Q9NRH2,SNRK,Linsitinib,MCF7,0.24783107658601197
Q9NRH2,SNRK,LY2835219,MCF7,0.1715906682943443
Q9NRH2,SNRK,Ribociclib,MCF7,0.9267638065629232
Q9NRH2,SNRK,AC220,MCF7,0.4362495350791157
Q9NRH2,SNRK,Edelfosine,MCF7,0.5569926316821354
Q9NRH2,SNRK,GF109203X,MCF7,0.5495277685912606
Q9NRH2,SNRK,Go6976,MCF7,0.2844637077589026
Q9NRH2,SNRK,PF4708671,MCF7,0.6000884225000086
Q9NRH2,SNRK,SP600125,MCF7,-0.03270105164761124
Q9NRH2,SNRK,TAK715,MCF7,0.6115360099173137
Q9NRH2,SNRK,TBCA,MCF7,0.7751605147414257
Q9NRH2,SNRK,AT13148,MCF7,0.6081065155941349
Q9NRH2,SNRK,AZ20,MCF7,1.2407019483433004
Q9NRH2,SNRK,AZD6738,MCF7,0.40515476422320285
Q9NRH2,SNRK,Bosutinib,MCF7,-0.6021637299651388
Q9NRH2,SNRK,Dabrafenib,MCF7,0.9197601522878958
Q9NRH2,SNRK,Dasatinib,MCF7,-0.314312502294498
Q9NRH2,SNRK,DNAPK,MCF7,0.6751694193964904
Q9NRH2,SNRK,H89,MCF7,-0.3189060531409011
Q9NRH2,SNRK,KD025,MCF7,0.46097314363758723
Q9NRH2,SNRK,NU7441,MCF7,0.5825066685812023
Q9NRH2,SNRK,Ripasudil,MCF7,-0.13469505382081182
Q9NRH2,SNRK,Vemurafenib,MCF7,0.33146037799265443
Q9NRH2,SNRK,CX4945,MCF7,0.6602711592550745
Q9NRH2,SNRK,GO6983,MCF7,0.15892941525903614
Q9NRH2,SNRK,KN93,MCF7,0.5413990338203785
Q9NRH2,SNRK,MK2206,MCF7,1.248130714446721
Q9UQ07,MOK,AZD6482,MCF7,
Q9UQ07,MOK,CAL101,MCF7,
Q9UQ07,MOK,GDC0941,MCF7,
Q9UQ07,MOK,HS173,MCF7,
Q9UQ07,MOK,PIK294,MCF7,
Q9UQ07,MOK,TGX221,MCF7,
Q9UQ07,MOK,AZD5438,MCF7,
Q9UQ07,MOK,FRAX486,MCF7,
Q9UQ07,MOK,Ku0063794,MCF7,
Q9UQ07,MOK,PD153035,MCF7,
Q9UQ07,MOK,PF3758309,MCF7,
Q9UQ07,MOK,Torin,MCF7,
Q9UQ07,MOK,Trametinib,MCF7,
Q9UQ07,MOK,AZD1480,MCF7,
Q9UQ07,MOK,AZD5363,MCF7,
Q9UQ07,MOK,BX912,MCF7,
Q9UQ07,MOK,CHIR99021,MCF7,
Q9UQ07,MOK,GSK2334470,MCF7,
Q9UQ07,MOK,Ipatasertib,MCF7,
Q9UQ07,MOK,LY2090314,MCF7,
Q9UQ07,MOK,Tofacitinib,MCF7,
Q9UQ07,MOK,AZD8055,MCF7,
Q9UQ07,MOK,GDC0994,MCF7,
Q9UQ07,MOK,JNK,MCF7,
Q9UQ07,MOK,LY2584702,MCF7,
Q9UQ07,MOK,PH797804,MCF7,
Q9UQ07,MOK,Selumetinib,MCF7,
Q9UQ07,MOK,U73122,MCF7,
Q9UQ07,MOK,Ulixertinib,MCF7,
Q9UQ07,MOK,Amuvatinib,MCF7,
Q9UQ07,MOK,AZD3759,MCF7,
Q9UQ07,MOK,GSK690693,MCF7,
Q9UQ07,MOK,JNJ,MCF7,
Q9UQ07,MOK,KN62,MCF7,
Q9UQ07,MOK,Linsitinib,MCF7,
Q9UQ07,MOK,LY2835219,MCF7,
Q9UQ07,MOK,Ribociclib,MCF7,
Q9UQ07,MOK,AC220,MCF7,
Q9UQ07,MOK,Edelfosine,MCF7,
Q9UQ07,MOK,GF109203X,MCF7,
Q9UQ07,MOK,Go6976,MCF7,
Q9UQ07,MOK,PF4708671,MCF7,
Q9UQ07,MOK,SP600125,MCF7,
Q9UQ07,MOK,TAK715,MCF7,
Q9UQ07,MOK,TBCA,MCF7,
Q9UQ07,MOK,AT13148,MCF7,
Q9UQ07,MOK,AZ20,MCF7,
Q9UQ07,MOK,AZD6738,MCF7,
Q9UQ07,MOK,Bosutinib,MCF7,
Q9UQ07,MOK,Dabrafenib,MCF7,
Q9UQ07,MOK,Dasatinib,MCF7,
Q9UQ07,MOK,DNAPK,MCF7,
Q9UQ07,MOK,H89,MCF7,
Q9UQ07,MOK,KD025,MCF7,
Q9UQ07,MOK,NU7441,MCF7,
Q9UQ07,MOK,Ripasudil,MCF7,
Q9UQ07,MOK,Vemurafenib,MCF7,
Q9UQ07,MOK,CX4945,MCF7,
Q9UQ07,MOK,GO6983,MCF7,
Q9UQ07,MOK,KN93,MCF7,
Q9UQ07,MOK,MK2206,MCF7,
Q6DT37,CDC42BPG,AZD6482,MCF7,
Q6DT37,CDC42BPG,CAL101,MCF7,
Q6DT37,CDC42BPG,GDC0941,MCF7,
Q6DT37,CDC42BPG,HS173,MCF7,
Q6DT37,CDC42BPG,PIK294,MCF7,
Q6DT37,CDC42BPG,TGX221,MCF7,
Q6DT37,CDC42BPG,AZD5438,MCF7,
Q6DT37,CDC42BPG,FRAX486,MCF7,
Q6DT37,CDC42BPG,Ku0063794,MCF7,
Q6DT37,CDC42BPG,PD153035,MCF7,
Q6DT37,CDC42BPG,PF3758309,MCF7,
Q6DT37,CDC42BPG,Torin,MCF7,
Q6DT37,CDC42BPG,Trametinib,MCF7,
Q6DT37,CDC42BPG,AZD1480,MCF7,
Q6DT37,CDC42BPG,AZD5363,MCF7,
Q6DT37,CDC42BPG,BX912,MCF7,
Q6DT37,CDC42BPG,CHIR99021,MCF7,
Q6DT37,CDC42BPG,GSK2334470,MCF7,
Q6DT37,CDC42BPG,Ipatasertib,MCF7,
Q6DT37,CDC42BPG,LY2090314,MCF7,
Q6DT37,CDC42BPG,Tofacitinib,MCF7,
Q6DT37,CDC42BPG,AZD8055,MCF7,
Q6DT37,CDC42BPG,GDC0994,MCF7,
Q6DT37,CDC42BPG,JNK,MCF7,
Q6DT37,CDC42BPG,LY2584702,MCF7,
Q6DT37,CDC42BPG,PH797804,MCF7,
Q6DT37,CDC42BPG,Selumetinib,MCF7,
Q6DT37,CDC42BPG,U73122,MCF7,
Q6DT37,CDC42BPG,Ulixertinib,MCF7,
Q6DT37,CDC42BPG,Amuvatinib,MCF7,
Q6DT37,CDC42BPG,AZD3759,MCF7,
Q6DT37,CDC42BPG,GSK690693,MCF7,
Q6DT37,CDC42BPG,JNJ,MCF7,
Q6DT37,CDC42BPG,KN62,MCF7,
Q6DT37,CDC42BPG,Linsitinib,MCF7,
Q6DT37,CDC42BPG,LY2835219,MCF7,
Q6DT37,CDC42BPG,Ribociclib,MCF7,
Q6DT37,CDC42BPG,AC220,MCF7,
Q6DT37,CDC42BPG,Edelfosine,MCF7,
Q6DT37,CDC42BPG,GF109203X,MCF7,
Q6DT37,CDC42BPG,Go6976,MCF7,
Q6DT37,CDC42BPG,PF4708671,MCF7,
Q6DT37,CDC42BPG,SP600125,MCF7,
Q6DT37,CDC42BPG,TAK715,MCF7,
Q6DT37,CDC42BPG,TBCA,MCF7,
Q6DT37,CDC42BPG,AT13148,MCF7,
Q6DT37,CDC42BPG,AZ20,MCF7,
Q6DT37,CDC42BPG,AZD6738,MCF7,
Q6DT37,CDC42BPG,Bosutinib,MCF7,
Q6DT37,CDC42BPG,Dabrafenib,MCF7,
Q6DT37,CDC42BPG,Dasatinib,MCF7,
Q6DT37,CDC42BPG,DNAPK,MCF7,
Q6DT37,CDC42BPG,H89,MCF7,
Q6DT37,CDC42BPG,KD025,MCF7,
Q6DT37,CDC42BPG,NU7441,MCF7,
Q6DT37,CDC42BPG,Ripasudil,MCF7,
Q6DT37,CDC42BPG,Vemurafenib,MCF7,
Q6DT37,CDC42BPG,CX4945,MCF7,
Q6DT37,CDC42BPG,GO6983,MCF7,
Q6DT37,CDC42BPG,KN93,MCF7,
Q6DT37,CDC42BPG,MK2206,MCF7,
P54760,EPHB4,AZD6482,MCF7,
P54760,EPHB4,CAL101,MCF7,
P54760,EPHB4,GDC0941,MCF7,
P54760,EPHB4,HS173,MCF7,
P54760,EPHB4,PIK294,MCF7,
P54760,EPHB4,TGX221,MCF7,
P54760,EPHB4,AZD5438,MCF7,
P54760,EPHB4,FRAX486,MCF7,
P54760,EPHB4,Ku0063794,MCF7,
P54760,EPHB4,PD153035,MCF7,
P54760,EPHB4,PF3758309,MCF7,
P54760,EPHB4,Torin,MCF7,
P54760,EPHB4,Trametinib,MCF7,
P54760,EPHB4,AZD1480,MCF7,
P54760,EPHB4,AZD5363,MCF7,
P54760,EPHB4,BX912,MCF7,
P54760,EPHB4,CHIR99021,MCF7,
P54760,EPHB4,GSK2334470,MCF7,
P54760,EPHB4,Ipatasertib,MCF7,
P54760,EPHB4,LY2090314,MCF7,
P54760,EPHB4,Tofacitinib,MCF7,
P54760,EPHB4,AZD8055,MCF7,
P54760,EPHB4,GDC0994,MCF7,
P54760,EPHB4,JNK,MCF7,
P54760,EPHB4,LY2584702,MCF7,
P54760,EPHB4,PH797804,MCF7,
P54760,EPHB4,Selumetinib,MCF7,
P54760,EPHB4,U73122,MCF7,
P54760,EPHB4,Ulixertinib,MCF7,
P54760,EPHB4,Amuvatinib,MCF7,
P54760,EPHB4,AZD3759,MCF7,
P54760,EPHB4,GSK690693,MCF7,
P54760,EPHB4,JNJ,MCF7,
P54760,EPHB4,KN62,MCF7,
P54760,EPHB4,Linsitinib,MCF7,
P54760,EPHB4,LY2835219,MCF7,
P54760,EPHB4,Ribociclib,MCF7,
P54760,EPHB4,AC220,MCF7,
P54760,EPHB4,Edelfosine,MCF7,
P54760,EPHB4,GF109203X,MCF7,
P54760,EPHB4,Go6976,MCF7,
P54760,EPHB4,PF4708671,MCF7,
P54760,EPHB4,SP600125,MCF7,
P54760,EPHB4,TAK715,MCF7,
P54760,EPHB4,TBCA,MCF7,
P54760,EPHB4,AT13148,MCF7,
P54760,EPHB4,AZ20,MCF7,
P54760,EPHB4,AZD6738,MCF7,
P54760,EPHB4,Bosutinib,MCF7,
P54760,EPHB4,Dabrafenib,MCF7,
P54760,EPHB4,Dasatinib,MCF7,
P54760,EPHB4,DNAPK,MCF7,
P54760,EPHB4,H89,MCF7,
P54760,EPHB4,KD025,MCF7,
P54760,EPHB4,NU7441,MCF7,
P54760,EPHB4,Ripasudil,MCF7,
P54760,EPHB4,Vemurafenib,MCF7,
P54760,EPHB4,CX4945,MCF7,
P54760,EPHB4,GO6983,MCF7,
P54760,EPHB4,KN93,MCF7,
P54760,EPHB4,MK2206,MCF7,
P21860,ERBB3,AZD6482,MCF7,-1.4734513084344227
P21860,ERBB3,CAL101,MCF7,0.04538511442777638
P21860,ERBB3,GDC0941,MCF7,-0.15834059868274053
P21860,ERBB3,HS173,MCF7,-0.8318123247804653
P21860,ERBB3,PIK294,MCF7,-0.3929978721932235
P21860,ERBB3,TGX221,MCF7,-0.25395151580772696
P21860,ERBB3,AZD5438,MCF7,4.074943748919627
P21860,ERBB3,FRAX486,MCF7,0.36195123104844656
P21860,ERBB3,Ku0063794,MCF7,5.036392788725706
P21860,ERBB3,PD153035,MCF7,1.0864250440480718
P21860,ERBB3,PF3758309,MCF7,-1.275555471982253
P21860,ERBB3,Torin,MCF7,4.424620071151066
P21860,ERBB3,Trametinib,MCF7,1.2594694701185543
P21860,ERBB3,AZD1480,MCF7,-2.632587387273057
P21860,ERBB3,AZD5363,MCF7,1.2245076687972996
P21860,ERBB3,BX912,MCF7,-1.4953418520719353
P21860,ERBB3,CHIR99021,MCF7,-3.0606307353494486
P21860,ERBB3,GSK2334470,MCF7,-1.5703549303073512
P21860,ERBB3,Ipatasertib,MCF7,2.5060311403029267
P21860,ERBB3,LY2090314,MCF7,-2.495105233335559
P21860,ERBB3,Tofacitinib,MCF7,0.576903618577999
P21860,ERBB3,AZD8055,MCF7,3.8821322071707614
P21860,ERBB3,GDC0994,MCF7,0.3546256875658683
P21860,ERBB3,JNK,MCF7,-0.5686523865365279
P21860,ERBB3,LY2584702,MCF7,1.2265188928061688
P21860,ERBB3,PH797804,MCF7,-0.33050425811169515
P21860,ERBB3,Selumetinib,MCF7,2.3364423170098716
P21860,ERBB3,U73122,MCF7,0.99976857749162
P21860,ERBB3,Ulixertinib,MCF7,-0.6343818834492488
P21860,ERBB3,Amuvatinib,MCF7,0.1548574874648328
P21860,ERBB3,AZD3759,MCF7,1.5773312310282337
P21860,ERBB3,GSK690693,MCF7,2.0290904588414387
P21860,ERBB3,JNJ,MCF7,0.9196139410994917
P21860,ERBB3,KN62,MCF7,-0.4629227131455059
P21860,ERBB3,Linsitinib,MCF7,1.9734339198995443
P21860,ERBB3,LY2835219,MCF7,0.8134903836996561
P21860,ERBB3,Ribociclib,MCF7,1.2710364224906379
P21860,ERBB3,AC220,MCF7,3.031457706067386
P21860,ERBB3,Edelfosine,MCF7,1.3605600742818513
P21860,ERBB3,GF109203X,MCF7,0.5133856152026145
P21860,ERBB3,Go6976,MCF7,2.339203346345498
P21860,ERBB3,PF4708671,MCF7,2.3582032189573217
P21860,ERBB3,SP600125,MCF7,2.022021541208473
P21860,ERBB3,TAK715,MCF7,1.7195810737789294
P21860,ERBB3,TBCA,MCF7,3.520146123631237
P21860,ERBB3,AT13148,MCF7,-0.6606722297839026
P21860,ERBB3,AZ20,MCF7,-1.1128855940532392
P21860,ERBB3,AZD6738,MCF7,-1.1279987289211115
P21860,ERBB3,Bosutinib,MCF7,-0.7324590408814318
P21860,ERBB3,Dabrafenib,MCF7,-1.2886522743162583
P21860,ERBB3,Dasatinib,MCF7,-0.41989841647739756
P21860,ERBB3,DNAPK,MCF7,-0.3689348709318217
P21860,ERBB3,H89,MCF7,-1.3989774334489093
P21860,ERBB3,KD025,MCF7,-1.2372696711438664
P21860,ERBB3,NU7441,MCF7,-1.0710619690642202
P21860,ERBB3,Ripasudil,MCF7,0.1360630036450748
P21860,ERBB3,Vemurafenib,MCF7,-1.6931568720763854
P21860,ERBB3,CX4945,MCF7,-0.15348240341355832
P21860,ERBB3,GO6983,MCF7,-1.0758152034103035
P21860,ERBB3,KN93,MCF7,-0.4262148356007599
P21860,ERBB3,MK2206,MCF7,2.078911606957564
Q13263,TRIM28,AZD6482,MCF7,-0.31776866529005565
Q13263,TRIM28,CAL101,MCF7,-0.1614953099963375
Q13263,TRIM28,GDC0941,MCF7,-0.9592134113961256
Q13263,TRIM28,HS173,MCF7,-0.4524809570606337
Q13263,TRIM28,PIK294,MCF7,0.011131876221851975
Q13263,TRIM28,TGX221,MCF7,-0.040916788714131326
Q13263,TRIM28,AZD5438,MCF7,0.15389577764164666
Q13263,TRIM28,FRAX486,MCF7,-0.29976274839933725
Q13263,TRIM28,Ku0063794,MCF7,-0.7361031265153235
Q13263,TRIM28,PD153035,MCF7,-0.1275706393162926
Q13263,TRIM28,PF3758309,MCF7,-4.342384606728756
Q13263,TRIM28,Torin,MCF7,-0.5063443314252316
Q13263,TRIM28,Trametinib,MCF7,0.020712295489253622
Q13263,TRIM28,AZD1480,MCF7,-0.24633613937642215
Q13263,TRIM28,AZD5363,MCF7,-0.6694369160455983
Q13263,TRIM28,BX912,MCF7,-1.4019410806995785
Q13263,TRIM28,CHIR99021,MCF7,-1.0636268369289343
Q13263,TRIM28,GSK2334470,MCF7,0.14800133442474786
Q13263,TRIM28,Ipatasertib,MCF7,0.05893935800256415
Q13263,TRIM28,LY2090314,MCF7,-0.9928145630970859
Q13263,TRIM28,Tofacitinib,MCF7,-0.3496158248169442
Q13263,TRIM28,AZD8055,MCF7,-0.9011154200307571
Q13263,TRIM28,GDC0994,MCF7,0.39632659222873856
Q13263,TRIM28,JNK,MCF7,0.3012760691026496
Q13263,TRIM28,LY2584702,MCF7,-0.0035764616814113943
Q13263,TRIM28,PH797804,MCF7,0.01825687863346961
Q13263,TRIM28,Selumetinib,MCF7,-0.15904523166165557
Q13263,TRIM28,U73122,MCF7,-0.01949927674558882
Q13263,TRIM28,Ulixertinib,MCF7,-0.10215241320403153
Q13263,TRIM28,Amuvatinib,MCF7,0.5106638631807225
Q13263,TRIM28,AZD3759,MCF7,-0.5395647893314868
Q13263,TRIM28,GSK690693,MCF7,-0.7942584879760215
Q13263,TRIM28,JNJ,MCF7,-0.09432725797760165
Q13263,TRIM28,KN62,MCF7,-0.40948611026069365
Q13263,TRIM28,Linsitinib,MCF7,-0.509433258462197
Q13263,TRIM28,LY2835219,MCF7,0.0018776759791004117
Q13263,TRIM28,Ribociclib,MCF7,0.9574906119969292
Q13263,TRIM28,AC220,MCF7,0.7198984458146859
Q13263,TRIM28,Edelfosine,MCF7,0.032024171082004664
Q13263,TRIM28,GF109203X,MCF7,0.1439737590854639
Q13263,TRIM28,Go6976,MCF7,0.06299920203902906
Q13263,TRIM28,PF4708671,MCF7,0.2770720176524542
Q13263,TRIM28,SP600125,MCF7,-0.020584004395833428
Q13263,TRIM28,TAK715,MCF7,0.33310944983382623
Q13263,TRIM28,TBCA,MCF7,0.007581466378821115
Q13263,TRIM28,AT13148,MCF7,-0.7257878512750525
Q13263,TRIM28,AZ20,MCF7,-1.0543755608049132
Q13263,TRIM28,AZD6738,MCF7,-1.040528308785134
Q13263,TRIM28,Bosutinib,MCF7,-0.072043545087854
Q13263,TRIM28,Dabrafenib,MCF7,0.08784600414027843
Q13263,TRIM28,Dasatinib,MCF7,-0.13025994405091193
Q13263,TRIM28,DNAPK,MCF7,-0.692462198791454
Q13263,TRIM28,H89,MCF7,-0.3614730951453327
Q13263,TRIM28,KD025,MCF7,-0.4085943753289794
Q13263,TRIM28,NU7441,MCF7,-0.5454735534101994
Q13263,TRIM28,Ripasudil,MCF7,-0.19431728152848687
Q13263,TRIM28,Vemurafenib,MCF7,-0.24808509298943562
Q13263,TRIM28,CX4945,MCF7,-0.19853778872951872
Q13263,TRIM28,GO6983,MCF7,0.2485765620091799
Q13263,TRIM28,KN93,MCF7,0.46606337369348333
Q13263,TRIM28,MK2206,MCF7,-0.3579596976080746
Q9H792,PEAK1,AZD6482,MCF7,
Q9H792,PEAK1,CAL101,MCF7,
Q9H792,PEAK1,GDC0941,MCF7,
Q9H792,PEAK1,HS173,MCF7,
Q9H792,PEAK1,PIK294,MCF7,
Q9H792,PEAK1,TGX221,MCF7,
Q9H792,PEAK1,AZD5438,MCF7,
Q9H792,PEAK1,FRAX486,MCF7,
Q9H792,PEAK1,Ku0063794,MCF7,
Q9H792,PEAK1,PD153035,MCF7,
Q9H792,PEAK1,PF3758309,MCF7,
Q9H792,PEAK1,Torin,MCF7,
Q9H792,PEAK1,Trametinib,MCF7,
Q9H792,PEAK1,AZD1480,MCF7,
Q9H792,PEAK1,AZD5363,MCF7,
Q9H792,PEAK1,BX912,MCF7,
Q9H792,PEAK1,CHIR99021,MCF7,
Q9H792,PEAK1,GSK2334470,MCF7,
Q9H792,PEAK1,Ipatasertib,MCF7,
Q9H792,PEAK1,LY2090314,MCF7,
Q9H792,PEAK1,Tofacitinib,MCF7,
Q9H792,PEAK1,AZD8055,MCF7,
Q9H792,PEAK1,GDC0994,MCF7,
Q9H792,PEAK1,JNK,MCF7,
Q9H792,PEAK1,LY2584702,MCF7,
Q9H792,PEAK1,PH797804,MCF7,
Q9H792,PEAK1,Selumetinib,MCF7,
Q9H792,PEAK1,U73122,MCF7,
Q9H792,PEAK1,Ulixertinib,MCF7,
Q9H792,PEAK1,Amuvatinib,MCF7,
Q9H792,PEAK1,AZD3759,MCF7,
Q9H792,PEAK1,GSK690693,MCF7,
Q9H792,PEAK1,JNJ,MCF7,
Q9H792,PEAK1,KN62,MCF7,
Q9H792,PEAK1,Linsitinib,MCF7,
Q9H792,PEAK1,LY2835219,MCF7,
Q9H792,PEAK1,Ribociclib,MCF7,
Q9H792,PEAK1,AC220,MCF7,
Q9H792,PEAK1,Edelfosine,MCF7,
Q9H792,PEAK1,GF109203X,MCF7,
Q9H792,PEAK1,Go6976,MCF7,
Q9H792,PEAK1,PF4708671,MCF7,
Q9H792,PEAK1,SP600125,MCF7,
Q9H792,PEAK1,TAK715,MCF7,
Q9H792,PEAK1,TBCA,MCF7,
Q9H792,PEAK1,AT13148,MCF7,
Q9H792,PEAK1,AZ20,MCF7,
Q9H792,PEAK1,AZD6738,MCF7,
Q9H792,PEAK1,Bosutinib,MCF7,
Q9H792,PEAK1,Dabrafenib,MCF7,
Q9H792,PEAK1,Dasatinib,MCF7,
Q9H792,PEAK1,DNAPK,MCF7,
Q9H792,PEAK1,H89,MCF7,
Q9H792,PEAK1,KD025,MCF7,
Q9H792,PEAK1,NU7441,MCF7,
Q9H792,PEAK1,Ripasudil,MCF7,
Q9H792,PEAK1,Vemurafenib,MCF7,
Q9H792,PEAK1,CX4945,MCF7,
Q9H792,PEAK1,GO6983,MCF7,
Q9H792,PEAK1,KN93,MCF7,
Q9H792,PEAK1,MK2206,MCF7,
Q01973,ROR1,AZD6482,MCF7,
Q01973,ROR1,CAL101,MCF7,
Q01973,ROR1,GDC0941,MCF7,
Q01973,ROR1,HS173,MCF7,
Q01973,ROR1,PIK294,MCF7,
Q01973,ROR1,TGX221,MCF7,
Q01973,ROR1,AZD5438,MCF7,
Q01973,ROR1,FRAX486,MCF7,
Q01973,ROR1,Ku0063794,MCF7,
Q01973,ROR1,PD153035,MCF7,
Q01973,ROR1,PF3758309,MCF7,
Q01973,ROR1,Torin,MCF7,
Q01973,ROR1,Trametinib,MCF7,
Q01973,ROR1,AZD1480,MCF7,
Q01973,ROR1,AZD5363,MCF7,
Q01973,ROR1,BX912,MCF7,
Q01973,ROR1,CHIR99021,MCF7,
Q01973,ROR1,GSK2334470,MCF7,
Q01973,ROR1,Ipatasertib,MCF7,
Q01973,ROR1,LY2090314,MCF7,
Q01973,ROR1,Tofacitinib,MCF7,
Q01973,ROR1,AZD8055,MCF7,
Q01973,ROR1,GDC0994,MCF7,
Q01973,ROR1,JNK,MCF7,
Q01973,ROR1,LY2584702,MCF7,
Q01973,ROR1,PH797804,MCF7,
Q01973,ROR1,Selumetinib,MCF7,
Q01973,ROR1,U73122,MCF7,
Q01973,ROR1,Ulixertinib,MCF7,
Q01973,ROR1,Amuvatinib,MCF7,
Q01973,ROR1,AZD3759,MCF7,
Q01973,ROR1,GSK690693,MCF7,
Q01973,ROR1,JNJ,MCF7,
Q01973,ROR1,KN62,MCF7,
Q01973,ROR1,Linsitinib,MCF7,
Q01973,ROR1,LY2835219,MCF7,
Q01973,ROR1,Ribociclib,MCF7,
Q01973,ROR1,AC220,MCF7,
Q01973,ROR1,Edelfosine,MCF7,
Q01973,ROR1,GF109203X,MCF7,
Q01973,ROR1,Go6976,MCF7,
Q01973,ROR1,PF4708671,MCF7,
Q01973,ROR1,SP600125,MCF7,
Q01973,ROR1,TAK715,MCF7,
Q01973,ROR1,TBCA,MCF7,
Q01973,ROR1,AT13148,MCF7,
Q01973,ROR1,AZ20,MCF7,
Q01973,ROR1,AZD6738,MCF7,
Q01973,ROR1,Bosutinib,MCF7,
Q01973,ROR1,Dabrafenib,MCF7,
Q01973,ROR1,Dasatinib,MCF7,
Q01973,ROR1,DNAPK,MCF7,
Q01973,ROR1,H89,MCF7,
Q01973,ROR1,KD025,MCF7,
Q01973,ROR1,NU7441,MCF7,
Q01973,ROR1,Ripasudil,MCF7,
Q01973,ROR1,Vemurafenib,MCF7,
Q01973,ROR1,CX4945,MCF7,
Q01973,ROR1,GO6983,MCF7,
Q01973,ROR1,KN93,MCF7,
Q01973,ROR1,MK2206,MCF7,
O60566,BUB1B,AZD6482,MCF7,
O60566,BUB1B,CAL101,MCF7,
O60566,BUB1B,GDC0941,MCF7,
O60566,BUB1B,HS173,MCF7,
O60566,BUB1B,PIK294,MCF7,
O60566,BUB1B,TGX221,MCF7,
O60566,BUB1B,AZD5438,MCF7,
O60566,BUB1B,FRAX486,MCF7,
O60566,BUB1B,Ku0063794,MCF7,
O60566,BUB1B,PD153035,MCF7,
O60566,BUB1B,PF3758309,MCF7,
O60566,BUB1B,Torin,MCF7,
O60566,BUB1B,Trametinib,MCF7,
O60566,BUB1B,AZD1480,MCF7,
O60566,BUB1B,AZD5363,MCF7,
O60566,BUB1B,BX912,MCF7,
O60566,BUB1B,CHIR99021,MCF7,
O60566,BUB1B,GSK2334470,MCF7,
O60566,BUB1B,Ipatasertib,MCF7,
O60566,BUB1B,LY2090314,MCF7,
O60566,BUB1B,Tofacitinib,MCF7,
O60566,BUB1B,AZD8055,MCF7,
O60566,BUB1B,GDC0994,MCF7,
O60566,BUB1B,JNK,MCF7,
O60566,BUB1B,LY2584702,MCF7,
O60566,BUB1B,PH797804,MCF7,
O60566,BUB1B,Selumetinib,MCF7,
O60566,BUB1B,U73122,MCF7,
O60566,BUB1B,Ulixertinib,MCF7,
O60566,BUB1B,Amuvatinib,MCF7,
O60566,BUB1B,AZD3759,MCF7,
O60566,BUB1B,GSK690693,MCF7,
O60566,BUB1B,JNJ,MCF7,
O60566,BUB1B,KN62,MCF7,
O60566,BUB1B,Linsitinib,MCF7,
O60566,BUB1B,LY2835219,MCF7,
O60566,BUB1B,Ribociclib,MCF7,
O60566,BUB1B,AC220,MCF7,
O60566,BUB1B,Edelfosine,MCF7,
O60566,BUB1B,GF109203X,MCF7,
O60566,BUB1B,Go6976,MCF7,
O60566,BUB1B,PF4708671,MCF7,
O60566,BUB1B,SP600125,MCF7,
O60566,BUB1B,TAK715,MCF7,
O60566,BUB1B,TBCA,MCF7,
O60566,BUB1B,AT13148,MCF7,
O60566,BUB1B,AZ20,MCF7,
O60566,BUB1B,AZD6738,MCF7,
O60566,BUB1B,Bosutinib,MCF7,
O60566,BUB1B,Dabrafenib,MCF7,
O60566,BUB1B,Dasatinib,MCF7,
O60566,BUB1B,DNAPK,MCF7,
O60566,BUB1B,H89,MCF7,
O60566,BUB1B,KD025,MCF7,
O60566,BUB1B,NU7441,MCF7,
O60566,BUB1B,Ripasudil,MCF7,
O60566,BUB1B,Vemurafenib,MCF7,
O60566,BUB1B,CX4945,MCF7,
O60566,BUB1B,GO6983,MCF7,
O60566,BUB1B,KN93,MCF7,
O60566,BUB1B,MK2206,MCF7,
Q9UJY1,HSPB8,AZD6482,MCF7,
Q9UJY1,HSPB8,CAL101,MCF7,
Q9UJY1,HSPB8,GDC0941,MCF7,
Q9UJY1,HSPB8,HS173,MCF7,
Q9UJY1,HSPB8,PIK294,MCF7,
Q9UJY1,HSPB8,TGX221,MCF7,
Q9UJY1,HSPB8,AZD5438,MCF7,
Q9UJY1,HSPB8,FRAX486,MCF7,
Q9UJY1,HSPB8,Ku0063794,MCF7,
Q9UJY1,HSPB8,PD153035,MCF7,
Q9UJY1,HSPB8,PF3758309,MCF7,
Q9UJY1,HSPB8,Torin,MCF7,
Q9UJY1,HSPB8,Trametinib,MCF7,
Q9UJY1,HSPB8,AZD1480,MCF7,
Q9UJY1,HSPB8,AZD5363,MCF7,
Q9UJY1,HSPB8,BX912,MCF7,
Q9UJY1,HSPB8,CHIR99021,MCF7,
Q9UJY1,HSPB8,GSK2334470,MCF7,
Q9UJY1,HSPB8,Ipatasertib,MCF7,
Q9UJY1,HSPB8,LY2090314,MCF7,
Q9UJY1,HSPB8,Tofacitinib,MCF7,
Q9UJY1,HSPB8,AZD8055,MCF7,
Q9UJY1,HSPB8,GDC0994,MCF7,
Q9UJY1,HSPB8,JNK,MCF7,
Q9UJY1,HSPB8,LY2584702,MCF7,
Q9UJY1,HSPB8,PH797804,MCF7,
Q9UJY1,HSPB8,Selumetinib,MCF7,
Q9UJY1,HSPB8,U73122,MCF7,
Q9UJY1,HSPB8,Ulixertinib,MCF7,
Q9UJY1,HSPB8,Amuvatinib,MCF7,
Q9UJY1,HSPB8,AZD3759,MCF7,
Q9UJY1,HSPB8,GSK690693,MCF7,
Q9UJY1,HSPB8,JNJ,MCF7,
Q9UJY1,HSPB8,KN62,MCF7,
Q9UJY1,HSPB8,Linsitinib,MCF7,
Q9UJY1,HSPB8,LY2835219,MCF7,
Q9UJY1,HSPB8,Ribociclib,MCF7,
Q9UJY1,HSPB8,AC220,MCF7,
Q9UJY1,HSPB8,Edelfosine,MCF7,
Q9UJY1,HSPB8,GF109203X,MCF7,
Q9UJY1,HSPB8,Go6976,MCF7,
Q9UJY1,HSPB8,PF4708671,MCF7,
Q9UJY1,HSPB8,SP600125,MCF7,
Q9UJY1,HSPB8,TAK715,MCF7,
Q9UJY1,HSPB8,TBCA,MCF7,
Q9UJY1,HSPB8,AT13148,MCF7,
Q9UJY1,HSPB8,AZ20,MCF7,
Q9UJY1,HSPB8,AZD6738,MCF7,
Q9UJY1,HSPB8,Bosutinib,MCF7,
Q9UJY1,HSPB8,Dabrafenib,MCF7,
Q9UJY1,HSPB8,Dasatinib,MCF7,
Q9UJY1,HSPB8,DNAPK,MCF7,
Q9UJY1,HSPB8,H89,MCF7,
Q9UJY1,HSPB8,KD025,MCF7,
Q9UJY1,HSPB8,NU7441,MCF7,
Q9UJY1,HSPB8,Ripasudil,MCF7,
Q9UJY1,HSPB8,Vemurafenib,MCF7,
Q9UJY1,HSPB8,CX4945,MCF7,
Q9UJY1,HSPB8,GO6983,MCF7,
Q9UJY1,HSPB8,KN93,MCF7,
Q9UJY1,HSPB8,MK2206,MCF7,
Q01974,ROR2,AZD6482,MCF7,
Q01974,ROR2,CAL101,MCF7,
Q01974,ROR2,GDC0941,MCF7,
Q01974,ROR2,HS173,MCF7,
Q01974,ROR2,PIK294,MCF7,
Q01974,ROR2,TGX221,MCF7,
Q01974,ROR2,AZD5438,MCF7,
Q01974,ROR2,FRAX486,MCF7,
Q01974,ROR2,Ku0063794,MCF7,
Q01974,ROR2,PD153035,MCF7,
Q01974,ROR2,PF3758309,MCF7,
Q01974,ROR2,Torin,MCF7,
Q01974,ROR2,Trametinib,MCF7,
Q01974,ROR2,AZD1480,MCF7,
Q01974,ROR2,AZD5363,MCF7,
Q01974,ROR2,BX912,MCF7,
Q01974,ROR2,CHIR99021,MCF7,
Q01974,ROR2,GSK2334470,MCF7,
Q01974,ROR2,Ipatasertib,MCF7,
Q01974,ROR2,LY2090314,MCF7,
Q01974,ROR2,Tofacitinib,MCF7,
Q01974,ROR2,AZD8055,MCF7,
Q01974,ROR2,GDC0994,MCF7,
Q01974,ROR2,JNK,MCF7,
Q01974,ROR2,LY2584702,MCF7,
Q01974,ROR2,PH797804,MCF7,
Q01974,ROR2,Selumetinib,MCF7,
Q01974,ROR2,U73122,MCF7,
Q01974,ROR2,Ulixertinib,MCF7,
Q01974,ROR2,Amuvatinib,MCF7,
Q01974,ROR2,AZD3759,MCF7,
Q01974,ROR2,GSK690693,MCF7,
Q01974,ROR2,JNJ,MCF7,
Q01974,ROR2,KN62,MCF7,
Q01974,ROR2,Linsitinib,MCF7,
Q01974,ROR2,LY2835219,MCF7,
Q01974,ROR2,Ribociclib,MCF7,
Q01974,ROR2,AC220,MCF7,
Q01974,ROR2,Edelfosine,MCF7,
Q01974,ROR2,GF109203X,MCF7,
Q01974,ROR2,Go6976,MCF7,
Q01974,ROR2,PF4708671,MCF7,
Q01974,ROR2,SP600125,MCF7,
Q01974,ROR2,TAK715,MCF7,
Q01974,ROR2,TBCA,MCF7,
Q01974,ROR2,AT13148,MCF7,
Q01974,ROR2,AZ20,MCF7,
Q01974,ROR2,AZD6738,MCF7,
Q01974,ROR2,Bosutinib,MCF7,
Q01974,ROR2,Dabrafenib,MCF7,
Q01974,ROR2,Dasatinib,MCF7,
Q01974,ROR2,DNAPK,MCF7,
Q01974,ROR2,H89,MCF7,
Q01974,ROR2,KD025,MCF7,
Q01974,ROR2,NU7441,MCF7,
Q01974,ROR2,Ripasudil,MCF7,
Q01974,ROR2,Vemurafenib,MCF7,
Q01974,ROR2,CX4945,MCF7,
Q01974,ROR2,GO6983,MCF7,
Q01974,ROR2,KN93,MCF7,
Q01974,ROR2,MK2206,MCF7,
Q9BVS4,RIOK2,AZD6482,MCF7,
Q9BVS4,RIOK2,CAL101,MCF7,
Q9BVS4,RIOK2,GDC0941,MCF7,
Q9BVS4,RIOK2,HS173,MCF7,
Q9BVS4,RIOK2,PIK294,MCF7,
Q9BVS4,RIOK2,TGX221,MCF7,
Q9BVS4,RIOK2,AZD5438,MCF7,
Q9BVS4,RIOK2,FRAX486,MCF7,
Q9BVS4,RIOK2,Ku0063794,MCF7,
Q9BVS4,RIOK2,PD153035,MCF7,
Q9BVS4,RIOK2,PF3758309,MCF7,
Q9BVS4,RIOK2,Torin,MCF7,
Q9BVS4,RIOK2,Trametinib,MCF7,
Q9BVS4,RIOK2,AZD1480,MCF7,
Q9BVS4,RIOK2,AZD5363,MCF7,
Q9BVS4,RIOK2,BX912,MCF7,
Q9BVS4,RIOK2,CHIR99021,MCF7,
Q9BVS4,RIOK2,GSK2334470,MCF7,
Q9BVS4,RIOK2,Ipatasertib,MCF7,
Q9BVS4,RIOK2,LY2090314,MCF7,
Q9BVS4,RIOK2,Tofacitinib,MCF7,
Q9BVS4,RIOK2,AZD8055,MCF7,
Q9BVS4,RIOK2,GDC0994,MCF7,
Q9BVS4,RIOK2,JNK,MCF7,
Q9BVS4,RIOK2,LY2584702,MCF7,
Q9BVS4,RIOK2,PH797804,MCF7,
Q9BVS4,RIOK2,Selumetinib,MCF7,
Q9BVS4,RIOK2,U73122,MCF7,
Q9BVS4,RIOK2,Ulixertinib,MCF7,
Q9BVS4,RIOK2,Amuvatinib,MCF7,
Q9BVS4,RIOK2,AZD3759,MCF7,
Q9BVS4,RIOK2,GSK690693,MCF7,
Q9BVS4,RIOK2,JNJ,MCF7,
Q9BVS4,RIOK2,KN62,MCF7,
Q9BVS4,RIOK2,Linsitinib,MCF7,
Q9BVS4,RIOK2,LY2835219,MCF7,
Q9BVS4,RIOK2,Ribociclib,MCF7,
Q9BVS4,RIOK2,AC220,MCF7,
Q9BVS4,RIOK2,Edelfosine,MCF7,
Q9BVS4,RIOK2,GF109203X,MCF7,
Q9BVS4,RIOK2,Go6976,MCF7,
Q9BVS4,RIOK2,PF4708671,MCF7,
Q9BVS4,RIOK2,SP600125,MCF7,
Q9BVS4,RIOK2,TAK715,MCF7,
Q9BVS4,RIOK2,TBCA,MCF7,
Q9BVS4,RIOK2,AT13148,MCF7,
Q9BVS4,RIOK2,AZ20,MCF7,
Q9BVS4,RIOK2,AZD6738,MCF7,
Q9BVS4,RIOK2,Bosutinib,MCF7,
Q9BVS4,RIOK2,Dabrafenib,MCF7,
Q9BVS4,RIOK2,Dasatinib,MCF7,
Q9BVS4,RIOK2,DNAPK,MCF7,
Q9BVS4,RIOK2,H89,MCF7,
Q9BVS4,RIOK2,KD025,MCF7,
Q9BVS4,RIOK2,NU7441,MCF7,
Q9BVS4,RIOK2,Ripasudil,MCF7,
Q9BVS4,RIOK2,Vemurafenib,MCF7,
Q9BVS4,RIOK2,CX4945,MCF7,
Q9BVS4,RIOK2,GO6983,MCF7,
Q9BVS4,RIOK2,KN93,MCF7,
Q9BVS4,RIOK2,MK2206,MCF7,
O75962,TRIO,AZD6482,MCF7,
O75962,TRIO,CAL101,MCF7,
O75962,TRIO,GDC0941,MCF7,
O75962,TRIO,HS173,MCF7,
O75962,TRIO,PIK294,MCF7,
O75962,TRIO,TGX221,MCF7,
O75962,TRIO,AZD5438,MCF7,
O75962,TRIO,FRAX486,MCF7,
O75962,TRIO,Ku0063794,MCF7,
O75962,TRIO,PD153035,MCF7,
O75962,TRIO,PF3758309,MCF7,
O75962,TRIO,Torin,MCF7,
O75962,TRIO,Trametinib,MCF7,
O75962,TRIO,AZD1480,MCF7,
O75962,TRIO,AZD5363,MCF7,
O75962,TRIO,BX912,MCF7,
O75962,TRIO,CHIR99021,MCF7,
O75962,TRIO,GSK2334470,MCF7,
O75962,TRIO,Ipatasertib,MCF7,
O75962,TRIO,LY2090314,MCF7,
O75962,TRIO,Tofacitinib,MCF7,
O75962,TRIO,AZD8055,MCF7,
O75962,TRIO,GDC0994,MCF7,
O75962,TRIO,JNK,MCF7,
O75962,TRIO,LY2584702,MCF7,
O75962,TRIO,PH797804,MCF7,
O75962,TRIO,Selumetinib,MCF7,
O75962,TRIO,U73122,MCF7,
O75962,TRIO,Ulixertinib,MCF7,
O75962,TRIO,Amuvatinib,MCF7,
O75962,TRIO,AZD3759,MCF7,
O75962,TRIO,GSK690693,MCF7,
O75962,TRIO,JNJ,MCF7,
O75962,TRIO,KN62,MCF7,
O75962,TRIO,Linsitinib,MCF7,
O75962,TRIO,LY2835219,MCF7,
O75962,TRIO,Ribociclib,MCF7,
O75962,TRIO,AC220,MCF7,
O75962,TRIO,Edelfosine,MCF7,
O75962,TRIO,GF109203X,MCF7,
O75962,TRIO,Go6976,MCF7,
O75962,TRIO,PF4708671,MCF7,
O75962,TRIO,SP600125,MCF7,
O75962,TRIO,TAK715,MCF7,
O75962,TRIO,TBCA,MCF7,
O75962,TRIO,AT13148,MCF7,
O75962,TRIO,AZ20,MCF7,
O75962,TRIO,AZD6738,MCF7,
O75962,TRIO,Bosutinib,MCF7,
O75962,TRIO,Dabrafenib,MCF7,
O75962,TRIO,Dasatinib,MCF7,
O75962,TRIO,DNAPK,MCF7,
O75962,TRIO,H89,MCF7,
O75962,TRIO,KD025,MCF7,
O75962,TRIO,NU7441,MCF7,
O75962,TRIO,Ripasudil,MCF7,
O75962,TRIO,Vemurafenib,MCF7,
O75962,TRIO,CX4945,MCF7,
O75962,TRIO,GO6983,MCF7,
O75962,TRIO,KN93,MCF7,
O75962,TRIO,MK2206,MCF7,
O15164,TRIM24,AZD6482,MCF7,
O15164,TRIM24,CAL101,MCF7,
O15164,TRIM24,GDC0941,MCF7,
O15164,TRIM24,HS173,MCF7,
O15164,TRIM24,PIK294,MCF7,
O15164,TRIM24,TGX221,MCF7,
O15164,TRIM24,AZD5438,MCF7,
O15164,TRIM24,FRAX486,MCF7,
O15164,TRIM24,Ku0063794,MCF7,
O15164,TRIM24,PD153035,MCF7,
O15164,TRIM24,PF3758309,MCF7,
O15164,TRIM24,Torin,MCF7,
O15164,TRIM24,Trametinib,MCF7,
O15164,TRIM24,AZD1480,MCF7,
O15164,TRIM24,AZD5363,MCF7,
O15164,TRIM24,BX912,MCF7,
O15164,TRIM24,CHIR99021,MCF7,
O15164,TRIM24,GSK2334470,MCF7,
O15164,TRIM24,Ipatasertib,MCF7,
O15164,TRIM24,LY2090314,MCF7,
O15164,TRIM24,Tofacitinib,MCF7,
O15164,TRIM24,AZD8055,MCF7,
O15164,TRIM24,GDC0994,MCF7,
O15164,TRIM24,JNK,MCF7,
O15164,TRIM24,LY2584702,MCF7,
O15164,TRIM24,PH797804,MCF7,
O15164,TRIM24,Selumetinib,MCF7,
O15164,TRIM24,U73122,MCF7,
O15164,TRIM24,Ulixertinib,MCF7,
O15164,TRIM24,Amuvatinib,MCF7,
O15164,TRIM24,AZD3759,MCF7,
O15164,TRIM24,GSK690693,MCF7,
O15164,TRIM24,JNJ,MCF7,
O15164,TRIM24,KN62,MCF7,
O15164,TRIM24,Linsitinib,MCF7,
O15164,TRIM24,LY2835219,MCF7,
O15164,TRIM24,Ribociclib,MCF7,
O15164,TRIM24,AC220,MCF7,
O15164,TRIM24,Edelfosine,MCF7,
O15164,TRIM24,GF109203X,MCF7,
O15164,TRIM24,Go6976,MCF7,
O15164,TRIM24,PF4708671,MCF7,
O15164,TRIM24,SP600125,MCF7,
O15164,TRIM24,TAK715,MCF7,
O15164,TRIM24,TBCA,MCF7,
O15164,TRIM24,AT13148,MCF7,
O15164,TRIM24,AZ20,MCF7,
O15164,TRIM24,AZD6738,MCF7,
O15164,TRIM24,Bosutinib,MCF7,
O15164,TRIM24,Dabrafenib,MCF7,
O15164,TRIM24,Dasatinib,MCF7,
O15164,TRIM24,DNAPK,MCF7,
O15164,TRIM24,H89,MCF7,
O15164,TRIM24,KD025,MCF7,
O15164,TRIM24,NU7441,MCF7,
O15164,TRIM24,Ripasudil,MCF7,
O15164,TRIM24,Vemurafenib,MCF7,
O15164,TRIM24,CX4945,MCF7,
O15164,TRIM24,GO6983,MCF7,
O15164,TRIM24,KN93,MCF7,
O15164,TRIM24,MK2206,MCF7,
Q13470,TNK1,AZD6482,MCF7,
Q13470,TNK1,CAL101,MCF7,
Q13470,TNK1,GDC0941,MCF7,
Q13470,TNK1,HS173,MCF7,
Q13470,TNK1,PIK294,MCF7,
Q13470,TNK1,TGX221,MCF7,
Q13470,TNK1,AZD5438,MCF7,
Q13470,TNK1,FRAX486,MCF7,
Q13470,TNK1,Ku0063794,MCF7,
Q13470,TNK1,PD153035,MCF7,
Q13470,TNK1,PF3758309,MCF7,
Q13470,TNK1,Torin,MCF7,
Q13470,TNK1,Trametinib,MCF7,
Q13470,TNK1,AZD1480,MCF7,
Q13470,TNK1,AZD5363,MCF7,
Q13470,TNK1,BX912,MCF7,
Q13470,TNK1,CHIR99021,MCF7,
Q13470,TNK1,GSK2334470,MCF7,
Q13470,TNK1,Ipatasertib,MCF7,
Q13470,TNK1,LY2090314,MCF7,
Q13470,TNK1,Tofacitinib,MCF7,
Q13470,TNK1,AZD8055,MCF7,
Q13470,TNK1,GDC0994,MCF7,
Q13470,TNK1,JNK,MCF7,
Q13470,TNK1,LY2584702,MCF7,
Q13470,TNK1,PH797804,MCF7,
Q13470,TNK1,Selumetinib,MCF7,
Q13470,TNK1,U73122,MCF7,
Q13470,TNK1,Ulixertinib,MCF7,
Q13470,TNK1,Amuvatinib,MCF7,
Q13470,TNK1,AZD3759,MCF7,
Q13470,TNK1,GSK690693,MCF7,
Q13470,TNK1,JNJ,MCF7,
Q13470,TNK1,KN62,MCF7,
Q13470,TNK1,Linsitinib,MCF7,
Q13470,TNK1,LY2835219,MCF7,
Q13470,TNK1,Ribociclib,MCF7,
Q13470,TNK1,AC220,MCF7,
Q13470,TNK1,Edelfosine,MCF7,
Q13470,TNK1,GF109203X,MCF7,
Q13470,TNK1,Go6976,MCF7,
Q13470,TNK1,PF4708671,MCF7,
Q13470,TNK1,SP600125,MCF7,
Q13470,TNK1,TAK715,MCF7,
Q13470,TNK1,TBCA,MCF7,
Q13470,TNK1,AT13148,MCF7,
Q13470,TNK1,AZ20,MCF7,
Q13470,TNK1,AZD6738,MCF7,
Q13470,TNK1,Bosutinib,MCF7,
Q13470,TNK1,Dabrafenib,MCF7,
Q13470,TNK1,Dasatinib,MCF7,
Q13470,TNK1,DNAPK,MCF7,
Q13470,TNK1,H89,MCF7,
Q13470,TNK1,KD025,MCF7,
Q13470,TNK1,NU7441,MCF7,
Q13470,TNK1,Ripasudil,MCF7,
Q13470,TNK1,Vemurafenib,MCF7,
Q13470,TNK1,CX4945,MCF7,
Q13470,TNK1,GO6983,MCF7,
Q13470,TNK1,KN93,MCF7,
Q13470,TNK1,MK2206,MCF7,
Q9UPN9,TRIM33,AZD6482,MCF7,
Q9UPN9,TRIM33,CAL101,MCF7,
Q9UPN9,TRIM33,GDC0941,MCF7,
Q9UPN9,TRIM33,HS173,MCF7,
Q9UPN9,TRIM33,PIK294,MCF7,
Q9UPN9,TRIM33,TGX221,MCF7,
Q9UPN9,TRIM33,AZD5438,MCF7,
Q9UPN9,TRIM33,FRAX486,MCF7,
Q9UPN9,TRIM33,Ku0063794,MCF7,
Q9UPN9,TRIM33,PD153035,MCF7,
Q9UPN9,TRIM33,PF3758309,MCF7,
Q9UPN9,TRIM33,Torin,MCF7,
Q9UPN9,TRIM33,Trametinib,MCF7,
Q9UPN9,TRIM33,AZD1480,MCF7,
Q9UPN9,TRIM33,AZD5363,MCF7,
Q9UPN9,TRIM33,BX912,MCF7,
Q9UPN9,TRIM33,CHIR99021,MCF7,
Q9UPN9,TRIM33,GSK2334470,MCF7,
Q9UPN9,TRIM33,Ipatasertib,MCF7,
Q9UPN9,TRIM33,LY2090314,MCF7,
Q9UPN9,TRIM33,Tofacitinib,MCF7,
Q9UPN9,TRIM33,AZD8055,MCF7,
Q9UPN9,TRIM33,GDC0994,MCF7,
Q9UPN9,TRIM33,JNK,MCF7,
Q9UPN9,TRIM33,LY2584702,MCF7,
Q9UPN9,TRIM33,PH797804,MCF7,
Q9UPN9,TRIM33,Selumetinib,MCF7,
Q9UPN9,TRIM33,U73122,MCF7,
Q9UPN9,TRIM33,Ulixertinib,MCF7,
Q9UPN9,TRIM33,Amuvatinib,MCF7,
Q9UPN9,TRIM33,AZD3759,MCF7,
Q9UPN9,TRIM33,GSK690693,MCF7,
Q9UPN9,TRIM33,JNJ,MCF7,
Q9UPN9,TRIM33,KN62,MCF7,
Q9UPN9,TRIM33,Linsitinib,MCF7,
Q9UPN9,TRIM33,LY2835219,MCF7,
Q9UPN9,TRIM33,Ribociclib,MCF7,
Q9UPN9,TRIM33,AC220,MCF7,
Q9UPN9,TRIM33,Edelfosine,MCF7,
Q9UPN9,TRIM33,GF109203X,MCF7,
Q9UPN9,TRIM33,Go6976,MCF7,
Q9UPN9,TRIM33,PF4708671,MCF7,
Q9UPN9,TRIM33,SP600125,MCF7,
Q9UPN9,TRIM33,TAK715,MCF7,
Q9UPN9,TRIM33,TBCA,MCF7,
Q9UPN9,TRIM33,AT13148,MCF7,
Q9UPN9,TRIM33,AZ20,MCF7,
Q9UPN9,TRIM33,AZD6738,MCF7,
Q9UPN9,TRIM33,Bosutinib,MCF7,
Q9UPN9,TRIM33,Dabrafenib,MCF7,
Q9UPN9,TRIM33,Dasatinib,MCF7,
Q9UPN9,TRIM33,DNAPK,MCF7,
Q9UPN9,TRIM33,H89,MCF7,
Q9UPN9,TRIM33,KD025,MCF7,
Q9UPN9,TRIM33,NU7441,MCF7,
Q9UPN9,TRIM33,Ripasudil,MCF7,
Q9UPN9,TRIM33,Vemurafenib,MCF7,
Q9UPN9,TRIM33,CX4945,MCF7,
Q9UPN9,TRIM33,GO6983,MCF7,
Q9UPN9,TRIM33,KN93,MCF7,
Q9UPN9,TRIM33,MK2206,MCF7,
Q8NCB2,CAMKV,AZD6482,MCF7,
Q8NCB2,CAMKV,CAL101,MCF7,
Q8NCB2,CAMKV,GDC0941,MCF7,
Q8NCB2,CAMKV,HS173,MCF7,
Q8NCB2,CAMKV,PIK294,MCF7,
Q8NCB2,CAMKV,TGX221,MCF7,
Q8NCB2,CAMKV,AZD5438,MCF7,
Q8NCB2,CAMKV,FRAX486,MCF7,
Q8NCB2,CAMKV,Ku0063794,MCF7,
Q8NCB2,CAMKV,PD153035,MCF7,
Q8NCB2,CAMKV,PF3758309,MCF7,
Q8NCB2,CAMKV,Torin,MCF7,
Q8NCB2,CAMKV,Trametinib,MCF7,
Q8NCB2,CAMKV,AZD1480,MCF7,
Q8NCB2,CAMKV,AZD5363,MCF7,
Q8NCB2,CAMKV,BX912,MCF7,
Q8NCB2,CAMKV,CHIR99021,MCF7,
Q8NCB2,CAMKV,GSK2334470,MCF7,
Q8NCB2,CAMKV,Ipatasertib,MCF7,
Q8NCB2,CAMKV,LY2090314,MCF7,
Q8NCB2,CAMKV,Tofacitinib,MCF7,
Q8NCB2,CAMKV,AZD8055,MCF7,
Q8NCB2,CAMKV,GDC0994,MCF7,
Q8NCB2,CAMKV,JNK,MCF7,
Q8NCB2,CAMKV,LY2584702,MCF7,
Q8NCB2,CAMKV,PH797804,MCF7,
Q8NCB2,CAMKV,Selumetinib,MCF7,
Q8NCB2,CAMKV,U73122,MCF7,
Q8NCB2,CAMKV,Ulixertinib,MCF7,
Q8NCB2,CAMKV,Amuvatinib,MCF7,
Q8NCB2,CAMKV,AZD3759,MCF7,
Q8NCB2,CAMKV,GSK690693,MCF7,
Q8NCB2,CAMKV,JNJ,MCF7,
Q8NCB2,CAMKV,KN62,MCF7,
Q8NCB2,CAMKV,Linsitinib,MCF7,
Q8NCB2,CAMKV,LY2835219,MCF7,
Q8NCB2,CAMKV,Ribociclib,MCF7,
Q8NCB2,CAMKV,AC220,MCF7,
Q8NCB2,CAMKV,Edelfosine,MCF7,
Q8NCB2,CAMKV,GF109203X,MCF7,
Q8NCB2,CAMKV,Go6976,MCF7,
Q8NCB2,CAMKV,PF4708671,MCF7,
Q8NCB2,CAMKV,SP600125,MCF7,
Q8NCB2,CAMKV,TAK715,MCF7,
Q8NCB2,CAMKV,TBCA,MCF7,
Q8NCB2,CAMKV,AT13148,MCF7,
Q8NCB2,CAMKV,AZ20,MCF7,
Q8NCB2,CAMKV,AZD6738,MCF7,
Q8NCB2,CAMKV,Bosutinib,MCF7,
Q8NCB2,CAMKV,Dabrafenib,MCF7,
Q8NCB2,CAMKV,Dasatinib,MCF7,
Q8NCB2,CAMKV,DNAPK,MCF7,
Q8NCB2,CAMKV,H89,MCF7,
Q8NCB2,CAMKV,KD025,MCF7,
Q8NCB2,CAMKV,NU7441,MCF7,
Q8NCB2,CAMKV,Ripasudil,MCF7,
Q8NCB2,CAMKV,Vemurafenib,MCF7,
Q8NCB2,CAMKV,CX4945,MCF7,
Q8NCB2,CAMKV,GO6983,MCF7,
Q8NCB2,CAMKV,KN93,MCF7,
Q8NCB2,CAMKV,MK2206,MCF7,
P25440,BRD2,AZD6482,MCF7,
P25440,BRD2,CAL101,MCF7,
P25440,BRD2,GDC0941,MCF7,
P25440,BRD2,HS173,MCF7,
P25440,BRD2,PIK294,MCF7,
P25440,BRD2,TGX221,MCF7,
P25440,BRD2,AZD5438,MCF7,
P25440,BRD2,FRAX486,MCF7,
P25440,BRD2,Ku0063794,MCF7,
P25440,BRD2,PD153035,MCF7,
P25440,BRD2,PF3758309,MCF7,
P25440,BRD2,Torin,MCF7,
P25440,BRD2,Trametinib,MCF7,
P25440,BRD2,AZD1480,MCF7,
P25440,BRD2,AZD5363,MCF7,
P25440,BRD2,BX912,MCF7,
P25440,BRD2,CHIR99021,MCF7,
P25440,BRD2,GSK2334470,MCF7,
P25440,BRD2,Ipatasertib,MCF7,
P25440,BRD2,LY2090314,MCF7,
P25440,BRD2,Tofacitinib,MCF7,
P25440,BRD2,AZD8055,MCF7,
P25440,BRD2,GDC0994,MCF7,
P25440,BRD2,JNK,MCF7,
P25440,BRD2,LY2584702,MCF7,
P25440,BRD2,PH797804,MCF7,
P25440,BRD2,Selumetinib,MCF7,
P25440,BRD2,U73122,MCF7,
P25440,BRD2,Ulixertinib,MCF7,
P25440,BRD2,Amuvatinib,MCF7,
P25440,BRD2,AZD3759,MCF7,
P25440,BRD2,GSK690693,MCF7,
P25440,BRD2,JNJ,MCF7,
P25440,BRD2,KN62,MCF7,
P25440,BRD2,Linsitinib,MCF7,
P25440,BRD2,LY2835219,MCF7,
P25440,BRD2,Ribociclib,MCF7,
P25440,BRD2,AC220,MCF7,
P25440,BRD2,Edelfosine,MCF7,
P25440,BRD2,GF109203X,MCF7,
P25440,BRD2,Go6976,MCF7,
P25440,BRD2,PF4708671,MCF7,
P25440,BRD2,SP600125,MCF7,
P25440,BRD2,TAK715,MCF7,
P25440,BRD2,TBCA,MCF7,
P25440,BRD2,AT13148,MCF7,
P25440,BRD2,AZ20,MCF7,
P25440,BRD2,AZD6738,MCF7,
P25440,BRD2,Bosutinib,MCF7,
P25440,BRD2,Dabrafenib,MCF7,
P25440,BRD2,Dasatinib,MCF7,
P25440,BRD2,DNAPK,MCF7,
P25440,BRD2,H89,MCF7,
P25440,BRD2,KD025,MCF7,
P25440,BRD2,NU7441,MCF7,
P25440,BRD2,Ripasudil,MCF7,
P25440,BRD2,Vemurafenib,MCF7,
P25440,BRD2,CX4945,MCF7,
P25440,BRD2,GO6983,MCF7,
P25440,BRD2,KN93,MCF7,
P25440,BRD2,MK2206,MCF7,
Q15059,BRD3,AZD6482,MCF7,
Q15059,BRD3,CAL101,MCF7,
Q15059,BRD3,GDC0941,MCF7,
Q15059,BRD3,HS173,MCF7,
Q15059,BRD3,PIK294,MCF7,
Q15059,BRD3,TGX221,MCF7,
Q15059,BRD3,AZD5438,MCF7,
Q15059,BRD3,FRAX486,MCF7,
Q15059,BRD3,Ku0063794,MCF7,
Q15059,BRD3,PD153035,MCF7,
Q15059,BRD3,PF3758309,MCF7,
Q15059,BRD3,Torin,MCF7,
Q15059,BRD3,Trametinib,MCF7,
Q15059,BRD3,AZD1480,MCF7,
Q15059,BRD3,AZD5363,MCF7,
Q15059,BRD3,BX912,MCF7,
Q15059,BRD3,CHIR99021,MCF7,
Q15059,BRD3,GSK2334470,MCF7,
Q15059,BRD3,Ipatasertib,MCF7,
Q15059,BRD3,LY2090314,MCF7,
Q15059,BRD3,Tofacitinib,MCF7,
Q15059,BRD3,AZD8055,MCF7,
Q15059,BRD3,GDC0994,MCF7,
Q15059,BRD3,JNK,MCF7,
Q15059,BRD3,LY2584702,MCF7,
Q15059,BRD3,PH797804,MCF7,
Q15059,BRD3,Selumetinib,MCF7,
Q15059,BRD3,U73122,MCF7,
Q15059,BRD3,Ulixertinib,MCF7,
Q15059,BRD3,Amuvatinib,MCF7,
Q15059,BRD3,AZD3759,MCF7,
Q15059,BRD3,GSK690693,MCF7,
Q15059,BRD3,JNJ,MCF7,
Q15059,BRD3,KN62,MCF7,
Q15059,BRD3,Linsitinib,MCF7,
Q15059,BRD3,LY2835219,MCF7,
Q15059,BRD3,Ribociclib,MCF7,
Q15059,BRD3,AC220,MCF7,
Q15059,BRD3,Edelfosine,MCF7,
Q15059,BRD3,GF109203X,MCF7,
Q15059,BRD3,Go6976,MCF7,
Q15059,BRD3,PF4708671,MCF7,
Q15059,BRD3,SP600125,MCF7,
Q15059,BRD3,TAK715,MCF7,
Q15059,BRD3,TBCA,MCF7,
Q15059,BRD3,AT13148,MCF7,
Q15059,BRD3,AZ20,MCF7,
Q15059,BRD3,AZD6738,MCF7,
Q15059,BRD3,Bosutinib,MCF7,
Q15059,BRD3,Dabrafenib,MCF7,
Q15059,BRD3,Dasatinib,MCF7,
Q15059,BRD3,DNAPK,MCF7,
Q15059,BRD3,H89,MCF7,
Q15059,BRD3,KD025,MCF7,
Q15059,BRD3,NU7441,MCF7,
Q15059,BRD3,Ripasudil,MCF7,
Q15059,BRD3,Vemurafenib,MCF7,
Q15059,BRD3,CX4945,MCF7,
Q15059,BRD3,GO6983,MCF7,
Q15059,BRD3,KN93,MCF7,
Q15059,BRD3,MK2206,MCF7,
P34925,RYK,AZD6482,MCF7,
P34925,RYK,CAL101,MCF7,
P34925,RYK,GDC0941,MCF7,
P34925,RYK,HS173,MCF7,
P34925,RYK,PIK294,MCF7,
P34925,RYK,TGX221,MCF7,
P34925,RYK,AZD5438,MCF7,
P34925,RYK,FRAX486,MCF7,
P34925,RYK,Ku0063794,MCF7,
P34925,RYK,PD153035,MCF7,
P34925,RYK,PF3758309,MCF7,
P34925,RYK,Torin,MCF7,
P34925,RYK,Trametinib,MCF7,
P34925,RYK,AZD1480,MCF7,
P34925,RYK,AZD5363,MCF7,
P34925,RYK,BX912,MCF7,
P34925,RYK,CHIR99021,MCF7,
P34925,RYK,GSK2334470,MCF7,
P34925,RYK,Ipatasertib,MCF7,
P34925,RYK,LY2090314,MCF7,
P34925,RYK,Tofacitinib,MCF7,
P34925,RYK,AZD8055,MCF7,
P34925,RYK,GDC0994,MCF7,
P34925,RYK,JNK,MCF7,
P34925,RYK,LY2584702,MCF7,
P34925,RYK,PH797804,MCF7,
P34925,RYK,Selumetinib,MCF7,
P34925,RYK,U73122,MCF7,
P34925,RYK,Ulixertinib,MCF7,
P34925,RYK,Amuvatinib,MCF7,
P34925,RYK,AZD3759,MCF7,
P34925,RYK,GSK690693,MCF7,
P34925,RYK,JNJ,MCF7,
P34925,RYK,KN62,MCF7,
P34925,RYK,Linsitinib,MCF7,
P34925,RYK,LY2835219,MCF7,
P34925,RYK,Ribociclib,MCF7,
P34925,RYK,AC220,MCF7,
P34925,RYK,Edelfosine,MCF7,
P34925,RYK,GF109203X,MCF7,
P34925,RYK,Go6976,MCF7,
P34925,RYK,PF4708671,MCF7,
P34925,RYK,SP600125,MCF7,
P34925,RYK,TAK715,MCF7,
P34925,RYK,TBCA,MCF7,
P34925,RYK,AT13148,MCF7,
P34925,RYK,AZ20,MCF7,
P34925,RYK,AZD6738,MCF7,
P34925,RYK,Bosutinib,MCF7,
P34925,RYK,Dabrafenib,MCF7,
P34925,RYK,Dasatinib,MCF7,
P34925,RYK,DNAPK,MCF7,
P34925,RYK,H89,MCF7,
P34925,RYK,KD025,MCF7,
P34925,RYK,NU7441,MCF7,
P34925,RYK,Ripasudil,MCF7,
P34925,RYK,Vemurafenib,MCF7,
P34925,RYK,CX4945,MCF7,
P34925,RYK,GO6983,MCF7,
P34925,RYK,KN93,MCF7,
P34925,RYK,MK2206,MCF7,
Q5VST9,OBSCN,AZD6482,MCF7,
Q5VST9,OBSCN,CAL101,MCF7,
Q5VST9,OBSCN,GDC0941,MCF7,
Q5VST9,OBSCN,HS173,MCF7,
Q5VST9,OBSCN,PIK294,MCF7,
Q5VST9,OBSCN,TGX221,MCF7,
Q5VST9,OBSCN,AZD5438,MCF7,
Q5VST9,OBSCN,FRAX486,MCF7,
Q5VST9,OBSCN,Ku0063794,MCF7,
Q5VST9,OBSCN,PD153035,MCF7,
Q5VST9,OBSCN,PF3758309,MCF7,
Q5VST9,OBSCN,Torin,MCF7,
Q5VST9,OBSCN,Trametinib,MCF7,
Q5VST9,OBSCN,AZD1480,MCF7,
Q5VST9,OBSCN,AZD5363,MCF7,
Q5VST9,OBSCN,BX912,MCF7,
Q5VST9,OBSCN,CHIR99021,MCF7,
Q5VST9,OBSCN,GSK2334470,MCF7,
Q5VST9,OBSCN,Ipatasertib,MCF7,
Q5VST9,OBSCN,LY2090314,MCF7,
Q5VST9,OBSCN,Tofacitinib,MCF7,
Q5VST9,OBSCN,AZD8055,MCF7,
Q5VST9,OBSCN,GDC0994,MCF7,
Q5VST9,OBSCN,JNK,MCF7,
Q5VST9,OBSCN,LY2584702,MCF7,
Q5VST9,OBSCN,PH797804,MCF7,
Q5VST9,OBSCN,Selumetinib,MCF7,
Q5VST9,OBSCN,U73122,MCF7,
Q5VST9,OBSCN,Ulixertinib,MCF7,
Q5VST9,OBSCN,Amuvatinib,MCF7,
Q5VST9,OBSCN,AZD3759,MCF7,
Q5VST9,OBSCN,GSK690693,MCF7,
Q5VST9,OBSCN,JNJ,MCF7,
Q5VST9,OBSCN,KN62,MCF7,
Q5VST9,OBSCN,Linsitinib,MCF7,
Q5VST9,OBSCN,LY2835219,MCF7,
Q5VST9,OBSCN,Ribociclib,MCF7,
Q5VST9,OBSCN,AC220,MCF7,
Q5VST9,OBSCN,Edelfosine,MCF7,
Q5VST9,OBSCN,GF109203X,MCF7,
Q5VST9,OBSCN,Go6976,MCF7,
Q5VST9,OBSCN,PF4708671,MCF7,
Q5VST9,OBSCN,SP600125,MCF7,
Q5VST9,OBSCN,TAK715,MCF7,
Q5VST9,OBSCN,TBCA,MCF7,
Q5VST9,OBSCN,AT13148,MCF7,
Q5VST9,OBSCN,AZ20,MCF7,
Q5VST9,OBSCN,AZD6738,MCF7,
Q5VST9,OBSCN,Bosutinib,MCF7,
Q5VST9,OBSCN,Dabrafenib,MCF7,
Q5VST9,OBSCN,Dasatinib,MCF7,
Q5VST9,OBSCN,DNAPK,MCF7,
Q5VST9,OBSCN,H89,MCF7,
Q5VST9,OBSCN,KD025,MCF7,
Q5VST9,OBSCN,NU7441,MCF7,
Q5VST9,OBSCN,Ripasudil,MCF7,
Q5VST9,OBSCN,Vemurafenib,MCF7,
Q5VST9,OBSCN,CX4945,MCF7,
Q5VST9,OBSCN,GO6983,MCF7,
Q5VST9,OBSCN,KN93,MCF7,
Q5VST9,OBSCN,MK2206,MCF7,
Q96S38,RPS6KC1,AZD6482,MCF7,
Q96S38,RPS6KC1,CAL101,MCF7,
Q96S38,RPS6KC1,GDC0941,MCF7,
Q96S38,RPS6KC1,HS173,MCF7,
Q96S38,RPS6KC1,PIK294,MCF7,
Q96S38,RPS6KC1,TGX221,MCF7,
Q96S38,RPS6KC1,AZD5438,MCF7,
Q96S38,RPS6KC1,FRAX486,MCF7,
Q96S38,RPS6KC1,Ku0063794,MCF7,
Q96S38,RPS6KC1,PD153035,MCF7,
Q96S38,RPS6KC1,PF3758309,MCF7,
Q96S38,RPS6KC1,Torin,MCF7,
Q96S38,RPS6KC1,Trametinib,MCF7,
Q96S38,RPS6KC1,AZD1480,MCF7,
Q96S38,RPS6KC1,AZD5363,MCF7,
Q96S38,RPS6KC1,BX912,MCF7,
Q96S38,RPS6KC1,CHIR99021,MCF7,
Q96S38,RPS6KC1,GSK2334470,MCF7,
Q96S38,RPS6KC1,Ipatasertib,MCF7,
Q96S38,RPS6KC1,LY2090314,MCF7,
Q96S38,RPS6KC1,Tofacitinib,MCF7,
Q96S38,RPS6KC1,AZD8055,MCF7,
Q96S38,RPS6KC1,GDC0994,MCF7,
Q96S38,RPS6KC1,JNK,MCF7,
Q96S38,RPS6KC1,LY2584702,MCF7,
Q96S38,RPS6KC1,PH797804,MCF7,
Q96S38,RPS6KC1,Selumetinib,MCF7,
Q96S38,RPS6KC1,U73122,MCF7,
Q96S38,RPS6KC1,Ulixertinib,MCF7,
Q96S38,RPS6KC1,Amuvatinib,MCF7,
Q96S38,RPS6KC1,AZD3759,MCF7,
Q96S38,RPS6KC1,GSK690693,MCF7,
Q96S38,RPS6KC1,JNJ,MCF7,
Q96S38,RPS6KC1,KN62,MCF7,
Q96S38,RPS6KC1,Linsitinib,MCF7,
Q96S38,RPS6KC1,LY2835219,MCF7,
Q96S38,RPS6KC1,Ribociclib,MCF7,
Q96S38,RPS6KC1,AC220,MCF7,
Q96S38,RPS6KC1,Edelfosine,MCF7,
Q96S38,RPS6KC1,GF109203X,MCF7,
Q96S38,RPS6KC1,Go6976,MCF7,
Q96S38,RPS6KC1,PF4708671,MCF7,
Q96S38,RPS6KC1,SP600125,MCF7,
Q96S38,RPS6KC1,TAK715,MCF7,
Q96S38,RPS6KC1,TBCA,MCF7,
Q96S38,RPS6KC1,AT13148,MCF7,
Q96S38,RPS6KC1,AZ20,MCF7,
Q96S38,RPS6KC1,AZD6738,MCF7,
Q96S38,RPS6KC1,Bosutinib,MCF7,
Q96S38,RPS6KC1,Dabrafenib,MCF7,
Q96S38,RPS6KC1,Dasatinib,MCF7,
Q96S38,RPS6KC1,DNAPK,MCF7,
Q96S38,RPS6KC1,H89,MCF7,
Q96S38,RPS6KC1,KD025,MCF7,
Q96S38,RPS6KC1,NU7441,MCF7,
Q96S38,RPS6KC1,Ripasudil,MCF7,
Q96S38,RPS6KC1,Vemurafenib,MCF7,
Q96S38,RPS6KC1,CX4945,MCF7,
Q96S38,RPS6KC1,GO6983,MCF7,
Q96S38,RPS6KC1,KN93,MCF7,
Q96S38,RPS6KC1,MK2206,MCF7,
P14616,INSRR,AZD6482,MCF7,
P14616,INSRR,CAL101,MCF7,
P14616,INSRR,GDC0941,MCF7,
P14616,INSRR,HS173,MCF7,
P14616,INSRR,PIK294,MCF7,
P14616,INSRR,TGX221,MCF7,
P14616,INSRR,AZD5438,MCF7,
P14616,INSRR,FRAX486,MCF7,
P14616,INSRR,Ku0063794,MCF7,
P14616,INSRR,PD153035,MCF7,
P14616,INSRR,PF3758309,MCF7,
P14616,INSRR,Torin,MCF7,
P14616,INSRR,Trametinib,MCF7,
P14616,INSRR,AZD1480,MCF7,
P14616,INSRR,AZD5363,MCF7,
P14616,INSRR,BX912,MCF7,
P14616,INSRR,CHIR99021,MCF7,
P14616,INSRR,GSK2334470,MCF7,
P14616,INSRR,Ipatasertib,MCF7,
P14616,INSRR,LY2090314,MCF7,
P14616,INSRR,Tofacitinib,MCF7,
P14616,INSRR,AZD8055,MCF7,
P14616,INSRR,GDC0994,MCF7,
P14616,INSRR,JNK,MCF7,
P14616,INSRR,LY2584702,MCF7,
P14616,INSRR,PH797804,MCF7,
P14616,INSRR,Selumetinib,MCF7,
P14616,INSRR,U73122,MCF7,
P14616,INSRR,Ulixertinib,MCF7,
P14616,INSRR,Amuvatinib,MCF7,
P14616,INSRR,AZD3759,MCF7,
P14616,INSRR,GSK690693,MCF7,
P14616,INSRR,JNJ,MCF7,
P14616,INSRR,KN62,MCF7,
P14616,INSRR,Linsitinib,MCF7,
P14616,INSRR,LY2835219,MCF7,
P14616,INSRR,Ribociclib,MCF7,
P14616,INSRR,AC220,MCF7,
P14616,INSRR,Edelfosine,MCF7,
P14616,INSRR,GF109203X,MCF7,
P14616,INSRR,Go6976,MCF7,
P14616,INSRR,PF4708671,MCF7,
P14616,INSRR,SP600125,MCF7,
P14616,INSRR,TAK715,MCF7,
P14616,INSRR,TBCA,MCF7,
P14616,INSRR,AT13148,MCF7,
P14616,INSRR,AZ20,MCF7,
P14616,INSRR,AZD6738,MCF7,
P14616,INSRR,Bosutinib,MCF7,
P14616,INSRR,Dabrafenib,MCF7,
P14616,INSRR,Dasatinib,MCF7,
P14616,INSRR,DNAPK,MCF7,
P14616,INSRR,H89,MCF7,
P14616,INSRR,KD025,MCF7,
P14616,INSRR,NU7441,MCF7,
P14616,INSRR,Ripasudil,MCF7,
P14616,INSRR,Vemurafenib,MCF7,
P14616,INSRR,CX4945,MCF7,
P14616,INSRR,GO6983,MCF7,
P14616,INSRR,KN93,MCF7,
P14616,INSRR,MK2206,MCF7,
Q86UX6,STK32C,AZD6482,MCF7,
Q86UX6,STK32C,CAL101,MCF7,
Q86UX6,STK32C,GDC0941,MCF7,
Q86UX6,STK32C,HS173,MCF7,
Q86UX6,STK32C,PIK294,MCF7,
Q86UX6,STK32C,TGX221,MCF7,
Q86UX6,STK32C,AZD5438,MCF7,
Q86UX6,STK32C,FRAX486,MCF7,
Q86UX6,STK32C,Ku0063794,MCF7,
Q86UX6,STK32C,PD153035,MCF7,
Q86UX6,STK32C,PF3758309,MCF7,
Q86UX6,STK32C,Torin,MCF7,
Q86UX6,STK32C,Trametinib,MCF7,
Q86UX6,STK32C,AZD1480,MCF7,
Q86UX6,STK32C,AZD5363,MCF7,
Q86UX6,STK32C,BX912,MCF7,
Q86UX6,STK32C,CHIR99021,MCF7,
Q86UX6,STK32C,GSK2334470,MCF7,
Q86UX6,STK32C,Ipatasertib,MCF7,
Q86UX6,STK32C,LY2090314,MCF7,
Q86UX6,STK32C,Tofacitinib,MCF7,
Q86UX6,STK32C,AZD8055,MCF7,
Q86UX6,STK32C,GDC0994,MCF7,
Q86UX6,STK32C,JNK,MCF7,
Q86UX6,STK32C,LY2584702,MCF7,
Q86UX6,STK32C,PH797804,MCF7,
Q86UX6,STK32C,Selumetinib,MCF7,
Q86UX6,STK32C,U73122,MCF7,
Q86UX6,STK32C,Ulixertinib,MCF7,
Q86UX6,STK32C,Amuvatinib,MCF7,
Q86UX6,STK32C,AZD3759,MCF7,
Q86UX6,STK32C,GSK690693,MCF7,
Q86UX6,STK32C,JNJ,MCF7,
Q86UX6,STK32C,KN62,MCF7,
Q86UX6,STK32C,Linsitinib,MCF7,
Q86UX6,STK32C,LY2835219,MCF7,
Q86UX6,STK32C,Ribociclib,MCF7,
Q86UX6,STK32C,AC220,MCF7,
Q86UX6,STK32C,Edelfosine,MCF7,
Q86UX6,STK32C,GF109203X,MCF7,
Q86UX6,STK32C,Go6976,MCF7,
Q86UX6,STK32C,PF4708671,MCF7,
Q86UX6,STK32C,SP600125,MCF7,
Q86UX6,STK32C,TAK715,MCF7,
Q86UX6,STK32C,TBCA,MCF7,
Q86UX6,STK32C,AT13148,MCF7,
Q86UX6,STK32C,AZ20,MCF7,
Q86UX6,STK32C,AZD6738,MCF7,
Q86UX6,STK32C,Bosutinib,MCF7,
Q86UX6,STK32C,Dabrafenib,MCF7,
Q86UX6,STK32C,Dasatinib,MCF7,
Q86UX6,STK32C,DNAPK,MCF7,
Q86UX6,STK32C,H89,MCF7,
Q86UX6,STK32C,KD025,MCF7,
Q86UX6,STK32C,NU7441,MCF7,
Q86UX6,STK32C,Ripasudil,MCF7,
Q86UX6,STK32C,Vemurafenib,MCF7,
Q86UX6,STK32C,CX4945,MCF7,
Q86UX6,STK32C,GO6983,MCF7,
Q86UX6,STK32C,KN93,MCF7,
Q86UX6,STK32C,MK2206,MCF7,
Q96L96,ALPK3,AZD6482,MCF7,
Q96L96,ALPK3,CAL101,MCF7,
Q96L96,ALPK3,GDC0941,MCF7,
Q96L96,ALPK3,HS173,MCF7,
Q96L96,ALPK3,PIK294,MCF7,
Q96L96,ALPK3,TGX221,MCF7,
Q96L96,ALPK3,AZD5438,MCF7,
Q96L96,ALPK3,FRAX486,MCF7,
Q96L96,ALPK3,Ku0063794,MCF7,
Q96L96,ALPK3,PD153035,MCF7,
Q96L96,ALPK3,PF3758309,MCF7,
Q96L96,ALPK3,Torin,MCF7,
Q96L96,ALPK3,Trametinib,MCF7,
Q96L96,ALPK3,AZD1480,MCF7,
Q96L96,ALPK3,AZD5363,MCF7,
Q96L96,ALPK3,BX912,MCF7,
Q96L96,ALPK3,CHIR99021,MCF7,
Q96L96,ALPK3,GSK2334470,MCF7,
Q96L96,ALPK3,Ipatasertib,MCF7,
Q96L96,ALPK3,LY2090314,MCF7,
Q96L96,ALPK3,Tofacitinib,MCF7,
Q96L96,ALPK3,AZD8055,MCF7,
Q96L96,ALPK3,GDC0994,MCF7,
Q96L96,ALPK3,JNK,MCF7,
Q96L96,ALPK3,LY2584702,MCF7,
Q96L96,ALPK3,PH797804,MCF7,
Q96L96,ALPK3,Selumetinib,MCF7,
Q96L96,ALPK3,U73122,MCF7,
Q96L96,ALPK3,Ulixertinib,MCF7,
Q96L96,ALPK3,Amuvatinib,MCF7,
Q96L96,ALPK3,AZD3759,MCF7,
Q96L96,ALPK3,GSK690693,MCF7,
Q96L96,ALPK3,JNJ,MCF7,
Q96L96,ALPK3,KN62,MCF7,
Q96L96,ALPK3,Linsitinib,MCF7,
Q96L96,ALPK3,LY2835219,MCF7,
Q96L96,ALPK3,Ribociclib,MCF7,
Q96L96,ALPK3,AC220,MCF7,
Q96L96,ALPK3,Edelfosine,MCF7,
Q96L96,ALPK3,GF109203X,MCF7,
Q96L96,ALPK3,Go6976,MCF7,
Q96L96,ALPK3,PF4708671,MCF7,
Q96L96,ALPK3,SP600125,MCF7,
Q96L96,ALPK3,TAK715,MCF7,
Q96L96,ALPK3,TBCA,MCF7,
Q96L96,ALPK3,AT13148,MCF7,
Q96L96,ALPK3,AZ20,MCF7,
Q96L96,ALPK3,AZD6738,MCF7,
Q96L96,ALPK3,Bosutinib,MCF7,
Q96L96,ALPK3,Dabrafenib,MCF7,
Q96L96,ALPK3,Dasatinib,MCF7,
Q96L96,ALPK3,DNAPK,MCF7,
Q96L96,ALPK3,H89,MCF7,
Q96L96,ALPK3,KD025,MCF7,
Q96L96,ALPK3,NU7441,MCF7,
Q96L96,ALPK3,Ripasudil,MCF7,
Q96L96,ALPK3,Vemurafenib,MCF7,
Q96L96,ALPK3,CX4945,MCF7,
Q96L96,ALPK3,GO6983,MCF7,
Q96L96,ALPK3,KN93,MCF7,
Q96L96,ALPK3,MK2206,MCF7,
